{
"type": "FeatureCollection",
"name": " 400529",
"crs": { "type": "name", "properties": { "name": "urn:ogc:def:crs:EPSG::32722" } },
"xy_coordinate_resolution": 1e-15,
"features": [
{ "type": "Feature", "properties": { "fid": 1.0, "COMPR_M": 11.04, "CLASSE": "01 - Muito curta", "CD_FAZ": " 400529", "TALHOES": "5, 3", "FAZ_tAL": "400028005, 400529003", "ID_LINHA": 18846 }, "geometry": { "type": "MultiLineString", "coordinates": [ [ [ 413212.878690923913382, 7654734.17544455640018 ], [ 413216.059708421642426, 7654744.740014525130391 ] ] ] } },
{ "type": "Feature", "properties": { "fid": 2.0, "COMPR_M": 13.05, "CLASSE": "01 - Muito curta", "CD_FAZ": " 400529", "TALHOES": "5, 3", "FAZ_tAL": "400028005, 400529003", "ID_LINHA": 18847 }, "geometry": { "type": "MultiLineString", "coordinates": [ [ [ 413216.879050106101204, 7654736.845381004735827 ], [ 413220.729471118655056, 7654749.31015744432807 ] ] ] } },
{ "type": "Feature", "properties": { "fid": 3.0, "COMPR_M": 13.6, "CLASSE": "01 - Muito curta", "CD_FAZ": " 400529", "TALHOES": "5, 3", "FAZ_tAL": "400028005, 400529003", "ID_LINHA": 18848 }, "geometry": { "type": "MultiLineString", "coordinates": [ [ [ 413221.153751763806213, 7654740.530471913516521 ], [ 413225.497449673071969, 7654753.414998263120651 ] ] ] } },
{ "type": "Feature", "properties": { "fid": 4.0, "COMPR_M": 12.74, "CLASSE": "01 - Muito curta", "CD_FAZ": " 400529", "TALHOES": "5, 3", "FAZ_tAL": "400028005, 400529003", "ID_LINHA": 18849 }, "geometry": { "type": "MultiLineString", "coordinates": [ [ [ 413225.293886441620998, 7654743.26824539899826 ], [ 413229.320026829838753, 7654755.353416357189417 ] ] ] } },
{ "type": "Feature", "properties": { "fid": 5.0, "COMPR_M": 11.7, "CLASSE": "01 - Muito curta", "CD_FAZ": " 400529", "TALHOES": "5, 3", "FAZ_tAL": "400028005, 400529003", "ID_LINHA": 18850 }, "geometry": { "type": "MultiLineString", "coordinates": [ [ [ 413229.315444075968117, 7654745.982490591704845 ], [ 413233.130524648819119, 7654757.034895203076303 ] ] ] } },
{ "type": "Feature", "properties": { "fid": 6.0, "COMPR_M": 10.52, "CLASSE": "01 - Muito curta", "CD_FAZ": " 400529", "TALHOES": "5, 3", "FAZ_tAL": "400028005, 400529003", "ID_LINHA": 18851 }, "geometry": { "type": "MultiLineString", "coordinates": [ [ [ 413236.876014834037051, 7654758.642930789850652 ], [ 413233.384207565628458, 7654748.720731331035495 ] ] ] } },
{ "type": "Feature", "properties": { "fid": 7.0, "COMPR_M": 9.14, "CLASSE": "01 - Muito curta", "CD_FAZ": " 400529", "TALHOES": "5, 3", "FAZ_tAL": "400028005, 400529003", "ID_LINHA": 18852 }, "geometry": { "type": "MultiLineString", "coordinates": [ [ [ 413240.574465622776188, 7654760.131573657505214 ], [ 413237.498463195632212, 7654751.525540240108967 ] ] ] } },
{ "type": "Feature", "properties": { "fid": 8.0, "COMPR_M": 8.59, "CLASSE": "01 - Muito curta", "CD_FAZ": " 400529", "TALHOES": "5, 3", "FAZ_tAL": "400028005, 400529003", "ID_LINHA": 18853 }, "geometry": { "type": "MultiLineString", "coordinates": [ [ [ 413276.925740037695505, 7654767.939293576404452 ], [ 413279.998455166409258, 7654775.963346515782177 ] ] ] } },
{ "type": "Feature", "properties": { "fid": 9.0, "COMPR_M": 9.21, "CLASSE": "01 - Muito curta", "CD_FAZ": " 400529", "TALHOES": "5, 3", "FAZ_tAL": "400028005, 400529003", "ID_LINHA": 18854 }, "geometry": { "type": "MultiLineString", "coordinates": [ [ [ 413280.450023759913165, 7654769.026046430692077 ], [ 413283.849233334651217, 7654777.579647736623883 ] ] ] } },
{ "type": "Feature", "properties": { "fid": 10.0, "COMPR_M": 9.8, "CLASSE": "01 - Muito curta", "CD_FAZ": " 400529", "TALHOES": "5, 3", "FAZ_tAL": "400028005, 400529003", "ID_LINHA": 18855 }, "geometry": { "type": "MultiLineString", "coordinates": [ [ [ 413284.082758662407286, 7654770.093676164746284 ], [ 413287.700012324843556, 7654779.195949228480458 ] ] ] } },
{ "type": "Feature", "properties": { "fid": 11.0, "COMPR_M": 10.39, "CLASSE": "01 - Muito curta", "CD_FAZ": " 400529", "TALHOES": "5, 3", "FAZ_tAL": "400028005, 400529003", "ID_LINHA": 18856 }, "geometry": { "type": "MultiLineString", "coordinates": [ [ [ 413287.715494090633001, 7654771.16130605340004 ], [ 413291.550792057998478, 7654780.81225105933845 ] ] ] } },
{ "type": "Feature", "properties": { "fid": 12.0, "COMPR_M": 10.98, "CLASSE": "01 - Muito curta", "CD_FAZ": " 400529", "TALHOES": "5, 3", "FAZ_tAL": "400028005, 400529003", "ID_LINHA": 18857 }, "geometry": { "type": "MultiLineString", "coordinates": [ [ [ 413291.316910137422383, 7654772.243706366047263 ], [ 413295.507795423152857, 7654782.393983686342835 ] ] ] } },
{ "type": "Feature", "properties": { "fid": 13.0, "COMPR_M": 11.39, "CLASSE": "01 - Muito curta", "CD_FAZ": " 400529", "TALHOES": "5, 3", "FAZ_tAL": "400028005, 400529003", "ID_LINHA": 18858 }, "geometry": { "type": "MultiLineString", "coordinates": [ [ [ 413294.884080082643777, 7654773.317943478003144 ], [ 413299.348514040582813, 7654783.789433619007468 ] ] ] } },
{ "type": "Feature", "properties": { "fid": 14.0, "COMPR_M": 11.58, "CLASSE": "01 - Muito curta", "CD_FAZ": " 400529", "TALHOES": "5, 3", "FAZ_tAL": "400028005, 400529003", "ID_LINHA": 18859 }, "geometry": { "type": "MultiLineString", "coordinates": [ [ [ 413299.044692916388158, 7654775.01561779435724 ], [ 413303.180804665316828, 7654785.83172801323235 ] ] ] } },
{ "type": "Feature", "properties": { "fid": 15.0, "COMPR_M": 11.78, "CLASSE": "01 - Muito curta", "CD_FAZ": " 400529", "TALHOES": "5, 3", "FAZ_tAL": "400028005, 400529003", "ID_LINHA": 18860 }, "geometry": { "type": "MultiLineString", "coordinates": [ [ [ 413302.665970533620566, 7654775.45937233697623 ], [ 413306.483755529276095, 7654786.596067644655704 ] ] ] } },
{ "type": "Feature", "properties": { "fid": 16.0, "COMPR_M": 12.39, "CLASSE": "01 - Muito curta", "CD_FAZ": " 400529", "TALHOES": "5, 3", "FAZ_tAL": "400028005, 400529003", "ID_LINHA": 18861 }, "geometry": { "type": "MultiLineString", "coordinates": [ [ [ 413305.927496732270811, 7654776.471237037330866 ], [ 413310.359688317519613, 7654788.035249652341008 ] ] ] } },
{ "type": "Feature", "properties": { "fid": 17.0, "COMPR_M": 12.78, "CLASSE": "01 - Muito curta", "CD_FAZ": " 400529", "TALHOES": "5, 3", "FAZ_tAL": "400028005, 400529003", "ID_LINHA": 18862 }, "geometry": { "type": "MultiLineString", "coordinates": [ [ [ 413309.52480114705395, 7654777.55048917979002 ], [ 413313.968479680421297, 7654789.532632192596793 ] ] ] } },
{ "type": "Feature", "properties": { "fid": 18.0, "COMPR_M": 13.41, "CLASSE": "01 - Muito curta", "CD_FAZ": " 400529", "TALHOES": "5, 3", "FAZ_tAL": "400028005, 400529003", "ID_LINHA": 18863 }, "geometry": { "type": "MultiLineString", "coordinates": [ [ [ 413313.161698197072838, 7654778.634996323846281 ], [ 413318.098608667321969, 7654791.099695046432316 ] ] ] } },
{ "type": "Feature", "properties": { "fid": 19.0, "COMPR_M": 13.97, "CLASSE": "01 - Muito curta", "CD_FAZ": " 400529", "TALHOES": "5, 3", "FAZ_tAL": "400028005, 400529003", "ID_LINHA": 18864 }, "geometry": { "type": "MultiLineString", "coordinates": [ [ [ 413316.827794703422114, 7654779.737901010550559 ], [ 413322.109712888719514, 7654792.666357737034559 ] ] ] } },
{ "type": "Feature", "properties": { "fid": 20.0, "COMPR_M": 14.61, "CLASSE": "01 - Muito curta", "CD_FAZ": " 400529", "TALHOES": "5, 3", "FAZ_tAL": "400028005, 400529003", "ID_LINHA": 18865 }, "geometry": { "type": "MultiLineString", "coordinates": [ [ [ 413320.32690099789761, 7654780.81487095169723 ], [ 413326.115646601072513, 7654794.219645473174751 ] ] ] } },
{ "type": "Feature", "properties": { "fid": 21.0, "COMPR_M": 14.66, "CLASSE": "01 - Muito curta", "CD_FAZ": " 400529", "TALHOES": "5, 3", "FAZ_tAL": "400028005, 400529003", "ID_LINHA": 18866 }, "geometry": { "type": "MultiLineString", "coordinates": [ [ [ 413324.141182234627195, 7654781.889412732794881 ], [ 413329.724388061498757, 7654795.441788420081139 ] ] ] } },
{ "type": "Feature", "properties": { "fid": 22.0, "COMPR_M": 15.12, "CLASSE": "01 - Muito curta", "CD_FAZ": " 400529", "TALHOES": "5, 3", "FAZ_tAL": "400028005, 400529003", "ID_LINHA": 18867 }, "geometry": { "type": "MultiLineString", "coordinates": [ [ [ 413327.727852823853027, 7654782.989548280835152 ], [ 413333.707675359619316, 7654796.870956023223698 ] ] ] } },
{ "type": "Feature", "properties": { "fid": 23.0, "COMPR_M": 15.23, "CLASSE": "01 - Muito curta", "CD_FAZ": " 400529", "TALHOES": "5, 3", "FAZ_tAL": "400028005, 400529003", "ID_LINHA": 18868 }, "geometry": { "type": "MultiLineString", "coordinates": [ [ [ 413331.526557397795841, 7654784.088914910331368 ], [ 413337.37362451775698, 7654798.151926061138511 ] ] ] } },
{ "type": "Feature", "properties": { "fid": 24.0, "COMPR_M": 15.54, "CLASSE": "01 - Muito curta", "CD_FAZ": " 400529", "TALHOES": "5, 3", "FAZ_tAL": "400028005, 400529003", "ID_LINHA": 18869 }, "geometry": { "type": "MultiLineString", "coordinates": [ [ [ 413335.194204335333779, 7654785.155391212552786 ], [ 413341.263301498955116, 7654799.459623616188765 ] ] ] } },
{ "type": "Feature", "properties": { "fid": 25.0, "COMPR_M": 15.87, "CLASSE": "01 - Muito curta", "CD_FAZ": " 400529", "TALHOES": "5, 3", "FAZ_tAL": "400028005, 400529003", "ID_LINHA": 18870 }, "geometry": { "type": "MultiLineString", "coordinates": [ [ [ 413338.888089562766254, 7654786.239578437060118 ], [ 413345.212330925627612, 7654800.788355034776032 ] ] ] } },
{ "type": "Feature", "properties": { "fid": 26.0, "COMPR_M": 16.34, "CLASSE": "01 - Muito curta", "CD_FAZ": " 400529", "TALHOES": "5, 3", "FAZ_tAL": "400028005, 400529003", "ID_LINHA": 18871 }, "geometry": { "type": "MultiLineString", "coordinates": [ [ [ 413342.562114912143443, 7654787.378917084075511 ], [ 413349.264524971775245, 7654802.275680812075734 ] ] ] } },
{ "type": "Feature", "properties": { "fid": 27.0, "COMPR_M": 16.4, "CLASSE": "01 - Muito curta", "CD_FAZ": " 400529", "TALHOES": "5, 3", "FAZ_tAL": "400028005, 400529003", "ID_LINHA": 18872 }, "geometry": { "type": "MultiLineString", "coordinates": [ [ [ 413346.465685289760586, 7654788.506711151450872 ], [ 413352.971539498423226, 7654803.558090345002711 ] ] ] } },
{ "type": "Feature", "properties": { "fid": 28.0, "COMPR_M": 16.78, "CLASSE": "01 - Muito curta", "CD_FAZ": " 400529", "TALHOES": "5, 3", "FAZ_tAL": "400028005, 400529003", "ID_LINHA": 18873 }, "geometry": { "type": "MultiLineString", "coordinates": [ [ [ 413350.121345031773672, 7654789.62498761061579 ], [ 413356.927719856379554, 7654804.952862517908216 ] ] ] } },
{ "type": "Feature", "properties": { "fid": 29.0, "COMPR_M": 17.04, "CLASSE": "01 - Muito curta", "CD_FAZ": " 400529", "TALHOES": "5, 3", "FAZ_tAL": "400028005, 400529003", "ID_LINHA": 18874 }, "geometry": { "type": "MultiLineString", "coordinates": [ [ [ 413354.01012431626441, 7654790.750857153907418 ], [ 413360.880814871867187, 7654806.3350815679878 ] ] ] } },
{ "type": "Feature", "properties": { "fid": 30.0, "COMPR_M": 17.52, "CLASSE": "01 - Muito curta", "CD_FAZ": " 400529", "TALHOES": "5, 3", "FAZ_tAL": "400028005, 400529003", "ID_LINHA": 18875 }, "geometry": { "type": "MultiLineString", "coordinates": [ [ [ 413357.504681182035711, 7654791.780357578769326 ], [ 413364.818717755144462, 7654807.694276016205549 ] ] ] } },
{ "type": "Feature", "properties": { "fid": 31.0, "COMPR_M": 17.58, "CLASSE": "01 - Muito curta", "CD_FAZ": " 400529", "TALHOES": "5, 3", "FAZ_tAL": "400028005, 400529003", "ID_LINHA": 18876 }, "geometry": { "type": "MultiLineString", "coordinates": [ [ [ 413361.26000117365038, 7654792.881023351103067 ], [ 413368.398212545143906, 7654808.945776311680675 ] ] ] } },
{ "type": "Feature", "properties": { "fid": 32.0, "COMPR_M": 18.06, "CLASSE": "01 - Muito curta", "CD_FAZ": " 400529", "TALHOES": "5, 3", "FAZ_tAL": "400028005, 400529003", "ID_LINHA": 18877 }, "geometry": { "type": "MultiLineString", "coordinates": [ [ [ 413364.866017381893471, 7654793.914009673520923 ], [ 413372.531549186329357, 7654810.258844492956996 ] ] ] } },
{ "type": "Feature", "properties": { "fid": 33.0, "COMPR_M": 18.55, "CLASSE": "01 - Muito curta", "CD_FAZ": " 400529", "TALHOES": "5, 3", "FAZ_tAL": "400028005, 400529003", "ID_LINHA": 18878 }, "geometry": { "type": "MultiLineString", "coordinates": [ [ [ 413368.460116870002821, 7654794.990010850131512 ], [ 413376.503375532105565, 7654811.700426442548633 ] ] ] } },
{ "type": "Feature", "properties": { "fid": 34.0, "COMPR_M": 18.38, "CLASSE": "01 - Muito curta", "CD_FAZ": " 400529", "TALHOES": "5, 3", "FAZ_tAL": "400028005, 400529003", "ID_LINHA": 18879 }, "geometry": { "type": "MultiLineString", "coordinates": [ [ [ 413372.579361740266904, 7654796.192859122529626 ], [ 413380.024060107651167, 7654812.988545950502157 ] ] ] } },
{ "type": "Feature", "properties": { "fid": 35.0, "COMPR_M": 18.92, "CLASSE": "01 - Muito curta", "CD_FAZ": " 400529", "TALHOES": "5, 3", "FAZ_tAL": "400028005, 400529003", "ID_LINHA": 18880 }, "geometry": { "type": "MultiLineString", "coordinates": [ [ [ 413376.233857162005734, 7654797.282455075532198 ], [ 413384.209524920792319, 7654814.435931142419577 ] ] ] } },
{ "type": "Feature", "properties": { "fid": 36.0, "COMPR_M": 18.92, "CLASSE": "01 - Muito curta", "CD_FAZ": " 400529", "TALHOES": "5, 3", "FAZ_tAL": "400028005, 400529003", "ID_LINHA": 18881 }, "geometry": { "type": "MultiLineString", "coordinates": [ [ [ 413380.083092214888893, 7654798.452714654617012 ], [ 413387.959400197025388, 7654815.642111761495471 ] ] ] } },
{ "type": "Feature", "properties": { "fid": 37.0, "COMPR_M": 19.33, "CLASSE": "01 - Muito curta", "CD_FAZ": " 400529", "TALHOES": "5, 3", "FAZ_tAL": "400028005, 400529003", "ID_LINHA": 18882 }, "geometry": { "type": "MultiLineString", "coordinates": [ [ [ 413383.768774971249513, 7654799.545575777068734 ], [ 413392.03743080975255, 7654817.010230140760541 ] ] ] } },
{ "type": "Feature", "properties": { "fid": 38.0, "COMPR_M": 19.83, "CLASSE": "01 - Muito curta", "CD_FAZ": " 400529", "TALHOES": "5, 3", "FAZ_tAL": "400028005, 400529003", "ID_LINHA": 18883 }, "geometry": { "type": "MultiLineString", "coordinates": [ [ [ 413387.716814792482182, 7654800.691523585468531 ], [ 413396.209998749371152, 7654818.60789236612618 ] ] ] } },
{ "type": "Feature", "properties": { "fid": 39.0, "COMPR_M": 20.32, "CLASSE": "01 - Muito curta", "CD_FAZ": " 400529", "TALHOES": "5, 3", "FAZ_tAL": "400028005, 400529003", "ID_LINHA": 18884 }, "geometry": { "type": "MultiLineString", "coordinates": [ [ [ 413391.525014641927555, 7654801.780129892751575 ], [ 413400.166514501208439, 7654820.161416614428163 ] ] ] } },
{ "type": "Feature", "properties": { "fid": 40.0, "COMPR_M": 21.2, "CLASSE": "01 - Muito curta", "CD_FAZ": " 400529", "TALHOES": "5, 3", "FAZ_tAL": "400028005, 400529003", "ID_LINHA": 18885 }, "geometry": { "type": "MultiLineString", "coordinates": [ [ [ 413395.313655584701337, 7654802.899084726348519 ], [ 413404.463968353229575, 7654822.014335967600346 ] ] ] } },
{ "type": "Feature", "properties": { "fid": 41.0, "COMPR_M": 22.26, "CLASSE": "01 - Muito curta", "CD_FAZ": " 400529", "TALHOES": "5, 3", "FAZ_tAL": "400028005, 400529003", "ID_LINHA": 18886 }, "geometry": { "type": "MultiLineString", "coordinates": [ [ [ 413399.049116086447611, 7654804.012943075969815 ], [ 413408.893272304849233, 7654823.961471512913704 ] ] ] } },
{ "type": "Feature", "properties": { "fid": 42.0, "COMPR_M": 23.49, "CLASSE": "01 - Muito curta", "CD_FAZ": " 400529", "TALHOES": "5, 3", "FAZ_tAL": "400028005, 400529003", "ID_LINHA": 18887 }, "geometry": { "type": "MultiLineString", "coordinates": [ [ [ 413403.077062981552444, 7654805.191256457939744 ], [ 413413.482150766183622, 7654826.235930020920932 ] ] ] } },
{ "type": "Feature", "properties": { "fid": 43.0, "COMPR_M": 24.28, "CLASSE": "01 - Muito curta", "CD_FAZ": " 400529", "TALHOES": "5, 3", "FAZ_tAL": "400028005, 400529003", "ID_LINHA": 18888 }, "geometry": { "type": "MultiLineString", "coordinates": [ [ [ 413406.795428809709847, 7654806.315956858918071 ], [ 413417.721670312981587, 7654827.99422499909997 ] ] ] } },
{ "type": "Feature", "properties": { "fid": 44.0, "COMPR_M": 25.02, "CLASSE": "01 - Muito curta", "CD_FAZ": " 400529", "TALHOES": "5, 3", "FAZ_tAL": "400028005, 400529003", "ID_LINHA": 18889 }, "geometry": { "type": "MultiLineString", "coordinates": [ [ [ 413410.530642074882053, 7654807.458389978855848 ], [ 413421.904143753403332, 7654829.73712454084307 ] ] ] } },
{ "type": "Feature", "properties": { "fid": 45.0, "COMPR_M": 25.27, "CLASSE": "01 - Muito curta", "CD_FAZ": " 400529", "TALHOES": "5, 3", "FAZ_tAL": "400028005, 400529003", "ID_LINHA": 18890 }, "geometry": { "type": "MultiLineString", "coordinates": [ [ [ 413414.933159219683148, 7654809.297278345562518 ], [ 413426.249627598153893, 7654831.87947085313499 ] ] ] } },
{ "type": "Feature", "properties": { "fid": 46.0, "COMPR_M": 25.54, "CLASSE": "01 - Muito curta", "CD_FAZ": " 400529", "TALHOES": "5, 3", "FAZ_tAL": "400028005, 400529003", "ID_LINHA": 18891 }, "geometry": { "type": "MultiLineString", "coordinates": [ [ [ 413418.518510535475798, 7654809.781246894970536 ], [ 413429.947653175971936, 7654832.610551500692964 ] ] ] } },
{ "type": "Feature", "properties": { "fid": 47.0, "COMPR_M": 25.63, "CLASSE": "01 - Muito curta", "CD_FAZ": " 400529", "TALHOES": "5, 3", "FAZ_tAL": "400028005, 400529003", "ID_LINHA": 18892 }, "geometry": { "type": "MultiLineString", "coordinates": [ [ [ 413422.422243363049347, 7654810.923786103725433 ], [ 413433.933216875884682, 7654833.819146872498095 ] ] ] } },
{ "type": "Feature", "properties": { "fid": 48.0, "COMPR_M": 26.08, "CLASSE": "01 - Muito curta", "CD_FAZ": " 400529", "TALHOES": "5, 3", "FAZ_tAL": "400028005, 400529003", "ID_LINHA": 18893 }, "geometry": { "type": "MultiLineString", "coordinates": [ [ [ 413426.21992731874343, 7654812.049155944958329 ], [ 413438.00406850076979, 7654835.306460686959326 ] ] ] } },
{ "type": "Feature", "properties": { "fid": 49.0, "COMPR_M": 26.85, "CLASSE": "01 - Muito curta", "CD_FAZ": " 400529", "TALHOES": "5, 3", "FAZ_tAL": "400028005, 400529003", "ID_LINHA": 18894 }, "geometry": { "type": "MultiLineString", "coordinates": [ [ [ 413430.220176194503438, 7654813.240093443542719 ], [ 413442.297957514878362, 7654837.213491456583142 ] ] ] } },
{ "type": "Feature", "properties": { "fid": 50.0, "COMPR_M": 27.77, "CLASSE": "01 - Muito curta", "CD_FAZ": " 400529", "TALHOES": "5, 3", "FAZ_tAL": "400028005, 400529003", "ID_LINHA": 18895 }, "geometry": { "type": "MultiLineString", "coordinates": [ [ [ 413434.175159618374892, 7654814.388546557165682 ], [ 413446.787627416080795, 7654839.118749564513564 ] ] ] } },
{ "type": "Feature", "properties": { "fid": 51.0, "COMPR_M": 29.72, "CLASSE": "01 - Muito curta", "CD_FAZ": " 400529", "TALHOES": "5, 3", "FAZ_tAL": "400028005, 400529003", "ID_LINHA": 18896 }, "geometry": { "type": "MultiLineString", "coordinates": [ [ [ 413438.192364744725637, 7654815.567195674404502 ], [ 413451.839586827787571, 7654841.952377668581903 ] ] ] } },
{ "type": "Feature", "properties": { "fid": 52.0, "COMPR_M": 31.56, "CLASSE": "01 - Muito curta", "CD_FAZ": " 400529", "TALHOES": "5, 3", "FAZ_tAL": "400028005, 400529003", "ID_LINHA": 18897 }, "geometry": { "type": "MultiLineString", "coordinates": [ [ [ 413442.081096100679133, 7654816.705658040009439 ], [ 413456.666720279608853, 7654844.678276070393622 ] ] ] } },
{ "type": "Feature", "properties": { "fid": 53.0, "COMPR_M": 34.17, "CLASSE": "01 - Muito curta", "CD_FAZ": " 400529", "TALHOES": "5, 3", "FAZ_tAL": "400028005, 400529003", "ID_LINHA": 18898 }, "geometry": { "type": "MultiLineString", "coordinates": [ [ [ 413445.964891164912842, 7654817.881606651470065 ], [ 413462.098932548076846, 7654847.991161676123738 ] ] ] } },
{ "type": "Feature", "properties": { "fid": 54.0, "COMPR_M": 36.69, "CLASSE": "01 - Muito curta", "CD_FAZ": " 400529", "TALHOES": "5, 3", "FAZ_tAL": "400028005, 400529003", "ID_LINHA": 18899 }, "geometry": { "type": "MultiLineString", "coordinates": [ [ [ 413449.886339442571625, 7654819.036406714469194 ], [ 413467.432719271688256, 7654851.240636007860303 ] ] ] } },
{ "type": "Feature", "properties": { "fid": 55.0, "COMPR_M": 38.98, "CLASSE": "01 - Muito curta", "CD_FAZ": " 400529", "TALHOES": "5, 3", "FAZ_tAL": "400028005, 400529003", "ID_LINHA": 18900 }, "geometry": { "type": "MultiLineString", "coordinates": [ [ [ 413453.899928944476414, 7654820.218299018219113 ], [ 413472.609002943325322, 7654854.39202206581831 ] ] ] } },
{ "type": "Feature", "properties": { "fid": 56.0, "COMPR_M": 41.71, "CLASSE": "01 - Muito curta", "CD_FAZ": " 400529", "TALHOES": "5, 3", "FAZ_tAL": "400028005, 400529003", "ID_LINHA": 18901 }, "geometry": { "type": "MultiLineString", "coordinates": [ [ [ 413457.833938969008159, 7654821.373299995437264 ], [ 413477.912839425727725, 7654857.921323116868734 ] ] ] } },
{ "type": "Feature", "properties": { "fid": 57.0, "COMPR_M": 44.48, "CLASSE": "01 - Muito curta", "CD_FAZ": " 400529", "TALHOES": "5, 3", "FAZ_tAL": "400028005, 400529003", "ID_LINHA": 18902 }, "geometry": { "type": "MultiLineString", "coordinates": [ [ [ 413461.865465529146604, 7654822.590474602766335 ], [ 413483.617581444676034, 7654861.369487812742591 ] ] ] } },
{ "type": "Feature", "properties": { "fid": 58.0, "COMPR_M": 47.23, "CLASSE": "01 - Muito curta", "CD_FAZ": " 400529", "TALHOES": "5, 3", "FAZ_tAL": "400028005, 400529003", "ID_LINHA": 18903 }, "geometry": { "type": "MultiLineString", "coordinates": [ [ [ 413465.833724796888418, 7654823.752420013770461 ], [ 413489.067370277422015, 7654864.853745267726481 ] ] ] } },
{ "type": "Feature", "properties": { "fid": 59.0, "COMPR_M": 50.11, "CLASSE": "01 - Muito curta", "CD_FAZ": " 400529", "TALHOES": "5, 3", "FAZ_tAL": "400028005, 400529003", "ID_LINHA": 18904 }, "geometry": { "type": "MultiLineString", "coordinates": [ [ [ 413469.898265875410289, 7654824.952451908029616 ], [ 413494.692186617176048, 7654868.477203393355012 ] ] ] } },
{ "type": "Feature", "properties": { "fid": 60.0, "COMPR_M": 52.21, "CLASSE": "01 - Muito curta", "CD_FAZ": " 400529", "TALHOES": "5, 3", "FAZ_tAL": "400028005, 400529003", "ID_LINHA": 18905 }, "geometry": { "type": "MultiLineString", "coordinates": [ [ [ 413473.949129681161139, 7654826.166675120592117 ], [ 413487.648048160190228, 7654850.819861009716988 ], [ 413499.976537642418407, 7654871.405138861387968 ] ] ] } },
{ "type": "Feature", "properties": { "fid": 61.0, "COMPR_M": 54.29, "CLASSE": "01 - Muito curta", "CD_FAZ": " 400529", "TALHOES": "5, 3", "FAZ_tAL": "400028005, 400529003", "ID_LINHA": 18906 }, "geometry": { "type": "MultiLineString", "coordinates": [ [ [ 413477.988896010443568, 7654827.368777910247445 ], [ 413488.812187901465222, 7654846.812111835926771 ], [ 413505.123741222079843, 7654874.36296122148633 ] ] ] } },
{ "type": "Feature", "properties": { "fid": 62.0, "COMPR_M": 56.52, "CLASSE": "01 - Muito curta", "CD_FAZ": " 400529", "TALHOES": "5, 3", "FAZ_tAL": "400028005, 400529003", "ID_LINHA": 18907 }, "geometry": { "type": "MultiLineString", "coordinates": [ [ [ 413482.155555054487195, 7654828.607318406924605 ], [ 413496.486085903132334, 7654854.05051395855844 ], [ 413510.70435868849745, 7654877.352716835215688 ] ] ] } },
{ "type": "Feature", "properties": { "fid": 63.0, "COMPR_M": 59.1, "CLASSE": "01 - Muito curta", "CD_FAZ": " 400529", "TALHOES": "5, 3", "FAZ_tAL": "400028005, 400529003", "ID_LINHA": 18908 }, "geometry": { "type": "MultiLineString", "coordinates": [ [ [ 413486.284550620242953, 7654829.756537185050547 ], [ 413502.286013641685713, 7654857.779006218537688 ], [ 413516.525627818016801, 7654880.490951426327229 ] ] ] } },
{ "type": "Feature", "properties": { "fid": 64.0, "COMPR_M": 61.24, "CLASSE": "01 - Muito curta", "CD_FAZ": " 400529", "TALHOES": "5, 3", "FAZ_tAL": "400028005, 400529003", "ID_LINHA": 18909 }, "geometry": { "type": "MultiLineString", "coordinates": [ [ [ 413490.266833627480082, 7654830.956169000826776 ], [ 413506.429204340965953, 7654858.846306087449193 ], [ 413521.543197932769544, 7654883.571658484637737 ] ] ] } },
{ "type": "Feature", "properties": { "fid": 65.0, "COMPR_M": 62.46, "CLASSE": "01 - Muito curta", "CD_FAZ": " 400529", "TALHOES": "5, 3", "FAZ_tAL": "400028005, 400529003", "ID_LINHA": 18910 }, "geometry": { "type": "MultiLineString", "coordinates": [ [ [ 413494.327289522509091, 7654832.175012920051813 ], [ 413512.186663165222853, 7654862.538527661934495 ], [ 413526.668252072762698, 7654885.580628789961338 ] ] ] } },
{ "type": "Feature", "properties": { "fid": 66.0, "COMPR_M": 63.75, "CLASSE": "01 - Muito curta", "CD_FAZ": " 400529", "TALHOES": "5, 3", "FAZ_tAL": "400028005, 400529003", "ID_LINHA": 18911 }, "geometry": { "type": "MultiLineString", "coordinates": [ [ [ 413498.485329820716288, 7654833.412942387163639 ], [ 413515.882346001453698, 7654862.819906338118017 ], [ 413531.727576551609673, 7654887.775795245543122 ] ] ] } },
{ "type": "Feature", "properties": { "fid": 67.0, "COMPR_M": 65.18, "CLASSE": "01 - Muito curta", "CD_FAZ": " 400529", "TALHOES": "5, 3", "FAZ_tAL": "400028005, 400529003", "ID_LINHA": 18912 }, "geometry": { "type": "MultiLineString", "coordinates": [ [ [ 413502.650446091894992, 7654834.627921275794506 ], [ 413516.947585234243888, 7654858.908855462446809 ], [ 413536.942468809895217, 7654890.013844560831785 ] ] ] } },
{ "type": "Feature", "properties": { "fid": 68.0, "COMPR_M": 66.49, "CLASSE": "01 - Muito curta", "CD_FAZ": " 400529", "TALHOES": "5, 3", "FAZ_tAL": "400028005, 400529003", "ID_LINHA": 18913 }, "geometry": { "type": "MultiLineString", "coordinates": [ [ [ 413506.77189908339642, 7654835.868290746584535 ], [ 413525.453675210941583, 7654866.864770969375968 ], [ 413541.953399209538475, 7654892.252530906349421 ] ] ] } },
{ "type": "Feature", "properties": { "fid": 69.0, "COMPR_M": 67.78, "CLASSE": "01 - Muito curta", "CD_FAZ": " 400529", "TALHOES": "5, 3", "FAZ_tAL": "400028005, 400529003", "ID_LINHA": 18914 }, "geometry": { "type": "MultiLineString", "coordinates": [ [ [ 413510.954317736788653, 7654837.106526920571923 ], [ 413524.376796531840228, 7654859.541519613936543 ], [ 413547.089687922096346, 7654894.408434215933084 ] ] ] } },
{ "type": "Feature", "properties": { "fid": 70.0, "COMPR_M": 69.27, "CLASSE": "01 - Muito curta", "CD_FAZ": " 400529", "TALHOES": "5, 3", "FAZ_tAL": "400028005, 400529003", "ID_LINHA": 18915 }, "geometry": { "type": "MultiLineString", "coordinates": [ [ [ 413515.185330944950692, 7654838.347348734736443 ], [ 413528.683359794900753, 7654860.754493944346905 ], [ 413552.372064547147602, 7654896.748067442327738 ] ] ] } },
{ "type": "Feature", "properties": { "fid": 71.0, "COMPR_M": 70.67, "CLASSE": "01 - Muito curta", "CD_FAZ": " 400529", "TALHOES": "5, 3", "FAZ_tAL": "400028005, 400529003", "ID_LINHA": 18916 }, "geometry": { "type": "MultiLineString", "coordinates": [ [ [ 413519.392790583777241, 7654839.595196701586246 ], [ 413540.033210232970305, 7654872.894389205612242 ], [ 413557.639662314904854, 7654898.968543780967593 ] ] ] } },
{ "type": "Feature", "properties": { "fid": 72.0, "COMPR_M": 71.37, "CLASSE": "01 - Muito curta", "CD_FAZ": " 400529", "TALHOES": "5, 3", "FAZ_tAL": "400028005, 400529003", "ID_LINHA": 18917 }, "geometry": { "type": "MultiLineString", "coordinates": [ [ [ 413524.078809988568537, 7654841.540355837903917 ], [ 413542.545567500870675, 7654871.293349228799343 ], [ 413562.915592427249067, 7654901.373475110158324 ] ] ] } },
{ "type": "Feature", "properties": { "fid": 73.0, "COMPR_M": 70.92, "CLASSE": "01 - Muito curta", "CD_FAZ": " 400529", "TALHOES": "5, 3", "FAZ_tAL": "400028005, 400529003", "ID_LINHA": 18918 }, "geometry": { "type": "MultiLineString", "coordinates": [ [ [ 413528.197934569616336, 7654842.725347002968192 ], [ 413544.630871757981367, 7654869.032011870294809 ], [ 413566.834069353120867, 7654902.160718685016036 ] ] ] } },
{ "type": "Feature", "properties": { "fid": 74.0, "COMPR_M": 70.12, "CLASSE": "01 - Muito curta", "CD_FAZ": " 400529", "TALHOES": "5, 3", "FAZ_tAL": "400028005, 400529003", "ID_LINHA": 18919 }, "geometry": { "type": "MultiLineString", "coordinates": [ [ [ 413532.400135487085208, 7654844.034732059575617 ], [ 413550.070965449558571, 7654871.931919109076262 ], [ 413570.979611079208553, 7654902.550477955490351 ] ] ] } },
{ "type": "Feature", "properties": { "fid": 75.0, "COMPR_M": 67.18, "CLASSE": "01 - Muito curta", "CD_FAZ": " 400529", "TALHOES": "5, 3", "FAZ_tAL": "400028005, 400529003", "ID_LINHA": 18920 }, "geometry": { "type": "MultiLineString", "coordinates": [ [ [ 413536.766753179545049, 7654845.32050846517086 ], [ 413553.458879754238296, 7654871.456575870513916 ], [ 413573.836395585210994, 7654901.307626972906291 ] ] ] } },
{ "type": "Feature", "properties": { "fid": 76.0, "COMPR_M": 64.01, "CLASSE": "01 - Muito curta", "CD_FAZ": " 400529", "TALHOES": "5, 3", "FAZ_tAL": "400028005, 400529003", "ID_LINHA": 18921 }, "geometry": { "type": "MultiLineString", "coordinates": [ [ [ 413541.050567332480568, 7654846.557917542755604 ], [ 413553.923592304869089, 7654866.828942779451609 ], [ 413576.174568954971619, 7654900.03361938893795 ] ] ] } },
{ "type": "Feature", "properties": { "fid": 77.0, "COMPR_M": 65.34, "CLASSE": "01 - Muito curta", "CD_FAZ": " 400529", "TALHOES": "5, 3", "FAZ_tAL": "400028005, 400529003", "ID_LINHA": 18922 }, "geometry": { "type": "MultiLineString", "coordinates": [ [ [ 413543.698053454456385, 7654845.290525115095079 ], [ 413557.661318063386716, 7654867.077094295993447 ], [ 413579.684181461809203, 7654899.799197012558579 ] ] ] } },
{ "type": "Feature", "properties": { "fid": 78.0, "COMPR_M": 71.08, "CLASSE": "01 - Muito curta", "CD_FAZ": " 400529", "TALHOES": "5, 3", "FAZ_tAL": "400028005, 400529003", "ID_LINHA": 18923 }, "geometry": { "type": "MultiLineString", "coordinates": [ [ [ 413546.453518105088733, 7654844.096219119615853 ], [ 413563.805582094122656, 7654870.812815872021019 ], [ 413586.156197110831272, 7654903.015348153188825 ] ] ] } },
{ "type": "Feature", "properties": { "fid": 79.0, "COMPR_M": 77.44, "CLASSE": "01 - Muito curta", "CD_FAZ": " 400529", "TALHOES": "5, 3", "FAZ_tAL": "400028005, 400529003", "ID_LINHA": 18924 }, "geometry": { "type": "MultiLineString", "coordinates": [ [ [ 413549.515403055585921, 7654842.759174536913633 ], [ 413562.269602848566137, 7654862.960817912593484 ], [ 413575.138548036513384, 7654882.011149287223816 ], [ 413593.068188061821274, 7654906.72692059352994 ] ] ] } },
{ "type": "Feature", "properties": { "fid": 80.0, "COMPR_M": 83.07, "CLASSE": "01 - Muito curta", "CD_FAZ": " 400529", "TALHOES": "5, 3", "FAZ_tAL": "400028005, 400529003", "ID_LINHA": 18925 }, "geometry": { "type": "MultiLineString", "coordinates": [ [ [ 413552.095407693996094, 7654841.645808010362089 ], [ 413574.505495806166437, 7654875.811425365507603 ], [ 413599.278464056435041, 7654909.945425935089588 ] ] ] } },
{ "type": "Feature", "properties": { "fid": 81.0, "COMPR_M": 88.51, "CLASSE": "01 - Muito curta", "CD_FAZ": " 400529", "TALHOES": "5, 3", "FAZ_tAL": "400028005, 400529003", "ID_LINHA": 18926 }, "geometry": { "type": "MultiLineString", "coordinates": [ [ [ 413554.846310744760558, 7654840.451986276544631 ], [ 413568.852514681464527, 7654862.204790795221925 ], [ 413581.256537899142131, 7654880.348341668024659 ], [ 413605.3277919194079, 7654913.081357438117266 ] ] ] } },
{ "type": "Feature", "properties": { "fid": 82.0, "COMPR_M": 94.59, "CLASSE": "01 - Muito curta", "CD_FAZ": " 400529", "TALHOES": "5, 3", "FAZ_tAL": "400028005, 400529003", "ID_LINHA": 18927 }, "geometry": { "type": "MultiLineString", "coordinates": [ [ [ 413557.697810061159544, 7654839.211056642234325 ], [ 413572.216709863161668, 7654861.811360009014606 ], [ 413584.671353544748854, 7654879.932191981002688 ], [ 413612.031563052092679, 7654916.539988603442907 ] ] ] } },
{ "type": "Feature", "properties": { "fid": 83.0, "COMPR_M": 100.83, "CLASSE": "02 - Curta", "CD_FAZ": " 400529", "TALHOES": "5, 3", "FAZ_tAL": "400028005, 400529003", "ID_LINHA": 18928 }, "geometry": { "type": "MultiLineString", "coordinates": [ [ [ 413560.468957349483389, 7654838.012567603960633 ], [ 413575.062751665245742, 7654860.575156013481319 ], [ 413590.364234617038164, 7654882.795190926641226 ], [ 413607.066897725802846, 7654905.221601029857993 ], [ 413618.84942825633334, 7654920.113018781878054 ] ] ] } },
{ "type": "Feature", "properties": { "fid": 103.0, "COMPR_M": 244.3, "CLASSE": "02 - Curta", "CD_FAZ": " 400529", "TALHOES": "5, 3", "FAZ_tAL": "400028005, 400529003", "ID_LINHA": 18948 }, "geometry": { "type": "MultiLineString", "coordinates": [ [ [ 414048.571666448027827, 7654626.6765679391101 ], [ 414071.064050467102788, 7654646.551429091021419 ], [ 414086.272069674683735, 7654658.075442858040333 ], [ 414111.328272114507854, 7654674.600251076743007 ], [ 414140.871709620230831, 7654691.559648215770721 ], [ 414165.204942852724344, 7654703.348242916166782 ], [ 414181.733675307419617, 7654710.513138550333679 ], [ 414200.397196504694875, 7654717.78316893056035 ], [ 414231.68942994234385, 7654728.305714498274028 ], [ 414263.478484473947901, 7654736.910276677459478 ] ] ] } },
{ "type": "Feature", "properties": { "fid": 104.0, "COMPR_M": 251.04, "CLASSE": "02 - Curta", "CD_FAZ": " 400529", "TALHOES": "5, 3", "FAZ_tAL": "400028005, 400529003", "ID_LINHA": 18949 }, "geometry": { "type": "MultiLineString", "coordinates": [ [ [ 414045.627751077059656, 7654627.943566929548979 ], [ 414055.957335696788505, 7654637.443239597603679 ], [ 414067.449205847224221, 7654647.142038153484464 ], [ 414092.286727340484504, 7654665.733000932261348 ], [ 414116.740576188312843, 7654681.437920581549406 ], [ 414142.144588588562328, 7654695.482843099161983 ], [ 414173.819454716693144, 7654710.479921218007803 ], [ 414206.48306655487977, 7654723.149514380842447 ], [ 414236.024187307979446, 7654732.703473018482327 ], [ 414266.596465128241107, 7654740.814197465777397 ] ] ] } },
{ "type": "Feature", "properties": { "fid": 105.0, "COMPR_M": 257.8, "CLASSE": "02 - Curta", "CD_FAZ": " 400529", "TALHOES": "5, 3", "FAZ_tAL": "400028005, 400529003", "ID_LINHA": 18950 }, "geometry": { "type": "MultiLineString", "coordinates": [ [ [ 414042.70855845452752, 7654629.198896587826312 ], [ 414055.106799929169938, 7654640.82923587039113 ], [ 414063.544613235164434, 7654647.964216686785221 ], [ 414077.75132829521317, 7654659.042807409539819 ], [ 414089.153576250362676, 7654667.22070125117898 ], [ 414113.488860171055421, 7654683.010992903262377 ], [ 414142.432015937170945, 7654699.033871256746352 ], [ 414159.491964643530082, 7654707.399223456159234 ], [ 414171.411278311396018, 7654712.669875871390104 ], [ 414204.984297152841464, 7654725.831331815570593 ], [ 414239.311280708701815, 7654736.794923493638635 ], [ 414269.723546726279892, 7654744.522521266713738 ] ] ] } },
{ "type": "Feature", "properties": { "fid": 106.0, "COMPR_M": 264.12, "CLASSE": "02 - Curta", "CD_FAZ": " 400529", "TALHOES": "5, 3", "FAZ_tAL": "400028005, 400529003", "ID_LINHA": 18951 }, "geometry": { "type": "MultiLineString", "coordinates": [ [ [ 414039.619105058489367, 7654630.537377184256911 ], [ 414062.03582207224099, 7654650.530324520543218 ], [ 414074.660764630592894, 7654660.417163031175733 ], [ 414088.457402734842617, 7654670.384099146351218 ], [ 414116.359541820595041, 7654688.065324861556292 ], [ 414145.384971051884349, 7654703.858770661987364 ], [ 414172.694228535576258, 7654716.404355800710618 ], [ 414202.551328969071619, 7654728.029623940587044 ], [ 414219.612381103506777, 7654733.841700658202171 ], [ 414241.628143143898342, 7654740.538991587236524 ], [ 414255.191530022129882, 7654744.183948311954737 ], [ 414272.437588386819698, 7654748.057092459872365 ] ] ] } },
{ "type": "Feature", "properties": { "fid": 107.0, "COMPR_M": 270.84, "CLASSE": "02 - Curta", "CD_FAZ": " 400529", "TALHOES": "5, 3", "FAZ_tAL": "400028005, 400529003", "ID_LINHA": 18952 }, "geometry": { "type": "MultiLineString", "coordinates": [ [ [ 414036.672942015749868, 7654631.835327786393464 ], [ 414059.111350980587304, 7654651.795168587937951 ], [ 414071.577118756482378, 7654661.857248007319868 ], [ 414082.066789894888643, 7654669.57743919454515 ], [ 414112.344919443770777, 7654689.15037239715457 ], [ 414138.606336075812578, 7654703.796287052333355 ], [ 414155.650795081572141, 7654712.196167469955981 ], [ 414168.464684021659195, 7654717.890430327504873 ], [ 414202.97233249398414, 7654731.36612643301487 ], [ 414239.166393457911909, 7654743.047513879835606 ], [ 414275.501529296860099, 7654752.051768894307315 ] ] ] } },
{ "type": "Feature", "properties": { "fid": 108.0, "COMPR_M": 277.62, "CLASSE": "02 - Curta", "CD_FAZ": " 400529", "TALHOES": "5, 3", "FAZ_tAL": "400028005, 400529003", "ID_LINHA": 18953 }, "geometry": { "type": "MultiLineString", "coordinates": [ [ [ 414033.611424347560387, 7654633.144718192517757 ], [ 414048.357669345103204, 7654646.70154844969511 ], [ 414062.107019355404191, 7654658.333778149448335 ], [ 414084.664323513861746, 7654675.039341295138001 ], [ 414109.892828217940405, 7654691.357863441109657 ], [ 414128.177351473073941, 7654701.726843944750726 ], [ 414143.320923043531366, 7654709.492612643167377 ], [ 414166.890036925498862, 7654720.541284058243036 ], [ 414188.256406637141481, 7654729.138907872140408 ], [ 414209.882055631838739, 7654737.055758643895388 ], [ 414242.404646315495484, 7654747.028728335164487 ], [ 414278.579473537625745, 7654755.776400327682495 ] ] ] } },
{ "type": "Feature", "properties": { "fid": 109.0, "COMPR_M": 284.11, "CLASSE": "02 - Curta", "CD_FAZ": " 400529", "TALHOES": "5, 3", "FAZ_tAL": "400028005, 400529003", "ID_LINHA": 18954 }, "geometry": { "type": "MultiLineString", "coordinates": [ [ [ 414030.645382456015795, 7654634.403073206543922 ], [ 414045.298757890355773, 7654648.054451497271657 ], [ 414055.971521892002784, 7654657.150404989719391 ], [ 414070.189881653524935, 7654668.226402239874005 ], [ 414083.973358190327417, 7654678.222239868715405 ], [ 414096.462941299949307, 7654686.593376006931067 ], [ 414114.431554183131084, 7654697.488973554223776 ], [ 414146.294319592241663, 7654714.346005702391267 ], [ 414159.935279159457423, 7654720.665186236612499 ], [ 414181.166085770295467, 7654729.549060950987041 ], [ 414210.272605433536228, 7654740.372746165841818 ], [ 414244.750720752170309, 7654750.901380728930235 ], [ 414281.448081980342977, 7654759.350367628969252 ] ] ] } },
{ "type": "Feature", "properties": { "fid": 110.0, "COMPR_M": 290.46, "CLASSE": "02 - Curta", "CD_FAZ": " 400529", "TALHOES": "5, 3", "FAZ_tAL": "400028005, 400529003", "ID_LINHA": 18955 }, "geometry": { "type": "MultiLineString", "coordinates": [ [ [ 414027.745583937852643, 7654635.695083351805806 ], [ 414041.614885838178452, 7654648.717412151396275 ], [ 414055.324033751734532, 7654660.425924152135849 ], [ 414080.121997820679098, 7654679.091510191559792 ], [ 414095.905604865401983, 7654689.700751377269626 ], [ 414111.346178754174616, 7654699.032810918055475 ], [ 414140.447882276843302, 7654714.727019175887108 ], [ 414159.4731635999633, 7654723.666819295845926 ], [ 414176.041076177789364, 7654730.732746178284287 ], [ 414207.900514712091535, 7654742.770902400836349 ], [ 414228.002988400636241, 7654748.894047258421779 ], [ 414259.847740001336206, 7654757.674072818830609 ], [ 414284.307042590808123, 7654762.854791386052966 ] ] ] } },
{ "type": "Feature", "properties": { "fid": 111.0, "COMPR_M": 296.86, "CLASSE": "02 - Curta", "CD_FAZ": " 400529", "TALHOES": "5, 3", "FAZ_tAL": "400028005, 400529003", "ID_LINHA": 18956 }, "geometry": { "type": "MultiLineString", "coordinates": [ [ [ 414024.728324033203535, 7654636.948850123211741 ], [ 414035.587179441121407, 7654647.315063759684563 ], [ 414050.676382545381784, 7654660.515903444960713 ], [ 414062.4037014991045, 7654669.889922879636288 ], [ 414076.110959793906659, 7654679.975041315890849 ], [ 414090.191079049895052, 7654689.588216282427311 ], [ 414106.340818626515102, 7654699.62562193069607 ], [ 414137.106280522944871, 7654716.424529312178493 ], [ 414170.762015922227874, 7654731.893848419189453 ], [ 414204.437726813019253, 7654744.764688520692289 ], [ 414249.546918737469241, 7654758.162728974595666 ], [ 414261.186542070703581, 7654761.090381840243936 ], [ 414287.052505263476633, 7654766.319297024980187 ] ] ] } },
{ "type": "Feature", "properties": { "fid": 112.0, "COMPR_M": 303.42, "CLASSE": "03 - Média", "CD_FAZ": " 400529", "TALHOES": "5, 3", "FAZ_tAL": "400028005, 400529003", "ID_LINHA": 18957 }, "geometry": { "type": "MultiLineString", "coordinates": [ [ [ 414021.850751100573689, 7654638.197762440890074 ], [ 414034.868411248666234, 7654650.681124689988792 ], [ 414045.389976295817178, 7654659.948608424514532 ], [ 414060.935089758364484, 7654672.563744885846972 ], [ 414071.407488467579242, 7654680.333787281066179 ], [ 414087.091848085692618, 7654691.0985007006675 ], [ 414100.652324889437295, 7654699.651414040476084 ], [ 414114.486627611273434, 7654707.727506913244724 ], [ 414135.684142694924958, 7654719.061937126331031 ], [ 414165.658419343875721, 7654732.98384199757129 ], [ 414182.289969693811145, 7654739.872944930568337 ], [ 414200.229074745555408, 7654746.280164979398251 ], [ 414243.228098667692393, 7654759.664594365283847 ], [ 414275.38077061297372, 7654767.183454313315451 ], [ 414290.043508197763003, 7654769.999807056039572 ] ] ] } },
{ "type": "Feature", "properties": { "fid": 113.0, "COMPR_M": 309.86, "CLASSE": "03 - Média", "CD_FAZ": " 400529", "TALHOES": "5, 3", "FAZ_tAL": "400028005, 400529003", "ID_LINHA": 18958 }, "geometry": { "type": "MultiLineString", "coordinates": [ [ [ 414018.859318871458527, 7654639.512066651135683 ], [ 414034.007281273952685, 7654654.075229031965137 ], [ 414049.193532119621523, 7654667.139682199805975 ], [ 414073.135842416086234, 7654685.308872148394585 ], [ 414092.350342900957912, 7654698.02199349552393 ], [ 414109.483565009606536, 7654708.393104763701558 ], [ 414120.858413591398858, 7654714.747562611475587 ], [ 414142.251998979714699, 7654725.685316003859043 ], [ 414155.864423268823884, 7654732.022064511664212 ], [ 414180.7596593152266, 7654742.530128736048937 ], [ 414220.545439395820722, 7654756.154490180313587 ], [ 414236.83210855408106, 7654761.016731303185225 ], [ 414254.301317546807695, 7654765.533083831891418 ], [ 414276.781562892370857, 7654770.495433343574405 ], [ 414292.876579128671438, 7654773.448705536313355 ] ] ] } },
{ "type": "Feature", "properties": { "fid": 114.0, "COMPR_M": 316.27, "CLASSE": "03 - Média", "CD_FAZ": " 400529", "TALHOES": "5, 3", "FAZ_tAL": "400028005, 400529003", "ID_LINHA": 18959 }, "geometry": { "type": "MultiLineString", "coordinates": [ [ [ 414295.735854649101384, 7654776.958094675093889 ], [ 414284.866774135560263, 7654775.136789377778769 ], [ 414261.351437097240705, 7654770.185665557160974 ], [ 414221.660147736547515, 7654759.839921623468399 ], [ 414169.872041886381339, 7654741.181590974330902 ], [ 414155.04690324224066, 7654735.016111535951495 ], [ 414141.47937049891334, 7654728.586062823422253 ], [ 414129.821075222746003, 7654722.791403636336327 ], [ 414107.845523858210072, 7654710.82204776443541 ], [ 414088.998948445136193, 7654699.402811566367745 ], [ 414072.364702041319106, 7654688.247429229319096 ], [ 414056.214573836419731, 7654676.427079853601754 ], [ 414045.226063425827306, 7654667.665716087445617 ], [ 414032.351353491540067, 7654656.562519715167582 ], [ 414015.853157724777702, 7654640.832707930356264 ] ] ] } },
{ "type": "Feature", "properties": { "fid": 115.0, "COMPR_M": 322.64, "CLASSE": "03 - Média", "CD_FAZ": " 400529", "TALHOES": "5, 3", "FAZ_tAL": "400028005, 400529003", "ID_LINHA": 18960 }, "geometry": { "type": "MultiLineString", "coordinates": [ [ [ 414012.94218124874169, 7654642.082509411498904 ], [ 414025.7996508119395, 7654654.67886520549655 ], [ 414042.33987716404954, 7654669.248709635809064 ], [ 414056.457614660670515, 7654680.475527833215892 ], [ 414073.471031325461809, 7654692.826438231393695 ], [ 414093.649325109319761, 7654705.913917797617614 ], [ 414109.18619880406186, 7654715.055822405964136 ], [ 414124.113502739171963, 7654723.245176454074681 ], [ 414146.478490355133545, 7654734.496101658791304 ], [ 414154.696200256701559, 7654738.264085347764194 ], [ 414177.000834080274217, 7654747.126531273126602 ], [ 414216.559821617905982, 7654761.371720682829618 ], [ 414251.289196841767989, 7654770.962384505197406 ], [ 414276.713060656329617, 7654776.597785331308842 ], [ 414298.478898702189326, 7654780.594472009688616 ] ] ] } },
{ "type": "Feature", "properties": { "fid": 116.0, "COMPR_M": 329.29, "CLASSE": "03 - Média", "CD_FAZ": " 400529", "TALHOES": "5, 3", "FAZ_tAL": "400028005, 400529003", "ID_LINHA": 18961 }, "geometry": { "type": "MultiLineString", "coordinates": [ [ [ 414301.529797960130963, 7654784.240002224221826 ], [ 414276.952579805220012, 7654779.617127329111099 ], [ 414251.534750505757984, 7654774.059784966520965 ], [ 414213.873341243248433, 7654763.752917006611824 ], [ 414195.82998153869994, 7654757.640075582079589 ], [ 414170.628963857423514, 7654747.894621220417321 ], [ 414136.687985357420985, 7654733.11119382455945 ], [ 414102.284690128173679, 7654714.618905214592814 ], [ 414083.569659668719396, 7654703.031035874038935 ], [ 414068.601530891377479, 7654692.959262249059975 ], [ 414051.642067700857297, 7654680.528284836560488 ], [ 414036.86266680638073, 7654668.533916845917702 ], [ 414024.154253457847517, 7654657.186542205512524 ], [ 414010.004478542658035, 7654643.343353659845889 ] ] ] } },
{ "type": "Feature", "properties": { "fid": 117.0, "COMPR_M": 335.78, "CLASSE": "03 - Média", "CD_FAZ": " 400529", "TALHOES": "5, 3", "FAZ_tAL": "400028005, 400529003", "ID_LINHA": 18962 }, "geometry": { "type": "MultiLineString", "coordinates": [ [ [ 414007.120719333179295, 7654644.561413703486323 ], [ 414022.820820835360792, 7654660.036810755729675 ], [ 414036.301433507062029, 7654671.983491212129593 ], [ 414049.574136862764135, 7654682.665569851174951 ], [ 414068.095516551518813, 7654696.327236065641046 ], [ 414098.391963683592621, 7654715.882856142707169 ], [ 414120.2210971043678, 7654728.132161213085055 ], [ 414132.781503348960541, 7654734.425248930230737 ], [ 414164.742364607751369, 7654748.663888536393642 ], [ 414186.969993490143679, 7654757.848559474572539 ], [ 414216.483511006226763, 7654767.432880135253072 ], [ 414233.755719252629206, 7654772.61974049732089 ], [ 414255.100119384471327, 7654778.061709927394986 ], [ 414281.496011276321951, 7654783.739484943449497 ], [ 414304.447320807608776, 7654787.606407991610467 ] ] ] } },
{ "type": "Feature", "properties": { "fid": 118.0, "COMPR_M": 342.16, "CLASSE": "03 - Média", "CD_FAZ": " 400529", "TALHOES": "5, 3", "FAZ_tAL": "400028005, 400529003", "ID_LINHA": 18963 }, "geometry": { "type": "MultiLineString", "coordinates": [ [ [ 414004.049970179097727, 7654645.907273588702083 ], [ 414019.762472257658374, 7654661.332910829223692 ], [ 414035.455870459089056, 7654675.341430308297276 ], [ 414062.430868520226795, 7654696.121201246976852 ], [ 414078.140082288533449, 7654706.879257366992533 ], [ 414097.707851918763481, 7654718.996865471825004 ], [ 414115.145777663041372, 7654728.862277634441853 ], [ 414133.085871249320917, 7654737.823597267270088 ], [ 414174.260347183328122, 7654756.077829404734075 ], [ 414197.744345142738894, 7654764.675020879134536 ], [ 414216.798556935449596, 7654770.897539809346199 ], [ 414232.188868303957861, 7654775.326388483867049 ], [ 414265.233764546050224, 7654783.398834062740207 ], [ 414286.826364232809283, 7654787.762649114243686 ], [ 414307.188490645436104, 7654791.106981258839369 ] ] ] } },
{ "type": "Feature", "properties": { "fid": 119.0, "COMPR_M": 348.48, "CLASSE": "03 - Média", "CD_FAZ": " 400529", "TALHOES": "5, 3", "FAZ_tAL": "400028005, 400529003", "ID_LINHA": 18964 }, "geometry": { "type": "MultiLineString", "coordinates": [ [ [ 414001.16005983389914, 7654647.16202300041914 ], [ 414013.916244659165386, 7654659.882468139752746 ], [ 414028.739182410237845, 7654673.356265978887677 ], [ 414045.773109143367037, 7654687.332159610465169 ], [ 414057.778214523685165, 7654696.399098807945848 ], [ 414072.564116303110495, 7654706.700746544636786 ], [ 414093.686449694214389, 7654720.146428959444165 ], [ 414113.839602641237434, 7654731.285057844594121 ], [ 414132.530554277996998, 7654740.949769783765078 ], [ 414166.306813316419721, 7654756.123196547850966 ], [ 414190.664000998425763, 7654765.288271488621831 ], [ 414215.370816473150626, 7654773.443531954661012 ], [ 414236.532651309447829, 7654779.559864870272577 ], [ 414266.709135318757035, 7654786.841503063216805 ], [ 414292.261820718820672, 7654791.767961863428354 ], [ 414310.002628423739225, 7654794.468686558306217 ] ] ] } },
{ "type": "Feature", "properties": { "fid": 120.0, "COMPR_M": 354.77, "CLASSE": "03 - Média", "CD_FAZ": " 400529", "TALHOES": "5, 3", "FAZ_tAL": "400028005, 400529003", "ID_LINHA": 18965 }, "geometry": { "type": "MultiLineString", "coordinates": [ [ [ 413998.27832663571462, 7654648.403882985934615 ], [ 414016.05131364800036, 7654666.015877654775977 ], [ 414026.509831557574216, 7654675.382165387272835 ], [ 414049.027355340542272, 7654693.699648382142186 ], [ 414062.838595139852259, 7654703.677319544367492 ], [ 414081.960592662682757, 7654716.516707643866539 ], [ 414097.446612326602917, 7654725.743494832888246 ], [ 414109.745641957968473, 7654732.526397969573736 ], [ 414138.255424441420473, 7654747.073053942993283 ], [ 414158.389869413687848, 7654756.006980994716287 ], [ 414182.60869753989391, 7654765.554281489923596 ], [ 414203.40747993910918, 7654772.832919365726411 ], [ 414228.286851065175142, 7654780.418322932906449 ], [ 414267.178956567950081, 7654789.97531786095351 ], [ 414290.767588808899745, 7654794.568720988929272 ], [ 414312.731108920532279, 7654797.913430029526353 ] ] ] } },
{ "type": "Feature", "properties": { "fid": 121.0, "COMPR_M": 361.01, "CLASSE": "03 - Média", "CD_FAZ": " 400529", "TALHOES": "5, 3", "FAZ_tAL": "400028005, 400529003", "ID_LINHA": 18966 }, "geometry": { "type": "MultiLineString", "coordinates": [ [ [ 413995.400965162203647, 7654649.647043780423701 ], [ 414009.502622342726681, 7654663.87822209764272 ], [ 414024.232410672469996, 7654677.426658129319549 ], [ 414040.439907235559076, 7654690.835296118631959 ], [ 414058.057259440247435, 7654704.062247598543763 ], [ 414073.829704456438776, 7654714.761098884046078 ], [ 414099.482826943334658, 7654730.31163240596652 ], [ 414132.296897780674044, 7654747.580446605570614 ], [ 414146.845993343507871, 7654754.294611841440201 ], [ 414177.43063912098296, 7654766.750350343063474 ], [ 414190.601438684680033, 7654771.615018527954817 ], [ 414216.296026727359276, 7654780.001872044056654 ], [ 414240.378669152560178, 7654786.752091316506267 ], [ 414261.783671951037832, 7654791.880718578584492 ], [ 414292.235391351918224, 7654797.859384280629456 ], [ 414315.462925090861972, 7654801.1769690643996 ] ] ] } },
{ "type": "Feature", "properties": { "fid": 122.0, "COMPR_M": 367.41, "CLASSE": "03 - Média", "CD_FAZ": " 400529", "TALHOES": "5, 3", "FAZ_tAL": "400028005, 400529003", "ID_LINHA": 18967 }, "geometry": { "type": "MultiLineString", "coordinates": [ [ [ 413992.48705281317234, 7654650.892691533081234 ], [ 414005.012283449992537, 7654663.838406411930919 ], [ 414021.185782747343183, 7654678.795944336801767 ], [ 414036.580762218567543, 7654691.64660076983273 ], [ 414052.420064501580782, 7654703.884244680404663 ], [ 414075.699874827056192, 7654719.497317737899721 ], [ 414088.537532479444053, 7654727.319308776408434 ], [ 414113.840609028527979, 7654741.552646953612566 ], [ 414128.973752651712857, 7654749.36943930760026 ], [ 414146.259819633385632, 7654757.327671127393842 ], [ 414172.168857480108272, 7654768.028972281143069 ], [ 414201.404249601531774, 7654778.421329234726727 ], [ 414225.333840712381061, 7654785.746196788735688 ], [ 414259.289417814929038, 7654794.38443504832685 ], [ 414276.904139722930267, 7654798.092171456664801 ], [ 414294.622813360765576, 7654801.361257936805487 ], [ 414318.238795348908752, 7654804.841996604576707 ] ] ] } },
{ "type": "Feature", "properties": { "fid": 123.0, "COMPR_M": 373.92, "CLASSE": "03 - Média", "CD_FAZ": " 400529", "TALHOES": "5, 3", "FAZ_tAL": "400028005, 400529003", "ID_LINHA": 18968 }, "geometry": { "type": "MultiLineString", "coordinates": [ [ [ 413989.538764307042584, 7654652.188137516379356 ], [ 414004.230092766170856, 7654667.221437647938728 ], [ 414018.967519358964637, 7654680.777443862520158 ], [ 414029.584243341814727, 7654689.956637928262353 ], [ 414046.251943312992807, 7654702.788260538130999 ], [ 414072.585479690460488, 7654721.014865552075207 ], [ 414089.653525053348858, 7654731.490757103078067 ], [ 414107.006058837636374, 7654741.480730496346951 ], [ 414126.653588320303243, 7654751.51586645282805 ], [ 414148.510735838208348, 7654761.48593427054584 ], [ 414169.807202021649573, 7654770.256403025239706 ], [ 414191.405352366447914, 7654778.237766698002815 ], [ 414220.024253127456177, 7654787.327590994536877 ], [ 414241.271659974532668, 7654793.122553816065192 ], [ 414275.427422970416956, 7654800.863221598789096 ], [ 414304.990056165202986, 7654806.082004640251398 ], [ 414321.212940825731494, 7654808.305965897627175 ] ] ] } },
{ "type": "Feature", "properties": { "fid": 124.0, "COMPR_M": 380.13, "CLASSE": "03 - Média", "CD_FAZ": " 400529", "TALHOES": "5, 3", "FAZ_tAL": "400028005, 400529003", "ID_LINHA": 18969 }, "geometry": { "type": "MultiLineString", "coordinates": [ [ [ 413986.58875755011104, 7654653.46570704691112 ], [ 413999.857019001152366, 7654667.085012899711728 ], [ 414016.603076088533271, 7654682.902660183608532 ], [ 414035.200210036127828, 7654698.138402495533228 ], [ 414050.519573841709644, 7654709.436339585110545 ], [ 414075.359873760549817, 7654726.34997895359993 ], [ 414091.588874786102679, 7654736.258418237790465 ], [ 414113.559328366187401, 7654748.254540555179119 ], [ 414138.783431212243158, 7654760.445375489071012 ], [ 414159.916411132435314, 7654769.636036738753319 ], [ 414182.383128035464324, 7654778.177493179216981 ], [ 414213.706333881418686, 7654788.63835112657398 ], [ 414228.15296207612846, 7654792.734852312132716 ], [ 414247.535950078046881, 7654797.742773473262787 ], [ 414273.936865428113379, 7654803.57600718177855 ], [ 414302.500706618651748, 7654808.726063078269362 ], [ 414323.856767539749853, 7654811.618572534061968 ] ] ] } },
{ "type": "Feature", "properties": { "fid": 125.0, "COMPR_M": 386.49, "CLASSE": "03 - Média", "CD_FAZ": " 400529", "TALHOES": "5, 3", "FAZ_tAL": "400028005, 400529003", "ID_LINHA": 18970 }, "geometry": { "type": "MultiLineString", "coordinates": [ [ [ 413983.659467265300918, 7654654.698922656476498 ], [ 413998.95971399784321, 7654670.573277806863189 ], [ 414016.649475722631905, 7654686.819011102430522 ], [ 414048.914208623231389, 7654712.219521063379943 ], [ 414075.451515854045283, 7654730.166293665766716 ], [ 414084.920895512215793, 7654735.805964395403862 ], [ 414114.786971889145207, 7654752.121438815258443 ], [ 414132.77598497614963, 7654760.947710711508989 ], [ 414156.592054516484495, 7654771.453077243641019 ], [ 414178.045339299133047, 7654779.788942710496485 ], [ 414203.603447861678433, 7654788.637236211448908 ], [ 414223.744877117045689, 7654794.651764377951622 ], [ 414249.899717333377339, 7654801.476206391118467 ], [ 414278.258291560341604, 7654807.592743690125644 ], [ 414305.881290434277616, 7654812.30107232555747 ], [ 414326.615525421046186, 7654815.022636903449893 ] ] ] } },
{ "type": "Feature", "properties": { "fid": 126.0, "COMPR_M": 392.6, "CLASSE": "03 - Média", "CD_FAZ": " 400529", "TALHOES": "5, 3", "FAZ_tAL": "400028005, 400529003", "ID_LINHA": 18971 }, "geometry": { "type": "MultiLineString", "coordinates": [ [ [ 413980.818900690996088, 7654655.930499994195998 ], [ 413994.586070707475301, 7654670.470722008496523 ], [ 414016.005643187556416, 7654690.11779216863215 ], [ 414036.355438097903971, 7654706.35348704829812 ], [ 414054.059269804740325, 7654719.463076053187251 ], [ 414071.471500164305326, 7654731.227157220244408 ], [ 414094.827684641932137, 7654744.889332879334688 ], [ 414116.041681653587148, 7654756.184337753802538 ], [ 414139.535956982872449, 7654767.365212175995111 ], [ 414157.970431478286628, 7654775.187016076408327 ], [ 414184.152991959359497, 7654785.217241231352091 ], [ 414211.727557822770905, 7654794.286498637869954 ], [ 414228.117717465967871, 7654798.913898628205061 ], [ 414247.490183480666019, 7654803.921995330601931 ], [ 414279.790549063123763, 7654810.872921831905842 ], [ 414305.444078256725334, 7654815.174441732466221 ], [ 414329.252551091311034, 7654818.253743451088667 ] ] ] } },
{ "type": "Feature", "properties": { "fid": 127.0, "COMPR_M": 398.99, "CLASSE": "03 - Média", "CD_FAZ": " 400529", "TALHOES": "5, 3", "FAZ_tAL": "400028005, 400529003", "ID_LINHA": 18972 }, "geometry": { "type": "MultiLineString", "coordinates": [ [ [ 413977.688193775946274, 7654657.311221240088344 ], [ 413992.367589896079153, 7654672.349995512515306 ], [ 414012.103951143857557, 7654690.814656784757972 ], [ 414037.036286099930294, 7654710.94455598294735 ], [ 414048.309112838003784, 7654719.332686839625239 ], [ 414070.866340995940845, 7654734.216266080737114 ], [ 414093.242145341646392, 7654747.546923955902457 ], [ 414113.608517105691135, 7654758.312944207340479 ], [ 414131.594911732943729, 7654767.084034880623221 ], [ 414160.089269422693178, 7654779.362557558342814 ], [ 414173.157614449155517, 7654784.478801881894469 ], [ 414198.681234531570226, 7654793.33250511623919 ], [ 414221.682910016970709, 7654800.319497412070632 ], [ 414255.634102232870646, 7654808.901510172523558 ], [ 414280.151710143429227, 7654814.013610725291073 ], [ 414317.675723056891002, 7654820.089508067816496 ], [ 414326.675685496244114, 7654821.105757653713226 ], [ 414332.024235762597527, 7654821.116348050534725 ] ] ] } },
{ "type": "Feature", "properties": { "fid": 128.0, "COMPR_M": 404.9, "CLASSE": "03 - Média", "CD_FAZ": " 400529", "TALHOES": "5, 3", "FAZ_tAL": "400028005, 400529003", "ID_LINHA": 18973 }, "geometry": { "type": "MultiLineString", "coordinates": [ [ [ 413974.790895825775806, 7654658.571500351652503 ], [ 413991.579084983095527, 7654675.772746713832021 ], [ 414010.69574230251601, 7654693.408969299867749 ], [ 414036.414234054565895, 7654714.154927227646112 ], [ 414046.916919784911443, 7654721.872587799094617 ], [ 414069.43588407948846, 7654736.828842714428902 ], [ 414088.330517524736933, 7654748.156697228550911 ], [ 414113.027008855249733, 7654761.419916943646967 ], [ 414130.207458516641054, 7654769.606137126684189 ], [ 414159.583364111371338, 7654782.416267070919275 ], [ 414177.376517008640803, 7654789.113782281056046 ], [ 414205.820092656940687, 7654798.74111569672823 ], [ 414228.902147491113283, 7654805.396114958450198 ], [ 414255.175543302379083, 7654811.826605435460806 ], [ 414280.681103920913301, 7654817.011778173036873 ], [ 414318.216932724986691, 7654823.137604607269168 ], [ 414326.19787635083776, 7654824.026265196502209 ], [ 414334.457200270786416, 7654824.233229145407677 ] ] ] } },
{ "type": "Feature", "properties": { "fid": 129.0, "COMPR_M": 410.86, "CLASSE": "03 - Média", "CD_FAZ": " 400529", "TALHOES": "5, 3", "FAZ_tAL": "400028005, 400529003", "ID_LINHA": 18974 }, "geometry": { "type": "MultiLineString", "coordinates": [ [ [ 413972.049112092878204, 7654659.771421680226922 ], [ 413995.885056405968498, 7654684.037740600295365 ], [ 414014.652981738443486, 7654700.632180461660028 ], [ 414024.658530250482727, 7654708.980091458186507 ], [ 414047.224298149754759, 7654725.6142603084445 ], [ 414067.207541038224008, 7654738.961992112919688 ], [ 414091.326382010360248, 7654753.247703395783901 ], [ 414111.674183616181836, 7654764.051396287977695 ], [ 414139.751513478346169, 7654777.301299164071679 ], [ 414160.097380894352682, 7654785.739831440150738 ], [ 414182.595251999679022, 7654794.180062306113541 ], [ 414208.273927067173645, 7654802.610526679083705 ], [ 414231.403361453732941, 7654809.130613983608782 ], [ 414254.744257830607239, 7654814.842316955327988 ], [ 414281.217797501187306, 7654820.170091308653355 ], [ 414309.850701095710974, 7654824.971626421436667 ], [ 414325.756856076302938, 7654826.86233457736671 ], [ 414336.975410829414614, 7654827.458112785592675 ] ] ] } },
{ "type": "Feature", "properties": { "fid": 130.0, "COMPR_M": 417.39, "CLASSE": "03 - Média", "CD_FAZ": " 400529", "TALHOES": "5, 3", "FAZ_tAL": "400028005, 400529003", "ID_LINHA": 18975 }, "geometry": { "type": "MultiLineString", "coordinates": [ [ [ 413969.278995272296015, 7654660.937162715941668 ], [ 413985.028710707672872, 7654677.747915564104915 ], [ 414000.196080877387431, 7654692.345890761353076 ], [ 414021.649567077343818, 7654710.36745479889214 ], [ 414041.652918805368245, 7654725.447714832611382 ], [ 414064.95088929933263, 7654741.014333533123136 ], [ 414082.081483673653565, 7654751.427631098777056 ], [ 414108.478773581678979, 7654765.746936244890094 ], [ 414130.999742058978882, 7654776.670485674403608 ], [ 414156.786979980533943, 7654787.669216713868082 ], [ 414181.119014124036767, 7654796.908262379467487 ], [ 414208.723829935886897, 7654805.902354221791029 ], [ 414231.881853175058495, 7654812.298601724207401 ], [ 414254.231444054865278, 7654817.768620789051056 ], [ 414281.677563295525033, 7654823.585327440872788 ], [ 414314.318116889393423, 7654828.54327327478677 ], [ 414339.916863207647111, 7654831.439013637602329 ] ] ] } },
{ "type": "Feature", "properties": { "fid": 131.0, "COMPR_M": 423.96, "CLASSE": "03 - Média", "CD_FAZ": " 400529", "TALHOES": "5, 3", "FAZ_tAL": "400028005, 400529003", "ID_LINHA": 18976 }, "geometry": { "type": "MultiLineString", "coordinates": [ [ [ 413966.33573410945246, 7654662.192684540525079 ], [ 413985.484091415128205, 7654682.657310534268618 ], [ 414003.989334205922205, 7654699.552192267030478 ], [ 414024.088586262136232, 7654716.080363016575575 ], [ 414043.439030563400593, 7654730.339821959845722 ], [ 414063.407274160068482, 7654743.703374121338129 ], [ 414083.153680027578957, 7654755.566820440813899 ], [ 414111.389438130951021, 7654770.762080308049917 ], [ 414136.770564058679156, 7654782.619350702501833 ], [ 414164.551786492345855, 7654794.030097326263785 ], [ 414183.370918728178367, 7654800.864066574722528 ], [ 414206.22545815166086, 7654808.309686962515116 ], [ 414232.242495449259877, 7654815.61263604555279 ], [ 414255.599254683125764, 7654821.252480724826455 ], [ 414282.099016560357995, 7654826.572667145170271 ], [ 414311.759913903835695, 7654831.240684518590569 ], [ 414342.889397653518245, 7654834.771488467231393 ] ] ] } },
{ "type": "Feature", "properties": { "fid": 132.0, "COMPR_M": 430.06, "CLASSE": "03 - Média", "CD_FAZ": " 400529", "TALHOES": "5, 3", "FAZ_tAL": "400028005, 400529003", "ID_LINHA": 18977 }, "geometry": { "type": "MultiLineString", "coordinates": [ [ [ 413963.492206682101823, 7654663.426408760249615 ], [ 413979.071961070236284, 7654680.379815526306629 ], [ 413998.029413879557978, 7654698.244004340842366 ], [ 414021.8162193717435, 7654718.179129812866449 ], [ 414040.367201265704352, 7654731.83205718640238 ], [ 414061.159568417759147, 7654745.80772159062326 ], [ 414085.228832043125294, 7654760.149631163105369 ], [ 414107.305857179686427, 7654771.983089286834002 ], [ 414130.8060176789877, 7654783.134230384603143 ], [ 414156.640000164625235, 7654794.061774423345923 ], [ 414181.954343666613568, 7654803.539363676682115 ], [ 414207.672805948473979, 7654811.796232735738158 ], [ 414236.626247203268576, 7654819.903035661205649 ], [ 414266.874828067142516, 7654826.674018548801541 ], [ 414292.4703570958809, 7654831.365583589300513 ], [ 414318.225224090041593, 7654835.168503784574568 ], [ 414345.504984368686564, 7654837.979883198626339 ] ] ] } },
{ "type": "Feature", "properties": { "fid": 133.0, "COMPR_M": 436.27, "CLASSE": "03 - Média", "CD_FAZ": " 400529", "TALHOES": "5, 3", "FAZ_tAL": "400028005, 400529003", "ID_LINHA": 18978 }, "geometry": { "type": "MultiLineString", "coordinates": [ [ [ 413960.255432026227936, 7654664.830683548003435 ], [ 413974.635816134221386, 7654680.181795843876898 ], [ 413993.295722220442258, 7654698.330898058600724 ], [ 414011.622850425424986, 7654713.877923196181655 ], [ 414037.045573982992209, 7654733.3573108157143 ], [ 414057.882498007558752, 7654747.262525072321296 ], [ 414084.403432250954211, 7654763.357168730348349 ], [ 414103.912881326570641, 7654773.624262781813741 ], [ 414130.998555786616635, 7654786.608360986225307 ], [ 414152.195245071896352, 7654795.57360503450036 ], [ 414172.719723748217802, 7654803.580853329971433 ], [ 414206.004415743402205, 7654814.512909341603518 ], [ 414224.298608076001983, 7654819.796837436966598 ], [ 414255.393035673943814, 7654827.389443084597588 ], [ 414291.745366978342645, 7654834.342292932793498 ], [ 414318.503670426260214, 7654838.284594085067511 ], [ 414347.971862829639576, 7654841.423754181712866 ] ] ] } },
{ "type": "Feature", "properties": { "fid": 134.0, "COMPR_M": 442.06, "CLASSE": "03 - Média", "CD_FAZ": " 400529", "TALHOES": "5, 3", "FAZ_tAL": "400028005, 400529003", "ID_LINHA": 18979 }, "geometry": { "type": "MultiLineString", "coordinates": [ [ [ 413957.430225616903044, 7654666.088080294430256 ], [ 413972.588635261286981, 7654682.062784693203866 ], [ 413988.304253575741313, 7654697.48211488686502 ], [ 414010.248478692898061, 7654716.519931649789214 ], [ 414029.239045959548093, 7654731.24386465549469 ], [ 414050.6169968136237, 7654746.092316484078765 ], [ 414075.30775101337349, 7654761.37149131949991 ], [ 414099.919178430340253, 7654774.826875580474734 ], [ 414124.227988114405889, 7654786.643450031988323 ], [ 414152.711179028265178, 7654798.987796449102461 ], [ 414178.018499511934351, 7654808.439032532274723 ], [ 414203.683155599283054, 7654816.963557800278068 ], [ 414237.460901389713399, 7654826.1881721932441 ], [ 414272.664509237394668, 7654833.873111413791776 ], [ 414292.378688840719406, 7654837.338332820683718 ], [ 414318.140097292256542, 7654841.116089979186654 ], [ 414350.381767722778022, 7654844.71320304274559 ] ] ] } },
{ "type": "Feature", "properties": { "fid": 135.0, "COMPR_M": 448.01, "CLASSE": "03 - Média", "CD_FAZ": " 400529", "TALHOES": "5, 3", "FAZ_tAL": "400028005, 400529003", "ID_LINHA": 18980 }, "geometry": { "type": "MultiLineString", "coordinates": [ [ [ 413954.530100794625469, 7654667.339881183579564 ], [ 413973.783490956411697, 7654687.715723009780049 ], [ 413991.95879495178815, 7654704.928134322166443 ], [ 414011.073173511773348, 7654721.099539276212454 ], [ 414031.79919128282927, 7654736.837339350953698 ], [ 414055.00203679013066, 7654752.592749258503318 ], [ 414079.024971165985335, 7654767.016880143433809 ], [ 414105.557509077421855, 7654781.12602480314672 ], [ 414129.984707774070557, 7654792.693233864381909 ], [ 414153.97506812622305, 7654802.797449126839638 ], [ 414183.087511575024109, 7654813.507913451641798 ], [ 414209.865474448481109, 7654821.823326839134097 ], [ 414240.776615741662681, 7654830.142940061166883 ], [ 414263.280045797815546, 7654835.117673857137561 ], [ 414291.815475789713673, 7654840.360074764117599 ], [ 414322.525923831562977, 7654844.755362661555409 ], [ 414352.764382228138857, 7654847.757442591711879 ] ] ] } },
{ "type": "Feature", "properties": { "fid": 136.0, "COMPR_M": 453.86, "CLASSE": "03 - Média", "CD_FAZ": " 400529", "TALHOES": "5, 3", "FAZ_tAL": "400028005, 400529003", "ID_LINHA": 18981 }, "geometry": { "type": "MultiLineString", "coordinates": [ [ [ 413951.73938287619967, 7654668.503087328746915 ], [ 413967.371202665031888, 7654685.443094611167908 ], [ 413989.003357640060131, 7654706.286755096167326 ], [ 414011.199786758923437, 7654724.981029319576919 ], [ 414033.625744983844925, 7654741.831416437402368 ], [ 414063.812407952093054, 7654761.495933445170522 ], [ 414078.484968204516917, 7654770.165918624028563 ], [ 414099.698249916895293, 7654781.467370211146772 ], [ 414127.635731660295278, 7654795.022080948576331 ], [ 414151.660850450163707, 7654804.960847333073616 ], [ 414179.795190519304015, 7654815.527439160272479 ], [ 414207.469877178315073, 7654824.271560493856668 ], [ 414240.360785739962012, 7654833.001522330567241 ], [ 414266.754450294887647, 7654838.828527309000492 ], [ 414292.357373136503156, 7654843.446071662940085 ], [ 414319.110829158453271, 7654847.411470633931458 ], [ 414355.111417249136139, 7654851.009859439916909 ] ] ] } },
{ "type": "Feature", "properties": { "fid": 137.0, "COMPR_M": 459.55, "CLASSE": "03 - Média", "CD_FAZ": " 400529", "TALHOES": "5, 3", "FAZ_tAL": "400028005, 400529003", "ID_LINHA": 18982 }, "geometry": { "type": "MultiLineString", "coordinates": [ [ [ 413948.792513662134297, 7654669.820047883316875 ], [ 413965.85805868083844, 7654688.136640964075923 ], [ 413985.2364617617568, 7654706.97452948987484 ], [ 414005.774528420588467, 7654724.556246357038617 ], [ 414024.791646343423054, 7654739.255455691367388 ], [ 414049.581051424960606, 7654756.216178379952908 ], [ 414075.300209552922752, 7654771.752417659386992 ], [ 414101.777222940756474, 7654785.946796428412199 ], [ 414122.521003828907851, 7654795.916649984195828 ], [ 414154.810560686571989, 7654809.5583535451442 ], [ 414172.630025144608226, 7654816.201855385676026 ], [ 414200.167850729834754, 7654825.329202899709344 ], [ 414231.047534799028654, 7654833.919444780796766 ], [ 414265.218416191462893, 7654841.604875036515296 ], [ 414297.734968090837356, 7654847.393253114074469 ], [ 414329.461622779199388, 7654851.70089864730835 ], [ 414357.249467081273906, 7654854.269914904609323 ] ] ] } },
{ "type": "Feature", "properties": { "fid": 138.0, "COMPR_M": 463.49, "CLASSE": "03 - Média", "CD_FAZ": " 400529", "TALHOES": "5, 3", "FAZ_tAL": "400028005, 400529003", "ID_LINHA": 18983 }, "geometry": { "type": "MultiLineString", "coordinates": [ [ [ 413945.940345720446203, 7654671.048531303182244 ], [ 413966.33853269868996, 7654693.099977036938071 ], [ 413986.001138309540693, 7654711.636321812868118 ], [ 414008.150998675497249, 7654730.402048115618527 ], [ 414029.01982223126106, 7654745.974443983286619 ], [ 414053.190570390434004, 7654762.061812637373805 ], [ 414078.227049811277539, 7654776.795484779402614 ], [ 414105.692139173275791, 7654791.254476957023144 ], [ 414122.890126091544516, 7654799.370783366262913 ], [ 414144.062651052081492, 7654808.422627551481128 ], [ 414165.538378756376915, 7654816.744527760893106 ], [ 414196.786305303161498, 7654827.398947138339281 ], [ 414228.586366437724791, 7654836.371090183034539 ], [ 414259.777455574367195, 7654843.601821410469711 ], [ 414294.234152790217195, 7654850.02433673478663 ], [ 414328.963500142446719, 7654854.628671162761748 ], [ 414357.709323890274391, 7654856.720697007142007 ] ] ] } },
{ "type": "Feature", "properties": { "fid": 139.0, "COMPR_M": 466.26, "CLASSE": "03 - Média", "CD_FAZ": " 400529", "TALHOES": "5, 3", "FAZ_tAL": "400028005, 400529003", "ID_LINHA": 18984 }, "geometry": { "type": "MultiLineString", "coordinates": [ [ [ 413943.141314637381583, 7654672.249446088448167 ], [ 413960.675701621454209, 7654691.503366474062204 ], [ 413974.182678848446812, 7654704.888720948249102 ], [ 413985.307783577998634, 7654714.984721734188497 ], [ 414006.774462810601108, 7654733.02897540666163 ], [ 414027.624088108772412, 7654748.618580267764628 ], [ 414052.618613626342267, 7654765.265510661527514 ], [ 414075.0270609309664, 7654778.524649985134602 ], [ 414094.448137955507264, 7654788.956540012732148 ], [ 414125.139953226724174, 7654803.640249121934175 ], [ 414150.999263554811478, 7654814.4614138584584 ], [ 414174.463774855365045, 7654823.156620930880308 ], [ 414196.336189467343502, 7654830.387751628644764 ], [ 414226.157031648326665, 7654838.974870909005404 ], [ 414261.269369538989849, 7654847.018592385575175 ], [ 414292.784846059978008, 7654852.730448288843036 ], [ 414322.549116086505819, 7654856.782624988816679 ], [ 414356.988789410737809, 7654859.891571265645325 ] ] ] } },
{ "type": "Feature", "properties": { "fid": 143.0, "COMPR_M": 136.05, "CLASSE": "02 - Curta", "CD_FAZ": " 400529", "TALHOES": "5, 3", "FAZ_tAL": "400028005, 400529003", "ID_LINHA": 18988 }, "geometry": { "type": "MultiLineString", "coordinates": [ [ [ 413563.214838109735865, 7654836.82214449159801 ], [ 413578.376630710903555, 7654860.204213176853955 ], [ 413595.485782039409969, 7654884.799055075272918 ], [ 413617.921316748252138, 7654914.185735084116459 ], [ 413627.935941223113332, 7654926.628903027623892 ], [ 413644.357315824949183, 7654945.79244596324861 ] ] ] } },
{ "type": "Feature", "properties": { "fid": 144.0, "COMPR_M": 142.5, "CLASSE": "02 - Curta", "CD_FAZ": " 400529", "TALHOES": "5, 3", "FAZ_tAL": "400028005, 400529003", "ID_LINHA": 18989 }, "geometry": { "type": "MultiLineString", "coordinates": [ [ [ 413565.950051904597785, 7654835.635385437868536 ], [ 413581.729725552955642, 7654859.811096189543605 ], [ 413596.009034916118253, 7654880.30113385245204 ], [ 413609.039663562958594, 7654898.007517084479332 ], [ 413627.611379199835937, 7654921.510297207161784 ], [ 413651.514318533416372, 7654949.322106389328837 ] ] ] } },
{ "type": "Feature", "properties": { "fid": 145.0, "COMPR_M": 149.8, "CLASSE": "02 - Curta", "CD_FAZ": " 400529", "TALHOES": "5, 3", "FAZ_tAL": "400028005, 400529003", "ID_LINHA": 18990 }, "geometry": { "type": "MultiLineString", "coordinates": [ [ [ 413568.680976062547415, 7654834.455577698536217 ], [ 413593.566230766940862, 7654871.772357698529959 ], [ 413613.043854758434463, 7654898.379900010302663 ], [ 413632.987684431078378, 7654923.360959156416357 ], [ 413659.311333575984463, 7654953.407415926456451 ] ] ] } },
{ "type": "Feature", "properties": { "fid": 146.0, "COMPR_M": 157.8, "CLASSE": "02 - Curta", "CD_FAZ": " 400529", "TALHOES": "5, 3", "FAZ_tAL": "400028005, 400529003", "ID_LINHA": 18991 }, "geometry": { "type": "MultiLineString", "coordinates": [ [ [ 413571.544117328652646, 7654833.202369827777147 ], [ 413589.495308132958598, 7654860.70968459919095 ], [ 413602.746955967741087, 7654879.488714618608356 ], [ 413616.481122421799228, 7654897.908150192350149 ], [ 413637.780553312040865, 7654924.354899235069752 ], [ 413652.762233681627549, 7654941.806284944526851 ], [ 413667.691517718019895, 7654957.939996087923646 ] ] ] } },
{ "type": "Feature", "properties": { "fid": 147.0, "COMPR_M": 165.45, "CLASSE": "02 - Curta", "CD_FAZ": " 400529", "TALHOES": "5, 3", "FAZ_tAL": "400028005, 400529003", "ID_LINHA": 18992 }, "geometry": { "type": "MultiLineString", "coordinates": [ [ [ 413574.412356513435952, 7654831.955750832334161 ], [ 413583.456214646867011, 7654846.196474776603281 ], [ 413599.823879291652702, 7654870.110605098307133 ], [ 413621.213194591226056, 7654898.997707725502551 ], [ 413636.852610068046488, 7654918.483896079473197 ], [ 413652.450155122147407, 7654936.716413170099258 ], [ 413675.91041803220287, 7654962.184002533555031 ] ] ] } },
{ "type": "Feature", "properties": { "fid": 148.0, "COMPR_M": 174.27, "CLASSE": "02 - Curta", "CD_FAZ": " 400529", "TALHOES": "5, 3", "FAZ_tAL": "400028005, 400529003", "ID_LINHA": 18993 }, "geometry": { "type": "MultiLineString", "coordinates": [ [ [ 413577.161726437392645, 7654830.764345950447023 ], [ 413588.442158887861297, 7654848.309059872291982 ], [ 413600.343542953720316, 7654865.600603431463242 ], [ 413627.18303980876226, 7654901.650765826925635 ], [ 413639.721480622189119, 7654917.206632182002068 ], [ 413656.007634273613803, 7654936.142510468140244 ], [ 413671.498219733824953, 7654953.127949237823486 ], [ 413685.086181801860221, 7654967.074742211960256 ] ] ] } },
{ "type": "Feature", "properties": { "fid": 149.0, "COMPR_M": 182.31, "CLASSE": "02 - Curta", "CD_FAZ": " 400529", "TALHOES": "5, 3", "FAZ_tAL": "400028005, 400529003", "ID_LINHA": 18994 }, "geometry": { "type": "MultiLineString", "coordinates": [ [ [ 413579.913526815245859, 7654829.571483805775642 ], [ 413602.52594255679287, 7654863.578844171017408 ], [ 413619.629900247149635, 7654886.97858746163547 ], [ 413634.380849291395862, 7654905.876496968790889 ], [ 413660.875846383685712, 7654937.096999267116189 ], [ 413693.525072741380427, 7654971.590750264935195 ] ] ] } },
{ "type": "Feature", "properties": { "fid": 150.0, "COMPR_M": 191.4, "CLASSE": "02 - Curta", "CD_FAZ": " 400529", "TALHOES": "5, 3", "FAZ_tAL": "400028005, 400529003", "ID_LINHA": 18995 }, "geometry": { "type": "MultiLineString", "coordinates": [ [ [ 413582.708253167220391, 7654828.355581201612949 ], [ 413595.160867815837264, 7654847.535456394776702 ], [ 413609.392035973200109, 7654868.05416772980243 ], [ 413624.26420432300074, 7654888.11024447157979 ], [ 413639.090861409029458, 7654906.971549927257001 ], [ 413652.552789439971093, 7654923.052359827794135 ], [ 413672.515510208555497, 7654945.412309885025024 ], [ 413703.023906532442197, 7654976.540064341388643 ] ] ] } },
{ "type": "Feature", "properties": { "fid": 151.0, "COMPR_M": 200.06, "CLASSE": "02 - Curta", "CD_FAZ": " 400529", "TALHOES": "5, 3", "FAZ_tAL": "400028005, 400529003", "ID_LINHA": 18996 }, "geometry": { "type": "MultiLineString", "coordinates": [ [ [ 413585.481576516292989, 7654827.15317090973258 ], [ 413600.177920473157428, 7654849.65095732640475 ], [ 413613.908237880386878, 7654869.290043793618679 ], [ 413627.064058620657306, 7654886.897899996489286 ], [ 413642.58051732351305, 7654906.466113047674298 ], [ 413655.432289579417557, 7654921.768282438628376 ], [ 413677.433489133196417, 7654946.337260058149695 ], [ 413698.297831137257162, 7654967.855926132760942 ], [ 413712.119843764870893, 7654981.289266692474484 ] ] ] } },
{ "type": "Feature", "properties": { "fid": 152.0, "COMPR_M": 210.25, "CLASSE": "02 - Curta", "CD_FAZ": " 400529", "TALHOES": "5, 3", "FAZ_tAL": "400028005, 400529003", "ID_LINHA": 18997 }, "geometry": { "type": "MultiLineString", "coordinates": [ [ [ 413588.225781050743535, 7654825.963772503659129 ], [ 413602.391400971042458, 7654847.614975036121905 ], [ 413619.647582170553505, 7654872.108199827373028 ], [ 413638.487470699474216, 7654896.68920995015651 ], [ 413652.416072968859226, 7654913.692950151860714 ], [ 413671.510238600894809, 7654935.492572350427508 ], [ 413685.05357927858131, 7654950.149673904292285 ], [ 413705.414871972927358, 7654970.784659100696445 ], [ 413722.636477390362415, 7654986.738200228661299 ] ] ] } },
{ "type": "Feature", "properties": { "fid": 153.0, "COMPR_M": 220.63, "CLASSE": "02 - Curta", "CD_FAZ": " 400529", "TALHOES": "5, 3", "FAZ_tAL": "400028005, 400529003", "ID_LINHA": 18998 }, "geometry": { "type": "MultiLineString", "coordinates": [ [ [ 413591.064359716605395, 7654824.730206497013569 ], [ 413605.192640544963069, 7654846.378850364126265 ], [ 413618.36219577054726, 7654865.213204780593514 ], [ 413632.086378793232143, 7654883.650398064404726 ], [ 413652.091964171966538, 7654908.575214758515358 ], [ 413672.389803996309638, 7654931.960729107260704 ], [ 413689.39014110097196, 7654950.245736973360181 ], [ 413709.851076047227252, 7654970.779455231502652 ], [ 413733.321991183212958, 7654992.327326094731688 ] ] ] } },
{ "type": "Feature", "properties": { "fid": 154.0, "COMPR_M": 231.31, "CLASSE": "02 - Curta", "CD_FAZ": " 400529", "TALHOES": "5, 3", "FAZ_tAL": "400028005, 400529003", "ID_LINHA": 18999 }, "geometry": { "type": "MultiLineString", "coordinates": [ [ [ 413593.884730110585224, 7654823.505687119439244 ], [ 413613.706170790479518, 7654853.380465073511004 ], [ 413628.340864994912408, 7654873.617136217653751 ], [ 413646.138181864633225, 7654896.468693912029266 ], [ 413663.424820261192508, 7654917.181265569292009 ], [ 413680.722996521159075, 7654936.565438969060779 ], [ 413695.850536896090489, 7654952.487010324373841 ], [ 413717.939156722743064, 7654974.189585878513753 ], [ 413744.234921903349459, 7654998.112330789677799 ] ] ] } },
{ "type": "Feature", "properties": { "fid": 155.0, "COMPR_M": 241.59, "CLASSE": "02 - Curta", "CD_FAZ": " 400529", "TALHOES": "5, 3", "FAZ_tAL": "400028005, 400529003", "ID_LINHA": 19000 }, "geometry": { "type": "MultiLineString", "coordinates": [ [ [ 413596.636397650581785, 7654822.311898531392217 ], [ 413613.083190358593129, 7654847.228025219403207 ], [ 413630.516361768590286, 7654871.608560651540756 ], [ 413651.429315533605404, 7654898.376968653872609 ], [ 413666.910991845943499, 7654916.671386258676648 ], [ 413684.930030706513207, 7654936.752043828368187 ], [ 413705.073666276759468, 7654957.555612407624722 ], [ 413729.608868683455512, 7654981.064962442964315 ], [ 413754.929724530200474, 7655003.491509347222745 ] ] ] } },
{ "type": "Feature", "properties": { "fid": 156.0, "COMPR_M": 252.36, "CLASSE": "02 - Curta", "CD_FAZ": " 400529", "TALHOES": "5, 3", "FAZ_tAL": "400028005, 400529003", "ID_LINHA": 19001 }, "geometry": { "type": "MultiLineString", "coordinates": [ [ [ 413599.412755699129775, 7654821.105267534032464 ], [ 413619.825253395945765, 7654851.798265401273966 ], [ 413639.353967002418358, 7654878.356108317151666 ], [ 413655.495646667433903, 7654898.674591791816056 ], [ 413681.682001227629371, 7654928.894035126082599 ], [ 413704.422112684638705, 7654952.758122566156089 ], [ 413721.579214946366847, 7654969.495883945375681 ], [ 413754.169961451203562, 7654999.026970416307449 ], [ 413766.228786376479547, 7655008.920602411031723 ] ] ] } },
{ "type": "Feature", "properties": { "fid": 157.0, "COMPR_M": 264.46, "CLASSE": "02 - Curta", "CD_FAZ": " 400529", "TALHOES": "5, 3", "FAZ_tAL": "400028005, 400529003", "ID_LINHA": 19002 }, "geometry": { "type": "MultiLineString", "coordinates": [ [ [ 413602.309014904487412, 7654819.84321540594101 ], [ 413624.405067373882048, 7654852.988781694322824 ], [ 413640.403553652227856, 7654874.693827722221613 ], [ 413660.382092360348906, 7654899.657015278935432 ], [ 413685.331378946080804, 7654928.287958901375532 ], [ 413704.592368094425183, 7654948.552273297682405 ], [ 413730.384125967044383, 7654973.642318953759968 ], [ 413756.439170620345976, 7654996.961248748004436 ], [ 413778.79427469195798, 7655014.969609964638948 ] ] ] } },
{ "type": "Feature", "properties": { "fid": 158.0, "COMPR_M": 274.87, "CLASSE": "02 - Curta", "CD_FAZ": " 400529", "TALHOES": "5, 3", "FAZ_tAL": "400028005, 400529003", "ID_LINHA": 19003 }, "geometry": { "type": "MultiLineString", "coordinates": [ [ [ 413605.000299517821986, 7654818.682022275403142 ], [ 413626.066111994325183, 7654850.133341260254383 ], [ 413643.186254308908246, 7654873.485435396432877 ], [ 413665.734049390594009, 7654901.51745961047709 ], [ 413689.52669035596773, 7654928.495364557951689 ], [ 413711.714952824637294, 7654951.492322062142193 ], [ 413739.175844789773691, 7654977.71542679797858 ], [ 413764.734638726164121, 7655000.077497649937868 ], [ 413789.891095219354611, 7655020.06131973862648 ] ] ] } },
{ "type": "Feature", "properties": { "fid": 159.0, "COMPR_M": 287.57, "CLASSE": "02 - Curta", "CD_FAZ": " 400529", "TALHOES": "5, 3", "FAZ_tAL": "400028005, 400529003", "ID_LINHA": 19004 }, "geometry": { "type": "MultiLineString", "coordinates": [ [ [ 413803.147947586025111, 7655026.122388046234846 ], [ 413779.262327993521467, 7655008.021878521889448 ], [ 413748.705253386171535, 7654982.279116418212652 ], [ 413716.598381669668015, 7654952.252660793252289 ], [ 413695.744132932275534, 7654930.737378392368555 ], [ 413669.188978684833273, 7654900.878290488384664 ], [ 413647.148973200586624, 7654873.737858350388706 ], [ 413628.778962333453819, 7654848.818657438270748 ], [ 413607.729419489507563, 7654817.500265201553702 ] ] ] } },
{ "type": "Feature", "properties": { "fid": 160.0, "COMPR_M": 300.0, "CLASSE": "03 - Média", "CD_FAZ": " 400529", "TALHOES": "5, 3", "FAZ_tAL": "400028005, 400529003", "ID_LINHA": 19005 }, "geometry": { "type": "MultiLineString", "coordinates": [ [ [ 413610.522863857855555, 7654816.284799939021468 ], [ 413632.208919526310638, 7654848.503222712315619 ], [ 413651.867775810300373, 7654874.990767447277904 ], [ 413674.676236085826531, 7654902.77895257435739 ], [ 413701.485759102390148, 7654932.409454143606126 ], [ 413721.037174778291956, 7654952.418038418516517 ], [ 413754.006690812064335, 7654982.991269086487591 ], [ 413785.485462521493901, 7655009.165457732975483 ], [ 413816.1734221795341, 7655032.04066514596343 ] ] ] } },
{ "type": "Feature", "properties": { "fid": 161.0, "COMPR_M": 310.41, "CLASSE": "03 - Média", "CD_FAZ": " 400529", "TALHOES": "5, 3", "FAZ_tAL": "400028005, 400529003", "ID_LINHA": 19006 }, "geometry": { "type": "MultiLineString", "coordinates": [ [ [ 413613.3377653885982, 7654815.060238525271416 ], [ 413635.582459886674769, 7654848.122578397393227 ], [ 413653.46708106494043, 7654872.135716887190938 ], [ 413681.486678467888851, 7654906.026707394979894 ], [ 413708.541964618547354, 7654935.410876772366464 ], [ 413722.544744068174623, 7654949.65609292127192 ], [ 413736.315416126337368, 7654962.746601926162839 ], [ 413758.539587345789187, 7654982.816398106515408 ], [ 413787.714266650902573, 7655007.126247964799404 ], [ 413827.590517978183925, 7655036.776839412748814 ] ] ] } },
{ "type": "Feature", "properties": { "fid": 162.0, "COMPR_M": 320.56, "CLASSE": "03 - Média", "CD_FAZ": " 400529", "TALHOES": "5, 3", "FAZ_tAL": "400028005, 400529003", "ID_LINHA": 19007 }, "geometry": { "type": "MultiLineString", "coordinates": [ [ [ 413616.186590311932378, 7654813.823207087814808 ], [ 413639.581206690287217, 7654848.52255548350513 ], [ 413657.607439761166461, 7654872.439376254566014 ], [ 413672.067535242473241, 7654890.306852770969272 ], [ 413689.660200533340685, 7654910.758183147758245 ], [ 413713.546005874348339, 7654936.275873089209199 ], [ 413726.22806308924919, 7654949.032253311946988 ], [ 413742.941546926507726, 7654964.794213293120265 ], [ 413756.228469974535983, 7654976.910055881366134 ], [ 413774.486827940330841, 7654992.448384698480368 ], [ 413800.255079262307845, 7655013.035694776102901 ], [ 413826.799326404347084, 7655032.588953051716089 ], [ 413839.1265867575421, 7655040.888964748941362 ] ] ] } },
{ "type": "Feature", "properties": { "fid": 163.0, "COMPR_M": 328.26, "CLASSE": "03 - Média", "CD_FAZ": " 400529", "TALHOES": "5, 3", "FAZ_tAL": "400028005, 400529003", "ID_LINHA": 19008 }, "geometry": { "type": "MultiLineString", "coordinates": [ [ [ 413618.949296235339716, 7654812.623863568529487 ], [ 413628.134258921025321, 7654826.759053751826286 ], [ 413642.367297772900201, 7654847.284496563486755 ], [ 413654.224888894474134, 7654863.389315336942673 ], [ 413666.624772983312141, 7654879.038843395188451 ], [ 413693.152991680137347, 7654910.243362725712359 ], [ 413708.740238215483259, 7654927.144406666979194 ], [ 413725.557774714543484, 7654944.23326838389039 ], [ 413737.708174957660958, 7654956.071366695687175 ], [ 413756.932922506297473, 7654973.564525365829468 ], [ 413782.022277478943579, 7654994.93783316668123 ], [ 413804.705006943375338, 7655012.996884766034782 ], [ 413848.380083873926196, 7655043.921655081212521 ] ] ] } },
{ "type": "Feature", "properties": { "fid": 164.0, "COMPR_M": 334.7, "CLASSE": "03 - Média", "CD_FAZ": " 400529", "TALHOES": "5, 3", "FAZ_tAL": "400028005, 400529003", "ID_LINHA": 19009 }, "geometry": { "type": "MultiLineString", "coordinates": [ [ [ 413621.667736724019051, 7654811.444191357120872 ], [ 413645.723720144247636, 7654846.898142633028328 ], [ 413670.060785566689447, 7654878.571749547496438 ], [ 413695.992914692964405, 7654908.974976932629943 ], [ 413710.889958106796257, 7654925.122761179693043 ], [ 413724.210604514577426, 7654938.648412154987454 ], [ 413753.135966942529194, 7654966.221448373049498 ], [ 413768.073271665489301, 7654979.464834502898157 ], [ 413786.575696070445701, 7654994.740201497450471 ], [ 413808.535556408460252, 7655012.084183940663934 ], [ 413856.69947650982067, 7655046.108709445223212 ] ] ] } },
{ "type": "Feature", "properties": { "fid": 165.0, "COMPR_M": 341.63, "CLASSE": "03 - Média", "CD_FAZ": " 400529", "TALHOES": "5, 3", "FAZ_tAL": "400028005, 400529003", "ID_LINHA": 19010 }, "geometry": { "type": "MultiLineString", "coordinates": [ [ [ 413624.479915173200425, 7654810.228383328765631 ], [ 413647.403312352136709, 7654844.013167079538107 ], [ 413662.358804684947245, 7654864.022584393620491 ], [ 413675.491377964266576, 7654880.389114029705524 ], [ 413700.288766594370827, 7654909.132766565307975 ], [ 413714.562798859144095, 7654924.513291974551976 ], [ 413730.041309063148219, 7654940.113355489447713 ], [ 413758.416429832868744, 7654966.78997940570116 ], [ 413793.512537587201223, 7654996.443462309427559 ], [ 413810.084073240344878, 7655009.332946901209652 ], [ 413830.257946448982693, 7655024.02948210015893 ], [ 413857.414581599645317, 7655042.781085784547031 ], [ 413865.990811205818318, 7655047.819756352342665 ] ] ] } },
{ "type": "Feature", "properties": { "fid": 166.0, "COMPR_M": 348.23, "CLASSE": "03 - Média", "CD_FAZ": " 400529", "TALHOES": "5, 3", "FAZ_tAL": "400028005, 400529003", "ID_LINHA": 19011 }, "geometry": { "type": "MultiLineString", "coordinates": [ [ [ 413627.281320447218604, 7654809.011750319972634 ], [ 413647.346226067806128, 7654838.708662295714021 ], [ 413665.826124068407807, 7654863.539940560236573 ], [ 413679.628246402135119, 7654880.669301707297564 ], [ 413703.874169601360336, 7654908.562903468497097 ], [ 413716.104154294589534, 7654921.750632647424936 ], [ 413732.984919222653843, 7654938.765774557366967 ], [ 413762.161498379369732, 7654966.063311479985714 ], [ 413795.019705036072992, 7654993.729595566168427 ], [ 413817.177553179790266, 7655010.830199555493891 ], [ 413838.334058035106864, 7655025.883785837329924 ], [ 413857.278883537976071, 7655038.909098863601685 ], [ 413874.658522971905768, 7655049.862047336064279 ] ] ] } },
{ "type": "Feature", "properties": { "fid": 167.0, "COMPR_M": 352.52, "CLASSE": "03 - Média", "CD_FAZ": " 400529", "TALHOES": "5, 3", "FAZ_tAL": "400028005, 400529003", "ID_LINHA": 19012 }, "geometry": { "type": "MultiLineString", "coordinates": [ [ [ 413630.140737880137749, 7654807.772001080214977 ], [ 413652.515841697982978, 7654840.716980281285942 ], [ 413666.896930912567768, 7654859.930015008896589 ], [ 413683.159056257631164, 7654880.172437687404454 ], [ 413707.487359966151416, 7654907.998525640927255 ], [ 413722.565074437297881, 7654923.986241953447461 ], [ 413738.098972854320891, 7654939.534403754398227 ], [ 413766.669424213410821, 7654966.028889840468764 ], [ 413797.292230411781929, 7654991.677997074089944 ], [ 413819.449903418077156, 7655008.755204068496823 ], [ 413841.416277733107563, 7655024.428368370980024 ], [ 413881.440252510481514, 7655050.600886886008084 ] ] ] } },
{ "type": "Feature", "properties": { "fid": 168.0, "COMPR_M": 356.4, "CLASSE": "03 - Média", "CD_FAZ": " 400529", "TALHOES": "5, 3", "FAZ_tAL": "400028005, 400529003", "ID_LINHA": 19013 }, "geometry": { "type": "MultiLineString", "coordinates": [ [ [ 413632.804749574512243, 7654806.615130851976573 ], [ 413655.847126176231541, 7654840.339825579896569 ], [ 413670.271042041887995, 7654859.492612710222602 ], [ 413686.53368105518166, 7654879.74859063886106 ], [ 413710.944469131994992, 7654907.485062970779836 ], [ 413726.103582746814936, 7654923.404611636884511 ], [ 413743.10392401390709, 7654940.308479385450482 ], [ 413759.129871298850048, 7654955.347899020649493 ], [ 413780.088433746481314, 7654973.876549987122416 ], [ 413806.531379621766973, 7654995.19056838657707 ], [ 413828.830884937080555, 7655012.106092726811767 ], [ 413846.88906984985806, 7655024.653213194571435 ], [ 413869.368336881219875, 7655039.565177272073925 ], [ 413887.888195551058743, 7655050.884064673446119 ] ] ] } },
{ "type": "Feature", "properties": { "fid": 169.0, "COMPR_M": 359.44, "CLASSE": "03 - Média", "CD_FAZ": " 400529", "TALHOES": "5, 3", "FAZ_tAL": "400028005, 400529003", "ID_LINHA": 19014 }, "geometry": { "type": "MultiLineString", "coordinates": [ [ [ 413635.655330648995005, 7654805.376978688873351 ], [ 413653.53931208292488, 7654831.73043174482882 ], [ 413664.713354808045551, 7654847.098547160625458 ], [ 413675.011197312094737, 7654860.591417020186782 ], [ 413690.771646990615409, 7654879.94536985270679 ], [ 413707.194333066581748, 7654898.780843982473016 ], [ 413724.164586139668245, 7654917.110980816185474 ], [ 413749.03159560757922, 7654941.667732646688819 ], [ 413767.417992103728466, 7654958.57327588647604 ], [ 413785.500037641322706, 7654974.304595652967691 ], [ 413817.596567444794346, 7654999.784137623384595 ], [ 413832.825071116967592, 7655011.088667828589678 ], [ 413849.240307445579674, 7655022.491267776116729 ], [ 413866.71296517981682, 7655034.121337646618485 ], [ 413893.599727241846267, 7655051.021661167033017 ] ] ] } },
{ "type": "Feature", "properties": { "fid": 170.0, "COMPR_M": 361.65, "CLASSE": "03 - Média", "CD_FAZ": " 400529", "TALHOES": "5, 3", "FAZ_tAL": "400028005, 400529003", "ID_LINHA": 19015 }, "geometry": { "type": "MultiLineString", "coordinates": [ [ [ 413638.387869450962171, 7654804.191717103123665 ], [ 413652.278062116645742, 7654824.80428839661181 ], [ 413665.095798684982583, 7654842.67104113381356 ], [ 413691.006285852461588, 7654875.630298694595695 ], [ 413716.781196364201605, 7654904.844227435067296 ], [ 413730.528879894234706, 7654919.340491972863674 ], [ 413750.483382827253081, 7654938.961561387404799 ], [ 413767.349523832439445, 7654954.553598657250404 ], [ 413786.175448218127713, 7654970.962228299118578 ], [ 413805.491661113162991, 7654986.785229065455496 ], [ 413823.010764055652544, 7655000.090789364650846 ], [ 413839.119669166917447, 7655011.882358031347394 ], [ 413858.930721046635881, 7655025.407996740192175 ], [ 413878.195692700042855, 7655037.95598647557199 ], [ 413898.669888144126162, 7655050.459708610549569 ] ] ] } },
{ "type": "Feature", "properties": { "fid": 171.0, "COMPR_M": 362.56, "CLASSE": "03 - Média", "CD_FAZ": " 400529", "TALHOES": "5, 3", "FAZ_tAL": "400028005, 400529003", "ID_LINHA": 19016 }, "geometry": { "type": "MultiLineString", "coordinates": [ [ [ 413641.28201194643043, 7654802.93796737678349 ], [ 413655.100526843336411, 7654823.609348129481077 ], [ 413666.755642629461363, 7654839.822562894783914 ], [ 413693.931225932552479, 7654874.374919651076198 ], [ 413716.3523718949873, 7654899.852786609902978 ], [ 413730.699950387934223, 7654915.168485266156495 ], [ 413748.384436029475182, 7654932.790561340749264 ], [ 413780.961491809459403, 7654962.313229816034436 ], [ 413805.477007843204774, 7654982.874408139847219 ], [ 413814.905001793580595, 7654990.220295267179608 ], [ 413838.989143215410877, 7655008.095631934702396 ], [ 413856.30653447448276, 7655019.915579652413726 ], [ 413878.862309076590464, 7655034.697901647537947 ], [ 413902.640377474133857, 7655049.32187307998538 ] ] ] } },
{ "type": "Feature", "properties": { "fid": 172.0, "COMPR_M": 363.04, "CLASSE": "03 - Média", "CD_FAZ": " 400529", "TALHOES": "5, 3", "FAZ_tAL": "400028005, 400529003", "ID_LINHA": 19017 }, "geometry": { "type": "MultiLineString", "coordinates": [ [ [ 413644.162288983352482, 7654801.699144640937448 ], [ 413667.264031718601473, 7654835.333973845466971 ], [ 413695.551134733250365, 7654871.567451022565365 ], [ 413711.915526852651965, 7654890.424707264639437 ], [ 413728.897994633414783, 7654908.752994469366968 ], [ 413756.541861493082251, 7654936.197031361050904 ], [ 413781.025976800476201, 7654958.252399302087724 ], [ 413816.430286476388574, 7654987.518662709742785 ], [ 413841.384486619150266, 7655005.878749771043658 ], [ 413864.497427393682301, 7655021.663300300016999 ], [ 413882.091923113970552, 7655033.081246441230178 ], [ 413906.299009898735676, 7655047.921307615935802 ] ] ] } },
{ "type": "Feature", "properties": { "fid": 173.0, "COMPR_M": 363.54, "CLASSE": "03 - Média", "CD_FAZ": " 400529", "TALHOES": "5, 3", "FAZ_tAL": "400028005, 400529003", "ID_LINHA": 19018 }, "geometry": { "type": "MultiLineString", "coordinates": [ [ [ 413646.790224749711342, 7654800.545754358172417 ], [ 413670.052100943517871, 7654834.113933952525258 ], [ 413695.160441511950921, 7654866.472204733639956 ], [ 413710.681805505009834, 7654884.73025254253298 ], [ 413724.117427878023591, 7654899.517186095938087 ], [ 413742.857747308793478, 7654918.923925527371466 ], [ 413760.0933390778373, 7654935.591079691424966 ], [ 413776.320793008955661, 7654950.41355361789465 ], [ 413796.80048204556806, 7654967.983350612223148 ], [ 413816.267259351734538, 7654983.645851289853454 ], [ 413831.391760569938924, 7654995.084194630384445 ], [ 413866.587981466087513, 7655019.720109441317618 ], [ 413887.57601316110231, 7655033.25171447917819 ], [ 413909.72646323137451, 7655046.621932696551085 ] ] ] } },
{ "type": "Feature", "properties": { "fid": 174.0, "COMPR_M": 363.89, "CLASSE": "03 - Média", "CD_FAZ": " 400529", "TALHOES": "5, 3", "FAZ_tAL": "400028005, 400529003", "ID_LINHA": 19019 }, "geometry": { "type": "MultiLineString", "coordinates": [ [ [ 413649.44563546590507, 7654799.394902005791664 ], [ 413665.120875980006531, 7654822.41071823053062 ], [ 413678.086821739037987, 7654840.18037782330066 ], [ 413703.655346041487064, 7654872.150788655504584 ], [ 413716.736964687646832, 7654887.2507254332304 ], [ 413730.279079195694067, 7654901.93661137484014 ], [ 413746.369727360608522, 7654918.350406197831035 ], [ 413763.645807428110857, 7654934.976895578205585 ], [ 413794.2976626456948, 7654962.142617227509618 ], [ 413819.138343141239602, 7654982.261036619544029 ], [ 413832.708058405551128, 7654992.480373056605458 ], [ 413862.907286011613905, 7655013.780131414532661 ], [ 413886.398199207149446, 7655029.009557420387864 ], [ 413912.975301735510584, 7655045.360989517532289 ] ] ] } },
{ "type": "Feature", "properties": { "fid": 175.0, "COMPR_M": 364.34, "CLASSE": "03 - Média", "CD_FAZ": " 400529", "TALHOES": "5, 3", "FAZ_tAL": "400028005, 400529003", "ID_LINHA": 19020 }, "geometry": { "type": "MultiLineString", "coordinates": [ [ [ 413652.249444177316036, 7654798.178892084397376 ], [ 413665.057608865608927, 7654817.097032759338617 ], [ 413677.314849878661335, 7654834.123635331168771 ], [ 413691.281904927105643, 7654852.347165863960981 ], [ 413703.28769702045247, 7654867.052807029336691 ], [ 413719.649834307492711, 7654885.928089821711183 ], [ 413732.474939452600665, 7654899.903953714296222 ], [ 413749.226713177282363, 7654917.063386749476194 ], [ 413766.542383735650219, 7654933.646697890013456 ], [ 413799.583069584623445, 7654962.641895042732358 ], [ 413830.898854959581513, 7654987.437785469926894 ], [ 413848.683796783618163, 7655000.3770084194839 ], [ 413867.631317905732431, 7655013.380332596600056 ], [ 413884.393183474661782, 7655024.249563908204436 ], [ 413916.540045413363259, 7655043.922335510142148 ] ] ] } },
{ "type": "Feature", "properties": { "fid": 176.0, "COMPR_M": 364.82, "CLASSE": "03 - Média", "CD_FAZ": " 400529", "TALHOES": "5, 3", "FAZ_tAL": "400028005, 400529003", "ID_LINHA": 19021 }, "geometry": { "type": "MultiLineString", "coordinates": [ [ [ 413655.101222008059267, 7654796.939793331548572 ], [ 413677.187946678488515, 7654828.886431821621954 ], [ 413690.415985187806655, 7654846.431708480231464 ], [ 413704.895677122811321, 7654864.259558776393533 ], [ 413716.571855309710372, 7654877.931720726191998 ], [ 413734.744769057491794, 7654897.870075603947043 ], [ 413750.791120282607153, 7654914.314975759014487 ], [ 413769.511553144548088, 7654932.306599443778396 ], [ 413797.968880188942421, 7654957.422661304473877 ], [ 413812.67582776438212, 7654969.447958066128194 ], [ 413836.369258831837215, 7654987.761439577676356 ], [ 413873.239584664115682, 7655013.526731776073575 ], [ 413891.736661040689796, 7655025.34516011737287 ], [ 413920.159988097439054, 7655042.468758426606655 ] ] ] } },
{ "type": "Feature", "properties": { "fid": 177.0, "COMPR_M": 365.38, "CLASSE": "03 - Média", "CD_FAZ": " 400529", "TALHOES": "5, 3", "FAZ_tAL": "400028005, 400529003", "ID_LINHA": 19022 }, "geometry": { "type": "MultiLineString", "coordinates": [ [ [ 413657.909882357052993, 7654795.719480562955141 ], [ 413671.290967274049763, 7654815.455967212095857 ], [ 413684.782696801470593, 7654834.063106081448495 ], [ 413706.456964431214146, 7654861.483939605765045 ], [ 413720.132650878280401, 7654877.394948387518525 ], [ 413736.958577392506413, 7654895.854597114026546 ], [ 413755.120139888720587, 7654914.423017060384154 ], [ 413771.722316059516743, 7654930.307189265266061 ], [ 413801.716740297037177, 7654956.689590280875564 ], [ 413814.885301376925781, 7654967.438697153702378 ], [ 413838.624296698661055, 7654985.706671360880136 ], [ 413858.08874502137769, 7654999.713991886004806 ], [ 413876.299570193863474, 7655012.03793029114604 ], [ 413892.309096720768139, 7655022.221966232173145 ], [ 413923.795373027271125, 7655041.11489365901798 ] ] ] } },
{ "type": "Feature", "properties": { "fid": 178.0, "COMPR_M": 365.81, "CLASSE": "03 - Média", "CD_FAZ": " 400529", "TALHOES": "5, 3", "FAZ_tAL": "400028005, 400529003", "ID_LINHA": 19023 }, "geometry": { "type": "MultiLineString", "coordinates": [ [ [ 413660.674241658474784, 7654794.52155922818929 ], [ 413677.536259507993236, 7654819.150572026148438 ], [ 413688.766484976513311, 7654834.452576217241585 ], [ 413699.186862666741945, 7654847.837127398699522 ], [ 413717.07721835677512, 7654869.344879077747464 ], [ 413744.010002998984419, 7654898.846925238147378 ], [ 413760.181420191773213, 7654915.173276821151376 ], [ 413778.389822634169832, 7654932.272652996703982 ], [ 413801.692358515516389, 7654952.680052241310477 ], [ 413817.908655952196568, 7654966.002007444389164 ], [ 413849.78092313115485, 7654990.078631796874106 ], [ 413882.747898645233363, 7655012.638012260198593 ], [ 413927.27628228237154, 7655039.792436502873898 ] ] ] } },
{ "type": "Feature", "properties": { "fid": 179.0, "COMPR_M": 366.28, "CLASSE": "03 - Média", "CD_FAZ": " 400529", "TALHOES": "5, 3", "FAZ_tAL": "400028005, 400529003", "ID_LINHA": 19024 }, "geometry": { "type": "MultiLineString", "coordinates": [ [ [ 413663.452654663473368, 7654793.317441063001752 ], [ 413678.037521218357142, 7654814.648029649630189 ], [ 413693.971285773382988, 7654836.39307657442987 ], [ 413714.114240038208663, 7654861.219595897011459 ], [ 413729.860370728885755, 7654879.298287546262145 ], [ 413744.094114468956832, 7654894.69683029409498 ], [ 413763.83701753144851, 7654914.522610511630774 ], [ 413778.3917146185413, 7654928.21775926463306 ], [ 413794.778461028763559, 7654942.852716444060206 ], [ 413817.001642794930376, 7654961.457988795824349 ], [ 413836.724468567466829, 7654976.756540335714817 ], [ 413855.287549369677436, 7654990.332293530926108 ], [ 413889.221126912278123, 7655013.238857038319111 ], [ 413930.816050900612026, 7655038.425592973828316 ] ] ] } },
{ "type": "Feature", "properties": { "fid": 180.0, "COMPR_M": 366.53, "CLASSE": "03 - Média", "CD_FAZ": " 400529", "TALHOES": "5, 3", "FAZ_tAL": "400028005, 400529003", "ID_LINHA": 19025 }, "geometry": { "type": "MultiLineString", "coordinates": [ [ [ 413666.349567253491841, 7654792.06610544770956 ], [ 413678.050521696684882, 7654809.315846662968397 ], [ 413692.112940610037185, 7654828.72679958306253 ], [ 413717.034563947352581, 7654859.955628273077309 ], [ 413730.825628972204868, 7654875.764455208554864 ], [ 413747.085536944796331, 7654893.37862017005682 ], [ 413763.257769760151859, 7654909.71749522164464 ], [ 413779.931511220289394, 7654925.498583026230335 ], [ 413794.031694340112153, 7654938.219548303633928 ], [ 413817.664405720192008, 7654958.246453227475286 ], [ 413843.735558863088954, 7654978.414558485150337 ], [ 413872.36742674454581, 7654998.505650720559061 ], [ 413888.229107639985159, 7655008.9469447247684 ], [ 413934.149084389908239, 7655037.071631200611591 ] ] ] } },
{ "type": "Feature", "properties": { "fid": 181.0, "COMPR_M": 367.38, "CLASSE": "03 - Média", "CD_FAZ": " 400529", "TALHOES": "5, 3", "FAZ_tAL": "400028005, 400529003", "ID_LINHA": 19026 }, "geometry": { "type": "MultiLineString", "coordinates": [ [ [ 413669.096449107979424, 7654790.866865884512663 ], [ 413691.285897598078009, 7654822.718164809048176 ], [ 413703.426246339804493, 7654838.60793568007648 ], [ 413718.51517292362405, 7654857.224333031103015 ], [ 413733.636129679041915, 7654874.520690349861979 ], [ 413750.633327797986567, 7654892.838413355872035 ], [ 413768.941697922651656, 7654911.269779887981713 ], [ 413782.084810747532174, 7654923.52544845174998 ], [ 413797.723095606896095, 7654937.502884807065129 ], [ 413817.556004883721471, 7654954.301264241337776 ], [ 413847.531347046897281, 7654977.545802854001522 ], [ 413877.04611299932003, 7654998.133108528330922 ], [ 413893.805399791803211, 7655009.030380554497242 ], [ 413912.457106272689998, 7655020.610499255359173 ], [ 413938.238025928090792, 7655035.424425940960646 ] ] ] } },
{ "type": "Feature", "properties": { "fid": 182.0, "COMPR_M": 368.03, "CLASSE": "03 - Média", "CD_FAZ": " 400529", "TALHOES": "5, 3", "FAZ_tAL": "400028005, 400529003", "ID_LINHA": 19027 }, "geometry": { "type": "MultiLineString", "coordinates": [ [ [ 413671.860778539557941, 7654789.661575525999069 ], [ 413693.489323767658789, 7654820.702700914815068 ], [ 413713.127562526322436, 7654845.913922943174839 ], [ 413729.14223290537484, 7654865.097682546824217 ], [ 413754.184358611004427, 7654892.267561070621014 ], [ 413771.886410859413445, 7654909.891339768655598 ], [ 413786.518157810671255, 7654923.473899741657078 ], [ 413816.614342581946403, 7654949.73977873660624 ], [ 413831.421310754027218, 7654961.660145716741681 ], [ 413849.705585954536218, 7654975.516012901440263 ], [ 413883.33042479318101, 7654998.912057572975755 ], [ 413907.872938124230132, 7655014.320731708779931 ], [ 413942.026015213341452, 7655033.948654348962009 ] ] ] } },
{ "type": "Feature", "properties": { "fid": 183.0, "COMPR_M": 368.45, "CLASSE": "03 - Média", "CD_FAZ": " 400529", "TALHOES": "5, 3", "FAZ_tAL": "400028005, 400529003", "ID_LINHA": 19028 }, "geometry": { "type": "MultiLineString", "coordinates": [ [ [ 413674.679001443437301, 7654788.439694407396019 ], [ 413688.75797745474847, 7654808.911639439873397 ], [ 413704.203661196748726, 7654829.797286476008594 ], [ 413717.870832886430435, 7654847.00082490593195 ], [ 413731.376575192203745, 7654863.0513522522524 ], [ 413758.54977475234773, 7654892.318540101870894 ], [ 413775.594776695070323, 7654909.202742263674736 ], [ 413791.735752373700961, 7654924.112190390005708 ], [ 413811.304792896436993, 7654941.180378748103976 ], [ 413828.312432378937956, 7654955.110455363057554 ], [ 413862.706770241842605, 7654980.819151857867837 ], [ 413899.220580953056924, 7655005.29053945466876 ], [ 413945.541621408774517, 7655032.649800878018141 ] ] ] } },
{ "type": "Feature", "properties": { "fid": 184.0, "COMPR_M": 368.92, "CLASSE": "03 - Média", "CD_FAZ": " 400529", "TALHOES": "5, 3", "FAZ_tAL": "400028005, 400529003", "ID_LINHA": 19029 }, "geometry": { "type": "MultiLineString", "coordinates": [ [ [ 413677.514220668643247, 7654787.208490371704102 ], [ 413691.570581935578957, 7654807.679220758378506 ], [ 413704.628553312446456, 7654825.35530967451632 ], [ 413718.203914814512245, 7654842.636522627435625 ], [ 413733.648831533500925, 7654860.973377393558621 ], [ 413744.289522649953142, 7654872.89443701505661 ], [ 413761.515486213495024, 7654890.97538204677403 ], [ 413775.668508256552741, 7654905.094565642997622 ], [ 413794.007014039205387, 7654922.029089223593473 ], [ 413806.713259561976884, 7654933.291034396737814 ], [ 413832.086474731098861, 7654954.342583041638136 ], [ 413862.461925807176158, 7654977.120740128681064 ], [ 413902.348585196945351, 7655003.741289744153619 ], [ 413917.673336011182982, 7655013.154480751603842 ], [ 413949.087926824577153, 7655031.283796019852161 ] ] ] } },
{ "type": "Feature", "properties": { "fid": 185.0, "COMPR_M": 369.34, "CLASSE": "03 - Média", "CD_FAZ": " 400529", "TALHOES": "5, 3", "FAZ_tAL": "400028005, 400529003", "ID_LINHA": 19030 }, "geometry": { "type": "MultiLineString", "coordinates": [ [ [ 413680.296970557013992, 7654786.00604556594044 ], [ 413692.674578025063965, 7654804.000607740134001 ], [ 413705.654060878790915, 7654821.754123713821173 ], [ 413729.366035660379566, 7654851.35733818076551 ], [ 413742.554294391185977, 7654866.369600003585219 ], [ 413760.327722956659272, 7654885.326041705906391 ], [ 413778.677077616041061, 7654903.681274561211467 ], [ 413795.546506912971381, 7654919.286469822749496 ], [ 413810.531421443563886, 7654932.506819830276072 ], [ 413830.532216376392171, 7654949.108336109668016 ], [ 413865.530410727486014, 7654975.641445806249976 ], [ 413889.562373744789511, 7654991.85912955366075 ], [ 413911.495616796077229, 7655005.821200234815478 ], [ 413952.686389085021801, 7655029.807973131537437 ] ] ] } },
{ "type": "Feature", "properties": { "fid": 186.0, "COMPR_M": 370.05, "CLASSE": "03 - Média", "CD_FAZ": " 400529", "TALHOES": "5, 3", "FAZ_tAL": "400028005, 400529003", "ID_LINHA": 19031 }, "geometry": { "type": "MultiLineString", "coordinates": [ [ [ 413683.165303182962816, 7654784.758226663805544 ], [ 413696.06654446903849, 7654803.59938286524266 ], [ 413707.886385970632546, 7654819.702327314764261 ], [ 413720.179078942688648, 7654835.454770421609282 ], [ 413735.532207345182542, 7654853.864459834992886 ], [ 413754.929341292881873, 7654875.392216588370502 ], [ 413767.405967748956755, 7654888.330796671099961 ], [ 413783.812586699146777, 7654904.418147951364517 ], [ 413802.959342162881512, 7654921.975740987807512 ], [ 413820.40328516473528, 7654936.914734954945743 ], [ 413840.566403249918949, 7654953.265766782686114 ], [ 413871.141326642828062, 7654975.782146007753909 ], [ 413906.10017369693378, 7654998.974740223027766 ], [ 413929.233961907797493, 7655012.866567747667432 ], [ 413956.593667157692835, 7655028.312749098055065 ] ] ] } },
{ "type": "Feature", "properties": { "fid": 187.0, "COMPR_M": 370.54, "CLASSE": "03 - Média", "CD_FAZ": " 400529", "TALHOES": "5, 3", "FAZ_tAL": "400028005, 400529003", "ID_LINHA": 19032 }, "geometry": { "type": "MultiLineString", "coordinates": [ [ [ 413685.949205629876815, 7654783.549007842317224 ], [ 413698.902068360766862, 7654802.354482343420386 ], [ 413713.15970715082949, 7654821.63555072247982 ], [ 413729.318016075296327, 7654841.958807989023626 ], [ 413744.313756414863747, 7654859.383107801899314 ], [ 413763.319502565718722, 7654879.903583275154233 ], [ 413778.070522020687349, 7654894.819717682898045 ], [ 413805.876869194034953, 7654920.628455644473433 ], [ 413821.814295672462322, 7654934.286648119799793 ], [ 413842.000133548397571, 7654950.643490073271096 ], [ 413873.319466436398216, 7654973.764702158048749 ], [ 413906.63768922368763, 7654995.851047648116946 ], [ 413934.084130651550367, 7655012.270587963052094 ], [ 413960.190702044637874, 7655026.857582581229508 ] ] ] } },
{ "type": "Feature", "properties": { "fid": 188.0, "COMPR_M": 371.13, "CLASSE": "03 - Média", "CD_FAZ": " 400529", "TALHOES": "5, 3", "FAZ_tAL": "400028005, 400529003", "ID_LINHA": 19033 }, "geometry": { "type": "MultiLineString", "coordinates": [ [ [ 413688.706776608829387, 7654782.358844658359885 ], [ 413700.538684199273121, 7654799.507682744413614 ], [ 413716.015298667654861, 7654820.384184656664729 ], [ 413729.066129925602581, 7654836.800838618539274 ], [ 413742.584936471655965, 7654852.824416959658265 ], [ 413755.265876962512266, 7654866.944875372573733 ], [ 413771.135127272398677, 7654883.570750309154391 ], [ 413787.512112686643377, 7654899.688135693781078 ], [ 413805.159561274456792, 7654915.91146347578615 ], [ 413824.854677395953331, 7654932.839415643364191 ], [ 413844.328351229138207, 7654948.489613093435764 ], [ 413878.937434856197797, 7654973.931107436306775 ], [ 413896.382118018867914, 7654985.556005186401308 ], [ 413919.205546740733553, 7654999.930911379866302 ], [ 413942.492160810215864, 7655013.570088404230773 ], [ 413963.955749670916703, 7655025.393337111920118 ] ] ] } },
{ "type": "Feature", "properties": { "fid": 189.0, "COMPR_M": 371.62, "CLASSE": "03 - Média", "CD_FAZ": " 400529", "TALHOES": "5, 3", "FAZ_tAL": "400028005, 400529003", "ID_LINHA": 19034 }, "geometry": { "type": "MultiLineString", "coordinates": [ [ [ 413691.51209538342664, 7654781.13741871714592 ], [ 413703.8777177510201, 7654799.132271241396666 ], [ 413717.562343246827368, 7654817.583218681626022 ], [ 413730.590171270596329, 7654834.024074357002974 ], [ 413747.430489893537015, 7654853.804110923781991 ], [ 413764.283289855113253, 7654872.235126723535359 ], [ 413781.100067111081444, 7654889.322559408843517 ], [ 413811.102714774897322, 7654917.19762759655714 ], [ 413832.4175369333243, 7654935.314394786022604 ], [ 413848.097273680730723, 7654947.701959777623415 ], [ 413870.529031154466793, 7654964.38767871260643 ], [ 413884.4821358602494, 7654974.096806575544178 ], [ 413899.426959947799332, 7654984.067007768899202 ], [ 413924.001533689675853, 7654999.409059323370457 ], [ 413940.386431521852501, 7655008.994099546223879 ], [ 413967.562282441882417, 7655023.902893049642444 ] ] ] } },
{ "type": "Feature", "properties": { "fid": 190.0, "COMPR_M": 372.23, "CLASSE": "03 - Média", "CD_FAZ": " 400529", "TALHOES": "5, 3", "FAZ_tAL": "400028005, 400529003", "ID_LINHA": 19035 }, "geometry": { "type": "MultiLineString", "coordinates": [ [ [ 413694.369154482265003, 7654779.896016568876803 ], [ 413710.831596927600913, 7654803.582032285630703 ], [ 413719.840828465821687, 7654815.52659229002893 ], [ 413736.048209435713943, 7654835.829004125669599 ], [ 413747.703478828654625, 7654849.509249351918697 ], [ 413761.738481968466658, 7654865.0975027885288 ], [ 413779.109258437878452, 7654883.039491135627031 ], [ 413798.509119106864091, 7654901.779017299413681 ], [ 413814.837798819702584, 7654916.480390843003988 ], [ 413834.698999338143039, 7654933.218257645145059 ], [ 413856.734237167984247, 7654950.449462229385972 ], [ 413890.108581006643362, 7654974.193536377511919 ], [ 413911.876925577176735, 7654988.369377220980823 ], [ 413928.058394078514539, 7654998.262639643624425 ], [ 413971.325083958625328, 7655022.516356451436877 ] ] ] } },
{ "type": "Feature", "properties": { "fid": 191.0, "COMPR_M": 372.86, "CLASSE": "03 - Média", "CD_FAZ": " 400529", "TALHOES": "5, 3", "FAZ_tAL": "400028005, 400529003", "ID_LINHA": 19036 }, "geometry": { "type": "MultiLineString", "coordinates": [ [ [ 413697.139590763312299, 7654778.693196623586118 ], [ 413711.889181451231707, 7654799.90174107439816 ], [ 413725.088237973977812, 7654817.480102682486176 ], [ 413736.306532141927164, 7654831.517409412190318 ], [ 413751.179838991549332, 7654849.023897003382444 ], [ 413772.873887757188641, 7654872.517566316761076 ], [ 413788.376975359744392, 7654888.095908490940928 ], [ 413818.507988550700247, 7654915.820192076265812 ], [ 413838.472296734224074, 7654932.439597396180034 ], [ 413859.738404401869047, 7654949.026122333481908 ], [ 413892.333313786017243, 7654972.127595325931907 ], [ 413930.310247840418015, 7654996.177854028530419 ], [ 413949.37534405576298, 7655007.137730252929032 ], [ 413975.077338993432932, 7655021.059243639931083 ] ] ] } },
{ "type": "Feature", "properties": { "fid": 192.0, "COMPR_M": 373.46, "CLASSE": "03 - Média", "CD_FAZ": " 400529", "TALHOES": "5, 3", "FAZ_tAL": "400028005, 400529003", "ID_LINHA": 19037 }, "geometry": { "type": "MultiLineString", "coordinates": [ [ [ 413699.958516628073994, 7654777.472458330914378 ], [ 413716.50960204412695, 7654801.060104907490313 ], [ 413728.572254007682204, 7654817.01104280911386 ], [ 413754.754957923374604, 7654848.469248688779771 ], [ 413772.348623389494605, 7654867.587780656293035 ], [ 413789.929439410101622, 7654885.328721668571234 ], [ 413819.268223445338663, 7654912.43145652487874 ], [ 413837.611263359489385, 7654927.873417587019503 ], [ 413856.434057885257062, 7654942.71131981164217 ], [ 413873.277955406694673, 7654955.202450366690755 ], [ 413896.269602158863563, 7654971.166896526701748 ], [ 413931.750277645187452, 7654993.549145214259624 ], [ 413952.549804329522885, 7655005.487378235906363 ], [ 413978.868257692316547, 7655019.563671220093966 ] ] ] } },
{ "type": "Feature", "properties": { "fid": 193.0, "COMPR_M": 374.09, "CLASSE": "03 - Média", "CD_FAZ": " 400529", "TALHOES": "5, 3", "FAZ_tAL": "400028005, 400529003", "ID_LINHA": 19038 }, "geometry": { "type": "MultiLineString", "coordinates": [ [ [ 413702.679968739161268, 7654776.292775245383382 ], [ 413717.520979324996006, 7654797.456535683944821 ], [ 413729.528461180801969, 7654813.391658460721374 ], [ 413745.87108632811578, 7654833.598652884364128 ], [ 413758.299689030158333, 7654847.944518566131592 ], [ 413771.767419614945538, 7654862.68900949228555 ], [ 413792.117979522328824, 7654883.303337225690484 ], [ 413807.337917721830308, 7654897.736295700073242 ], [ 413822.998493650229648, 7654911.686798962764442 ], [ 413840.580165068386123, 7654926.48428513109684 ], [ 413860.251377470616717, 7654941.873760839924216 ], [ 413876.276584069884848, 7654953.787192085757852 ], [ 413897.659989342850167, 7654968.54842840321362 ], [ 413920.291613197419792, 7654983.224176894873381 ], [ 413938.284378611075226, 7654994.009096837602556 ], [ 413957.416450864926446, 7655004.852447187528014 ], [ 413982.605746853281744, 7655018.105218347162008 ] ] ] } },
{ "type": "Feature", "properties": { "fid": 194.0, "COMPR_M": 374.6, "CLASSE": "03 - Média", "CD_FAZ": " 400529", "TALHOES": "5, 3", "FAZ_tAL": "400028005, 400529003", "ID_LINHA": 19039 }, "geometry": { "type": "MultiLineString", "coordinates": [ [ [ 413705.551119351759553, 7654775.045558780431747 ], [ 413719.19363982079085, 7654794.595919503830373 ], [ 413731.752755103399977, 7654811.387540504336357 ], [ 413747.437916006310843, 7654830.810504181310534 ], [ 413761.171851796621922, 7654846.679213692434132 ], [ 413786.508447427186184, 7654873.565727513283491 ], [ 413805.953028198797256, 7654892.273712960071862 ], [ 413826.768418677209411, 7654910.955437049269676 ], [ 413843.629240507667419, 7654925.035497450269759 ], [ 413868.944515000795946, 7654944.581727458164096 ], [ 413883.507252657669596, 7654955.089100601151586 ], [ 413904.202856534044258, 7654969.111875049769878 ], [ 413917.596200593514368, 7654977.809846520423889 ], [ 413942.374471564195119, 7654992.81602618470788 ], [ 413986.262194533890579, 7655016.711252877488732 ] ] ] } },
{ "type": "Feature", "properties": { "fid": 195.0, "COMPR_M": 375.18, "CLASSE": "03 - Média", "CD_FAZ": " 400529", "TALHOES": "5, 3", "FAZ_tAL": "400028005, 400529003", "ID_LINHA": 19040 }, "geometry": { "type": "MultiLineString", "coordinates": [ [ [ 413708.312270981085021, 7654773.847697829827666 ], [ 413719.058759102015756, 7654789.303647167980671 ], [ 413733.98160859500058, 7654809.339762281626463 ], [ 413748.376046051213052, 7654827.238031499087811 ], [ 413764.071647708828095, 7654845.36460892111063 ], [ 413781.744360354612581, 7654864.393599749542773 ], [ 413797.275326118804514, 7654879.928108682855964 ], [ 413811.836761607788503, 7654893.604457706212997 ], [ 413832.023757337825373, 7654911.496337389573455 ], [ 413855.267307563975919, 7654930.420971562154591 ], [ 413870.411080046847928, 7654941.852915674448013 ], [ 413885.764348893077113, 7654953.010783294215798 ], [ 413912.289294333255384, 7654970.862238049507141 ], [ 413949.002036283200141, 7654993.152707871049643 ], [ 413989.970475708658341, 7655015.285078004002571 ] ] ] } },
{ "type": "Feature", "properties": { "fid": 196.0, "COMPR_M": 375.73, "CLASSE": "03 - Média", "CD_FAZ": " 400529", "TALHOES": "5, 3", "FAZ_tAL": "400028005, 400529003", "ID_LINHA": 19041 }, "geometry": { "type": "MultiLineString", "coordinates": [ [ [ 413711.22936769714579, 7654772.569635407999158 ], [ 413724.786599797138479, 7654792.185534136369824 ], [ 413736.856756010442041, 7654808.101162638515234 ], [ 413753.88193831773242, 7654829.013418001122773 ], [ 413767.643617878027726, 7654844.828993352130055 ], [ 413781.942841233219951, 7654860.190913328900933 ], [ 413798.808195668680128, 7654877.238798335194588 ], [ 413814.795689025719184, 7654892.297431949526072 ], [ 413831.9847897317959, 7654907.534652136266232 ], [ 413850.464751561055891, 7654922.819202424958348 ], [ 413868.654336696956307, 7654936.840295124799013 ], [ 413888.038779809256084, 7654950.965345667675138 ], [ 413908.002724301419221, 7654964.234827918000519 ], [ 413924.749374762875959, 7654975.142391838133335 ], [ 413944.407227521238383, 7654987.040664819069207 ], [ 413965.298788114916533, 7654998.801054421812296 ], [ 413993.6297382080229, 7655013.92674529645592 ] ] ] } },
{ "type": "Feature", "properties": { "fid": 197.0, "COMPR_M": 376.43, "CLASSE": "03 - Média", "CD_FAZ": " 400529", "TALHOES": "5, 3", "FAZ_tAL": "400028005, 400529003", "ID_LINHA": 19042 }, "geometry": { "type": "MultiLineString", "coordinates": [ [ [ 413713.891116260376293, 7654771.424858184531331 ], [ 413728.711002531286795, 7654792.602827094495296 ], [ 413740.828730113164056, 7654808.477586037479341 ], [ 413755.957044781534933, 7654827.058066643774509 ], [ 413768.429186120163649, 7654841.364019071683288 ], [ 413780.59339368523797, 7654854.598398320376873 ], [ 413800.249729748931713, 7654874.519859704189003 ], [ 413832.608440925367177, 7654904.240605115890503 ], [ 413851.049401035299525, 7654919.55944721866399 ], [ 413868.449098721612245, 7654933.006699090823531 ], [ 413894.283038437948562, 7654951.856781307607889 ], [ 413905.025548019912094, 7654959.114065629430115 ], [ 413939.813014201470651, 7654980.787628991529346 ], [ 413953.600669278181158, 7654988.830455586314201 ], [ 413973.702594613074325, 7654999.977411044761539 ], [ 413997.492106031393632, 7655012.343057930469513 ] ] ] } },
{ "type": "Feature", "properties": { "fid": 198.0, "COMPR_M": 377.02, "CLASSE": "03 - Média", "CD_FAZ": " 400529", "TALHOES": "5, 3", "FAZ_tAL": "400028005, 400529003", "ID_LINHA": 19043 }, "geometry": { "type": "MultiLineString", "coordinates": [ [ [ 413716.706984750111587, 7654770.214392328634858 ], [ 413728.680076414137147, 7654787.280688539147377 ], [ 413742.511773870734032, 7654805.596543887630105 ], [ 413756.984063966956455, 7654823.444416303187609 ], [ 413773.388842291489709, 7654842.288631211966276 ], [ 413789.112140649871435, 7654859.040802638977766 ], [ 413803.919770534848794, 7654873.909180590882897 ], [ 413824.424012992007192, 7654892.921742731705308 ], [ 413837.215250886976719, 7654904.08390511572361 ], [ 413857.272222508268896, 7654920.571263168007135 ], [ 413877.961107582959812, 7654936.300913413055241 ], [ 413911.593666154134553, 7654959.679234197363257 ], [ 413937.065250280604232, 7654975.451526014134288 ], [ 413954.323605149635114, 7654985.513675536029041 ], [ 413974.351122270454653, 7654996.786270765587687 ], [ 414001.311925804475322, 7655010.852750547230244 ] ] ] } },
{ "type": "Feature", "properties": { "fid": 199.0, "COMPR_M": 377.76, "CLASSE": "03 - Média", "CD_FAZ": " 400529", "TALHOES": "5, 3", "FAZ_tAL": "400028005, 400529003", "ID_LINHA": 19044 }, "geometry": { "type": "MultiLineString", "coordinates": [ [ [ 413719.495498318574391, 7654768.992435244843364 ], [ 413733.782402483688202, 7654789.313867851160467 ], [ 413745.9139457216952, 7654805.169580403715372 ], [ 413759.811445845931303, 7654822.191417492926121 ], [ 413778.243967595743015, 7654843.237216713838279 ], [ 413792.643049464793876, 7654858.47260101698339 ], [ 413807.493955513928086, 7654873.29660436231643 ], [ 413825.854170494829305, 7654890.230853699147701 ], [ 413843.954135390347801, 7654905.940036404877901 ], [ 413861.793847334687598, 7654920.434158220887184 ], [ 413882.533821760618594, 7654936.058200873434544 ], [ 413919.611686479358468, 7654961.493643787689507 ], [ 413940.813940125517547, 7654974.66298676840961 ], [ 413959.920261523395311, 7654985.558780211955309 ], [ 414005.16095677181147, 7655009.365510871633887 ] ] ] } },
{ "type": "Feature", "properties": { "fid": 200.0, "COMPR_M": 378.47, "CLASSE": "03 - Média", "CD_FAZ": " 400529", "TALHOES": "5, 3", "FAZ_tAL": "400028005, 400529003", "ID_LINHA": 19045 }, "geometry": { "type": "MultiLineString", "coordinates": [ [ [ 413722.305286848335527, 7654767.773119342513382 ], [ 413729.562330209068023, 7654778.361202912405133 ], [ 413748.183954515494406, 7654803.10999546200037 ], [ 413764.642781221598852, 7654823.198845475912094 ], [ 413779.168631278909743, 7654839.686623327434063 ], [ 413795.600986583274789, 7654857.125945843756199 ], [ 413810.482771318638697, 7654871.940773852169514 ], [ 413825.118020661175251, 7654885.512270097620785 ], [ 413842.426557307248004, 7654900.628066910430789 ], [ 413874.376601526688319, 7654926.239599434658885 ], [ 413892.122296025510877, 7654939.207048742100596 ], [ 413925.269257153151557, 7654961.552510995417833 ], [ 413941.417265931610018, 7654971.488738802261651 ], [ 413962.241112328949384, 7654983.375477345660329 ], [ 413977.167225823737681, 7654991.478383244946599 ], [ 414009.156588370271493, 7655007.690213683992624 ] ] ] } },
{ "type": "Feature", "properties": { "fid": 201.0, "COMPR_M": 379.16, "CLASSE": "03 - Média", "CD_FAZ": " 400529", "TALHOES": "5, 3", "FAZ_tAL": "400028005, 400529003", "ID_LINHA": 19046 }, "geometry": { "type": "MultiLineString", "coordinates": [ [ [ 413725.074085778091103, 7654766.569868864491582 ], [ 413737.607626719633117, 7654784.45998016372323 ], [ 413748.449017374136019, 7654798.774439885281026 ], [ 413768.068905335385352, 7654822.732561968266964 ], [ 413783.324203462689184, 7654839.913055834360421 ], [ 413796.392675757058896, 7654853.685573938302696 ], [ 413817.728278875292744, 7654874.743109667673707 ], [ 413850.709744576073717, 7654903.796513378620148 ], [ 413870.202697494183667, 7654919.376573256216943 ], [ 413890.285862318472937, 7654934.251993143931031 ], [ 413922.484854683862068, 7654956.155607827939093 ], [ 413960.967883824487217, 7654979.401012536138296 ], [ 413978.426353985909373, 7654989.187333905138075 ], [ 414013.085642378835473, 7655005.960222028195858 ] ] ] } },
{ "type": "Feature", "properties": { "fid": 202.0, "COMPR_M": 379.82, "CLASSE": "03 - Média", "CD_FAZ": " 400529", "TALHOES": "5, 3", "FAZ_tAL": "400028005, 400529003", "ID_LINHA": 19047 }, "geometry": { "type": "MultiLineString", "coordinates": [ [ [ 413728.033957364677917, 7654765.283996660262346 ], [ 413736.394529132579919, 7654777.530485393479466 ], [ 413756.352079773088917, 7654803.753092365339398 ], [ 413771.039100317051634, 7654821.43588244356215 ], [ 413789.018969422846567, 7654841.545194945298135 ], [ 413818.557264203380328, 7654871.304078190587461 ], [ 413837.819296108325943, 7654888.748135363683105 ], [ 413853.789900096133351, 7654902.317766964435577 ], [ 413884.528704749478493, 7654926.264857564121485 ], [ 413902.458381230244413, 7654938.984976422041655 ], [ 413931.614340794330928, 7654958.265307202935219 ], [ 413959.92287178710103, 7654975.170117760077119 ], [ 413981.803116603812668, 7654987.242298377677798 ], [ 413997.804987327486742, 7654995.453442798927426 ], [ 414017.022776013298426, 7655004.449394205585122 ] ] ] } },
{ "type": "Feature", "properties": { "fid": 203.0, "COMPR_M": 380.35, "CLASSE": "03 - Média", "CD_FAZ": " 400529", "TALHOES": "5, 3", "FAZ_tAL": "400028005, 400529003", "ID_LINHA": 19048 }, "geometry": { "type": "MultiLineString", "coordinates": [ [ [ 413730.673552555206697, 7654764.141815081238747 ], [ 413746.238400328962598, 7654786.013750941492617 ], [ 413756.036647140281275, 7654798.610336009413004 ], [ 413768.654770482855383, 7654814.099557366222143 ], [ 413789.799355270690285, 7654838.076397167518735 ], [ 413802.909807313815691, 7654851.790826983749866 ], [ 413822.133982620143797, 7654870.703598700463772 ], [ 413842.24886471463833, 7654888.696555899456143 ], [ 413856.772581252618693, 7654900.925759618170559 ], [ 413885.113527352805249, 7654923.044553411193192 ], [ 413922.835406115977094, 7654949.268121672794223 ], [ 413950.067729887086898, 7654966.024244707077742 ], [ 413969.978107375267427, 7654977.497602058574557 ], [ 413999.090824900136795, 7654992.962200742214918 ], [ 414020.631045071990229, 7655002.940136091783643 ] ] ] } },
{ "type": "Feature", "properties": { "fid": 204.0, "COMPR_M": 380.77, "CLASSE": "03 - Média", "CD_FAZ": " 400529", "TALHOES": "5, 3", "FAZ_tAL": "400028005, 400529003", "ID_LINHA": 19049 }, "geometry": { "type": "MultiLineString", "coordinates": [ [ [ 413733.488728420459665, 7654762.917187518440187 ], [ 413743.125613892800175, 7654776.725828049704432 ], [ 413757.679040702001657, 7654795.770644288510084 ], [ 413774.184105387248565, 7654815.814458642154932 ], [ 413793.434126224310603, 7654837.454848559573293 ], [ 413805.833910259068944, 7654850.486492051742971 ], [ 413823.651320806879085, 7654867.957008292898536 ], [ 413840.746338920900598, 7654883.323490869253874 ], [ 413858.263689828105271, 7654898.179370152764022 ], [ 413875.455895826744381, 7654911.877624407410622 ], [ 413892.265172485611401, 7654924.435210609808564 ], [ 413916.025420625752304, 7654941.010452354326844 ], [ 413937.746894933166914, 7654955.2314129807055 ], [ 413978.488046239188407, 7654978.60992257297039 ], [ 414010.486741331929807, 7654995.057522285729647 ], [ 414024.201390339294448, 7655001.524339010939002 ] ] ] } },
{ "type": "Feature", "properties": { "fid": 205.0, "COMPR_M": 381.25, "CLASSE": "03 - Média", "CD_FAZ": " 400529", "TALHOES": "5, 3", "FAZ_tAL": "400028005, 400529003", "ID_LINHA": 19050 }, "geometry": { "type": "MultiLineString", "coordinates": [ [ [ 413736.323332505649887, 7654761.690775418654084 ], [ 413750.142947426007595, 7654781.111192259937525 ], [ 413761.077912475855555, 7654795.370561733841896 ], [ 413779.596767300448846, 7654817.653372034430504 ], [ 413794.230579385592137, 7654834.026759860105813 ], [ 413809.403214411227964, 7654849.942033954896033 ], [ 413826.613585095794406, 7654866.613399611786008 ], [ 413842.160203716019168, 7654880.698647827841341 ], [ 413862.740247810725123, 7654898.13069836050272 ], [ 413880.021615464938805, 7654911.711151929572225 ], [ 413904.17078059684718, 7654929.443747395649552 ], [ 413922.387760751531459, 7654941.757501637563109 ], [ 413946.878951140854042, 7654957.231403146870434 ], [ 413987.791807740170043, 7654980.312621823512018 ], [ 414014.569466121436562, 7654993.76754052285105 ], [ 414027.87300981261069, 7654999.894818801432848 ] ] ] } },
{ "type": "Feature", "properties": { "fid": 206.0, "COMPR_M": 381.86, "CLASSE": "03 - Média", "CD_FAZ": " 400529", "TALHOES": "5, 3", "FAZ_tAL": "400028005, 400529003", "ID_LINHA": 19051 }, "geometry": { "type": "MultiLineString", "coordinates": [ [ [ 413739.15887023077812, 7654760.458970004692674 ], [ 413754.721951474493835, 7654782.291201815009117 ], [ 413768.319260911084712, 7654799.554701954126358 ], [ 413787.769071860355325, 7654822.361019839532673 ], [ 413803.296153847128153, 7654839.313166519626975 ], [ 413833.279636111168656, 7654868.620254779234529 ], [ 413852.749554197420366, 7654885.804106086492538 ], [ 413868.169098557496909, 7654898.514104562811553 ], [ 413882.34659533231752, 7654909.555005645379424 ], [ 413908.94769214047119, 7654929.071646304801106 ], [ 413947.505987382668536, 7654954.021709008142352 ], [ 413966.45730558806099, 7654965.156480493955314 ], [ 413993.706056111084763, 7654979.893767607398331 ], [ 414031.707573923340533, 7654998.360081912949681 ] ] ] } },
{ "type": "Feature", "properties": { "fid": 207.0, "COMPR_M": 382.38, "CLASSE": "03 - Média", "CD_FAZ": " 400529", "TALHOES": "5, 3", "FAZ_tAL": "400028005, 400529003", "ID_LINHA": 19052 }, "geometry": { "type": "MultiLineString", "coordinates": [ [ [ 413741.856700640462805, 7654759.294569948688149 ], [ 413755.193989440216683, 7654777.799987296573818 ], [ 413771.856824970745947, 7654799.015363265760243 ], [ 413787.343642997555435, 7654817.317255359143019 ], [ 413802.75169020332396, 7654834.340533382259309 ], [ 413816.013765960000455, 7654847.913254647515714 ], [ 413833.2984607735998, 7654864.537723955698311 ], [ 413851.977508705575019, 7654881.115481064654887 ], [ 413870.408123947679996, 7654896.440956184640527 ], [ 413883.782223504502326, 7654906.897141018882394 ], [ 413908.758197919698432, 7654925.215470110997558 ], [ 413924.460944523627404, 7654935.889472674578428 ], [ 413944.714300668507349, 7654948.704309727065265 ], [ 413965.307531933765858, 7654960.98857075534761 ], [ 413991.567823716381099, 7654975.445908725261688 ], [ 414035.333285460073967, 7654996.955891087651253 ] ] ] } },
{ "type": "Feature", "properties": { "fid": 208.0, "COMPR_M": 382.82, "CLASSE": "03 - Média", "CD_FAZ": " 400529", "TALHOES": "5, 3", "FAZ_tAL": "400028005, 400529003", "ID_LINHA": 19053 }, "geometry": { "type": "MultiLineString", "coordinates": [ [ [ 413744.789364290016238, 7654758.014962183311582 ], [ 413762.914145413204096, 7654782.959683837369084 ], [ 413772.813812446722295, 7654795.482176088728011 ], [ 413786.965636493172497, 7654812.293039147742093 ], [ 413804.294238547212444, 7654831.642316455021501 ], [ 413821.82494436664274, 7654849.431871960870922 ], [ 413837.03246355894953, 7654863.849835883826017 ], [ 413854.996186405769549, 7654879.758147997781634 ], [ 413869.55610914202407, 7654891.906853296793997 ], [ 413882.85751825501211, 7654902.462195998057723 ], [ 413909.366460881312378, 7654922.069208228960633 ], [ 413934.310336324560922, 7654938.680014006793499 ], [ 413950.417037813691422, 7654948.734828456304967 ], [ 413971.141233676928096, 7654960.807656187564135 ], [ 413993.040533377148677, 7654972.814629098400474 ], [ 414012.606166935060173, 7654982.817052774131298 ], [ 414038.98018277133815, 7654995.387775066308677 ] ] ] } },
{ "type": "Feature", "properties": { "fid": 209.0, "COMPR_M": 383.56, "CLASSE": "03 - Média", "CD_FAZ": " 400529", "TALHOES": "5, 3", "FAZ_tAL": "400028005, 400529003", "ID_LINHA": 19054 }, "geometry": { "type": "MultiLineString", "coordinates": [ [ [ 413747.483207360783126, 7654756.850762483663857 ], [ 413765.660300896910485, 7654781.74381048232317 ], [ 413776.20947135129245, 7654795.04393573012203 ], [ 413789.707219441886991, 7654811.083851998671889 ], [ 413806.428430956497323, 7654829.639780702069402 ], [ 413823.896406680287328, 7654847.466063115745783 ], [ 413839.174046440864913, 7654861.863006447441876 ], [ 413871.691765498137102, 7654889.898386864922941 ], [ 413888.971812568954192, 7654903.467156905680895 ], [ 413910.764661634515505, 7654919.384242412634194 ], [ 413925.568752246908844, 7654929.577502330765128 ], [ 413944.059120469551999, 7654941.433328700251877 ], [ 413968.07304919953458, 7654955.796987431123853 ], [ 413994.387248437618837, 7654970.151411911472678 ], [ 414016.692720554419793, 7654981.413786044344306 ], [ 414042.950566968997009, 7654993.630387823097408 ] ] ] } },
{ "type": "Feature", "properties": { "fid": 210.0, "COMPR_M": 384.31, "CLASSE": "03 - Média", "CD_FAZ": " 400529", "TALHOES": "5, 3", "FAZ_tAL": "400028005, 400529003", "ID_LINHA": 19055 }, "geometry": { "type": "MultiLineString", "coordinates": [ [ [ 413750.277516013535205, 7654755.635333960875869 ], [ 413763.650452411733568, 7654774.110698150470853 ], [ 413779.085530694748741, 7654793.758187271654606 ], [ 413793.920220321044326, 7654811.282744812779129 ], [ 413810.051302152802236, 7654829.030372265726328 ], [ 413829.746540000662208, 7654848.889846160076559 ], [ 413843.627062807849143, 7654861.814136514440179 ], [ 413857.075603498378769, 7654873.733521351590753 ], [ 413877.099784466437995, 7654890.290380029939115 ], [ 413896.044909182703122, 7654904.954587880522013 ], [ 413915.520671805425081, 7654918.966611029580235 ], [ 413939.627412229951005, 7654935.026867056265473 ], [ 413959.173341914138291, 7654947.081382222473621 ], [ 413985.228727626148611, 7654961.90824574418366 ], [ 414006.504625774570741, 7654972.992892907932401 ], [ 414046.919987849192694, 7654992.104156804271042 ] ] ] } },
{ "type": "Feature", "properties": { "fid": 211.0, "COMPR_M": 384.96, "CLASSE": "03 - Média", "CD_FAZ": " 400529", "TALHOES": "5, 3", "FAZ_tAL": "400028005, 400529003", "ID_LINHA": 19056 }, "geometry": { "type": "MultiLineString", "coordinates": [ [ [ 413753.053368531807791, 7654754.43848785944283 ], [ 413768.899953686166555, 7654776.073353599756956 ], [ 413781.255007961648516, 7654791.764034024439752 ], [ 413795.452672985498793, 7654808.551418490707874 ], [ 413812.251661436399445, 7654827.000298600643873 ], [ 413831.230741278035566, 7654846.165771373547614 ], [ 413848.03117648861371, 7654861.83459881786257 ], [ 413863.875330568582285, 7654875.57883158326149 ], [ 413883.232449736213312, 7654891.356617881916463 ], [ 413899.082338751060888, 7654903.506669138558209 ], [ 413918.609309854451567, 7654917.423780299723148 ], [ 413940.221383029303979, 7654931.841194242238998 ], [ 413958.031995725410525, 7654942.918716765940189 ], [ 413984.90779084013775, 7654958.299477584660053 ], [ 414003.492722780443728, 7654968.064029820263386 ], [ 414032.213169154943898, 7654982.095478844828904 ], [ 414050.771294782054611, 7654990.523404331877828 ] ] ] } },
{ "type": "Feature", "properties": { "fid": 212.0, "COMPR_M": 385.47, "CLASSE": "03 - Média", "CD_FAZ": " 400529", "TALHOES": "5, 3", "FAZ_tAL": "400028005, 400529003", "ID_LINHA": 19057 }, "geometry": { "type": "MultiLineString", "coordinates": [ [ [ 413755.869595875963569, 7654753.211439035832882 ], [ 413768.703832029015757, 7654770.855091800913215 ], [ 413784.127774688764475, 7654790.491743718273938 ], [ 413797.021262322145049, 7654805.742012808099389 ], [ 413813.817876006767619, 7654824.216025052592158 ], [ 413833.501919345464557, 7654844.096122183836997 ], [ 413851.749090164084919, 7654861.094112096354365 ], [ 413883.153630714979954, 7654887.413872998207808 ], [ 413904.578339769330341, 7654903.799705875106156 ], [ 413924.170712452672888, 7654917.594612567685544 ], [ 413949.32673137326492, 7654933.900638028979301 ], [ 413972.415859198139515, 7654947.836483287625015 ], [ 413992.511398983071558, 7654958.983239606022835 ], [ 414009.380080818955321, 7654967.702932599931955 ], [ 414054.441082969075069, 7654989.068859877064824 ] ] ] } },
{ "type": "Feature", "properties": { "fid": 213.0, "COMPR_M": 386.11, "CLASSE": "03 - Média", "CD_FAZ": " 400529", "TALHOES": "5, 3", "FAZ_tAL": "400028005, 400529003", "ID_LINHA": 19058 }, "geometry": { "type": "MultiLineString", "coordinates": [ [ [ 413758.768043655378278, 7654751.948484942317009 ], [ 413773.313036629755516, 7654772.049109565094113 ], [ 413789.544693900097627, 7654792.331336193718016 ], [ 413805.824271744524594, 7654811.241045294329524 ], [ 413820.165285912691616, 7654826.579893484711647 ], [ 413839.283521673409268, 7654845.563371317461133 ], [ 413854.762602023605723, 7654859.753679763525724 ], [ 413873.717510853603017, 7654876.005180859938264 ], [ 413889.299545218120329, 7654888.505944335833192 ], [ 413905.996509111311752, 7654901.181405307725072 ], [ 413925.613584191887639, 7654914.968957025557756 ], [ 413949.868984727654606, 7654930.808387148194015 ], [ 413966.096373843960464, 7654940.654287800192833 ], [ 413987.80303088016808, 7654953.006664470769465 ], [ 414010.786200822098181, 7654965.134892045520246 ], [ 414058.345167995197698, 7654987.365961477160454 ] ] ] } },
{ "type": "Feature", "properties": { "fid": 214.0, "COMPR_M": 386.86, "CLASSE": "03 - Média", "CD_FAZ": " 400529", "TALHOES": "5, 3", "FAZ_tAL": "400028005, 400529003", "ID_LINHA": 19059 }, "geometry": { "type": "MultiLineString", "coordinates": [ [ [ 413761.595850368728861, 7654750.723430007696152 ], [ 413780.475697709538508, 7654776.353871826082468 ], [ 413792.355850705236662, 7654791.131422657519579 ], [ 413807.34431863122154, 7654808.513116797432303 ], [ 413822.347419012221508, 7654824.577185263857245 ], [ 413841.527839393587783, 7654843.547234920784831 ], [ 413859.237804975535255, 7654859.700594704598188 ], [ 413874.36564349924447, 7654872.724842675030231 ], [ 413890.737794724351261, 7654885.851769194938242 ], [ 413910.703090318362229, 7654900.870891343802214 ], [ 413930.352311231137719, 7654914.614283039234579 ], [ 413948.756962278101128, 7654926.593198766931891 ], [ 413970.097094554279465, 7654939.57356140203774 ], [ 414012.241850988473743, 7654962.463652066886425 ], [ 414033.796822884585708, 7654972.961962206289172 ], [ 414062.333304408355616, 7654985.75232132896781 ] ] ] } },
{ "type": "Feature", "properties": { "fid": 215.0, "COMPR_M": 387.47, "CLASSE": "03 - Média", "CD_FAZ": " 400529", "TALHOES": "5, 3", "FAZ_tAL": "400028005, 400529003", "ID_LINHA": 19060 }, "geometry": { "type": "MultiLineString", "coordinates": [ [ [ 413764.303742405958474, 7654749.55882415920496 ], [ 413777.189646662387531, 7654767.151549533940852 ], [ 413793.320206024451181, 7654787.511046160012484 ], [ 413807.62040622450877, 7654804.194384334608912 ], [ 413823.231887198693585, 7654821.057933259755373 ], [ 413844.485068623383995, 7654842.184895019046962 ], [ 413864.437656724010594, 7654860.309949712827802 ], [ 413895.333092520013452, 7654885.642106804996729 ], [ 413912.962636644719169, 7654898.742994191125035 ], [ 413933.412048056139611, 7654913.068833870813251 ], [ 413953.595238817564677, 7654926.019492115825415 ], [ 413975.034844343317673, 7654938.830281333997846 ], [ 414003.014027696452104, 7654954.304177990183234 ], [ 414027.114134065806866, 7654966.431156415492296 ], [ 414066.205792198772542, 7654984.072152218781412 ] ] ] } },
{ "type": "Feature", "properties": { "fid": 216.0, "COMPR_M": 388.16, "CLASSE": "03 - Média", "CD_FAZ": " 400529", "TALHOES": "5, 3", "FAZ_tAL": "400028005, 400529003", "ID_LINHA": 19061 }, "geometry": { "type": "MultiLineString", "coordinates": [ [ [ 413767.075047968537547, 7654748.356196811422706 ], [ 413779.965454877936281, 7654765.932029797695577 ], [ 413794.228686042828485, 7654783.959181426092982 ], [ 413806.512065343500581, 7654798.421251654624939 ], [ 413821.260239371913485, 7654814.711238973774016 ], [ 413838.80618703761138, 7654832.497314830310643 ], [ 413853.236179332016036, 7654846.306125145405531 ], [ 413875.78614774014568, 7654866.039177874103189 ], [ 413893.664248045010027, 7654880.461094265803695 ], [ 413910.341945387655869, 7654893.194952243939042 ], [ 413931.540755904628895, 7654908.163519781082869 ], [ 413956.685843343206216, 7654924.473122905939817 ], [ 413980.703230814193375, 7654938.804639207199216 ], [ 414003.54287097370252, 7654951.200622958131135 ], [ 414026.744804109272081, 7654962.889115026220679 ], [ 414070.103436277073342, 7654982.472455093637109 ] ] ] } },
{ "type": "Feature", "properties": { "fid": 217.0, "COMPR_M": 388.79, "CLASSE": "03 - Média", "CD_FAZ": " 400529", "TALHOES": "5, 3", "FAZ_tAL": "400028005, 400529003", "ID_LINHA": 19062 }, "geometry": { "type": "MultiLineString", "coordinates": [ [ [ 413769.940169565728866, 7654747.105157840996981 ], [ 413787.698390898352955, 7654771.05082281678915 ], [ 413797.076714291237295, 7654782.736670343205333 ], [ 413812.725084384088404, 7654800.886002037674189 ], [ 413829.027375313045923, 7654818.443971234373748 ], [ 413856.942759311816189, 7654845.608555739745498 ], [ 413878.721957978152204, 7654864.700590978376567 ], [ 413902.21205647016177, 7654883.320209205150604 ], [ 413915.81513248156989, 7654893.465552328154445 ], [ 413937.978289380786009, 7654908.843563593924046 ], [ 413960.708331638015807, 7654923.373191919177771 ], [ 413981.276822590618394, 7654935.70485916081816 ], [ 413998.752096003794577, 7654945.362105177715421 ], [ 414024.609807548171375, 7654958.46671249717474 ], [ 414049.933702824404463, 7654970.360264393500984 ], [ 414073.985464180004783, 7654980.779447192326188 ] ] ] } },
{ "type": "Feature", "properties": { "fid": 218.0, "COMPR_M": 389.34, "CLASSE": "03 - Média", "CD_FAZ": " 400529", "TALHOES": "5, 3", "FAZ_tAL": "400028005, 400529003", "ID_LINHA": 19063 }, "geometry": { "type": "MultiLineString", "coordinates": [ [ [ 413772.748415124835446, 7654745.889381827786565 ], [ 413790.536998959840275, 7654769.816696078516543 ], [ 413798.676046356267761, 7654779.909434288740158 ], [ 413819.622404037625529, 7654804.065064216032624 ], [ 413833.345602580113336, 7654818.572513483464718 ], [ 413848.972467605082784, 7654834.018243215978146 ], [ 413863.641570619598497, 7654847.548783753998578 ], [ 413883.282046203501523, 7654864.548964420333505 ], [ 413904.478177378186956, 7654881.248391339555383 ], [ 413926.199707307387143, 7654897.245816154405475 ], [ 413942.759339982178062, 7654908.392548495903611 ], [ 413963.779543464654125, 7654921.868059408850968 ], [ 413987.084120882907882, 7654935.457018697634339 ], [ 414022.371306348999497, 7654954.234975351020694 ], [ 414051.36021911149146, 7654967.714908258989453 ], [ 414077.778329034452327, 7654979.099948829039931 ] ] ] } },
{ "type": "Feature", "properties": { "fid": 219.0, "COMPR_M": 390.05, "CLASSE": "03 - Média", "CD_FAZ": " 400529", "TALHOES": "5, 3", "FAZ_tAL": "400028005, 400529003", "ID_LINHA": 19064 }, "geometry": { "type": "MultiLineString", "coordinates": [ [ [ 413775.576287898758892, 7654744.666219774633646 ], [ 413792.173182889004238, 7654766.991677785292268 ], [ 413804.795838178950362, 7654782.470972917973995 ], [ 413819.175840654410422, 7654799.059415908530354 ], [ 413834.210672898392659, 7654815.101059285923839 ], [ 413848.36792151723057, 7654829.184713954105973 ], [ 413867.370518668263685, 7654846.861582449637353 ], [ 413884.804189304239117, 7654861.840397840365767 ], [ 413905.938192136527505, 7654878.619133304804564 ], [ 413934.262238677067216, 7654899.107931326143444 ], [ 413947.541866528103128, 7654908.000139093026519 ], [ 413972.967351679282729, 7654923.855345447547734 ], [ 413988.56353152403608, 7654932.809667944908142 ], [ 414013.196053934982046, 7654946.067123852670193 ], [ 414028.387726604705676, 7654953.669864488765597 ], [ 414050.105027424229775, 7654963.812521045096219 ], [ 414081.782069464097731, 7654977.438286012038589 ] ] ] } },
{ "type": "Feature", "properties": { "fid": 220.0, "COMPR_M": 390.57, "CLASSE": "03 - Média", "CD_FAZ": " 400529", "TALHOES": "5, 3", "FAZ_tAL": "400028005, 400529003", "ID_LINHA": 19065 }, "geometry": { "type": "MultiLineString", "coordinates": [ [ [ 413778.363441285444424, 7654743.454173624515533 ], [ 413791.942225129518192, 7654761.79339250549674 ], [ 413806.985990377375856, 7654780.457080627791584 ], [ 413820.696261677891016, 7654796.322299101389945 ], [ 413839.204741935362108, 7654815.936640309169888 ], [ 413857.059367814450525, 7654833.401320106349885 ], [ 413871.095379005942959, 7654846.172517435625196 ], [ 413892.452399204368703, 7654864.207919986918569 ], [ 413911.360019041923806, 7654878.949359780177474 ], [ 413929.154749211331364, 7654891.843356013298035 ], [ 413947.317406776244752, 7654904.215430645272136 ], [ 413977.857626933720894, 7654923.223545406013727 ], [ 413991.712260496453382, 7654931.164635452441871 ], [ 414011.063497782393824, 7654941.597324111498892 ], [ 414031.590586530393921, 7654951.936658900231123 ], [ 414050.610774480795953, 7654960.771891616284847 ], [ 414085.459573816740885, 7654975.919149035587907 ] ] ] } },
{ "type": "Feature", "properties": { "fid": 221.0, "COMPR_M": 391.24, "CLASSE": "03 - Média", "CD_FAZ": " 400529", "TALHOES": "5, 3", "FAZ_tAL": "400028005, 400529003", "ID_LINHA": 19066 }, "geometry": { "type": "MultiLineString", "coordinates": [ [ [ 413781.234404511342291, 7654742.205705583095551 ], [ 413802.828506672754884, 7654770.743695937097073 ], [ 413820.278955081710592, 7654791.311520287767053 ], [ 413837.237295319268014, 7654809.631749371066689 ], [ 413850.642126947815996, 7654823.066271625459194 ], [ 413871.832580645277631, 7654842.837629429064691 ], [ 413894.694958766107447, 7654862.221297775395215 ], [ 413909.6174703919678, 7654873.911354973912239 ], [ 413920.813427170156501, 7654882.274936806410551 ], [ 413947.12610526237404, 7654900.457079875282943 ], [ 413969.865237497026101, 7654914.977629153989255 ], [ 413990.49763415788766, 7654927.142890267074108 ], [ 414013.387589586316608, 7654939.439697647467256 ], [ 414037.557134933478665, 7654951.450547803193331 ], [ 414051.135509745625313, 7654957.74597639683634 ], [ 414089.411638069548644, 7654974.210529421456158 ] ] ] } },
{ "type": "Feature", "properties": { "fid": 222.0, "COMPR_M": 391.94, "CLASSE": "03 - Média", "CD_FAZ": " 400529", "TALHOES": "5, 3", "FAZ_tAL": "400028005, 400529003", "ID_LINHA": 19067 }, "geometry": { "type": "MultiLineString", "coordinates": [ [ [ 413784.013853928714525, 7654740.99279523268342 ], [ 413797.544707222783472, 7654759.355690463446081 ], [ 413810.733152105472982, 7654775.657235902734101 ], [ 413825.112767215701751, 7654792.273778203874826 ], [ 413840.808864390477538, 7654809.03717221878469 ], [ 413860.747737030615099, 7654828.657320953905582 ], [ 413879.943612920469604, 7654846.146708074957132 ], [ 413903.824330662318971, 7654865.839827564544976 ], [ 413918.154033934522886, 7654876.712279411032796 ], [ 413934.379330988856964, 7654888.346902599558234 ], [ 413957.659260958374944, 7654903.864886569790542 ], [ 413973.750071880116593, 7654913.930976244620979 ], [ 413996.177402016357519, 7654927.001828115433455 ], [ 414023.597305965493433, 7654941.445674551650882 ], [ 414041.557068332564086, 7654950.210966255515814 ], [ 414060.673772640235256, 7654958.869788613170385 ], [ 414093.296721900522243, 7654972.541824398562312 ] ] ] } },
{ "type": "Feature", "properties": { "fid": 223.0, "COMPR_M": 392.53, "CLASSE": "03 - Média", "CD_FAZ": " 400529", "TALHOES": "5, 3", "FAZ_tAL": "400028005, 400529003", "ID_LINHA": 19068 }, "geometry": { "type": "MultiLineString", "coordinates": [ [ [ 413786.790669208683539, 7654739.792564736679196 ], [ 413799.767953992413823, 7654757.328801915980875 ], [ 413810.363054021552671, 7654770.571634765714407 ], [ 413830.673795064620208, 7654793.95847325772047 ], [ 413844.400332835793961, 7654808.448898376896977 ], [ 413863.691202249610797, 7654827.306572945788503 ], [ 413882.993613670580089, 7654844.688341861590743 ], [ 413909.246382127399556, 7654866.194965146481991 ], [ 413922.046175484312698, 7654875.795198107138276 ], [ 413938.323156125377864, 7654887.363640434108675 ], [ 413959.084468440152705, 7654901.22341273073107 ], [ 413976.041528239904437, 7654911.793512323871255 ], [ 414003.790269791032188, 7654927.668612090870738 ], [ 414047.552252302062698, 7654949.632694711908698 ], [ 414074.990645516023505, 7654961.726357953622937 ], [ 414097.173546783335041, 7654970.773211617022753 ] ] ] } },
{ "type": "Feature", "properties": { "fid": 224.0, "COMPR_M": 393.41, "CLASSE": "03 - Média", "CD_FAZ": " 400529", "TALHOES": "5, 3", "FAZ_tAL": "400028005, 400529003", "ID_LINHA": 19069 }, "geometry": { "type": "MultiLineString", "coordinates": [ [ [ 413789.645811732392758, 7654738.566304840147495 ], [ 413802.090400285087526, 7654755.228949448093772 ], [ 413821.002074286690913, 7654778.467443887144327 ], [ 413832.92005923105171, 7654791.913208825513721 ], [ 413849.499725547269918, 7654809.245225852355361 ], [ 413867.419939100043848, 7654826.631696440279484 ], [ 413886.039021693228278, 7654843.27660957723856 ], [ 413910.000701848766766, 7654862.901616802439094 ], [ 413922.648163085512351, 7654872.619042354635894 ], [ 413941.403633443522267, 7654885.885037565603852 ], [ 413966.468042053631507, 7654902.316202931106091 ], [ 413987.023037834325805, 7654914.658447416499257 ], [ 414011.421359829895664, 7654928.368925772607327 ], [ 414037.319179570768028, 7654941.372868310660124 ], [ 414062.694590554339811, 7654953.151439847424626 ], [ 414101.39487679162994, 7654969.052482798695564 ] ] ] } },
{ "type": "Feature", "properties": { "fid": 225.0, "COMPR_M": 394.07, "CLASSE": "03 - Média", "CD_FAZ": " 400529", "TALHOES": "5, 3", "FAZ_tAL": "400028005, 400529003", "ID_LINHA": 19070 }, "geometry": { "type": "MultiLineString", "coordinates": [ [ [ 413792.522217050369363, 7654737.307211903855205 ], [ 413806.166588088672142, 7654755.59517509303987 ], [ 413819.987067401292734, 7654772.656932210549712 ], [ 413836.510100804385729, 7654791.385394377633929 ], [ 413852.463252824847586, 7654807.914068853482604 ], [ 413869.653803795110434, 7654824.616818465292454 ], [ 413883.767828337149695, 7654837.286022540181875 ], [ 413896.697420769021846, 7654848.290975937619805 ], [ 413923.322313422919251, 7654869.358873242512345 ], [ 413944.518677174812183, 7654884.390761369839311 ], [ 413963.666187978349626, 7654897.062971776351333 ], [ 413985.003869661362842, 7654910.066115329042077 ], [ 414008.482077161315829, 7654923.334209232591093 ], [ 414035.142693699570373, 7654937.075465747155249 ], [ 414051.43062221276341, 7654944.669050671160221 ], [ 414077.046623690868728, 7654955.904662951827049 ], [ 414105.339629827067256, 7654967.334172049537301 ] ] ] } },
{ "type": "Feature", "properties": { "fid": 226.0, "COMPR_M": 394.83, "CLASSE": "03 - Média", "CD_FAZ": " 400529", "TALHOES": "5, 3", "FAZ_tAL": "400028005, 400529003", "ID_LINHA": 19071 }, "geometry": { "type": "MultiLineString", "coordinates": [ [ [ 413795.274278471886646, 7654736.117220491170883 ], [ 413810.825156670878641, 7654756.708588810637593 ], [ 413829.421182018588297, 7654778.914035217836499 ], [ 413844.210165644355584, 7654795.160230011679232 ], [ 413862.497744710708503, 7654813.60286083444953 ], [ 413879.300972497905605, 7654829.24092067219317 ], [ 413899.654009969613981, 7654846.915206434205174 ], [ 413930.440681574284099, 7654870.821959831751883 ], [ 413951.770093642990105, 7654885.619053754024208 ], [ 413968.514307181700133, 7654896.519658211618662 ], [ 413991.586598716792651, 7654910.481860747560859 ], [ 414010.790232547675259, 7654921.165129341185093 ], [ 414030.315862714778632, 7654931.252008767798543 ], [ 414056.474005820869934, 7654943.696845455095172 ], [ 414088.65300995943835, 7654957.449741862714291 ], [ 414109.389950752956793, 7654965.575484460219741 ] ] ] } },
{ "type": "Feature", "properties": { "fid": 227.0, "COMPR_M": 395.5, "CLASSE": "03 - Média", "CD_FAZ": " 400529", "TALHOES": "5, 3", "FAZ_tAL": "400028005, 400529003", "ID_LINHA": 19072 }, "geometry": { "type": "MultiLineString", "coordinates": [ [ [ 413798.046320182795171, 7654734.91737318597734 ], [ 413812.417338162835222, 7654753.896861050277948 ], [ 413825.692879156034905, 7654770.114663543179631 ], [ 413841.641144628985785, 7654788.009813527576625 ], [ 413860.389618785353377, 7654807.387712065130472 ], [ 413879.266920294845477, 7654825.23212094604969 ], [ 413901.118399664817844, 7654844.249649838544428 ], [ 413934.32296702923486, 7654869.862221771851182 ], [ 413949.008465753577184, 7654880.221509390510619 ], [ 413974.18505073164124, 7654896.485972478985786 ], [ 413997.333186949719675, 7654910.319394629448652 ], [ 414017.47820053139003, 7654921.358655481599271 ], [ 414046.090507697779685, 7654935.663475243374705 ], [ 414062.444166588131338, 7654943.147195398807526 ], [ 414078.014930121018551, 7654949.944827385246754 ], [ 414113.334074395010248, 7654963.800162681378424 ] ] ] } },
{ "type": "Feature", "properties": { "fid": 228.0, "COMPR_M": 396.45, "CLASSE": "03 - Média", "CD_FAZ": " 400529", "TALHOES": "5, 3", "FAZ_tAL": "400028005, 400529003", "ID_LINHA": 19073 }, "geometry": { "type": "MultiLineString", "coordinates": [ [ [ 413800.952015012851916, 7654733.665378684177995 ], [ 413819.202169486728963, 7654757.199707891792059 ], [ 413829.409461094415747, 7654769.507843309082091 ], [ 413843.306480450206436, 7654785.218315499834716 ], [ 413858.489012249046937, 7654801.074448861181736 ], [ 413875.026067643368151, 7654817.037822926416993 ], [ 413893.568622922291979, 7654833.741751694120467 ], [ 413926.048998777114321, 7654860.239324828609824 ], [ 413953.959228229592554, 7654879.652813661843538 ], [ 413974.910965431656223, 7654893.257732981815934 ], [ 414004.1104121915414, 7654910.561900777742267 ], [ 414020.795577423064969, 7654919.600271839648485 ], [ 414050.29505209706258, 7654934.339319901540875 ], [ 414070.357591616455466, 7654943.313880688510835 ], [ 414091.52823009743588, 7654952.191649845801294 ], [ 414117.675691128708422, 7654962.035699909552932 ] ] ] } },
{ "type": "Feature", "properties": { "fid": 229.0, "COMPR_M": 397.37, "CLASSE": "03 - Média", "CD_FAZ": " 400529", "TALHOES": "5, 3", "FAZ_tAL": "400028005, 400529003", "ID_LINHA": 19074 }, "geometry": { "type": "MultiLineString", "coordinates": [ [ [ 413803.725179143133573, 7654732.455118354409933 ], [ 413818.09868667734554, 7654751.456796137616038 ], [ 413833.452601387514733, 7654769.863006030209363 ], [ 413845.419522262876853, 7654783.268380589783192 ], [ 413863.435280754696578, 7654801.972850164398551 ], [ 413880.041126433643512, 7654817.828050287440419 ], [ 413897.22216770122759, 7654833.095216488465667 ], [ 413921.226481994322967, 7654852.664683781564236 ], [ 413931.696007862919942, 7654860.313650840893388 ], [ 413958.722927404218353, 7654879.193002188578248 ], [ 413979.786134097317699, 7654892.620662594214082 ], [ 413997.811021817149594, 7654903.34571001958102 ], [ 414031.929498541285284, 7654922.135159552097321 ], [ 414059.883887980948202, 7654935.481208048760891 ], [ 414081.88895347842481, 7654945.011184132657945 ], [ 414094.813803224184085, 7654950.292122131213546 ], [ 414121.875957920507062, 7654960.24698224849999 ] ] ] } },
{ "type": "Feature", "properties": { "fid": 230.0, "COMPR_M": 398.16, "CLASSE": "03 - Média", "CD_FAZ": " 400529", "TALHOES": "5, 3", "FAZ_tAL": "400028005, 400529003", "ID_LINHA": 19075 }, "geometry": { "type": "MultiLineString", "coordinates": [ [ [ 413806.591913969081361, 7654731.206441635265946 ], [ 413819.732630183803849, 7654748.620860708877444 ], [ 413833.035191210801713, 7654764.810093170031905 ], [ 413849.011006844346412, 7654782.682010151445866 ], [ 413864.907528397918213, 7654799.282625242136419 ], [ 413885.951921305968426, 7654819.181275866925716 ], [ 413902.489776108472142, 7654833.656298263929784 ], [ 413921.883094885852188, 7654849.347865930758417 ], [ 413934.766270613647066, 7654858.802813090384007 ], [ 413960.973890834895428, 7654877.138272965326905 ], [ 413982.035178199294023, 7654890.516732444986701 ], [ 414003.587240537221078, 7654903.146328752860427 ], [ 414031.62810028338572, 7654918.532513314858079 ], [ 414054.030134687025566, 7654929.507760608568788 ], [ 414088.866260250215419, 7654944.66662354208529 ], [ 414125.923824446159415, 7654958.608821761794388 ] ] ] } },
{ "type": "Feature", "properties": { "fid": 231.0, "COMPR_M": 398.95, "CLASSE": "03 - Média", "CD_FAZ": " 400529", "TALHOES": "5, 3", "FAZ_tAL": "400028005, 400529003", "ID_LINHA": 19076 }, "geometry": { "type": "MultiLineString", "coordinates": [ [ [ 413809.310815009754151, 7654730.025830009952188 ], [ 413823.767530426150188, 7654748.931755803525448 ], [ 413837.837312933639623, 7654765.806247223168612 ], [ 413852.529559479095042, 7654782.139584379270673 ], [ 413870.666584229271393, 7654800.74341082945466 ], [ 413884.455177516792901, 7654813.758406097069383 ], [ 413902.410674470593221, 7654829.638510900549591 ], [ 413922.526459349202923, 7654846.089230641722679 ], [ 413940.935206197318621, 7654859.806207821704447 ], [ 413963.978346091636922, 7654875.662111608311534 ], [ 413987.61642048280919, 7654890.612968228757381 ], [ 414011.040031417622231, 7654903.985842623747885 ], [ 414040.159752261359245, 7654919.451825219206512 ], [ 414061.820023977314122, 7654929.740184893831611 ], [ 414079.182439347205218, 7654937.368265725672245 ], [ 414100.436277264263481, 7654946.125399970449507 ], [ 414129.928675436822232, 7654956.906816340982914 ] ] ] } },
{ "type": "Feature", "properties": { "fid": 232.0, "COMPR_M": 399.74, "CLASSE": "03 - Média", "CD_FAZ": " 400529", "TALHOES": "5, 3", "FAZ_tAL": "400028005, 400529003", "ID_LINHA": 19077 }, "geometry": { "type": "MultiLineString", "coordinates": [ [ [ 413812.143267525767442, 7654728.798947751522064 ], [ 413826.639898653782438, 7654747.672545246779919 ], [ 413844.668130045640282, 7654769.074884157627821 ], [ 413858.873596244375221, 7654784.484375060535967 ], [ 413872.910914086329285, 7654798.682809058576822 ], [ 413894.826843900664244, 7654819.12683785520494 ], [ 413910.821775455668103, 7654832.692079233936965 ], [ 413924.02505604038015, 7654843.347716480493546 ], [ 413947.186273500439711, 7654860.753779997117817 ], [ 413974.553270797186997, 7654879.143146052956581 ], [ 413990.70015287672868, 7654889.078506130725145 ], [ 414012.41266740928404, 7654901.446129683405161 ], [ 414038.085911535657942, 7654914.855661595240235 ], [ 414056.913482226256747, 7654924.099976140074432 ], [ 414083.395068248093594, 7654935.887085737660527 ], [ 414110.283126827212982, 7654946.652554400265217 ], [ 414134.004921262152493, 7654955.203873252496123 ] ] ] } },
{ "type": "Feature", "properties": { "fid": 233.0, "COMPR_M": 400.51, "CLASSE": "03 - Média", "CD_FAZ": " 400529", "TALHOES": "5, 3", "FAZ_tAL": "400028005, 400529003", "ID_LINHA": 19078 }, "geometry": { "type": "MultiLineString", "coordinates": [ [ [ 413814.965972368139774, 7654727.575278149917722 ], [ 413831.333025552332401, 7654748.802717048674822 ], [ 413846.155992376036011, 7654766.330144368112087 ], [ 413863.148719167918898, 7654784.620742259547114 ], [ 413882.9869653750211, 7654804.349669749848545 ], [ 413898.532018257654272, 7654818.396537916734815 ], [ 413917.638081632729154, 7654834.469367776066065 ], [ 413934.953224753495306, 7654847.999895283952355 ], [ 413957.700227506808005, 7654864.299883385188878 ], [ 413969.271551629644819, 7654872.14020274579525 ], [ 413998.089789641206153, 7654890.086853154934943 ], [ 414018.961522623081692, 7654901.88770816847682 ], [ 414036.740658223512582, 7654911.006479284726083 ], [ 414062.896488884696737, 7654923.489893674850464 ], [ 414085.726128917187452, 7654933.627487109042704 ], [ 414110.749152825155761, 7654943.686550211161375 ], [ 414138.027030822471716, 7654953.452682161703706 ] ] ] } },
{ "type": "Feature", "properties": { "fid": 234.0, "COMPR_M": 401.38, "CLASSE": "03 - Média", "CD_FAZ": " 400529", "TALHOES": "5, 3", "FAZ_tAL": "400028005, 400529003", "ID_LINHA": 19079 }, "geometry": { "type": "MultiLineString", "coordinates": [ [ [ 413817.825373474741355, 7654726.337980218231678 ], [ 413833.630648005870171, 7654746.716421524062753 ], [ 413850.425215645809658, 7654766.519641595892608 ], [ 413863.327452914090827, 7654780.421159150078893 ], [ 413883.835425709956326, 7654800.878468833863735 ], [ 413901.542996919539291, 7654817.057528428733349 ], [ 413916.045813573698979, 7654829.264552478678524 ], [ 413938.06960531999357, 7654846.531084733083844 ], [ 413955.886974918714259, 7654859.375205229967833 ], [ 413972.437440074165352, 7654870.53961072769016 ], [ 413991.079216348472983, 7654882.18472327850759 ], [ 414023.985118466429412, 7654901.140686294063926 ], [ 414037.282754828338511, 7654908.008902776055038 ], [ 414056.209787627274636, 7654917.039873780682683 ], [ 414088.15161067439476, 7654931.327187290415168 ], [ 414113.141525505925529, 7654941.442070448771119 ], [ 414142.220646154542919, 7654951.776849952526391 ] ] ] } },
{ "type": "Feature", "properties": { "fid": 235.0, "COMPR_M": 402.18, "CLASSE": "03 - Média", "CD_FAZ": " 400529", "TALHOES": "5, 3", "FAZ_tAL": "400028005, 400529003", "ID_LINHA": 19080 }, "geometry": { "type": "MultiLineString", "coordinates": [ [ [ 414146.292810965096578, 7654950.040882125496864 ], [ 414106.892898101126775, 7654935.655775181017816 ], [ 414051.801607603149023, 7654911.978714060038328 ], [ 414029.551255618105642, 7654900.642253106459975 ], [ 414004.251528879860416, 7654886.528545254841447 ], [ 413982.861658395733684, 7654873.630841642618179 ], [ 413965.357108907715883, 7654862.111084184609354 ], [ 413942.433844043116551, 7654846.094811010174453 ], [ 413921.862094677402638, 7654830.198894374072552 ], [ 413909.558560303703416, 7654820.042909570038319 ], [ 413889.438564032199793, 7654802.061125177890062 ], [ 413872.975752598140389, 7654786.04366866312921 ], [ 413854.402397809782997, 7654766.491346870549023 ], [ 413833.079227079055272, 7654741.359070805832744 ], [ 413820.617728384211659, 7654725.128071675077081 ] ] ] } },
{ "type": "Feature", "properties": { "fid": 236.0, "COMPR_M": 403.15, "CLASSE": "03 - Média", "CD_FAZ": " 400529", "TALHOES": "5, 3", "FAZ_tAL": "400028005, 400529003", "ID_LINHA": 19081 }, "geometry": { "type": "MultiLineString", "coordinates": [ [ [ 413823.36653991183266, 7654723.941916178911924 ], [ 413838.042069122660905, 7654742.655822766013443 ], [ 413851.596730035962537, 7654758.659609021618962 ], [ 413869.06435475545004, 7654777.870458015240729 ], [ 413883.899405168835074, 7654792.716927956789732 ], [ 413900.719866053084843, 7654808.370081305503845 ], [ 413915.800349995028228, 7654821.413893196731806 ], [ 413932.963689480617177, 7654835.135949917137623 ], [ 413960.405351349676494, 7654855.158051892183721 ], [ 413980.318577212223317, 7654868.507188657298684 ], [ 414001.635681942105293, 7654881.511616019532084 ], [ 414025.168854151794221, 7654894.697225272655487 ], [ 414055.319026072567794, 7654910.365558864548802 ], [ 414077.203472388267983, 7654920.164185465313494 ], [ 414109.555587108363397, 7654933.368985187262297 ], [ 414136.693377423100173, 7654943.585183148272336 ], [ 414150.570597135694697, 7654948.218369764275849 ] ] ] } },
{ "type": "Feature", "properties": { "fid": 237.0, "COMPR_M": 404.13, "CLASSE": "03 - Média", "CD_FAZ": " 400529", "TALHOES": "5, 3", "FAZ_tAL": "400028005, 400529003", "ID_LINHA": 19082 }, "geometry": { "type": "MultiLineString", "coordinates": [ [ [ 413826.273359941085801, 7654722.66517439763993 ], [ 413842.75387573504122, 7654743.784029427915812 ], [ 413862.466062046645675, 7654766.353209329769015 ], [ 413881.174337576259859, 7654785.767289076000452 ], [ 413894.769889354880434, 7654799.002111718058586 ], [ 413917.316881641338114, 7654818.745695782825351 ], [ 413928.932454984635115, 7654828.177417022176087 ], [ 413948.709509598440491, 7654843.426669222302735 ], [ 413972.550745611893944, 7654859.8701485786587 ], [ 413997.883471807872411, 7654875.868478804826736 ], [ 414016.04545574716758, 7654886.343439605087042 ], [ 414038.92546196404146, 7654898.678869211114943 ], [ 414058.620659228065051, 7654908.40916355047375 ], [ 414081.328625264170114, 7654918.828317711129785 ], [ 414109.078712995455135, 7654930.090595712885261 ], [ 414154.838086745527107, 7654946.50653284881264 ] ] ] } },
{ "type": "Feature", "properties": { "fid": 238.0, "COMPR_M": 405.05, "CLASSE": "03 - Média", "CD_FAZ": " 400529", "TALHOES": "5, 3", "FAZ_tAL": "400028005, 400529003", "ID_LINHA": 19083 }, "geometry": { "type": "MultiLineString", "coordinates": [ [ [ 413829.060120115987957, 7654721.464573318138719 ], [ 413841.883506621816196, 7654737.851287199184299 ], [ 413857.95344846037915, 7654756.944827251136303 ], [ 413875.682226075325161, 7654775.920714719220996 ], [ 413889.15893917309586, 7654789.282493853010237 ], [ 413904.504728554340545, 7654803.585619260556996 ], [ 413921.921487615676597, 7654818.538506561890244 ], [ 413940.722019672801252, 7654833.423527575097978 ], [ 413966.619392830820289, 7654852.138840625062585 ], [ 413990.918434166000225, 7654867.899735134094954 ], [ 414019.298536659276579, 7654884.71810514293611 ], [ 414035.098049293388613, 7654893.250070846639574 ], [ 414061.921151880116668, 7654906.638489590957761 ], [ 414081.926449670107104, 7654915.77865479234606 ], [ 414105.022651342209429, 7654925.231989908963442 ], [ 414159.141310820006765, 7654944.667449145577848 ] ] ] } },
{ "type": "Feature", "properties": { "fid": 239.0, "COMPR_M": 406.17, "CLASSE": "03 - Média", "CD_FAZ": " 400529", "TALHOES": "5, 3", "FAZ_tAL": "400028005, 400529003", "ID_LINHA": 19084 }, "geometry": { "type": "MultiLineString", "coordinates": [ [ [ 413831.890357590164058, 7654720.236875662580132 ], [ 413849.147485340363346, 7654742.016197592020035 ], [ 413864.109163545886986, 7654759.412255654111505 ], [ 413879.251286221900955, 7654775.346813213080168 ], [ 413900.059223265212495, 7654795.510802865028381 ], [ 413912.699584748828784, 7654806.828829828649759 ], [ 413934.983249645854812, 7654825.334308102726936 ], [ 413951.691040688892826, 7654837.992086352780461 ], [ 413972.984704709902871, 7654852.86363947018981 ], [ 413998.216521280410234, 7654869.037815418094397 ], [ 414017.186306562973186, 7654880.116134945303202 ], [ 414045.388357906602323, 7654895.211614772677422 ], [ 414070.61001500650309, 7654907.314725307747722 ], [ 414106.359959316905588, 7654922.772803636267781 ], [ 414133.589245809416752, 7654932.646085038781166 ], [ 414163.567568698490504, 7654942.818230558186769 ] ] ] } },
{ "type": "Feature", "properties": { "fid": 240.0, "COMPR_M": 407.16, "CLASSE": "03 - Média", "CD_FAZ": " 400529", "TALHOES": "5, 3", "FAZ_tAL": "400028005, 400529003", "ID_LINHA": 19085 }, "geometry": { "type": "MultiLineString", "coordinates": [ [ [ 413834.77394497487694, 7654718.98136449046433 ], [ 413852.621745467185974, 7654741.554648865014315 ], [ 413867.711638667038642, 7654758.874423505738378 ], [ 413882.89467550633708, 7654774.747168140485883 ], [ 413897.916052454442251, 7654789.375295300036669 ], [ 413917.978494958486408, 7654807.417158285155892 ], [ 413934.917944901797455, 7654821.406889272853732 ], [ 413958.770699725486338, 7654839.513118242844939 ], [ 413978.590714035730343, 7654853.022243643179536 ], [ 414010.776364500983618, 7654873.092428157106042 ], [ 414035.294642918277532, 7654886.58210608176887 ], [ 414065.666622484510299, 7654901.776265894062817 ], [ 414090.309092723880894, 7654912.790282109752297 ], [ 414113.414828146342188, 7654922.282094457186759 ], [ 414135.029474765236955, 7654930.022978141903877 ], [ 414167.918936353176832, 7654940.910925848409534 ] ] ] } },
{ "type": "Feature", "properties": { "fid": 241.0, "COMPR_M": 408.44, "CLASSE": "03 - Média", "CD_FAZ": " 400529", "TALHOES": "5, 3", "FAZ_tAL": "400028005, 400529003", "ID_LINHA": 19086 }, "geometry": { "type": "MultiLineString", "coordinates": [ [ [ 413837.559403961349744, 7654717.782266323454678 ], [ 413854.177974559250288, 7654738.810215367935598 ], [ 413867.952579770586453, 7654754.60689790174365 ], [ 413882.994897424883675, 7654770.608394031412899 ], [ 413901.571090845100116, 7654788.750958688557148 ], [ 413916.413257739506662, 7654802.101744102314115 ], [ 413939.552771207527258, 7654821.148191909305751 ], [ 413960.303186674893368, 7654836.754983902908862 ], [ 413980.069228415726684, 7654850.320902076549828 ], [ 413994.308962105482351, 7654859.542041876353323 ], [ 414016.621349941415247, 7654872.847671668976545 ], [ 414042.967487861285917, 7654887.148296969011426 ], [ 414068.020618804381229, 7654899.552968675270677 ], [ 414101.001702364999801, 7654913.95604781806469 ], [ 414126.144466573605314, 7654923.758955230936408 ], [ 414145.909697071299888, 7654930.674783715978265 ], [ 414172.604348053806461, 7654938.948494488373399 ] ] ] } },
{ "type": "Feature", "properties": { "fid": 242.0, "COMPR_M": 409.61, "CLASSE": "03 - Média", "CD_FAZ": " 400529", "TALHOES": "5, 3", "FAZ_tAL": "400028005, 400529003", "ID_LINHA": 19087 }, "geometry": { "type": "MultiLineString", "coordinates": [ [ [ 413840.386005205684341, 7654716.548771708272398 ], [ 413855.739048144547269, 7654736.0213583689183 ], [ 413871.470883652917109, 7654754.096200043335557 ], [ 413890.13062570465263, 7654773.566671776585281 ], [ 413906.6848650976317, 7654789.46489975694567 ], [ 413927.720638302853331, 7654807.914166254922748 ], [ 413943.327661389892455, 7654820.373175330460072 ], [ 413960.929324280237779, 7654833.522937119007111 ], [ 413987.29235034249723, 7654851.620853283442557 ], [ 414007.690733504365198, 7654864.189038063399494 ], [ 414032.000386515224818, 7654878.030712731182575 ], [ 414071.25969739118591, 7654897.751457066275179 ], [ 414096.873208236997016, 7654909.016342647373676 ], [ 414120.097156158764847, 7654918.205784682184458 ], [ 414146.393481178674847, 7654927.759991435334086 ], [ 414177.065279888920486, 7654937.167292156256735 ] ] ] } },
{ "type": "Feature", "properties": { "fid": 243.0, "COMPR_M": 410.64, "CLASSE": "03 - Média", "CD_FAZ": " 400529", "TALHOES": "5, 3", "FAZ_tAL": "400028005, 400529003", "ID_LINHA": 19088 }, "geometry": { "type": "MultiLineString", "coordinates": [ [ [ 413843.137069830612745, 7654715.363780738785863 ], [ 413857.90497964527458, 7654734.021966753527522 ], [ 413873.004279899410903, 7654751.317628592252731 ], [ 413890.873656902520452, 7654770.15796965919435 ], [ 413910.383121705788653, 7654788.783974274992943 ], [ 413923.085007161251269, 7654800.060100048780441 ], [ 413947.094922055723146, 7654819.586177509278059 ], [ 413965.594651394058019, 7654833.217871188186109 ], [ 413988.734777059755288, 7654848.937781622633338 ], [ 414026.384038424410392, 7654871.576068280264735 ], [ 414053.794818016409408, 7654885.993920758366585 ], [ 414078.150052542798221, 7654897.581673086620867 ], [ 414105.671305777097587, 7654909.457502057775855 ], [ 414129.951656608493067, 7654918.678526357747614 ], [ 414152.559055562014692, 7654926.707711241208017 ], [ 414181.383898504427634, 7654935.394057301804423 ] ] ] } },
{ "type": "Feature", "properties": { "fid": 244.0, "COMPR_M": 411.49, "CLASSE": "03 - Média", "CD_FAZ": " 400529", "TALHOES": "5, 3", "FAZ_tAL": "400028005, 400529003", "ID_LINHA": 19089 }, "geometry": { "type": "MultiLineString", "coordinates": [ [ [ 413845.882040175492875, 7654714.175168804824352 ], [ 413858.847581156645902, 7654730.400330608710647 ], [ 413875.181452682008967, 7654749.309092622250319 ], [ 413895.228045418625697, 7654770.213849430903792 ], [ 413912.55813740985468, 7654786.75394571851939 ], [ 413926.799425465113018, 7654799.299606181681156 ], [ 413949.309190265659709, 7654817.509707849472761 ], [ 413968.637371327960864, 7654831.693689484149218 ], [ 413989.316066701896489, 7654845.687564874067903 ], [ 414011.341394414950628, 7654859.444170325994492 ], [ 414036.562909310334362, 7654873.700374845415354 ], [ 414051.618257813795935, 7654881.568582262843847 ], [ 414076.81217543547973, 7654893.686034347862005 ], [ 414096.94303750799736, 7654902.555300652980804 ], [ 414126.663583949673921, 7654914.278177177533507 ], [ 414157.789190789684653, 7654925.155091686174273 ], [ 414185.530870218179189, 7654933.604126289486885 ] ] ] } },
{ "type": "Feature", "properties": { "fid": 245.0, "COMPR_M": 412.47, "CLASSE": "03 - Média", "CD_FAZ": " 400529", "TALHOES": "5, 3", "FAZ_tAL": "400028005, 400529003", "ID_LINHA": 19090 }, "geometry": { "type": "MultiLineString", "coordinates": [ [ [ 413848.858098008844536, 7654712.877010935917497 ], [ 413867.543006837368011, 7654736.060404252260923 ], [ 413884.891906479198951, 7654755.38552575558424 ], [ 413902.45548921416048, 7654773.103235496208072 ], [ 413918.514677063620184, 7654788.118871768936515 ], [ 413934.329724286333658, 7654801.851594673469663 ], [ 413958.766316697117873, 7654820.908318185247481 ], [ 413992.441478709864896, 7654844.162723293527961 ], [ 414012.831793032761198, 7654856.777219313196838 ], [ 414037.961685406393372, 7654871.167792305350304 ], [ 414062.01582137128571, 7654883.429184105247259 ], [ 414086.458033754723147, 7654894.853506896644831 ], [ 414108.56120836304035, 7654904.064694185741246 ], [ 414138.464770436869003, 7654915.415530591271818 ], [ 414164.964886802772526, 7654924.355278942734003 ], [ 414189.849538454844151, 7654931.808319160714746 ] ] ] } },
{ "type": "Feature", "properties": { "fid": 246.0, "COMPR_M": 413.74, "CLASSE": "03 - Média", "CD_FAZ": " 400529", "TALHOES": "5, 3", "FAZ_tAL": "400028005, 400529003", "ID_LINHA": 19091 }, "geometry": { "type": "MultiLineString", "coordinates": [ [ [ 414194.551079769618809, 7654929.741940545849502 ], [ 414174.356316812569275, 7654924.025889508426189 ], [ 414140.15741167817032, 7654912.846764450892806 ], [ 414113.053882467793301, 7654902.654882932081819 ], [ 414088.158393351652194, 7654892.254350963979959 ], [ 414061.906680466549005, 7654880.001455629244447 ], [ 414037.933284200436901, 7654867.67049453780055 ], [ 414015.374978564330377, 7654854.782483085989952 ], [ 413994.126008793246001, 7654841.671178263612092 ], [ 413973.439205331262201, 7654827.709857640787959 ], [ 413954.034572878503241, 7654813.629279550164938 ], [ 413939.973987773119006, 7654802.433430599048734 ], [ 413920.223611830559094, 7654785.582888869568706 ], [ 413902.745010953629389, 7654769.184999171644449 ], [ 413883.234819259378128, 7654749.153845051303506 ], [ 413869.979173843399622, 7654734.220793662592769 ], [ 413851.677940651599783, 7654711.660225871950388 ] ] ] } },
{ "type": "Feature", "properties": { "fid": 247.0, "COMPR_M": 414.81, "CLASSE": "03 - Média", "CD_FAZ": " 400529", "TALHOES": "5, 3", "FAZ_tAL": "400028005, 400529003", "ID_LINHA": 19092 }, "geometry": { "type": "MultiLineString", "coordinates": [ [ [ 413854.413944387808442, 7654710.473019338212907 ], [ 413874.580956275865901, 7654735.05551740527153 ], [ 413887.990391729166731, 7654749.845739115029573 ], [ 413904.731236734252889, 7654766.9890594817698 ], [ 413922.191082249861211, 7654783.389250485226512 ], [ 413934.264809576736297, 7654793.85202188976109 ], [ 413955.307130880653858, 7654810.717366826720536 ], [ 413979.515856985759456, 7654828.378387412056327 ], [ 414001.182732977496926, 7654842.720991340465844 ], [ 414018.229316284123342, 7654853.110271964222193 ], [ 414039.12990291567985, 7654864.853719382546842 ], [ 414068.503877208102494, 7654879.845347218215466 ], [ 414093.913676359283272, 7654891.519703941419721 ], [ 414121.674833310185932, 7654902.829166420735419 ], [ 414147.020584107725881, 7654912.047671427950263 ], [ 414176.516269640938845, 7654921.511542016640306 ], [ 414198.903716397995595, 7654927.958199388347566 ] ] ] } },
{ "type": "Feature", "properties": { "fid": 248.0, "COMPR_M": 416.06, "CLASSE": "03 - Média", "CD_FAZ": " 400529", "TALHOES": "5, 3", "FAZ_tAL": "400028005, 400529003", "ID_LINHA": 19093 }, "geometry": { "type": "MultiLineString", "coordinates": [ [ [ 413857.296191907254979, 7654709.215347161516547 ], [ 413870.941027063003276, 7654726.172309085726738 ], [ 413889.414572002075147, 7654747.191701909527183 ], [ 413906.930629161535762, 7654764.958243392407894 ], [ 413921.405810025520623, 7654778.691899947822094 ], [ 413941.873535987106152, 7654796.254661050625145 ], [ 413960.686709855042864, 7654811.132371945306659 ], [ 413988.396805989730638, 7654830.737989011220634 ], [ 414007.769110215012915, 7654843.116692802868783 ], [ 414035.331917609088123, 7654859.299234790727496 ], [ 414057.416188961244188, 7654870.958727212622762 ], [ 414076.230169732356444, 7654880.215972501784563 ], [ 414100.857745248707943, 7654891.222155135124922 ], [ 414126.853012684499845, 7654901.565073564648628 ], [ 414153.158175702905282, 7654911.013633219525218 ], [ 414180.823507783119567, 7654919.655775993131101 ], [ 414203.555198601738084, 7654925.957793354988098 ] ] ] } },
{ "type": "Feature", "properties": { "fid": 249.0, "COMPR_M": 417.32, "CLASSE": "03 - Média", "CD_FAZ": " 400529", "TALHOES": "5, 3", "FAZ_tAL": "400028005, 400529003", "ID_LINHA": 19094 }, "geometry": { "type": "MultiLineString", "coordinates": [ [ [ 413860.127078695804812, 7654707.990489495918155 ], [ 413878.97297744784737, 7654731.044762833043933 ], [ 413892.386640583397821, 7654745.814245732501149 ], [ 413907.677646698139142, 7654761.598969114944339 ], [ 413929.626999953412451, 7654782.001018852926791 ], [ 413946.429826323525049, 7654796.112634489312768 ], [ 413971.767630748159718, 7654815.604885019361973 ], [ 413992.313252610736527, 7654829.814559453167021 ], [ 414008.271728718536906, 7654840.049425137229264 ], [ 414030.621287199552171, 7654853.285889504477382 ], [ 414056.101586317876354, 7654867.058956153690815 ], [ 414079.461957288323902, 7654878.459936816245317 ], [ 414100.465817203628831, 7654887.749942504800856 ], [ 414130.167321445071138, 7654899.585014840587974 ], [ 414153.677477640740108, 7654907.984506795182824 ], [ 414189.95014113408979, 7654919.221509195864201 ], [ 414208.17369489162229, 7654923.998771362006664 ] ] ] } },
{ "type": "Feature", "properties": { "fid": 250.0, "COMPR_M": 418.39, "CLASSE": "03 - Média", "CD_FAZ": " 400529", "TALHOES": "5, 3", "FAZ_tAL": "400028005, 400529003", "ID_LINHA": 19095 }, "geometry": { "type": "MultiLineString", "coordinates": [ [ [ 414212.597309121687431, 7654922.238334918394685 ], [ 414183.709973722929135, 7654914.164376048371196 ], [ 414160.790388480643742, 7654907.140638893470168 ], [ 414139.071542688529007, 7654899.639795238152146 ], [ 414102.78687836532481, 7654885.429323550313711 ], [ 414088.147375934349839, 7654879.052027814090252 ], [ 414061.992122669238597, 7654866.652694349177182 ], [ 414032.930121500859968, 7654851.038683688268065 ], [ 414011.415706129802857, 7654838.345587387681007 ], [ 413989.605217764503323, 7654824.253546103835106 ], [ 413967.573133067926392, 7654808.699670396745205 ], [ 413950.220335735590197, 7654795.254914126358926 ], [ 413930.330452379421331, 7654778.54338819347322 ], [ 413910.591505327960476, 7654760.172454343177378 ], [ 413897.304558332078159, 7654746.643689664080739 ], [ 413883.151118219655473, 7654731.166701545007527 ], [ 413862.928336883487646, 7654706.779450895264745 ] ] ] } },
{ "type": "Feature", "properties": { "fid": 251.0, "COMPR_M": 419.67, "CLASSE": "03 - Média", "CD_FAZ": " 400529", "TALHOES": "5, 3", "FAZ_tAL": "400028005, 400529003", "ID_LINHA": 19096 }, "geometry": { "type": "MultiLineString", "coordinates": [ [ [ 413865.879090702685062, 7654705.486395560204983 ], [ 413877.559894133533817, 7654720.170989294536412 ], [ 413896.141776265518274, 7654741.072635859251022 ], [ 413911.453345304937102, 7654756.84848034568131 ], [ 413925.899860274454113, 7654770.59285853523761 ], [ 413947.794512633234262, 7654789.56054980866611 ], [ 413971.484487509354949, 7654807.940894905477762 ], [ 413993.553923021070659, 7654823.399120259098709 ], [ 414019.680283071415033, 7654840.021800423040986 ], [ 414048.365538387733977, 7654856.255700384266675 ], [ 414071.571569435705896, 7654867.94453857652843 ], [ 414100.60911245259922, 7654881.313765089027584 ], [ 414113.524394270789344, 7654886.651472175493836 ], [ 414133.975696208479349, 7654894.686981186270714 ], [ 414160.397158988111187, 7654903.867531524971128 ], [ 414189.986034815374296, 7654913.005356823094189 ], [ 414217.252879309467971, 7654920.237880325876176 ] ] ] } },
{ "type": "Feature", "properties": { "fid": 252.0, "COMPR_M": 420.9, "CLASSE": "03 - Média", "CD_FAZ": " 400529", "TALHOES": "5, 3", "FAZ_tAL": "400028005, 400529003", "ID_LINHA": 19097 }, "geometry": { "type": "MultiLineString", "coordinates": [ [ [ 413868.609180776285939, 7654704.316517340019345 ], [ 413883.05472140526399, 7654721.917227817699313 ], [ 413899.700947497854941, 7654740.534931248053908 ], [ 413917.275295481609646, 7654758.272671814076602 ], [ 413934.107412041921634, 7654773.888029656372964 ], [ 413951.651025726867374, 7654788.692976104095578 ], [ 413973.711090969154611, 7654805.876646317541599 ], [ 413994.199402333295438, 7654820.150603342801332 ], [ 414016.870624119066633, 7654834.742935026064515 ], [ 414040.184249878628179, 7654848.308539141900837 ], [ 414066.69332948687952, 7654862.308331442065537 ], [ 414090.166681997827254, 7654873.403265526518226 ], [ 414118.66884229821153, 7654885.554473452270031 ], [ 414146.71523790480569, 7654896.051059704273939 ], [ 414175.202470022952184, 7654905.382791476324201 ], [ 414203.041288118402008, 7654913.459701632149518 ], [ 414221.853114645113237, 7654918.320472828112543 ] ] ] } },
{ "type": "Feature", "properties": { "fid": 253.0, "COMPR_M": 422.19, "CLASSE": "03 - Média", "CD_FAZ": " 400529", "TALHOES": "5, 3", "FAZ_tAL": "400028005, 400529003", "ID_LINHA": 19098 }, "geometry": { "type": "MultiLineString", "coordinates": [ [ [ 413871.335871330287773, 7654703.136692258529365 ], [ 413888.529815274872817, 7654723.652156281284988 ], [ 413906.783631474361755, 7654743.501949174329638 ], [ 413922.361066241457593, 7654758.973248168826103 ], [ 413937.822101499536075, 7654773.155941430479288 ], [ 413955.45301676064264, 7654787.853663857094944 ], [ 413975.208256971323863, 7654803.105417272076011 ], [ 413993.975772607256658, 7654816.349708218127489 ], [ 414020.027688347676303, 7654833.07203889451921 ], [ 414045.103995936689898, 7654847.585121623240411 ], [ 414067.253607084043324, 7654859.152606067247689 ], [ 414089.786896469187923, 7654869.869870590046048 ], [ 414115.462683913065121, 7654880.951557863503695 ], [ 414138.776755260885693, 7654889.951362129300833 ], [ 414164.26789750327589, 7654898.731279755942523 ], [ 414202.570882108760998, 7654910.167664645239711 ], [ 414226.510919279535301, 7654916.335612785071135 ] ] ] } },
{ "type": "Feature", "properties": { "fid": 254.0, "COMPR_M": 423.61, "CLASSE": "03 - Média", "CD_FAZ": " 400529", "TALHOES": "5, 3", "FAZ_tAL": "400028005, 400529003", "ID_LINHA": 19099 }, "geometry": { "type": "MultiLineString", "coordinates": [ [ [ 413874.484455292928033, 7654701.748823991045356 ], [ 413894.118679133302066, 7654725.43195085413754 ], [ 413908.375525140261743, 7654740.814242287538946 ], [ 413926.092545818071812, 7654758.404261606745422 ], [ 413942.376847838168032, 7654773.159800552763045 ], [ 413959.291169735253789, 7654787.142965797334909 ], [ 413976.733615962322801, 7654800.532232227735221 ], [ 414002.10049697838258, 7654818.287210719659925 ], [ 414022.397442421526648, 7654831.017595971003175 ], [ 414047.505562392878346, 7654845.463364684022963 ], [ 414075.880542040918954, 7654860.194649716839194 ], [ 414098.558453910110984, 7654870.64164163172245 ], [ 414121.614592260913923, 7654880.244762543588877 ], [ 414145.909645737847313, 7654889.435560892336071 ], [ 414174.387026489886921, 7654898.726993469521403 ], [ 414207.999808806169312, 7654908.43184188939631 ], [ 414231.411238656379282, 7654914.265553476288915 ] ] ] } },
{ "type": "Feature", "properties": { "fid": 255.0, "COMPR_M": 424.99, "CLASSE": "03 - Média", "CD_FAZ": " 400529", "TALHOES": "5, 3", "FAZ_tAL": "400028005, 400529003", "ID_LINHA": 19100 }, "geometry": { "type": "MultiLineString", "coordinates": [ [ [ 413877.355425755144097, 7654700.516769731417298 ], [ 413896.204510291747283, 7654723.58555862493813 ], [ 413904.964373718306888, 7654733.126965083181858 ], [ 413920.314300869475119, 7654748.821856619790196 ], [ 413944.578631087031681, 7654771.123831136152148 ], [ 413968.507593453628942, 7654790.781706520356238 ], [ 413986.195768462552223, 7654803.796433650888503 ], [ 414011.096396572771482, 7654820.469402408227324 ], [ 414034.140756609267555, 7654834.511742904782295 ], [ 414063.89695876679616, 7654850.881693855859339 ], [ 414080.9703166053514, 7654859.167693194933236 ], [ 414096.344886431179475, 7654866.394268956035376 ], [ 414127.693603619351052, 7654879.456717349588871 ], [ 414154.91081396577647, 7654889.3869165815413 ], [ 414179.60543059639167, 7654897.401481378823519 ], [ 414215.225045021099504, 7654907.292399313300848 ], [ 414236.134896042640321, 7654912.347494922578335 ] ] ] } },
{ "type": "Feature", "properties": { "fid": 256.0, "COMPR_M": 426.41, "CLASSE": "03 - Média", "CD_FAZ": " 400529", "TALHOES": "5, 3", "FAZ_tAL": "400028005, 400529003", "ID_LINHA": 19101 }, "geometry": { "type": "MultiLineString", "coordinates": [ [ [ 413880.208258967730217, 7654699.304531219415367 ], [ 413899.246300377533771, 7654722.192218378186226 ], [ 413914.114010439137928, 7654738.353277996182442 ], [ 413923.231021972256713, 7654747.555771170184016 ], [ 413947.55845384526765, 7654769.776579156517982 ], [ 413965.332321114372462, 7654784.335492771118879 ], [ 413990.138779497588985, 7654802.884419975802302 ], [ 414014.196084406576119, 7654818.985553346574306 ], [ 414032.975227541697677, 7654830.389757808297873 ], [ 414055.642870340903755, 7654843.090125382877886 ], [ 414076.090230353060178, 7654853.529825166799128 ], [ 414098.740644118981436, 7654864.084395878948271 ], [ 414127.26068841322558, 7654876.08629260212183 ], [ 414158.305258062900975, 7654887.23578046169132 ], [ 414183.984126960509457, 7654895.493568371981382 ], [ 414201.255377376044635, 7654900.469441270455718 ], [ 414241.0270584198297, 7654910.241842339746654 ] ] ] } },
{ "type": "Feature", "properties": { "fid": 257.0, "COMPR_M": 427.94, "CLASSE": "03 - Média", "CD_FAZ": " 400529", "TALHOES": "5, 3", "FAZ_tAL": "400028005, 400529003", "ID_LINHA": 19102 }, "geometry": { "type": "MultiLineString", "coordinates": [ [ [ 413882.964519887289498, 7654698.084972020238638 ], [ 413896.227760593756102, 7654714.069274238310754 ], [ 413920.491043097339571, 7654740.638867316767573 ], [ 413935.547995733795688, 7654755.185743175446987 ], [ 413953.550261915312149, 7654771.005877386778593 ], [ 413973.068168401892763, 7654786.57066055200994 ], [ 413995.641136672114953, 7654803.087795827537775 ], [ 414019.011208081559744, 7654818.422249626368284 ], [ 414044.811040841159411, 7654833.704033743590117 ], [ 414068.564118640031666, 7654846.446780374273658 ], [ 414089.249430803, 7654856.454326376318932 ], [ 414115.736090844206046, 7654868.181343894451857 ], [ 414138.977788794029038, 7654877.321917863562703 ], [ 414165.369127197714988, 7654886.544831464067101 ], [ 414192.103724830492865, 7654894.777970843017101 ], [ 414215.220144850260112, 7654901.121870374307036 ], [ 414245.917099373997189, 7654908.100201124325395 ] ] ] } },
{ "type": "Feature", "properties": { "fid": 258.0, "COMPR_M": 429.99, "CLASSE": "03 - Média", "CD_FAZ": " 400529", "TALHOES": "5, 3", "FAZ_tAL": "400028005, 400529003", "ID_LINHA": 19103 }, "geometry": { "type": "MultiLineString", "coordinates": [ [ [ 413885.743022101873066, 7654696.891175841912627 ], [ 413902.459832850436214, 7654716.465991804376245 ], [ 413925.698305967962369, 7654741.255790666677058 ], [ 413934.898190024658106, 7654750.41236380673945 ], [ 413949.650101790728513, 7654763.833915539085865 ], [ 413968.148854839906562, 7654779.080945891328156 ], [ 413991.418080410687253, 7654796.332900998182595 ], [ 414009.535283819481265, 7654808.781078100204468 ], [ 414040.089069701381959, 7654827.704962168820202 ], [ 414068.277499074814841, 7654842.805376571603119 ], [ 414085.273773887834977, 7654851.264006612822413 ], [ 414121.848037032585125, 7654867.365421766415238 ], [ 414139.525833673600573, 7654874.251236468553543 ], [ 414161.170155765779782, 7654881.982138896360993 ], [ 414190.694103142712265, 7654891.222283003851771 ], [ 414235.242134984815493, 7654902.676091779023409 ], [ 414251.429684971692041, 7654905.965441038832068 ] ] ] } },
{ "type": "Feature", "properties": { "fid": 259.0, "COMPR_M": 430.91, "CLASSE": "03 - Média", "CD_FAZ": " 400529", "TALHOES": "5, 3", "FAZ_tAL": "400028005, 400529003", "ID_LINHA": 19104 }, "geometry": { "type": "MultiLineString", "coordinates": [ [ [ 414255.719118645705748, 7654904.120492180809379 ], [ 414233.267157205729745, 7654899.244771048426628 ], [ 414197.469336191366892, 7654890.019133184105158 ], [ 414169.756397731311154, 7654881.56163671053946 ], [ 414143.299618845339864, 7654872.505509715527296 ], [ 414116.372392381832469, 7654861.824251629412174 ], [ 414089.881132798967883, 7654850.099000940099359 ], [ 414072.809494793997146, 7654841.813849124126136 ], [ 414045.491464998747688, 7654827.25611162558198 ], [ 414031.680751336563844, 7654819.194213369861245 ], [ 414003.909752923587803, 7654801.502005141228437 ], [ 413980.454488762770779, 7654784.484475844539702 ], [ 413953.218209661368746, 7654762.537624179385602 ], [ 413935.313195471186191, 7654746.656025415286422 ], [ 413921.990400122187566, 7654733.132316375151277 ], [ 413904.873688118997961, 7654714.951292624697089 ], [ 413888.582888014265336, 7654695.667050434276462 ] ] ] } },
{ "type": "Feature", "properties": { "fid": 260.0, "COMPR_M": 432.38, "CLASSE": "03 - Média", "CD_FAZ": " 400529", "TALHOES": "5, 3", "FAZ_tAL": "400028005, 400529003", "ID_LINHA": 19105 }, "geometry": { "type": "MultiLineString", "coordinates": [ [ [ 413891.428314235352445, 7654694.412206411361694 ], [ 413905.950061518407892, 7654711.946624191477895 ], [ 413912.672687362588476, 7654719.301792901009321 ], [ 413928.633861363399774, 7654735.826870317570865 ], [ 413948.200143378635403, 7654754.33783470466733 ], [ 413982.34435873007169, 7654782.072318193502724 ], [ 414004.754261471622158, 7654798.754722045734525 ], [ 414039.595425006002188, 7654820.22655026242137 ], [ 414062.472096741665155, 7654832.50156782194972 ], [ 414071.962440520699602, 7654838.093275181949139 ], [ 414097.163355222612154, 7654850.17616250179708 ], [ 414125.607152470969595, 7654862.436398041434586 ], [ 414147.99924814485712, 7654871.003702752292156 ], [ 414183.05143751372816, 7654882.739817747846246 ], [ 414199.34592491138028, 7654887.43091543763876 ], [ 414234.167769551742822, 7654896.45414106361568 ], [ 414260.56518972129561, 7654901.956862453371286 ] ] ] } },
{ "type": "Feature", "properties": { "fid": 261.0, "COMPR_M": 434.12, "CLASSE": "03 - Média", "CD_FAZ": " 400529", "TALHOES": "5, 3", "FAZ_tAL": "400028005, 400529003", "ID_LINHA": 19106 }, "geometry": { "type": "MultiLineString", "coordinates": [ [ [ 414265.770066792203579, 7654899.861365503631532 ], [ 414230.55351167509798, 7654892.426378653384745 ], [ 414200.579760731896386, 7654884.673896102234721 ], [ 414171.905924780876376, 7654875.919989189133048 ], [ 414143.577887650812045, 7654866.127577766776085 ], [ 414117.572096776100807, 7654855.836795464158058 ], [ 414097.455553536536172, 7654847.021757807582617 ], [ 414078.701672506867908, 7654837.689959767274559 ], [ 414045.114837521803565, 7654819.921436481177807 ], [ 414029.563380758743733, 7654810.912442199885845 ], [ 414006.816352870024275, 7654796.544391996227205 ], [ 413984.971641442680266, 7654780.716194503009319 ], [ 413956.353494468727149, 7654757.286454850807786 ], [ 413942.152046487899497, 7654744.722723649814725 ], [ 413916.016357301152311, 7654718.594148682430387 ], [ 413909.309986850828864, 7654711.251130943186581 ], [ 413894.341373322997242, 7654693.153792632743716 ] ] ] } },
{ "type": "Feature", "properties": { "fid": 262.0, "COMPR_M": 435.71, "CLASSE": "03 - Média", "CD_FAZ": " 400529", "TALHOES": "5, 3", "FAZ_tAL": "400028005, 400529003", "ID_LINHA": 19107 }, "geometry": { "type": "MultiLineString", "coordinates": [ [ [ 413897.101490063767415, 7654691.962350906804204 ], [ 413911.78697469457984, 7654709.364236429333687 ], [ 413921.882146174903028, 7654720.411275178194046 ], [ 413943.043468999443576, 7654741.627529572695494 ], [ 413960.125479204580188, 7654756.958973018452525 ], [ 413982.541724563867319, 7654775.322697456926107 ], [ 413998.726605973497499, 7654787.008496856316924 ], [ 414025.301375941839069, 7654804.719061451032758 ], [ 414051.095237838337198, 7654819.993696263059974 ], [ 414099.993332094978541, 7654845.048027993179858 ], [ 414129.439262252068147, 7654857.46523048914969 ], [ 414153.693776086554863, 7654866.729278795421124 ], [ 414184.078184608428273, 7654876.737864976748824 ], [ 414211.923712836927734, 7654884.724661372601986 ], [ 414246.916378084803, 7654893.041175808757544 ], [ 414270.697915515920613, 7654897.801053630188107 ] ] ] } },
{ "type": "Feature", "properties": { "fid": 263.0, "COMPR_M": 437.38, "CLASSE": "03 - Média", "CD_FAZ": " 400529", "TALHOES": "5, 3", "FAZ_tAL": "400028005, 400529003", "ID_LINHA": 19108 }, "geometry": { "type": "MultiLineString", "coordinates": [ [ [ 413900.015395772177726, 7654690.684444507583976 ], [ 413917.298125194734894, 7654711.114959815517068 ], [ 413935.333991510735359, 7654729.784120162948966 ], [ 413957.096367006073706, 7654750.375519016757607 ], [ 413972.304975322098471, 7654763.31372916419059 ], [ 413990.483585124718957, 7654777.320683526806533 ], [ 414018.436981051054318, 7654796.601004265248775 ], [ 414029.34365435136715, 7654803.63124181330204 ], [ 414055.209576323803049, 7654818.773130722343922 ], [ 414100.578501372947358, 7654842.015208857133985 ], [ 414110.551978019124363, 7654846.610581465065479 ], [ 414138.313696078606881, 7654857.843286782503128 ], [ 414159.845144756895024, 7654865.813736892305315 ], [ 414195.101366209913976, 7654877.007661547511816 ], [ 414216.302344898751471, 7654882.764120126143098 ], [ 414241.550664650625549, 7654888.750707404688001 ], [ 414275.826673699775711, 7654895.620175048708916 ] ] ] } },
{ "type": "Feature", "properties": { "fid": 264.0, "COMPR_M": 439.14, "CLASSE": "03 - Média", "CD_FAZ": " 400529", "TALHOES": "5, 3", "FAZ_tAL": "400028005, 400529003", "ID_LINHA": 19109 }, "geometry": { "type": "MultiLineString", "coordinates": [ [ [ 413902.959932865283918, 7654689.426613194867969 ], [ 413921.70542114903219, 7654711.197785940021276 ], [ 413938.271926109213382, 7654728.531481698155403 ], [ 413959.45171646529343, 7654748.254692480899394 ], [ 413977.02960984071251, 7654763.056607441976666 ], [ 413992.008167183725163, 7654774.670384828001261 ], [ 414011.549246965092607, 7654788.530377097427845 ], [ 414035.96864376810845, 7654804.126991547644138 ], [ 414062.818008193629794, 7654819.564140999689698 ], [ 414097.628470357507467, 7654837.090906562283635 ], [ 414110.46214024303481, 7654842.569984129630029 ], [ 414119.435869638924487, 7654846.964968858286738 ], [ 414143.54926288977731, 7654856.605834582820535 ], [ 414170.867596741882153, 7654866.285564955323935 ], [ 414196.609166142414324, 7654874.28868212364614 ], [ 414228.481647355190944, 7654882.769395573064685 ], [ 414261.640586689289194, 7654890.160640105605125 ], [ 414281.094428448064718, 7654893.333186147734523 ] ] ] } },
{ "type": "Feature", "properties": { "fid": 265.0, "COMPR_M": 441.06, "CLASSE": "03 - Média", "CD_FAZ": " 400529", "TALHOES": "5, 3", "FAZ_tAL": "400028005, 400529003", "ID_LINHA": 19110 }, "geometry": { "type": "MultiLineString", "coordinates": [ [ [ 413905.695750746817794, 7654688.228009441867471 ], [ 413921.182081662584096, 7654706.245830161496997 ], [ 413934.200737557839602, 7654720.017099753022194 ], [ 413954.985506426251959, 7654740.184189837425947 ], [ 413978.462750711943954, 7654760.378073471598327 ], [ 413995.841548125143163, 7654773.793581925332546 ], [ 414018.813706217275467, 7654789.74193031527102 ], [ 414041.541661985451356, 7654804.243344124406576 ], [ 414070.316256325459108, 7654820.335332203656435 ], [ 414099.067271018517204, 7654834.317340880632401 ], [ 414139.429516066215001, 7654851.80823072604835 ], [ 414177.075473519042134, 7654865.062114571221173 ], [ 414203.814426569151692, 7654873.298594171181321 ], [ 414228.0208977125003, 7654879.43342405743897 ], [ 414254.329921546042897, 7654885.284631101414561 ], [ 414286.439667601196561, 7654891.137302037328482 ] ] ] } },
{ "type": "Feature", "properties": { "fid": 266.0, "COMPR_M": 442.76, "CLASSE": "03 - Média", "CD_FAZ": " 400529", "TALHOES": "5, 3", "FAZ_tAL": "400028005, 400529003", "ID_LINHA": 19111 }, "geometry": { "type": "MultiLineString", "coordinates": [ [ [ 413908.541580655553844, 7654686.988562118262053 ], [ 413925.968912893906236, 7654707.26255969516933 ], [ 413944.783483334816992, 7654726.574687350541353 ], [ 413964.611326849088073, 7654744.844726108014584 ], [ 413986.167222496529575, 7654762.653113376349211 ], [ 414007.869231982040219, 7654778.670948130078614 ], [ 414036.163805655960459, 7654797.432333291508257 ], [ 414050.670154054183513, 7654806.199856143444777 ], [ 414083.265562499349471, 7654823.690928852185607 ], [ 414102.191745950083714, 7654832.716998293064535 ], [ 414145.512748772918712, 7654850.852815235033631 ], [ 414164.2581984490389, 7654857.693761775270104 ], [ 414181.347116070217453, 7654863.309227937832475 ], [ 414200.475132703548297, 7654869.054307465441525 ], [ 414228.414100192312617, 7654876.654547028243542 ], [ 414262.615171066543553, 7654883.992719385772943 ], [ 414291.522625721408986, 7654888.977813119068742 ] ] ] } },
{ "type": "Feature", "properties": { "fid": 267.0, "COMPR_M": 444.69, "CLASSE": "03 - Média", "CD_FAZ": " 400529", "TALHOES": "5, 3", "FAZ_tAL": "400028005, 400529003", "ID_LINHA": 19112 }, "geometry": { "type": "MultiLineString", "coordinates": [ [ [ 413911.433800692146178, 7654685.74012503400445 ], [ 413928.251289303647354, 7654705.250664727762341 ], [ 413944.241643134271726, 7654721.721739297732711 ], [ 413963.922151994309388, 7654740.125354455783963 ], [ 413985.299572125251871, 7654758.135534957051277 ], [ 414010.914985039737076, 7654777.24338148906827 ], [ 414033.454332266352139, 7654792.052597821690142 ], [ 414054.85018347715959, 7654804.906489823013544 ], [ 414084.716438502364326, 7654821.117695523425937 ], [ 414104.59704215824604, 7654830.412803458049893 ], [ 414151.657698742812499, 7654850.016987924464047 ], [ 414186.674956712347921, 7654861.743010899983346 ], [ 414216.407088633975945, 7654870.383199354633689 ], [ 414238.740803321707062, 7654875.795054251328111 ], [ 414269.056111192156095, 7654882.051767949014902 ], [ 414296.972795477602631, 7654886.656149687245488 ] ] ] } },
{ "type": "Feature", "properties": { "fid": 268.0, "COMPR_M": 446.37, "CLASSE": "03 - Média", "CD_FAZ": " 400529", "TALHOES": "5, 3", "FAZ_tAL": "400028005, 400529003", "ID_LINHA": 19113 }, "geometry": { "type": "MultiLineString", "coordinates": [ [ [ 413914.254713110392913, 7654684.513459587469697 ], [ 413931.805491160252132, 7654704.688904876820743 ], [ 413952.12645528127905, 7654725.319105070084333 ], [ 413972.845652975956909, 7654744.096742713823915 ], [ 413992.245007021236233, 7654759.826930462382734 ], [ 414012.32474789454136, 7654774.596850674599409 ], [ 414036.552715002500918, 7654790.486452056095004 ], [ 414057.983344821259379, 7654803.285106490366161 ], [ 414087.957982463063672, 7654819.282997992821038 ], [ 414113.186623958405107, 7654831.318722542375326 ], [ 414152.143470211012755, 7654846.944441880099475 ], [ 414165.224668057344388, 7654851.821482883766294 ], [ 414194.738137554726563, 7654861.179468185640872 ], [ 414219.744083674158901, 7654868.238828711211681 ], [ 414235.258902296889573, 7654872.030939989723265 ], [ 414268.501415835227817, 7654878.990717712789774 ], [ 414302.016509619541466, 7654884.514393865130842 ] ] ] } },
{ "type": "Feature", "properties": { "fid": 269.0, "COMPR_M": 448.38, "CLASSE": "03 - Média", "CD_FAZ": " 400529", "TALHOES": "5, 3", "FAZ_tAL": "400028005, 400529003", "ID_LINHA": 19114 }, "geometry": { "type": "MultiLineString", "coordinates": [ [ [ 413917.159547725808807, 7654683.263763703405857 ], [ 413934.792547920776997, 7654703.367548902519047 ], [ 413948.704111691273283, 7654717.685032838024199 ], [ 413963.895961318397895, 7654732.134085617959499 ], [ 413985.867304838553537, 7654750.984172603115439 ], [ 414009.021956745767966, 7654768.41141309030354 ], [ 414027.941034093615599, 7654781.413949746638536 ], [ 414052.559548893244937, 7654796.673916853964329 ], [ 414083.247137875878252, 7654813.417885115370154 ], [ 414111.063727105443832, 7654827.061157170683146 ], [ 414135.000290539232083, 7654837.045124432072043 ], [ 414162.991847497934941, 7654847.777090248651803 ], [ 414184.797425597091205, 7654854.957415526732802 ], [ 414218.400664671673439, 7654864.710796464234591 ], [ 414237.791689341596793, 7654869.42967439070344 ], [ 414275.971945498022251, 7654877.211380345746875 ], [ 414307.560940787894651, 7654882.119861166924238 ] ] ] } },
{ "type": "Feature", "properties": { "fid": 270.0, "COMPR_M": 450.28, "CLASSE": "03 - Média", "CD_FAZ": " 400529", "TALHOES": "5, 3", "FAZ_tAL": "400028005, 400529003", "ID_LINHA": 19115 }, "geometry": { "type": "MultiLineString", "coordinates": [ [ [ 413919.941428901103791, 7654682.053557891398668 ], [ 413934.867972654639743, 7654699.213102947920561 ], [ 413950.863881623081397, 7654715.707596964202821 ], [ 413972.70298499125056, 7654736.183236027136445 ], [ 413994.334241248783655, 7654753.926573630422354 ], [ 414016.919996365555562, 7654770.406323231756687 ], [ 414038.51868494937662, 7654784.814246576279402 ], [ 414062.53454143658746, 7654799.10886063799262 ], [ 414084.536151010892354, 7654810.932542661204934 ], [ 414113.28952762571862, 7654824.958987286314368 ], [ 414130.673272424028255, 7654832.45461362414062 ], [ 414172.859619165421464, 7654848.035111501812935 ], [ 414189.952783036103938, 7654853.619449255056679 ], [ 414224.596357668575365, 7654863.280388206243515 ], [ 414249.887067148985807, 7654869.161851558834314 ], [ 414286.19783424254274, 7654876.116925422102213 ], [ 414312.787529893917963, 7654879.922317769378424 ] ] ] } },
{ "type": "Feature", "properties": { "fid": 271.0, "COMPR_M": 452.36, "CLASSE": "03 - Média", "CD_FAZ": " 400529", "TALHOES": "5, 3", "FAZ_tAL": "400028005, 400529003", "ID_LINHA": 19116 }, "geometry": { "type": "MultiLineString", "coordinates": [ [ [ 413922.851202124962583, 7654680.794489670544863 ], [ 413943.335479539993685, 7654703.703503637574613 ], [ 413959.571758199017495, 7654719.915914915502071 ], [ 413977.344865972059779, 7654735.979342389851809 ], [ 414002.186888613854535, 7654756.099616393446922 ], [ 414026.652341121050995, 7654773.370720035396516 ], [ 414045.170036574767437, 7654785.181330776773393 ], [ 414066.693706705002114, 7654797.863689139485359 ], [ 414091.395059620554093, 7654810.96112653799355 ], [ 414116.706861867569387, 7654822.886853862553835 ], [ 414139.681095438892953, 7654832.644633831456304 ], [ 414171.61654713540338, 7654844.211541176773608 ], [ 414202.037887655023951, 7654854.041225546970963 ], [ 414226.119980523129925, 7654860.561422798782587 ], [ 414258.287363957322668, 7654867.796443980187178 ], [ 414289.746247009432409, 7654873.502923469990492 ], [ 414318.445385073369835, 7654877.500336648896337 ] ] ] } },
{ "type": "Feature", "properties": { "fid": 272.0, "COMPR_M": 454.25, "CLASSE": "03 - Média", "CD_FAZ": " 400529", "TALHOES": "5, 3", "FAZ_tAL": "400028005, 400529003", "ID_LINHA": 19117 }, "geometry": { "type": "MultiLineString", "coordinates": [ [ [ 413925.689682661904953, 7654679.562555704265833 ], [ 413943.459037551307119, 7654699.53406423330307 ], [ 413961.060037676419597, 7654717.236037278547883 ], [ 413979.572562652814668, 7654733.979424989782274 ], [ 414003.696474068448879, 7654753.388683529570699 ], [ 414025.629723058198579, 7654769.05902183894068 ], [ 414049.119189831311814, 7654784.242994548752904 ], [ 414083.070371835259721, 7654803.293025985360146 ], [ 414097.351904322509654, 7654810.498376000672579 ], [ 414121.795336100971326, 7654821.880893161520362 ], [ 414152.312519783736207, 7654834.390602419152856 ], [ 414192.053185854339972, 7654847.789236607961357 ], [ 414205.414408935408574, 7654851.864898146130145 ], [ 414238.290692063048482, 7654860.441893832758069 ], [ 414261.746653815032914, 7654865.47636459954083 ], [ 414293.184329258103389, 7654871.128254889510572 ], [ 414323.751150256488472, 7654875.273460857570171 ] ] ] } },
{ "type": "Feature", "properties": { "fid": 273.0, "COMPR_M": 456.61, "CLASSE": "03 - Média", "CD_FAZ": " 400529", "TALHOES": "5, 3", "FAZ_tAL": "400028005, 400529003", "ID_LINHA": 19118 }, "geometry": { "type": "MultiLineString", "coordinates": [ [ [ 413928.609469017654192, 7654678.29950101301074 ], [ 413948.478480376477819, 7654700.422364946454763 ], [ 413966.981511298625264, 7654718.625675137154758 ], [ 413981.799234624020755, 7654731.980807779356837 ], [ 414005.982078301894944, 7654751.327512899413705 ], [ 414027.923973100725561, 7654766.974250723607838 ], [ 414050.562880737590604, 7654781.632866916246712 ], [ 414072.139938861364499, 7654794.193631138652563 ], [ 414097.033214381546713, 7654806.928379241377115 ], [ 414126.963017240050249, 7654820.783526837825775 ], [ 414157.528344056278002, 7654833.138695435598493 ], [ 414189.712261691456661, 7654843.974789603613317 ], [ 414216.504825180920307, 7654851.901557868346572 ], [ 414241.684568495606072, 7654858.221844080835581 ], [ 414271.036205711774528, 7654864.262132537551224 ], [ 414300.591604213695973, 7654869.282506696879864 ], [ 414329.608366307336837, 7654872.794589623808861 ] ] ] } },
{ "type": "Feature", "properties": { "fid": 274.0, "COMPR_M": 458.54, "CLASSE": "03 - Média", "CD_FAZ": " 400529", "TALHOES": "5, 3", "FAZ_tAL": "400028005, 400529003", "ID_LINHA": 19119 }, "geometry": { "type": "MultiLineString", "coordinates": [ [ [ 413931.375252523168456, 7654677.103200843557715 ], [ 413948.584871196595486, 7654696.241721844300628 ], [ 413971.35886814299738, 7654718.659072177484632 ], [ 413987.838428863906302, 7654733.156389387324452 ], [ 414011.381501702242531, 7654751.675646495074034 ], [ 414032.678491791710258, 7654766.526794156059623 ], [ 414058.819565533834975, 7654783.137709088623524 ], [ 414088.602412967418786, 7654799.428692933171988 ], [ 414105.628454702498857, 7654807.838166455738246 ], [ 414137.569353343569674, 7654822.033293044194579 ], [ 414171.164132934820373, 7654834.858062976971269 ], [ 414191.115832858078647, 7654841.307642159983516 ], [ 414219.930463873432018, 7654849.520803334191442 ], [ 414247.099158538971096, 7654856.191840589046478 ], [ 414279.419287185417488, 7654862.691543308086693 ], [ 414302.104619567166083, 7654866.320124559104443 ], [ 414334.977694271306973, 7654870.494615560397506 ] ] ] } },
{ "type": "Feature", "properties": { "fid": 275.0, "COMPR_M": 460.89, "CLASSE": "03 - Média", "CD_FAZ": " 400529", "TALHOES": "5, 3", "FAZ_tAL": "400028005, 400529003", "ID_LINHA": 19120 }, "geometry": { "type": "MultiLineString", "coordinates": [ [ [ 413934.354181839618832, 7654675.803952572867274 ], [ 413952.24473498435691, 7654695.667971489019692 ], [ 413970.741883942100685, 7654713.879667785018682 ], [ 413986.378817456890829, 7654727.821356451138854 ], [ 414010.526154714112636, 7654747.199041020125151 ], [ 414030.818168815225363, 7654761.719691055826843 ], [ 414055.26515772100538, 7654777.260440107434988 ], [ 414075.099228377221152, 7654788.832094091922045 ], [ 414103.514504524297081, 7654803.459885843098164 ], [ 414130.792639589169994, 7654815.874882563948631 ], [ 414152.069780204445124, 7654824.521347900852561 ], [ 414179.324082448612899, 7654834.384595056995749 ], [ 414215.616720854653977, 7654845.454468618147075 ], [ 414245.718314330559224, 7654852.682440828531981 ], [ 414280.017064006300643, 7654859.552055273205042 ], [ 414305.628471029456705, 7654863.65290801320225 ], [ 414340.887064456532244, 7654868.010970927774906 ] ] ] } },
{ "type": "Feature", "properties": { "fid": 276.0, "COMPR_M": 463.35, "CLASSE": "03 - Média", "CD_FAZ": " 400529", "TALHOES": "5, 3", "FAZ_tAL": "400028005, 400529003", "ID_LINHA": 19121 }, "geometry": { "type": "MultiLineString", "coordinates": [ [ [ 413937.178953304712195, 7654674.579979490488768 ], [ 413947.569528288673609, 7654686.394538087770343 ], [ 413960.67988586233696, 7654700.145186436362565 ], [ 413977.269682327867486, 7654715.981236362829804 ], [ 413999.302202219842002, 7654734.777854226529598 ], [ 414022.356793142622337, 7654752.293393207713962 ], [ 414048.919853376748506, 7654770.042676947079599 ], [ 414070.392492393264547, 7654782.786068007349968 ], [ 414096.821381337882485, 7654796.926603575237095 ], [ 414118.409770668426063, 7654807.364433839917183 ], [ 414146.929478496313095, 7654819.387652724981308 ], [ 414174.110271329060197, 7654829.392795890569687 ], [ 414195.908431072079111, 7654836.632551966235042 ], [ 414231.578300847031642, 7654846.357715512625873 ], [ 414259.849325172428507, 7654852.626300875097513 ], [ 414288.329828848480247, 7654857.945896016433835 ], [ 414312.041709746932611, 7654861.459867119789124 ], [ 414346.78981091233436, 7654865.378888288512826 ] ] ] } },
{ "type": "Feature", "properties": { "fid": 277.0, "COMPR_M": 465.94, "CLASSE": "03 - Média", "CD_FAZ": " 400529", "TALHOES": "5, 3", "FAZ_tAL": "400028005, 400529003", "ID_LINHA": 19122 }, "geometry": { "type": "MultiLineString", "coordinates": [ [ [ 413940.010389435919933, 7654673.359680715948343 ], [ 413959.442452648247126, 7654694.495792176574469 ], [ 413978.77372944977833, 7654713.300311152823269 ], [ 414004.695322467130609, 7654735.218669831752777 ], [ 414023.037421855668072, 7654748.998557657003403 ], [ 414046.195976822869852, 7654764.676221011206508 ], [ 414068.34569203259889, 7654778.215368011966348 ], [ 414085.8373297493672, 7654787.876117546111345 ], [ 414118.106881090148818, 7654803.715328209102154 ], [ 414135.443328509689309, 7654811.412941724061966 ], [ 414157.74618240055861, 7654820.273357290774584 ], [ 414173.696832454239484, 7654826.048459831625223 ], [ 414204.091223974188324, 7654835.922324694693089 ], [ 414232.075857651769184, 7654843.460864244028926 ], [ 414260.344463893270586, 7654849.783245389349759 ], [ 414290.777904650603887, 7654855.384995009750128 ], [ 414312.530787695373874, 7654858.584467438980937 ], [ 414352.893696653016377, 7654862.736149909906089 ] ] ] } },
{ "type": "Feature", "properties": { "fid": 513.0, "COMPR_M": 47.72, "CLASSE": "01 - Muito curta", "CD_FAZ": " 400529", "TALHOES": "4, 1", "FAZ_tAL": "400029004, 400529001", "ID_LINHA": 19358 }, "geometry": { "type": "MultiLineString", "coordinates": [ [ [ 413054.634327784413472, 7654989.61737553589046 ], [ 413055.222935873549432, 7654964.86351025570184 ], [ 413057.124444526270963, 7654942.003195486962795 ] ] ] } },
{ "type": "Feature", "properties": { "fid": 514.0, "COMPR_M": 52.24, "CLASSE": "01 - Muito curta", "CD_FAZ": " 400529", "TALHOES": "4, 1", "FAZ_tAL": "400029004, 400529001", "ID_LINHA": 19359 }, "geometry": { "type": "MultiLineString", "coordinates": [ [ [ 413057.690315851825289, 7654988.816534968093038 ], [ 413058.769429699517787, 7654955.093382463790476 ], [ 413060.999075412051752, 7654936.749937403947115 ] ] ] } },
{ "type": "Feature", "properties": { "fid": 515.0, "COMPR_M": 56.65, "CLASSE": "01 - Muito curta", "CD_FAZ": " 400529", "TALHOES": "4, 1", "FAZ_tAL": "400029004, 400529001", "ID_LINHA": 19360 }, "geometry": { "type": "MultiLineString", "coordinates": [ [ [ 413060.866162110702135, 7654987.997403247281909 ], [ 413061.567935264494736, 7654957.265999300405383 ], [ 413062.914514070900623, 7654944.380262158811092 ], [ 413065.049526747548953, 7654931.627395804971457 ] ] ] } },
{ "type": "Feature", "properties": { "fid": 516.0, "COMPR_M": 62.04, "CLASSE": "01 - Muito curta", "CD_FAZ": " 400529", "TALHOES": "4, 1", "FAZ_tAL": "400029004, 400529001", "ID_LINHA": 19361 }, "geometry": { "type": "MultiLineString", "coordinates": [ [ [ 413063.881409979832824, 7654987.214116455055773 ], [ 413064.235180972609669, 7654963.436989730224013 ], [ 413064.97140915656928, 7654952.487850475125015 ], [ 413066.313702609040774, 7654941.637311264872551 ], [ 413069.688386076653842, 7654925.660451888106763 ] ] ] } },
{ "type": "Feature", "properties": { "fid": 517.0, "COMPR_M": 74.92, "CLASSE": "01 - Muito curta", "CD_FAZ": " 400529", "TALHOES": "4, 1", "FAZ_tAL": "400029004, 400529001", "ID_LINHA": 19362 }, "geometry": { "type": "MultiLineString", "coordinates": [ [ [ 413067.191498007334303, 7654986.354792476631701 ], [ 413067.177244950435124, 7654963.570965507999063 ], [ 413068.62385338684544, 7654946.713242299854755 ], [ 413071.505082286894321, 7654931.084002709016204 ], [ 413076.59727681579534, 7654912.476619719527662 ] ] ] } },
{ "type": "Feature", "properties": { "fid": 519.0, "COMPR_M": 101.49, "CLASSE": "02 - Curta", "CD_FAZ": " 400529", "TALHOES": "4, 1", "FAZ_tAL": "400029004, 400529001", "ID_LINHA": 19364 }, "geometry": { "type": "MultiLineString", "coordinates": [ [ [ 413070.025364913453814, 7654985.555471573024988 ], [ 413070.366354125610087, 7654958.812253771349788 ], [ 413071.506128086301032, 7654946.914483465254307 ], [ 413073.021281955530867, 7654938.120764143764973 ], [ 413079.172424698597752, 7654913.967988030053675 ], [ 413083.419992959301453, 7654901.716037597507238 ], [ 413089.826838984736241, 7654887.121310196816921 ] ] ] } },
{ "type": "Feature", "properties": { "fid": 520.0, "COMPR_M": 343.95, "CLASSE": "03 - Média", "CD_FAZ": " 400529", "TALHOES": "4, 1", "FAZ_tAL": "400029004, 400529001", "ID_LINHA": 19365 }, "geometry": { "type": "MultiLineString", "coordinates": [ [ [ 413073.352217206847854, 7654984.708020560443401 ], [ 413073.30114777374547, 7654959.935153988189995 ], [ 413074.682557277614251, 7654946.120565062388778 ], [ 413078.926147587946616, 7654925.642384236678481 ], [ 413082.254292129713576, 7654914.140849572606385 ], [ 413086.620096190483309, 7654901.966423567384481 ], [ 413094.562536206096411, 7654884.789782986044884 ], [ 413107.649656926922034, 7654863.615461580455303 ], [ 413116.723293531278614, 7654851.756445040926337 ], [ 413122.595274432213046, 7654844.961586919613183 ], [ 413136.717524669831619, 7654830.980322335846722 ], [ 413154.753772458294407, 7654816.828173406422138 ], [ 413164.692084716283716, 7654810.225854944437742 ], [ 413171.630503924796358, 7654806.279800787568092 ], [ 413184.072560119093396, 7654800.005677722394466 ], [ 413190.491399227990769, 7654797.280345156788826 ], [ 413200.735732822911814, 7654793.362469794228673 ], [ 413212.129677614371758, 7654789.732143021188676 ], [ 413222.779548020916991, 7654787.42683619260788 ], [ 413238.547675402893219, 7654784.785732437856495 ], [ 413253.381482277589384, 7654783.356422008946538 ], [ 413276.324146882514469, 7654783.189333898946643 ], [ 413296.5984362794552, 7654784.490748497657478 ] ] ] } },
{ "type": "Feature", "properties": { "fid": 521.0, "COMPR_M": 90.05, "CLASSE": "01 - Muito curta", "CD_FAZ": " 400529", "TALHOES": "4, 1", "FAZ_tAL": "400029004, 400529001", "ID_LINHA": 19366 }, "geometry": { "type": "MultiLineString", "coordinates": [ [ [ 413076.162936633219942, 7654983.747229694388807 ], [ 413076.308445533795748, 7654961.717633325606585 ], [ 413078.013706981844734, 7654944.701228491961956 ], [ 413080.915835394815076, 7654929.967997808009386 ], [ 413084.287247759755701, 7654917.358243205584586 ], [ 413092.308710552344564, 7654896.005951106548309 ] ] ] } },
{ "type": "Feature", "properties": { "fid": 525.0, "COMPR_M": 360.96, "CLASSE": "03 - Média", "CD_FAZ": " 400529", "TALHOES": "4, 1", "FAZ_tAL": "400029004, 400529001", "ID_LINHA": 19370 }, "geometry": { "type": "MultiLineString", "coordinates": [ [ [ 413079.053683896723669, 7654983.169971371069551 ], [ 413079.264217625139281, 7654961.432776559144258 ], [ 413080.373647855070885, 7654950.529695922508836 ], [ 413082.705261657363735, 7654935.758943085558712 ], [ 413087.588122855697293, 7654916.462067460641265 ], [ 413095.6704976123292, 7654896.087989321909845 ], [ 413107.170028109510895, 7654875.143113147467375 ], [ 413118.681411622150335, 7654858.886199567466974 ], [ 413125.046599660650827, 7654851.230654709041119 ], [ 413132.510196030489169, 7654843.248315243050456 ], [ 413150.458833115117159, 7654827.462203713133931 ], [ 413160.1139477948891, 7654820.423337880522013 ], [ 413169.377219853398856, 7654814.531190760433674 ], [ 413185.117814007331617, 7654806.035320807248354 ], [ 413203.657199986628257, 7654798.73098062351346 ], [ 413217.022927976562642, 7654794.800594914704561 ], [ 413225.774591177410912, 7654792.813538623042405 ], [ 413244.467237982084043, 7654790.041078465990722 ], [ 413258.399375832523219, 7654789.087774829939008 ], [ 413270.351166306529194, 7654788.993871739134192 ], [ 413282.28827622073004, 7654789.428274352103472 ], [ 413301.176836243714206, 7654791.316612210124731 ], [ 413324.146117978554685, 7654795.361573211848736 ] ] ] } },
{ "type": "Feature", "properties": { "fid": 560.0, "COMPR_M": 265.55, "CLASSE": "02 - Curta", "CD_FAZ": " 400529", "TALHOES": "4, 1", "FAZ_tAL": "400029004, 400529001", "ID_LINHA": 19405 }, "geometry": { "type": "MultiLineString", "coordinates": [ [ [ 413159.722729511326179, 7654893.856224106624722 ], [ 413169.724133662704844, 7654882.588876338675618 ], [ 413180.010435351519845, 7654872.999222178012133 ], [ 413192.023410848691128, 7654863.902268559671938 ], [ 413205.974900671630166, 7654855.914735901169479 ], [ 413219.007378070615232, 7654850.547094658948481 ], [ 413232.57729116093833, 7654846.773305958136916 ], [ 413244.454957036767155, 7654844.617108020931482 ], [ 413260.46712983539328, 7654843.119428261183202 ], [ 413276.519380874407943, 7654843.182049656286836 ], [ 413290.542863944720011, 7654844.194135520607233 ], [ 413307.368150289286859, 7654846.879038935527205 ], [ 413325.902102156425826, 7654851.281029582954943 ], [ 413346.010047582210973, 7654857.562880398705602 ], [ 413367.489685187116265, 7654865.902903193607926 ], [ 413391.187313307484146, 7654876.667357353493571 ], [ 413402.11197742971126, 7654882.664052039384842 ] ] ] } },
{ "type": "Feature", "properties": { "fid": 561.0, "COMPR_M": 277.44, "CLASSE": "02 - Curta", "CD_FAZ": " 400529", "TALHOES": "4, 1", "FAZ_tAL": "400029004, 400529001", "ID_LINHA": 19406 }, "geometry": { "type": "MultiLineString", "coordinates": [ [ [ 413154.181196823832579, 7654896.246312052942812 ], [ 413165.686142039659899, 7654882.650033909827471 ], [ 413177.200272009475157, 7654871.431394645944238 ], [ 413188.34770687087439, 7654862.877388121560216 ], [ 413199.468320396088529, 7654855.987347405403852 ], [ 413213.122282086173072, 7654849.586381661705673 ], [ 413226.487322592001874, 7654845.224819944240153 ], [ 413239.263789574732073, 7654842.413877769373357 ], [ 413256.209717573947273, 7654840.331484509631991 ], [ 413276.262020061491057, 7654840.137169703841209 ], [ 413291.265367137559224, 7654841.430167038924992 ], [ 413308.117031129542738, 7654844.021102899685502 ], [ 413322.805800281523261, 7654847.362489197403193 ], [ 413342.957030244346242, 7654853.424482518807054 ], [ 413368.226417359779589, 7654863.031750241294503 ], [ 413395.553654256160371, 7654875.511598953045905 ], [ 413405.275464385224041, 7654881.866111221723258 ] ] ] } },
{ "type": "Feature", "properties": { "fid": 563.0, "COMPR_M": 363.55, "CLASSE": "03 - Média", "CD_FAZ": " 400529", "TALHOES": "4, 1", "FAZ_tAL": "400029004, 400529001", "ID_LINHA": 19408 }, "geometry": { "type": "MultiLineString", "coordinates": [ [ [ 413126.717719402979128, 7654968.330114239826798 ], [ 413129.747151849209331, 7654945.465983129106462 ], [ 413135.284832042525522, 7654926.142055802978575 ], [ 413139.114946213143412, 7654916.822301199659705 ], [ 413143.150203853845596, 7654908.726940291933715 ], [ 413148.78687907056883, 7654899.228884504176676 ], [ 413153.915336146834306, 7654891.798069484531879 ], [ 413161.672230819589458, 7654882.553560186177492 ], [ 413170.12235380068887, 7654873.962332641705871 ], [ 413176.842995027895086, 7654867.882487867027521 ], [ 413183.973798394436017, 7654862.317659391090274 ], [ 413193.13197759387549, 7654856.164522792212665 ], [ 413201.082905075047165, 7654851.767842312343419 ], [ 413212.047201398119796, 7654846.80057458858937 ], [ 413220.599026718642563, 7654843.803449819795787 ], [ 413232.262516991235316, 7654840.721637479029596 ], [ 413240.19330956088379, 7654839.269076875410974 ], [ 413250.097798072209116, 7654837.903265492990613 ], [ 413262.124321899143979, 7654837.083073295652866 ], [ 413282.206057031522505, 7654837.458493656478822 ], [ 413304.118137774057686, 7654840.253146440722048 ], [ 413316.854179221321829, 7654842.852072621695697 ], [ 413327.542334773694165, 7654845.614355444908142 ], [ 413339.084574187931139, 7654848.99449460953474 ], [ 413355.19942322478164, 7654854.607222524471581 ], [ 413373.72701354738092, 7654862.147616695612669 ], [ 413395.635181961697526, 7654872.043384728953242 ], [ 413400.986265343613923, 7654874.929175719618797 ], [ 413409.249435804784298, 7654880.534871021285653 ] ] ] } },
{ "type": "Feature", "properties": { "fid": 564.0, "COMPR_M": 374.18, "CLASSE": "03 - Média", "CD_FAZ": " 400529", "TALHOES": "4, 1", "FAZ_tAL": "400029004, 400529001", "ID_LINHA": 19409 }, "geometry": { "type": "MultiLineString", "coordinates": [ [ [ 413123.615280515339691, 7654969.31777355261147 ], [ 413126.373167382495012, 7654947.433486353605986 ], [ 413128.19691993953893, 7654939.58641042932868 ], [ 413132.493098999257199, 7654925.143441736698151 ], [ 413136.30805424368009, 7654915.833703266456723 ], [ 413140.762804226949811, 7654906.822708714753389 ], [ 413145.964469890517648, 7654898.222282663919032 ], [ 413152.266042704111896, 7654889.175317107699811 ], [ 413158.077438396052457, 7654882.21964680030942 ], [ 413165.678706895734649, 7654874.185375900939107 ], [ 413172.909744671022054, 7654867.243960557505488 ], [ 413179.939986638666596, 7654861.513887220993638 ], [ 413189.843636771838646, 7654854.676360697485507 ], [ 413198.615548889676575, 7654849.659473387524486 ], [ 413209.517853498808108, 7654844.595474132336676 ], [ 413219.941074003581889, 7654840.88070342130959 ], [ 413238.524099641479552, 7654836.464108422398567 ], [ 413257.458432066079695, 7654834.23031357023865 ], [ 413270.511522871616762, 7654834.068966795690358 ], [ 413282.537125262781046, 7654834.500216004438698 ], [ 413305.475345341837965, 7654837.335841871798038 ], [ 413325.971457325504161, 7654842.076580905355513 ], [ 413340.385385831526946, 7654846.289427106268704 ], [ 413357.429521628539078, 7654852.1905900510028 ], [ 413383.249480199476238, 7654863.165523790754378 ], [ 413397.778650084568653, 7654869.889123309403658 ], [ 413414.09491608402459, 7654878.934400911442935 ] ] ] } },
{ "type": "Feature", "properties": { "fid": 565.0, "COMPR_M": 384.44, "CLASSE": "03 - Média", "CD_FAZ": " 400529", "TALHOES": "4, 1", "FAZ_tAL": "400029004, 400529001", "ID_LINHA": 19410 }, "geometry": { "type": "MultiLineString", "coordinates": [ [ [ 413120.634779132262338, 7654970.319828657433391 ], [ 413121.784894241718575, 7654957.370698938146234 ], [ 413123.543246418586932, 7654946.437543999403715 ], [ 413125.56453622324625, 7654937.620009914040565 ], [ 413129.999045506410766, 7654923.182336079888046 ], [ 413134.298316546133719, 7654913.027380132116377 ], [ 413138.454936232941691, 7654904.949500475078821 ], [ 413143.653614178765565, 7654896.366102118976414 ], [ 413149.925986990565434, 7654887.297134855762124 ], [ 413157.038089000736363, 7654878.806293038651347 ], [ 413165.406881911680102, 7654870.13975799176842 ], [ 413173.605438103608321, 7654862.718728570267558 ], [ 413181.6285790457041, 7654856.658163575455546 ], [ 413190.030173195293173, 7654851.113905920647085 ], [ 413197.934741942735855, 7654846.67523043230176 ], [ 413209.820065066392999, 7654841.277467333711684 ], [ 413221.234995926963165, 7654837.379722343757749 ], [ 413239.859447104099672, 7654833.181040548719466 ], [ 413251.761316001997329, 7654831.514542005956173 ], [ 413261.808696559863165, 7654830.83753648493439 ], [ 413273.885780046228319, 7654830.949163904413581 ], [ 413286.890255087986588, 7654831.862903710454702 ], [ 413299.838415350881405, 7654833.426325489766896 ], [ 413309.713432214397471, 7654835.214745343662798 ], [ 413324.382269910303876, 7654838.581800791434944 ], [ 413335.956763224152382, 7654841.834592757746577 ], [ 413361.542023029527627, 7654850.627119848504663 ], [ 413392.746860939776525, 7654864.258516008034348 ], [ 413407.138357052812353, 7654871.342296622693539 ], [ 413418.046835378045216, 7654878.054194247350097 ] ] ] } },
{ "type": "Feature", "properties": { "fid": 566.0, "COMPR_M": 394.53, "CLASSE": "03 - Média", "CD_FAZ": " 400529", "TALHOES": "4, 1", "FAZ_tAL": "400029004, 400529001", "ID_LINHA": 19411 }, "geometry": { "type": "MultiLineString", "coordinates": [ [ [ 413117.634865256259218, 7654971.283630797639489 ], [ 413119.135200937511399, 7654955.316330675035715 ], [ 413120.68593440024415, 7654945.408075395971537 ], [ 413123.191078835399821, 7654934.649214208126068 ], [ 413126.754022821376566, 7654923.132665803655982 ], [ 413130.183333330380265, 7654914.718690434470773 ], [ 413136.552638735098299, 7654902.173468945547938 ], [ 413148.216218294925056, 7654884.596375596709549 ], [ 413154.719177361926995, 7654876.969110146164894 ], [ 413164.459991063224152, 7654866.806473793461919 ], [ 413169.663037539925426, 7654862.086064580827951 ], [ 413179.179065625008661, 7654854.67211327701807 ], [ 413188.403327429259662, 7654848.604525435715914 ], [ 413196.341616587829776, 7654844.181744166649878 ], [ 413209.108127347193658, 7654838.36794803570956 ], [ 413218.597845178679563, 7654835.020433145575225 ], [ 413237.135767118656076, 7654830.517930810339749 ], [ 413250.02245015045628, 7654828.505555015057325 ], [ 413259.089181251591071, 7654827.661549666896462 ], [ 413281.12670025951229, 7654828.288009081035852 ], [ 413295.118272392079234, 7654829.706183925271034 ], [ 413308.011048217944335, 7654831.748438603244722 ], [ 413324.641345878480934, 7654835.492882934398949 ], [ 413342.001025556470267, 7654840.367532202973962 ], [ 413362.73366752511356, 7654847.87576134968549 ], [ 413383.020707195159048, 7654856.433803616091609 ], [ 413406.555635397089645, 7654867.561265235766768 ], [ 413422.002412417903543, 7654876.736007220111787 ] ] ] } },
{ "type": "Feature", "properties": { "fid": 573.0, "COMPR_M": 156.4, "CLASSE": "02 - Curta", "CD_FAZ": " 400529", "TALHOES": "4, 1", "FAZ_tAL": "400029004, 400529001", "ID_LINHA": 19418 }, "geometry": { "type": "MultiLineString", "coordinates": [ [ [ 413096.412452030403074, 7654978.079578191041946 ], [ 413098.147519758611452, 7654954.110195528715849 ], [ 413100.772448911739048, 7654938.280057793483138 ], [ 413105.422350763343275, 7654920.817796854302287 ], [ 413112.377749915758613, 7654903.019859300926328 ], [ 413120.92258610331919, 7654887.123803418129683 ], [ 413125.795503605739214, 7654879.514677351340652 ], [ 413132.362189337494783, 7654870.606684545055032 ], [ 413137.499380787136033, 7654864.429620476439595 ], [ 413145.773861023248173, 7654855.689769200980663 ], [ 413161.489753408590332, 7654841.992533479817212 ] ] ] } },
{ "type": "Feature", "properties": { "fid": 574.0, "COMPR_M": 160.56, "CLASSE": "02 - Curta", "CD_FAZ": " 400529", "TALHOES": "4, 1", "FAZ_tAL": "400029004, 400529001", "ID_LINHA": 19419 }, "geometry": { "type": "MultiLineString", "coordinates": [ [ [ 413093.790303058514837, 7654979.055972866714001 ], [ 413094.490668262937106, 7654959.966914570890367 ], [ 413097.256677019700874, 7654940.109009761363268 ], [ 413102.266236592957284, 7654920.681844025850296 ], [ 413106.047182058682665, 7654910.282847493886948 ], [ 413110.058506973960903, 7654901.091364560648799 ], [ 413118.596409592661075, 7654885.13101764395833 ], [ 413128.828076509060338, 7654870.252394048497081 ], [ 413140.637237594812177, 7654856.575339042581618 ], [ 413159.403694415814243, 7654838.681069959886372 ] ] ] } },
{ "type": "Feature", "properties": { "fid": 576.0, "COMPR_M": 166.44, "CLASSE": "02 - Curta", "CD_FAZ": " 400529", "TALHOES": "4, 1", "FAZ_tAL": "400029004, 400529001", "ID_LINHA": 19421 }, "geometry": { "type": "MultiLineString", "coordinates": [ [ [ 413090.702470294607338, 7654979.862959656864405 ], [ 413091.579428252356593, 7654958.829626984894276 ], [ 413094.834257734939456, 7654937.000058371573687 ], [ 413097.50260906922631, 7654926.269284964539111 ], [ 413100.818899522942957, 7654915.754374196752906 ], [ 413108.232528794906102, 7654898.185212534852326 ], [ 413117.460627757944167, 7654881.470175540074706 ], [ 413129.096168569463771, 7654865.09698162227869 ], [ 413135.617854826792609, 7654857.481834608130157 ], [ 413143.320023347798269, 7654849.591862235218287 ], [ 413153.015926739666611, 7654840.844218311831355 ], [ 413159.883778445888311, 7654835.366671197116375 ] ] ] } },
{ "type": "Feature", "properties": { "fid": 577.0, "COMPR_M": 496.2, "CLASSE": "03 - Média", "CD_FAZ": " 400529", "TALHOES": "4, 1", "FAZ_tAL": "400029004, 400529001", "ID_LINHA": 19422 }, "geometry": { "type": "MultiLineString", "coordinates": [ [ [ 413087.781880549679045, 7654980.630398390814662 ], [ 413088.159603661391884, 7654964.605649798177183 ], [ 413089.154615415493026, 7654952.587903775274754 ], [ 413091.255419607099611, 7654938.729567512869835 ], [ 413095.371716741181444, 7654922.166830318048596 ], [ 413100.911492533632554, 7654907.059187972918153 ], [ 413107.55890711362008, 7654892.47446630615741 ], [ 413112.446460142382421, 7654883.676395405083895 ], [ 413120.115069911116734, 7654871.879906333982944 ], [ 413128.669191389577463, 7654860.764602031558752 ], [ 413139.537011909997091, 7654848.948231011629105 ], [ 413149.08657572674565, 7654840.043746163137257 ], [ 413157.758783434517682, 7654833.183277107775211 ], [ 413171.910511347581632, 7654823.681112136691809 ], [ 413181.497144157183357, 7654818.160193088464439 ], [ 413195.989083567867056, 7654811.204596288502216 ], [ 413211.098756616993342, 7654805.744741175323725 ], [ 413221.775996480253525, 7654802.946715268306434 ], [ 413235.581194322672673, 7654800.288474874570966 ], [ 413248.532557241793256, 7654798.652921038679779 ], [ 413263.537781107588671, 7654797.978173576295376 ], [ 413281.581815581070259, 7654798.319566573947668 ], [ 413293.620343168498948, 7654799.192807003855705 ], [ 413307.503734432684723, 7654801.007077703252435 ], [ 413325.217842667887453, 7654804.589284783229232 ], [ 413338.804937651089858, 7654808.108606852591038 ], [ 413355.067669566487893, 7654813.155440386384726 ], [ 413383.222231710038614, 7654823.696929341182113 ], [ 413417.764238316216506, 7654839.603193712420762 ], [ 413447.044769497530069, 7654854.862869070842862 ], [ 413463.076784595439676, 7654864.256970174610615 ] ] ] } },
{ "type": "Feature", "properties": { "fid": 578.0, "COMPR_M": 505.6, "CLASSE": "03 - Média", "CD_FAZ": " 400529", "TALHOES": "4, 1", "FAZ_tAL": "400029004, 400529001", "ID_LINHA": 19423 }, "geometry": { "type": "MultiLineString", "coordinates": [ [ [ 413085.065486871462781, 7654981.391900449991226 ], [ 413085.134732353151776, 7654966.35082589648664 ], [ 413086.112936753430404, 7654953.308603995479643 ], [ 413088.456964378536213, 7654937.467908444814384 ], [ 413092.387724656611681, 7654921.900816424749792 ], [ 413096.695034636068158, 7654909.555640245787799 ], [ 413101.389550796593539, 7654898.415673097595572 ], [ 413108.651760466978885, 7654884.138308800756931 ], [ 413117.39493637799751, 7654870.658351741731167 ], [ 413127.911306528374553, 7654857.193538964726031 ], [ 413135.390887373592705, 7654849.069252718240023 ], [ 413145.55212977679912, 7654839.365677652880549 ], [ 413156.4089042134583, 7654830.394870661199093 ], [ 413169.721175181679428, 7654821.460099993273616 ], [ 413183.756276629457716, 7654813.58855754416436 ], [ 413197.475220261199865, 7654807.39421272277832 ], [ 413209.796891789126676, 7654803.090945622883737 ], [ 413222.435087544843554, 7654799.850073010660708 ], [ 413234.258840195601806, 7654797.557647366076708 ], [ 413252.204051840351894, 7654795.582246052101254 ], [ 413265.238029569503851, 7654795.152910331264138 ], [ 413279.276840173115488, 7654795.312497235834599 ], [ 413293.270451150485314, 7654796.265241028741002 ], [ 413313.150859969609883, 7654799.125766007229686 ], [ 413324.916542400314938, 7654801.623857466503978 ], [ 413338.503737726947293, 7654805.129625640809536 ], [ 413360.513335605268367, 7654811.928731115534902 ], [ 413393.114841956936289, 7654824.822506789118052 ], [ 413431.857046036049724, 7654843.516498237848282 ], [ 413449.553861703723669, 7654852.924543319270015 ], [ 413466.733990949578583, 7654862.970809854567051 ] ] ] } },
{ "type": "Feature", "properties": { "fid": 579.0, "COMPR_M": 388.98, "CLASSE": "03 - Média", "CD_FAZ": " 400529", "TALHOES": "4, 1", "FAZ_tAL": "400029004, 400529001", "ID_LINHA": 19424 }, "geometry": { "type": "MultiLineString", "coordinates": [ [ [ 413082.076716682058759, 7654982.384722141548991 ], [ 413081.917194740555715, 7654972.604435246437788 ], [ 413082.485601644380949, 7654959.670743837021291 ], [ 413083.299436960485764, 7654951.74721821770072 ], [ 413086.333501212473493, 7654933.056379439309239 ], [ 413089.904886665055528, 7654919.565003672614694 ], [ 413094.270638494228479, 7654907.378556405194104 ], [ 413097.656517330091447, 7654899.103025944903493 ], [ 413104.792340422980487, 7654884.789489157497883 ], [ 413117.324632401985582, 7654865.682924164459109 ], [ 413129.31483588879928, 7654851.045777454040945 ], [ 413145.057153787172865, 7654835.805300274863839 ], [ 413154.299086072714999, 7654828.252551147714257 ], [ 413164.084324196854141, 7654821.390349097549915 ], [ 413181.270371197606437, 7654811.337541905231774 ], [ 413192.159433203632943, 7654806.404917791485786 ], [ 413204.270828007895034, 7654801.763944533653557 ], [ 413214.72631754737813, 7654798.578914757817984 ], [ 413226.363045147329103, 7654795.858219884335995 ], [ 413240.138910786714405, 7654793.658873774111271 ], [ 413250.058281042962335, 7654792.664176940917969 ], [ 413263.996291876246687, 7654792.1044553918764 ], [ 413275.971979624242522, 7654792.231944178231061 ], [ 413298.818167881923728, 7654793.897044078446925 ], [ 413315.572831993922591, 7654796.409336090087891 ], [ 413330.186214216111694, 7654799.673281032592058 ], [ 413356.412857936229557, 7654807.538623083382845 ] ] ] } },
{ "type": "Feature", "properties": { "fid": 141.0, "COMPR_M": 59.2, "CLASSE": "01 - Muito curta", "CD_FAZ": " 400529", "TALHOES": "5, 3", "FAZ_tAL": "400028005, 400529003", "ID_LINHA": 166881 }, "geometry": { "type": "MultiLineString", "coordinates": [ [ [ 413252.76236312056426, 7654762.538921779952943 ], [ 413244.119615879375488, 7654737.651488667353988 ], [ 413234.208663953409996, 7654706.348887767642736 ] ] ] } },
{ "type": "Feature", "properties": { "fid": 143.0, "COMPR_M": 65.3, "CLASSE": "01 - Muito curta", "CD_FAZ": " 400529", "TALHOES": "5, 3", "FAZ_tAL": "400028005, 400529003", "ID_LINHA": 166883 }, "geometry": { "type": "MultiLineString", "coordinates": [ [ [ 413260.290387975983322, 7654765.668865117244422 ], [ 413249.811330715951044, 7654735.752590293064713 ], [ 413239.688302619964816, 7654703.730977889150381 ] ] ] } }
]
}
