{
"type": "FeatureCollection",
"name": "400023",
"crs": { "type": "name", "properties": { "name": "urn:ogc:def:crs:EPSG::32722" } },
"xy_coordinate_resolution": 1e-15,
"features": [
{ "type": "Feature", "properties": { "fid": 1.0, "COMPR_M": 6.42, "CLASSE": "01 - Muito curta", "CD_FAZ": "400023", "TALHOES": "1", "FAZ_tAL": "400023001", "ID_LINHA": 157199 }, "geometry": { "type": "MultiLineString", "coordinates": [ [ [ 425195.753484927758109, 7642758.362952307797968 ], [ 425195.78731864283327, 7642751.948940003290772 ] ] ] } },
{ "type": "Feature", "properties": { "fid": 2.0, "COMPR_M": 15.82, "CLASSE": "01 - Muito curta", "CD_FAZ": "400023", "TALHOES": "1", "FAZ_tAL": "400023001", "ID_LINHA": 157200 }, "geometry": { "type": "MultiLineString", "coordinates": [ [ [ 425192.735114143812098, 7642759.542058689519763 ], [ 425192.583660976262763, 7642743.732852990739048 ] ] ] } },
{ "type": "Feature", "properties": { "fid": 3.0, "COMPR_M": 25.22, "CLASSE": "01 - Muito curta", "CD_FAZ": "400023", "TALHOES": "1", "FAZ_tAL": "400023001", "ID_LINHA": 157201 }, "geometry": { "type": "MultiLineString", "coordinates": [ [ [ 425189.716743361088447, 7642760.72116507217288 ], [ 425189.380003313184716, 7642735.516765974462032 ] ] ] } },
{ "type": "Feature", "properties": { "fid": 4.0, "COMPR_M": 34.62, "CLASSE": "01 - Muito curta", "CD_FAZ": "400023", "TALHOES": "1", "FAZ_tAL": "400023001", "ID_LINHA": 157202 }, "geometry": { "type": "MultiLineString", "coordinates": [ [ [ 425186.698372577084228, 7642761.90027145203203 ], [ 425186.176345648127608, 7642727.30067895911634 ] ] ] } },
{ "type": "Feature", "properties": { "fid": 5.0, "COMPR_M": 44.6, "CLASSE": "01 - Muito curta", "CD_FAZ": "400023", "TALHOES": "1", "FAZ_tAL": "400023001", "ID_LINHA": 157203 }, "geometry": { "type": "MultiLineString", "coordinates": [ [ [ 425183.680001792963594, 7642763.079377833753824 ], [ 425183.824697269883472, 7642753.61172148026526 ], [ 425182.752233582141344, 7642718.519215514883399 ] ] ] } },
{ "type": "Feature", "properties": { "fid": 6.0, "COMPR_M": 55.05, "CLASSE": "01 - Muito curta", "CD_FAZ": "400023", "TALHOES": "1", "FAZ_tAL": "400023001", "ID_LINHA": 157204 }, "geometry": { "type": "MultiLineString", "coordinates": [ [ [ 425180.66165232588537, 7642764.257089463993907 ], [ 425180.824131633329671, 7642753.625808587297797 ], [ 425180.087711165309884, 7642723.782841742038727 ], [ 425179.145229636807926, 7642709.268708318471909 ] ] ] } },
{ "type": "Feature", "properties": { "fid": 7.0, "COMPR_M": 65.5, "CLASSE": "01 - Muito curta", "CD_FAZ": "400023", "TALHOES": "1", "FAZ_tAL": "400023001", "ID_LINHA": 157205 }, "geometry": { "type": "MultiLineString", "coordinates": [ [ [ 425177.643346954777371, 7642765.43191578797996 ], [ 425177.823565998231061, 7642753.639895693399012 ], [ 425177.090110883291345, 7642723.917097853496671 ], [ 425175.538225690601394, 7642700.018201118335128 ] ] ] } },
{ "type": "Feature", "properties": { "fid": 8.0, "COMPR_M": 76.47, "CLASSE": "01 - Muito curta", "CD_FAZ": "400023", "TALHOES": "1", "FAZ_tAL": "400023001", "ID_LINHA": 157206 }, "geometry": { "type": "MultiLineString", "coordinates": [ [ [ 425174.625041583261918, 7642766.606742115691304 ], [ 425174.823000360745937, 7642753.653982796706259 ], [ 425174.092510600283276, 7642724.05135396681726 ], [ 425171.732663917704485, 7642690.258473353460431 ] ] ] } },
{ "type": "Feature", "properties": { "fid": 9.0, "COMPR_M": 88.32, "CLASSE": "01 - Muito curta", "CD_FAZ": "400023", "TALHOES": "1", "FAZ_tAL": "400023001", "ID_LINHA": 157207 }, "geometry": { "type": "MultiLineString", "coordinates": [ [ [ 425171.606736211921088, 7642767.78156844060868 ], [ 425171.82243472605478, 7642753.668069899082184 ], [ 425171.094910315761808, 7642724.185610074549913 ], [ 425169.171742934850045, 7642694.568999990820885 ], [ 425167.593438614043407, 7642679.643033492378891 ] ] ] } },
{ "type": "Feature", "properties": { "fid": 10.0, "COMPR_M": 100.18, "CLASSE": "02 - Curta", "CD_FAZ": "400023", "TALHOES": "1", "FAZ_tAL": "400023001", "ID_LINHA": 157208 }, "geometry": { "type": "MultiLineString", "coordinates": [ [ [ 425168.588430841511581, 7642768.956394763663411 ], [ 425168.821869090199471, 7642753.682157002389431 ], [ 425168.097310032346286, 7642724.319866186007857 ], [ 425166.181985605799127, 7642694.824036916717887 ], [ 425163.454213310324121, 7642669.02759363502264 ] ] ] } },
{ "type": "Feature", "properties": { "fid": 11.0, "COMPR_M": 113.31, "CLASSE": "02 - Curta", "CD_FAZ": "400023", "TALHOES": "1", "FAZ_tAL": "400023001", "ID_LINHA": 157209 }, "geometry": { "type": "MultiLineString", "coordinates": [ [ [ 425165.570125470578205, 7642770.1312210932374 ], [ 425165.8213034538785, 7642753.696244107559323 ], [ 425165.099709748639725, 7642724.454122297465801 ], [ 425163.192228276864626, 7642695.079073844477534 ], [ 425158.837796981795691, 7642657.188351672142744 ] ] ] } },
{ "type": "Feature", "properties": { "fid": 12.0, "COMPR_M": 127.13, "CLASSE": "02 - Curta", "CD_FAZ": "400023", "TALHOES": "1", "FAZ_tAL": "400023001", "ID_LINHA": 157210 }, "geometry": { "type": "MultiLineString", "coordinates": [ [ [ 425162.551820099295583, 7642771.306047417223454 ], [ 425162.820737817790359, 7642753.710331214591861 ], [ 425162.102109465340618, 7642724.588378407992423 ], [ 425160.202470947406255, 7642695.334110769443214 ], [ 425157.092426889808849, 7642665.922537354752421 ], [ 425153.963301589363255, 7642644.687241230159998 ] ] ] } },
{ "type": "Feature", "properties": { "fid": 13.0, "COMPR_M": 141.99, "CLASSE": "02 - Curta", "CD_FAZ": "400023", "TALHOES": "1", "FAZ_tAL": "400023001", "ID_LINHA": 157211 }, "geometry": { "type": "MultiLineString", "coordinates": [ [ [ 425159.533514727547299, 7642772.480873741209507 ], [ 425159.820172182458919, 7642753.724418320693076 ], [ 425159.10450918180868, 7642724.722634518519044 ], [ 425157.212713618122507, 7642695.589147695340216 ], [ 425154.115519974613562, 7642666.299100168049335 ], [ 425148.700994306709617, 7642631.191550034098327 ] ] ] } },
{ "type": "Feature", "properties": { "fid": 14.0, "COMPR_M": 158.73, "CLASSE": "02 - Curta", "CD_FAZ": "400023", "TALHOES": "1", "FAZ_tAL": "400023001", "ID_LINHA": 157212 }, "geometry": { "type": "MultiLineString", "coordinates": [ [ [ 425156.515209357312415, 7642773.655700067989528 ], [ 425156.81960654607974, 7642753.738505423069 ], [ 425156.106908898684196, 7642724.856890629976988 ], [ 425154.222956289653666, 7642695.844184623099864 ], [ 425151.138613057613838, 7642666.675662977620959 ], [ 425146.817108630901203, 7642637.348481287248433 ], [ 425142.745429934700951, 7642615.917934621684253 ] ] ] } },
{ "type": "Feature", "properties": { "fid": 15.0, "COMPR_M": 177.83, "CLASSE": "02 - Curta", "CD_FAZ": "400023", "TALHOES": "1", "FAZ_tAL": "400023001", "ID_LINHA": 157213 }, "geometry": { "type": "MultiLineString", "coordinates": [ [ [ 425153.496903985389508, 7642774.830526394769549 ], [ 425153.8190409084782, 7642753.752592528238893 ], [ 425153.109308614686597, 7642724.991146741434932 ], [ 425151.233198959904257, 7642696.099221546202898 ], [ 425148.16170614148723, 7642667.052225788123906 ], [ 425143.858223988674581, 7642637.847349309362471 ], [ 425138.371047962282319, 7642608.966587657108903 ], [ 425135.916405758820474, 7642598.404247846454382 ] ] ] } },
{ "type": "Feature", "properties": { "fid": 16.0, "COMPR_M": 180.29, "CLASSE": "02 - Curta", "CD_FAZ": "400023", "TALHOES": "1", "FAZ_tAL": "400023001", "ID_LINHA": 157214 }, "geometry": { "type": "MultiLineString", "coordinates": [ [ [ 425150.478598614921793, 7642776.005352720618248 ], [ 425150.818475273728836, 7642753.76667963154614 ], [ 425150.111708329757676, 7642725.125402851961553 ], [ 425148.243441631027963, 7642696.3542584720999 ], [ 425145.184799224953167, 7642667.428788598626852 ], [ 425140.899339346564375, 7642638.346217332407832 ], [ 425135.435136444924865, 7642609.586370576173067 ], [ 425132.548157777986489, 7642597.163684428669512 ] ] ] } },
{ "type": "Feature", "properties": { "fid": 17.0, "COMPR_M": 180.35, "CLASSE": "02 - Curta", "CD_FAZ": "400023", "TALHOES": "1", "FAZ_tAL": "400023001", "ID_LINHA": 157215 }, "geometry": { "type": "MultiLineString", "coordinates": [ [ [ 425147.460293244046625, 7642777.180179044604301 ], [ 425147.817909637815319, 7642753.780766736716032 ], [ 425147.114108045876492, 7642725.259658962488174 ], [ 425145.253684302268084, 7642696.609295399859548 ], [ 425142.207892309175804, 7642667.805351410061121 ], [ 425137.9404547039303, 7642638.845085353590548 ], [ 425132.499224925879389, 7642610.206153497099876 ], [ 425129.724117149366066, 7642598.264848446473479 ] ] ] } },
{ "type": "Feature", "properties": { "fid": 18.0, "COMPR_M": 189.15, "CLASSE": "02 - Curta", "CD_FAZ": "400023", "TALHOES": "1", "FAZ_tAL": "400023001", "ID_LINHA": 157216 }, "geometry": { "type": "MultiLineString", "coordinates": [ [ [ 425144.441987872705795, 7642778.355005372315645 ], [ 425144.81734400143614, 7642753.794853840954602 ], [ 425144.116507763101254, 7642725.393915073946118 ], [ 425142.263926972984336, 7642696.864332322962582 ], [ 425139.230985392350703, 7642668.181914218701422 ], [ 425134.981570062111132, 7642639.343953375704587 ], [ 425129.563313409104012, 7642610.825936416164041 ], [ 425124.921236785652582, 7642590.851053459569812 ] ] ] } },
{ "type": "Feature", "properties": { "fid": 19.0, "COMPR_M": 215.24, "CLASSE": "02 - Curta", "CD_FAZ": "400023", "TALHOES": "1", "FAZ_tAL": "400023001", "ID_LINHA": 157217 }, "geometry": { "type": "MultiLineString", "coordinates": [ [ [ 425141.423682500957511, 7642779.529831698164344 ], [ 425141.816778365871869, 7642753.808940947055817 ], [ 425141.11890747997677, 7642725.52817118447274 ], [ 425139.274169643817004, 7642697.119369247928262 ], [ 425136.254078475642018, 7642668.558477027341723 ], [ 425132.022685419127811, 7642639.842821396887302 ], [ 425126.62740189069882, 7642611.44571933709085 ], [ 425120.330389030335937, 7642584.349636036902666 ], [ 425115.534025996807031, 7642566.776652026921511 ] ] ] } },
{ "type": "Feature", "properties": { "fid": 20.0, "COMPR_M": 280.95, "CLASSE": "02 - Curta", "CD_FAZ": "400023", "TALHOES": "1", "FAZ_tAL": "400023001", "ID_LINHA": 157218 }, "geometry": { "type": "MultiLineString", "coordinates": [ [ [ 425138.405377130722627, 7642780.704658022150397 ], [ 425138.816212729201652, 7642753.823028053157032 ], [ 425138.121307196677662, 7642725.662427295930684 ], [ 425136.28441231342731, 7642697.374406174756587 ], [ 425133.277171559166163, 7642668.935039840638638 ], [ 425129.063800777657889, 7642640.341689417138696 ], [ 425123.691490373981651, 7642612.065502257086337 ], [ 425117.421200908138417, 7642585.084409885108471 ], [ 425110.553735484369099, 7642559.923291091807187 ], [ 425103.277270035003312, 7642536.567918358370662 ], [ 425092.159142191521823, 7642505.579174865968525 ] ] ] } },
{ "type": "Feature", "properties": { "fid": 21.0, "COMPR_M": 281.01, "CLASSE": "02 - Curta", "CD_FAZ": "400023", "TALHOES": "1", "FAZ_tAL": "400023001", "ID_LINHA": 157219 }, "geometry": { "type": "MultiLineString", "coordinates": [ [ [ 425135.38293435430387, 7642781.881094766780734 ], [ 425135.815647093986627, 7642753.837115155532956 ], [ 425135.123706913145725, 7642725.796683406457305 ], [ 425133.294654985191301, 7642697.629443101584911 ], [ 425130.300264642864931, 7642669.311602648347616 ], [ 425126.104916134267114, 7642640.840557441115379 ], [ 425120.755578855634667, 7642612.685285177081823 ], [ 425114.512012786406558, 7642585.819183731451631 ], [ 425107.673651669640094, 7642560.764697723090649 ], [ 425100.427826811734121, 7642537.507672522217035 ], [ 425089.364057356724516, 7642506.669048300012946 ] ] ] } },
{ "type": "Feature", "properties": { "fid": 22.0, "COMPR_M": 281.09, "CLASSE": "02 - Curta", "CD_FAZ": "400023", "TALHOES": "1", "FAZ_tAL": "400023001", "ID_LINHA": 157220 }, "geometry": { "type": "MultiLineString", "coordinates": [ [ [ 425132.312411685416009, 7642783.07624582760036 ], [ 425132.815081457665656, 7642753.851202259771526 ], [ 425132.126106627983972, 7642725.930939517915249 ], [ 425130.304897656431422, 7642697.884480027481914 ], [ 425127.32335772679653, 7642669.68816546164453 ], [ 425123.146031494368799, 7642641.339425462298095 ], [ 425117.819667338219006, 7642613.30506809707731 ], [ 425111.602824661880732, 7642586.553957576863468 ], [ 425104.793567856831942, 7642561.606104353442788 ], [ 425097.578383587184362, 7642538.447426680475473 ], [ 425086.568972524488345, 7642507.758921732194722 ] ] ] } },
{ "type": "Feature", "properties": { "fid": 23.0, "COMPR_M": 281.17, "CLASSE": "02 - Curta", "CD_FAZ": "400023", "TALHOES": "1", "FAZ_tAL": "400023001", "ID_LINHA": 157221 }, "geometry": { "type": "MultiLineString", "coordinates": [ [ [ 425129.241889016178902, 7642784.271396886557341 ], [ 425129.814515822159592, 7642753.865289364010096 ], [ 425129.128506345907226, 7642726.06519562844187 ], [ 425127.315140327147674, 7642698.139516952447593 ], [ 425124.346450809505768, 7642670.064728269353509 ], [ 425120.187146851967555, 7642641.838293485343456 ], [ 425114.883755820512306, 7642613.924851018004119 ], [ 425108.693636541021988, 7642587.288731426000595 ], [ 425101.913484043325298, 7642562.447510985657573 ], [ 425094.728940362634603, 7642539.387180838733912 ], [ 425083.773887691495474, 7642508.848795162513852 ] ] ] } },
{ "type": "Feature", "properties": { "fid": 24.0, "COMPR_M": 281.25, "CLASSE": "02 - Curta", "CD_FAZ": "400023", "TALHOES": "1", "FAZ_tAL": "400023001", "ID_LINHA": 157222 }, "geometry": { "type": "MultiLineString", "coordinates": [ [ [ 425126.171366347116418, 7642785.466547949239612 ], [ 425126.813950185489375, 7642753.879376467317343 ], [ 425126.130906061502174, 7642726.199451740831137 ], [ 425124.325382997281849, 7642698.394553877413273 ], [ 425121.369543893146329, 7642670.441291082650423 ], [ 425117.228262209042441, 7642642.33716150932014 ], [ 425111.947844301175792, 7642614.544633936136961 ], [ 425105.784448417951353, 7642588.023505272343755 ], [ 425099.033400227781385, 7642563.288917616009712 ], [ 425091.879497138725128, 7642540.326935002580285 ], [ 425080.978802858502604, 7642509.938668593764305 ] ] ] } },
{ "type": "Feature", "properties": { "fid": 25.0, "COMPR_M": 281.33, "CLASSE": "02 - Curta", "CD_FAZ": "400023", "TALHOES": "1", "FAZ_tAL": "400023001", "ID_LINHA": 157223 }, "geometry": { "type": "MultiLineString", "coordinates": [ [ [ 425123.10084367840318, 7642786.661699008196592 ], [ 425123.813384548993781, 7642753.89346357434988 ], [ 425123.133305778901558, 7642726.33370784856379 ], [ 425121.335625668230932, 7642698.649590804241598 ], [ 425118.392636977601796, 7642670.817853893153369 ], [ 425114.269377566932235, 7642642.836029529571533 ], [ 425109.011932785448153, 7642615.16441685706377 ], [ 425102.875260295462795, 7642588.758279116824269 ], [ 425096.153316413518041, 7642564.130324246361852 ], [ 425089.030053914873861, 7642541.266689162701368 ], [ 425078.183718025393318, 7642511.028542024083436 ] ] ] } },
{ "type": "Feature", "properties": { "fid": 26.0, "COMPR_M": 281.42, "CLASSE": "02 - Curta", "CD_FAZ": "400023", "TALHOES": "1", "FAZ_tAL": "400023001", "ID_LINHA": 157224 }, "geometry": { "type": "MultiLineString", "coordinates": [ [ [ 425120.030321008583996, 7642787.856850068084896 ], [ 425120.812818913313095, 7642753.90755067858845 ], [ 425120.135705495369621, 7642726.467963960953057 ], [ 425118.345868338656146, 7642698.904627728275955 ], [ 425115.415730060893111, 7642671.194416701793671 ], [ 425111.310492924996652, 7642643.334897551685572 ], [ 425106.076021266751923, 7642615.78419977799058 ], [ 425099.966072173265275, 7642589.493052964098752 ], [ 425093.27323259919649, 7642564.971730876713991 ], [ 425086.180610690324102, 7642542.206443320959806 ], [ 425075.388633192284033, 7642512.118415458127856 ] ] ] } },
{ "type": "Feature", "properties": { "fid": 27.0, "COMPR_M": 281.5, "CLASSE": "02 - Curta", "CD_FAZ": "400023", "TALHOES": "1", "FAZ_tAL": "400023001", "ID_LINHA": 157225 }, "geometry": { "type": "MultiLineString", "coordinates": [ [ [ 425116.959798340976704, 7642789.052001127973199 ], [ 425117.812253277748823, 7642753.921637784689665 ], [ 425117.138105212245136, 7642726.602220072411001 ], [ 425115.35611100983806, 7642699.159664656966925 ], [ 425112.438823143718764, 7642671.570979511365294 ], [ 425108.351608281140216, 7642643.833765571936965 ], [ 425103.140109749743715, 7642616.403982697986066 ], [ 425097.056884049670771, 7642590.227826812304556 ], [ 425090.393148783477955, 7642565.813137507997453 ], [ 425083.331167465192266, 7642543.146197480149567 ], [ 425072.593548358418047, 7642513.208288887515664 ] ] ] } },
{ "type": "Feature", "properties": { "fid": 28.0, "COMPR_M": 281.58, "CLASSE": "02 - Curta", "CD_FAZ": "400023", "TALHOES": "1", "FAZ_tAL": "400023001", "ID_LINHA": 157226 }, "geometry": { "type": "MultiLineString", "coordinates": [ [ [ 425113.889275672321673, 7642790.24715218693018 ], [ 425114.81168764049653, 7642753.935724887996912 ], [ 425114.140504928131122, 7642726.736476182937622 ], [ 425112.366353680554312, 7642699.414701582863927 ], [ 425109.461916227359325, 7642671.947542323730886 ], [ 425105.392723640776239, 7642644.332633592188358 ], [ 425100.204198231687769, 7642617.023765617050231 ], [ 425094.147695927065797, 7642590.962600659579039 ], [ 425087.51306496973848, 7642566.654544138349593 ], [ 425080.481724240700714, 7642544.085951639339328 ], [ 425069.798463525192346, 7642514.29816231969744 ] ] ] } },
{ "type": "Feature", "properties": { "fid": 29.0, "COMPR_M": 281.66, "CLASSE": "02 - Curta", "CD_FAZ": "400023", "TALHOES": "1", "FAZ_tAL": "400023001", "ID_LINHA": 157227 }, "geometry": { "type": "MultiLineString", "coordinates": [ [ [ 425110.818753003259189, 7642791.442303247749805 ], [ 425111.398733190551866, 7642780.933071354404092 ], [ 425111.811122005339712, 7642753.949811992235482 ], [ 425111.142904644482769, 7642726.870732294395566 ], [ 425109.376596353307832, 7642699.669738507829607 ], [ 425106.485009311232716, 7642672.324105134233832 ], [ 425102.433838998549618, 7642644.831501617096364 ], [ 425097.26828671398107, 7642617.643548537045717 ], [ 425091.238507805624977, 7642591.697374505922198 ], [ 425084.632981156581081, 7642567.49595076777041 ], [ 425077.632281016907655, 7642545.025705799460411 ], [ 425067.00337869185023, 7642515.388035751879215 ] ] ] } },
{ "type": "Feature", "properties": { "fid": 30.0, "COMPR_M": 281.74, "CLASSE": "02 - Curta", "CD_FAZ": "400023", "TALHOES": "1", "FAZ_tAL": "400023001", "ID_LINHA": 157228 }, "geometry": { "type": "MultiLineString", "coordinates": [ [ [ 425107.748230334487744, 7642792.637454306706786 ], [ 425108.399997049942613, 7642780.827451648190618 ], [ 425108.810556369018741, 7642753.963899094611406 ], [ 425108.145304360543378, 7642727.00498840585351 ], [ 425106.386839022859931, 7642699.924775432795286 ], [ 425103.508102394640446, 7642672.700667944736779 ], [ 425099.474954355857335, 7642645.330369639210403 ], [ 425094.332375195983332, 7642618.263331457041204 ], [ 425088.329319683311041, 7642592.432148352265358 ], [ 425081.752897342026699, 7642568.337357397191226 ], [ 425074.782837793696672, 7642545.965459959581494 ], [ 425064.208293859148398, 7642516.477909183129668 ] ] ] } },
{ "type": "Feature", "properties": { "fid": 31.0, "COMPR_M": 281.82, "CLASSE": "02 - Curta", "CD_FAZ": "400023", "TALHOES": "1", "FAZ_tAL": "400023001", "ID_LINHA": 157229 }, "geometry": { "type": "MultiLineString", "coordinates": [ [ [ 425104.677707665949129, 7642793.832605369389057 ], [ 425105.401260909275152, 7642780.721831942908466 ], [ 425105.80999073345447, 7642753.977986200712621 ], [ 425105.147704078350216, 7642727.139244511723518 ], [ 425103.397081693925429, 7642700.179812357760966 ], [ 425100.531195477582514, 7642673.07723075337708 ], [ 425096.516069714620244, 7642645.829237660393119 ], [ 425091.39646367833484, 7642618.883114377968013 ], [ 425085.420131560822483, 7642593.166922198608518 ], [ 425078.872813528054394, 7642569.178764027543366 ], [ 425071.93339456920512, 7642546.905214119702578 ], [ 425061.413209025689866, 7642517.567782614380121 ] ] ] } },
{ "type": "Feature", "properties": { "fid": 32.0, "COMPR_M": 281.91, "CLASSE": "02 - Curta", "CD_FAZ": "400023", "TALHOES": "1", "FAZ_tAL": "400023001", "ID_LINHA": 157230 }, "geometry": { "type": "MultiLineString", "coordinates": [ [ [ 425101.607184997061267, 7642795.027756428346038 ], [ 425102.402524768607691, 7642780.616212238557637 ], [ 425102.809425098123029, 7642753.992073305882514 ], [ 425102.150103793246672, 7642727.27350062597543 ], [ 425100.407324365107343, 7642700.434849284589291 ], [ 425097.554288561921567, 7642673.453793565742671 ], [ 425093.557185072160792, 7642646.328105684369802 ], [ 425088.460552160919178, 7642619.502897297032177 ], [ 425082.510943438741378, 7642593.901696046814322 ], [ 425075.992729713441804, 7642570.020170658826828 ], [ 425069.083951344713569, 7642547.844968277961016 ], [ 425058.618124192173127, 7642518.657656046561897 ] ] ] } },
{ "type": "Feature", "properties": { "fid": 33.0, "COMPR_M": 281.99, "CLASSE": "02 - Curta", "CD_FAZ": "400023", "TALHOES": "1", "FAZ_tAL": "400023001", "ID_LINHA": 157231 }, "geometry": { "type": "MultiLineString", "coordinates": [ [ [ 425098.536662328348029, 7642796.222907489165664 ], [ 425099.403788627823815, 7642780.510592533275485 ], [ 425099.808859459648374, 7642754.006160411983728 ], [ 425099.152503509132657, 7642727.407756736502051 ], [ 425097.417567036347464, 7642700.689886210486293 ], [ 425094.577381645212881, 7642673.830356376245618 ], [ 425090.598300429875962, 7642646.826973704621196 ], [ 425085.524640643212479, 7642620.122680217958987 ], [ 425079.601755315787159, 7642594.636469891294837 ], [ 425073.112645899411291, 7642570.861577287316322 ], [ 425066.234508120280225, 7642548.784722439944744 ], [ 425055.823039359238464, 7642519.747529475949705 ] ] ] } },
{ "type": "Feature", "properties": { "fid": 34.0, "COMPR_M": 282.07, "CLASSE": "02 - Curta", "CD_FAZ": "400023", "TALHOES": "1", "FAZ_tAL": "400023001", "ID_LINHA": 157232 }, "geometry": { "type": "MultiLineString", "coordinates": [ [ [ 425095.466139659285545, 7642797.418058548122644 ], [ 425096.405052487563808, 7642780.404972827062011 ], [ 425096.808293825306464, 7642754.020247515290976 ], [ 425096.154903226764873, 7642727.542012847959995 ], [ 425094.427809707121924, 7642700.944923136383295 ], [ 425091.600474728678819, 7642674.206919185817242 ], [ 425087.639415787707549, 7642647.325841726735234 ], [ 425082.588729124516249, 7642620.742463137954473 ], [ 425076.692567192541901, 7642595.371243739500642 ], [ 425070.232562083983794, 7642571.702983919531107 ], [ 425063.385064896487165, 7642549.724476600065827 ], [ 425053.027954525663517, 7642520.837402910925448 ] ] ] } },
{ "type": "Feature", "properties": { "fid": 35.0, "COMPR_M": 282.15, "CLASSE": "02 - Curta", "CD_FAZ": "400023", "TALHOES": "1", "FAZ_tAL": "400023001", "ID_LINHA": 157233 }, "geometry": { "type": "MultiLineString", "coordinates": [ [ [ 425092.395616990397684, 7642798.613209611736238 ], [ 425093.406316345266532, 7642780.299353123642504 ], [ 425093.807728188461624, 7642754.034334620460868 ], [ 425093.157302942825481, 7642727.676268959417939 ], [ 425091.438052378594875, 7642701.199960061348975 ], [ 425088.623567811620887, 7642674.58348199352622 ], [ 425084.680531144374982, 7642647.82470974791795 ], [ 425079.652817606169265, 7642621.36224605794996 ], [ 425073.783379070460796, 7642596.106017587706447 ], [ 425067.352478270535357, 7642572.544390550814569 ], [ 425060.535621671355329, 7642550.664230760186911 ], [ 425050.232869692612439, 7642521.927276339381933 ] ] ] } },
{ "type": "Feature", "properties": { "fid": 36.0, "COMPR_M": 282.23, "CLASSE": "02 - Curta", "CD_FAZ": "400023", "TALHOES": "1", "FAZ_tAL": "400023001", "ID_LINHA": 157234 }, "geometry": { "type": "MultiLineString", "coordinates": [ [ [ 425089.325094321859069, 7642799.808360671624541 ], [ 425090.407580206228886, 7642780.193733418360353 ], [ 425090.807162552431691, 7642754.048421723768115 ], [ 425090.159702659293544, 7642727.810525069944561 ], [ 425088.44829504826339, 7642701.454996987245977 ], [ 425085.646660894737579, 7642674.960044807754457 ], [ 425081.72164650313789, 7642648.323577767238021 ], [ 425076.716906089452095, 7642621.98202897887677 ], [ 425070.874190948205069, 7642596.840791433118284 ], [ 425064.472394456330221, 7642573.385797180235386 ], [ 425057.686178447620478, 7642551.603984918445349 ], [ 425047.437784860143438, 7642523.017149772495031 ] ] ] } },
{ "type": "Feature", "properties": { "fid": 37.0, "COMPR_M": 282.31, "CLASSE": "02 - Curta", "CD_FAZ": "400023", "TALHOES": "1", "FAZ_tAL": "400023001", "ID_LINHA": 157235 }, "geometry": { "type": "MultiLineString", "coordinates": [ [ [ 425086.254571651574224, 7642801.003511731512845 ], [ 425087.408844065153971, 7642780.088113712146878 ], [ 425087.806596917216666, 7642754.062508830800653 ], [ 425087.162102376110852, 7642727.944781180471182 ], [ 425085.45853772002738, 7642701.710033912211657 ], [ 425082.66975397936767, 7642675.336607618257403 ], [ 425078.762761861318722, 7642648.82244579307735 ], [ 425073.78099457238568, 7642622.601811897009611 ], [ 425067.965002826356795, 7642597.575565277598798 ], [ 425061.59231064200867, 7642574.227203809656203 ], [ 425054.836735223187134, 7642552.543739078566432 ], [ 425044.642700025637168, 7642524.107023203745484 ] ] ] } },
{ "type": "Feature", "properties": { "fid": 38.0, "COMPR_M": 282.4, "CLASSE": "02 - Curta", "CD_FAZ": "400023", "TALHOES": "1", "FAZ_tAL": "400023001", "ID_LINHA": 157236 }, "geometry": { "type": "MultiLineString", "coordinates": [ [ [ 425083.184048984141555, 7642802.198662791401148 ], [ 425084.410107924602926, 7642779.982494006864727 ], [ 425084.806031280895695, 7642754.076595936901867 ], [ 425084.164502092695329, 7642728.079037293791771 ], [ 425082.468780390569009, 7642701.965070836246014 ], [ 425079.692847062833607, 7642675.713170426897705 ], [ 425075.803877218393609, 7642649.321313814260066 ], [ 425070.845083054970019, 7642623.221594816073775 ], [ 425065.05581470229663, 7642598.310339123941958 ], [ 425058.712226827745326, 7642575.068610440939665 ], [ 425051.987291997415014, 7642553.483493239618838 ], [ 425041.847615193109959, 7642525.196896634995937 ] ] ] } },
{ "type": "Feature", "properties": { "fid": 39.0, "COMPR_M": 282.48, "CLASSE": "02 - Curta", "CD_FAZ": "400023", "TALHOES": "1", "FAZ_tAL": "400023001", "ID_LINHA": 157237 }, "geometry": { "type": "MultiLineString", "coordinates": [ [ [ 425080.113526315020863, 7642803.393813853152096 ], [ 425081.411371783295181, 7642779.876874301582575 ], [ 425081.805465644691139, 7642754.090683039277792 ], [ 425081.166901809046976, 7642728.213293400593102 ], [ 425079.479023060528561, 7642702.220107762143016 ], [ 425076.71594014717266, 7642676.089733237400651 ], [ 425072.844992576865479, 7642649.820181838236749 ], [ 425067.909171536564827, 7642623.84137773886323 ], [ 425062.146626580681186, 7642599.045112972147763 ], [ 425055.832143012667075, 7642575.910017073154449 ], [ 425049.137848774262238, 7642554.423247398808599 ], [ 425039.052530359826051, 7642526.286770068109035 ] ] ] } },
{ "type": "Feature", "properties": { "fid": 40.0, "COMPR_M": 282.56, "CLASSE": "02 - Curta", "CD_FAZ": "400023", "TALHOES": "1", "FAZ_tAL": "400023001", "ID_LINHA": 157238 }, "geometry": { "type": "MultiLineString", "coordinates": [ [ [ 425077.043003644794226, 7642804.5889649130404 ], [ 425078.412635643268004, 7642779.771254597231746 ], [ 425078.804900009301491, 7642754.104770143516362 ], [ 425078.169301525689662, 7642728.347549512982368 ], [ 425076.489265732001513, 7642702.475144689902663 ], [ 425073.739033228368498, 7642676.466296047903597 ], [ 425069.886107934871688, 7642650.31904985755682 ], [ 425064.973260017228313, 7642624.461160658858716 ], [ 425059.23743845813442, 7642599.779886819422245 ], [ 425052.952059197588824, 7642576.751423703506589 ], [ 425046.288405549246818, 7642555.363001557067037 ], [ 425036.257445525785442, 7642527.376643499359488 ] ] ] } },
{ "type": "Feature", "properties": { "fid": 41.0, "COMPR_M": 282.65, "CLASSE": "02 - Curta", "CD_FAZ": "400023", "TALHOES": "1", "FAZ_tAL": "400023001", "ID_LINHA": 157239 }, "geometry": { "type": "MultiLineString", "coordinates": [ [ [ 425073.94600680784788, 7642805.794420612975955 ], [ 425075.41389950318262, 7642779.665634891949594 ], [ 425075.804334372747689, 7642754.118857247754931 ], [ 425075.171701242099516, 7642728.481805624440312 ], [ 425073.499508402892388, 7642702.730181615799665 ], [ 425070.762126313056797, 7642676.842858859337866 ], [ 425066.927223291713744, 7642650.817917879670858 ], [ 425062.037348500743974, 7642625.080943578854203 ], [ 425056.328250336751807, 7642600.514660666696727 ], [ 425050.07197538507171, 7642577.592830332927406 ], [ 425043.438962326094043, 7642556.302755721844733 ], [ 425033.462360693025403, 7642528.466516929678619 ] ] ] } },
{ "type": "Feature", "properties": { "fid": 42.0, "COMPR_M": 282.76, "CLASSE": "02 - Curta", "CD_FAZ": "400023", "TALHOES": "1", "FAZ_tAL": "400023001", "ID_LINHA": 157240 }, "geometry": { "type": "MultiLineString", "coordinates": [ [ [ 425070.816350297536701, 7642807.012588562443852 ], [ 425072.415163362282328, 7642779.560015184804797 ], [ 425072.803768737008795, 7642754.132944351993501 ], [ 425072.174100958218332, 7642728.616061737760901 ], [ 425070.509751073899679, 7642702.985218541696668 ], [ 425067.785219397221226, 7642677.219421666115522 ], [ 425063.968338650593068, 7642651.316785899922252 ], [ 425059.101436983328313, 7642625.700726499781013 ], [ 425053.419062212458812, 7642601.249434512108564 ], [ 425047.191891571157612, 7642578.434236962348223 ], [ 425040.589519101660699, 7642557.242509881034493 ], [ 425030.667275858228095, 7642529.556390361860394 ] ] ] } },
{ "type": "Feature", "properties": { "fid": 43.0, "COMPR_M": 282.87, "CLASSE": "02 - Curta", "CD_FAZ": "400023", "TALHOES": "1", "FAZ_tAL": "400023001", "ID_LINHA": 157241 }, "geometry": { "type": "MultiLineString", "coordinates": [ [ [ 425067.686693788389675, 7642808.230756506323814 ], [ 425069.416427221964113, 7642779.454395481385291 ], [ 425069.803203100746032, 7642754.147031457163393 ], [ 425069.17650067480281, 7642728.750317846424878 ], [ 425067.519993744965177, 7642703.240255465731025 ], [ 425064.808312480221502, 7642677.595984479412436 ], [ 425061.009454008308239, 7642651.81565392203629 ], [ 425056.165525464923121, 7642626.320509420707822 ], [ 425050.509874091250822, 7642601.984208358451724 ], [ 425044.311807755904738, 7642579.275643594563007 ], [ 425037.740075876587071, 7642558.182264037430286 ], [ 425027.872191025933716, 7642530.646263793110847 ] ] ] } },
{ "type": "Feature", "properties": { "fid": 44.0, "COMPR_M": 282.98, "CLASSE": "02 - Curta", "CD_FAZ": "400023", "TALHOES": "1", "FAZ_tAL": "400023001", "ID_LINHA": 157242 }, "geometry": { "type": "MultiLineString", "coordinates": [ [ [ 425064.557037278544158, 7642809.448924453929067 ], [ 425066.417691080947407, 7642779.348775775171816 ], [ 425066.802637465356383, 7642754.161118562333286 ], [ 425066.178900391678326, 7642728.884573956951499 ], [ 425064.530236414226238, 7642703.49529239255935 ], [ 425061.831405562814325, 7642677.97254728898406 ], [ 425058.050569366139825, 7642652.314521942287683 ], [ 425053.22961394750746, 7642626.940292337909341 ], [ 425047.600685968529433, 7642602.718982204794884 ], [ 425041.431723941874225, 7642580.117050225846469 ], [ 425034.890632652794011, 7642559.122018198482692 ], [ 425025.077106192358769, 7642531.7361372243613 ] ] ] } },
{ "type": "Feature", "properties": { "fid": 45.0, "COMPR_M": 283.09, "CLASSE": "02 - Curta", "CD_FAZ": "400023", "TALHOES": "1", "FAZ_tAL": "400023001", "ID_LINHA": 157243 }, "geometry": { "type": "MultiLineString", "coordinates": [ [ [ 425061.42738076846581, 7642810.667092401534319 ], [ 425063.418954939814284, 7642779.243156069889665 ], [ 425063.802071828744374, 7642754.175205668434501 ], [ 425063.181300108321011, 7642729.01883006747812 ], [ 425061.540479086223058, 7642703.750329317525029 ], [ 425058.854498647444416, 7642678.349110103212297 ], [ 425055.091684724087827, 7642652.81338996719569 ], [ 425050.293702430324629, 7642627.560075259767473 ], [ 425044.691497846215498, 7642603.453756051138043 ], [ 425038.551640127087012, 7642580.958456857129931 ], [ 425032.041189427720383, 7642560.061772359535098 ], [ 425022.282021359307691, 7642532.826010657474399 ] ] ] } },
{ "type": "Feature", "properties": { "fid": 46.0, "COMPR_M": 283.2, "CLASSE": "02 - Curta", "CD_FAZ": "400023", "TALHOES": "1", "FAZ_tAL": "400023001", "ID_LINHA": 157244 }, "geometry": { "type": "MultiLineString", "coordinates": [ [ [ 425058.297724258853123, 7642811.885260349139571 ], [ 425060.420218799903523, 7642779.137536365538836 ], [ 425060.801506192947272, 7642754.18929277267307 ], [ 425060.183699824032374, 7642729.153086178936064 ], [ 425058.550721756299026, 7642704.005366243422031 ], [ 425055.877591731026769, 7642678.725672911852598 ], [ 425052.132800081511959, 7642653.312257990241051 ], [ 425047.357790912210476, 7642628.179858177900314 ], [ 425041.782309723668732, 7642604.188529902137816 ], [ 425035.671556312998291, 7642581.799863483756781 ], [ 425029.191746203985531, 7642561.001526519656181 ], [ 425019.48693652683869, 7642533.915884088724852 ] ] ] } },
{ "type": "Feature", "properties": { "fid": 47.0, "COMPR_M": 283.31, "CLASSE": "02 - Curta", "CD_FAZ": "400023", "TALHOES": "1", "FAZ_tAL": "400023001", "ID_LINHA": 157245 }, "geometry": { "type": "MultiLineString", "coordinates": [ [ [ 425055.168067747843452, 7642813.103428295813501 ], [ 425057.421482659236062, 7642779.031916659325361 ], [ 425057.800940556626301, 7642754.20337987691164 ], [ 425057.186099541373551, 7642729.287342289462686 ], [ 425055.560964427888393, 7642704.260403169319034 ], [ 425052.900684814667329, 7642679.102235723286867 ], [ 425049.173915439110715, 7642653.811126010492444 ], [ 425044.421879393747076, 7642628.799641096964478 ], [ 425038.873121600947343, 7642604.923303747549653 ], [ 425032.791472498094663, 7642582.641270115971565 ], [ 425026.342302980250679, 7642561.941280679777265 ], [ 425016.691851693671197, 7642535.005757516250014 ] ] ] } },
{ "type": "Feature", "properties": { "fid": 48.0, "COMPR_M": 283.42, "CLASSE": "02 - Curta", "CD_FAZ": "400023", "TALHOES": "1", "FAZ_tAL": "400023001", "ID_LINHA": 157246 }, "geometry": { "type": "MultiLineString", "coordinates": [ [ [ 425052.03841123933671, 7642814.321596242487431 ], [ 425054.422746518510394, 7642778.926296955905855 ], [ 425054.800374920479953, 7642754.217466982081532 ], [ 425054.188499257201329, 7642729.421598401851952 ], [ 425052.571207098197192, 7642704.515440095216036 ], [ 425049.92377789854072, 7642679.478798532858491 ], [ 425046.215030798106454, 7642654.309994032606483 ], [ 425041.485967876273207, 7642629.419424017891288 ], [ 425035.963933477993123, 7642605.658077592030168 ], [ 425029.911388684529811, 7642583.48267674818635 ], [ 425023.492859756457619, 7642562.881034838967025 ], [ 425013.896766859805211, 7642536.095630953088403 ] ] ] } },
{ "type": "Feature", "properties": { "fid": 49.0, "COMPR_M": 283.53, "CLASSE": "02 - Curta", "CD_FAZ": "400023", "TALHOES": "1", "FAZ_tAL": "400023001", "ID_LINHA": 157247 }, "geometry": { "type": "MultiLineString", "coordinates": [ [ [ 425048.908754728094209, 7642815.539764188230038 ], [ 425050.070397765666712, 7642803.348116539418697 ], [ 425051.424010378366802, 7642778.820677247829735 ], [ 425051.799809284508228, 7642754.231554084457457 ], [ 425051.190898973378353, 7642729.555854514241219 ], [ 425049.581449769961182, 7642704.770477022975683 ], [ 425046.946870981308166, 7642679.855361342430115 ], [ 425043.256146154599264, 7642654.808862055651844 ], [ 425038.5500563577516, 7642630.039206936955452 ], [ 425033.054745356086642, 7642606.39285143930465 ], [ 425027.03130487020826, 7642584.324083376675844 ], [ 425020.643416530743707, 7642563.820789 ], [ 425011.101682027161587, 7642537.185504382476211 ] ] ] } },
{ "type": "Feature", "properties": { "fid": 50.0, "COMPR_M": 283.63, "CLASSE": "02 - Curta", "CD_FAZ": "400023", "TALHOES": "1", "FAZ_tAL": "400023001", "ID_LINHA": 157248 }, "geometry": { "type": "MultiLineString", "coordinates": [ [ [ 425045.779098218597937, 7642816.757932137697935 ], [ 425047.078251249506138, 7642803.123092977330089 ], [ 425048.42527423746651, 7642778.715057544410229 ], [ 425048.799243649293203, 7642754.245641190558672 ], [ 425048.19329868996283, 7642729.690110623836517 ], [ 425046.591692441143095, 7642705.02551394701004 ], [ 425043.969964065472595, 7642680.231924153864384 ], [ 425040.29726151318755, 7642655.307730078697205 ], [ 425035.614144840859808, 7642630.658989858813584 ], [ 425030.145557233307045, 7642607.127625288441777 ], [ 425024.151221055770293, 7642585.165490008890629 ], [ 425017.793973306950647, 7642564.760543160140514 ], [ 425008.306597193062771, 7642538.275377815589309 ] ] ] } },
{ "type": "Feature", "properties": { "fid": 51.0, "COMPR_M": 283.74, "CLASSE": "02 - Curta", "CD_FAZ": "400023", "TALHOES": "1", "FAZ_tAL": "400023001", "ID_LINHA": 157249 }, "geometry": { "type": "MultiLineString", "coordinates": [ [ [ 425042.649441709625535, 7642817.976100083440542 ], [ 425044.086104730842635, 7642802.89806941896677 ], [ 425045.426538097090088, 7642778.6094378400594 ], [ 425045.798678012914024, 7642754.259728295728564 ], [ 425045.195698406198062, 7642729.824366733431816 ], [ 425043.601935110520571, 7642705.280550872907043 ], [ 425040.993057149229571, 7642680.608486963436007 ], [ 425037.338376869913191, 7642655.806598097085953 ], [ 425032.678233323676977, 7642631.278772778809071 ], [ 425027.23636911099311, 7642607.862399133853614 ], [ 425021.271137241332326, 7642586.006896638311446 ], [ 425014.944530083215795, 7642565.700297320261598 ], [ 425005.511512360302731, 7642539.365251244045794 ] ] ] } },
{ "type": "Feature", "properties": { "fid": 52.0, "COMPR_M": 283.85, "CLASSE": "02 - Curta", "CD_FAZ": "400023", "TALHOES": "1", "FAZ_tAL": "400023001", "ID_LINHA": 157250 }, "geometry": { "type": "MultiLineString", "coordinates": [ [ [ 425039.519785199838225, 7642819.19426803290844 ], [ 425041.093958212295547, 7642802.673045859672129 ], [ 425042.427801955374889, 7642778.50381813570857 ], [ 425042.798112376069184, 7642754.273815400898457 ], [ 425042.198098121560179, 7642729.958622843027115 ], [ 425040.6121777825756, 7642705.5355877969414 ], [ 425038.01615023240447, 7642680.985049773007631 ], [ 425034.379492228792515, 7642656.305466119199991 ], [ 425029.742321805446409, 7642631.898555697873235 ], [ 425024.327180988388136, 7642608.597172979265451 ], [ 425018.391053426777944, 7642586.848303268663585 ], [ 425012.095086857443675, 7642566.640051480382681 ], [ 425002.716427526785992, 7642540.455124677158892 ] ] ] } },
{ "type": "Feature", "properties": { "fid": 53.0, "COMPR_M": 283.96, "CLASSE": "02 - Curta", "CD_FAZ": "400023", "TALHOES": "1", "FAZ_tAL": "400023001", "ID_LINHA": 157251 }, "geometry": { "type": "MultiLineString", "coordinates": [ [ [ 425036.3901286899345, 7642820.412435978651047 ], [ 425038.101811693341006, 7642802.448022300377488 ], [ 425039.429065815464128, 7642778.398198429495096 ], [ 425039.797546739981044, 7642754.287902502343059 ], [ 425039.200497839250602, 7642730.092878954485059 ], [ 425037.622420453466475, 7642705.790624722838402 ], [ 425035.039243315753993, 7642681.3616125844419 ], [ 425031.42060758639127, 7642656.804334143176675 ], [ 425026.80641028820537, 7642632.518338620662689 ], [ 425021.417992865608539, 7642609.331946825608611 ], [ 425015.51096961350413, 7642587.689709899947047 ], [ 425009.245643634349108, 7642567.579805638641119 ], [ 424999.921342693851329, 7642541.544998109340668 ] ] ] } },
{ "type": "Feature", "properties": { "fid": 54.0, "COMPR_M": 284.07, "CLASSE": "02 - Curta", "CD_FAZ": "400023", "TALHOES": "1", "FAZ_tAL": "400023001", "ID_LINHA": 157252 }, "geometry": { "type": "MultiLineString", "coordinates": [ [ [ 425033.260472179914359, 7642821.630603926256299 ], [ 425035.109665175841656, 7642802.222998740151525 ], [ 425036.430329675495159, 7642778.292578723281622 ], [ 425036.796981104067527, 7642754.301989609375596 ], [ 425036.202897555369418, 7642730.227135065943003 ], [ 425034.632663123076782, 7642706.045661650598049 ], [ 425032.062336399278138, 7642681.738175397738814 ], [ 425028.461722944222856, 7642657.303202162496746 ], [ 425023.87049876927631, 7642633.138121539726853 ], [ 425018.508804741955828, 7642610.066720674745739 ], [ 425012.630885799531825, 7642588.531116532161832 ], [ 425006.396200409915764, 7642568.519559798762202 ], [ 424997.126257859519683, 7642542.634871540591121 ] ] ] } },
{ "type": "Feature", "properties": { "fid": 55.0, "COMPR_M": 284.18, "CLASSE": "02 - Curta", "CD_FAZ": "400023", "TALHOES": "1", "FAZ_tAL": "400023001", "ID_LINHA": 157253 }, "geometry": { "type": "MultiLineString", "coordinates": [ [ [ 425030.130815669661388, 7642822.848771873861551 ], [ 425032.117518657178152, 7642801.997975178062916 ], [ 425033.431593533430714, 7642778.186959018930793 ], [ 425033.79641546763014, 7642754.316076712682843 ], [ 425033.205297272477765, 7642730.361391178332269 ], [ 425031.642905795481056, 7642706.300698578357697 ], [ 425029.085429483035114, 7642682.114738205447793 ], [ 425025.502838301414158, 7642657.802070185542107 ], [ 425020.934587251394987, 7642633.757904458791018 ], [ 425015.599616621329915, 7642610.801494522020221 ], [ 425009.750801984104328, 7642589.372523162513971 ], [ 425003.54675718548242, 7642569.459313962608576 ], [ 424994.331173027167097, 7642543.724744973704219 ] ] ] } },
{ "type": "Feature", "properties": { "fid": 56.0, "COMPR_M": 284.29, "CLASSE": "02 - Curta", "CD_FAZ": "400023", "TALHOES": "1", "FAZ_tAL": "400023001", "ID_LINHA": 157254 }, "geometry": { "type": "MultiLineString", "coordinates": [ [ [ 425027.001159160630777, 7642824.066939821466804 ], [ 425029.125372139387764, 7642801.772951617836952 ], [ 425030.432857393927407, 7642778.081339312717319 ], [ 425030.795849832647946, 7642754.330163817852736 ], [ 425030.207696988014504, 7642730.495647287927568 ], [ 425028.653148465324193, 7642706.555735500529408 ], [ 425026.108522566850297, 7642682.491301015950739 ], [ 425022.543953660118859, 7642658.300938207656145 ], [ 425017.998675735085271, 7642634.377687376923859 ], [ 425012.690428498492111, 7642611.53626836836338 ], [ 425006.870718169957399, 7642590.213929791003466 ], [ 425000.69731396168936, 7642570.399068120867014 ], [ 424991.536088193999603, 7642544.814618403092027 ] ] ] } },
{ "type": "Feature", "properties": { "fid": 57.0, "COMPR_M": 284.4, "CLASSE": "02 - Curta", "CD_FAZ": "400023", "TALHOES": "1", "FAZ_tAL": "400023001", "ID_LINHA": 157255 }, "geometry": { "type": "MultiLineString", "coordinates": [ [ [ 425023.86294107377762, 7642825.288440221920609 ], [ 425026.133225621015299, 7642801.547928059473634 ], [ 425027.434121253027115, 7642777.975719608366489 ], [ 425027.79528419644339, 7642754.344250923022628 ], [ 425027.210096705181058, 7642730.629903398454189 ], [ 425025.663391136564314, 7642706.810772428289056 ], [ 425023.131615650258027, 7642682.867863826453686 ], [ 425019.585069018183276, 7642658.799806229770184 ], [ 425015.062764217087533, 7642634.997470298781991 ], [ 425009.781240375479683, 7642612.27104221470654 ], [ 425003.990634356450755, 7642591.055336421355605 ], [ 424997.847870737256017, 7642571.338822280988097 ], [ 424988.741003360133618, 7642545.904491832479835 ] ] ] } },
{ "type": "Feature", "properties": { "fid": 58.0, "COMPR_M": 284.54, "CLASSE": "02 - Curta", "CD_FAZ": "400023", "TALHOES": "1", "FAZ_tAL": "400023001", "ID_LINHA": 157256 }, "geometry": { "type": "MultiLineString", "coordinates": [ [ [ 425020.666416800464503, 7642826.532635359093547 ], [ 425023.141079102875665, 7642801.32290449924767 ], [ 425024.435385112650692, 7642777.870099902153015 ], [ 425024.794718560413457, 7642754.35833802819252 ], [ 425024.212496421474498, 7642730.764159508049488 ], [ 425022.673633807979058, 7642707.065809353254735 ], [ 425020.154708733782172, 7642683.24442663602531 ], [ 425016.626184375840239, 7642659.298674251884222 ], [ 425012.126852698740549, 7642635.6172532197088 ], [ 425006.872052252816502, 7642613.0058160610497 ], [ 425001.110550541547127, 7642591.896743051707745 ], [ 424994.998427512764465, 7642572.278576442971826 ], [ 424985.945918526791502, 7642546.994365267455578 ] ] ] } },
{ "type": "Feature", "properties": { "fid": 59.0, "COMPR_M": 284.69, "CLASSE": "02 - Curta", "CD_FAZ": "400023", "TALHOES": "1", "FAZ_tAL": "400023001", "ID_LINHA": 157257 }, "geometry": { "type": "MultiLineString", "coordinates": [ [ [ 425017.469892527209595, 7642827.776830498129129 ], [ 425020.148932584852446, 7642801.097880941815674 ], [ 425021.43664897151757, 7642777.764480197802186 ], [ 425021.794152923859656, 7642754.372425131499767 ], [ 425021.214896138058975, 7642730.8984156223014 ], [ 425019.683876478113234, 7642707.320846278220415 ], [ 425017.177801816083957, 7642683.620989449322224 ], [ 425013.667299733497202, 7642659.797542272135615 ], [ 425009.190941181383096, 7642636.237036138772964 ], [ 425003.962864130618982, 7642613.740589907392859 ], [ 424998.230466727167368, 7642592.738149683922529 ], [ 424992.148984287632629, 7642573.218330602161586 ], [ 424983.150833693449385, 7642548.084238696843386 ] ] ] } },
{ "type": "Feature", "properties": { "fid": 60.0, "COMPR_M": 284.83, "CLASSE": "02 - Curta", "CD_FAZ": "400023", "TALHOES": "1", "FAZ_tAL": "400023001", "ID_LINHA": 157258 }, "geometry": { "type": "MultiLineString", "coordinates": [ [ [ 425014.273368253256194, 7642829.021025633439422 ], [ 425017.156786066363566, 7642800.872857378795743 ], [ 425018.437912830966525, 7642777.658860493451357 ], [ 425018.793587288120762, 7642754.38651223666966 ], [ 425018.217295853770338, 7642731.032671730965376 ], [ 425016.694119149004109, 7642707.575883204117417 ], [ 425014.20089489989914, 7642683.997552257031202 ], [ 425010.708415091386996, 7642660.296410294249654 ], [ 425006.25502966233762, 7642636.856819058768451 ], [ 425001.053676008828916, 7642614.475363753736019 ], [ 424995.350382911390625, 7642593.579556314274669 ], [ 424989.299541064538062, 7642574.15808476228267 ], [ 424980.355748860689346, 7642549.174112129956484 ] ] ] } },
{ "type": "Feature", "properties": { "fid": 61.0, "COMPR_M": 284.97, "CLASSE": "02 - Curta", "CD_FAZ": "400023", "TALHOES": "1", "FAZ_tAL": "400023001", "ID_LINHA": 157259 }, "geometry": { "type": "MultiLineString", "coordinates": [ [ [ 425011.076843979186378, 7642830.265220773406327 ], [ 425014.164639548689593, 7642800.647833820432425 ], [ 425015.439176690299064, 7642777.553240788169205 ], [ 425015.793021651916206, 7642754.400599339976907 ], [ 425015.219695571810007, 7642731.16692784242332 ], [ 425013.704361820651684, 7642707.830920128151774 ], [ 425011.223987984587438, 7642684.374115068465471 ], [ 425007.74953044927679, 7642660.795278318226337 ], [ 425003.319118144281674, 7642637.476601978763938 ], [ 424998.144487884826958, 7642615.210137601941824 ], [ 424992.470299098931719, 7642594.420962943695486 ], [ 424986.45009784004651, 7642575.097838919609785 ], [ 424977.560664028511383, 7642550.263985561206937 ] ] ] } },
{ "type": "Feature", "properties": { "fid": 62.0, "COMPR_M": 285.11, "CLASSE": "02 - Curta", "CD_FAZ": "400023", "TALHOES": "1", "FAZ_tAL": "400023001", "ID_LINHA": 157260 }, "geometry": { "type": "MultiLineString", "coordinates": [ [ [ 425007.880319706455339, 7642831.509415910579264 ], [ 425011.172493029851466, 7642800.422810261137784 ], [ 425012.44044055021368, 7642777.447621082887053 ], [ 425012.79245601571165, 7642754.414686447009444 ], [ 425012.222095286939293, 7642731.301183953881264 ], [ 425010.714604490436614, 7642708.085957054980099 ], [ 425008.247081068053376, 7642684.750677878037095 ], [ 425004.790645807399414, 7642661.294146338477731 ], [ 425000.383206627797335, 7642638.096384901553392 ], [ 424995.235299762571231, 7642615.944911446422338 ], [ 424989.590215284377337, 7642595.26236957591027 ], [ 424983.600654615554959, 7642576.037593079730868 ], [ 424974.765579192957375, 7642551.35385899245739 ] ] ] } },
{ "type": "Feature", "properties": { "fid": 63.0, "COMPR_M": 285.26, "CLASSE": "02 - Curta", "CD_FAZ": "400023", "TALHOES": "1", "FAZ_tAL": "400023001", "ID_LINHA": 157261 }, "geometry": { "type": "MultiLineString", "coordinates": [ [ [ 425004.683795431687031, 7642832.753611046820879 ], [ 425008.180346511828247, 7642800.197786701843143 ], [ 425009.441704409371596, 7642777.342001378536224 ], [ 425009.791890379739925, 7642754.428773550316691 ], [ 425009.224495003698394, 7642731.435440065339208 ], [ 425007.724847162258811, 7642708.340993981808424 ], [ 425005.270174151693936, 7642685.127240687608719 ], [ 425001.831761164881755, 7642661.793014361523092 ], [ 424997.447295110439882, 7642638.716167819686234 ], [ 424992.326111640781164, 7642616.679685292765498 ], [ 424986.710131469764747, 7642596.103776204399765 ], [ 424980.751211391063407, 7642576.977347239851952 ], [ 424971.970494361245073, 7642552.443732423707843 ] ] ] } },
{ "type": "Feature", "properties": { "fid": 64.0, "COMPR_M": 285.4, "CLASSE": "02 - Curta", "CD_FAZ": "400023", "TALHOES": "1", "FAZ_tAL": "400023001", "ID_LINHA": 157262 }, "geometry": { "type": "MultiLineString", "coordinates": [ [ [ 425001.487271159538068, 7642833.997806185856462 ], [ 425003.025083827378694, 7642822.675047124736011 ], [ 425005.18819999328116, 7642799.972763139754534 ], [ 425006.442968269053381, 7642777.23638167232275 ], [ 425006.791324743884616, 7642754.442860653623939 ], [ 425006.226894720166456, 7642731.569696177728474 ], [ 425004.735089832916856, 7642708.596030906774104 ], [ 425002.293267234810628, 7642685.503803497180343 ], [ 424998.87287652248051, 7642662.291882381774485 ], [ 424994.511383592558559, 7642639.335950739681721 ], [ 424989.416923518758267, 7642617.414459141902626 ], [ 424983.830047656374518, 7642596.945182837545872 ], [ 424977.901768165931571, 7642577.917101399041712 ], [ 424969.175409528193995, 7642553.533605856820941 ] ] ] } },
{ "type": "Feature", "properties": { "fid": 65.0, "COMPR_M": 285.54, "CLASSE": "02 - Curta", "CD_FAZ": "400023", "TALHOES": "1", "FAZ_tAL": "400023001", "ID_LINHA": 157263 }, "geometry": { "type": "MultiLineString", "coordinates": [ [ [ 424998.290746885933913, 7642835.242001324892044 ], [ 425000.044300938432571, 7642822.33076027687639 ], [ 425002.196053475607187, 7642799.747739580459893 ], [ 425003.444232127978466, 7642777.130761967971921 ], [ 425003.790759107505437, 7642754.456947758793831 ], [ 425003.229294436401688, 7642731.70395228639245 ], [ 425001.745332502992824, 7642708.851067831739783 ], [ 424999.316360318101943, 7642685.880366309545934 ], [ 424995.913991880253889, 7642662.790750406682491 ], [ 424991.575472074444406, 7642639.955733658745885 ], [ 424986.507735395804048, 7642618.149232987314463 ], [ 424980.949963841587305, 7642597.786589466035366 ], [ 424975.052324942720588, 7642578.856855561025441 ], [ 424966.380324693745933, 7642554.623479287140071 ] ] ] } },
{ "type": "Feature", "properties": { "fid": 66.0, "COMPR_M": 285.69, "CLASSE": "02 - Curta", "CD_FAZ": "400023", "TALHOES": "1", "FAZ_tAL": "400023001", "ID_LINHA": 157264 }, "geometry": { "type": "MultiLineString", "coordinates": [ [ [ 424995.09422261104919, 7642836.486196462996304 ], [ 424997.063518050359562, 7642821.986473428085446 ], [ 424999.203906957351137, 7642799.522716022096574 ], [ 425000.445495987427421, 7642777.025142261758447 ], [ 425000.790193471242674, 7642754.471034862101078 ], [ 425000.231694152986165, 7642731.838208397850394 ], [ 424998.75557517510606, 7642709.106104759499431 ], [ 424996.339453401509672, 7642686.256929121911526 ], [ 424992.955107238783967, 7642663.289618426002562 ], [ 424988.639560555922799, 7642640.575516579672694 ], [ 424983.598547273315489, 7642618.884006833657622 ], [ 424978.069880027440377, 7642598.627996098250151 ], [ 424972.202881718229037, 7642579.796609720215201 ], [ 424963.585239859879948, 7642555.713352718390524 ] ] ] } },
{ "type": "Feature", "properties": { "fid": 67.0, "COMPR_M": 285.83, "CLASSE": "02 - Curta", "CD_FAZ": "400023", "TALHOES": "1", "FAZ_tAL": "400023001", "ID_LINHA": 157265 }, "geometry": { "type": "MultiLineString", "coordinates": [ [ [ 424991.897698339365888, 7642837.730391598306596 ], [ 424994.082735161646269, 7642821.642186579294503 ], [ 424996.21176044002641, 7642799.297692462801933 ], [ 424997.446759846876375, 7642776.919522553682327 ], [ 424997.789627835794818, 7642754.485121971927583 ], [ 424997.234093869919889, 7642731.972464507445693 ], [ 424995.765817845996935, 7642709.361141683533788 ], [ 424993.362546485848725, 7642686.633491929620504 ], [ 424989.996222596091684, 7642663.788486447185278 ], [ 424985.703649039031006, 7642641.195299498736858 ], [ 424980.689359151176177, 7642619.618780680000782 ], [ 424975.189796213118825, 7642599.469402727670968 ], [ 424969.353438492398709, 7642580.736363878473639 ], [ 424960.790155027876608, 7642556.8032261505723 ] ] ] } },
{ "type": "Feature", "properties": { "fid": 68.0, "COMPR_M": 285.97, "CLASSE": "02 - Curta", "CD_FAZ": "400023", "TALHOES": "1", "FAZ_tAL": "400023001", "ID_LINHA": 157266 }, "geometry": { "type": "MultiLineString", "coordinates": [ [ [ 424988.701174065005034, 7642838.974586738273501 ], [ 424991.101952273049392, 7642821.297899734228849 ], [ 424993.21961392078083, 7642799.072668901644647 ], [ 424994.448023706092499, 7642776.813902849331498 ], [ 424994.789062199823093, 7642754.499209073372185 ], [ 424994.236493585864082, 7642732.106720617972314 ], [ 424992.776060516363941, 7642709.61617860943079 ], [ 424990.385639567568433, 7642687.010054740123451 ], [ 424987.037337952817325, 7642664.287354473024607 ], [ 424982.767737521091476, 7642641.815082419663668 ], [ 424977.780171028804034, 7642620.353554528206587 ], [ 424972.309712398797274, 7642600.310809358023107 ], [ 424966.503995269187726, 7642581.676118040457368 ], [ 424957.995070193894207, 7642557.893099581822753 ] ] ] } },
{ "type": "Feature", "properties": { "fid": 69.0, "COMPR_M": 286.11, "CLASSE": "02 - Curta", "CD_FAZ": "400023", "TALHOES": "1", "FAZ_tAL": "400023001", "ID_LINHA": 157267 }, "geometry": { "type": "MultiLineString", "coordinates": [ [ [ 424985.504649791924749, 7642840.218781874515116 ], [ 424988.121169383288361, 7642820.953612888231874 ], [ 424990.227467401768081, 7642798.847645338624716 ], [ 424991.4492875658907, 7642776.708283146843314 ], [ 424991.788496563967783, 7642754.5132961794734 ], [ 424991.238893302914221, 7642732.240976728498936 ], [ 424989.786303187429439, 7642709.871215533465147 ], [ 424987.4087326527806, 7642687.38661755155772 ], [ 424984.078453311696649, 7642664.786222493276 ], [ 424979.831826003501192, 7642642.434865338727832 ], [ 424974.870982906257268, 7642621.088328374549747 ], [ 424969.429628584417515, 7642601.152215988375247 ], [ 424963.654552045278251, 7642582.615872200578451 ], [ 424955.199985361716244, 7642558.982973013073206 ] ] ] } },
{ "type": "Feature", "properties": { "fid": 70.0, "COMPR_M": 286.26, "CLASSE": "02 - Curta", "CD_FAZ": "400023", "TALHOES": "1", "FAZ_tAL": "400023001", "ID_LINHA": 157268 }, "geometry": { "type": "MultiLineString", "coordinates": [ [ [ 424982.308125518786255, 7642841.462977012619376 ], [ 424985.14038649428403, 7642820.609326038509607 ], [ 424987.235320884152316, 7642798.622621782124043 ], [ 424988.450551424990408, 7642776.602663438767195 ], [ 424988.787930927588604, 7642754.527383281849325 ], [ 424988.241293018276338, 7642732.375232841819525 ], [ 424986.796545858611353, 7642710.12625246308744 ], [ 424984.431825736130122, 7642687.763180362060666 ], [ 424981.119568669993896, 7642665.285090514458716 ], [ 424976.895914485561661, 7642643.054648259654641 ], [ 424971.961794783477671, 7642621.823102220892906 ], [ 424966.54954476992134, 7642601.993622618727386 ], [ 424960.805108821368776, 7642583.555626361630857 ], [ 424952.404900528199505, 7642560.072846446186304 ] ] ] } },
{ "type": "Feature", "properties": { "fid": 71.0, "COMPR_M": 286.41, "CLASSE": "02 - Curta", "CD_FAZ": "400023", "TALHOES": "1", "FAZ_tAL": "400023001", "ID_LINHA": 157269 }, "geometry": { "type": "MultiLineString", "coordinates": [ [ [ 424979.08562930568587, 7642842.717281308025122 ], [ 424982.159603608015459, 7642820.265039190649986 ], [ 424984.243174366711173, 7642798.397598221898079 ], [ 424985.451815284555778, 7642776.497043734416366 ], [ 424985.787365291325841, 7642754.54147038795054 ], [ 424985.243692735326476, 7642732.509488950483501 ], [ 424983.806788529152982, 7642710.381289388053119 ], [ 424981.454918819654267, 7642688.139743173494935 ], [ 424978.160684027068783, 7642665.783958536572754 ], [ 424973.960002967854962, 7642643.67443118058145 ], [ 424969.052606661687605, 7642622.557876067236066 ], [ 424963.669460956007242, 7642602.835029248148203 ], [ 424957.955665596760809, 7642584.495380522683263 ], [ 424949.609815695264842, 7642561.162719875574112 ] ] ] } },
{ "type": "Feature", "properties": { "fid": 72.0, "COMPR_M": 286.59, "CLASSE": "02 - Curta", "CD_FAZ": "400023", "TALHOES": "1", "FAZ_tAL": "400023001", "ID_LINHA": 157270 }, "geometry": { "type": "MultiLineString", "coordinates": [ [ [ 424975.81347228132654, 7642843.990915263071656 ], [ 424979.178820718545467, 7642819.920752342790365 ], [ 424981.251027848105878, 7642798.17257466353476 ], [ 424982.45307914406294, 7642776.391424030065536 ], [ 424982.786799655877985, 7642754.555557493120432 ], [ 424982.246092452784069, 7642732.643745062872767 ], [ 424980.817031198530458, 7642710.636326313018799 ], [ 424978.478011902654544, 7642688.516305983066559 ], [ 424975.201799385598861, 7642666.282826559618115 ], [ 424971.024091451196, 7642644.29421410150826 ], [ 424966.143418539082631, 7642623.29264991171658 ], [ 424960.789377141394652, 7642603.676435879431665 ], [ 424955.106222371570766, 7642585.435134680941701 ], [ 424946.814730860933196, 7642562.252593309618533 ] ] ] } },
{ "type": "Feature", "properties": { "fid": 73.0, "COMPR_M": 286.78, "CLASSE": "02 - Curta", "CD_FAZ": "400023", "TALHOES": "1", "FAZ_tAL": "400023001", "ID_LINHA": 157271 }, "geometry": { "type": "MultiLineString", "coordinates": [ [ [ 424972.541315256268717, 7642845.264549218118191 ], [ 424976.198037830530666, 7642819.576465493999422 ], [ 424978.258881329675205, 7642797.947551101446152 ], [ 424979.454343003453687, 7642776.285804323852062 ], [ 424979.786234018509276, 7642754.569644598290324 ], [ 424979.248492167913355, 7642732.778001172468066 ], [ 424977.827273870643694, 7642710.891363237053156 ], [ 424975.501104987168219, 7642688.89286879170686 ], [ 424972.242914742906578, 7642666.781694578006864 ], [ 424968.0881799334893, 7642644.913997018709779 ], [ 424963.23423041618662, 7642624.027423759922385 ], [ 424957.909293327305932, 7642604.517842510715127 ], [ 424952.25677914894186, 7642586.374888842925429 ], [ 424944.019646029162686, 7642563.342466739937663 ] ] ] } },
{ "type": "Feature", "properties": { "fid": 74.0, "COMPR_M": 286.96, "CLASSE": "02 - Curta", "CD_FAZ": "400023", "TALHOES": "1", "FAZ_tAL": "400023001", "ID_LINHA": 157272 }, "geometry": { "type": "MultiLineString", "coordinates": [ [ [ 424969.269158229930326, 7642846.538183178752661 ], [ 424973.217254941933788, 7642819.232178648933768 ], [ 424975.266734811360948, 7642797.722527541220188 ], [ 424976.455606861389242, 7642776.180184619501233 ], [ 424976.785668382653967, 7642754.583731703460217 ], [ 424976.250891884730663, 7642732.912257282063365 ], [ 424974.837516542174853, 7642711.146400162950158 ], [ 424972.524198070517741, 7642689.269431604072452 ], [ 424969.284030100970995, 7642667.280562600120902 ], [ 424965.152268414734863, 7642645.533779940567911 ], [ 424960.325042293057777, 7642624.76219760812819 ], [ 424955.029209513217211, 7642605.359249141067266 ], [ 424949.407335924333893, 7642587.314643003046513 ], [ 424941.224561194656417, 7642564.432340172119439 ] ] ] } },
{ "type": "Feature", "properties": { "fid": 75.0, "COMPR_M": 287.15, "CLASSE": "02 - Curta", "CD_FAZ": "400023", "TALHOES": "1", "FAZ_tAL": "400023001", "ID_LINHA": 157273 }, "geometry": { "type": "MultiLineString", "coordinates": [ [ [ 424965.997001206385903, 7642847.811817134730518 ], [ 424970.236472053395119, 7642818.887891797348857 ], [ 424972.274588293861598, 7642797.497503981925547 ], [ 424973.456870721885934, 7642776.074564915150404 ], [ 424973.785102747555356, 7642754.597818808630109 ], [ 424973.253291600616649, 7642733.046513395383954 ], [ 424971.847759212425444, 7642711.401437089778483 ], [ 424969.547291153925471, 7642689.645994414575398 ], [ 424966.325145458453335, 7642667.779430622234941 ], [ 424962.216356896271463, 7642646.153562860563397 ], [ 424957.415854169696104, 7642625.49697145447135 ], [ 424952.149125698953867, 7642606.200655771419406 ], [ 424946.55789270036621, 7642588.254397162236273 ], [ 424938.429476361430716, 7642565.522213602438569 ] ] ] } },
{ "type": "Feature", "properties": { "fid": 76.0, "COMPR_M": 287.33, "CLASSE": "02 - Curta", "CD_FAZ": "400023", "TALHOES": "1", "FAZ_tAL": "400023001", "ID_LINHA": 157274 }, "geometry": { "type": "MultiLineString", "coordinates": [ [ [ 424962.724844180804212, 7642849.08545109257102 ], [ 424967.255689163692296, 7642818.543604953214526 ], [ 424969.282441775198095, 7642797.272480422630906 ], [ 424970.45813458156772, 7642775.968945210799575 ], [ 424970.784537111932877, 7642754.611905911937356 ], [ 424970.255691316793673, 7642733.180769506841898 ], [ 424968.858001883490942, 7642711.65647401381284 ], [ 424966.570384237566032, 7642690.022557222284377 ], [ 424963.366260816750582, 7642668.278298647142947 ], [ 424959.280445378797594, 7642646.773345778696239 ], [ 424954.506666048720945, 7642626.231745302677155 ], [ 424949.269041883992031, 7642607.042062400840223 ], [ 424943.708449475059751, 7642589.194151320494711 ], [ 424935.634391528787091, 7642566.612087033689022 ] ] ] } },
{ "type": "Feature", "properties": { "fid": 77.0, "COMPR_M": 287.51, "CLASSE": "02 - Curta", "CD_FAZ": "400023", "TALHOES": "1", "FAZ_tAL": "400023001", "ID_LINHA": 157275 }, "geometry": { "type": "MultiLineString", "coordinates": [ [ [ 424959.452687157317996, 7642850.3590850494802 ], [ 424964.274906275386456, 7642818.19931810349226 ], [ 424966.290295256651007, 7642797.047456860542297 ], [ 424967.459398440492805, 7642775.863325504586101 ], [ 424967.783971475146245, 7642754.625993017107248 ], [ 424967.258091034716927, 7642733.315025618299842 ], [ 424965.868244554614648, 7642711.911510940641165 ], [ 424963.593477321323007, 7642690.399120034649968 ], [ 424960.407376173825469, 7642668.777166668325663 ], [ 424956.344533861614764, 7642647.393128698691726 ], [ 424951.59747792489361, 7642626.966519148088992 ], [ 424946.388958068331704, 7642607.883469033055007 ], [ 424940.859006251092069, 7642590.133905481547117 ], [ 424932.839306695968844, 7642567.70196046680212 ] ] ] } },
{ "type": "Feature", "properties": { "fid": 78.0, "COMPR_M": 287.7, "CLASSE": "02 - Curta", "CD_FAZ": "400023", "TALHOES": "1", "FAZ_tAL": "400023001", "ID_LINHA": 157276 }, "geometry": { "type": "MultiLineString", "coordinates": [ [ [ 424956.18053013260942, 7642851.632719004526734 ], [ 424958.439171490143053, 7642838.875753169879317 ], [ 424961.294123386556748, 7642817.855031257495284 ], [ 424963.298148738977034, 7642796.822433302178979 ], [ 424964.460662299999967, 7642775.757705800235271 ], [ 424964.783405839756597, 7642754.64008011855185 ], [ 424964.260490750370082, 7642733.449281727895141 ], [ 424962.878487225156277, 7642712.166547866538167 ], [ 424960.616570404497907, 7642690.775682847946882 ], [ 424957.448491532355547, 7642669.276034690439701 ], [ 424953.408622343384195, 7642648.012911618687212 ], [ 424948.688289802114014, 7642627.701292993500829 ], [ 424943.508874255174305, 7642608.724875662475824 ], [ 424938.009563026425894, 7642591.0736596416682 ], [ 424930.044221862510312, 7642568.791833897121251 ] ] ] } },
{ "type": "Feature", "properties": { "fid": 79.0, "COMPR_M": 287.88, "CLASSE": "02 - Curta", "CD_FAZ": "400023", "TALHOES": "1", "FAZ_tAL": "400023001", "ID_LINHA": 157277 }, "geometry": { "type": "MultiLineString", "coordinates": [ [ [ 424952.908334205916617, 7642852.906572686508298 ], [ 424955.47458899137564, 7642838.412184494547546 ], [ 424958.31334049848374, 7642817.51074440870434 ], [ 424960.306002220022492, 7642796.597409741953015 ], [ 424961.461926159972791, 7642775.652086093090475 ], [ 424961.782840202562511, 7642754.654167223721743 ], [ 424961.262890466314275, 7642733.583537839353085 ], [ 424959.888729896396399, 7642712.421584792435169 ], [ 424957.639663487207144, 7642691.152245654724538 ], [ 424954.489606890885625, 7642669.77490271255374 ], [ 424950.472710826084949, 7642648.632694538682699 ], [ 424945.779101681720931, 7642628.436066840775311 ], [ 424940.628790441318415, 7642609.566282293759286 ], [ 424935.16011980175972, 7642592.013413800857961 ], [ 424927.249137028935365, 7642569.881707328371704 ] ] ] } },
{ "type": "Feature", "properties": { "fid": 80.0, "COMPR_M": 288.07, "CLASSE": "02 - Curta", "CD_FAZ": "400023", "TALHOES": "1", "FAZ_tAL": "400023001", "ID_LINHA": 157278 }, "geometry": { "type": "MultiLineString", "coordinates": [ [ [ 424949.635666520625819, 7642854.183090887963772 ], [ 424952.51000649278285, 7642837.948615817353129 ], [ 424955.332557609770447, 7642817.166457560844719 ], [ 424957.313855702639557, 7642796.372386182658374 ], [ 424958.463190019247122, 7642775.546466389670968 ], [ 424958.782274567405693, 7642754.668254327960312 ], [ 424958.265290182665922, 7642733.717793947085738 ], [ 424956.898972567112651, 7642712.676621716469526 ], [ 424954.662756571313366, 7642691.528808466158807 ], [ 424951.530722248309758, 7642670.273770733736455 ], [ 424947.536799307155889, 7642649.252477461472154 ], [ 424942.869913559174165, 7642629.170840688049793 ], [ 424937.748706626705825, 7642610.407688925042748 ], [ 424932.310676578374114, 7642592.953167961910367 ], [ 424924.454052195942495, 7642570.971580760553479 ] ] ] } },
{ "type": "Feature", "properties": { "fid": 81.0, "COMPR_M": 288.25, "CLASSE": "02 - Curta", "CD_FAZ": "400023", "TALHOES": "1", "FAZ_tAL": "400023001", "ID_LINHA": 157279 }, "geometry": { "type": "MultiLineString", "coordinates": [ [ [ 424946.362998836732004, 7642855.459609089419246 ], [ 424949.545423993084114, 7642837.485047142952681 ], [ 424952.351774719893001, 7642816.822170712985098 ], [ 424954.321709182695486, 7642796.147362623363733 ], [ 424955.464453878346831, 7642775.440846683457494 ], [ 424955.78170893038623, 7642754.682341434061527 ], [ 424955.267689899948891, 7642733.852050059475005 ], [ 424953.909215237246826, 7642712.931658644229174 ], [ 424951.685849655710626, 7642691.905371274799109 ], [ 424948.571837606432382, 7642670.772638754919171 ], [ 424944.600887790496927, 7642649.872260380536318 ], [ 424939.960725435637869, 7642629.905614538118243 ], [ 424934.868622812675312, 7642611.24909555260092 ], [ 424929.461233353649732, 7642593.892922119237483 ], [ 424921.658967362251133, 7642572.061454191803932 ] ] ] } },
{ "type": "Feature", "properties": { "fid": 82.0, "COMPR_M": 288.44, "CLASSE": "02 - Curta", "CD_FAZ": "400023", "TALHOES": "1", "FAZ_tAL": "400023001", "ID_LINHA": 157280 }, "geometry": { "type": "MultiLineString", "coordinates": [ [ [ 424943.090331152430736, 7642856.736127289012074 ], [ 424946.580841494374909, 7642837.021478466689587 ], [ 424949.370991832111031, 7642816.4778838660568 ], [ 424951.329562666243874, 7642795.92233906313777 ], [ 424952.465717738028616, 7642775.335226978175342 ], [ 424952.781143294821959, 7642754.69642853923142 ], [ 424952.270089616300538, 7642733.986306171864271 ], [ 424950.91945790941827, 7642713.186695570126176 ], [ 424948.70894273876911, 7642692.281934086233377 ], [ 424945.612952962692361, 7642671.27150677703321 ], [ 424941.664976272790227, 7642650.492043300531805 ], [ 424937.051537314488087, 7642630.640388382598758 ], [ 424931.988538997888099, 7642612.090502185747027 ], [ 424926.611790129565634, 7642594.832676282152534 ], [ 424918.863882529083639, 7642573.151327623054385 ] ] ] } },
{ "type": "Feature", "properties": { "fid": 83.0, "COMPR_M": 288.65, "CLASSE": "02 - Curta", "CD_FAZ": "400023", "TALHOES": "1", "FAZ_tAL": "400023001", "ID_LINHA": 157281 }, "geometry": { "type": "MultiLineString", "coordinates": [ [ [ 424939.770317105809227, 7642858.03111314214766 ], [ 424943.616258995141834, 7642836.557909790426493 ], [ 424946.390208943746984, 7642816.133597018197179 ], [ 424948.337416147929616, 7642795.697315502911806 ], [ 424949.466981595556717, 7642775.229607274755836 ], [ 424949.780577659374103, 7642754.710515642538667 ], [ 424949.272489331720863, 7642734.120562283322215 ], [ 424947.929700579610653, 7642713.441732494160533 ], [ 424945.732035820779856, 7642692.658496896736324 ], [ 424942.654068321688101, 7642671.770374798215926 ], [ 424938.729064754676074, 7642651.111826220527291 ], [ 424934.142349191126414, 7642631.375162227079272 ], [ 424929.108455185021739, 7642612.931908816099167 ], [ 424923.762346905481536, 7642595.772430442273617 ], [ 424916.068797695857938, 7642574.241201052442193 ] ] ] } },
{ "type": "Feature", "properties": { "fid": 84.0, "COMPR_M": 288.89, "CLASSE": "02 - Curta", "CD_FAZ": "400023", "TALHOES": "1", "FAZ_tAL": "400023001", "ID_LINHA": 157282 }, "geometry": { "type": "MultiLineString", "coordinates": [ [ [ 424936.411820846784394, 7642859.341109151951969 ], [ 424940.651676495617721, 7642836.094341112300754 ], [ 424943.409426054160576, 7642815.789310170337558 ], [ 424945.345269628392998, 7642795.472291942685843 ], [ 424946.46824545628624, 7642775.123987568542361 ], [ 424946.780012022820301, 7642754.724602747708559 ], [ 424946.274889048130717, 7642734.254818392917514 ], [ 424944.939943250676151, 7642713.696769420057535 ], [ 424942.755128905468155, 7642693.03505970723927 ], [ 424939.695183678122703, 7642672.269242823123932 ], [ 424935.793153237609658, 7642651.731609139591455 ], [ 424931.233161067590117, 7642632.109936073422432 ], [ 424926.228371370059904, 7642613.773315448313951 ], [ 424920.912903680698946, 7642596.712184600532055 ], [ 424913.273712862515822, 7642575.331074487417936 ] ] ] } },
{ "type": "Feature", "properties": { "fid": 85.0, "COMPR_M": 289.1, "CLASSE": "02 - Curta", "CD_FAZ": "400023", "TALHOES": "1", "FAZ_tAL": "400023001", "ID_LINHA": 157283 }, "geometry": { "type": "MultiLineString", "coordinates": [ [ [ 424933.053324589272961, 7642860.651105158030987 ], [ 424937.687093996908516, 7642835.630772437900305 ], [ 424940.428643166611437, 7642815.445023323409259 ], [ 424942.353123110369779, 7642795.247268384322524 ], [ 424943.469509314978495, 7642775.018367862328887 ], [ 424943.779446386964992, 7642754.738689852878451 ], [ 424943.277288765530102, 7642734.389074503444135 ], [ 424941.950185921043158, 7642713.951806347817183 ], [ 424939.778221989050508, 7642693.411622516810894 ], [ 424936.736299037991557, 7642672.768110842444003 ], [ 424932.857241718797013, 7642652.351392059586942 ], [ 424928.32397294632392, 7642632.844709922559559 ], [ 424923.348287555680145, 7642614.614722076803446 ], [ 424918.063460456556641, 7642597.651938762515783 ], [ 424910.486420204862952, 7642576.44129110686481 ] ] ] } },
{ "type": "Feature", "properties": { "fid": 86.0, "COMPR_M": 289.31, "CLASSE": "02 - Curta", "CD_FAZ": "400023", "TALHOES": "1", "FAZ_tAL": "400023001", "ID_LINHA": 157284 }, "geometry": { "type": "MultiLineString", "coordinates": [ [ [ 424929.694828331237659, 7642861.96110116597265 ], [ 424934.72251149720978, 7642835.167203759774566 ], [ 424937.447860277199652, 7642815.100736476480961 ], [ 424939.360976592462976, 7642795.022244823165238 ], [ 424940.470773175475188, 7642774.912748157978058 ], [ 424940.778880750527605, 7642754.752776957117021 ], [ 424940.279688481299672, 7642734.523330616764724 ], [ 424938.960428591584787, 7642714.206843273714185 ], [ 424936.801315072691068, 7642693.788185329176486 ], [ 424933.777414395357482, 7642673.266978864558041 ], [ 424929.921330201555975, 7642652.971174980513752 ], [ 424925.414784823602531, 7642633.579483767971396 ], [ 424920.468203741242178, 7642615.456128708086908 ], [ 424915.214017231133766, 7642598.591692922636867 ], [ 424907.699520563648548, 7642577.552533786743879 ] ] ] } },
{ "type": "Feature", "properties": { "fid": 87.0, "COMPR_M": 289.53, "CLASSE": "02 - Curta", "CD_FAZ": "400023", "TALHOES": "1", "FAZ_tAL": "400023001", "ID_LINHA": 157285 }, "geometry": { "type": "MultiLineString", "coordinates": [ [ [ 424926.336332072154619, 7642863.271097172051668 ], [ 424931.757928998325951, 7642834.703635083511472 ], [ 424934.467077389243059, 7642814.756449626758695 ], [ 424936.368830074090511, 7642794.797221262007952 ], [ 424937.472037034458481, 7642774.807128453627229 ], [ 424937.778315114206634, 7642754.766864063218236 ], [ 424937.282088198757265, 7642734.657586726360023 ], [ 424935.970671262824908, 7642714.461880199611187 ], [ 424933.824408155865967, 7642694.164748138748109 ], [ 424930.818529753363691, 7642673.765846887603402 ], [ 424926.985418684082106, 7642653.590957898646593 ], [ 424922.505596701870672, 7642634.314257614314556 ], [ 424917.58811992732808, 7642616.297535337507725 ], [ 424912.364574008970521, 7642599.531447080895305 ], [ 424904.912620921619236, 7642578.663776461035013 ] ] ] } },
{ "type": "Feature", "properties": { "fid": 88.0, "COMPR_M": 289.74, "CLASSE": "02 - Curta", "CD_FAZ": "400023", "TALHOES": "1", "FAZ_tAL": "400023001", "ID_LINHA": 157286 }, "geometry": { "type": "MultiLineString", "coordinates": [ [ [ 424922.977835813886486, 7642864.581093182787299 ], [ 424928.793346499092877, 7642834.240066409111023 ], [ 424931.486294500646181, 7642814.412162780761719 ], [ 424933.376683555135969, 7642794.572197704575956 ], [ 424934.473300892743282, 7642774.701508746482432 ], [ 424934.777749478758778, 7642754.780951166525483 ], [ 424934.284487915225327, 7642734.791842835955322 ], [ 424932.980913933482952, 7642714.716917124576867 ], [ 424930.847501239797566, 7642694.541310948319733 ], [ 424927.859645110904239, 7642674.264714908786118 ], [ 424924.049507165444084, 7642654.210740819573402 ], [ 424919.596408578625415, 7642635.049031464383006 ], [ 424914.708036111434922, 7642617.138941966928542 ], [ 424909.515130784129724, 7642600.471201240085065 ], [ 424902.125721281510778, 7642579.775019138120115 ] ] ] } },
{ "type": "Feature", "properties": { "fid": 89.0, "COMPR_M": 289.95, "CLASSE": "02 - Curta", "CD_FAZ": "400023", "TALHOES": "1", "FAZ_tAL": "400023001", "ID_LINHA": 157287 }, "geometry": { "type": "MultiLineString", "coordinates": [ [ [ 424919.619339555152692, 7642865.891089187934995 ], [ 424922.338668785698246, 7642853.488801883533597 ], [ 424925.828763999335933, 7642833.776497731916606 ], [ 424928.505511610826943, 7642814.067875932902098 ], [ 424930.384537038335111, 7642794.34717414341867 ], [ 424931.474564752890728, 7642774.595889043062925 ], [ 424931.777183842030354, 7642754.795038273558021 ], [ 424931.286887630063575, 7642734.926098948344588 ], [ 424929.991156604199205, 7642714.971954049542546 ], [ 424927.870594323205296, 7642694.917873759754002 ], [ 424924.900760468502995, 7642674.763582929968834 ], [ 424921.113595648435876, 7642654.830523740500212 ], [ 424916.687220456427895, 7642635.783805308863521 ], [ 424911.827952298684977, 7642617.980348601937294 ], [ 424906.665687559230719, 7642601.410955399274826 ], [ 424899.338821640005335, 7642580.886261815205216 ] ] ] } },
{ "type": "Feature", "properties": { "fid": 90.0, "COMPR_M": 290.17, "CLASSE": "02 - Curta", "CD_FAZ": "400023", "TALHOES": "1", "FAZ_tAL": "400023001", "ID_LINHA": 157288 }, "geometry": { "type": "MultiLineString", "coordinates": [ [ [ 424916.260843296651728, 7642867.201085195876658 ], [ 424919.395233454997651, 7642852.905792503617704 ], [ 424922.86418150056852, 7642833.312929056584835 ], [ 424925.524728723801672, 7642813.723589083179832 ], [ 424927.392390518973116, 7642794.122150582261384 ], [ 424928.475828611524776, 7642774.490269336849451 ], [ 424928.776618206757121, 7642754.809125375002623 ], [ 424928.289287347230129, 7642735.060355057939887 ], [ 424927.001399275672156, 7642715.226990974508226 ], [ 424924.893687406787649, 7642695.294436569325626 ], [ 424921.941875826218165, 7642675.262450952082872 ], [ 424918.177684130438138, 7642655.450306660495698 ], [ 424913.778032333299052, 7642636.518579158000648 ], [ 424908.947868483897764, 7642618.821755230426788 ], [ 424903.816244334331714, 7642602.350709562189877 ], [ 424896.551921997684985, 7642581.997504491358995 ] ] ] } },
{ "type": "Feature", "properties": { "fid": 91.0, "COMPR_M": 290.38, "CLASSE": "02 - Curta", "CD_FAZ": "400023", "TALHOES": "1", "FAZ_tAL": "400023001", "ID_LINHA": 157289 }, "geometry": { "type": "MultiLineString", "coordinates": [ [ [ 424912.902347037685104, 7642868.511081203818321 ], [ 424916.451798124646302, 7642852.322783128358424 ], [ 424919.899599000695162, 7642832.849360379390419 ], [ 424922.543945834797341, 7642813.37930223532021 ], [ 424924.400244002405088, 7642793.897127022966743 ], [ 424925.477092472079676, 7642774.384649632498622 ], [ 424925.776052571542095, 7642754.82321247830987 ], [ 424925.291687064105645, 7642735.194611169397831 ], [ 424924.011641946504824, 7642715.482027901336551 ], [ 424921.916780490428209, 7642695.670999381691217 ], [ 424918.982991184690036, 7642675.761318974196911 ], [ 424915.241772613371722, 7642656.070089579559863 ], [ 424910.868844211217947, 7642637.253353003412485 ], [ 424906.067784670332912, 7642619.66316186171025 ], [ 424900.966801110072993, 7642603.290463723242283 ], [ 424893.765022357169073, 7642583.10874716937542 ] ] ] } },
{ "type": "Feature", "properties": { "fid": 92.0, "COMPR_M": 290.59, "CLASSE": "02 - Curta", "CD_FAZ": "400023", "TALHOES": "1", "FAZ_tAL": "400023001", "ID_LINHA": 157290 }, "geometry": { "type": "MultiLineString", "coordinates": [ [ [ 424909.543850779533386, 7642869.821077212691307 ], [ 424913.508362794818822, 7642851.739773748442531 ], [ 424916.935016503091902, 7642832.385791702196002 ], [ 424919.563162945269141, 7642813.035015389323235 ], [ 424921.408097484032623, 7642793.672103462740779 ], [ 424922.478356329840608, 7642774.27902992349118 ], [ 424922.775486935162917, 7642754.837299583479762 ], [ 424922.294086780631915, 7642735.328867280855775 ], [ 424921.021884618094191, 7642715.737064828164876 ], [ 424918.9398735743016, 7642696.047562188468874 ], [ 424916.02410654257983, 7642676.260186993516982 ], [ 424912.305861095257569, 7642656.689872499555349 ], [ 424907.95965608896222, 7642637.988126847893 ], [ 424903.187700854672585, 7642620.504568492993712 ], [ 424898.117357886454556, 7642604.230217881500721 ], [ 424890.978122715896461, 7642584.219989849254489 ] ] ] } },
{ "type": "Feature", "properties": { "fid": 93.0, "COMPR_M": 290.83, "CLASSE": "02 - Curta", "CD_FAZ": "400023", "TALHOES": "1", "FAZ_tAL": "400023001", "ID_LINHA": 157291 }, "geometry": { "type": "MultiLineString", "coordinates": [ [ [ 424906.145431056153029, 7642871.146645539440215 ], [ 424910.564927464001812, 7642851.156764370389283 ], [ 424913.970434003625996, 7642831.922223027795553 ], [ 424916.582380057137925, 7642812.690728539600968 ], [ 424918.415950966416858, 7642793.447079903446138 ], [ 424919.479620190802962, 7642774.173410221934319 ], [ 424919.774921298900153, 7642754.851386688649654 ], [ 424919.296486496808939, 7642735.463123391382396 ], [ 424918.032127288519405, 7642715.992101752199233 ], [ 424915.962966657592915, 7642696.424125000834465 ], [ 424913.065221900527831, 7642676.759055018424988 ], [ 424909.369949577434454, 7642657.309655420482159 ], [ 424905.050467966415454, 7642638.722900694236159 ], [ 424900.30761704093311, 7642621.345975119620562 ], [ 424895.267914662195835, 7642605.169972039759159 ], [ 424888.191223074507434, 7642585.331232523545623 ] ] ] } },
{ "type": "Feature", "properties": { "fid": 94.0, "COMPR_M": 291.1, "CLASSE": "02 - Curta", "CD_FAZ": "400023", "TALHOES": "1", "FAZ_tAL": "400023001", "ID_LINHA": 157292 }, "geometry": { "type": "MultiLineString", "coordinates": [ [ [ 424902.690766070445534, 7642872.494152575731277 ], [ 424907.621492134290747, 7642850.573754992336035 ], [ 424911.005851504509337, 7642831.458654350601137 ], [ 424913.60159716848284, 7642812.346441691741347 ], [ 424915.423804448335432, 7642793.222056344151497 ], [ 424916.480884050251916, 7642774.067790516652167 ], [ 424916.774355662055314, 7642754.865473795682192 ], [ 424916.298886212753132, 7642735.597379501909018 ], [ 424915.042369959584903, 7642716.247138677164912 ], [ 424912.986059741640929, 7642696.800687812268734 ], [ 424910.106337256613187, 7642677.257923040539026 ], [ 424906.434038059902377, 7642657.929438339546323 ], [ 424902.141279844217934, 7642639.457674543373287 ], [ 424897.427533227135427, 7642622.187381751835346 ], [ 424892.418471437878907, 7642606.109726201742887 ], [ 424885.404323433700483, 7642586.442475199699402 ] ] ] } },
{ "type": "Feature", "properties": { "fid": 95.0, "COMPR_M": 291.37, "CLASSE": "02 - Curta", "CD_FAZ": "400023", "TALHOES": "1", "FAZ_tAL": "400023001", "ID_LINHA": 157293 }, "geometry": { "type": "MultiLineString", "coordinates": [ [ [ 424899.236101083981339, 7642873.841659613884985 ], [ 424904.678056803706568, 7642849.990745613351464 ], [ 424908.041269005625509, 7642830.995085674338043 ], [ 424910.620814280526247, 7642812.002154842950404 ], [ 424912.431657928973436, 7642792.997032782994211 ], [ 424913.482147910282947, 7642773.96217080950737 ], [ 424913.773790027305949, 7642754.879560898989439 ], [ 424913.30128593032714, 7642735.731635613366961 ], [ 424912.052612630068325, 7642716.502175603061914 ], [ 424910.00915282452479, 7642697.17725062277168 ], [ 424907.147452615434304, 7642677.756791061721742 ], [ 424903.498126542661339, 7642658.549221260473132 ], [ 424899.232091721147299, 7642640.192448389716446 ], [ 424894.547449412522838, 7642623.028788382187486 ], [ 424889.569028213503771, 7642607.049480360001326 ], [ 424882.617423792078625, 7642587.553717875853181 ] ] ] } },
{ "type": "Feature", "properties": { "fid": 96.0, "COMPR_M": 291.65, "CLASSE": "02 - Curta", "CD_FAZ": "400023", "TALHOES": "1", "FAZ_tAL": "400023001", "ID_LINHA": 157294 }, "geometry": { "type": "MultiLineString", "coordinates": [ [ [ 424895.781436098739505, 7642875.189166648313403 ], [ 424901.734621473471634, 7642849.407736234366894 ], [ 424905.076686506217811, 7642830.531516997143626 ], [ 424907.640031391987577, 7642811.657867996022105 ], [ 424909.439511410426348, 7642792.772009225562215 ], [ 424910.483411768800579, 7642773.856551105156541 ], [ 424910.773224390752148, 7642754.893648002296686 ], [ 424910.303685646213125, 7642735.86589172296226 ], [ 424909.062855299271178, 7642716.757212530821562 ], [ 424907.032245908223558, 7642697.553813432343304 ], [ 424904.188567973673344, 7642678.255659084767103 ], [ 424900.562215024372563, 7642659.169004179537296 ], [ 424896.322903599182609, 7642640.927222237922251 ], [ 424891.667365598550532, 7642623.87019501440227 ], [ 424886.719584989128634, 7642607.989234521985054 ], [ 424879.830524150340352, 7642588.664960552938282 ] ] ] } },
{ "type": "Feature", "properties": { "fid": 97.0, "COMPR_M": 291.92, "CLASSE": "02 - Curta", "CD_FAZ": "400023", "TALHOES": "1", "FAZ_tAL": "400023001", "ID_LINHA": 157295 }, "geometry": { "type": "MultiLineString", "coordinates": [ [ [ 424892.326771114778239, 7642876.536673685535789 ], [ 424898.791186142421793, 7642848.824726854451001 ], [ 424902.11210400715936, 7642830.067948322743177 ], [ 424904.659248502866831, 7642811.313581146299839 ], [ 424906.447364892694168, 7642792.546985664404929 ], [ 424907.484675628598779, 7642773.750931400805712 ], [ 424907.772658753558062, 7642754.907735107466578 ], [ 424907.306085361808073, 7642736.000147835351527 ], [ 424906.073097971908282, 7642717.012249455787241 ], [ 424904.055338992038742, 7642697.930376242846251 ], [ 424901.229683330690023, 7642678.754527105018497 ], [ 424897.626303506316617, 7642659.788787099532783 ], [ 424893.413715474947821, 7642641.661996077746153 ], [ 424888.787281784403604, 7642624.71160164475441 ], [ 424883.870141764113214, 7642608.928988678380847 ], [ 424877.04362450982444, 7642589.776203231886029 ] ] ] } },
{ "type": "Feature", "properties": { "fid": 98.0, "COMPR_M": 292.19, "CLASSE": "02 - Curta", "CD_FAZ": "400023", "TALHOES": "1", "FAZ_tAL": "400023001", "ID_LINHA": 157296 }, "geometry": { "type": "MultiLineString", "coordinates": [ [ [ 424888.87210612941999, 7642877.884180719964206 ], [ 424895.847750813001767, 7642848.241717476397753 ], [ 424899.147521508275531, 7642829.604379646480083 ], [ 424901.678465613164008, 7642810.969294302165508 ], [ 424903.455218374438118, 7642792.321962103247643 ], [ 424904.485939488164149, 7642773.645311696454883 ], [ 424904.772093118459452, 7642754.921822211705148 ], [ 424904.308485079673119, 7642736.134403945878148 ], [ 424903.083340642566327, 7642717.267286379821599 ], [ 424901.078432075271849, 7642698.306939054280519 ], [ 424898.270798688463401, 7642679.253395128063858 ], [ 424894.690391988609917, 7642660.408570021390915 ], [ 424890.504527353739832, 7642642.396769929677248 ], [ 424885.907197969616391, 7642625.553008272312582 ], [ 424881.02069853967987, 7642609.868742842227221 ], [ 424874.25672486849362, 7642590.887445908039808 ] ] ] } },
{ "type": "Feature", "properties": { "fid": 99.0, "COMPR_M": 292.46, "CLASSE": "02 - Curta", "CD_FAZ": "400023", "TALHOES": "1", "FAZ_tAL": "400023001", "ID_LINHA": 157297 }, "geometry": { "type": "MultiLineString", "coordinates": [ [ [ 424885.417441143945325, 7642879.231687758117914 ], [ 424888.864348640025128, 7642866.084145119413733 ], [ 424892.904315482766833, 7642847.658708098344505 ], [ 424896.182939008343965, 7642829.14081097021699 ], [ 424898.697682725614868, 7642810.625007453374565 ], [ 424900.463071856298484, 7642792.096938543953001 ], [ 424901.487203347671311, 7642773.539691990241408 ], [ 424901.771527482836973, 7642754.935909317806363 ], [ 424901.310884795966558, 7642736.268660055473447 ], [ 424900.093583313282579, 7642717.522323306649923 ], [ 424898.101525158679578, 7642698.683501865714788 ], [ 424895.311914046993479, 7642679.752263149246573 ], [ 424891.754480470495764, 7642661.028352942317724 ], [ 424887.595339231658727, 7642643.13154377695173 ], [ 424883.027114155294839, 7642626.394414905458689 ], [ 424878.171255315945018, 7642610.808497000485659 ], [ 424871.469825227104593, 7642591.99868858512491 ] ] ] } },
{ "type": "Feature", "properties": { "fid": 100.0, "COMPR_M": 292.73, "CLASSE": "02 - Curta", "CD_FAZ": "400023", "TALHOES": "1", "FAZ_tAL": "400023001", "ID_LINHA": 157298 }, "geometry": { "type": "MultiLineString", "coordinates": [ [ [ 424881.962776158412453, 7642880.579194793477654 ], [ 424885.946991899458226, 7642865.382196793332696 ], [ 424889.960880150902085, 7642847.075698718428612 ], [ 424893.218356509925798, 7642828.677242293022573 ], [ 424895.716899836668745, 7642810.280720606446266 ], [ 424897.470925338333473, 7642791.87191498465836 ], [ 424898.488467206363566, 7642773.434072285890579 ], [ 424898.770961847330909, 7642754.949996422976255 ], [ 424898.313284511910751, 7642736.402916167862713 ], [ 424897.103825984813739, 7642717.777360232546926 ], [ 424895.124618240923155, 7642699.060064673423767 ], [ 424892.353029403602704, 7642680.251131173223257 ], [ 424888.818568954011425, 7642661.648135861381888 ], [ 424884.686151107947808, 7642643.866317622363567 ], [ 424880.147030340274796, 7642627.235821537673473 ], [ 424875.321812091453467, 7642611.748251164332032 ], [ 424868.682925584260374, 7642593.109931263141334 ] ] ] } },
{ "type": "Feature", "properties": { "fid": 101.0, "COMPR_M": 293.01, "CLASSE": "02 - Curta", "CD_FAZ": "400023", "TALHOES": "1", "FAZ_tAL": "400023001", "ID_LINHA": 157299 }, "geometry": { "type": "MultiLineString", "coordinates": [ [ [ 424878.508111173461657, 7642881.926701828837395 ], [ 424883.029635158309247, 7642864.680248467251658 ], [ 424887.017444822180551, 7642846.492689339444041 ], [ 424890.253774010401685, 7642828.213673617690802 ], [ 424892.736116948595736, 7642809.936433756724 ], [ 424894.478778820426669, 7642791.646891425363719 ], [ 424895.489731066219974, 7642773.328452579677105 ], [ 424895.770396211242769, 7642754.964083526283503 ], [ 424895.315684228204191, 7642736.537172278389335 ], [ 424894.114068655006122, 7642718.032397157512605 ], [ 424892.147711325844284, 7642699.436627484858036 ], [ 424889.39414476294769, 7642680.74999919347465 ], [ 424885.882657435140572, 7642662.267918782308698 ], [ 424881.776962985983118, 7642644.601091470569372 ], [ 424877.266946526477113, 7642628.07722816709429 ], [ 424872.472368868300691, 7642612.688005323521793 ], [ 424865.896025943220593, 7642594.221173937432468 ] ] ] } },
{ "type": "Feature", "properties": { "fid": 102.0, "COMPR_M": 293.33, "CLASSE": "02 - Curta", "CD_FAZ": "400023", "TALHOES": "1", "FAZ_tAL": "400023001", "ID_LINHA": 157300 }, "geometry": { "type": "MultiLineString", "coordinates": [ [ [ 424874.9754215083085, 7642883.304642729461193 ], [ 424880.112278416112531, 7642863.978300143033266 ], [ 424884.074009491829202, 7642845.909679964184761 ], [ 424887.289191511110403, 7642827.750104939565063 ], [ 424889.755334059940651, 7642809.592146910727024 ], [ 424891.48663230065722, 7642791.421867865137756 ], [ 424892.490994925319683, 7642773.222832873463631 ], [ 424892.76983057463076, 7642754.97817063331604 ], [ 424892.318083944846876, 7642736.671428387984633 ], [ 424891.124311325256713, 7642718.28743408434093 ], [ 424889.170804409659468, 7642699.81319029442966 ], [ 424886.43526012043003, 7642681.248867214657366 ], [ 424882.946745917841326, 7642662.887701703235507 ], [ 424878.867774862446822, 7642645.335865316912532 ], [ 424874.386862712504808, 7642628.918634798377752 ], [ 424869.622925643110648, 7642613.627759482711554 ], [ 424863.109126303403173, 7642595.33241661824286 ] ] ] } },
{ "type": "Feature", "properties": { "fid": 103.0, "COMPR_M": 293.67, "CLASSE": "02 - Curta", "CD_FAZ": "400023", "TALHOES": "1", "FAZ_tAL": "400023001", "ID_LINHA": 157301 }, "geometry": { "type": "MultiLineString", "coordinates": [ [ [ 424871.415639662358444, 7642884.69315105304122 ], [ 424877.19492167601129, 7642863.276351817883551 ], [ 424881.130574161186814, 7642845.326670583337545 ], [ 424884.324609011411667, 7642827.286536264233291 ], [ 424886.774551171285566, 7642809.24786006193608 ], [ 424888.494485782401171, 7642791.196844303049147 ], [ 424889.492258784885053, 7642773.117213171906769 ], [ 424889.769264937378466, 7642754.992257734760642 ], [ 424889.3204836617806, 7642736.805684501305223 ], [ 424888.134553997602779, 7642718.542471008375287 ], [ 424886.193897491553798, 7642700.189753105863929 ], [ 424883.476375477970578, 7642681.747735237702727 ], [ 424880.01083439955255, 7642663.507484623230994 ], [ 424875.958586740598548, 7642646.070639163255692 ], [ 424871.506778898532502, 7642629.760041426867247 ], [ 424866.773482419201173, 7642614.567513640969992 ], [ 424860.322226661490276, 7642596.443659292533994 ] ] ] } },
{ "type": "Feature", "properties": { "fid": 104.0, "COMPR_M": 294.01, "CLASSE": "02 - Curta", "CD_FAZ": "400023", "TALHOES": "1", "FAZ_tAL": "400023001", "ID_LINHA": 157302 }, "geometry": { "type": "MultiLineString", "coordinates": [ [ [ 424867.85585781512782, 7642886.081659378483891 ], [ 424874.27756493340712, 7642862.574403492733836 ], [ 424878.187138831010088, 7642844.743661204352975 ], [ 424881.360026512644254, 7642826.822967587038875 ], [ 424883.793768282746896, 7642808.903573218733072 ], [ 424885.502339265542105, 7642790.971820745617151 ], [ 424886.493522644334007, 7642773.011593462899327 ], [ 424886.768699302279856, 7642755.00634484179318 ], [ 424886.322883376444224, 7642736.939940612763166 ], [ 424885.144796666689217, 7642718.797507934272289 ], [ 424883.216990576940589, 7642700.566315913572907 ], [ 424880.517490836908109, 7642682.246603257954121 ], [ 424877.074922881554812, 7642664.12726753950119 ], [ 424873.049398619215935, 7642646.805413009598851 ], [ 424868.626695084443782, 7642630.601448057219386 ], [ 424863.924039194651414, 7642615.507267798297107 ], [ 424857.535327020799741, 7642597.55490197148174 ] ] ] } },
{ "type": "Feature", "properties": { "fid": 105.0, "COMPR_M": 294.35, "CLASSE": "02 - Curta", "CD_FAZ": "400023", "TALHOES": "1", "FAZ_tAL": "400023001", "ID_LINHA": 157303 }, "geometry": { "type": "MultiLineString", "coordinates": [ [ [ 424864.296075968188234, 7642887.470167698338628 ], [ 424871.360208193655126, 7642861.872455168515444 ], [ 424875.24370349990204, 7642844.16065182723105 ], [ 424878.395444013411179, 7642826.359398912638426 ], [ 424880.812985394266434, 7642808.559286368079484 ], [ 424882.51019274815917, 7642790.746797185391188 ], [ 424883.494786503666546, 7642772.905973756685853 ], [ 424883.768133665900677, 7642755.020431946963072 ], [ 424883.325283094716724, 7642737.074196722358465 ], [ 424882.155039339151699, 7642719.052544859237969 ], [ 424880.240083660348319, 7642700.942878726869822 ], [ 424877.558606193982996, 7642682.745471280999482 ], [ 424874.139011363789905, 7642664.747050459496677 ], [ 424870.140210497484077, 7642647.540186856873333 ], [ 424865.746611268958077, 7642631.442854687571526 ], [ 424861.074595970741939, 7642616.447021962143481 ], [ 424854.748427380050998, 7642598.666144645772874 ] ] ] } },
{ "type": "Feature", "properties": { "fid": 106.0, "COMPR_M": 294.69, "CLASSE": "02 - Curta", "CD_FAZ": "400023", "TALHOES": "1", "FAZ_tAL": "400023001", "ID_LINHA": 157304 }, "geometry": { "type": "MultiLineString", "coordinates": [ [ [ 424860.736294120666571, 7642888.858676021918654 ], [ 424868.442851452040486, 7642861.170506841503084 ], [ 424872.300268169143237, 7642843.577642448246479 ], [ 424875.430861514993012, 7642825.895830238237977 ], [ 424877.832202505902387, 7642808.214999521151185 ], [ 424879.51804622891359, 7642790.521773627959192 ], [ 424880.49605036288267, 7642772.800354052335024 ], [ 424880.767568029696122, 7642755.034519050270319 ], [ 424880.327682810660917, 7642737.208452831953764 ], [ 424879.165282009635121, 7642719.307581787928939 ], [ 424877.263176742591895, 7642701.31944153830409 ], [ 424874.599721551756375, 7642683.244339302182198 ], [ 424871.203099846257828, 7642665.366833380423486 ], [ 424867.231022373540327, 7642648.274960704147816 ], [ 424862.866527453996241, 7642632.284261316992342 ], [ 424858.225152746075764, 7642617.386776122264564 ], [ 424851.961527738370933, 7642599.777387322857976 ] ] ] } },
{ "type": "Feature", "properties": { "fid": 107.0, "COMPR_M": 295.03, "CLASSE": "02 - Curta", "CD_FAZ": "400023", "TALHOES": "1", "FAZ_tAL": "400023001", "ID_LINHA": 157305 }, "geometry": { "type": "MultiLineString", "coordinates": [ [ [ 424857.176512274076231, 7642890.247184345498681 ], [ 424865.525494709960185, 7642860.468558518216014 ], [ 424869.35683284024708, 7642842.994633069261909 ], [ 424872.466279016225599, 7642825.432261561974883 ], [ 424874.85141961753834, 7642807.870712673291564 ], [ 424876.525899711123202, 7642790.29675006493926 ], [ 424877.497314222506247, 7642772.694734347984195 ], [ 424877.767002394190058, 7642755.048606155440211 ], [ 424877.330082527012564, 7642737.342708943411708 ], [ 424876.175524679594673, 7642719.562618711963296 ], [ 424874.286269826989155, 7642701.696004347875714 ], [ 424871.640836909646168, 7642683.743207326158881 ], [ 424868.267188328434713, 7642665.986616300418973 ], [ 424864.321834250004031, 7642649.00973454862833 ], [ 424859.986443640955258, 7642633.125667948275805 ], [ 424855.375709522049874, 7642618.32653027959168 ], [ 424849.174628097971436, 7642600.8886300008744 ] ] ] } },
{ "type": "Feature", "properties": { "fid": 108.0, "COMPR_M": 295.37, "CLASSE": "02 - Curta", "CD_FAZ": "400023", "TALHOES": "1", "FAZ_tAL": "400023001", "ID_LINHA": 157306 }, "geometry": { "type": "MultiLineString", "coordinates": [ [ [ 424853.616730425623246, 7642891.635692669078708 ], [ 424858.153681277879514, 7642876.757248708978295 ], [ 424862.608137969335075, 7642859.766610192134976 ], [ 424866.413397510303184, 7642842.411623690277338 ], [ 424869.501696516410448, 7642824.968692881986499 ], [ 424871.87063672801014, 7642807.526425825431943 ], [ 424873.533753191411961, 7642790.071726504713297 ], [ 424874.498578081431333, 7642772.589114643633366 ], [ 424874.766436758160125, 7642755.062693259678781 ], [ 424874.332482242956758, 7642737.476965056732297 ], [ 424873.185767351533286, 7642719.817655636928976 ], [ 424871.309362911502831, 7642702.072567158378661 ], [ 424868.681952267535962, 7642684.242075347341597 ], [ 424865.331276810844429, 7642666.60639922041446 ], [ 424861.412646128854249, 7642649.744508396834135 ], [ 424857.106359827099368, 7642633.967074578627944 ], [ 424852.526266298722476, 7642619.266284440644085 ], [ 424846.387728455476463, 7642601.999872677028179 ] ] ] } },
{ "type": "Feature", "properties": { "fid": 109.0, "COMPR_M": 295.73, "CLASSE": "02 - Curta", "CD_FAZ": "400023", "TALHOES": "1", "FAZ_tAL": "400023001", "ID_LINHA": 157307 }, "geometry": { "type": "MultiLineString", "coordinates": [ [ [ 424850.018265016376972, 7642893.039289683103561 ], [ 424855.266811299254186, 7642875.939014699310064 ], [ 424859.690781228244305, 7642859.064661866053939 ], [ 424863.469962179544382, 7642841.828614309430122 ], [ 424866.537114016711712, 7642824.505124209448695 ], [ 424868.889853838540148, 7642807.182138975709677 ], [ 424870.541606674552895, 7642789.846702946349978 ], [ 424871.49984194082208, 7642772.483494939282537 ], [ 424871.765871120907832, 7642755.076780362986028 ], [ 424871.334881958551705, 7642737.611221164464951 ], [ 424870.196010022191331, 7642720.0726925637573 ], [ 424868.332455992815085, 7642702.449129967018962 ], [ 424865.723067625600379, 7642684.740943368524313 ], [ 424862.395365294185467, 7642667.226182142272592 ], [ 424858.503458005434368, 7642650.479282243177295 ], [ 424849.676823073299602, 7642620.206038599833846 ], [ 424843.600828814844135, 7642603.111115355044603 ] ] ] } },
{ "type": "Feature", "properties": { "fid": 110.0, "COMPR_M": 296.15, "CLASSE": "02 - Curta", "CD_FAZ": "400023", "TALHOES": "1", "FAZ_tAL": "400023001", "ID_LINHA": 157308 }, "geometry": { "type": "MultiLineString", "coordinates": [ [ [ 424846.344424872717354, 7642894.472286936827004 ], [ 424852.379941319813952, 7642875.120780688710511 ], [ 424856.773424487968441, 7642858.362713541835546 ], [ 424860.526526849833317, 7642841.245604932308197 ], [ 424863.572531518642791, 7642824.041555532254279 ], [ 424865.909070951107424, 7642806.837852127850056 ], [ 424867.549460156413261, 7642789.62167938798666 ], [ 424868.501105799456127, 7642772.377875233069062 ], [ 424868.765305487031583, 7642755.090867468155921 ], [ 424868.337281676533166, 7642737.745477275922894 ], [ 424867.206252693023998, 7642720.327729487791657 ], [ 424865.355549076921307, 7642702.825692778453231 ], [ 424862.764182983082719, 7642685.239811390638351 ], [ 424859.459453775198199, 7642667.845965063199401 ], [ 424855.594269883120432, 7642651.214056090451777 ], [ 424846.827379849273711, 7642621.145792760886252 ], [ 424840.8139291733969, 7642604.222358032129705 ] ] ] } },
{ "type": "Feature", "properties": { "fid": 111.0, "COMPR_M": 296.57, "CLASSE": "02 - Curta", "CD_FAZ": "400023", "TALHOES": "1", "FAZ_tAL": "400023001", "ID_LINHA": 157309 }, "geometry": { "type": "MultiLineString", "coordinates": [ [ [ 424842.670584729756229, 7642895.905284194275737 ], [ 424849.493071340897586, 7642874.302546674385667 ], [ 424853.85606774513144, 7642857.660765215754509 ], [ 424857.58309151919093, 7642840.662595553323627 ], [ 424860.607949019409716, 7642823.577986855991185 ], [ 424862.928288062452339, 7642806.493565280921757 ], [ 424864.557313637109473, 7642789.396655825898051 ], [ 424865.502369658555835, 7642772.272255528718233 ], [ 424865.764739849953912, 7642755.10495457239449 ], [ 424865.339681392826606, 7642737.879733387380838 ], [ 424864.216495363798458, 7642720.58276641368866 ], [ 424862.378642160445452, 7642703.202255588024855 ], [ 424859.805298341263551, 7642685.73867941275239 ], [ 424856.52354225772433, 7642668.465747982263565 ], [ 424852.685081761796027, 7642651.948829935863614 ], [ 424843.977936625131406, 7642622.085546920076013 ], [ 424838.02702953183325, 7642605.333600707352161 ] ] ] } },
{ "type": "Feature", "properties": { "fid": 112.0, "COMPR_M": 296.99, "CLASSE": "02 - Curta", "CD_FAZ": "400023", "TALHOES": "1", "FAZ_tAL": "400023001", "ID_LINHA": 157310 }, "geometry": { "type": "MultiLineString", "coordinates": [ [ [ 424838.996744586154819, 7642897.338281447999179 ], [ 424846.606201361166313, 7642873.484312662854791 ], [ 424850.938711004506331, 7642856.958816893398762 ], [ 424854.639656188897789, 7642840.079586174339056 ], [ 424857.643366520409472, 7642823.114418180659413 ], [ 424859.947505173855461, 7642806.149278433993459 ], [ 424861.565167119901162, 7642789.171632267534733 ], [ 424862.503633518877905, 7642772.166635822504759 ], [ 424862.764174214331433, 7642755.119041677564383 ], [ 424862.342081109411083, 7642738.013989498838782 ], [ 424861.226738034631126, 7642720.837803340516984 ], [ 424859.401735244726297, 7642703.578818397596478 ], [ 424856.846413698222023, 7642686.237547433003783 ], [ 424853.587630739959422, 7642669.085530903190374 ], [ 424849.775893638958223, 7642652.683603782206774 ], [ 424841.128493400290608, 7642623.025301082059741 ], [ 424835.240129890851676, 7642606.444843387231231 ] ] ] } },
{ "type": "Feature", "properties": { "fid": 113.0, "COMPR_M": 297.4, "CLASSE": "02 - Curta", "CD_FAZ": "400023", "TALHOES": "1", "FAZ_tAL": "400023001", "ID_LINHA": 157311 }, "geometry": { "type": "MultiLineString", "coordinates": [ [ [ 424835.322904444532469, 7642898.77127870451659 ], [ 424843.719331380678341, 7642872.66607865318656 ], [ 424848.021354263357352, 7642856.256868565455079 ], [ 424851.696220857731532, 7642839.496576798148453 ], [ 424854.678784021001775, 7642822.650849502533674 ], [ 424856.966722285316791, 7642805.804991584271193 ], [ 424858.573020601528697, 7642788.946608704514802 ], [ 424859.504897378385067, 7642772.061016116291285 ], [ 424859.763608578010462, 7642755.133128782734275 ], [ 424859.344480825704522, 7642738.148245608434081 ], [ 424858.236980705580208, 7642721.092840267345309 ], [ 424856.424828328483272, 7642703.955381210893393 ], [ 424853.887529056577478, 7642686.736415455117822 ], [ 424850.651719222427346, 7642669.705313822254539 ], [ 424846.866705516469665, 7642653.418377629481256 ], [ 424838.279050176090095, 7642623.965055242180824 ], [ 424832.453230248356704, 7642607.55608606338501 ] ] ] } },
{ "type": "Feature", "properties": { "fid": 114.0, "COMPR_M": 297.82, "CLASSE": "02 - Curta", "CD_FAZ": "400023", "TALHOES": "1", "FAZ_tAL": "400023001", "ID_LINHA": 157312 }, "geometry": { "type": "MultiLineString", "coordinates": [ [ [ 424831.649064300931059, 7642900.204275960102677 ], [ 424840.832461401994806, 7642871.847844639793038 ], [ 424845.103997521742713, 7642855.554920241236687 ], [ 424848.752785528311506, 7642838.91356741823256 ], [ 424851.714201521826908, 7642822.187280828133225 ], [ 424853.985939396836329, 7642805.460704738274217 ], [ 424855.580874083214439, 7642788.721585147082806 ], [ 424856.506161238416098, 7642771.955396411940455 ], [ 424856.763042941922322, 7642755.147215886972845 ], [ 424856.346880542347208, 7642738.282501719892025 ], [ 424855.247223376529291, 7642721.347877193242311 ], [ 424853.447921411017887, 7642704.331944021396339 ], [ 424850.928644413710572, 7642687.23528347723186 ], [ 424847.715807703847531, 7642670.32509674038738 ], [ 424843.95751739438856, 7642654.153151476755738 ], [ 424835.429606950550806, 7642624.904809402301908 ], [ 424829.666330608422868, 7642608.667328739538789 ] ] ] } },
{ "type": "Feature", "properties": { "fid": 115.0, "COMPR_M": 298.24, "CLASSE": "02 - Curta", "CD_FAZ": "400023", "TALHOES": "1", "FAZ_tAL": "400023001", "ID_LINHA": 157313 }, "geometry": { "type": "MultiLineString", "coordinates": [ [ [ 424827.975224156747572, 7642901.637273214757442 ], [ 424833.180331587092951, 7642886.656769433990121 ], [ 424837.945591423194855, 7642871.029610629193485 ], [ 424842.186640780884773, 7642854.852971913293004 ], [ 424845.809350197960157, 7642838.33055803924799 ], [ 424848.74961902218638, 7642821.723712150007486 ], [ 424851.005156507133506, 7642805.116417890414596 ], [ 424852.588727565715089, 7642788.496561588719487 ], [ 424853.507425097632222, 7642771.849776708520949 ], [ 424853.762477304553613, 7642755.161302993074059 ], [ 424853.349280258582439, 7642738.416757833212614 ], [ 424852.257466047536582, 7642721.602914118207991 ], [ 424850.471014495706186, 7642704.708506831899285 ], [ 424847.969759772822727, 7642687.734151499345899 ], [ 424844.779896186839323, 7642670.944879659451544 ], [ 424841.048329271376133, 7642654.887925323098898 ], [ 424832.580163727630861, 7642625.844563561491668 ], [ 424826.879430967033841, 7642609.778571415692568 ] ] ] } },
{ "type": "Feature", "properties": { "fid": 116.0, "COMPR_M": 298.74, "CLASSE": "02 - Curta", "CD_FAZ": "400023", "TALHOES": "1", "FAZ_tAL": "400023001", "ID_LINHA": 157314 }, "geometry": { "type": "MultiLineString", "coordinates": [ [ [ 424824.180760538962204, 7642903.117320179007947 ], [ 424830.327595604001544, 7642885.726596644148231 ], [ 424835.058721443579998, 7642870.211376618593931 ], [ 424839.269284039561171, 7642854.151023592799902 ], [ 424842.865914866677485, 7642837.747548660263419 ], [ 424845.785036523418967, 7642821.260143474675715 ], [ 424848.024373619467951, 7642804.77213104441762 ], [ 424849.596581046993379, 7642788.271538025699556 ], [ 424850.508688956033438, 7642771.744157001376152 ], [ 424850.761911669920664, 7642755.175390096381307 ], [ 424850.351679974526633, 7642738.55101394187659 ], [ 424849.26770871860208, 7642721.857951043173671 ], [ 424847.494107579113916, 7642705.085069643333554 ], [ 424845.010875130770728, 7642688.233019521459937 ], [ 424841.843984668143094, 7642671.564662581309676 ], [ 424838.139141149411444, 7642655.622699169442058 ], [ 424829.730720502673648, 7642626.784317723475397 ], [ 424824.092531326168682, 7642610.889814094640315 ] ] ] } },
{ "type": "Feature", "properties": { "fid": 117.0, "COMPR_M": 299.25, "CLASSE": "02 - Curta", "CD_FAZ": "400023", "TALHOES": "1", "FAZ_tAL": "400023001", "ID_LINHA": 157315 }, "geometry": { "type": "MultiLineString", "coordinates": [ [ [ 424820.383725437801331, 7642904.598370160907507 ], [ 424827.474859619804192, 7642884.796423848718405 ], [ 424832.171851465187501, 7642869.393142607063055 ], [ 424836.351927298353985, 7642853.449075266718864 ], [ 424839.922479537141044, 7642837.164539283141494 ], [ 424842.8204540242441, 7642820.796574797481298 ], [ 424845.04359073122032, 7642804.427844194695354 ], [ 424846.604434529028367, 7642788.046514466404915 ], [ 424847.509952816239092, 7642771.638537297025323 ], [ 424847.761346033366863, 7642755.189477199688554 ], [ 424847.354079692740925, 7642738.685270051471889 ], [ 424846.277951389725786, 7642722.112987969070673 ], [ 424844.517200661357492, 7642705.461632451042533 ], [ 424842.051990488078445, 7642688.731887545436621 ], [ 424838.908073150319979, 7642672.184445502236485 ], [ 424835.22995302581694, 7642656.357473015785217 ], [ 424826.881277277716435, 7642627.724071880802512 ], [ 424821.305631684488617, 7642612.001056770794094 ] ] ] } },
{ "type": "Feature", "properties": { "fid": 118.0, "COMPR_M": 299.76, "CLASSE": "02 - Curta", "CD_FAZ": "400023", "TALHOES": "1", "FAZ_tAL": "400023001", "ID_LINHA": 157316 }, "geometry": { "type": "MultiLineString", "coordinates": [ [ [ 424816.586690337047912, 7642906.079420143738389 ], [ 424824.622123637120239, 7642883.866251057013869 ], [ 424829.284981486678589, 7642868.574908596463501 ], [ 424833.434570557379629, 7642852.747126940637827 ], [ 424836.979044207313564, 7642836.581529902294278 ], [ 424839.855871525243856, 7642820.333006122149527 ], [ 424842.06280784169212, 7642804.083557347767055 ], [ 424843.612288010539487, 7642787.821490906178951 ], [ 424844.511216675629839, 7642771.532917590811849 ], [ 424844.760780398268253, 7642755.203564304858446 ], [ 424844.356479407986626, 7642738.819526164792478 ], [ 424843.288194060907699, 7642722.36802489310503 ], [ 424841.540293744998053, 7642705.838195263408124 ], [ 424839.093105846142862, 7642689.230755565688014 ], [ 424835.972161632205825, 7642672.804228420369327 ], [ 424832.320764903968666, 7642657.0922468630597 ], [ 424824.031834053981584, 7642628.663826040923595 ], [ 424818.518732043390628, 7642613.11229944974184 ] ] ] } },
{ "type": "Feature", "properties": { "fid": 119.0, "COMPR_M": 300.26, "CLASSE": "03 - Média", "CD_FAZ": "400023", "TALHOES": "1", "FAZ_tAL": "400023001", "ID_LINHA": 157317 }, "geometry": { "type": "MultiLineString", "coordinates": [ [ [ 424812.789655237342231, 7642907.560470124706626 ], [ 424821.76938765385421, 7642882.936078265309334 ], [ 424826.398111507296562, 7642867.75667458306998 ], [ 424830.517213814484421, 7642852.045178615488112 ], [ 424834.035608877195045, 7642835.998520526103675 ], [ 424836.891289026476443, 7642819.869437446817756 ], [ 424839.082024952862412, 7642803.739270498976111 ], [ 424840.62014149146853, 7642787.59646734688431 ], [ 424841.512480535544455, 7642771.427297884598374 ], [ 424841.760214761889074, 7642755.217651412822306 ], [ 424841.35887912492035, 7642738.953782275319099 ], [ 424840.298436731449328, 7642722.623061820864677 ], [ 424838.563386828755029, 7642706.214758072048426 ], [ 424836.134221203625202, 7642689.729623589664698 ], [ 424833.036250115605071, 7642673.424011342227459 ], [ 424829.411576781887561, 7642657.827020709402859 ], [ 424821.182390830246732, 7642629.603580202907324 ], [ 424815.731832402816508, 7642614.223542126826942 ] ] ] } },
{ "type": "Feature", "properties": { "fid": 120.0, "COMPR_M": 300.77, "CLASSE": "03 - Média", "CD_FAZ": "400023", "TALHOES": "1", "FAZ_tAL": "400023001", "ID_LINHA": 157318 }, "geometry": { "type": "MultiLineString", "coordinates": [ [ [ 424808.992620136705227, 7642909.041520107537508 ], [ 424818.916651670821011, 7642882.005905472673476 ], [ 424823.511241527157836, 7642866.938440574333072 ], [ 424827.599857073102612, 7642851.343230292201042 ], [ 424831.09217354626162, 7642835.415511144325137 ], [ 424833.926706527243368, 7642819.405868770554662 ], [ 424836.101242064847611, 7642803.39498365111649 ], [ 424837.627994973212481, 7642787.371443787589669 ], [ 424838.513744394003879, 7642771.321678181178868 ], [ 424838.759649125626311, 7642755.231738515198231 ], [ 424838.361278839467559, 7642739.088038384914398 ], [ 424837.308679402049165, 7642722.87809874676168 ], [ 424835.586479913326912, 7642706.591320884414017 ], [ 424833.175336561864242, 7642690.228491608053446 ], [ 424830.100338597956579, 7642674.043794263154268 ], [ 424826.502388658176642, 7642658.561794556677341 ], [ 424818.332947607152164, 7642630.543334363028407 ], [ 424812.944932760787196, 7642615.334784802049398 ] ] ] } },
{ "type": "Feature", "properties": { "fid": 121.0, "COMPR_M": 301.32, "CLASSE": "03 - Média", "CD_FAZ": "400023", "TALHOES": "1", "FAZ_tAL": "400023001", "ID_LINHA": 157319 }, "geometry": { "type": "MultiLineString", "coordinates": [ [ [ 424805.132131324789952, 7642910.547320485115051 ], [ 424811.064405031735078, 7642895.464520862326026 ], [ 424820.624371547601186, 7642866.120206562802196 ], [ 424824.682500333234202, 7642850.641281962394714 ], [ 424828.148738216317724, 7642834.832501768134534 ], [ 424830.962124026962556, 7642818.942300094291568 ], [ 424833.12045917485375, 7642803.050696803256869 ], [ 424834.635848455713131, 7642787.146420226432383 ], [ 424835.515008253627457, 7642771.216058477759361 ], [ 424835.759083490120247, 7642755.245825618505478 ], [ 424835.363678557681851, 7642739.222294498234987 ], [ 424834.31892207270721, 7642723.133135672658682 ], [ 424832.609572997316718, 7642706.967883691191673 ], [ 424830.216451919462997, 7642690.727359632030129 ], [ 424827.164427079900634, 7642674.66357718128711 ], [ 424823.593200535513461, 7642659.296568403951824 ], [ 424815.483504382020328, 7642631.48308852314949 ], [ 424810.15803311864147, 7642616.446027476340532 ] ] ] } },
{ "type": "Feature", "properties": { "fid": 122.0, "COMPR_M": 301.92, "CLASSE": "03 - Média", "CD_FAZ": "400023", "TALHOES": "1", "FAZ_tAL": "400023001", "ID_LINHA": 157320 }, "geometry": { "type": "MultiLineString", "coordinates": [ [ [ 424801.202562747057527, 7642912.080065723508596 ], [ 424808.248921295627952, 7642894.427134642377496 ], [ 424813.211179703939706, 7642880.145559885539114 ], [ 424817.737501569150481, 7642865.301972550339997 ], [ 424821.765143592143431, 7642849.939333641901612 ], [ 424825.205302886082791, 7642834.249492388218641 ], [ 424827.997541528195143, 7642818.478731417097151 ], [ 424830.139676287537441, 7642802.706409955397248 ], [ 424831.643701936292928, 7642786.921396669000387 ], [ 424832.516272113076411, 7642771.110438771545887 ], [ 424832.758517854032107, 7642755.259912724606693 ], [ 424832.366078274208121, 7642739.356550606898963 ], [ 424831.32916474272497, 7642723.388172597624362 ], [ 424829.632666080025956, 7642707.344446504488587 ], [ 424827.257567278458737, 7642691.226227654144168 ], [ 424824.228515562135726, 7642675.283360101282597 ], [ 424820.684012413898017, 7642660.031342250294983 ], [ 424812.634061158227269, 7642632.422842681407928 ], [ 424807.371133478358388, 7642617.557270156219602 ] ] ] } },
{ "type": "Feature", "properties": { "fid": 123.0, "COMPR_M": 302.53, "CLASSE": "03 - Média", "CD_FAZ": "400023", "TALHOES": "1", "FAZ_tAL": "400023001", "ID_LINHA": 157321 }, "geometry": { "type": "MultiLineString", "coordinates": [ [ [ 424797.272994168917648, 7642913.612810960970819 ], [ 424805.433437559113372, 7642893.389748424291611 ], [ 424810.358443720033392, 7642879.215387092903256 ], [ 424814.850631589943077, 7642864.483738536015153 ], [ 424818.847786851169076, 7642849.237385316751897 ], [ 424822.261867555615027, 7642833.666483009234071 ], [ 424825.032959028321784, 7642818.01516274176538 ], [ 424827.158893399056979, 7642802.36212310846895 ], [ 424828.651555418327916, 7642786.696373106911778 ], [ 424829.517535972991027, 7642771.004819067195058 ], [ 424829.757952217943966, 7642755.273999829776585 ], [ 424829.368477989686653, 7642739.49080671928823 ], [ 424828.339407415420283, 7642723.643209522590041 ], [ 424826.655759163608309, 7642707.721009312197566 ], [ 424824.298682635533623, 7642691.725095678120852 ], [ 424821.292604045302141, 7642675.903143022209406 ], [ 424817.774824291351251, 7642660.766116098500788 ], [ 424809.784617932338733, 7642633.362596838735044 ], [ 424804.584233837260399, 7642618.668512833304703 ] ] ] } },
{ "type": "Feature", "properties": { "fid": 124.0, "COMPR_M": 303.13, "CLASSE": "03 - Média", "CD_FAZ": "400023", "TALHOES": "1", "FAZ_tAL": "400023001", "ID_LINHA": 157322 }, "geometry": { "type": "MultiLineString", "coordinates": [ [ [ 424793.343425590952393, 7642915.145556200295687 ], [ 424802.617953820154071, 7642892.35236220061779 ], [ 424807.50570773758227, 7642878.285214301198721 ], [ 424811.963761611259542, 7642863.665504524484277 ], [ 424815.930430109088775, 7642848.535436989739537 ], [ 424819.318432225554716, 7642833.083473628386855 ], [ 424822.068376530602109, 7642817.551594064570963 ], [ 424824.178110509878024, 7642802.017836261540651 ], [ 424825.659408901177812, 7642786.47134954854846 ], [ 424826.518799832148943, 7642770.899199362844229 ], [ 424826.757386582088657, 7642755.288086933083832 ], [ 424826.370877706911415, 7642739.625062828883529 ], [ 424825.349650084215682, 7642723.898246449418366 ], [ 424823.678852247307077, 7642708.09757212549448 ], [ 424821.339797991386149, 7642692.223963698372245 ], [ 424818.356692526722327, 7642676.52292594127357 ], [ 424814.865636169211939, 7642661.500889943912625 ], [ 424806.935174709069543, 7642634.30235100351274 ], [ 424801.797334196744487, 7642619.779755509458482 ] ] ] } },
{ "type": "Feature", "properties": { "fid": 125.0, "COMPR_M": 303.73, "CLASSE": "03 - Média", "CD_FAZ": "400023", "TALHOES": "1", "FAZ_tAL": "400023001", "ID_LINHA": 157323 }, "geometry": { "type": "MultiLineString", "coordinates": [ [ [ 424789.413857012579683, 7642916.678301437757909 ], [ 424799.802470084046945, 7642891.314975982531905 ], [ 424804.652971754665487, 7642877.35504150763154 ], [ 424809.0768916317611, 7642862.847270512953401 ], [ 424813.013073368463665, 7642847.833488665521145 ], [ 424816.374996895203367, 7642832.500464253127575 ], [ 424819.10379403247498, 7642817.088025389239192 ], [ 424821.197327621513978, 7642801.673549411818385 ], [ 424822.667262381408364, 7642786.246325988322496 ], [ 424823.520063691190444, 7642770.7935796584934 ], [ 424823.756820945534855, 7642755.302174038253725 ], [ 424823.373277423030231, 7642739.75931893941015 ], [ 424822.359892756387126, 7642724.153283375315368 ], [ 424820.701945329667069, 7642708.474134935997427 ], [ 424818.380913350614719, 7642692.722831720486283 ], [ 424815.420781009073835, 7642677.142708864063025 ], [ 424811.956448046839796, 7642662.235663790255785 ], [ 424804.085731485160068, 7642635.242105161771178 ], [ 424799.010434554715175, 7642620.890998185612261 ] ] ] } },
{ "type": "Feature", "properties": { "fid": 126.0, "COMPR_M": 304.41, "CLASSE": "03 - Média", "CD_FAZ": "400023", "TALHOES": "1", "FAZ_tAL": "400023001", "ID_LINHA": 157324 }, "geometry": { "type": "MultiLineString", "coordinates": [ [ [ 424785.385767374187708, 7642918.249475242570043 ], [ 424791.806607069505844, 7642903.569257628172636 ], [ 424801.800235772621818, 7642876.424868715927005 ], [ 424806.190021652786527, 7642862.02903650328517 ], [ 424810.095716627314687, 7642847.131540339440107 ], [ 424813.431561564619187, 7642831.917454874143004 ], [ 424816.139211532601621, 7642816.624456712976098 ], [ 424818.216544732451439, 7642801.329262563027442 ], [ 424819.67511586449109, 7642786.02130242716521 ], [ 424820.521327550639398, 7642770.68795995414257 ], [ 424820.756255309737753, 7642755.316261142492294 ], [ 424820.375677138217725, 7642739.893575051799417 ], [ 424819.370135426521301, 7642724.408320303075016 ], [ 424817.725038414180744, 7642708.850697746500373 ], [ 424815.422028708620928, 7642693.221699742600322 ], [ 424812.484869491076097, 7642677.762491783127189 ], [ 424809.047259924700484, 7642662.970437637530267 ], [ 424801.236288260493893, 7642636.181859320960939 ], [ 424796.22353491326794, 7642622.002240863628685 ] ] ] } },
{ "type": "Feature", "properties": { "fid": 127.0, "COMPR_M": 305.13, "CLASSE": "03 - Média", "CD_FAZ": "400023", "TALHOES": "1", "FAZ_tAL": "400023001", "ID_LINHA": 157325 }, "geometry": { "type": "MultiLineString", "coordinates": [ [ [ 424781.314113634231035, 7642919.837641414254904 ], [ 424789.031004235730506, 7642902.429546132683754 ], [ 424794.171502610552125, 7642889.240203537046909 ], [ 424803.303151673637331, 7642861.210802491754293 ], [ 424807.178359886980616, 7642846.429592015221715 ], [ 424810.488126234384254, 7642831.334445496089756 ], [ 424813.174629033543169, 7642816.160888036713004 ], [ 424815.235761844203807, 7642800.984975717961788 ], [ 424816.682969346293248, 7642785.796278867870569 ], [ 424817.522591410030145, 7642770.582340244203806 ], [ 424817.755689673416782, 7642755.330348247662187 ], [ 424817.378076856315602, 7642740.027831161394715 ], [ 424816.380378098110668, 7642724.66335722617805 ], [ 424814.748131497472059, 7642709.227260556071997 ], [ 424812.463144066627137, 7642693.72056776471436 ], [ 424809.548957971972413, 7642678.382274703122675 ], [ 424806.138071801746264, 7642663.705211482942104 ], [ 424798.386845035827719, 7642637.121613481082022 ], [ 424793.436635272344574, 7642623.113483540713787 ] ] ] } },
{ "type": "Feature", "properties": { "fid": 128.0, "COMPR_M": 305.84, "CLASSE": "03 - Média", "CD_FAZ": "400023", "TALHOES": "1", "FAZ_tAL": "400023001", "ID_LINHA": 157326 }, "geometry": { "type": "MultiLineString", "coordinates": [ [ [ 424777.242459895322099, 7642921.425807585939765 ], [ 424786.255401401256677, 7642901.289834642782807 ], [ 424791.356018873746507, 7642888.202817318029702 ], [ 424800.416281695012003, 7642860.392568480223417 ], [ 424804.261003144783899, 7642845.727643688209355 ], [ 424807.544690903916489, 7642830.751436118036509 ], [ 424810.21004653343698, 7642815.69731936044991 ], [ 424812.254978955257684, 7642800.640688868239522 ], [ 424813.690822828211822, 7642785.571255306713283 ], [ 424814.523855269188061, 7642770.476720537990332 ], [ 424814.755124036513735, 7642755.344435350969434 ], [ 424814.380476572725456, 7642740.162087271921337 ], [ 424813.390620769117959, 7642724.918394152075052 ], [ 424811.771224580239505, 7642709.603823367506266 ], [ 424809.504259423410986, 7642694.219435785897076 ], [ 424806.613046455138829, 7642679.002057623118162 ], [ 424803.22888367914129, 7642664.439985331147909 ], [ 424795.537401811685413, 7642638.061367642134428 ], [ 424790.649735630606301, 7642624.224726216867566 ] ] ] } },
{ "type": "Feature", "properties": { "fid": 129.0, "COMPR_M": 306.55, "CLASSE": "03 - Média", "CD_FAZ": "400023", "TALHOES": "1", "FAZ_tAL": "400023001", "ID_LINHA": 157327 }, "geometry": { "type": "MultiLineString", "coordinates": [ [ [ 424773.170806156122126, 7642923.013973757624626 ], [ 424783.479798569402192, 7642900.150123148225248 ], [ 424788.540535136533435, 7642887.165431097149849 ], [ 424797.529411714989692, 7642859.574334468692541 ], [ 424801.343646403460298, 7642845.02569536305964 ], [ 424804.601255573797971, 7642830.168426738120615 ], [ 424807.24546403484419, 7642815.233750683255494 ], [ 424809.274196067126468, 7642800.296402022242546 ], [ 424811.525119128869846, 7642770.371100835502148 ], [ 424811.754558400949463, 7642755.358522458001971 ], [ 424811.382876288145781, 7642740.296343382447958 ], [ 424810.400863440067042, 7642725.173431077972054 ], [ 424808.794317665102426, 7642709.980386178940535 ], [ 424806.545374782232102, 7642694.718303805217147 ], [ 424803.67713493789779, 7642679.621840542182326 ], [ 424800.31969555694377, 7642665.174759177491069 ], [ 424792.6879585882416, 7642639.001121801324189 ], [ 424787.862835990032181, 7642625.335968893021345 ] ] ] } },
{ "type": "Feature", "properties": { "fid": 130.0, "COMPR_M": 307.33, "CLASSE": "03 - Média", "CD_FAZ": "400023", "TALHOES": "1", "FAZ_tAL": "400023001", "ID_LINHA": 157328 }, "geometry": { "type": "MultiLineString", "coordinates": [ [ [ 424769.022092062863521, 7642924.632197653874755 ], [ 424775.37932611600263, 7642911.342219359241426 ], [ 424785.725051398854703, 7642886.128044877201319 ], [ 424794.642541736015119, 7642858.75610045902431 ], [ 424798.42628966155462, 7642844.323747040703893 ], [ 424801.657820243446622, 7642829.5854173572734 ], [ 424804.280881535727531, 7642814.770182007923722 ], [ 424806.293413177714683, 7642799.95211517252028 ], [ 424808.526382987736724, 7642770.265481129288673 ], [ 424808.385276005894411, 7642740.430599492974579 ], [ 424807.41110611113254, 7642725.428468004800379 ], [ 424805.817410748684779, 7642710.356948988512158 ], [ 424803.586490139830858, 7642695.21717182919383 ], [ 424800.741223420249298, 7642680.241623463109136 ], [ 424797.410507434455212, 7642665.909533022902906 ], [ 424789.83851536345901, 7642639.940875961445272 ], [ 424785.075936349399853, 7642626.447211572900414 ] ] ] } },
{ "type": "Feature", "properties": { "fid": 131.0, "COMPR_M": 308.16, "CLASSE": "03 - Média", "CD_FAZ": "400023", "TALHOES": "1", "FAZ_tAL": "400023001", "ID_LINHA": 157329 }, "geometry": { "type": "MultiLineString", "coordinates": [ [ [ 424764.798572366940789, 7642926.279599798843265 ], [ 424772.64576014620252, 7642910.10515515320003 ], [ 424777.928592900920194, 7642897.870700158178806 ], [ 424787.536555856640916, 7642871.774004752747715 ], [ 424791.755671757040545, 7642857.937866444699466 ], [ 424795.508932919823565, 7642843.62179871276021 ], [ 424798.714384913444519, 7642829.002407979220152 ], [ 424801.31629903690191, 7642814.306613331660628 ], [ 424804.714383273851126, 7642784.896184627898037 ], [ 424805.753427129471675, 7642755.386696665547788 ], [ 424805.387675721256528, 7642740.564855605363846 ], [ 424804.421348781499546, 7642725.683504928834736 ], [ 424802.840503832383547, 7642710.733511796221137 ], [ 424800.627605498069897, 7642695.716039853170514 ], [ 424797.805311902193353, 7642680.8614063821733 ], [ 424794.501319310395047, 7642666.644306872040033 ], [ 424786.989072138618212, 7642640.880630122497678 ], [ 424782.289036707254127, 7642627.558454247191548 ] ] ] } },
{ "type": "Feature", "properties": { "fid": 132.0, "COMPR_M": 308.99, "CLASSE": "03 - Média", "CD_FAZ": "400023", "TALHOES": "1", "FAZ_tAL": "400023001", "ID_LINHA": 157330 }, "geometry": { "type": "MultiLineString", "coordinates": [ [ [ 424760.575052671483718, 7642927.927001943811774 ], [ 424769.912194176518824, 7642908.868090942502022 ], [ 424775.152990067610517, 7642896.730988665483892 ], [ 424784.683819873491302, 7642870.843831960111856 ], [ 424788.868801777192857, 7642857.119632434099913 ], [ 424795.770949582569301, 7642828.419398600235581 ], [ 424798.351716537610628, 7642813.843044655397534 ], [ 424801.722236755536869, 7642784.671161067672074 ], [ 424802.75286149349995, 7642755.400783771649003 ], [ 424802.390075438306667, 7642740.699111715890467 ], [ 424801.431591451284476, 7642725.938541853800416 ], [ 424799.863596914859954, 7642711.110074609518051 ], [ 424797.668720855785068, 7642696.214907872490585 ], [ 424791.592131188663188, 7642667.379080714657903 ], [ 424784.139628913719207, 7642641.820384284481406 ], [ 424779.502137065690476, 7642628.669696925207973 ] ] ] } },
{ "type": "Feature", "properties": { "fid": 133.0, "COMPR_M": 309.83, "CLASSE": "03 - Média", "CD_FAZ": "400023", "TALHOES": "1", "FAZ_tAL": "400023001", "ID_LINHA": 157331 }, "geometry": { "type": "MultiLineString", "coordinates": [ [ [ 424756.351532976375893, 7642929.574404086917639 ], [ 424767.178628206194844, 7642907.631026731804013 ], [ 424772.377387232962064, 7642895.591277172788978 ], [ 424781.831083890574519, 7642869.913659168407321 ], [ 424785.981931797869038, 7642856.301398422569036 ], [ 424792.827514252043329, 7642827.836389223113656 ], [ 424795.3871340372134, 7642813.379475978203118 ], [ 424798.73009023728082, 7642784.446137508377433 ], [ 424799.752295856305864, 7642755.41487087495625 ], [ 424799.392475154949352, 7642740.833367828279734 ], [ 424796.886689999431837, 7642711.486637419089675 ], [ 424794.709836213558447, 7642696.713775895535946 ], [ 424788.682943065359723, 7642668.113854561932385 ], [ 424781.29018569010077, 7642642.760138441808522 ], [ 424776.715237423311919, 7642629.780939602293074 ] ] ] } },
{ "type": "Feature", "properties": { "fid": 134.0, "COMPR_M": 310.76, "CLASSE": "03 - Média", "CD_FAZ": "400023", "TALHOES": "1", "FAZ_tAL": "400023001", "ID_LINHA": 157332 }, "geometry": { "type": "MultiLineString", "coordinates": [ [ [ 424751.994028660992626, 7642931.274067513644695 ], [ 424759.041047446953598, 7642917.803966493345797 ], [ 424769.601784400816541, 7642894.451565679162741 ], [ 424778.97834790777415, 7642868.983486375771463 ], [ 424783.095061819069088, 7642855.48316441103816 ], [ 424789.884078921924811, 7642827.253379844129086 ], [ 424792.422551538911648, 7642812.915907302871346 ], [ 424795.737943719199393, 7642784.221113948151469 ], [ 424796.751730221847538, 7642755.428957981988788 ], [ 424796.394874871242791, 7642740.967623939737678 ], [ 424793.909783082082868, 7642711.863200230523944 ], [ 424791.750951570051257, 7642697.212643917649984 ], [ 424785.773754945024848, 7642668.84862841013819 ], [ 424778.440742465783842, 7642643.699892600998282 ], [ 424773.930315425270237, 7642630.897345348261297 ] ] ] } },
{ "type": "Feature", "properties": { "fid": 135.0, "COMPR_M": 311.72, "CLASSE": "03 - Média", "CD_FAZ": "400023", "TALHOES": "1", "FAZ_tAL": "400023001", "ID_LINHA": 157333 }, "geometry": { "type": "MultiLineString", "coordinates": [ [ [ 424747.605281032621861, 7642932.99060383439064 ], [ 424756.351227475563064, 7642916.474537245929241 ], [ 424766.826181566109881, 7642893.311854185536504 ], [ 424776.125611923111137, 7642868.053313583135605 ], [ 424780.208191838755738, 7642854.664930397644639 ], [ 424786.94064359285403, 7642826.67037046328187 ], [ 424789.457969039562158, 7642812.452338626608253 ], [ 424792.745797201117966, 7642783.996090387925506 ], [ 424793.751164585468359, 7642755.443045084364712 ], [ 424793.397274587186985, 7642741.101880048401654 ], [ 424790.932876165490597, 7642712.239763042889535 ], [ 424788.792066929221619, 7642697.711511939764023 ], [ 424782.864566821139306, 7642669.583402257412672 ], [ 424775.591299242747482, 7642644.639646762050688 ], [ 424771.149344623554498, 7642632.024066565558314 ] ] ] } },
{ "type": "Feature", "properties": { "fid": 136.0, "COMPR_M": 312.68, "CLASSE": "03 - Média", "CD_FAZ": "400023", "TALHOES": "1", "FAZ_tAL": "400023001", "ID_LINHA": 157334 }, "geometry": { "type": "MultiLineString", "coordinates": [ [ [ 424743.215917160559911, 7642934.708247361704707 ], [ 424753.661407504754607, 7642915.145108002237976 ], [ 424758.977930296852719, 7642903.919834103435278 ], [ 424768.832148977264296, 7642879.903727548196912 ], [ 424773.272875941300299, 7642867.123140789568424 ], [ 424780.922149214660749, 7642840.112057087942958 ], [ 424783.997208261513151, 7642826.08736108802259 ], [ 424786.493386540445499, 7642811.988769950345159 ], [ 424789.753650683152955, 7642783.771066829562187 ], [ 424790.750598948448896, 7642755.457132189534605 ], [ 424790.399674304178916, 7642741.23613616079092 ], [ 424787.955969249771442, 7642712.616325851529837 ], [ 424785.83318228716962, 7642698.210379960946739 ], [ 424779.955378699, 7642670.318176103755832 ], [ 424772.74185601703357, 7642645.579400922171772 ], [ 424768.368373821373098, 7642633.150787783786654 ] ] ] } },
{ "type": "Feature", "properties": { "fid": 137.0, "COMPR_M": 313.72, "CLASSE": "03 - Média", "CD_FAZ": "400023", "TALHOES": "1", "FAZ_tAL": "400023001", "ID_LINHA": 157335 }, "geometry": { "type": "MultiLineString", "coordinates": [ [ [ 424738.725851215654984, 7642936.465297566726804 ], [ 424745.500232776510529, 7642924.4352937489748 ], [ 424756.244364326703362, 7642902.682769892737269 ], [ 424766.016665239701979, 7642878.866341328248382 ], [ 424770.4201399582671, 7642866.192967997863889 ], [ 424778.004792473104317, 7642839.41010876186192 ], [ 424781.05377293122001, 7642825.504351707175374 ], [ 424783.528804040863179, 7642811.525201273150742 ], [ 424786.761504164023791, 7642783.546043269336224 ], [ 424787.750033312826417, 7642755.471219295635819 ], [ 424787.402074020705186, 7642741.370392272248864 ], [ 424784.979062333412003, 7642712.992888659238815 ], [ 424782.874297644535545, 7642698.709247983060777 ], [ 424777.046190576511435, 7642671.052949950098991 ], [ 424769.89241279324051, 7642646.519155083224177 ], [ 424765.587403020006604, 7642634.277509000152349 ] ] ] } },
{ "type": "Feature", "properties": { "fid": 138.0, "COMPR_M": 314.82, "CLASSE": "03 - Média", "CD_FAZ": "400023", "TALHOES": "1", "FAZ_tAL": "400023001", "ID_LINHA": 157336 }, "geometry": { "type": "MultiLineString", "coordinates": [ [ [ 424734.163735011825338, 7642938.250542442314327 ], [ 424742.855453455995303, 7642923.018442943692207 ], [ 424753.510798356030136, 7642901.445705682970583 ], [ 424763.201181503070984, 7642877.828955108299851 ], [ 424767.567403976107016, 7642865.262795204296708 ], [ 424775.087435732362792, 7642838.708160437643528 ], [ 424778.110337601334322, 7642824.921342328190804 ], [ 424780.564221542095765, 7642811.061632597818971 ], [ 424783.769357646233402, 7642783.32101970911026 ], [ 424784.749467677378561, 7642755.485306398011744 ], [ 424784.404473736241926, 7642741.504648381844163 ], [ 424782.002155416412279, 7642713.369451474398375 ], [ 424779.915413002599962, 7642699.208116006106138 ], [ 424774.137002454430331, 7642671.787723798304796 ], [ 424770.70384539780207, 7642659.209273494780064 ], [ 424762.80643221817445, 7642635.40423021838069 ] ] ] } },
{ "type": "Feature", "properties": { "fid": 139.0, "COMPR_M": 315.92, "CLASSE": "03 - Média", "CD_FAZ": "400023", "TALHOES": "1", "FAZ_tAL": "400023001", "ID_LINHA": 157337 }, "geometry": { "type": "MultiLineString", "coordinates": [ [ [ 424729.601618807588238, 7642940.03578731790185 ], [ 424740.210674138390459, 7642921.601592134684324 ], [ 424745.591947589593474, 7642911.156820265576243 ], [ 424755.723770231823437, 7642888.753008211031556 ], [ 424760.385697765974328, 7642876.791568886488676 ], [ 424768.660711923439521, 7642851.39199435338378 ], [ 424772.170078990457114, 7642838.006212113425136 ], [ 424775.166902271157596, 7642824.338332951068878 ], [ 424779.466367181041278, 7642796.853533543646336 ], [ 424780.777211127919145, 7642783.095996147952974 ], [ 424781.748902041232213, 7642755.499393502250314 ], [ 424780.503290147287771, 7642727.723800335079432 ], [ 424779.025248501566239, 7642713.746014282107353 ], [ 424776.956528360024095, 7642699.706984024494886 ], [ 424771.227814332698472, 7642672.522497644647956 ], [ 424767.823761584004387, 7642660.050680126994848 ], [ 424760.025461415934842, 7642636.530951434746385 ] ] ] } },
{ "type": "Feature", "properties": { "fid": 140.0, "COMPR_M": 317.13, "CLASSE": "03 - Média", "CD_FAZ": "400023", "TALHOES": "1", "FAZ_tAL": "400023001", "ID_LINHA": 157338 }, "geometry": { "type": "MultiLineString", "coordinates": [ [ [ 424724.909759962232783, 7642941.871803015470505 ], [ 424732.073843321180902, 7642930.052307947538793 ], [ 424742.902127618377563, 7642909.8273910228163 ], [ 424752.94816739752423, 7642887.613296716473997 ], [ 424757.570214029052295, 7642875.754182666540146 ], [ 424765.77384194440674, 7642850.573760341852903 ], [ 424769.252722248667851, 7642837.304263787344098 ], [ 424772.223466940689832, 7642823.755323572084308 ], [ 424776.485584292095155, 7642796.50924669764936 ], [ 424777.785064609721303, 7642782.87097258772701 ], [ 424778.748336405202281, 7642755.513480607420206 ], [ 424777.513532819342799, 7642727.978837260976434 ], [ 424776.048341584159061, 7642714.1225770926103 ], [ 424773.997643718263134, 7642700.20585204847157 ], [ 424768.318626209395006, 7642673.25727148912847 ], [ 424764.943677769391797, 7642660.892086757346988 ], [ 424757.244490613811649, 7642637.65767265111208 ] ] ] } },
{ "type": "Feature", "properties": { "fid": 141.0, "COMPR_M": 318.39, "CLASSE": "03 - Média", "CD_FAZ": "400023", "TALHOES": "1", "FAZ_tAL": "400023001", "ID_LINHA": 157339 }, "geometry": { "type": "MultiLineString", "coordinates": [ [ [ 424720.164225610671565, 7642943.72882298193872 ], [ 424729.47502133686794, 7642928.552885614335537 ], [ 424740.212307647045236, 7642908.497961778193712 ], [ 424750.172564564447384, 7642886.473585221916437 ], [ 424754.7547302924213, 7642874.716796444728971 ], [ 424762.886971964559052, 7642849.755526327528059 ], [ 424766.33536550833378, 7642836.602315463125706 ], [ 424769.280031609931029, 7642823.172314193099737 ], [ 424773.504801403265446, 7642796.164959851652384 ], [ 424774.792918092221953, 7642782.645949030295014 ], [ 424775.747770769230556, 7642755.527567712590098 ], [ 424774.523775490117259, 7642728.233874185942113 ], [ 424773.071434667508584, 7642714.499139901250601 ], [ 424771.038759075803682, 7642700.704720070585608 ], [ 424765.409438087139279, 7642673.992045337334275 ], [ 424762.063593956001569, 7642661.733493386767805 ], [ 424754.463519811921287, 7642638.784393871203065 ] ] ] } },
{ "type": "Feature", "properties": { "fid": 142.0, "COMPR_M": 319.68, "CLASSE": "03 - Média", "CD_FAZ": "400023", "TALHOES": "1", "FAZ_tAL": "400023001", "ID_LINHA": 157340 }, "geometry": { "type": "MultiLineString", "coordinates": [ [ [ 424715.390072150505148, 7642945.597042163833976 ], [ 424726.876199352438562, 7642927.053463283926249 ], [ 424737.522487676236778, 7642907.168532532639802 ], [ 424747.396961729973555, 7642885.333873730152845 ], [ 424751.939246554626152, 7642873.679410222917795 ], [ 424760.000101985875517, 7642848.937292318791151 ], [ 424763.418008766835555, 7642835.900367137975991 ], [ 424766.336596280278172, 7642822.589304813183844 ], [ 424770.524018515076023, 7642795.820673001930118 ], [ 424771.800771573500242, 7642782.420925468206406 ], [ 424772.747205133317038, 7642755.541654817759991 ], [ 424771.534018160891719, 7642728.488911112770438 ], [ 424770.094527751614805, 7642714.875702713616192 ], [ 424768.079874434042722, 7642701.203588092699647 ], [ 424762.500249963894021, 7642674.726819183677435 ], [ 424759.183510140515864, 7642662.574900018051267 ], [ 424751.68254901090404, 7642639.911115089431405 ] ] ] } },
{ "type": "Feature", "properties": { "fid": 143.0, "COMPR_M": 321.11, "CLASSE": "03 - Média", "CD_FAZ": "400023", "TALHOES": "1", "FAZ_tAL": "400023001", "ID_LINHA": 157341 }, "geometry": { "type": "MultiLineString", "coordinates": [ [ [ 424710.450109865516424, 7642947.53014556504786 ], [ 424718.804313162283506, 7642934.710689173080027 ], [ 424729.631556860404089, 7642915.934188902378082 ], [ 424739.842968507145997, 7642895.260384635068476 ], [ 424749.123762817005627, 7642872.642024002969265 ], [ 424757.113232006377075, 7642848.119058307260275 ], [ 424760.500652025453746, 7642835.198418814688921 ], [ 424763.393160949635785, 7642822.006295434199274 ], [ 424767.543235627003014, 7642795.476386152207851 ], [ 424768.808625054894947, 7642782.19590191077441 ], [ 424769.746639496821444, 7642755.555741922929883 ], [ 424768.544260832306463, 7642728.743948036804795 ], [ 424767.117620833800174, 7642715.252265524119139 ], [ 424765.120989792398177, 7642701.70245611295104 ], [ 424759.591061841754708, 7642675.46159303188324 ], [ 424756.303426326310728, 7642663.416306647472084 ], [ 424748.90157820872264, 7642641.037836306728423 ] ] ] } },
{ "type": "Feature", "properties": { "fid": 144.0, "COMPR_M": 322.54, "CLASSE": "03 - Média", "CD_FAZ": "400023", "TALHOES": "1", "FAZ_tAL": "400023001", "ID_LINHA": 157342 }, "geometry": { "type": "MultiLineString", "coordinates": [ [ [ 424705.510147579829209, 7642949.46324896812439 ], [ 424716.252025892608799, 7642933.133412460796535 ], [ 424726.986777541285846, 7642914.517338095232844 ], [ 424737.109402537345886, 7642894.023320423439145 ], [ 424746.308279080258217, 7642871.604637783020735 ], [ 424754.226362027402502, 7642847.300824296660721 ], [ 424757.583295284188353, 7642834.496470486745238 ], [ 424760.449725618760567, 7642821.423286058008671 ], [ 424764.562452736892737, 7642795.132099306210876 ], [ 424765.816478537046351, 7642781.970878351479769 ], [ 424766.746073861024342, 7642755.569829028099775 ], [ 424765.554503501858562, 7642728.998984961770475 ], [ 424764.140713918721303, 7642715.628828335553408 ], [ 424762.162105150171556, 7642702.201324136927724 ], [ 424756.68187371926615, 7642676.196366876363754 ], [ 424753.423342512571253, 7642664.257713278755546 ], [ 424746.120607406715862, 7642642.164557522162795 ] ] ] } },
{ "type": "Feature", "properties": { "fid": 145.0, "COMPR_M": 324.13, "CLASSE": "03 - Média", "CD_FAZ": "400023", "TALHOES": "1", "FAZ_tAL": "400023001", "ID_LINHA": 157343 }, "geometry": { "type": "MultiLineString", "coordinates": [ [ [ 424700.393269815831445, 7642951.465582842007279 ], [ 424713.699738623166922, 7642931.556135752238333 ], [ 424724.341998221818358, 7642913.100487288087606 ], [ 424734.375836568360683, 7642892.786256214603782 ], [ 424739.070153229054995, 7642881.914739249274135 ], [ 424747.598252093826886, 7642858.751585656777024 ], [ 424751.339492048951797, 7642846.482590284198523 ], [ 424757.506290288874879, 7642820.840276679955423 ], [ 424759.812144048628397, 7642807.816651865839958 ], [ 424761.581669848877937, 7642794.787812458351254 ], [ 424763.545340877841227, 7642768.681185551919043 ], [ 424763.421271750878077, 7642742.44444115832448 ], [ 424762.564746173971798, 7642729.254021890461445 ], [ 424759.203220507944934, 7642702.700192159041762 ], [ 424756.702550653833896, 7642689.538367262110114 ], [ 424750.543258696736302, 7642665.099119909107685 ], [ 424743.339636606280692, 7642643.29127874225378 ] ] ] } },
{ "type": "Feature", "properties": { "fid": 146.0, "COMPR_M": 325.74, "CLASSE": "03 - Média", "CD_FAZ": "400023", "TALHOES": "1", "FAZ_tAL": "400023001", "ID_LINHA": 157344 }, "geometry": { "type": "MultiLineString", "coordinates": [ [ [ 424695.247486874577589, 7642953.479227873496711 ], [ 424705.726518843206577, 7642938.467228026129305 ], [ 424716.480911415594164, 7642921.055773952975869 ], [ 424726.763207790674642, 7642901.850815553218126 ], [ 424736.294550395745318, 7642880.775027755647898 ], [ 424744.745516110269818, 7642857.821412863209844 ], [ 424748.452622068347409, 7642845.664356272667646 ], [ 424754.562854958756361, 7642820.257267297245562 ], [ 424756.847561549511738, 7642807.353083187714219 ], [ 424758.600886959582567, 7642794.443525610491633 ], [ 424760.546604737930465, 7642768.575565846636891 ], [ 424760.423671468859538, 7642742.578697267919779 ], [ 424759.574988844222389, 7642729.509058814495802 ], [ 424756.24433586577652, 7642703.199060179293156 ], [ 424753.766639136243612, 7642690.158150181174278 ], [ 424747.663174883462489, 7642665.940526538528502 ], [ 424740.558665803982876, 7642644.417999959550798 ] ] ] } },
{ "type": "Feature", "properties": { "fid": 147.0, "COMPR_M": 327.52, "CLASSE": "03 - Média", "CD_FAZ": "400023", "TALHOES": "1", "FAZ_tAL": "400023001", "ID_LINHA": 157345 }, "geometry": { "type": "MultiLineString", "coordinates": [ [ [ 424689.925736676785164, 7642955.561732315458357 ], [ 424703.221043534867931, 7642936.816650788299739 ], [ 424713.88208943058271, 7642919.556351620703936 ], [ 424724.073387819342315, 7642900.521386306732893 ], [ 424733.51894756173715, 7642879.635316263884306 ], [ 424741.892780128109735, 7642856.891240071505308 ], [ 424745.565752089547459, 7642844.846122262999415 ], [ 424751.619419628288597, 7642819.674257922917604 ], [ 424753.882979049929418, 7642806.88951451331377 ], [ 424755.620104071625974, 7642794.099238762632012 ], [ 424757.547868597204797, 7642768.46994614135474 ], [ 424757.426071184454486, 7642742.712953379377723 ], [ 424756.585231515753549, 7642729.764095740392804 ], [ 424753.28545122302603, 7642703.697928200475872 ], [ 424750.830727618304081, 7642690.77793310303241 ], [ 424744.783091069373768, 7642666.781933169811964 ], [ 424737.777695001859684, 7642645.54472117498517 ] ] ] } },
{ "type": "Feature", "properties": { "fid": 148.0, "COMPR_M": 329.33, "CLASSE": "03 - Média", "CD_FAZ": "400023", "TALHOES": "1", "FAZ_tAL": "400023001", "ID_LINHA": 157346 }, "geometry": { "type": "MultiLineString", "coordinates": [ [ [ 424684.562313774833456, 7642957.660544103011489 ], [ 424695.32708360941615, 7642943.098179237917066 ], [ 424706.0428768156562, 7642926.824305613525212 ], [ 424716.407660264114384, 7642908.849934863857925 ], [ 424726.175138657563366, 7642889.075063588097692 ], [ 424735.046344132104423, 7642867.455092895776033 ], [ 424742.678882110631093, 7642844.027888249605894 ], [ 424748.675984297529794, 7642819.091248543933034 ], [ 424750.918396551162004, 7642806.425945833325386 ], [ 424752.639321183087304, 7642793.754951912909746 ], [ 424754.549132457002997, 7642768.364326434209943 ], [ 424754.428470901679248, 7642742.847209491766989 ], [ 424753.595474186702631, 7642730.019132664427161 ], [ 424750.326566580333747, 7642704.19679622258991 ], [ 424747.894816100597382, 7642691.397716023027897 ], [ 424741.903007253888063, 7642667.623339800164104 ], [ 424734.996724201308098, 7642646.671442396938801 ] ] ] } },
{ "type": "Feature", "properties": { "fid": 149.0, "COMPR_M": 331.34, "CLASSE": "03 - Média", "CD_FAZ": "400023", "TALHOES": "1", "FAZ_tAL": "400023001", "ID_LINHA": 157347 }, "geometry": { "type": "MultiLineString", "coordinates": [ [ [ 424678.977277065627277, 7642959.846077683381736 ], [ 424692.868435738317203, 7642941.37866978906095 ], [ 424703.490589546214323, 7642925.247028904035687 ], [ 424713.762880944297649, 7642907.433084055781364 ], [ 424723.441572688054293, 7642887.837999375537038 ], [ 424732.230860395706259, 7642866.417706675827503 ], [ 424739.792012131540105, 7642843.209654239006341 ], [ 424745.732548967935145, 7642818.508239163085818 ], [ 424747.953814052627422, 7642805.962377158924937 ], [ 424749.658538294490427, 7642793.41066506691277 ], [ 424751.550396315986291, 7642768.258706730790436 ], [ 424751.430870617856272, 7642742.981465602293611 ], [ 424750.605716857651714, 7642730.274169591255486 ], [ 424747.367681938922033, 7642704.695664243772626 ], [ 424744.958904582483228, 7642692.017498943023384 ], [ 424739.022923440905288, 7642668.464746430516243 ], [ 424732.215753398253582, 7642647.798163613304496 ] ] ] } },
{ "type": "Feature", "properties": { "fid": 150.0, "COMPR_M": 333.44, "CLASSE": "03 - Média", "CD_FAZ": "400023", "TALHOES": "1", "FAZ_tAL": "400023001", "ID_LINHA": 157348 }, "geometry": { "type": "MultiLineString", "coordinates": [ [ [ 424673.311142576509155, 7642962.063346402719617 ], [ 424685.075919849798083, 7642947.069339866749942 ], [ 424695.704617607989348, 7642931.864919083192945 ], [ 424706.085623477003537, 7642915.058084623888135 ], [ 424716.003927905403543, 7642896.533098571002483 ], [ 424725.192139060702175, 7642876.216181783005595 ], [ 424733.334572177263908, 7642854.100721693597734 ], [ 424740.079154836363159, 7642830.284780535846949 ], [ 424742.789113637292758, 7642817.925229785963893 ], [ 424744.989231552928686, 7642805.498808482661843 ], [ 424747.863599427102599, 7642780.620736990123987 ], [ 424748.742680044437293, 7642755.654351655393839 ], [ 424747.615959528600797, 7642730.529206516221166 ], [ 424744.40879729698645, 7642705.19453226774931 ], [ 424742.022993064601906, 7642692.637281861156225 ], [ 424736.142839626467321, 7642669.306153060868382 ], [ 424729.433158639993053, 7642648.925542781129479 ] ] ] } },
{ "type": "Feature", "properties": { "fid": 151.0, "COMPR_M": 335.69, "CLASSE": "03 - Média", "CD_FAZ": "400023", "TALHOES": "1", "FAZ_tAL": "400023001", "ID_LINHA": 157349 }, "geometry": { "type": "MultiLineString", "coordinates": [ [ [ 424667.475027729291469, 7642964.347131747752428 ], [ 424682.663889729301445, 7642945.285065798088908 ], [ 424693.199142299185041, 7642930.214341849088669 ], [ 424703.486801492283121, 7642913.558662289753556 ], [ 424713.314107933663763, 7642895.20366932824254 ], [ 424722.416536227159668, 7642875.076470287516713 ], [ 424730.481836194987409, 7642853.170548902824521 ], [ 424737.16179809672758, 7642829.582832213491201 ], [ 424739.845678307698108, 7642817.342220406979322 ], [ 424742.024649052822497, 7642805.035239808261395 ], [ 424744.87145290983608, 7642780.395713431760669 ], [ 424745.742114408465568, 7642755.668438758701086 ], [ 424744.626202198967803, 7642730.78424344304949 ], [ 424741.449912655050866, 7642705.69340028706938 ], [ 424739.087081546953414, 7642693.257064782083035 ], [ 424733.262755811912939, 7642670.147559692151845 ], [ 424726.649242542684078, 7642650.053457298316061 ] ] ] } },
{ "type": "Feature", "properties": { "fid": 152.0, "COMPR_M": 338.13, "CLASSE": "03 - Média", "CD_FAZ": "400023", "TALHOES": "1", "FAZ_tAL": "400023001", "ID_LINHA": 157350 }, "geometry": { "type": "MultiLineString", "coordinates": [ [ [ 424661.435345723410137, 7642966.710576884448528 ], [ 424674.990588127810042, 7642950.4229367505759 ], [ 424690.69366698875092, 7642928.563764614984393 ], [ 424700.887979508785065, 7642912.059239957481623 ], [ 424710.624287962447852, 7642893.874240080825984 ], [ 424719.640933393500745, 7642873.936758793890476 ], [ 424727.629100211663172, 7642852.240376108326018 ], [ 424734.244441354589071, 7642828.880883883684874 ], [ 424736.902242977172136, 7642816.759211027063429 ], [ 424739.060066554869991, 7642804.571671132929623 ], [ 424741.879306390706915, 7642780.170689871534705 ], [ 424742.741548771213274, 7642755.682525862008333 ], [ 424741.636444869916886, 7642731.03928036801517 ], [ 424738.491028011892922, 7642706.192268310114741 ], [ 424736.151170028897468, 7642693.876847703009844 ], [ 424730.382671997882426, 7642670.988966323435307 ], [ 424723.865326444793027, 7642651.181371811777353 ] ] ] } },
{ "type": "Feature", "properties": { "fid": 153.0, "COMPR_M": 340.74, "CLASSE": "03 - Média", "CD_FAZ": "400023", "TALHOES": "1", "FAZ_tAL": "400023001", "ID_LINHA": 157351 }, "geometry": { "type": "MultiLineString", "coordinates": [ [ [ 424655.226920503657311, 7642969.140054524876177 ], [ 424667.404736647440586, 7642955.101998507045209 ], [ 424683.033844251302071, 7642934.500631986185908 ], [ 424698.289157524472103, 7642910.559817625209689 ], [ 424707.934467991115525, 7642892.544810834340751 ], [ 424716.86533055990003, 7642872.797047302126884 ], [ 424724.776364229735918, 7642851.310203317552805 ], [ 424731.327084613149054, 7642828.178935563191772 ], [ 424733.958807646355126, 7642816.176201648078859 ], [ 424736.095484055113047, 7642804.108102454803884 ], [ 424738.887159871635959, 7642779.945666313171387 ], [ 424739.740983136696741, 7642755.696612967178226 ], [ 424738.646687540982384, 7642731.29431729298085 ], [ 424735.532143370772246, 7642706.69113633222878 ], [ 424733.215258510434069, 7642694.496630622074008 ], [ 424727.502588182396721, 7642671.830372953787446 ], [ 424721.081410346901976, 7642652.309286328032613 ] ] ] } },
{ "type": "Feature", "properties": { "fid": 154.0, "COMPR_M": 343.55, "CLASSE": "03 - Média", "CD_FAZ": "400023", "TALHOES": "1", "FAZ_tAL": "400023001", "ID_LINHA": 157352 }, "geometry": { "type": "MultiLineString", "coordinates": [ [ [ 424648.810482883593068, 7642971.650931462645531 ], [ 424665.084580466384068, 7642953.199854438193142 ], [ 424675.427799374330789, 7642939.932243598625064 ], [ 424690.729153199470602, 7642917.360645344480872 ], [ 424700.538984346669167, 7642900.348830014467239 ], [ 424709.773742836667225, 7642881.652678327634931 ], [ 424718.153441710339393, 7642861.230775570496917 ], [ 424725.357662235153839, 7642839.118484180420637 ], [ 424731.015372316527646, 7642815.593192271888256 ], [ 424733.130901557509787, 7642803.644533779472113 ], [ 424735.89501335460227, 7642779.720642752945423 ], [ 424736.740417500841431, 7642755.71070007327944 ], [ 424735.656930210709106, 7642731.549354219809175 ], [ 424732.573258728312794, 7642707.190004354342818 ], [ 424730.279346993542276, 7642695.116413543000817 ], [ 424724.622504369472153, 7642672.671779586002231 ], [ 424718.297494248952717, 7642653.437200842425227 ] ] ] } },
{ "type": "Feature", "properties": { "fid": 155.0, "COMPR_M": 346.59, "CLASSE": "03 - Média", "CD_FAZ": "400023", "TALHOES": "1", "FAZ_tAL": "400023001", "ID_LINHA": 157353 }, "geometry": { "type": "MultiLineString", "coordinates": [ [ [ 424642.145178750215564, 7642974.259194718673825 ], [ 424657.643063599534798, 7642957.394953357987106 ], [ 424667.893149065377656, 7642944.88769393786788 ], [ 424683.177241063152906, 7642923.612032907083631 ], [ 424693.091513555555139, 7642907.560972960665822 ], [ 424702.554828048218042, 7642889.885952346026897 ], [ 424711.314124891767278, 7642870.517624313011765 ], [ 424719.070892261050176, 7642849.449857730418444 ], [ 424725.492371130210813, 7642826.775038912892342 ], [ 424728.071936985768843, 7642815.010182893835008 ], [ 424731.773840962850954, 7642791.344943981617689 ], [ 424733.557979472388979, 7642767.624988498166203 ], [ 424733.445268915849738, 7642743.787002267315984 ], [ 424731.394737836963031, 7642719.77101924829185 ], [ 424727.343435476184823, 7642695.736196462064981 ], [ 424721.742420555092394, 7642673.513186214491725 ], [ 424715.51357815170195, 7642654.565115360543132 ] ] ] } },
{ "type": "Feature", "properties": { "fid": 156.0, "COMPR_M": 349.93, "CLASSE": "03 - Média", "CD_FAZ": "400023", "TALHOES": "1", "FAZ_tAL": "400023001", "ID_LINHA": 157354 }, "geometry": { "type": "MultiLineString", "coordinates": [ [ [ 424635.188260131690186, 7642976.981572395190597 ], [ 424650.309490173764061, 7642961.190222317352891 ], [ 424665.527336044586264, 7642943.042612998746336 ], [ 424680.671765754348598, 7642921.961455669254065 ], [ 424690.492691570951138, 7642906.061550628393888 ], [ 424699.865008077234961, 7642888.556523099541664 ], [ 424708.538522057293449, 7642869.377912821248174 ], [ 424716.218156279588584, 7642848.519684936851263 ], [ 424722.575014389236458, 7642826.073090586811304 ], [ 424725.128501656115986, 7642814.427173513919115 ], [ 424728.793058073322754, 7642791.000657131895423 ], [ 424730.559243332070764, 7642767.519368794746697 ], [ 424730.447668632143177, 7642743.921258376911283 ], [ 424728.417830920952838, 7642720.147582059726119 ], [ 424724.407523957837839, 7642696.355979381129146 ], [ 424718.862336739897728, 7642674.354592844843864 ], [ 424712.729662053752691, 7642655.693029875867069 ] ] ] } },
{ "type": "Feature", "properties": { "fid": 157.0, "COMPR_M": 353.59, "CLASSE": "03 - Média", "CD_FAZ": "400023", "TALHOES": "1", "FAZ_tAL": "400023001", "ID_LINHA": 157355 }, "geometry": { "type": "MultiLineString", "coordinates": [ [ [ 424627.894732478831429, 7642979.835671740584075 ], [ 424648.078467148821801, 7642959.184329692274332 ], [ 424663.161523021874018, 7642941.197532059624791 ], [ 424678.166290444554761, 7642920.310878433287144 ], [ 424687.893869585590437, 7642904.562128295190632 ], [ 424697.175188106193673, 7642887.227093856781721 ], [ 424705.762919224798679, 7642868.238201325759292 ], [ 424713.365420295624062, 7642847.589512144215405 ], [ 424719.657657648378517, 7642825.371142260730267 ], [ 424722.185066324775107, 7642813.84416413679719 ], [ 424725.812275184434839, 7642790.656370284035802 ], [ 424727.560507190180942, 7642767.413749089464545 ], [ 424727.450068348029163, 7642744.055514488369226 ], [ 424725.440924004360568, 7642720.524144867435098 ], [ 424721.471612440305762, 7642696.975762302055955 ], [ 424715.982252926623914, 7642675.195999477058649 ], [ 424709.945745955803432, 7642656.820944392122328 ] ] ] } },
{ "type": "Feature", "properties": { "fid": 158.0, "COMPR_M": 357.64, "CLASSE": "03 - Média", "CD_FAZ": "400023", "TALHOES": "1", "FAZ_tAL": "400023001", "ID_LINHA": 157356 }, "geometry": { "type": "MultiLineString", "coordinates": [ [ [ 424620.216952898423187, 7642982.840136342681944 ], [ 424635.992756024352275, 7642967.683094389736652 ], [ 424650.817491026886273, 7642951.527920566499233 ], [ 424665.779678899154533, 7642932.795147327706218 ], [ 424680.52000412310008, 7642911.051538499072194 ], [ 424689.959867070429027, 7642894.681426784023643 ], [ 424698.839478956884705, 7642876.704421488568187 ], [ 424706.891506761661731, 7642857.081230687908828 ], [ 424713.810182318673469, 7642835.845548132434487 ], [ 424719.24163099512225, 7642813.261154757812619 ], [ 424722.831492296885699, 7642790.312083437107503 ], [ 424724.56177105079405, 7642767.308129383251071 ], [ 424724.452468066185247, 7642744.189770597964525 ], [ 424722.464017087128013, 7642720.900707681663334 ], [ 424718.535700923064724, 7642697.595545222051442 ], [ 424713.102169112535194, 7642676.037406104616821 ], [ 424707.161829857854173, 7642657.94885890930891 ] ] ] } },
{ "type": "Feature", "properties": { "fid": 159.0, "COMPR_M": 362.13, "CLASSE": "03 - Média", "CD_FAZ": "400023", "TALHOES": "1", "FAZ_tAL": "400023001", "ID_LINHA": 157357 }, "geometry": { "type": "MultiLineString", "coordinates": [ [ [ 424612.104172139894217, 7642986.014825372956693 ], [ 424629.018605206685606, 7642970.428105285391212 ], [ 424643.616421098355204, 7642955.172544432803988 ], [ 424658.429896981397178, 7642937.507370186969638 ], [ 424673.155339827528223, 7642917.009723963215947 ], [ 424687.315087750961538, 7642893.264575975015759 ], [ 424696.105912987841293, 7642875.467357277870178 ], [ 424704.076023025321774, 7642856.043844467028975 ], [ 424710.92331233934965, 7642835.027314120903611 ], [ 424716.298195665236562, 7642812.678145377896726 ], [ 424719.850709408754483, 7642789.96779658831656 ], [ 424721.563034910592251, 7642767.202509677968919 ], [ 424721.454867782653309, 7642744.324026707559824 ], [ 424719.48711017135065, 7642721.277270492166281 ], [ 424715.599789405358024, 7642698.215328142978251 ], [ 424710.22208529827185, 7642676.878812735900283 ], [ 424704.377913759264629, 7642659.076773424632847 ] ] ] } },
{ "type": "Feature", "properties": { "fid": 160.0, "COMPR_M": 367.13, "CLASSE": "03 - Média", "CD_FAZ": "400023", "TALHOES": "1", "FAZ_tAL": "400023001", "ID_LINHA": 157358 }, "geometry": { "type": "MultiLineString", "coordinates": [ [ [ 424603.488979023648426, 7642989.386118142865598 ], [ 424622.170980927650817, 7642972.868025305680931 ], [ 424641.385398073587567, 7642953.166651804000139 ], [ 424656.064083960314747, 7642935.662289246916771 ], [ 424670.649864519597031, 7642915.359146729111671 ], [ 424684.670308431785088, 7642891.847725170664489 ], [ 424693.37234701885609, 7642874.230293069034815 ], [ 424701.260539287875872, 7642855.006458243355155 ], [ 424708.036442359210923, 7642834.209080112166703 ], [ 424713.35476033372106, 7642812.095135997980833 ], [ 424716.86992651928449, 7642789.623509739525616 ], [ 424718.564298769459128, 7642767.096889970824122 ], [ 424718.457267498713918, 7642744.458282820880413 ], [ 424716.510203254292719, 7642721.653833301737905 ], [ 424712.663877887302078, 7642698.835111062973738 ], [ 424707.342001483950298, 7642677.720219368115067 ], [ 424701.593997661955655, 7642660.204687938094139 ] ] ] } },
{ "type": "Feature", "properties": { "fid": 161.0, "COMPR_M": 372.84, "CLASSE": "03 - Média", "CD_FAZ": "400023", "TALHOES": "1", "FAZ_tAL": "400023001", "ID_LINHA": 157359 }, "geometry": { "type": "MultiLineString", "coordinates": [ [ [ 424594.168092475738376, 7642993.033562488853931 ], [ 424610.84644545649644, 7642979.15998687967658 ], [ 424629.556570544838905, 7642961.391546498984098 ], [ 424643.991918455576524, 7642945.660887777805328 ], [ 424658.543588543718215, 7642927.442325122654438 ], [ 424672.863142315123696, 7642906.319708364084363 ], [ 424682.025529112142976, 7642890.430874360725284 ], [ 424690.638781047950033, 7642872.993228858336806 ], [ 424694.660507890104782, 7642863.679355351254344 ], [ 424701.954476363724098, 7642843.868820974603295 ], [ 424707.988230682967696, 7642822.563348959200084 ], [ 424712.37882406252902, 7642800.399553045630455 ], [ 424714.9499877258786, 7642778.145477831363678 ], [ 424715.736458046943881, 7642755.809309804812074 ], [ 424714.728628907818347, 7642733.334612702950835 ], [ 424711.861066232551821, 7642710.682080508209765 ], [ 424707.225675635796506, 7642688.687522270716727 ], [ 424704.461917669454124, 7642678.561625998467207 ], [ 424698.810081564704888, 7642661.332602458074689 ] ] ] } },
{ "type": "Feature", "properties": { "fid": 162.0, "COMPR_M": 379.41, "CLASSE": "03 - Média", "CD_FAZ": "400023", "TALHOES": "1", "FAZ_tAL": "400023001", "ID_LINHA": 157360 }, "geometry": { "type": "MultiLineString", "coordinates": [ [ [ 424584.020558823365718, 7642997.004489934071898 ], [ 424604.346686706412584, 7642980.831861943006516 ], [ 424622.706464722868986, 7642964.012167192995548 ], [ 424641.716727598803118, 7642943.705210178159177 ], [ 424656.131558424269315, 7642925.658051055856049 ], [ 424670.310855046031065, 7642904.742431651800871 ], [ 424679.380749793432187, 7642889.014023551717401 ], [ 424687.90521507844096, 7642871.756164647638798 ], [ 424691.884905055980198, 7642862.539643859490752 ], [ 424699.101740381098352, 7642842.938648181036115 ], [ 424705.07087394077098, 7642821.861400634050369 ], [ 424709.414241563121323, 7642799.935984369367361 ], [ 424711.957841208146419, 7642777.92045427300036 ], [ 424712.735892411554232, 7642755.823396911844611 ], [ 424711.738871579000261, 7642733.589649626985192 ], [ 424708.902181591140106, 7642711.180948530323803 ], [ 424704.31648751400644, 7642689.422296117991209 ], [ 424701.581833854841534, 7642679.403032630681992 ], [ 424696.026165466755629, 7642662.460516972467303 ] ] ] } },
{ "type": "Feature", "properties": { "fid": 163.0, "COMPR_M": 387.14, "CLASSE": "03 - Média", "CD_FAZ": "400023", "TALHOES": "1", "FAZ_tAL": "400023001", "ID_LINHA": 157361 }, "geometry": { "type": "MultiLineString", "coordinates": [ [ [ 424572.748006364388857, 7643001.415659141726792 ], [ 424593.605765916930977, 7642985.829878667369485 ], [ 424611.402419443242252, 7642970.594717202708125 ], [ 424629.96454546233872, 7642952.293492979370058 ], [ 424644.203174832975492, 7642936.080557820387185 ], [ 424658.447365534491837, 7642917.305537478998303 ], [ 424672.300937680993229, 7642895.565594301559031 ], [ 424681.036268276162446, 7642879.250518383458257 ], [ 424685.171649108233396, 7642870.519100437872112 ], [ 424692.814088076702319, 7642851.894299581646919 ], [ 424699.375832423043903, 7642831.754378076642752 ], [ 424702.153517201310024, 7642821.159452309831977 ], [ 424706.44965906458674, 7642799.472415693104267 ], [ 424708.965694691229146, 7642777.695430711843073 ], [ 424709.735326776222792, 7642755.837484015151858 ], [ 424708.749114249483682, 7642733.844686552882195 ], [ 424705.943296949088108, 7642711.679816551506519 ], [ 424701.407299389946274, 7642690.157069965265691 ], [ 424698.701750040752813, 7642680.244439261034131 ], [ 424693.242249367525801, 7642663.588431486859918 ] ] ] } },
{ "type": "Feature", "properties": { "fid": 164.0, "COMPR_M": 393.94, "CLASSE": "03 - Média", "CD_FAZ": "400023", "TALHOES": "1", "FAZ_tAL": "400023001", "ID_LINHA": 157362 }, "geometry": { "type": "MultiLineString", "coordinates": [ [ [ 424562.051700709445868, 7643005.021893159486353 ], [ 424583.107987665105611, 7642990.203356456942856 ], [ 424604.887753261078615, 7642972.41464232839644 ], [ 424623.120385064685252, 7642955.099998602643609 ], [ 424632.461305972654372, 7642945.14308129157871 ], [ 424641.883018651569728, 7642934.178413754329085 ], [ 424655.988717661937699, 7642915.586028028279543 ], [ 424669.702115696214605, 7642894.06617197021842 ], [ 424678.346448305645026, 7642877.921089140698314 ], [ 424682.438083138782531, 7642869.282036228105426 ], [ 424689.998604340013117, 7642850.856913361698389 ], [ 424696.488962442206684, 7642830.936144066974521 ], [ 424699.236160459404346, 7642820.457503981888294 ], [ 424703.485076564888004, 7642799.008847014978528 ], [ 424705.973548171692528, 7642777.470407153479755 ], [ 424706.734761140309274, 7642755.851571118459105 ], [ 424705.759356920723803, 7642734.099723475985229 ], [ 424702.984412305755541, 7642712.178684572689235 ], [ 424698.498111269553192, 7642690.891843812540174 ], [ 424695.821666227246169, 7642681.085845889523625 ], [ 424690.458333271497395, 7642664.716346003115177 ] ] ] } },
{ "type": "Feature", "properties": { "fid": 165.0, "COMPR_M": 392.36, "CLASSE": "03 - Média", "CD_FAZ": "400023", "TALHOES": "1", "FAZ_tAL": "400023001", "ID_LINHA": 157363 }, "geometry": { "type": "MultiLineString", "coordinates": [ [ [ 424558.263178974157199, 7643003.901810567826033 ], [ 424581.299065015395172, 7642987.809977998957038 ], [ 424602.901522530824877, 7642970.166194144636393 ], [ 424620.9749899058952, 7642953.002815973013639 ], [ 424630.230282946315128, 7642943.137188661843538 ], [ 424639.562862470629625, 7642932.276269685477018 ], [ 424653.530069791013375, 7642913.866518578492105 ], [ 424667.103293710621074, 7642892.566749636083841 ], [ 424675.656628332450055, 7642876.59165989421308 ], [ 424679.704517168109305, 7642868.044972019270062 ], [ 424687.183120603556745, 7642849.819527138024569 ], [ 424693.602092465211172, 7642830.117910052649677 ], [ 424696.318803717556875, 7642819.75555566046387 ], [ 424700.520494066062383, 7642798.545278340578079 ], [ 424702.981401654833462, 7642777.245383592322469 ], [ 424703.734195504337549, 7642755.865658222697675 ], [ 424702.769599591265433, 7642734.354760402813554 ], [ 424700.025527663819958, 7642712.677552595734596 ], [ 424695.588923146890011, 7642691.626617658883333 ], [ 424692.941582410945557, 7642681.927252519875765 ], [ 424687.674417172849644, 7642665.844260518439114 ] ] ] } },
{ "type": "Feature", "properties": { "fid": 166.0, "COMPR_M": 390.8, "CLASSE": "03 - Média", "CD_FAZ": "400023", "TALHOES": "1", "FAZ_tAL": "400023001", "ID_LINHA": 157364 }, "geometry": { "type": "MultiLineString", "coordinates": [ [ [ 424554.46546151151415, 7643002.779009241610765 ], [ 424575.245365180773661, 7642988.577306807041168 ], [ 424596.550398707389832, 7642971.708969098515809 ], [ 424614.290277413616423, 7642955.457583067938685 ], [ 424632.615964169614017, 7642935.882499794475734 ], [ 424641.869205834751483, 7642924.59180361777544 ], [ 424651.071421919739805, 7642912.147009124979377 ], [ 424664.504471726948395, 7642891.06732730474323 ], [ 424672.966808362980373, 7642875.262230651453137 ], [ 424676.97095119941514, 7642866.807907810434699 ], [ 424684.36763686593622, 7642848.782140919007361 ], [ 424690.715222485363483, 7642829.299676042981446 ], [ 424693.401446977164596, 7642819.053607333451509 ], [ 424697.555911566712894, 7642798.081709664314985 ], [ 424699.989255135413259, 7642777.020360032096505 ], [ 424700.73362986848224, 7642755.879745326936245 ], [ 424699.779842262447346, 7642734.609797329641879 ], [ 424697.066643022524659, 7642713.176420617848635 ], [ 424692.679735023877583, 7642692.361391503363848 ], [ 424690.061498597788159, 7642682.768659152090549 ], [ 424684.890501074260101, 7642666.972175033763051 ] ] ] } },
{ "type": "Feature", "properties": { "fid": 167.0, "COMPR_M": 389.25, "CLASSE": "03 - Média", "CD_FAZ": "400023", "TALHOES": "1", "FAZ_tAL": "400023001", "ID_LINHA": 157365 }, "geometry": { "type": "MultiLineString", "coordinates": [ [ [ 424550.63216028700117, 7643001.645687518641353 ], [ 424569.260356439102907, 7642989.202201470732689 ], [ 424590.32404485787265, 7642973.0245370734483 ], [ 424607.724909779324662, 7642957.625065101310611 ], [ 424625.768236897070892, 7642939.12540340423584 ], [ 424634.922550108749419, 7642928.471981545910239 ], [ 424644.071407830866519, 7642916.736680720001459 ], [ 424657.549418700218666, 7642896.856048094108701 ], [ 424670.276988390833139, 7642873.932801403105259 ], [ 424678.006890887802001, 7642856.841086393222213 ], [ 424684.838060465583112, 7642838.287784218788147 ], [ 424687.828352506039664, 7642828.481442030519247 ], [ 424692.750713021960109, 7642808.014070350676775 ], [ 424696.004446299222764, 7642787.213501807302237 ], [ 424697.573145785776433, 7642766.357552038505673 ], [ 424697.474065513815731, 7642745.39807559736073 ], [ 424696.790084932988975, 7642734.864834256470203 ], [ 424694.107758379308507, 7642713.675288638100028 ], [ 424689.770546900574118, 7642693.096165351569653 ], [ 424687.181414783874061, 7642683.610065780580044 ], [ 424682.10658497759141, 7642668.100089550949633 ] ] ] } },
{ "type": "Feature", "properties": { "fid": 168.0, "COMPR_M": 387.72, "CLASSE": "03 - Média", "CD_FAZ": "400023", "TALHOES": "1", "FAZ_tAL": "400023001", "ID_LINHA": 157366 }, "geometry": { "type": "MultiLineString", "coordinates": [ [ [ 424546.791749427327886, 7643000.510263819247484 ], [ 424567.519596779253334, 7642986.758804722689092 ], [ 424588.411077226977795, 7642970.713457711040974 ], [ 424605.661185329663567, 7642955.447499355301261 ], [ 424623.537213871604763, 7642937.119510773569345 ], [ 424632.60239392647054, 7642926.569837478920817 ], [ 424641.659377711417619, 7642914.952406652271748 ], [ 424654.997131430485751, 7642895.278771378099918 ], [ 424667.587168419908267, 7642872.603372160345316 ], [ 424675.231288054026663, 7642855.701374896802008 ], [ 424681.985324482433498, 7642837.357611428014934 ], [ 424684.941482527239714, 7642827.663208018988371 ], [ 424689.807277692074422, 7642807.431060971692204 ], [ 424693.023663410684094, 7642786.869214959442616 ], [ 424694.574409644526895, 7642766.251932332292199 ], [ 424694.476465230167378, 7642745.532331708818674 ], [ 424693.800327604229096, 7642735.11987118050456 ], [ 424691.148873737489339, 7642714.174156662076712 ], [ 424686.861358779016882, 7642693.830939199775457 ], [ 424684.301330969145056, 7642684.451472411863506 ], [ 424679.322668879583944, 7642669.228004068136215 ] ] ] } },
{ "type": "Feature", "properties": { "fid": 169.0, "COMPR_M": 383.96, "CLASSE": "03 - Média", "CD_FAZ": "400023", "TALHOES": "1", "FAZ_tAL": "400023001", "ID_LINHA": 157367 }, "geometry": { "type": "MultiLineString", "coordinates": [ [ [ 424544.826549461053219, 7642998.194922726601362 ], [ 424565.7788371189381, 7642984.315407974645495 ], [ 424586.498109595209826, 7642968.402378348633647 ], [ 424603.597460879886057, 7642953.269933613948524 ], [ 424621.306190846196841, 7642935.113618148490787 ], [ 424630.282237745879684, 7642924.66769341006875 ], [ 424639.247347593482118, 7642913.168132583610713 ], [ 424652.444844160345383, 7642893.701494668610394 ], [ 424664.89734844758641, 7642871.273942914791405 ], [ 424672.455685220833402, 7642854.561663402244449 ], [ 424679.132588499516714, 7642836.427438633516431 ], [ 424682.054612547566649, 7642826.844974007457495 ], [ 424686.863842361839488, 7642806.848051591776311 ], [ 424690.042880522087216, 7642786.524928111582994 ], [ 424691.575673504325096, 7642766.14631262794137 ], [ 424691.478864946751855, 7642745.666587818413973 ], [ 424690.810570274130441, 7642735.374908106401563 ], [ 424688.189989094331395, 7642714.673024683259428 ], [ 424683.952170656411909, 7642694.565713044255972 ], [ 424676.538752781634685, 7642670.355918583460152 ] ] ] } },
{ "type": "Feature", "properties": { "fid": 170.0, "COMPR_M": 379.44, "CLASSE": "03 - Média", "CD_FAZ": "400023", "TALHOES": "1", "FAZ_tAL": "400023001", "ID_LINHA": 157368 }, "geometry": { "type": "MultiLineString", "coordinates": [ [ [ 424543.517044191947207, 7642995.479967673309147 ], [ 424564.038077458855696, 7642981.872011226601899 ], [ 424584.585141963383649, 7642966.09129898622632 ], [ 424601.53373643005034, 7642951.092367870733142 ], [ 424619.07516782154562, 7642933.107725517824292 ], [ 424627.96208156447392, 7642922.765549343079329 ], [ 424636.835317473567557, 7642911.383858516812325 ], [ 424649.892556892591529, 7642892.124217957258224 ], [ 424662.20752847706899, 7642869.944513670168817 ], [ 424669.680082386941649, 7642853.421951910480857 ], [ 424676.279852516017854, 7642835.497265841811895 ], [ 424679.167742568417452, 7642826.026739995926619 ], [ 424683.920407032012008, 7642806.265042211860418 ], [ 424687.062097633606754, 7642786.180641263723373 ], [ 424688.576937363366596, 7642766.040692919865251 ], [ 424688.481264662987087, 7642745.800843930803239 ], [ 424687.820812946010847, 7642735.629945031367242 ], [ 424685.231104453909211, 7642715.171892702579498 ], [ 424681.042982534912881, 7642695.300486891530454 ], [ 424673.75483668432571, 7642671.483833096921444 ] ] ] } },
{ "type": "Feature", "properties": { "fid": 171.0, "COMPR_M": 374.92, "CLASSE": "03 - Média", "CD_FAZ": "400023", "TALHOES": "1", "FAZ_tAL": "400023001", "ID_LINHA": 157369 }, "geometry": { "type": "MultiLineString", "coordinates": [ [ [ 424542.206420571834315, 7642992.762693979777396 ], [ 424562.2973177995882, 7642979.428614478558302 ], [ 424582.672174331382848, 7642963.780219623818994 ], [ 424599.470011979457922, 7642948.914802126586437 ], [ 424616.844144795672037, 7642931.101832889020443 ], [ 424625.641925382195041, 7642920.863405274227262 ], [ 424634.423287355806679, 7642909.59958444815129 ], [ 424647.340269622509368, 7642890.546941244974732 ], [ 424659.51770850509638, 7642868.615084424614906 ], [ 424666.904479553631973, 7642852.282240415923297 ], [ 424673.427116533333901, 7642834.567093048244715 ], [ 424676.280872589093633, 7642825.208505982533097 ], [ 424680.97697170113679, 7642805.682032834738493 ], [ 424684.081314744486008, 7642785.836354417726398 ], [ 424685.578201222117059, 7642765.935073217377067 ], [ 424685.483664379571564, 7642745.935100039467216 ], [ 424684.831055616610684, 7642735.884981957264245 ], [ 424682.272219810809474, 7642715.670760726556182 ], [ 424678.13379441172583, 7642696.035260737873614 ], [ 424670.970920586958528, 7642672.611747613176703 ] ] ] } },
{ "type": "Feature", "properties": { "fid": 172.0, "COMPR_M": 370.4, "CLASSE": "03 - Média", "CD_FAZ": "400023", "TALHOES": "1", "FAZ_tAL": "400023001", "ID_LINHA": 157370 }, "geometry": { "type": "MultiLineString", "coordinates": [ [ [ 424540.895209230715409, 7642990.044201778247952 ], [ 424560.556558137934189, 7642976.985217729583383 ], [ 424580.759206699207425, 7642961.469140258617699 ], [ 424597.40628753072815, 7642946.737236380577087 ], [ 424614.613121770438738, 7642929.095940262079239 ], [ 424623.321769201662391, 7642918.961261205375195 ], [ 424632.011257237405516, 7642907.815310382284224 ], [ 424644.787982352776453, 7642888.96966453269124 ], [ 424656.827888534404337, 7642867.285655179992318 ], [ 424664.128876719623804, 7642851.142528923228383 ], [ 424670.574380550126079, 7642833.636920257471502 ], [ 424673.394002609595191, 7642824.390271972864866 ], [ 424678.033536370028742, 7642805.099023455753922 ], [ 424681.10053185664583, 7642785.492067568004131 ], [ 424682.579465082031675, 7642765.829453513026237 ], [ 424682.486064096272457, 7642746.069356151856482 ], [ 424681.84129828721052, 7642736.140018884092569 ], [ 424679.313335169747006, 7642716.169628747738898 ], [ 424675.224606288946234, 7642696.770034584216774 ], [ 424668.187004488252569, 7642673.739662131294608 ] ] ] } },
{ "type": "Feature", "properties": { "fid": 173.0, "COMPR_M": 365.87, "CLASSE": "03 - Média", "CD_FAZ": "400023", "TALHOES": "1", "FAZ_tAL": "400023001", "ID_LINHA": 157371 }, "geometry": { "type": "MultiLineString", "coordinates": [ [ [ 424539.583997890062165, 7642987.325709578581154 ], [ 424558.81579847773537, 7642974.541820981539786 ], [ 424578.846239068196155, 7642959.158060893416405 ], [ 424595.342563081299886, 7642944.559670640155673 ], [ 424612.382098746078555, 7642927.090047634206712 ], [ 424621.00161302019842, 7642917.059117135591805 ], [ 424629.599227119237185, 7642906.031036311760545 ], [ 424642.235695084673353, 7642887.392387822270393 ], [ 424654.138068562897388, 7642865.956225934438407 ], [ 424661.353273886139505, 7642850.002817429602146 ], [ 424667.721644567092881, 7642832.706747462041676 ], [ 424670.50713263056241, 7642823.572037963196635 ], [ 424675.090101040608715, 7642804.516014076769352 ], [ 424678.119748968223576, 7642785.14778072014451 ], [ 424679.580728941014968, 7642765.723833806812763 ], [ 424679.488463812682312, 7642746.203612262383103 ], [ 424678.851540958450641, 7642736.395055809058249 ], [ 424676.354450527345762, 7642716.668496772646904 ], [ 424672.315418165759183, 7642697.504808431491256 ], [ 424665.403088390245102, 7642674.867576646618545 ] ] ] } },
{ "type": "Feature", "properties": { "fid": 174.0, "COMPR_M": 361.36, "CLASSE": "03 - Média", "CD_FAZ": "400023", "TALHOES": "1", "FAZ_tAL": "400023001", "ID_LINHA": 157372 }, "geometry": { "type": "MultiLineString", "coordinates": [ [ [ 424538.272786548535805, 7642984.607217378914356 ], [ 424557.07503881980665, 7642972.098424231633544 ], [ 424576.933271435031202, 7642956.846981532871723 ], [ 424593.278838630416431, 7642942.382104897871614 ], [ 424610.151075720379595, 7642925.084155003540218 ], [ 424618.681456839200109, 7642915.156973067671061 ], [ 424627.187197000370361, 7642904.246762246824801 ], [ 424639.683407814241946, 7642885.815111111849546 ], [ 424651.448248591274023, 7642864.626796688884497 ], [ 424658.577671050676145, 7642848.863105936907232 ], [ 424664.868908584117889, 7642831.776574673131108 ], [ 424667.620262652053498, 7642822.753803949803114 ], [ 424672.146665710140951, 7642803.933004697784781 ], [ 424675.138966078462545, 7642784.803493872284889 ], [ 424676.581992799881846, 7642765.618214100599289 ], [ 424676.490863529383205, 7642746.337868375703692 ], [ 424675.861783628351986, 7642736.650092732161283 ], [ 424673.395565885060932, 7642717.167364792898297 ], [ 424669.40623004239751, 7642698.239582276903093 ], [ 424662.617657027672976, 7642675.991140100173652 ] ] ] } },
{ "type": "Feature", "properties": { "fid": 175.0, "COMPR_M": 356.84, "CLASSE": "03 - Média", "CD_FAZ": "400023", "TALHOES": "1", "FAZ_tAL": "400023001", "ID_LINHA": 157373 }, "geometry": { "type": "MultiLineString", "coordinates": [ [ [ 424536.9615752074169, 7642981.888725182041526 ], [ 424555.334279158792924, 7642969.655027482658625 ], [ 424575.020303804369178, 7642954.535902166739106 ], [ 424591.215114181453828, 7642940.204539151862264 ], [ 424607.92005269479705, 7642923.078262375667691 ], [ 424616.361300657386892, 7642913.254828998818994 ], [ 424624.775166880397592, 7642902.462488180026412 ], [ 424637.131120545440353, 7642884.237834398634732 ], [ 424648.758428620232735, 7642863.297367444261909 ], [ 424655.802068218472414, 7642847.723394444212317 ], [ 424662.016172600677237, 7642830.846401877701283 ], [ 424664.733392672671471, 7642821.935569938272238 ], [ 424669.203230380138848, 7642803.349995318800211 ], [ 424672.158183191379067, 7642784.459207024425268 ], [ 424673.583256659854669, 7642765.512594399042428 ], [ 424673.493263245676644, 7642746.472124484367669 ], [ 424672.872026300930884, 7642736.905129661783576 ], [ 424670.436681242776103, 7642717.666232814081013 ], [ 424666.497041921305936, 7642698.974356124177575 ], [ 424659.831653503351845, 7642677.113060591742396 ] ] ] } },
{ "type": "Feature", "properties": { "fid": 176.0, "COMPR_M": 352.32, "CLASSE": "03 - Média", "CD_FAZ": "400023", "TALHOES": "1", "FAZ_tAL": "400023001", "ID_LINHA": 157374 }, "geometry": { "type": "MultiLineString", "coordinates": [ [ [ 424535.650363865483087, 7642979.170232980512083 ], [ 424553.593519498594105, 7642967.211630736477673 ], [ 424573.107336172834039, 7642952.22482280805707 ], [ 424589.151389731792733, 7642938.026973407715559 ], [ 424605.689029669912998, 7642921.072369747795165 ], [ 424614.041144477203488, 7642911.352684931829572 ], [ 424622.363136761821806, 7642900.6782141122967 ], [ 424634.578833277686499, 7642882.660557689145207 ], [ 424646.068608648376539, 7642861.967938196845353 ], [ 424653.026465385570191, 7642846.583682947792113 ], [ 424659.163436618051492, 7642829.916229084134102 ], [ 424661.846522693173029, 7642821.117335926741362 ], [ 424666.259795049787499, 7642802.766985941678286 ], [ 424669.177400300337467, 7642784.114920178428292 ], [ 424670.584520518954378, 7642765.406974690966308 ], [ 424670.495662962202914, 7642746.60638059489429 ], [ 424669.882268970890436, 7642737.160166585817933 ], [ 424667.47779659985099, 7642718.165100837126374 ], [ 424663.587853799224831, 7642699.709129970520735 ], [ 424657.045649977400899, 7642678.234981083311141 ] ] ] } },
{ "type": "Feature", "properties": { "fid": 177.0, "COMPR_M": 347.81, "CLASSE": "03 - Média", "CD_FAZ": "400023", "TALHOES": "1", "FAZ_tAL": "400023001", "ID_LINHA": 157375 }, "geometry": { "type": "MultiLineString", "coordinates": [ [ [ 424534.339152525295503, 7642976.45174078270793 ], [ 424551.852759837289341, 7642964.768233986571431 ], [ 424571.194368540600408, 7642949.913743443787098 ], [ 424587.087665280618239, 7642935.84940766915679 ], [ 424603.458006645203568, 7642919.06647711712867 ], [ 424611.720988294924609, 7642909.450540862977505 ], [ 424619.951106642663945, 7642898.893940042704344 ], [ 424632.026546007546131, 7642881.083280975930393 ], [ 424643.378788677160628, 7642860.638508953154087 ], [ 424650.250862551212776, 7642845.443971455097198 ], [ 424656.31070063484367, 7642828.986056293360889 ], [ 424658.959652714140248, 7642820.299101915210485 ], [ 424663.316359719145112, 7642802.183976561762393 ], [ 424666.196617413253989, 7642783.770633330568671 ], [ 424667.585784379160032, 7642765.301354985684156 ], [ 424667.498062678379938, 7642746.740636707283556 ], [ 424666.892511642130557, 7642737.41520351357758 ], [ 424664.518911958963145, 7642718.66396885830909 ], [ 424660.678665676212404, 7642700.443903816863894 ], [ 424654.259646451217122, 7642679.35690157301724 ] ] ] } },
{ "type": "Feature", "properties": { "fid": 178.0, "COMPR_M": 343.29, "CLASSE": "03 - Média", "CD_FAZ": "400023", "TALHOES": "1", "FAZ_tAL": "400023001", "ID_LINHA": 157376 }, "geometry": { "type": "MultiLineString", "coordinates": [ [ [ 424533.027941184234805, 7642973.733248583041131 ], [ 424550.112000177497976, 7642962.324837239459157 ], [ 424569.281400909472723, 7642947.602664079517126 ], [ 424585.023940831422806, 7642933.67184192314744 ], [ 424601.226983619853854, 7642917.060584487393498 ], [ 424609.400832112994976, 7642907.548396794125438 ], [ 424617.539076524961274, 7642897.109665975905955 ], [ 424629.4742587384535, 7642879.506004262715578 ], [ 424640.688968705770094, 7642859.309079709462821 ], [ 424647.475259717495646, 7642844.304259961470962 ], [ 424653.457964651752263, 7642828.055883499793708 ], [ 424656.072782734932844, 7642819.480867903679609 ], [ 424660.37292438885197, 7642801.60096718557179 ], [ 424663.21583452494815, 7642783.426346480846405 ], [ 424664.587048237910494, 7642765.195735281333327 ], [ 424664.500462394149508, 7642746.874892817810178 ], [ 424663.902754312031902, 7642737.670240437611938 ], [ 424661.560027316736523, 7642719.162836883217096 ], [ 424657.769477554247715, 7642701.178677666932344 ], [ 424651.47364292666316, 7642680.478822064585984 ] ] ] } },
{ "type": "Feature", "properties": { "fid": 179.0, "COMPR_M": 338.78, "CLASSE": "03 - Média", "CD_FAZ": "400023", "TALHOES": "1", "FAZ_tAL": "400023001", "ID_LINHA": 157377 }, "geometry": { "type": "MultiLineString", "coordinates": [ [ [ 424531.716729843639769, 7642971.014756383374333 ], [ 424548.371240517357364, 7642959.881440492346883 ], [ 424567.368433276889846, 7642945.291584715247154 ], [ 424582.960216382110957, 7642931.494276178069413 ], [ 424598.995960594562348, 7642915.054691861383617 ], [ 424607.080675931589212, 7642905.646252722479403 ], [ 424615.127046406036243, 7642895.325391907244921 ], [ 424626.921971469069831, 7642877.928727552294731 ], [ 424637.999148734903429, 7642857.979650463908911 ], [ 424644.699656883720309, 7642843.164548467844725 ], [ 424650.60522866883548, 7642827.125710708089173 ], [ 424653.185912754910532, 7642818.662633892148733 ], [ 424657.429489058908075, 7642801.017957804724574 ], [ 424660.235051636584103, 7642783.082059632986784 ], [ 424661.588312097010203, 7642765.090115576051176 ], [ 424661.502862111548893, 7642747.009148928336799 ], [ 424660.912996983272023, 7642737.92527736350894 ], [ 424658.601142675266601, 7642719.66170490346849 ], [ 424654.860289431875572, 7642701.913451513275504 ], [ 424648.687639399839099, 7642681.600742556154728 ] ] ] } },
{ "type": "Feature", "properties": { "fid": 180.0, "COMPR_M": 334.26, "CLASSE": "03 - Média", "CD_FAZ": "400023", "TALHOES": "1", "FAZ_tAL": "400023001", "ID_LINHA": 157378 }, "geometry": { "type": "MultiLineString", "coordinates": [ [ [ 424530.405518501473125, 7642968.296264184638858 ], [ 424546.630480857333168, 7642957.438043743371964 ], [ 424565.455465644132346, 7642942.980505352839828 ], [ 424580.896491931402124, 7642929.316710435785353 ], [ 424596.764937569387257, 7642913.04879923351109 ], [ 424604.760519750590902, 7642903.744108656421304 ], [ 424612.715016287227627, 7642893.541117843240499 ], [ 424624.369684199918993, 7642876.351450841873884 ], [ 424635.309328762581572, 7642856.650221218355 ], [ 424641.924054049188271, 7642842.024836973287165 ], [ 424647.752492684754543, 7642826.19553791359067 ], [ 424650.299042776052374, 7642817.844399879686534 ], [ 424654.486053728673141, 7642800.434948425740004 ], [ 424657.254268747579772, 7642782.737772786989808 ], [ 424658.589575957332272, 7642764.984495868906379 ], [ 424658.505261827784125, 7642747.143405040726066 ], [ 424657.92323965387186, 7642738.180314288474619 ], [ 424655.642258032457903, 7642720.160572923719883 ], [ 424651.951101308630314, 7642702.648225357756019 ], [ 424645.901635874062777, 7642682.722663044929504 ] ] ] } },
{ "type": "Feature", "properties": { "fid": 181.0, "COMPR_M": 329.74, "CLASSE": "03 - Média", "CD_FAZ": "400023", "TALHOES": "1", "FAZ_tAL": "400023001", "ID_LINHA": 157379 }, "geometry": { "type": "MultiLineString", "coordinates": [ [ [ 424529.094307161052711, 7642965.577771985903382 ], [ 424548.624359688139521, 7642952.294767936691642 ], [ 424563.542498013237491, 7642940.669425989501178 ], [ 424578.832767481915653, 7642927.139144690707326 ], [ 424594.533914544328582, 7642911.042906604707241 ], [ 424610.302986169874202, 7642891.756843773648143 ], [ 424621.817396930535324, 7642874.77417412865907 ], [ 424632.619508791540284, 7642855.320791972801089 ], [ 424639.148451216635294, 7642840.885125481523573 ], [ 424644.899756703409366, 7642825.265365122817457 ], [ 424647.412172796961386, 7642817.026165867224336 ], [ 424651.542618398787454, 7642799.851939045824111 ], [ 424654.273485859273933, 7642782.393485937267542 ], [ 424655.590839816723019, 7642764.87887616455555 ], [ 424655.507661544368602, 7642747.27766115218401 ], [ 424654.933482324471697, 7642738.435351213440299 ], [ 424652.683373390347697, 7642720.659440947696567 ], [ 424649.041913185676094, 7642703.382999207824469 ], [ 424643.115632346656639, 7642683.844583537429571 ] ] ] } },
{ "type": "Feature", "properties": { "fid": 182.0, "COMPR_M": 325.23, "CLASSE": "03 - Média", "CD_FAZ": "400023", "TALHOES": "1", "FAZ_tAL": "400023001", "ID_LINHA": 157380 }, "geometry": { "type": "MultiLineString", "coordinates": [ [ [ 424527.78309581981739, 7642962.859279788099229 ], [ 424546.849625987815671, 7642949.875932011753321 ], [ 424561.629530381527729, 7642938.358346626162529 ], [ 424576.769043032370973, 7642924.961578949354589 ], [ 424592.302891517290846, 7642909.037013974040747 ], [ 424607.890956049901433, 7642889.972569704055786 ], [ 424619.265109661442693, 7642873.1968974173069 ], [ 424629.92968882038258, 7642853.991362728178501 ], [ 424636.372848382627126, 7642839.745413986966014 ], [ 424642.047020719503053, 7642824.335192330181599 ], [ 424644.525302817113698, 7642816.20793185941875 ], [ 424648.599183067912236, 7642799.268929668702185 ], [ 424651.292702969687525, 7642782.049199091270566 ], [ 424652.592103675240651, 7642764.773256458342075 ], [ 424652.510061260545626, 7642747.411917263641953 ], [ 424651.943724995711818, 7642738.690388143062592 ], [ 424649.724488747597206, 7642721.15830896794796 ], [ 424646.132725063129328, 7642704.117773052304983 ], [ 424640.3296288222773, 7642684.966504029929638 ] ] ] } },
{ "type": "Feature", "properties": { "fid": 183.0, "COMPR_M": 320.71, "CLASSE": "03 - Média", "CD_FAZ": "400023", "TALHOES": "1", "FAZ_tAL": "400023001", "ID_LINHA": 157381 }, "geometry": { "type": "MultiLineString", "coordinates": [ [ [ 424526.471884479047731, 7642960.140787586569786 ], [ 424545.074892288655974, 7642947.457096088677645 ], [ 424559.71656274900306, 7642936.04726726282388 ], [ 424574.705318583408371, 7642922.784013205207884 ], [ 424590.071868493047077, 7642907.031121347099543 ], [ 424605.478925931442063, 7642888.18829563818872 ], [ 424616.712822392059024, 7642871.619620703160763 ], [ 424627.239868849050254, 7642852.661933483555913 ], [ 424633.597245548618957, 7642838.605702495202422 ], [ 424639.194284735771362, 7642823.405019538477063 ], [ 424641.638432837673463, 7642815.389697845093906 ], [ 424645.655747737386264, 7642798.685920289717615 ], [ 424648.311920082662255, 7642781.704912243410945 ], [ 424649.59336753556272, 7642764.667636753991246 ], [ 424649.512460977013689, 7642747.546173373237252 ], [ 424648.953967666893732, 7642738.945425067096949 ], [ 424646.765604104148224, 7642721.657176988199353 ], [ 424643.223536942212377, 7642704.852546900510788 ], [ 424637.543625295569655, 7642686.08842452056706 ] ] ] } },
{ "type": "Feature", "properties": { "fid": 184.0, "COMPR_M": 316.2, "CLASSE": "03 - Média", "CD_FAZ": "400023", "TALHOES": "1", "FAZ_tAL": "400023001", "ID_LINHA": 157382 }, "geometry": { "type": "MultiLineString", "coordinates": [ [ [ 424525.16065287659876, 7642957.422253381460905 ], [ 424543.30015858792467, 7642945.038260163739324 ], [ 424557.803595117700752, 7642933.73618789948523 ], [ 424572.641594133689068, 7642920.606447461992502 ], [ 424587.840845468221232, 7642905.025228718295693 ], [ 424603.066895813040901, 7642886.404021571390331 ], [ 424614.160535121627618, 7642870.042343992739916 ], [ 424624.550048877019435, 7642851.33250423707068 ], [ 424630.82164271583315, 7642837.46599099971354 ], [ 424636.341548752854578, 7642822.474846746772528 ], [ 424638.751562859397382, 7642814.571463834494352 ], [ 424642.71231240790803, 7642798.102910911664367 ], [ 424645.331137193134055, 7642781.360625395551324 ], [ 424646.59463139437139, 7642764.562017049640417 ], [ 424646.514860693016089, 7642747.680429482832551 ], [ 424645.964210337493569, 7642739.200461991131306 ], [ 424643.806719463435002, 7642722.156045012176037 ], [ 424640.314348819025327, 7642705.587320743128657 ], [ 424634.757621769909747, 7642687.210345012135804 ] ] ] } },
{ "type": "Feature", "properties": { "fid": 185.0, "COMPR_M": 311.68, "CLASSE": "03 - Média", "CD_FAZ": "400023", "TALHOES": "1", "FAZ_tAL": "400023001", "ID_LINHA": 157383 }, "geometry": { "type": "MultiLineString", "coordinates": [ [ [ 424523.847479263087735, 7642954.699692863970995 ], [ 424541.525424888473935, 7642942.619424236938357 ], [ 424555.890627485467121, 7642931.425108538009226 ], [ 424570.577869682572782, 7642918.428881716914475 ], [ 424585.609822442114819, 7642903.019336088560522 ], [ 424600.654865694174077, 7642884.619747502729297 ], [ 424611.60824785346631, 7642868.465067282319069 ], [ 424621.86022890615277, 7642850.003074992448092 ], [ 424628.046039881708566, 7642836.326279507949948 ], [ 424633.48881277005421, 7642821.544673953205347 ], [ 424635.864692880306393, 7642813.753229822963476 ], [ 424639.768877077382058, 7642797.519901532679796 ], [ 424642.350354304828215, 7642781.016338547691703 ], [ 424643.595895254286006, 7642764.456397343426943 ], [ 424643.517260410008021, 7642747.814685594290495 ], [ 424642.974453008093406, 7642739.455498917028308 ], [ 424640.847834820742719, 7642722.654913034290075 ], [ 424637.405160696827807, 7642706.322094591334462 ], [ 424631.971618243376724, 7642688.332265501841903 ] ] ] } },
{ "type": "Feature", "properties": { "fid": 186.0, "COMPR_M": 307.16, "CLASSE": "03 - Média", "CD_FAZ": "400023", "TALHOES": "1", "FAZ_tAL": "400023001", "ID_LINHA": 157384 }, "geometry": { "type": "MultiLineString", "coordinates": [ [ [ 424522.534305648761801, 7642951.97713234834373 ], [ 424539.750691189430654, 7642940.200588312000036 ], [ 424553.977659853873774, 7642929.114029173739254 ], [ 424568.514145233377349, 7642916.251315975561738 ], [ 424583.378799418103881, 7642901.013443460687995 ], [ 424598.242835575307254, 7642882.83547343686223 ], [ 424609.055960583151318, 7642866.887790570035577 ], [ 424619.170408934529405, 7642848.673645751550794 ], [ 424625.270437046827283, 7642835.186568014323711 ], [ 424630.636076786089689, 7642820.614501159638166 ], [ 424632.977822900982574, 7642812.9349958114326 ], [ 424636.825441747321747, 7642796.936892154626548 ], [ 424639.3695714159403, 7642780.672051699832082 ], [ 424640.597159113269299, 7642764.350777639076114 ], [ 424640.519660125952214, 7642747.948941703885794 ], [ 424639.984695679915603, 7642739.710535843856633 ], [ 424637.88895017944742, 7642723.153781054541469 ], [ 424634.495972573640756, 7642707.056868437677622 ], [ 424629.185614717775024, 7642689.454185992479324 ] ] ] } },
{ "type": "Feature", "properties": { "fid": 187.0, "COMPR_M": 302.65, "CLASSE": "03 - Média", "CD_FAZ": "400023", "TALHOES": "1", "FAZ_tAL": "400023001", "ID_LINHA": 157385 }, "geometry": { "type": "MultiLineString", "coordinates": [ [ [ 424521.221132033620961, 7642949.25457183085382 ], [ 424537.97595749021275, 7642937.78175238892436 ], [ 424555.619886720553041, 7642923.813781665638089 ], [ 424570.105294031032827, 7642910.546016419306397 ], [ 424584.836956164333969, 7642894.813270263373852 ], [ 424595.830805456615053, 7642881.051199367269874 ], [ 424606.50367331499001, 7642865.31051385961473 ], [ 424616.480588962789625, 7642847.34421650134027 ], [ 424622.494834213866852, 7642834.046856517903507 ], [ 424630.090952922240831, 7642812.116761798039079 ], [ 424633.882006416912191, 7642796.353882774710655 ], [ 424636.3887885264121, 7642780.327764851972461 ], [ 424637.598422972776461, 7642764.245157931931317 ], [ 424637.522059842769522, 7642748.083197819069028 ], [ 424636.994938349816948, 7642739.965572769753635 ], [ 424634.930065537453629, 7642723.652649078518152 ], [ 424631.586784451501444, 7642707.791642285883427 ], [ 424626.39961119252257, 7642690.576106484979391 ] ] ] } },
{ "type": "Feature", "properties": { "fid": 188.0, "COMPR_M": 298.13, "CLASSE": "02 - Curta", "CD_FAZ": "400023", "TALHOES": "1", "FAZ_tAL": "400023001", "ID_LINHA": 157386 }, "geometry": { "type": "MultiLineString", "coordinates": [ [ [ 424519.907958420924842, 7642946.532011314295232 ], [ 424536.201223790296353, 7642935.362916463986039 ], [ 424553.670814721263014, 7642921.53305845707655 ], [ 424568.001247201347724, 7642908.407370385713875 ], [ 424582.561765307211317, 7642892.857592665590346 ], [ 424593.418775336700492, 7642879.266925301402807 ], [ 424603.95138604589738, 7642863.733237149193883 ], [ 424613.790768990933429, 7642846.014787257649004 ], [ 424619.71923138020793, 7642832.907145027071238 ], [ 424627.204082942567766, 7642811.298527788370848 ], [ 424630.938571086793672, 7642795.770873396657407 ], [ 424633.408005638164468, 7642779.98347800411284 ], [ 424634.599686830712017, 7642764.13953822851181 ], [ 424634.524459559237584, 7642748.217453926801682 ], [ 424634.005181021639146, 7642740.220609695650637 ], [ 424631.971180894819554, 7642724.151517100632191 ], [ 424628.677596329012886, 7642708.526416133157909 ], [ 424623.61360766569851, 7642691.698026976548135 ] ] ] } },
{ "type": "Feature", "properties": { "fid": 189.0, "COMPR_M": 293.61, "CLASSE": "02 - Curta", "CD_FAZ": "400023", "TALHOES": "1", "FAZ_tAL": "400023001", "ID_LINHA": 157387 }, "geometry": { "type": "MultiLineString", "coordinates": [ [ [ 424518.594784806657117, 7642943.809450801461935 ], [ 424534.426490090729203, 7642932.944080539047718 ], [ 424551.72174272214761, 7642919.25233524478972 ], [ 424565.89720037416555, 7642906.268724355846643 ], [ 424580.286574450088665, 7642890.901915068738163 ], [ 424591.00674521952169, 7642877.482651233673096 ], [ 424601.399098775174934, 7642862.155960436910391 ], [ 424611.100949020299595, 7642844.685358013026416 ], [ 424616.943628546432592, 7642831.767433533445001 ], [ 424624.317212964117061, 7642810.480293776839972 ], [ 424627.995135756384116, 7642795.187864017672837 ], [ 424630.427222749916837, 7642779.639191157184541 ], [ 424631.600950691790786, 7642764.033918524160981 ], [ 424631.52685927588027, 7642748.351710038259625 ], [ 424631.015423692180775, 7642740.475646620616317 ], [ 424629.012296252883971, 7642724.650385122746229 ], [ 424625.768408206233289, 7642709.261189976707101 ], [ 424620.827604140504263, 7642692.819947468116879 ] ] ] } },
{ "type": "Feature", "properties": { "fid": 190.0, "COMPR_M": 289.1, "CLASSE": "02 - Curta", "CD_FAZ": "400023", "TALHOES": "1", "FAZ_tAL": "400023001", "ID_LINHA": 157388 }, "geometry": { "type": "MultiLineString", "coordinates": [ [ [ 424517.281611194252037, 7642941.086890283972025 ], [ 424532.651756391744129, 7642930.525244613178074 ], [ 424549.772670722566545, 7642916.971612034365535 ], [ 424563.793153546808753, 7642904.130078324116766 ], [ 424578.011383592849597, 7642888.946237470954657 ], [ 424588.594715099781752, 7642875.698377165943384 ], [ 424598.846811506722588, 7642860.578683724626899 ], [ 424608.411129049549345, 7642843.355928767472506 ], [ 424614.16802571201697, 7642830.627722038887441 ], [ 424621.430342984793242, 7642809.66205976344645 ], [ 424625.051700425683521, 7642794.604854637756944 ], [ 424627.446439861028921, 7642779.294904308393598 ], [ 424628.602214551297948, 7642763.928298817947507 ], [ 424628.529258992231917, 7642748.485966147854924 ], [ 424628.025666364002973, 7642740.730683546513319 ], [ 424626.053411610308103, 7642725.1492531420663 ], [ 424622.859220083104447, 7642709.995963823050261 ], [ 424618.041600614436902, 7642693.941867960616946 ] ] ] } },
{ "type": "Feature", "properties": { "fid": 191.0, "COMPR_M": 284.58, "CLASSE": "02 - Curta", "CD_FAZ": "400023", "TALHOES": "1", "FAZ_tAL": "400023001", "ID_LINHA": 157389 }, "geometry": { "type": "MultiLineString", "coordinates": [ [ [ 424515.968437579052988, 7642938.36432976834476 ], [ 424530.877022691303864, 7642928.106408689171076 ], [ 424547.823598722403403, 7642914.690888823010027 ], [ 424561.689106719277333, 7642901.991432293318212 ], [ 424575.736192735552322, 7642886.990559877827764 ], [ 424586.182684980216436, 7642873.914103098213673 ], [ 424596.294524237979203, 7642859.001407010480762 ], [ 424605.721309078042395, 7642842.026499522849917 ], [ 424611.392422879463993, 7642829.488010546192527 ], [ 424618.543473004596308, 7642808.843825755640864 ], [ 424622.108265095273964, 7642794.021845260635018 ], [ 424624.465656972839497, 7642778.950617461465299 ], [ 424625.603478409931995, 7642763.822679111734033 ], [ 424625.531658709456678, 7642748.620222259312868 ], [ 424625.03590903384611, 7642740.985720474272966 ], [ 424623.094526968430728, 7642725.648121166042984 ], [ 424619.950031959742773, 7642710.730737673118711 ], [ 424615.255597087321803, 7642695.063788449391723 ] ] ] } },
{ "type": "Feature", "properties": { "fid": 192.0, "COMPR_M": 280.06, "CLASSE": "02 - Curta", "CD_FAZ": "400023", "TALHOES": "1", "FAZ_tAL": "400023001", "ID_LINHA": 157390 }, "geometry": { "type": "MultiLineString", "coordinates": [ [ [ 424514.655263966298662, 7642935.641769252717495 ], [ 424529.102288990688976, 7642925.68757276237011 ], [ 424545.874526723113377, 7642912.41016561165452 ], [ 424559.585059892211575, 7642899.85278626345098 ], [ 424573.461001877556555, 7642885.034882279112935 ], [ 424583.770654863386881, 7642872.129829031415284 ], [ 424593.742236968886573, 7642857.424130303785205 ], [ 424603.031489106360823, 7642840.697070278227329 ], [ 424608.616820045514032, 7642828.348299054428935 ], [ 424615.656603026203811, 7642808.025591744109988 ], [ 424619.164829765271861, 7642793.438835881650448 ], [ 424621.484874083951581, 7642778.606330612674356 ], [ 424622.60474226961378, 7642763.717059408314526 ], [ 424622.53405842493521, 7642748.754478371702135 ], [ 424622.046151704969816, 7642741.240757398307323 ], [ 424620.135642326553352, 7642726.146989187225699 ], [ 424617.040843838651199, 7642711.465511517599225 ], [ 424612.469593562593218, 7642696.185708941891789 ] ] ] } },
{ "type": "Feature", "properties": { "fid": 193.0, "COMPR_M": 275.55, "CLASSE": "02 - Curta", "CD_FAZ": "400023", "TALHOES": "1", "FAZ_tAL": "400023001", "ID_LINHA": 157391 }, "geometry": { "type": "MultiLineString", "coordinates": [ [ [ 424513.342090352030937, 7642932.919208738021553 ], [ 424530.649230785842519, 7642920.795381132513285 ], [ 424543.925454724056181, 7642910.129442397505045 ], [ 424557.481013063690625, 7642897.714140231721103 ], [ 424571.185811020783149, 7642883.079204680398107 ], [ 424581.35862474469468, 7642870.34555496275425 ], [ 424591.189949699502904, 7642855.846853589639068 ], [ 424600.341669135959819, 7642839.367641031742096 ], [ 424605.841217212146148, 7642827.208587557077408 ], [ 424612.769733046996407, 7642807.207357730716467 ], [ 424616.221394434280228, 7642792.855826502665877 ], [ 424618.504091195063666, 7642778.262043765746057 ], [ 424619.60600612917915, 7642763.611439703032374 ], [ 424619.05639437539503, 7642741.495794323273003 ], [ 424617.176757684035692, 7642726.645857209339738 ], [ 424614.131655716570094, 7642712.200285364873707 ], [ 424609.68359003693331, 7642697.307629432529211 ] ] ] } },
{ "type": "Feature", "properties": { "fid": 194.0, "COMPR_M": 271.03, "CLASSE": "02 - Curta", "CD_FAZ": "400023", "TALHOES": "1", "FAZ_tAL": "400023001", "ID_LINHA": 157392 }, "geometry": { "type": "MultiLineString", "coordinates": [ [ [ 424512.02891673828708, 7642930.196648220531642 ], [ 424528.840308134560473, 7642918.402002673596144 ], [ 424541.976382723776624, 7642907.848719188943505 ], [ 424555.37696623505326, 7642895.575494202785194 ], [ 424568.910620163311251, 7642881.123527085408568 ], [ 424578.946594624081627, 7642868.561280894093215 ], [ 424588.637662431108765, 7642854.269576879218221 ], [ 424597.651849164045416, 7642838.038211788982153 ], [ 424603.065614378079772, 7642826.068876065313816 ], [ 424609.882863067672588, 7642806.389123719185591 ], [ 424613.277959103637841, 7642792.272817123681307 ], [ 424615.523308305535465, 7642777.917756917886436 ], [ 424616.607269987813197, 7642763.5058199968189 ], [ 424616.066637046518736, 7642741.750831248238683 ], [ 424614.217873042158317, 7642727.144725233316422 ], [ 424611.222467594139744, 7642712.93505921214819 ], [ 424606.897586510924157, 7642698.429549923166633 ] ] ] } },
{ "type": "Feature", "properties": { "fid": 195.0, "COMPR_M": 266.52, "CLASSE": "02 - Curta", "CD_FAZ": "400023", "TALHOES": "1", "FAZ_tAL": "400023001", "ID_LINHA": 157393 }, "geometry": { "type": "MultiLineString", "coordinates": [ [ [ 424510.715743123728316, 7642927.4740877058357 ], [ 424527.031385483685881, 7642916.008624212816358 ], [ 424540.027310725010466, 7642905.567995981313288 ], [ 424553.272919408162124, 7642893.436848171055317 ], [ 424566.635429306479637, 7642879.167849488556385 ], [ 424576.534564505622257, 7642866.777006828226149 ], [ 424586.085375160968397, 7642852.692300168797374 ], [ 424594.962029192072805, 7642836.708782544359565 ], [ 424600.290011544595473, 7642824.929164571687579 ], [ 424606.995993088698015, 7642805.570889706723392 ], [ 424610.334523773344699, 7642791.689807745628059 ], [ 424612.542525416705757, 7642777.573470069095492 ], [ 424613.608533846912906, 7642763.400200293399394 ], [ 424613.076879717002157, 7642742.00586817227304 ], [ 424611.258988399640657, 7642727.643593252636492 ], [ 424608.313279471476562, 7642713.669833058491349 ], [ 424604.111582985264249, 7642699.551470413804054 ] ] ] } },
{ "type": "Feature", "properties": { "fid": 196.0, "COMPR_M": 262.0, "CLASSE": "02 - Curta", "CD_FAZ": "400023", "TALHOES": "1", "FAZ_tAL": "400023001", "ID_LINHA": 157394 }, "geometry": { "type": "MultiLineString", "coordinates": [ [ [ 424509.400433671311475, 7642924.747099021449685 ], [ 424525.222462831996381, 7642913.615245753899217 ], [ 424538.078238725080155, 7642903.287272766232491 ], [ 424551.168872580456082, 7642891.298202138394117 ], [ 424564.360238447610755, 7642877.212171891704202 ], [ 424574.122534387919586, 7642864.99273275770247 ], [ 424583.53308789129369, 7642851.115023452788591 ], [ 424592.272209221322555, 7642835.379353297874331 ], [ 424597.514408710412681, 7642823.789453078061342 ], [ 424604.10912310826825, 7642804.752655697986484 ], [ 424607.391088444041088, 7642791.106798368506134 ], [ 424609.561742530553602, 7642777.229183219373226 ], [ 424610.609797707758844, 7642763.294580588117242 ], [ 424610.087122388766147, 7642742.26090510096401 ], [ 424608.300103757181205, 7642728.142461273819208 ], [ 424605.404091349104419, 7642714.404606904834509 ], [ 424601.325579459313303, 7642700.673390905372798 ] ] ] } },
{ "type": "Feature", "properties": { "fid": 197.0, "COMPR_M": 257.48, "CLASSE": "02 - Curta", "CD_FAZ": "400023", "TALHOES": "1", "FAZ_tAL": "400023001", "ID_LINHA": 157395 }, "geometry": { "type": "MultiLineString", "coordinates": [ [ [ 424508.085026653716341, 7642922.019908059388399 ], [ 424523.41354018135462, 7642911.221867293119431 ], [ 424536.129166726022959, 7642901.006549557670951 ], [ 424549.064825752633624, 7642889.159556107595563 ], [ 424562.085047590662725, 7642875.256494294852018 ], [ 424571.710504268296063, 7642863.208458692766726 ], [ 424580.980800622492097, 7642849.53774674423039 ], [ 424589.582389249757398, 7642834.049924051389098 ], [ 424594.738805876811966, 7642822.649741584435105 ], [ 424601.22225312970113, 7642803.934421685524285 ], [ 424604.447653114388231, 7642790.523788991384208 ], [ 424606.58095964032691, 7642776.88489637337625 ], [ 424607.611061566392891, 7642763.188960881903768 ], [ 424607.097365059074946, 7642742.515942027792335 ], [ 424605.341219114721753, 7642728.641329297795892 ], [ 424602.494903226441238, 7642715.139380752108991 ], [ 424598.539575933769811, 7642701.795311396941543 ] ] ] } },
{ "type": "Feature", "properties": { "fid": 198.0, "COMPR_M": 252.96, "CLASSE": "02 - Curta", "CD_FAZ": "400023", "TALHOES": "1", "FAZ_tAL": "400023001", "ID_LINHA": 157396 }, "geometry": { "type": "MultiLineString", "coordinates": [ [ [ 424506.769619636062998, 7642919.292717101983726 ], [ 424521.604617530480027, 7642908.828488833270967 ], [ 424534.180094725103118, 7642898.725826349109411 ], [ 424546.960778924578335, 7642887.020910076797009 ], [ 424559.809856732957996, 7642873.300816697999835 ], [ 424569.298474151524715, 7642861.424184625968337 ], [ 424578.428513353457674, 7642847.960470030084252 ], [ 424586.892569277377333, 7642832.72049480676651 ], [ 424591.963203043153044, 7642821.510030089877546 ], [ 424598.335383151541464, 7642803.116187673062086 ], [ 424601.50421778310556, 7642789.94077960960567 ], [ 424603.60017675079871, 7642776.540609525516629 ], [ 424604.612325426191092, 7642763.083341176621616 ], [ 424604.548456723859999, 7642749.560015035793185 ], [ 424603.387740429781843, 7642735.963220097124577 ], [ 424601.09924021246843, 7642722.386862022802234 ], [ 424595.753572406538296, 7642702.917231889441609 ] ] ] } },
{ "type": "Feature", "properties": { "fid": 199.0, "COMPR_M": 248.45, "CLASSE": "02 - Curta", "CD_FAZ": "400023", "TALHOES": "1", "FAZ_tAL": "400023001", "ID_LINHA": 157397 }, "geometry": { "type": "MultiLineString", "coordinates": [ [ [ 424505.454212618467864, 7642916.56552614364773 ], [ 424519.795694880129304, 7642906.435110373422503 ], [ 424532.231022727792151, 7642896.445103133097291 ], [ 424544.856732096406631, 7642884.882264048792422 ], [ 424557.534665876592044, 7642871.345139103010297 ], [ 424566.886444031493738, 7642859.639910558238626 ], [ 424575.876226082735229, 7642846.383193316869438 ], [ 424584.20274930621963, 7642831.391065562143922 ], [ 424589.187600209377706, 7642820.370318597182631 ], [ 424595.448513171228115, 7642802.29795366153121 ], [ 424598.560782452870626, 7642789.357770233415067 ], [ 424600.619393863307778, 7642776.196322677657008 ], [ 424601.613589284359477, 7642762.977721471339464 ], [ 424601.550856438465416, 7642749.694271147251129 ], [ 424600.410833513131365, 7642736.339782908558846 ], [ 424598.1633286945289, 7642723.00664494279772 ], [ 424592.96756888233358, 7642704.039152381941676 ] ] ] } },
{ "type": "Feature", "properties": { "fid": 200.0, "COMPR_M": 243.93, "CLASSE": "02 - Curta", "CD_FAZ": "400023", "TALHOES": "1", "FAZ_tAL": "400023001", "ID_LINHA": 157398 }, "geometry": { "type": "MultiLineString", "coordinates": [ [ [ 424504.138805601629429, 7642913.838335184380412 ], [ 424517.986772226868197, 7642904.041731912642717 ], [ 424533.383446924912278, 7642891.470507727004588 ], [ 424545.88615931669483, 7642879.601423873566091 ], [ 424555.259475019469392, 7642869.389461504295468 ], [ 424564.474413912859745, 7642857.855636488646269 ], [ 424573.323938814923167, 7642844.805916607379913 ], [ 424581.512929335702211, 7642830.061636315658689 ], [ 424586.411997374903876, 7642819.230607103556395 ], [ 424592.561643192719202, 7642801.479719647206366 ], [ 424595.617347122926731, 7642788.774760853499174 ], [ 424597.638610975118354, 7642775.852035831660032 ], [ 424598.614853143692017, 7642762.87210176885128 ], [ 424598.553256156679709, 7642749.82852725777775 ], [ 424597.433926596539095, 7642736.716345720924437 ], [ 424595.227417176181916, 7642723.626427862793207 ], [ 424590.181565355858766, 7642705.161072872579098 ] ] ] } },
{ "type": "Feature", "properties": { "fid": 201.0, "COMPR_M": 239.41, "CLASSE": "02 - Curta", "CD_FAZ": "400023", "TALHOES": "1", "FAZ_tAL": "400023001", "ID_LINHA": 157399 }, "geometry": { "type": "MultiLineString", "coordinates": [ [ [ 424502.823398582870141, 7642911.111144224181771 ], [ 424516.177849576633889, 7642901.648353457450867 ], [ 424531.397216192039195, 7642889.222059540450573 ], [ 424543.740764155692887, 7642877.504241243004799 ], [ 424552.984284161648247, 7642867.433783907443285 ], [ 424562.06238379504066, 7642856.071362422779202 ], [ 424570.771651544200722, 7642843.228639895096421 ], [ 424578.823109363671392, 7642828.7322070710361 ], [ 424583.636394541710615, 7642818.090895608067513 ], [ 424589.674773212696891, 7642800.661485638469458 ], [ 424592.673911792691797, 7642788.191751474514604 ], [ 424594.65782808494987, 7642775.507748982869089 ], [ 424595.616117004072294, 7642762.766482061706483 ], [ 424595.555655873147771, 7642749.962783368304372 ], [ 424594.457019680645317, 7642737.092908527702093 ], [ 424592.291505659348331, 7642724.246210781857371 ], [ 424587.395561830373481, 7642706.282993362285197 ] ] ] } },
{ "type": "Feature", "properties": { "fid": 202.0, "COMPR_M": 234.89, "CLASSE": "02 - Curta", "CD_FAZ": "400023", "TALHOES": "1", "FAZ_tAL": "400023001", "ID_LINHA": 157400 }, "geometry": { "type": "MultiLineString", "coordinates": [ [ [ 424501.507991566089913, 7642908.383953262120485 ], [ 424517.373738166468684, 7642896.949933307245374 ], [ 424529.41098546248395, 7642886.973611358553171 ], [ 424541.595368997543119, 7642875.407058610580862 ], [ 424550.709093303070404, 7642865.478106311522424 ], [ 424559.650353676057421, 7642854.287088353186846 ], [ 424568.219364275806583, 7642841.651363182812929 ], [ 424576.133289392862935, 7642827.402777826413512 ], [ 424580.860791707760654, 7642816.951184116303921 ], [ 424586.787903234479018, 7642799.843251626938581 ], [ 424589.730476462107617, 7642787.608742095530033 ], [ 424591.677045198739506, 7642775.1634621322155 ], [ 424592.617380862298887, 7642762.660862351767719 ], [ 424592.558055589848664, 7642750.097039478830993 ], [ 424591.480112762830686, 7642737.469471340999007 ], [ 424589.355594141408801, 7642724.865993704646826 ], [ 424584.609558303956874, 7642707.404913851991296 ] ] ] } },
{ "type": "Feature", "properties": { "fid": 203.0, "COMPR_M": 230.38, "CLASSE": "02 - Curta", "CD_FAZ": "400023", "TALHOES": "1", "FAZ_tAL": "400023001", "ID_LINHA": 157401 }, "geometry": { "type": "MultiLineString", "coordinates": [ [ [ 424500.192584548087325, 7642905.656762301921844 ], [ 424515.530461262562312, 7642894.582908576354384 ], [ 424527.424754730251152, 7642884.725163175724447 ], [ 424539.449973837647121, 7642873.309875980019569 ], [ 424548.433902446529828, 7642863.522428713738918 ], [ 424557.238323557190597, 7642852.502814285457134 ], [ 424565.667077006422915, 7642840.074086472392082 ], [ 424573.44346942123957, 7642826.073348579928279 ], [ 424578.085188875091262, 7642815.811472622677684 ], [ 424583.901033255388029, 7642799.025017616339028 ], [ 424586.787041131872684, 7642787.025732716545463 ], [ 424588.696262309153099, 7642774.819175289012492 ], [ 424589.618644721573219, 7642762.555242652073503 ], [ 424589.560455306083895, 7642750.23129559122026 ], [ 424588.503205847693607, 7642737.846034150570631 ], [ 424586.419682623702101, 7642725.485776624642313 ], [ 424581.823554777889512, 7642708.526834344491363 ] ] ] } },
{ "type": "Feature", "properties": { "fid": 204.0, "COMPR_M": 225.86, "CLASSE": "02 - Curta", "CD_FAZ": "400023", "TALHOES": "1", "FAZ_tAL": "400023001", "ID_LINHA": 157402 }, "geometry": { "type": "MultiLineString", "coordinates": [ [ [ 424498.877177532762289, 7642902.929571344517171 ], [ 424513.687184357899241, 7642892.215883849188685 ], [ 424525.438523999415338, 7642882.476714992895722 ], [ 424537.304578678042162, 7642871.212693348526955 ], [ 424546.158711588475853, 7642861.566751120612025 ], [ 424554.826293438381981, 7642850.718540217727423 ], [ 424563.114789738028776, 7642838.49680976010859 ], [ 424570.753649449557997, 7642824.743919338099658 ], [ 424575.309586040326394, 7642814.671761127188802 ], [ 424581.014163275482133, 7642798.206783603876829 ], [ 424583.843605801346712, 7642786.442723337560892 ], [ 424585.715479419683106, 7642774.474888440221548 ], [ 424586.619908583292272, 7642762.449622943066061 ], [ 424586.562855022610165, 7642750.365551702678204 ], [ 424585.526298930635676, 7642738.2225969620049 ], [ 424583.48377110552974, 7642726.105559543706477 ], [ 424579.032136276480742, 7642709.650935439392924 ] ] ] } },
{ "type": "Feature", "properties": { "fid": 205.0, "COMPR_M": 221.34, "CLASSE": "02 - Curta", "CD_FAZ": "400023", "TALHOES": "1", "FAZ_tAL": "400023001", "ID_LINHA": 157403 }, "geometry": { "type": "MultiLineString", "coordinates": [ [ [ 424497.55962297815131, 7642900.197927966713905 ], [ 424511.843907455913723, 7642889.848859117366374 ], [ 424523.452293268579524, 7642880.228266808204353 ], [ 424535.159183518029749, 7642869.11551071703434 ], [ 424543.883520730480086, 7642859.611073521897197 ], [ 424552.41426331968978, 7642848.934266151860356 ], [ 424560.562502468586899, 7642836.919533049687743 ], [ 424568.063829479040578, 7642823.414490090683103 ], [ 424572.533983207482379, 7642813.532049637287855 ], [ 424578.127293296041898, 7642797.388549592345953 ], [ 424580.900170471111778, 7642785.859713958576322 ], [ 424582.734696532133967, 7642774.130601594224572 ], [ 424583.621172441460658, 7642762.344003237783909 ], [ 424583.565254738787189, 7642750.499807812273502 ], [ 424582.549392013577744, 7642738.599159771576524 ], [ 424580.547859587532002, 7642726.725342462770641 ], [ 424576.240192966593895, 7642710.775247875601053 ] ] ] } },
{ "type": "Feature", "properties": { "fid": 206.0, "COMPR_M": 216.82, "CLASSE": "02 - Curta", "CD_FAZ": "400023", "TALHOES": "1", "FAZ_tAL": "400023001", "ID_LINHA": 157404 }, "geometry": { "type": "MultiLineString", "coordinates": [ [ [ 424496.241661417705473, 7642897.465537082403898 ], [ 424510.000630551949143, 7642887.481834389269352 ], [ 424521.466062535706442, 7642877.979818627238274 ], [ 424533.013788358890451, 7642867.018328085541725 ], [ 424541.608329874405172, 7642857.655395923182368 ], [ 424550.002233201172203, 7642847.149992083199322 ], [ 424558.010215199552476, 7642835.342256337404251 ], [ 424565.374009505787399, 7642822.085060846991837 ], [ 424569.758380373939872, 7642812.392338141798973 ], [ 424575.240423316368833, 7642796.570315580815077 ], [ 424577.956735141866375, 7642785.276704580523074 ], [ 424579.753913643246051, 7642773.786314743570983 ], [ 424580.622436300793197, 7642762.23838353343308 ], [ 424580.56765445380006, 7642750.634063921868801 ], [ 424579.572485097916797, 7642738.97572258207947 ], [ 424577.611948070465587, 7642727.345125382766128 ], [ 424573.448249656066764, 7642711.899560311809182 ] ] ] } },
{ "type": "Feature", "properties": { "fid": 207.0, "COMPR_M": 212.3, "CLASSE": "02 - Curta", "CD_FAZ": "400023", "TALHOES": "1", "FAZ_tAL": "400023001", "ID_LINHA": 157405 }, "geometry": { "type": "MultiLineString", "coordinates": [ [ [ 424494.925739638798404, 7642894.731755227781832 ], [ 424508.157353647926357, 7642885.11480965744704 ], [ 424519.479831804230344, 7642875.731370440684259 ], [ 424530.868393199285492, 7642864.92114545404911 ], [ 424539.333139015594497, 7642855.69971832819283 ], [ 424547.590203082712833, 7642845.365718015469611 ], [ 424555.457927930168808, 7642833.764979625120759 ], [ 424562.684189535037149, 7642820.755631600506604 ], [ 424566.982777540280949, 7642811.252626649104059 ], [ 424572.353553339198697, 7642795.752081569284201 ], [ 424575.013299810991157, 7642784.693695202469826 ], [ 424576.773130754998419, 7642773.44202789478004 ], [ 424577.623700159136206, 7642762.132763828150928 ], [ 424577.570054171723314, 7642750.768320033326745 ], [ 424576.595578180917073, 7642739.352285393513739 ], [ 424574.676036552176811, 7642727.964908303692937 ], [ 424570.656306344142649, 7642713.023872746154666 ] ] ] } },
{ "type": "Feature", "properties": { "fid": 208.0, "COMPR_M": 207.78, "CLASSE": "02 - Curta", "CD_FAZ": "400023", "TALHOES": "1", "FAZ_tAL": "400023001", "ID_LINHA": 157406 }, "geometry": { "type": "MultiLineString", "coordinates": [ [ [ 424493.60981785855256, 7642891.997973375022411 ], [ 424506.31407674390357, 7642882.747784930281341 ], [ 424517.493601072172169, 7642873.48292225971818 ], [ 424528.722998039331287, 7642862.823962821625173 ], [ 424537.057948159403168, 7642853.744040729478002 ], [ 424545.178172962390818, 7642843.581443946808577 ], [ 424552.905640661774669, 7642832.187702912837267 ], [ 424559.994369562889915, 7642819.426202355884016 ], [ 424564.207174706622027, 7642810.112915154546499 ], [ 424569.466683359176386, 7642794.933847555890679 ], [ 424572.069864480465185, 7642784.110685823485255 ], [ 424573.792347865470219, 7642773.097741049714386 ], [ 424574.624964020622429, 7642762.027144122868776 ], [ 424574.572453887900338, 7642750.902576144784689 ], [ 424573.618671263335273, 7642739.72884820215404 ], [ 424571.740125034877565, 7642728.584691222757101 ], [ 424567.864363034896087, 7642714.148185182362795 ] ] ] } },
{ "type": "Feature", "properties": { "fid": 209.0, "COMPR_M": 203.26, "CLASSE": "02 - Curta", "CD_FAZ": "400023", "TALHOES": "1", "FAZ_tAL": "400023001", "ID_LINHA": 157407 }, "geometry": { "type": "MultiLineString", "coordinates": [ [ [ 424492.293896079063416, 7642889.2641915185377 ], [ 424504.470799841219559, 7642880.380760200321674 ], [ 424515.507370341336355, 7642871.234474074095488 ], [ 424526.577602878969628, 7642860.726780190132558 ], [ 424534.782757302513346, 7642851.788363134488463 ], [ 424542.766142843523994, 7642841.797169881872833 ], [ 424550.353353390411939, 7642830.610426200553775 ], [ 424557.304549592547119, 7642818.096773109398782 ], [ 424561.431571872788481, 7642808.973203660920262 ], [ 424566.57981338026002, 7642794.115613547153771 ], [ 424569.126429150288459, 7642783.52767644636333 ], [ 424570.81156497716438, 7642772.753454202786088 ], [ 424571.626227879198268, 7642761.921524418517947 ], [ 424571.574853604310192, 7642751.036832256242633 ], [ 424570.641764348489232, 7642740.105411011725664 ], [ 424568.80421351705445, 7642729.204474141821265 ], [ 424565.072419723612256, 7642715.272497618570924 ] ] ] } },
{ "type": "Feature", "properties": { "fid": 210.0, "COMPR_M": 198.74, "CLASSE": "02 - Curta", "CD_FAZ": "400023", "TALHOES": "1", "FAZ_tAL": "400023001", "ID_LINHA": 157408 }, "geometry": { "type": "MultiLineString", "coordinates": [ [ [ 424490.977974298293702, 7642886.530409662052989 ], [ 424502.62752293725498, 7642878.013735474087298 ], [ 424513.52113960927818, 7642868.986025892198086 ], [ 424524.432207720121369, 7642858.629597555845976 ], [ 424532.507566444925033, 7642849.83268553763628 ], [ 424540.354112726112362, 7642840.012895813211799 ], [ 424547.801066122658085, 7642829.033149488270283 ], [ 424554.614729621447623, 7642816.767343865707517 ], [ 424558.655969039013144, 7642807.833492167294025 ], [ 424563.692943400586955, 7642793.297379534691572 ], [ 424566.182993819704279, 7642782.944667067378759 ], [ 424567.830782088974956, 7642772.409167352132499 ], [ 424568.627491739578545, 7642761.815904714167118 ], [ 424568.577253321011085, 7642751.171088366769254 ], [ 424567.664857432246208, 7642740.481973822228611 ], [ 424565.868301998125389, 7642729.824257062748075 ], [ 424562.28047641296871, 7642716.396810054779053 ] ] ] } },
{ "type": "Feature", "properties": { "fid": 211.0, "COMPR_M": 194.22, "CLASSE": "02 - Curta", "CD_FAZ": "400023", "TALHOES": "1", "FAZ_tAL": "400023001", "ID_LINHA": 157409 }, "geometry": { "type": "MultiLineString", "coordinates": [ [ [ 424489.662052520259749, 7642883.796627808362246 ], [ 424500.784246033872478, 7642875.646710743196309 ], [ 424511.534908877918497, 7642866.737577708438039 ], [ 424522.286812559585087, 7642856.532414928078651 ], [ 424530.232375587278511, 7642847.877007942646742 ], [ 424537.942082607420161, 7642838.228621747344732 ], [ 424545.248778853274416, 7642827.455872777849436 ], [ 424551.924909649649635, 7642815.437914621084929 ], [ 424555.880366205063183, 7642806.693780673667789 ], [ 424560.806073419982567, 7642792.479145522229373 ], [ 424563.239558489527553, 7642782.361657686531544 ], [ 424564.849999200727325, 7642772.064880503341556 ], [ 424565.628755598329008, 7642761.710285007953644 ], [ 424565.579653037246317, 7642751.305344477295876 ], [ 424564.687950515479315, 7642740.858536632731557 ], [ 424562.932390482048504, 7642730.444039984606206 ], [ 424559.48853310290724, 7642717.521122490987182 ] ] ] } },
{ "type": "Feature", "properties": { "fid": 212.0, "COMPR_M": 189.69, "CLASSE": "02 - Curta", "CD_FAZ": "400023", "TALHOES": "1", "FAZ_tAL": "400023001", "ID_LINHA": 157410 }, "geometry": { "type": "MultiLineString", "coordinates": [ [ [ 424488.345339355350006, 7642881.061201877892017 ], [ 424498.940969129849691, 7642873.279686013236642 ], [ 424509.548678147199098, 7642864.489129524677992 ], [ 424520.141417399980128, 7642854.435232295654714 ], [ 424527.957184730214067, 7642845.921330345794559 ], [ 424535.530052488902584, 7642836.444347679615021 ], [ 424542.696491584298201, 7642825.878596065565944 ], [ 424549.235089678317308, 7642814.108485373668373 ], [ 424553.104763371753506, 7642805.554069178178906 ], [ 424557.919203442521393, 7642791.66091151162982 ], [ 424560.296123159641866, 7642781.778648309409618 ], [ 424561.869216311781202, 7642771.720593658275902 ], [ 424562.630019457545131, 7642761.604665303602815 ], [ 424562.582052753772587, 7642751.439600587822497 ], [ 424561.711043599352706, 7642741.235099446028471 ], [ 424559.996478963526897, 7642731.063822905533016 ], [ 424556.696589791565202, 7642718.645434925332665 ] ] ] } },
{ "type": "Feature", "properties": { "fid": 213.0, "COMPR_M": 185.17, "CLASSE": "02 - Curta", "CD_FAZ": "400023", "TALHOES": "1", "FAZ_tAL": "400023001", "ID_LINHA": 157411 }, "geometry": { "type": "MultiLineString", "coordinates": [ [ [ 424487.026586444408167, 7642878.321538442745805 ], [ 424497.097692226525396, 7642870.912661284208298 ], [ 424507.562447414500639, 7642862.24068134278059 ], [ 424517.996022241248284, 7642852.338049665093422 ], [ 424525.68199387245113, 7642843.96565274707973 ], [ 424533.118022369861137, 7642834.660073612816632 ], [ 424540.144204313517548, 7642824.301319354213774 ], [ 424546.545269707508851, 7642812.77905613090843 ], [ 424550.32916053768713, 7642804.41435768827796 ], [ 424555.032333462149836, 7642790.842677501961589 ], [ 424557.352687828824855, 7642781.195638926699758 ], [ 424558.888433422835078, 7642771.376306809484959 ], [ 424559.63128331588814, 7642761.499045599251986 ], [ 424559.584452470531687, 7642751.573856698349118 ], [ 424558.734136681945529, 7642741.611662254668772 ], [ 424557.060567445878405, 7642731.683605823665857 ], [ 424553.904646481503733, 7642719.769747362472117 ] ] ] } },
{ "type": "Feature", "properties": { "fid": 214.0, "COMPR_M": 180.64, "CLASSE": "02 - Curta", "CD_FAZ": "400023", "TALHOES": "1", "FAZ_tAL": "400023001", "ID_LINHA": 157412 }, "geometry": { "type": "MultiLineString", "coordinates": [ [ [ 424485.707833533466328, 7642875.581875011324883 ], [ 424495.254415323142894, 7642868.545636555179954 ], [ 424505.576216683199164, 7642859.992233159020543 ], [ 424515.850627080770209, 7642850.240867031738162 ], [ 424523.406803015328478, 7642842.009975152090192 ], [ 424530.705992250237614, 7642832.875799542292953 ], [ 424537.591917045821901, 7642822.72404264099896 ], [ 424543.855449735943694, 7642811.449626883491874 ], [ 424547.553557704202831, 7642803.274646192789078 ], [ 424552.145463483640924, 7642790.024443488568068 ], [ 424554.409252498939168, 7642780.612629551440477 ], [ 424555.90765053324867, 7642771.032019963487983 ], [ 424556.632547175977379, 7642761.393425893038511 ], [ 424556.58685218548635, 7642751.708112809807062 ], [ 424555.757229765877128, 7642741.988225065171719 ], [ 424554.12465592904482, 7642732.303388742730021 ], [ 424551.112703171442263, 7642720.894059795886278 ] ] ] } },
{ "type": "Feature", "properties": { "fid": 215.0, "COMPR_M": 176.12, "CLASSE": "02 - Curta", "CD_FAZ": "400023", "TALHOES": "1", "FAZ_tAL": "400023001", "ID_LINHA": 157413 }, "geometry": { "type": "MultiLineString", "coordinates": [ [ [ 424484.389080623281188, 7642872.842211578041315 ], [ 424493.411138419120107, 7642866.178611826151609 ], [ 424503.589985951897688, 7642857.743784975260496 ], [ 424513.705231921863742, 7642848.143684403039515 ], [ 424521.131612157449126, 7642840.054297557100654 ], [ 424528.293962131428998, 7642831.091525476425886 ], [ 424535.039629777078517, 7642821.146765930578113 ], [ 424541.165629764902405, 7642810.120197640731931 ], [ 424544.777954869321547, 7642802.134934699162841 ], [ 424549.258593504957389, 7642789.206209477037191 ], [ 424551.465817168704234, 7642780.029620172455907 ], [ 424552.926867644244339, 7642770.687733115628362 ], [ 424553.633811035833787, 7642761.287806186825037 ], [ 424553.589251902070828, 7642751.842368921265006 ], [ 424552.780322850565426, 7642742.364787876605988 ], [ 424551.188744410523213, 7642732.923171663656831 ], [ 424548.320759859343525, 7642722.01837223302573 ] ] ] } },
{ "type": "Feature", "properties": { "fid": 216.0, "COMPR_M": 171.6, "CLASSE": "02 - Curta", "CD_FAZ": "400023", "TALHOES": "1", "FAZ_tAL": "400023001", "ID_LINHA": 157414 }, "geometry": { "type": "MultiLineString", "coordinates": [ [ [ 424483.070327712397557, 7642870.10254814568907 ], [ 424491.567861514457036, 7642863.81158709526062 ], [ 424501.603755219955929, 7642855.495336791500449 ], [ 424511.559836761909537, 7642846.046501770615578 ], [ 424518.85642129892949, 7642838.098619957454503 ], [ 424525.881932014017366, 7642829.307251406833529 ], [ 424532.487342508102302, 7642819.569489219225943 ], [ 424538.475809793104418, 7642808.790768394246697 ], [ 424542.002352037699893, 7642800.995223205536604 ], [ 424546.371723526041023, 7642788.387975462712348 ], [ 424548.522381838178262, 7642779.446610792540014 ], [ 424549.946084757219069, 7642770.343446265906096 ], [ 424550.635074894758873, 7642761.182186482474208 ], [ 424550.591651620168705, 7642751.976625031791627 ], [ 424549.803415932576172, 7642742.741350688040257 ], [ 424548.252832892758306, 7642733.542954582720995 ], [ 424545.528816550504416, 7642723.142684668302536 ] ] ] } },
{ "type": "Feature", "properties": { "fid": 217.0, "COMPR_M": 167.07, "CLASSE": "02 - Curta", "CD_FAZ": "400023", "TALHOES": "1", "FAZ_tAL": "400023001", "ID_LINHA": 157415 }, "geometry": { "type": "MultiLineString", "coordinates": [ [ [ 424481.75157479965128, 7642867.362884713336825 ], [ 424499.617524488014169, 7642853.246888609603047 ], [ 424509.414441602188163, 7642843.949319139122963 ], [ 424516.581230442970991, 7642836.142942363396287 ], [ 424523.469901894801296, 7642827.522977340966463 ], [ 424529.935055238078348, 7642817.992212508805096 ], [ 424535.785989821830299, 7642807.461339147761464 ], [ 424539.226749204040971, 7642799.855511711910367 ], [ 424543.484853545611259, 7642787.569741453975439 ], [ 424545.57894650666276, 7642778.863601415418088 ], [ 424546.96530186891323, 7642769.999159418046474 ], [ 424547.636338754789904, 7642761.076566778123379 ], [ 424547.594051335181575, 7642752.110881142318249 ], [ 424546.826509017962962, 7642743.117913495749235 ], [ 424545.316921374585945, 7642734.162737503647804 ], [ 424542.736873239686247, 7642724.26699710637331 ] ] ] } },
{ "type": "Feature", "properties": { "fid": 218.0, "COMPR_M": 162.55, "CLASSE": "02 - Curta", "CD_FAZ": "400023", "TALHOES": "1", "FAZ_tAL": "400023001", "ID_LINHA": 157416 }, "geometry": { "type": "MultiLineString", "coordinates": [ [ [ 424480.432821887545288, 7642864.623221281915903 ], [ 424490.324947033193894, 7642857.145893373526633 ], [ 424500.057730595872272, 7642848.818515155464411 ], [ 424507.269046444038395, 7642841.852136505767703 ], [ 424514.306039585615508, 7642834.187264766544104 ], [ 424521.057871775643434, 7642825.738703273236752 ], [ 424527.382767968345433, 7642816.414935795590281 ], [ 424533.096169849857688, 7642806.131909902207553 ], [ 424536.451146369625349, 7642798.71580021828413 ], [ 424540.597983567568008, 7642786.751507443375885 ], [ 424542.635511177359149, 7642778.280592036433518 ], [ 424543.984518978570122, 7642769.654872572049499 ], [ 424544.637602613889612, 7642760.970947071909904 ], [ 424544.596451052464545, 7642752.245137251913548 ], [ 424543.849602100730408, 7642743.494476307183504 ], [ 424542.381009857286699, 7642734.782520423643291 ], [ 424539.94492992880987, 7642725.391309540718794 ] ] ] } },
{ "type": "Feature", "properties": { "fid": 219.0, "COMPR_M": 4.05, "CLASSE": "01 - Muito curta", "CD_FAZ": "400023", "TALHOES": "1", "FAZ_tAL": "400023001", "ID_LINHA": 157417 }, "geometry": { "type": "MultiLineString", "coordinates": [ [ [ 424434.873766965873074, 7642769.975864855572581 ], [ 424437.57267169712577, 7642766.952368606813252 ] ] ] } },
{ "type": "Feature", "properties": { "fid": 220.0, "COMPR_M": 158.03, "CLASSE": "02 - Curta", "CD_FAZ": "400023", "TALHOES": "1", "FAZ_tAL": "400023001", "ID_LINHA": 157418 }, "geometry": { "type": "MultiLineString", "coordinates": [ [ [ 424479.111285370483529, 7642861.877774998545647 ], [ 424488.447113961097784, 7642854.806184550747275 ], [ 424498.033281707321294, 7642846.604402393102646 ], [ 424505.123651282163337, 7642839.754953876137733 ], [ 424512.030848728318233, 7642832.231587167829275 ], [ 424518.645841657242272, 7642823.954429208301008 ], [ 424524.830480699660257, 7642814.837659079581499 ], [ 424530.406349878350738, 7642804.80248065944761 ], [ 424533.675543535733595, 7642797.576088726520538 ], [ 424537.711113586788997, 7642785.933273430913687 ], [ 424539.692075847182423, 7642777.69758265838027 ], [ 424541.00373609084636, 7642769.310585724189878 ], [ 424541.638866472814698, 7642760.865327367559075 ], [ 424541.598850769281853, 7642752.379393363371491 ], [ 424540.872695184196346, 7642743.871039116755128 ], [ 424539.445098339521792, 7642735.402303343638778 ], [ 424537.152986618573777, 7642726.515621976926923 ] ] ] } },
{ "type": "Feature", "properties": { "fid": 221.0, "COMPR_M": 10.45, "CLASSE": "01 - Muito curta", "CD_FAZ": "400023", "TALHOES": "1", "FAZ_tAL": "400023001", "ID_LINHA": 157419 }, "geometry": { "type": "MultiLineString", "coordinates": [ [ [ 424436.260320475266781, 7642772.856381682679057 ], [ 424442.883015570230782, 7642764.794274016283453 ] ] ] } },
{ "type": "Feature", "properties": { "fid": 222.0, "COMPR_M": 153.51, "CLASSE": "02 - Curta", "CD_FAZ": "400023", "TALHOES": "1", "FAZ_tAL": "400023001", "ID_LINHA": 157420 }, "geometry": { "type": "MultiLineString", "coordinates": [ [ [ 424477.789384938485455, 7642859.131572698242962 ], [ 424486.569280891446397, 7642852.46647572889924 ], [ 424496.008832818712108, 7642844.390289627015591 ], [ 424509.755657870904543, 7642830.275909570977092 ], [ 424516.233811537735164, 7642822.170155137777328 ], [ 424522.278193430625834, 7642813.260382372885942 ], [ 424527.716529907367658, 7642803.4730514138937 ], [ 424530.899940702482127, 7642796.436377234756947 ], [ 424534.8242436083965, 7642785.115039419382811 ], [ 424536.748640516656451, 7642777.114573277533054 ], [ 424538.022953202482313, 7642768.966298877261579 ], [ 424538.640130332147237, 7642760.759707663208246 ], [ 424538.6012504856335, 7642752.513649475760758 ], [ 424537.895788267604075, 7642744.247601928189397 ], [ 424536.509186821291223, 7642736.022086263634264 ], [ 424534.361043307639193, 7642727.639934413135052 ] ] ] } },
{ "type": "Feature", "properties": { "fid": 223.0, "COMPR_M": 16.06, "CLASSE": "01 - Muito curta", "CD_FAZ": "400023", "TALHOES": "1", "FAZ_tAL": "400023001", "ID_LINHA": 157421 }, "geometry": { "type": "MultiLineString", "coordinates": [ [ [ 424437.639608086552471, 7642775.721803850494325 ], [ 424443.872907976212446, 7642768.641933113336563 ], [ 424447.302243150246795, 7642762.998324193060398 ] ] ] } },
{ "type": "Feature", "properties": { "fid": 224.0, "COMPR_M": 148.98, "CLASSE": "02 - Curta", "CD_FAZ": "400023", "TALHOES": "1", "FAZ_tAL": "400023001", "ID_LINHA": 157422 }, "geometry": { "type": "MultiLineString", "coordinates": [ [ [ 424476.467484506778419, 7642856.385370403528214 ], [ 424484.691447821678594, 7642850.126766903325915 ], [ 424493.984383930743206, 7642842.176176860928535 ], [ 424507.480467014131136, 7642828.320231975987554 ], [ 424513.821781420207117, 7642820.385881071910262 ], [ 424519.725906161940657, 7642811.683105658739805 ], [ 424525.026709936966654, 7642802.143622169271111 ], [ 424528.124337867135182, 7642795.296665737405419 ], [ 424531.937373630469665, 7642784.296805406920612 ], [ 424533.805205186421517, 7642776.531563898548484 ], [ 424535.042170312721282, 7642768.622012030333281 ], [ 424535.641394190548453, 7642760.654087956994772 ], [ 424535.603650200995617, 7642752.647905588150024 ], [ 424534.918881350546144, 7642744.624164737761021 ], [ 424533.573275303875562, 7642736.641869183629751 ], [ 424531.569099997344892, 7642728.764246847480536 ] ] ] } },
{ "type": "Feature", "properties": { "fid": 225.0, "COMPR_M": 21.14, "CLASSE": "01 - Muito curta", "CD_FAZ": "400023", "TALHOES": "1", "FAZ_tAL": "400023001", "ID_LINHA": 157423 }, "geometry": { "type": "MultiLineString", "coordinates": [ [ [ 424439.011048986576498, 7642778.570924757048488 ], [ 424447.003648571670055, 7642769.427724720910192 ], [ 424449.711750736809336, 7642764.919603306800127 ], [ 424451.081816902849823, 7642761.462326178327203 ] ] ] } },
{ "type": "Feature", "properties": { "fid": 226.0, "COMPR_M": 144.46, "CLASSE": "02 - Curta", "CD_FAZ": "400023", "TALHOES": "1", "FAZ_tAL": "400023001", "ID_LINHA": 157424 }, "geometry": { "type": "MultiLineString", "coordinates": [ [ [ 424475.145584073965438, 7642853.639168106019497 ], [ 424491.959935041435529, 7642839.962064096704125 ], [ 424505.205276155960746, 7642826.36455437913537 ], [ 424515.310395368258469, 7642813.023358124308288 ], [ 424520.693990632425994, 7642804.002975072711706 ], [ 424523.89125688187778, 7642797.532312062568963 ], [ 424527.93758139538113, 7642787.128280622884631 ], [ 424530.029469466360752, 7642779.744501126930118 ], [ 424531.539291615597904, 7642772.121863797307014 ], [ 424532.429050115635619, 7642764.419040681794286 ], [ 424532.606049918511417, 7642752.782161697745323 ], [ 424531.941974434070289, 7642745.000727548263967 ], [ 424530.637363785353955, 7642737.261652104556561 ], [ 424528.777117413992528, 7642729.888575099408627 ] ] ] } },
{ "type": "Feature", "properties": { "fid": 227.0, "COMPR_M": 25.97, "CLASSE": "01 - Muito curta", "CD_FAZ": "400023", "TALHOES": "1", "FAZ_tAL": "400023001", "ID_LINHA": 157425 }, "geometry": { "type": "MultiLineString", "coordinates": [ [ [ 424440.379290876735467, 7642781.413399824872613 ], [ 424446.050313863088377, 7642775.516936866566539 ], [ 424450.168037336552516, 7642770.108350003138185 ], [ 424453.183061357936822, 7642764.524455410428345 ], [ 424454.456271292292513, 7642760.090966443531215 ] ] ] } },
{ "type": "Feature", "properties": { "fid": 228.0, "COMPR_M": 139.93, "CLASSE": "02 - Curta", "CD_FAZ": "400023", "TALHOES": "1", "FAZ_tAL": "400023001", "ID_LINHA": 157426 }, "geometry": { "type": "MultiLineString", "coordinates": [ [ [ 424473.823683643364348, 7642850.89296580851078 ], [ 424489.935486154747196, 7642837.747951333411038 ], [ 424502.930085297790356, 7642824.408876784145832 ], [ 424512.804920059570577, 7642811.372780891135335 ], [ 424518.049211313540582, 7642802.586124266497791 ], [ 424521.157690913998522, 7642796.295247852802277 ], [ 424525.084845413104631, 7642786.198107833042741 ], [ 424527.112112725153565, 7642779.04255280084908 ], [ 424528.574709116714075, 7642771.65829511731863 ], [ 424529.436903598252684, 7642764.194017123430967 ], [ 424529.701388614194002, 7642756.682710292749107 ], [ 424529.363674501946662, 7642749.146902095526457 ], [ 424528.410218419739977, 7642741.611897869035602 ], [ 424525.977582589897793, 7642731.025098280981183 ] ] ] } },
{ "type": "Feature", "properties": { "fid": 229.0, "COMPR_M": 30.66, "CLASSE": "01 - Muito curta", "CD_FAZ": "400023", "TALHOES": "1", "FAZ_tAL": "400023001", "ID_LINHA": 157427 }, "geometry": { "type": "MultiLineString", "coordinates": [ [ [ 424441.741634105448611, 7642784.243620632216334 ], [ 424448.325504720793106, 7642777.472614464350045 ], [ 424453.366437163611408, 7642770.673911150544882 ], [ 424456.313454163086135, 7642764.753857016563416 ], [ 424457.624435263918713, 7642758.803442003205419 ] ] ] } },
{ "type": "Feature", "properties": { "fid": 230.0, "COMPR_M": 135.4, "CLASSE": "02 - Curta", "CD_FAZ": "400023", "TALHOES": "1", "FAZ_tAL": "400023001", "ID_LINHA": 157428 }, "geometry": { "type": "MultiLineString", "coordinates": [ [ [ 424472.500315989018418, 7642848.143715405836701 ], [ 424487.911037266079802, 7642835.533838568255305 ], [ 424500.654894440842327, 7642822.453199184499681 ], [ 424510.299444749951363, 7642809.722203654237092 ], [ 424515.404431993549224, 7642801.16927345842123 ], [ 424518.424124943441711, 7642795.058183643966913 ], [ 424522.232109428965487, 7642785.26793504320085 ], [ 424524.194755984062795, 7642778.340604476630688 ], [ 424526.444757079530973, 7642763.968993559479713 ], [ 424526.373917172895744, 7642749.401939019560814 ], [ 424525.451333776698448, 7642742.110765889286995 ], [ 424523.17834072309779, 7642732.162694804370403 ] ] ] } },
{ "type": "Feature", "properties": { "fid": 231.0, "COMPR_M": 35.29, "CLASSE": "01 - Muito curta", "CD_FAZ": "400023", "TALHOES": "1", "FAZ_tAL": "400023001", "ID_LINHA": 157429 }, "geometry": { "type": "MultiLineString", "coordinates": [ [ [ 424443.101071687531658, 7642787.067805057391524 ], [ 424450.600695577275474, 7642779.42829205840826 ], [ 424456.598712972307112, 7642771.113540722057223 ], [ 424459.765624150168151, 7642763.84095511958003 ], [ 424460.679896760149859, 7642757.561719229444861 ] ] ] } },
{ "type": "Feature", "properties": { "fid": 232.0, "COMPR_M": 130.86, "CLASSE": "02 - Curta", "CD_FAZ": "400023", "TALHOES": "1", "FAZ_tAL": "400023001", "ID_LINHA": 157430 }, "geometry": { "type": "MultiLineString", "coordinates": [ [ [ 424471.174936485127546, 7642845.390285459347069 ], [ 424485.886588377994485, 7642833.31972580216825 ], [ 424498.379703583254013, 7642820.49752158857882 ], [ 424507.793969442718662, 7642808.071626419201493 ], [ 424512.759652675071266, 7642799.752422649413347 ], [ 424515.6905589736416, 7642793.821119433268905 ], [ 424519.379373446281534, 7642784.337762250564992 ], [ 424521.277399241691455, 7642777.638656152412295 ], [ 424523.452610561507754, 7642763.743970000185072 ], [ 424523.38415984378662, 7642749.656975945457816 ], [ 424522.492449134937488, 7642742.609633911401033 ], [ 424520.37909885722911, 7642733.300291327759624 ] ] ] } },
{ "type": "Feature", "properties": { "fid": 233.0, "COMPR_M": 39.89, "CLASSE": "01 - Muito curta", "CD_FAZ": "400023", "TALHOES": "1", "FAZ_tAL": "400023001", "ID_LINHA": 157431 }, "geometry": { "type": "MultiLineString", "coordinates": [ [ [ 424444.456267973466311, 7642789.88317833468318 ], [ 424452.875886435620487, 7642781.383969657123089 ], [ 424459.197534956037998, 7642772.612963052466512 ], [ 424462.652494129957631, 7642764.659189128316939 ], [ 424463.503380987211131, 7642760.359127681702375 ], [ 424463.672972085303627, 7642756.345349854789674 ] ] ] } },
{ "type": "Feature", "properties": { "fid": 234.0, "COMPR_M": 126.33, "CLASSE": "02 - Curta", "CD_FAZ": "400023", "TALHOES": "1", "FAZ_tAL": "400023001", "ID_LINHA": 157432 }, "geometry": { "type": "MultiLineString", "coordinates": [ [ [ 424469.849556981993373, 7642842.636855509132147 ], [ 424483.862139490549453, 7642831.105613039806485 ], [ 424496.104512726888061, 7642818.541843991726637 ], [ 424505.288494133215863, 7642806.421049185097218 ], [ 424510.114873354905285, 7642798.335571842268109 ], [ 424512.956993002502713, 7642792.584055223502219 ], [ 424516.526637463015504, 7642783.407589456997812 ], [ 424518.360042500775307, 7642776.936707824468613 ], [ 424520.460464043542743, 7642763.518946442753077 ], [ 424520.394402514677495, 7642749.912012871354818 ], [ 424519.533564493234735, 7642743.108501933515072 ], [ 424517.579856990370899, 7642734.437887853011489 ] ] ] } },
{ "type": "Feature", "properties": { "fid": 235.0, "COMPR_M": 44.48, "CLASSE": "01 - Muito curta", "CD_FAZ": "400023", "TALHOES": "1", "FAZ_tAL": "400023001", "ID_LINHA": 157433 }, "geometry": { "type": "MultiLineString", "coordinates": [ [ [ 424445.809663391730282, 7642792.694810379296541 ], [ 424455.151077291986439, 7642783.339647253975272 ], [ 424459.296887931181118, 7642778.025271971710026 ], [ 424462.508845605072565, 7642772.832257300615311 ], [ 424465.847621157648973, 7642764.301637975499034 ], [ 424466.601826715457719, 7642759.46852236520499 ], [ 424466.62063816562295, 7642755.147434545680881 ] ] ] } },
{ "type": "Feature", "properties": { "fid": 236.0, "COMPR_M": 121.79, "CLASSE": "02 - Curta", "CD_FAZ": "400023", "TALHOES": "1", "FAZ_tAL": "400023001", "ID_LINHA": 157434 }, "geometry": { "type": "MultiLineString", "coordinates": [ [ [ 424468.524177479499485, 7642839.883425559848547 ], [ 424481.837690602405928, 7642828.891500275582075 ], [ 424493.829321868601255, 7642816.586166396737099 ], [ 424502.783018824120518, 7642804.770471949130297 ], [ 424510.223427033401094, 7642791.346991014666855 ], [ 424513.673901480564382, 7642782.477416662499309 ], [ 424515.442685759218875, 7642776.234759502112865 ], [ 424517.468317524879239, 7642763.29392288159579 ], [ 424517.404645185451955, 7642750.167049797251821 ], [ 424516.57467985083349, 7642743.607369954697788 ], [ 424514.780615123221651, 7642735.575484374538064 ] ] ] } },
{ "type": "Feature", "properties": { "fid": 237.0, "COMPR_M": 49.07, "CLASSE": "01 - Muito curta", "CD_FAZ": "400023", "TALHOES": "1", "FAZ_tAL": "400023001", "ID_LINHA": 157435 }, "geometry": { "type": "MultiLineString", "coordinates": [ [ [ 424447.158469275804237, 7642795.496907822787762 ], [ 424457.426268150273245, 7642785.295324847102165 ], [ 424461.755535802862141, 7642779.744781423360109 ], [ 424465.153624925762415, 7642774.249108107760549 ], [ 424467.575389112869743, 7642768.903401901945472 ], [ 424469.049627921136562, 7642763.705357568338513 ], [ 424469.669199098483659, 7642758.330454444512725 ], [ 424469.53829356294591, 7642753.96171541325748 ] ] ] } },
{ "type": "Feature", "properties": { "fid": 238.0, "COMPR_M": 117.25, "CLASSE": "02 - Curta", "CD_FAZ": "400023", "TALHOES": "1", "FAZ_tAL": "400023001", "ID_LINHA": 157436 }, "geometry": { "type": "MultiLineString", "coordinates": [ [ [ 424467.198797975666821, 7642837.129995613358915 ], [ 424479.813241713622119, 7642826.677387511357665 ], [ 424491.554131011478603, 7642814.630488801747561 ], [ 424500.277543514792342, 7642803.119894713163376 ], [ 424507.489861063717399, 7642790.109926803037524 ], [ 424510.821165497531183, 7642781.547243869863451 ], [ 424512.525329018419143, 7642775.532811176031828 ], [ 424514.476171006273944, 7642763.068899322301149 ], [ 424514.41488785558613, 7642750.422086723148823 ], [ 424513.615795208490454, 7642744.106237977743149 ], [ 424511.981373255664948, 7642736.713080896995962 ] ] ] } },
{ "type": "Feature", "properties": { "fid": 239.0, "COMPR_M": 53.64, "CLASSE": "01 - Muito curta", "CD_FAZ": "400023", "TALHOES": "1", "FAZ_tAL": "400023001", "ID_LINHA": 157437 }, "geometry": { "type": "MultiLineString", "coordinates": [ [ [ 424448.507275161740836, 7642798.29900526534766 ], [ 424459.701459007919766, 7642787.251002445816994 ], [ 424464.214183674135711, 7642781.46429087407887 ], [ 424467.798404245288111, 7642775.665958915837109 ], [ 424470.390872848569416, 7642769.940788121894002 ], [ 424471.993063249741681, 7642764.288366949185729 ], [ 424472.66793523891829, 7642758.436074150726199 ], [ 424472.430722578370478, 7642752.786248145624995 ] ] ] } },
{ "type": "Feature", "properties": { "fid": 240.0, "COMPR_M": 112.72, "CLASSE": "02 - Curta", "CD_FAZ": "400023", "TALHOES": "1", "FAZ_tAL": "400023001", "ID_LINHA": 157438 }, "geometry": { "type": "MultiLineString", "coordinates": [ [ [ 424465.870685672620311, 7642834.37088836915791 ], [ 424477.788792825478595, 7642824.46327474527061 ], [ 424489.278940153075382, 7642812.674811203032732 ], [ 424497.772068206511904, 7642801.4693174790591 ], [ 424504.756295093975496, 7642788.872862594202161 ], [ 424507.968429514672607, 7642780.617071078158915 ], [ 424509.60797227837611, 7642774.83086284995079 ], [ 424511.484024488949217, 7642762.843875762075186 ], [ 424511.425130526942667, 7642750.677123648114502 ], [ 424509.182131389155984, 7642737.850677420385182 ] ] ] } },
{ "type": "Feature", "properties": { "fid": 241.0, "COMPR_M": 58.19, "CLASSE": "01 - Muito curta", "CD_FAZ": "400023", "TALHOES": "1", "FAZ_tAL": "400023001", "ID_LINHA": 157439 }, "geometry": { "type": "MultiLineString", "coordinates": [ [ [ 424449.851188352447934, 7642801.090938309207559 ], [ 424456.486765330424532, 7642795.059130745008588 ], [ 424463.230992691940628, 7642787.713320471346378 ], [ 424467.706364499579649, 7642781.66239065118134 ], [ 424471.230310508690309, 7642775.555037268437445 ], [ 424473.73559771780856, 7642769.454997565597296 ], [ 424475.21222413086798, 7642763.314058947376907 ], [ 424475.691207163967192, 7642756.93627817556262 ], [ 424475.301768159435596, 7642751.619470986537635 ] ] ] } },
{ "type": "Feature", "properties": { "fid": 242.0, "COMPR_M": 108.18, "CLASSE": "02 - Curta", "CD_FAZ": "400023", "TALHOES": "1", "FAZ_tAL": "400023001", "ID_LINHA": 157440 }, "geometry": { "type": "MultiLineString", "coordinates": [ [ [ 424464.541480419808067, 7642831.60951055213809 ], [ 424475.764343936636578, 7642822.2491619810462 ], [ 424487.003749296534806, 7642810.719133608043194 ], [ 424495.266592897300143, 7642799.818740243092179 ], [ 424502.022729122312739, 7642787.635798387229443 ], [ 424505.115693531173747, 7642779.686898283660412 ], [ 424506.690615536412224, 7642774.128914523869753 ], [ 424508.491877970402129, 7642762.618852202780545 ], [ 424508.435373198357411, 7642750.932160573080182 ], [ 424506.382889522938058, 7642738.98827394284308 ] ] ] } },
{ "type": "Feature", "properties": { "fid": 243.0, "COMPR_M": 62.76, "CLASSE": "01 - Muito curta", "CD_FAZ": "400023", "TALHOES": "1", "FAZ_tAL": "400023001", "ID_LINHA": 157441 }, "geometry": { "type": "MultiLineString", "coordinates": [ [ [ 424451.194279473507777, 7642803.881163526326418 ], [ 424458.590812157664914, 7642797.197776775807142 ], [ 424464.251840723038185, 7642791.16235763952136 ], [ 424470.211839806986973, 7642783.312967887148261 ], [ 424473.920130478218198, 7642776.884466513991356 ], [ 424476.588333699502982, 7642770.385170359164476 ], [ 424478.176806630799547, 7642763.777627624571323 ], [ 424478.691772800812032, 7642756.922191069461405 ], [ 424478.162830920307897, 7642750.456750793382525 ] ] ] } },
{ "type": "Feature", "properties": { "fid": 244.0, "COMPR_M": 103.65, "CLASSE": "02 - Curta", "CD_FAZ": "400023", "TALHOES": "1", "FAZ_tAL": "400023001", "ID_LINHA": 157442 }, "geometry": { "type": "MultiLineString", "coordinates": [ [ [ 424463.212275163736194, 7642828.848132740706205 ], [ 424475.646544986520894, 7642818.260857521556318 ], [ 424484.728558439412154, 7642808.763456009328365 ], [ 424492.761117588495836, 7642798.168163007125258 ], [ 424499.28916315396782, 7642786.398734174668789 ], [ 424502.262957548431586, 7642778.756725491955876 ], [ 424503.773258795263246, 7642773.426966200582683 ], [ 424505.499731452495325, 7642762.393828642554581 ], [ 424505.445615868957248, 7642751.187197500839829 ], [ 424503.583492847683374, 7642740.125933379866183 ] ] ] } },
{ "type": "Feature", "properties": { "fid": 245.0, "COMPR_M": 67.31, "CLASSE": "01 - Muito curta", "CD_FAZ": "400023", "TALHOES": "1", "FAZ_tAL": "400023001", "ID_LINHA": 157443 }, "geometry": { "type": "MultiLineString", "coordinates": [ [ [ 424452.536895268713124, 7642806.670401275157928 ], [ 424460.694858986069448, 7642799.336422809399664 ], [ 424466.527031580568291, 7642793.118035236373544 ], [ 424472.717315118119586, 7642784.963545123115182 ], [ 424476.609950452286284, 7642778.213895757682621 ], [ 424479.441069683292881, 7642771.315343152731657 ], [ 424481.141389130149037, 7642764.241196300834417 ], [ 424481.692338436259888, 7642756.908103967085481 ], [ 424481.012028470926452, 7642749.29885255265981 ] ] ] } },
{ "type": "Feature", "properties": { "fid": 246.0, "COMPR_M": 99.11, "CLASSE": "01 - Muito curta", "CD_FAZ": "400023", "TALHOES": "1", "FAZ_tAL": "400023001", "ID_LINHA": 157444 }, "geometry": { "type": "MultiLineString", "coordinates": [ [ [ 424461.883069908362813, 7642826.086754927411675 ], [ 424473.582820537674706, 7642816.083291778340936 ], [ 424482.453367581474595, 7642806.807778410613537 ], [ 424490.255642279458698, 7642796.517585769295692 ], [ 424496.555597183702048, 7642785.161669964902103 ], [ 424500.181803857500199, 7642775.296231282874942 ], [ 424502.253558539436199, 7642764.834856703877449 ], [ 424502.630047081212979, 7642754.124722807668149 ], [ 424502.172905269428156, 7642748.766355654224753 ], [ 424500.769328335300088, 7642741.269594382494688 ] ] ] } },
{ "type": "Feature", "properties": { "fid": 247.0, "COMPR_M": 71.85, "CLASSE": "01 - Muito curta", "CD_FAZ": "400023", "TALHOES": "1", "FAZ_tAL": "400023001", "ID_LINHA": 157445 }, "geometry": { "type": "MultiLineString", "coordinates": [ [ [ 424453.874875968904234, 7642809.450009770691395 ], [ 424461.200473837554455, 7642803.017897319048643 ], [ 424468.802222436701413, 7642795.073712831363082 ], [ 424475.222790426341817, 7642786.614122357219458 ], [ 424479.299770422221627, 7642779.543325003236532 ], [ 424482.293805666500703, 7642772.245515945367515 ], [ 424484.105971629614942, 7642764.704764977097511 ], [ 424484.692904072406236, 7642756.894016863778234 ], [ 424483.846814010175876, 7642748.146811278536916 ] ] ] } },
{ "type": "Feature", "properties": { "fid": 248.0, "COMPR_M": 94.57, "CLASSE": "01 - Muito curta", "CD_FAZ": "400023", "TALHOES": "1", "FAZ_tAL": "400023001", "ID_LINHA": 157446 }, "geometry": { "type": "MultiLineString", "coordinates": [ [ [ 424460.551244088564999, 7642823.319932973943651 ], [ 424471.519096087431535, 7642813.905726034194231 ], [ 424480.178176723537035, 7642804.852100815623999 ], [ 424487.750166970770806, 7642794.867008535191417 ], [ 424493.822031212795991, 7642783.924605755135417 ], [ 424497.294933879864402, 7642774.477997267618775 ], [ 424499.272775650781114, 7642764.49056985322386 ], [ 424499.63244679995114, 7642754.258978918194771 ], [ 424497.955163823498879, 7642742.413255386054516 ] ] ] } },
{ "type": "Feature", "properties": { "fid": 249.0, "COMPR_M": 76.4, "CLASSE": "01 - Muito curta", "CD_FAZ": "400023", "TALHOES": "1", "FAZ_tAL": "400023001", "ID_LINHA": 157447 }, "geometry": { "type": "MultiLineString", "coordinates": [ [ [ 424455.212856668629684, 7642812.229618268087506 ], [ 424463.264198288030457, 7642805.195463063195348 ], [ 424471.077413294115104, 7642797.029390428215265 ], [ 424477.728265734913293, 7642788.264699595049024 ], [ 424481.989590394077823, 7642780.87275424785912 ], [ 424485.146541650465224, 7642773.175688738003373 ], [ 424487.070554128615186, 7642765.168333653360605 ], [ 424487.693469709192868, 7642756.879929756745696 ], [ 424486.681599549250677, 7642746.994770001620054 ] ] ] } },
{ "type": "Feature", "properties": { "fid": 250.0, "COMPR_M": 90.03, "CLASSE": "01 - Muito curta", "CD_FAZ": "400023", "TALHOES": "1", "FAZ_tAL": "400023001", "ID_LINHA": 157448 }, "geometry": { "type": "MultiLineString", "coordinates": [ [ [ 424459.217851343913935, 7642820.54985579662025 ], [ 424469.455371637130156, 7642811.728160290978849 ], [ 424477.902985866880044, 7642802.896423218771815 ], [ 424485.244691661209799, 7642793.216431301087141 ], [ 424491.088465243228711, 7642782.687541548162699 ], [ 424494.40806390059879, 7642773.659763257019222 ], [ 424496.291992762009613, 7642764.146283008158207 ], [ 424496.634846515546087, 7642754.39323502779007 ], [ 424495.140999312978238, 7642743.556916390545666 ] ] ] } },
{ "type": "Feature", "properties": { "fid": 251.0, "COMPR_M": 80.95, "CLASSE": "01 - Muito curta", "CD_FAZ": "400023", "TALHOES": "1", "FAZ_tAL": "400023001", "ID_LINHA": 157449 }, "geometry": { "type": "MultiLineString", "coordinates": [ [ [ 424456.550837368646171, 7642815.009226765483618 ], [ 424465.327922737749759, 7642807.373028805479407 ], [ 424473.352604151528794, 7642798.985068028792739 ], [ 424480.233741043950431, 7642789.91527683287859 ], [ 424484.679410365060903, 7642782.202183491550386 ], [ 424488.634323942183983, 7642772.023295233026147 ], [ 424490.330426985805389, 7642763.45770931057632 ], [ 424490.63964594877325, 7642754.66174725163728 ], [ 424489.512670290481765, 7642745.844238398596644 ] ] ] } },
{ "type": "Feature", "properties": { "fid": 252.0, "COMPR_M": 5.36, "CLASSE": "01 - Muito curta", "CD_FAZ": "400023", "TALHOES": "1", "FAZ_tAL": "400023001", "ID_LINHA": 157450 }, "geometry": { "type": "MultiLineString", "coordinates": [ [ [ 425110.957607856602408, 7642502.739398939535022 ], [ 425112.562422536371741, 7642497.623425940051675 ] ] ] } },
{ "type": "Feature", "properties": { "fid": 253.0, "COMPR_M": 11.51, "CLASSE": "01 - Muito curta", "CD_FAZ": "400023", "TALHOES": "1", "FAZ_tAL": "400023001", "ID_LINHA": 157451 }, "geometry": { "type": "MultiLineString", "coordinates": [ [ [ 425112.700013302499428, 7642507.207964640110731 ], [ 425116.144726887461729, 7642496.226595943793654 ] ] ] } },
{ "type": "Feature", "properties": { "fid": 254.0, "COMPR_M": 17.79, "CLASSE": "01 - Muito curta", "CD_FAZ": "400023", "TALHOES": "1", "FAZ_tAL": "400023001", "ID_LINHA": 157452 }, "geometry": { "type": "MultiLineString", "coordinates": [ [ [ 425114.487305189366452, 7642511.791645918041468 ], [ 425119.780458683788311, 7642494.808933252468705 ] ] ] } },
{ "type": "Feature", "properties": { "fid": 255.0, "COMPR_M": 24.15, "CLASSE": "01 - Muito curta", "CD_FAZ": "400023", "TALHOES": "1", "FAZ_tAL": "400023001", "ID_LINHA": 157453 }, "geometry": { "type": "MultiLineString", "coordinates": [ [ [ 425116.295959977374878, 7642516.430114407092333 ], [ 425123.45020186540205, 7642493.378008672036231 ] ] ] } },
{ "type": "Feature", "properties": { "fid": 256.0, "COMPR_M": 30.5, "CLASSE": "01 - Muito curta", "CD_FAZ": "400023", "TALHOES": "1", "FAZ_tAL": "400023001", "ID_LINHA": 157454 }, "geometry": { "type": "MultiLineString", "coordinates": [ [ [ 425118.104614767013118, 7642521.068582898005843 ], [ 425127.119945048063528, 7642491.947084089741111 ] ] ] } },
{ "type": "Feature", "properties": { "fid": 257.0, "COMPR_M": 36.91, "CLASSE": "01 - Muito curta", "CD_FAZ": "400023", "TALHOES": "1", "FAZ_tAL": "400023001", "ID_LINHA": 157455 }, "geometry": { "type": "MultiLineString", "coordinates": [ [ [ 425119.936026919400319, 7642525.765414820984006 ], [ 425123.83665295765968, 7642511.798231991939247 ], [ 425130.789688229735475, 7642490.516159507445991 ] ] ] } },
{ "type": "Feature", "properties": { "fid": 258.0, "COMPR_M": 43.42, "CLASSE": "01 - Muito curta", "CD_FAZ": "400023", "TALHOES": "1", "FAZ_tAL": "400023001", "ID_LINHA": 157456 }, "geometry": { "type": "MultiLineString", "coordinates": [ [ [ 425121.815723575185984, 7642530.586076984182 ], [ 425126.712158320122398, 7642512.654599564149976 ], [ 425134.459431411174592, 7642489.085234927013516 ] ] ] } },
{ "type": "Feature", "properties": { "fid": 259.0, "COMPR_M": 49.93, "CLASSE": "01 - Muito curta", "CD_FAZ": "400023", "TALHOES": "1", "FAZ_tAL": "400023001", "ID_LINHA": 157457 }, "geometry": { "type": "MultiLineString", "coordinates": [ [ [ 425123.695420230505988, 7642535.406739147379994 ], [ 425129.587663685204461, 7642513.510967133566737 ], [ 425138.154513828631025, 7642487.662472104653716 ] ] ] } },
{ "type": "Feature", "properties": { "fid": 260.0, "COMPR_M": 56.53, "CLASSE": "01 - Muito curta", "CD_FAZ": "400023", "TALHOES": "1", "FAZ_tAL": "400023001", "ID_LINHA": 157458 }, "geometry": { "type": "MultiLineString", "coordinates": [ [ [ 425125.596998089458793, 7642540.283517751842737 ], [ 425132.463169049064163, 7642514.367334706708789 ], [ 425141.909871963143814, 7642486.217908265069127 ] ] ] } },
{ "type": "Feature", "properties": { "fid": 261.0, "COMPR_M": 63.26, "CLASSE": "01 - Muito curta", "CD_FAZ": "400023", "TALHOES": "1", "FAZ_tAL": "400023001", "ID_LINHA": 157459 }, "geometry": { "type": "MultiLineString", "coordinates": [ [ [ 425127.552617540524807, 7642545.298891196027398 ], [ 425135.338674412923865, 7642515.223702279850841 ], [ 425145.66523009451339, 7642484.773344425484538 ] ] ] } },
{ "type": "Feature", "properties": { "fid": 262.0, "COMPR_M": 69.98, "CLASSE": "01 - Muito curta", "CD_FAZ": "400023", "TALHOES": "1", "FAZ_tAL": "400023001", "ID_LINHA": 157460 }, "geometry": { "type": "MultiLineString", "coordinates": [ [ [ 425129.508236991299782, 7642550.314264640212059 ], [ 425134.756637269572821, 7642528.337432791478932 ], [ 425138.214179776259698, 7642516.080069848336279 ], [ 425142.074087143992074, 7642503.775108952075243 ], [ 425149.420588229317218, 7642483.328780581243336 ] ] ] } },
{ "type": "Feature", "properties": { "fid": 263.0, "COMPR_M": 76.81, "CLASSE": "01 - Muito curta", "CD_FAZ": "400023", "TALHOES": "1", "FAZ_tAL": "400023001", "ID_LINHA": 157461 }, "geometry": { "type": "MultiLineString", "coordinates": [ [ [ 425131.508188689011149, 7642555.443332377821207 ], [ 425134.632298460172024, 7642541.11612948961556 ], [ 425141.089685140876099, 7642516.936437422409654 ], [ 425144.923449974216055, 7642504.714816058054566 ], [ 425153.175946364121046, 7642481.88421674259007 ] ] ] } },
{ "type": "Feature", "properties": { "fid": 264.0, "COMPR_M": 83.76, "CLASSE": "01 - Muito curta", "CD_FAZ": "400023", "TALHOES": "1", "FAZ_tAL": "400023001", "ID_LINHA": 157462 }, "geometry": { "type": "MultiLineString", "coordinates": [ [ [ 425133.544808007427491, 7642560.666437742300332 ], [ 425137.551496408006642, 7642541.808926995843649 ], [ 425143.965190504211932, 7642517.792804991826415 ], [ 425151.933259326731786, 7642493.632189477793872 ], [ 425156.984581283293664, 7642480.41915905661881 ] ] ] } },
{ "type": "Feature", "properties": { "fid": 265.0, "COMPR_M": 90.75, "CLASSE": "01 - Muito curta", "CD_FAZ": "400023", "TALHOES": "1", "FAZ_tAL": "400023001", "ID_LINHA": 157463 }, "geometry": { "type": "MultiLineString", "coordinates": [ [ [ 425135.587131047388539, 7642565.90417084749788 ], [ 425140.470694354327861, 7642542.50172449555248 ], [ 425146.840695867664181, 7642518.649172564968467 ], [ 425154.754080498940311, 7642494.654372662305832 ], [ 425160.840848295483738, 7642478.935778863728046 ] ] ] } },
{ "type": "Feature", "properties": { "fid": 266.0, "COMPR_M": 97.94, "CLASSE": "01 - Muito curta", "CD_FAZ": "400023", "TALHOES": "1", "FAZ_tAL": "400023001", "ID_LINHA": 157464 }, "geometry": { "type": "MultiLineString", "coordinates": [ [ [ 425137.710022725979798, 7642571.348529944196343 ], [ 425143.389892301638611, 7642543.194522 ], [ 425149.716201232455205, 7642519.505540138110518 ], [ 425157.574901670101099, 7642495.676555842161179 ], [ 425164.697115305694751, 7642477.452398667111993 ] ] ] } },
{ "type": "Feature", "properties": { "fid": 267.0, "COMPR_M": 105.13, "CLASSE": "02 - Curta", "CD_FAZ": "400023", "TALHOES": "1", "FAZ_tAL": "400023001", "ID_LINHA": 157465 }, "geometry": { "type": "MultiLineString", "coordinates": [ [ [ 425139.832914403872564, 7642576.792889039963484 ], [ 425146.309090250055306, 7642543.887319504283369 ], [ 425152.591706595267169, 7642520.36190770752728 ], [ 425160.395722843531985, 7642496.698739025741816 ], [ 425168.553382317186333, 7642475.969018472358584 ] ] ] } },
{ "type": "Feature", "properties": { "fid": 268.0, "COMPR_M": 112.51, "CLASSE": "02 - Curta", "CD_FAZ": "400023", "TALHOES": "1", "FAZ_tAL": "400023001", "ID_LINHA": 157466 }, "geometry": { "type": "MultiLineString", "coordinates": [ [ [ 425142.030744461924769, 7642582.429434795863926 ], [ 425146.684681290353183, 7642555.99063940346241 ], [ 425152.149610398337245, 7642532.979532402008772 ], [ 425159.170264119515195, 7642509.413351567462087 ], [ 425163.216544015915133, 7642497.720922205597162 ], [ 425172.42420240334468, 7642474.480040183290839 ] ] ] } },
{ "type": "Feature", "properties": { "fid": 269.0, "COMPR_M": 3.88, "CLASSE": "01 - Muito curta", "CD_FAZ": "400023", "TALHOES": "1", "FAZ_tAL": "400023001", "ID_LINHA": 157467 }, "geometry": { "type": "MultiLineString", "coordinates": [ [ [ 425140.021453376743011, 7642597.92138515971601 ], [ 425140.482221383252181, 7642594.069994738325477 ] ] ] } },
{ "type": "Feature", "properties": { "fid": 270.0, "COMPR_M": 119.99, "CLASSE": "02 - Curta", "CD_FAZ": "400023", "TALHOES": "1", "FAZ_tAL": "400023001", "ID_LINHA": 157468 }, "geometry": { "type": "MultiLineString", "coordinates": [ [ [ 425144.245373698126059, 7642588.10906364955008 ], [ 425149.621447470039129, 7642556.604626497253776 ], [ 425155.048439252597746, 7642533.753215670585632 ], [ 425162.019626948051155, 7642510.35305866971612 ], [ 425166.037365188531112, 7642498.743105387315154 ], [ 425176.389862829295453, 7642472.954579904675484 ] ] ] } },
{ "type": "Feature", "properties": { "fid": 271.0, "COMPR_M": 11.28, "CLASSE": "01 - Muito curta", "CD_FAZ": "400023", "TALHOES": "1", "FAZ_tAL": "400023001", "ID_LINHA": 157469 }, "geometry": { "type": "MultiLineString", "coordinates": [ [ [ 425142.409555100894067, 7642604.045900830999017 ], [ 425143.651457435567863, 7642592.834230397827923 ] ] ] } },
{ "type": "Feature", "properties": { "fid": 272.0, "COMPR_M": 144.02, "CLASSE": "02 - Curta", "CD_FAZ": "400023", "TALHOES": "1", "FAZ_tAL": "400023001", "ID_LINHA": 157470 }, "geometry": { "type": "MultiLineString", "coordinates": [ [ [ 425144.826629294606391, 7642610.244719175621867 ], [ 425147.049076872877777, 7642589.689493276178837 ], [ 425150.400518286856823, 7642568.266891991719604 ], [ 425155.066684090415947, 7642545.965712011791766 ], [ 425157.947268108371645, 7642534.526898940093815 ], [ 425164.868989776587114, 7642511.292765771970153 ], [ 425168.858186360797845, 7642499.765288572758436 ], [ 425180.355523256061133, 7642471.429119630716741 ] ] ] } },
{ "type": "Feature", "properties": { "fid": 273.0, "COMPR_M": 152.27, "CLASSE": "02 - Curta", "CD_FAZ": "400023", "TALHOES": "1", "FAZ_tAL": "400023001", "ID_LINHA": 157471 }, "geometry": { "type": "MultiLineString", "coordinates": [ [ [ 425147.351087566639762, 7642616.718934274278581 ], [ 425148.793504818051588, 7642600.363176219165325 ], [ 425151.535826152947266, 7642579.558080187998712 ], [ 425157.985882037843112, 7642546.65850951615721 ], [ 425164.093728051171638, 7642523.787377991713583 ], [ 425167.718352607102133, 7642512.232472874224186 ], [ 425175.952391724684276, 7642489.507706297561526 ], [ 425184.321183681080583, 7642469.903659353032708 ] ] ] } },
{ "type": "Feature", "properties": { "fid": 274.0, "COMPR_M": 160.65, "CLASSE": "02 - Curta", "CD_FAZ": "400023", "TALHOES": "1", "FAZ_tAL": "400023001", "ID_LINHA": 157472 }, "geometry": { "type": "MultiLineString", "coordinates": [ [ [ 425149.927432664902881, 7642623.326218113303185 ], [ 425151.776309362670872, 7642600.685724323615432 ], [ 425154.500071723887231, 7642580.021340606734157 ], [ 425160.905079986318015, 7642547.351307019591331 ], [ 425166.969233414914925, 7642524.643745565786958 ], [ 425174.499828706029803, 7642501.809654938057065 ], [ 425183.292330155731179, 7642479.572509378194809 ], [ 425188.300148929061834, 7642468.373081144876778 ] ] ] } },
{ "type": "Feature", "properties": { "fid": 275.0, "COMPR_M": 169.28, "CLASSE": "02 - Curta", "CD_FAZ": "400023", "TALHOES": "1", "FAZ_tAL": "400023001", "ID_LINHA": 157473 }, "geometry": { "type": "MultiLineString", "coordinates": [ [ [ 425152.569771309616044, 7642630.10274872276932 ], [ 425153.802098611020483, 7642610.908794765360653 ], [ 425155.972705468535423, 7642590.864306615665555 ], [ 425159.255672923638485, 7642569.879171784967184 ], [ 425163.824277933919802, 7642548.044104523025453 ], [ 425169.844738778716419, 7642525.500113137066364 ], [ 425177.320649878471158, 7642502.831838117912412 ], [ 425186.049553003103938, 7642480.755545938387513 ], [ 425192.384749841992743, 7642466.801868341863155 ] ] ] } },
{ "type": "Feature", "properties": { "fid": 276.0, "COMPR_M": 178.21, "CLASSE": "02 - Curta", "CD_FAZ": "400023", "TALHOES": "1", "FAZ_tAL": "400023001", "ID_LINHA": 157474 }, "geometry": { "type": "MultiLineString", "coordinates": [ [ [ 425155.331216722377576, 7642637.184740053489804 ], [ 425156.791320751304738, 7642611.164951507002115 ], [ 425158.947248334414326, 7642591.255911059677601 ], [ 425162.207391135918442, 7642570.416598381474614 ], [ 425166.743475881172344, 7642548.73690202832222 ], [ 425172.720244141935837, 7642526.356480708345771 ], [ 425180.141471050446853, 7642503.854021300561726 ], [ 425188.806775851291604, 7642481.938582494854927 ], [ 425196.469350755563937, 7642465.23065553791821 ] ] ] } },
{ "type": "Feature", "properties": { "fid": 277.0, "COMPR_M": 187.37, "CLASSE": "02 - Curta", "CD_FAZ": "400023", "TALHOES": "1", "FAZ_tAL": "400023001", "ID_LINHA": 157475 }, "geometry": { "type": "MultiLineString", "coordinates": [ [ [ 425158.184289954137057, 7642644.501719695515931 ], [ 425159.06867320719175, 7642620.945186039432883 ], [ 425161.921791198546998, 7642591.647515505552292 ], [ 425165.159109347849153, 7642570.954024979844689 ], [ 425169.662673827609979, 7642549.429699530825019 ], [ 425175.595749507891014, 7642527.212848279625177 ], [ 425182.962292223412078, 7642504.87620448321104 ], [ 425191.563998698897194, 7642483.121619055047631 ], [ 425200.553951667854562, 7642463.65944273211062 ] ] ] } },
{ "type": "Feature", "properties": { "fid": 278.0, "COMPR_M": 196.85, "CLASSE": "02 - Curta", "CD_FAZ": "400023", "TALHOES": "1", "FAZ_tAL": "400023001", "ID_LINHA": 157476 }, "geometry": { "type": "MultiLineString", "coordinates": [ [ [ 425161.1440428547794, 7642652.092289577238262 ], [ 425161.566447183489799, 7642630.353357400745153 ], [ 425163.707527541439049, 7642601.975916744209826 ], [ 425168.110827561235055, 7642571.491451577283442 ], [ 425172.581871775095351, 7642550.122497033327818 ], [ 425178.471254870528355, 7642528.069215851835907 ], [ 425185.783113395271357, 7642505.898387664929032 ], [ 425194.321221546735615, 7642484.30465561337769 ], [ 425204.693264795700088, 7642462.067183926701546 ] ] ] } },
{ "type": "Feature", "properties": { "fid": 279.0, "COMPR_M": 206.71, "CLASSE": "02 - Curta", "CD_FAZ": "400023", "TALHOES": "1", "FAZ_tAL": "400023001", "ID_LINHA": 157477 }, "geometry": { "type": "MultiLineString", "coordinates": [ [ [ 425164.228667997871526, 7642660.003106286749244 ], [ 425164.56371094903443, 7642630.484882622025907 ], [ 425166.690332086174749, 7642602.298464850522578 ], [ 425171.062545772932936, 7642572.02887817658484 ], [ 425175.501069722289685, 7642550.815294535830617 ], [ 425181.34676023456268, 7642528.92558342218399 ], [ 425188.603934568120167, 7642506.920570847578347 ], [ 425197.078444392653182, 7642485.487692173570395 ], [ 425208.907622216793243, 7642460.446058021858335 ] ] ] } },
{ "type": "Feature", "properties": { "fid": 280.0, "COMPR_M": 216.94, "CLASSE": "02 - Curta", "CD_FAZ": "400023", "TALHOES": "1", "FAZ_tAL": "400023001", "ID_LINHA": 157478 }, "geometry": { "type": "MultiLineString", "coordinates": [ [ [ 425167.456837261852343, 7642668.282055644318461 ], [ 425167.260628169635311, 7642639.468765913508832 ], [ 425168.748209312441759, 7642612.189578467980027 ], [ 425172.285545141960029, 7642582.800903121009469 ], [ 425176.052343078074045, 7642562.130510358139873 ], [ 425181.13789894542424, 7642540.716365086846054 ], [ 425184.222265598597005, 7642529.781950996257365 ], [ 425191.424755740561523, 7642507.942754028365016 ], [ 425199.835667240666226, 7642486.670728731900454 ], [ 425213.121979635150637, 7642458.824932119809091 ] ] ] } },
{ "type": "Feature", "properties": { "fid": 281.0, "COMPR_M": 227.6, "CLASSE": "02 - Curta", "CD_FAZ": "400023", "TALHOES": "1", "FAZ_tAL": "400023001", "ID_LINHA": 157479 }, "geometry": { "type": "MultiLineString", "coordinates": [ [ [ 425170.847530187224038, 7642676.97781250346452 ], [ 425170.131828407524154, 7642648.096575890667737 ], [ 425171.044601388508454, 7642621.71508264541626 ], [ 425173.81996266101487, 7642593.213933287188411 ], [ 425178.989109257177915, 7642562.744497453793883 ], [ 425184.036727800674271, 7642541.490048354491591 ], [ 425187.097770962049253, 7642530.638318568468094 ], [ 425194.245576911256649, 7642508.964937211945653 ], [ 425202.592890088795684, 7642487.853765292093158 ], [ 425212.103304553194903, 7642467.332145703025162 ], [ 425217.340119950647932, 7642457.202351063489914 ] ] ] } },
{ "type": "Feature", "properties": { "fid": 282.0, "COMPR_M": 238.84, "CLASSE": "02 - Curta", "CD_FAZ": "400023", "TALHOES": "1", "FAZ_tAL": "400023001", "ID_LINHA": 157480 }, "geometry": { "type": "MultiLineString", "coordinates": [ [ [ 425174.421755969524384, 7642686.144256960600615 ], [ 425173.157241280947346, 7642656.376571842469275 ], [ 425173.259105426957831, 7642639.615402944386005 ], [ 425174.03858343407046, 7642621.907556798309088 ], [ 425176.794505526486319, 7642593.605537732131779 ], [ 425181.925875435699709, 7642563.358484549447894 ], [ 425186.935556654236279, 7642542.263731623068452 ], [ 425189.973276326316409, 7642531.494686140678823 ], [ 425197.066398084862158, 7642509.987120394594967 ], [ 425201.06330829806393, 7642499.43711886741221 ], [ 425209.925217462994624, 7642478.78252281062305 ], [ 425221.696572432469111, 7642455.526565823704004 ] ] ] } },
{ "type": "Feature", "properties": { "fid": 283.0, "COMPR_M": 250.71, "CLASSE": "02 - Curta", "CD_FAZ": "400023", "TALHOES": "1", "FAZ_tAL": "400023001", "ID_LINHA": 157481 }, "geometry": { "type": "MultiLineString", "coordinates": [ [ [ 425178.232688607124146, 7642695.917758822441101 ], [ 425176.318280739244074, 7642664.317753254435956 ], [ 425176.131966138491407, 7642648.132273517549038 ], [ 425176.552766017208342, 7642631.010983504354954 ], [ 425177.715875734982546, 7642612.958048689179122 ], [ 425179.769048391492106, 7642593.997142177075148 ], [ 425184.862641613755841, 7642563.972471645101905 ], [ 425189.834385509951971, 7642543.037414893507957 ], [ 425192.848781689885072, 7642532.351053711026907 ], [ 425199.88721925613936, 7642511.009303577244282 ], [ 425203.853410139330663, 7642500.540386931970716 ], [ 425212.647401225636713, 7642480.04409321770072 ], [ 425226.05302491504699, 7642453.850780582055449 ] ] ] } },
{ "type": "Feature", "properties": { "fid": 284.0, "COMPR_M": 263.36, "CLASSE": "02 - Curta", "CD_FAZ": "400023", "TALHOES": "1", "FAZ_tAL": "400023001", "ID_LINHA": 157482 }, "geometry": { "type": "MultiLineString", "coordinates": [ [ [ 425182.337432753120083, 7642706.444768451154232 ], [ 425179.597837773093488, 7642671.930693795904517 ], [ 425179.257582683465444, 7642639.762039978057146 ], [ 425180.026547523681074, 7642622.292505097575486 ], [ 425181.604354808921926, 7642603.911205379292369 ], [ 425185.821136834390927, 7642574.716011164709926 ], [ 425192.733214363921434, 7642543.811098158359528 ], [ 425199.061343726003543, 7642522.569251 ], [ 425202.708040429686662, 7642512.031486760824919 ], [ 425206.643511981121264, 7642501.643654995597899 ], [ 425215.36958498734748, 7642481.305663623847067 ], [ 425220.158214974799193, 7642471.348984334617853 ], [ 425230.409477396518923, 7642452.17499534599483 ] ] ] } },
{ "type": "Feature", "properties": { "fid": 285.0, "COMPR_M": 277.08, "CLASSE": "02 - Curta", "CD_FAZ": "400023", "TALHOES": "1", "FAZ_tAL": "400023001", "ID_LINHA": 157483 }, "geometry": { "type": "MultiLineString", "coordinates": [ [ [ 425186.800317677727435, 7642717.890264417044818 ], [ 425183.477977312286384, 7642686.685347823426127 ], [ 425182.316072448098566, 7642664.147842789068818 ], [ 425182.132103867654223, 7642648.167971146292984 ], [ 425182.547293551324401, 7642631.274033945053816 ], [ 425183.694320016133133, 7642613.470362169668078 ], [ 425185.718134123191703, 7642594.780351070687175 ], [ 425188.772855047543999, 7642575.253437763080001 ], [ 425195.63204321952071, 7642544.584781428799033 ], [ 425201.910706555063371, 7642523.508958101272583 ], [ 425205.528861602186225, 7642513.053669942542911 ], [ 425209.433613822853658, 7642502.746923056431115 ], [ 425218.091768750804476, 7642482.567234029993415 ], [ 425227.876788651105016, 7642462.945578392595053 ], [ 425234.906056566513143, 7642450.445307937450707 ] ] ] } },
{ "type": "Feature", "properties": { "fid": 286.0, "COMPR_M": 292.16, "CLASSE": "02 - Curta", "CD_FAZ": "400023", "TALHOES": "1", "FAZ_tAL": "400023001", "ID_LINHA": 157484 }, "geometry": { "type": "MultiLineString", "coordinates": [ [ [ 425191.768845542159397, 7642730.632530147209764 ], [ 425188.620114497898612, 7642708.628459040075541 ], [ 425186.469810462091118, 7642686.463006623089314 ], [ 425185.314968301798217, 7642664.06288755312562 ], [ 425185.132172733254265, 7642648.185819958336651 ], [ 425185.544557318382431, 7642631.405559167265892 ], [ 425186.683542156999465, 7642613.726518910378218 ], [ 425188.69267698796466, 7642595.171955514699221 ], [ 425191.724573260289617, 7642575.790864359587431 ], [ 425198.530872074654326, 7642545.358464697375894 ], [ 425204.760069383482914, 7642524.448665203526616 ], [ 425208.349682774278335, 7642514.075853124260902 ], [ 425212.223715664411429, 7642503.850191121920943 ], [ 425220.813952511933167, 7642483.828804436139762 ], [ 425230.522342833748553, 7642464.360812720842659 ], [ 425239.41878004692262, 7642448.709410339593887 ] ] ] } },
{ "type": "Feature", "properties": { "fid": 287.0, "COMPR_M": 309.33, "CLASSE": "03 - Média", "CD_FAZ": "400023", "TALHOES": "1", "FAZ_tAL": "400023001", "ID_LINHA": 157485 }, "geometry": { "type": "MultiLineString", "coordinates": [ [ [ 425197.510857101180591, 7642745.358468914404511 ], [ 425194.773381646373309, 7642730.424040438607335 ], [ 425191.598863054066896, 7642708.271280253306031 ], [ 425189.461643612594344, 7642686.240665417164564 ], [ 425188.313864156836644, 7642663.977932317182422 ], [ 425188.255298569914885, 7642639.981995522975922 ], [ 425189.008493661647663, 7642622.869927553460002 ], [ 425190.552768443070818, 7642604.878849694505334 ], [ 425193.035264129750431, 7642586.043726054951549 ], [ 425196.609706328657921, 7642566.428420026786625 ], [ 425201.429700928041711, 7642546.132147965021431 ], [ 425207.609432212659158, 7642525.388372305780649 ], [ 425211.170503947301768, 7642515.098036305978894 ], [ 425215.013817504514009, 7642504.953459188342094 ], [ 425223.536136274109595, 7642485.09037484228611 ], [ 425233.167897017672658, 7642465.776047051884234 ], [ 425243.932620564708486, 7642446.973083052784204 ] ] ] } },
{ "type": "Feature", "properties": { "fid": 288.0, "COMPR_M": 322.18, "CLASSE": "03 - Média", "CD_FAZ": "400023", "TALHOES": "1", "FAZ_tAL": "400023001", "ID_LINHA": 157486 }, "geometry": { "type": "MultiLineString", "coordinates": [ [ [ 425202.767295298224781, 7642755.623054143041372 ], [ 425199.021716340270359, 7642737.296366836875677 ], [ 425195.512435403943527, 7642715.23893415927887 ], [ 425193.04963591293199, 7642693.304197259247303 ], [ 425191.586507717438508, 7642671.401252062991261 ], [ 425191.132310464628972, 7642648.221517583355308 ], [ 425191.539084851916414, 7642631.668609607964754 ], [ 425193.535572987515479, 7642605.201397798955441 ], [ 425195.999509700224735, 7642586.506986474618316 ], [ 425199.546472506131977, 7642567.042407123371959 ], [ 425204.328529783640988, 7642546.905831231735647 ], [ 425210.458795042475685, 7642526.328079409897327 ], [ 425213.99132511933567, 7642516.120219487696886 ], [ 425221.893450023082551, 7642496.135021202266216 ], [ 425230.898095538490452, 7642476.704769175499678 ], [ 425241.006115146796219, 7642457.809878713451326 ], [ 425248.618023611663375, 7642445.170761254616082 ] ] ] } },
{ "type": "Feature", "properties": { "fid": 289.0, "COMPR_M": 323.4, "CLASSE": "03 - Média", "CD_FAZ": "400023", "TALHOES": "1", "FAZ_tAL": "400023001", "ID_LINHA": 157487 }, "geometry": { "type": "MultiLineString", "coordinates": [ [ [ 425205.59403023525374, 7642754.518809027969837 ], [ 425201.972736599564087, 7642736.75596372410655 ], [ 425198.485390577814542, 7642714.836361188441515 ], [ 425196.037807888700627, 7642693.037111535668373 ], [ 425194.583675202855375, 7642671.26889163069427 ], [ 425194.132379328366369, 7642648.239366396330297 ], [ 425194.536348619032651, 7642631.800134828314185 ], [ 425196.518377532134764, 7642605.523945903405547 ], [ 425198.963755267672241, 7642586.97024689335376 ], [ 425202.483238686341792, 7642567.656394216232002 ], [ 425207.227358638192527, 7642547.67951450124383 ], [ 425213.308157869731076, 7642527.267786512151361 ], [ 425216.812146290263627, 7642517.1424026703462 ], [ 425224.650672870338894, 7642497.31805776245892 ], [ 425233.583065679355059, 7642478.043715384788811 ], [ 425243.610010543547105, 7642459.300376500934362 ], [ 425253.303426659142133, 7642443.368439458310604 ] ] ] } },
{ "type": "Feature", "properties": { "fid": 290.0, "COMPR_M": 324.67, "CLASSE": "03 - Média", "CD_FAZ": "400023", "TALHOES": "1", "FAZ_tAL": "400023001", "ID_LINHA": 157488 }, "geometry": { "type": "MultiLineString", "coordinates": [ [ [ 425208.420765174669214, 7642753.414563906379044 ], [ 425204.923756859148853, 7642736.215560613200068 ], [ 425201.458345749939326, 7642714.433788223192096 ], [ 425199.025979862955865, 7642692.770025817677379 ], [ 425197.580842689378187, 7642671.136531193740666 ], [ 425197.132448194141034, 7642648.257215207442641 ], [ 425197.533612384402659, 7642631.931660051457584 ], [ 425199.50118207623018, 7642605.846494009718299 ], [ 425201.928000838612206, 7642587.433507312089205 ], [ 425205.42000486474717, 7642568.270381313748658 ], [ 425210.126187492918689, 7642548.453197770752013 ], [ 425216.157520700362511, 7642528.207493614405394 ], [ 425223.384123029361945, 7642508.263263376429677 ], [ 425231.702687559591141, 7642488.87508605979383 ], [ 425241.10455956577789, 7642470.021750035695732 ], [ 425251.59869511728175, 7642451.68923800252378 ], [ 425258.052986363123637, 7642441.541438687592745 ] ] ] } },
{ "type": "Feature", "properties": { "fid": 291.0, "COMPR_M": 326.05, "CLASSE": "03 - Média", "CD_FAZ": "400023", "TALHOES": "1", "FAZ_tAL": "400023001", "ID_LINHA": 157489 }, "geometry": { "type": "MultiLineString", "coordinates": [ [ [ 425211.247500110475812, 7642752.310318788513541 ], [ 425207.874777117278427, 7642735.675157498568296 ], [ 425204.431300924974494, 7642714.031215250492096 ], [ 425202.014151838957332, 7642692.502940094098449 ], [ 425200.5780101751443, 7642671.004170758649707 ], [ 425200.132517059275415, 7642648.275064023211598 ], [ 425200.530876152624842, 7642632.063185270875692 ], [ 425202.48398662119871, 7642606.169042116031051 ], [ 425204.892246408388019, 7642587.896767731755972 ], [ 425208.356771043268964, 7642568.884368408471346 ], [ 425213.025016347935889, 7642549.226881038397551 ], [ 425219.006883529014885, 7642529.147200716659427 ], [ 425226.174224870337639, 7642509.366531437262893 ], [ 425234.424871322582476, 7642490.13665647059679 ], [ 425243.750113749178126, 7642471.436984364874661 ], [ 425254.158636395353824, 7642453.254029208794236 ], [ 425262.930212286300957, 7642439.665328883565962 ] ] ] } },
{ "type": "Feature", "properties": { "fid": 292.0, "COMPR_M": 327.43, "CLASSE": "03 - Média", "CD_FAZ": "400023", "TALHOES": "1", "FAZ_tAL": "400023001", "ID_LINHA": 157490 }, "geometry": { "type": "MultiLineString", "coordinates": [ [ [ 425214.074235049309209, 7642751.206073669716716 ], [ 425209.568944137950893, 7642727.953216250985861 ], [ 425206.492605838284362, 7642706.485386323183775 ], [ 425204.420809362782165, 7642685.128959407098591 ], [ 425203.308343428070657, 7642663.553156144917011 ], [ 425203.251491712522693, 7642640.348588103428483 ], [ 425203.978403888642788, 7642623.832298312336206 ], [ 425206.539934180385899, 7642597.521582188084722 ], [ 425209.434882533969358, 7642579.015423947945237 ], [ 425213.450643037678674, 7642559.821662079542875 ], [ 425218.728329964797013, 7642540.058361856266856 ], [ 425225.27460980869364, 7642520.208952217362821 ], [ 425232.922341412864625, 7642500.867167442105711 ], [ 425246.39566793263657, 7642472.852218691259623 ], [ 425256.718577674007975, 7642454.818820416927338 ], [ 425267.80743820767384, 7642437.789219080470502 ] ] ] } },
{ "type": "Feature", "properties": { "fid": 293.0, "COMPR_M": 328.98, "CLASSE": "03 - Média", "CD_FAZ": "400023", "TALHOES": "1", "FAZ_tAL": "400023001", "ID_LINHA": 157491 }, "geometry": { "type": "MultiLineString", "coordinates": [ [ [ 425216.900969987153076, 7642750.101828552782536 ], [ 425212.528056636219844, 7642727.459051412530243 ], [ 425209.471354397013783, 7642706.12820753455162 ], [ 425207.412642513227183, 7642684.906618206761777 ], [ 425206.307239282876253, 7642663.468200912699103 ], [ 425206.250730340369046, 7642640.421906618401408 ], [ 425206.972385933971964, 7642624.024772463366389 ], [ 425209.514477044926025, 7642597.913186632096767 ], [ 425212.386600746482145, 7642579.552850542590022 ], [ 425216.3698409848148, 7642560.514459585770965 ], [ 425221.60383532900596, 7642540.91472942661494 ], [ 425228.09543098078575, 7642521.231135400012136 ], [ 425235.679564260644838, 7642502.050203997641802 ], [ 425244.322946241765749, 7642483.399500228464603 ], [ 425254.025592132064048, 7642465.262367646209896 ], [ 425264.803346664004494, 7642447.631292711943388 ], [ 425272.869518504012376, 7642435.84200182557106 ] ] ] } },
{ "type": "Feature", "properties": { "fid": 294.0, "COMPR_M": 330.55, "CLASSE": "03 - Média", "CD_FAZ": "400023", "TALHOES": "1", "FAZ_tAL": "400023001", "ID_LINHA": 157492 }, "geometry": { "type": "MultiLineString", "coordinates": [ [ [ 425219.727704923425335, 7642748.997583433054388 ], [ 425215.487169134430587, 7642726.964886577799916 ], [ 425212.450102953589521, 7642705.771028748713434 ], [ 425210.404475662508048, 7642684.684277003630996 ], [ 425209.306135135586374, 7642663.383245680481195 ], [ 425209.249968969554175, 7642640.495225133374333 ], [ 425209.96636797953397, 7642624.217246614396572 ], [ 425212.489019911619835, 7642598.304791076108813 ], [ 425215.338318959227763, 7642580.090277140960097 ], [ 425219.289038931659888, 7642561.207257087342441 ], [ 425224.479340692632832, 7642541.771096998825669 ], [ 425230.916252153809182, 7642522.253318581730127 ], [ 425238.436787109181751, 7642503.233240559697151 ], [ 425247.007916382164694, 7642484.738446434959769 ], [ 425256.62948752893135, 7642466.752865431830287 ], [ 425267.31697468389757, 7642449.269452433101833 ], [ 425277.961091451114044, 7642433.883439707569778 ] ] ] } },
{ "type": "Feature", "properties": { "fid": 295.0, "COMPR_M": 332.25, "CLASSE": "03 - Média", "CD_FAZ": "400023", "TALHOES": "1", "FAZ_tAL": "400023001", "ID_LINHA": 157493 }, "geometry": { "type": "MultiLineString", "coordinates": [ [ [ 425222.554439861385617, 7642747.89333831332624 ], [ 425218.446281632524915, 7642726.470721738412976 ], [ 425215.42885150940856, 7642705.413849962875247 ], [ 425213.396308813127689, 7642684.461935803294182 ], [ 425212.30503099237103, 7642663.298290444537997 ], [ 425212.249207598040812, 7642640.568543649278581 ], [ 425212.9603500252706, 7642624.4097207672894 ], [ 425215.463562776450999, 7642598.696395521983504 ], [ 425218.290037172264419, 7642580.627703739330173 ], [ 425222.20823687966913, 7642561.900054590776563 ], [ 425227.354846056958195, 7642542.627464571967721 ], [ 425233.737073324446101, 7642523.275501764379442 ], [ 425241.194009957253002, 7642504.41627711802721 ], [ 425249.692886522447225, 7642486.077392647042871 ], [ 425259.233382925856858, 7642468.243363216519356 ], [ 425269.830602703383192, 7642450.907612154260278 ], [ 425283.191247312934138, 7642431.871569264680147 ] ] ] } },
{ "type": "Feature", "properties": { "fid": 297.0, "COMPR_M": 334.03, "CLASSE": "03 - Média", "CD_FAZ": "400023", "TALHOES": "1", "FAZ_tAL": "400023001", "ID_LINHA": 157494 }, "geometry": { "type": "MultiLineString", "coordinates": [ [ [ 425225.384465214563534, 7642746.787807817570865 ], [ 425221.40539413044462, 7642725.976556901820004 ], [ 425218.407600067730527, 7642705.056671174243093 ], [ 425215.925683668116108, 7642677.318268280476332 ], [ 425215.155940085067414, 7642655.887964736670256 ], [ 425215.517194987391122, 7642632.720811374485493 ], [ 425216.5757635619957, 7642616.288086310960352 ], [ 425219.713474257383496, 7642590.213069828227162 ], [ 425223.040601935586892, 7642571.9543038867414 ], [ 425227.519160621333867, 7642553.095297382213175 ], [ 425233.253697674372233, 7642533.845736227929592 ], [ 425240.124734077078756, 7642514.882871757261455 ], [ 425248.035790134628769, 7642496.44450849853456 ], [ 425256.977884663210716, 7642478.51315600425005 ], [ 425266.958342784724664, 7642461.077985242009163 ], [ 425277.998885088250972, 7642444.138259122148156 ], [ 425288.523915335710626, 7642429.820265733636916 ] ] ] } },
{ "type": "Feature", "properties": { "fid": 298.0, "COMPR_M": 15.92, "CLASSE": "01 - Muito curta", "CD_FAZ": "400023", "TALHOES": "1", "FAZ_tAL": "400023001", "ID_LINHA": 157495 }, "geometry": { "type": "MultiLineString", "coordinates": [ [ [ 425663.648769223596901, 7642285.56460252404213 ], [ 425679.564841190527659, 7642285.807282816618681 ] ] ] } },
{ "type": "Feature", "properties": { "fid": 299.0, "COMPR_M": 335.94, "CLASSE": "03 - Média", "CD_FAZ": "400023", "TALHOES": "1", "FAZ_tAL": "400023001", "ID_LINHA": 157496 }, "geometry": { "type": "MultiLineString", "coordinates": [ [ [ 425228.218510013306513, 7642745.680707149207592 ], [ 425223.261175618565176, 7642718.543395861051977 ], [ 425220.611544478451833, 7642697.794431323185563 ], [ 425218.920498833409511, 7642677.140557043254375 ], [ 425218.15584714175202, 7642655.853064227849245 ], [ 425218.514458755031228, 7642632.852336598560214 ], [ 425219.564985701756086, 7642616.544243052601814 ], [ 425222.677719826460816, 7642590.676330246031284 ], [ 425225.977368115680292, 7642572.568290982395411 ], [ 425230.417989476467483, 7642553.868980650790036 ], [ 425236.103060503315646, 7642534.78544333204627 ], [ 425242.914835918578319, 7642515.986139817163348 ], [ 425250.75797389599029, 7642497.706078906543553 ], [ 425259.623438846087083, 7642479.928390331566334 ], [ 425269.518284061399754, 7642462.642776448279619 ], [ 425280.463766369502991, 7642445.848896984942257 ], [ 425293.981831384124234, 7642427.720783369615674 ] ] ] } },
{ "type": "Feature", "properties": { "fid": 300.0, "COMPR_M": 25.61, "CLASSE": "01 - Muito curta", "CD_FAZ": "400023", "TALHOES": "1", "FAZ_tAL": "400023001", "ID_LINHA": 157497 }, "geometry": { "type": "MultiLineString", "coordinates": [ [ [ 425655.267541520646773, 7642288.506803432479501 ], [ 425680.870964863803238, 7642288.834584037773311 ] ] ] } },
{ "type": "Feature", "properties": { "fid": 301.0, "COMPR_M": 337.98, "CLASSE": "03 - Média", "CD_FAZ": "400023", "TALHOES": "1", "FAZ_tAL": "400023001", "ID_LINHA": 157498 }, "geometry": { "type": "MultiLineString", "coordinates": [ [ [ 425231.052554812980816, 7642744.573606481775641 ], [ 425226.227592266863212, 7642718.095167800784111 ], [ 425223.595359786355402, 7642697.482407469302416 ], [ 425221.915313998528291, 7642676.962845802307129 ], [ 425221.155754200182855, 7642655.81816372089088 ], [ 425221.51172252028482, 7642632.983861817978323 ], [ 425222.554207843262702, 7642616.800399793311954 ], [ 425225.64196539518889, 7642591.139590666629374 ], [ 425228.914134293969255, 7642573.182278077118099 ], [ 425233.316818329913076, 7642554.642663918435574 ], [ 425238.95242333097849, 7642535.725150432437658 ], [ 425245.704937759262975, 7642517.089407881721854 ], [ 425253.480157658283133, 7642498.967649310827255 ], [ 425262.26899302896345, 7642481.343624662607908 ], [ 425272.078225339937489, 7642464.207567656412721 ], [ 425282.928647649008781, 7642447.559534845873713 ], [ 425299.587683635472786, 7642425.564394772984087 ] ] ] } },
{ "type": "Feature", "properties": { "fid": 302.0, "COMPR_M": 35.48, "CLASSE": "01 - Muito curta", "CD_FAZ": "400023", "TALHOES": "1", "FAZ_tAL": "400023001", "ID_LINHA": 157499 }, "geometry": { "type": "MultiLineString", "coordinates": [ [ [ 425646.715599679097068, 7642291.508932946249843 ], [ 425682.177088535972871, 7642291.861885256133974 ] ] ] } },
{ "type": "Feature", "properties": { "fid": 303.0, "COMPR_M": 340.17, "CLASSE": "03 - Média", "CD_FAZ": "400023", "TALHOES": "1", "FAZ_tAL": "400023001", "ID_LINHA": 157500 }, "geometry": { "type": "MultiLineString", "coordinates": [ [ [ 425233.886599613004364, 7642743.466505816206336 ], [ 425229.194008915801533, 7642717.646939740516245 ], [ 425226.579175094433594, 7642697.170383614487946 ], [ 425224.555350063776132, 7642669.945287292823195 ], [ 425224.133067980175838, 7642648.417854528874159 ], [ 425224.936278206470888, 7642625.179617371410131 ], [ 425226.346422979258932, 7642608.749426958151162 ], [ 425230.096910020860378, 7642582.777410132810473 ], [ 425233.885028668446466, 7642564.671244604513049 ], [ 425238.856867510883603, 7642546.05293485801667 ], [ 425245.020358015724923, 7642527.364234492182732 ], [ 425252.222901346161962, 7642509.148423356935382 ], [ 425260.432767085905652, 7642491.43317748978734 ], [ 425269.64896451367531, 7642474.205354364588857 ], [ 425279.885114782489836, 7642457.46025104355067 ], [ 425291.167827138095163, 7642441.204111842438579 ], [ 425305.350292531016748, 7642423.347707003355026 ] ] ] } },
{ "type": "Feature", "properties": { "fid": 304.0, "COMPR_M": 45.55, "CLASSE": "01 - Muito curta", "CD_FAZ": "400023", "TALHOES": "1", "FAZ_tAL": "400023001", "ID_LINHA": 157501 }, "geometry": { "type": "MultiLineString", "coordinates": [ [ [ 425637.955916078877635, 7642294.583989486098289 ], [ 425683.483656793017872, 7642294.890216926112771 ] ] ] } },
{ "type": "Feature", "properties": { "fid": 305.0, "COMPR_M": 342.5, "CLASSE": "03 - Média", "CD_FAZ": "400023", "TALHOES": "1", "FAZ_tAL": "400023001", "ID_LINHA": 157502 }, "geometry": { "type": "MultiLineString", "coordinates": [ [ [ 425236.720644413260743, 7642742.35940514691174 ], [ 425232.160425563517492, 7642717.198711678385735 ], [ 425229.56299040268641, 7642696.858359757810831 ], [ 425227.552517549775075, 7642669.812926860526204 ], [ 425227.133136845077388, 7642648.435703342780471 ], [ 425227.930260251043364, 7642625.372091524302959 ], [ 425229.329227522655856, 7642609.071975061669946 ], [ 425233.048628233198542, 7642583.314836727455258 ], [ 425236.80422661465127, 7642565.364042107015848 ], [ 425241.732372876198497, 7642546.909302427433431 ], [ 425247.84117918839911, 7642528.386417674832046 ], [ 425254.980124195571989, 7642510.331459912471473 ], [ 425263.117737226362806, 7642492.772123696282506 ], [ 425272.252859910717234, 7642475.69585214741528 ], [ 425282.398742802266497, 7642459.098410761915147 ], [ 425293.581444160256069, 7642442.986360247246921 ], [ 425311.268265381688252, 7642421.071255788207054 ] ] ] } },
{ "type": "Feature", "properties": { "fid": 306.0, "COMPR_M": 55.87, "CLASSE": "01 - Muito curta", "CD_FAZ": "400023", "TALHOES": "1", "FAZ_tAL": "400023001", "ID_LINHA": 157503 }, "geometry": { "type": "MultiLineString", "coordinates": [ [ [ 425628.94465355516877, 7642297.747361930087209 ], [ 425654.124978946289048, 7642297.50180746242404 ], [ 425684.790731937857345, 7642297.919723445549607 ] ] ] } },
{ "type": "Feature", "properties": { "fid": 307.0, "COMPR_M": 345.07, "CLASSE": "03 - Média", "CD_FAZ": "400023", "TALHOES": "1", "FAZ_tAL": "400023001", "ID_LINHA": 157504 }, "geometry": { "type": "MultiLineString", "coordinates": [ [ [ 425239.554689212527592, 7642741.25230447947979 ], [ 425235.126842212630436, 7642716.750483622774482 ], [ 425232.54680571105564, 7642696.546335902996361 ], [ 425230.549685036879964, 7642669.680566426366568 ], [ 425230.133205710037146, 7642648.45355215575546 ], [ 425230.924242297769524, 7642625.564565675333142 ], [ 425232.312032066867687, 7642609.394523167982697 ], [ 425236.00034644571133, 7642583.852263325825334 ], [ 425239.723424563184381, 7642566.056839611381292 ], [ 425244.607878239592537, 7642547.76566999964416 ], [ 425250.662000360782258, 7642529.40860085748136 ], [ 425257.737347043119371, 7642511.514496471732855 ], [ 425270.205655578407459, 7642485.589327646419406 ], [ 425279.758049173047766, 7642468.901941277086735 ], [ 425290.323291491076816, 7642452.691448429599404 ], [ 425301.932542388094589, 7642436.970991358160973 ], [ 425317.437005422951188, 7642418.698342606425285 ] ] ] } },
{ "type": "Feature", "properties": { "fid": 308.0, "COMPR_M": 66.42, "CLASSE": "01 - Muito curta", "CD_FAZ": "400023", "TALHOES": "1", "FAZ_tAL": "400023001", "ID_LINHA": 157505 }, "geometry": { "type": "MultiLineString", "coordinates": [ [ [ 425619.710156901273876, 7642301.015075379982591 ], [ 425649.774436258943751, 7642300.498737482354045 ], [ 425686.097807083104271, 7642300.949229966849089 ] ] ] } },
{ "type": "Feature", "properties": { "fid": 309.0, "COMPR_M": 347.76, "CLASSE": "03 - Média", "CD_FAZ": "400023", "TALHOES": "1", "FAZ_tAL": "400023001", "ID_LINHA": 157506 }, "geometry": { "type": "MultiLineString", "coordinates": [ [ [ 425242.388734013366047, 7642740.145203811116517 ], [ 425238.093258860462811, 7642716.302255559712648 ], [ 425235.530621018959209, 7642696.234312048181891 ], [ 425233.54685252183117, 7642669.548205992206931 ], [ 425233.133274574414827, 7642648.47140096873045 ], [ 425233.918224342749454, 7642625.75703982822597 ], [ 425235.294836611952633, 7642609.717071272432804 ], [ 425238.952064656594303, 7642584.389689924195409 ], [ 425242.642622510786168, 7642566.749637112021446 ], [ 425247.48338360368507, 7642548.622037571854889 ], [ 425253.482821532059461, 7642530.43078403826803 ], [ 425260.494569890783168, 7642512.697533031925559 ], [ 425272.851209761400241, 7642487.004561975598335 ], [ 425287.425998841121327, 7642462.374730207026005 ], [ 425298.408678204461467, 7642446.550857055932283 ], [ 425310.44429133302765, 7642431.225422721356153 ], [ 425323.729104241647292, 7642416.277977332472801 ] ] ] } },
{ "type": "Feature", "properties": { "fid": 310.0, "COMPR_M": 76.31, "CLASSE": "01 - Muito curta", "CD_FAZ": "400023", "TALHOES": "1", "FAZ_tAL": "400023001", "ID_LINHA": 157507 }, "geometry": { "type": "MultiLineString", "coordinates": [ [ [ 425611.135745062842034, 7642304.362959120422602 ], [ 425645.384147663484327, 7642303.513460129499435 ], [ 425687.40547939715907, 7642303.980120589956641 ] ] ] } },
{ "type": "Feature", "properties": { "fid": 311.0, "COMPR_M": 350.84, "CLASSE": "03 - Média", "CD_FAZ": "400023", "TALHOES": "1", "FAZ_tAL": "400023001", "ID_LINHA": 157508 }, "geometry": { "type": "MultiLineString", "coordinates": [ [ [ 425245.222778812516481, 7642739.038103144615889 ], [ 425241.059675509633962, 7642715.854027503170073 ], [ 425238.514436327037401, 7642695.922288189642131 ], [ 425236.544020007946528, 7642669.415845558047295 ], [ 425236.133343440771569, 7642648.489249782636762 ], [ 425236.912206387845799, 7642625.949513977393508 ], [ 425239.259905700921081, 7642601.829231087118387 ], [ 425243.59796518762596, 7642576.25221355445683 ], [ 425247.810962605290115, 7642558.511080263182521 ], [ 425253.199237478722353, 7642540.423685943707824 ], [ 425259.65544696705183, 7642522.605748197063804 ], [ 425267.091076470213011, 7642505.275501342490315 ], [ 425280.06454610126093, 7642480.167345508001745 ], [ 425289.93962686083978, 7642464.01288992818445 ], [ 425300.822295226564165, 7642448.333105462603271 ], [ 425312.747448454261757, 7642433.148314526304603 ], [ 425330.426704788231291, 7642413.701628757640719 ] ] ] } },
{ "type": "Feature", "properties": { "fid": 312.0, "COMPR_M": 86.52, "CLASSE": "01 - Muito curta", "CD_FAZ": "400023", "TALHOES": "1", "FAZ_tAL": "400023001", "ID_LINHA": 157509 }, "geometry": { "type": "MultiLineString", "coordinates": [ [ [ 425602.251557155977935, 7642307.83179509267211 ], [ 425640.956998199399095, 7642306.547711380757391 ], [ 425688.71346233249642, 7642307.011731158941984 ] ] ] } },
{ "type": "Feature", "properties": { "fid": 313.0, "COMPR_M": 354.17, "CLASSE": "03 - Média", "CD_FAZ": "400023", "TALHOES": "1", "FAZ_tAL": "400023001", "ID_LINHA": 157510 }, "geometry": { "type": "MultiLineString", "coordinates": [ [ [ 425248.056823612656444, 7642737.931002477183938 ], [ 425244.026092157000676, 7642715.405799441039562 ], [ 425241.498251635173801, 7642695.610264336690307 ], [ 425239.541187493887264, 7642669.283485125750303 ], [ 425239.133412305847742, 7642648.507098595611751 ], [ 425239.906188433757052, 7642626.141988128423691 ], [ 425242.234448565170169, 7642602.220835532061756 ], [ 425246.534731366205961, 7642576.866200650110841 ], [ 425250.709791459550615, 7642559.284763526171446 ], [ 425256.048600306734443, 7642541.363393045961857 ], [ 425262.445548808434978, 7642523.709016262553632 ], [ 425269.813260230817832, 7642506.537071748636663 ], [ 425282.668441498477478, 7642481.657843291759491 ], [ 425297.717935334832873, 7642457.823362012393773 ], [ 425309.011769748467486, 7642442.529994895681739 ], [ 425321.35794680804247, 7642427.743947802111506 ], [ 425337.375410499109421, 7642411.028688214719296 ] ] ] } },
{ "type": "Feature", "properties": { "fid": 314.0, "COMPR_M": 97.11, "CLASSE": "01 - Muito curta", "CD_FAZ": "400023", "TALHOES": "1", "FAZ_tAL": "400023001", "ID_LINHA": 157511 }, "geometry": { "type": "MultiLineString", "coordinates": [ [ [ 425592.990937503403984, 7642311.447609044611454 ], [ 425613.126780384511221, 7642310.275858108885586 ], [ 425636.495881470735185, 7642309.603239686228335 ], [ 425690.021445264806971, 7642310.04334173258394 ] ] ] } },
{ "type": "Feature", "properties": { "fid": 315.0, "COMPR_M": 357.8, "CLASSE": "03 - Média", "CD_FAZ": "400023", "TALHOES": "1", "FAZ_tAL": "400023001", "ID_LINHA": 157512 }, "geometry": { "type": "MultiLineString", "coordinates": [ [ [ 425250.890868412388954, 7642736.823901809751987 ], [ 425246.992508805647958, 7642714.957571380771697 ], [ 425243.848559493257198, 7642688.763739986345172 ], [ 425242.293989534955472, 7642662.448738101869822 ], [ 425242.241593884362374, 7642641.301728809252381 ], [ 425243.478762827115133, 7642618.593496975488961 ], [ 425246.391684384667315, 7642594.382413599640131 ], [ 425251.400216351670679, 7642568.828029624186456 ], [ 425256.10989969514776, 7642551.191140285693109 ], [ 425261.945285049616359, 7642533.497333587147295 ], [ 425268.766238434007391, 7642516.246642706915736 ], [ 425280.787872310495004, 7642491.250264957547188 ], [ 425289.997814284055494, 7642475.16110610216856 ], [ 425305.649529270129278, 7642451.897602272219956 ], [ 425317.353762699989602, 7642436.994098138064146 ], [ 425330.121073214104399, 7642422.61429666634649 ], [ 425344.635585706972051, 7642408.23593551106751 ] ] ] } },
{ "type": "Feature", "properties": { "fid": 316.0, "COMPR_M": 108.18, "CLASSE": "02 - Curta", "CD_FAZ": "400023", "TALHOES": "1", "FAZ_tAL": "400023001", "ID_LINHA": 157513 }, "geometry": { "type": "MultiLineString", "coordinates": [ [ [ 425583.262569506594446, 7642315.246055591851473 ], [ 425608.422852010698989, 7642313.50066742952913 ], [ 425632.003703130234499, 7642312.681801829487085 ], [ 425658.321873883251101, 7642312.520634777843952 ], [ 425691.330273056053557, 7642313.076910492032766 ] ] ] } },
{ "type": "Feature", "properties": { "fid": 317.0, "COMPR_M": 361.95, "CLASSE": "03 - Média", "CD_FAZ": "400023", "TALHOES": "1", "FAZ_tAL": "400023001", "ID_LINHA": 157514 }, "geometry": { "type": "MultiLineString", "coordinates": [ [ [ 425253.724913211772218, 7642735.716801142320037 ], [ 425249.958925455110148, 7642714.509343321435153 ], [ 425246.836731468851212, 7642688.496654268354177 ], [ 425245.292885389993899, 7642662.363782867789268 ], [ 425245.240832511219196, 7642641.375047327950597 ], [ 425246.46798496786505, 7642618.849653713405132 ], [ 425249.355929954384919, 7642594.845674019306898 ], [ 425254.319414299738128, 7642569.520827127620578 ], [ 425258.985405057552271, 7642552.047507856041193 ], [ 425264.766106222697999, 7642534.519516767933965 ], [ 425275.257627756451257, 7642509.060212561860681 ], [ 425287.876232292095665, 7642484.638838866725564 ], [ 425297.480510921101086, 7642468.927369092591107 ], [ 425313.731254657905083, 7642446.235997251234949 ], [ 425325.845455137139652, 7642431.72774862498045 ], [ 425339.033882645773701, 7642417.76380006223917 ], [ 425352.416810147638898, 7642405.242752157151699 ] ] ] } },
{ "type": "Feature", "properties": { "fid": 318.0, "COMPR_M": 119.88, "CLASSE": "02 - Curta", "CD_FAZ": "400023", "TALHOES": "1", "FAZ_tAL": "400023001", "ID_LINHA": 157515 }, "geometry": { "type": "MultiLineString", "coordinates": [ [ [ 425572.936396801902447, 7642319.277915307320654 ], [ 425598.7693598610349, 7642317.061744628474116 ], [ 425627.483384571678471, 7642315.785158646292984 ], [ 425658.303370299050584, 7642315.52058213762939 ], [ 425692.639228611602448, 7642316.110775377601385 ] ] ] } },
{ "type": "Feature", "properties": { "fid": 319.0, "COMPR_M": 366.7, "CLASSE": "03 - Média", "CD_FAZ": "400023", "TALHOES": "1", "FAZ_tAL": "400023001", "ID_LINHA": 157516 }, "geometry": { "type": "MultiLineString", "coordinates": [ [ [ 425256.558958011504728, 7642734.609700476750731 ], [ 425252.925342103233561, 7642714.06111526209861 ], [ 425249.824903444212396, 7642688.229568548500538 ], [ 425248.291781243809965, 7642662.278827633708715 ], [ 425248.240071141335648, 7642641.448365841060877 ], [ 425249.457207108964212, 7642619.105810452252626 ], [ 425252.320175523753278, 7642595.30893443711102 ], [ 425257.238612246874254, 7642570.213624630123377 ], [ 425261.860910422634333, 7642552.90387543104589 ], [ 425267.586927394731902, 7642535.541699951514602 ], [ 425277.979811517521739, 7642510.321782968007028 ], [ 425290.48012768937042, 7642486.129336652345955 ], [ 425299.994138938956894, 7642470.565528815612197 ], [ 425316.090997111750767, 7642448.088998429477215 ], [ 425328.089209302910604, 7642433.719649036414921 ], [ 425341.149927596910857, 7642419.890906643122435 ], [ 425360.791901936929207, 7642402.021127391606569 ] ] ] } },
{ "type": "Feature", "properties": { "fid": 320.0, "COMPR_M": 132.38, "CLASSE": "02 - Curta", "CD_FAZ": "400023", "TALHOES": "1", "FAZ_tAL": "400023001", "ID_LINHA": 157517 }, "geometry": { "type": "MultiLineString", "coordinates": [ [ [ 425561.824493398074992, 7642323.616564001888037 ], [ 425588.95513310667593, 7642320.783450048416853 ], [ 425622.937866554944776, 7642318.915070648305118 ], [ 425654.070836601487827, 7642318.501774478703737 ], [ 425693.948274689551909, 7642319.144850080832839 ] ] ] } },
{ "type": "Feature", "properties": { "fid": 321.0, "COMPR_M": 372.16, "CLASSE": "03 - Média", "CD_FAZ": "400023", "TALHOES": "1", "FAZ_tAL": "400023001", "ID_LINHA": 157518 }, "geometry": { "type": "MultiLineString", "coordinates": [ [ [ 425259.393002812750638, 7642733.502599808387458 ], [ 425254.971538881247398, 7642707.187474777922034 ], [ 425252.290139765304048, 7642681.571500174701214 ], [ 425251.154824773781002, 7642655.469158643856645 ], [ 425251.484360190050211, 7642634.299114026129246 ], [ 425253.191663879377302, 7642611.652359906584024 ], [ 425256.662373932311311, 7642587.614249509759247 ], [ 425262.305106879037339, 7642562.379496602341533 ], [ 425267.446051623148378, 7642545.122221454977989 ], [ 425273.605956173792947, 7642528.122088517062366 ], [ 425284.597498351300601, 7642503.483693381771445 ], [ 425297.677638115244918, 7642479.855479723773897 ], [ 425307.577460458385758, 7642464.66591346077621 ], [ 425324.263234069279861, 7642442.762773551978171 ], [ 425336.665338550461456, 7642428.794267553836107 ], [ 425350.123707532999106, 7642415.407340080477297 ], [ 425369.870763710117899, 7642398.528785257600248 ] ] ] } },
{ "type": "Feature", "properties": { "fid": 322.0, "COMPR_M": 146.0, "CLASSE": "02 - Curta", "CD_FAZ": "400023", "TALHOES": "1", "FAZ_tAL": "400023001", "ID_LINHA": 157519 }, "geometry": { "type": "MultiLineString", "coordinates": [ [ [ 425549.644554112979677, 7642328.372227882035077 ], [ 425578.971788848459255, 7642324.687447924166918 ], [ 425613.651845184678677, 7642322.264430060982704 ], [ 425649.802196058735717, 7642321.498762305825949 ], [ 425695.258271866245195, 7642322.181129205971956 ] ] ] } },
{ "type": "Feature", "properties": { "fid": 323.0, "COMPR_M": 378.67, "CLASSE": "03 - Média", "CD_FAZ": "400023", "TALHOES": "1", "FAZ_tAL": "400023001", "ID_LINHA": 157520 }, "geometry": { "type": "MultiLineString", "coordinates": [ [ [ 425262.227047611726448, 7642732.395499140024185 ], [ 425257.944494054827373, 7642706.784901808947325 ], [ 425255.281972914992366, 7642681.349158972501755 ], [ 425254.154731831047684, 7642655.434258135035634 ], [ 425254.876098660868593, 7642627.104358888231218 ], [ 425257.10716289258562, 7642604.178857756778598 ], [ 425261.21856225997908, 7642579.936136128380895 ], [ 425267.611921150470152, 7642554.616610571742058 ], [ 425273.228569739672821, 7642537.586066314950585 ], [ 425279.795129824546166, 7642520.978788944892585 ], [ 425291.370089041534811, 7642496.911202269606292 ], [ 425305.021394980547484, 7642473.841848256997764 ], [ 425315.303997356677428, 7642459.026595890522003 ], [ 425332.576717632182408, 7642437.70344986114651 ], [ 425345.382017495459877, 7642424.145119801163673 ], [ 425359.135629069874994, 7642411.300949273630977 ], [ 425379.952518417325336, 7642394.628574997186661 ] ] ] } },
{ "type": "Feature", "properties": { "fid": 324.0, "COMPR_M": 161.21, "CLASSE": "02 - Curta", "CD_FAZ": "400023", "TALHOES": "1", "FAZ_tAL": "400023001", "ID_LINHA": 157521 }, "geometry": { "type": "MultiLineString", "coordinates": [ [ [ 425535.943350941699464, 7642333.721870072185993 ], [ 425568.836018336529378, 7642328.794843535870314 ], [ 425589.438509482890368, 7642326.763998595997691 ], [ 425609.028475648199674, 7642325.485446250066161 ], [ 425649.806161743588746, 7642324.498765853233635 ], [ 425696.568269040202722, 7642325.217408338561654 ] ] ] } },
{ "type": "Feature", "properties": { "fid": 325.0, "COMPR_M": 387.01, "CLASSE": "03 - Média", "CD_FAZ": "400023", "TALHOES": "1", "FAZ_tAL": "400023001", "ID_LINHA": 157522 }, "geometry": { "type": "MultiLineString", "coordinates": [ [ [ 425265.068397254741285, 7642731.285544883459806 ], [ 425260.91744922864018, 7642706.382328840903938 ], [ 425258.273806065437384, 7642681.126817768439651 ], [ 425257.154638888896443, 7642655.399357629008591 ], [ 425257.870080706547014, 7642627.296833038330078 ], [ 425260.081705757242162, 7642604.570462202653289 ], [ 425264.155328437511344, 7642580.550123223103583 ], [ 425270.487426514504477, 7642555.472978142090142 ], [ 425276.049390911939554, 7642538.6082494975999 ], [ 425286.14636280562263, 7642514.106494186446071 ], [ 425298.291813879855908, 7642490.600830012001097 ], [ 425312.507223020016681, 7642468.087189182639122 ], [ 425323.170224473928101, 7642453.648001962341368 ], [ 425341.028182109585032, 7642432.914248147048056 ], [ 425354.219257273012772, 7642419.793174301274121 ], [ 425375.11098965536803, 7642402.022159597836435 ], [ 425391.78256822633557, 7642390.009525652974844 ] ] ] } },
{ "type": "Feature", "properties": { "fid": 326.0, "COMPR_M": 179.22, "CLASSE": "02 - Curta", "CD_FAZ": "400023", "TALHOES": "1", "FAZ_tAL": "400023001", "ID_LINHA": 157523 }, "geometry": { "type": "MultiLineString", "coordinates": [ [ [ 425519.598555092990864, 7642340.103704450652003 ], [ 425536.6328905854607, 7642336.644519869238138 ], [ 425558.567421334097162, 7642333.126629681326449 ], [ 425579.5583634301438, 7642330.65876779705286 ], [ 425599.547409351100214, 7642329.036579633131623 ], [ 425641.168162725458387, 7642327.546707138419151 ], [ 425697.878615246911068, 7642328.25449644215405 ] ] ] } },
{ "type": "Feature", "properties": { "fid": 327.0, "COMPR_M": 397.89, "CLASSE": "03 - Média", "CD_FAZ": "400023", "TALHOES": "1", "FAZ_tAL": "400023001", "ID_LINHA": 157524 }, "geometry": { "type": "MultiLineString", "coordinates": [ [ [ 425267.910433834011201, 7642730.175322278402746 ], [ 425263.890404402161948, 7642705.979755870997906 ], [ 425261.265639215358533, 7642680.904476568102837 ], [ 425260.154545944533311, 7642655.364457119256258 ], [ 425260.864062751759775, 7642627.489307189360261 ], [ 425263.056248624052387, 7642604.96206664852798 ], [ 425267.092094616498798, 7642581.164110320620239 ], [ 425273.36293187859701, 7642556.329345718026161 ], [ 425281.976261696312577, 7642531.431892707012594 ], [ 425292.652408772497438, 7642507.500532012432814 ], [ 425305.357461949926801, 7642484.549853346310556 ], [ 425320.131231402221601, 7642462.591092702001333 ], [ 425331.172705437464174, 7642448.531448967754841 ], [ 425349.61410739494022, 7642428.399332959204912 ], [ 425363.091356361168437, 7642415.813257662579417 ], [ 425383.929549093765672, 7642399.145101431757212 ], [ 425406.034887519839685, 7642384.444699872285128 ] ] ] } },
{ "type": "Feature", "properties": { "fid": 328.0, "COMPR_M": 203.41, "CLASSE": "02 - Curta", "CD_FAZ": "400023", "TALHOES": "1", "FAZ_tAL": "400023001", "ID_LINHA": 157525 }, "geometry": { "type": "MultiLineString", "coordinates": [ [ [ 425497.432819388457574, 7642348.758327943272889 ], [ 425514.540544940042309, 7642344.343214014545083 ], [ 425537.175442928622942, 7642339.595105871558189 ], [ 425558.976987578498665, 7642336.098582495003939 ], [ 425584.917955410550348, 7642333.169790108688176 ], [ 425609.331287466804497, 7642331.477835658937693 ], [ 425636.808569653367158, 7642330.600977008230984 ], [ 425666.387786254519597, 7642330.597488413564861 ], [ 425699.189723881776445, 7642331.293351686559618 ] ] ] } },
{ "type": "Feature", "properties": { "fid": 329.0, "COMPR_M": 414.85, "CLASSE": "03 - Média", "CD_FAZ": "400023", "TALHOES": "1", "FAZ_tAL": "400023001", "ID_LINHA": 157526 }, "geometry": { "type": "MultiLineString", "coordinates": [ [ [ 425270.752470413921401, 7642729.06509967893362 ], [ 425266.067576977831777, 7642699.341810593381524 ], [ 425263.842726307688281, 7642674.474888477474451 ], [ 425263.133963226806372, 7642648.649889102205634 ], [ 425264.403317810676526, 7642620.386594154872 ], [ 425267.141403372457717, 7642597.625236531719565 ], [ 425271.834601982554886, 7642573.677612146362662 ], [ 425278.843502939853352, 7642548.881049864925444 ], [ 425288.066798366722651, 7642524.527898620814085 ], [ 425299.306751590396743, 7642501.156905254349113 ], [ 425312.562279037723783, 7642478.756327422335744 ], [ 425327.889709381735884, 7642457.354004317894578 ], [ 425345.391025666554924, 7642437.03422873839736 ], [ 425365.06922000925988, 7642418.069411853328347 ], [ 425385.698390490084421, 7642401.568531414493918 ], [ 425406.448664564464707, 7642387.689404524862766 ], [ 425426.028572316165082, 7642376.638154830783606 ] ] ] } },
{ "type": "Feature", "properties": { "fid": 330.0, "COMPR_M": 690.55, "CLASSE": "04 - Longa", "CD_FAZ": "400023", "TALHOES": "1", "FAZ_tAL": "400023001", "ID_LINHA": 157527 }, "geometry": { "type": "MultiLineString", "coordinates": [ [ [ 425273.594506992492825, 7642727.954877074807882 ], [ 425269.836314750020392, 7642705.174609933048487 ], [ 425267.753935296437703, 7642686.627054218202829 ], [ 425266.285156369383913, 7642661.769096227362752 ], [ 425266.235502913012169, 7642641.888276936486363 ], [ 425267.392539950262289, 7642620.642750896513462 ], [ 425270.105648941826075, 7642598.088496953248978 ], [ 425274.753799930971581, 7642574.370409652590752 ], [ 425279.113942605676129, 7642558.042080860584974 ], [ 425284.511854428448714, 7642541.674799043685198 ], [ 425290.824021215259563, 7642525.710935181006789 ], [ 425301.952305773622356, 7642502.572139583528042 ], [ 425310.477344504324719, 7642487.679435760714114 ], [ 425324.958465445262846, 7642466.155589509755373 ], [ 425335.779019682551734, 7642452.377232579514384 ], [ 425347.572447446058504, 7642439.094219030812383 ], [ 425360.362581884837709, 7642426.371925631538033 ], [ 425373.812306717329193, 7642414.578365167602897 ], [ 425387.467231885064393, 7642403.991961398161948 ], [ 425401.176463291223627, 7642394.558109582401812 ], [ 425421.605557773844339, 7642382.384796439670026 ], [ 425441.636565628345124, 7642372.309655980207026 ], [ 425461.091570735618006, 7642364.026558002457023 ], [ 425479.861549378314521, 7642357.254184696823359 ], [ 425503.718692310270853, 7642350.151561345905066 ], [ 425520.9231849280186, 7642345.955687282606959 ], [ 425543.216086599859409, 7642341.568604370579123 ], [ 425564.664262687147129, 7642338.371424066834152 ], [ 425590.163574047386646, 7642335.734821416437626 ], [ 425614.176909985020757, 7642334.253002014011145 ], [ 425636.853239393618423, 7642333.600653768517077 ], [ 425666.350533130811527, 7642333.597260078415275 ], [ 425700.500832517340314, 7642334.332206930965185 ] ] ] } },
{ "type": "Feature", "properties": { "fid": 331.0, "COMPR_M": 686.03, "CLASSE": "04 - Longa", "CD_FAZ": "400023", "TALHOES": "1", "FAZ_tAL": "400023001", "ID_LINHA": 157528 }, "geometry": { "type": "MultiLineString", "coordinates": [ [ [ 425276.436543571820948, 7642726.844654473476112 ], [ 425272.809269923716784, 7642704.772036963142455 ], [ 425270.742107271100394, 7642686.359968491829932 ], [ 425269.284052224364132, 7642661.684140994213521 ], [ 425269.234741540974937, 7642641.961595453321934 ], [ 425270.381762092234567, 7642620.898907633498311 ], [ 425273.069894511427265, 7642598.551757371984422 ], [ 425277.672997877176385, 7642575.063207153230906 ], [ 425281.989447970001493, 7642558.898448430001736 ], [ 425287.332675601821393, 7642542.696982227265835 ], [ 425293.58124406269053, 7642526.893971739336848 ], [ 425304.597859956207685, 7642503.987373910844326 ], [ 425313.03728578297887, 7642489.24422696698457 ], [ 425327.37208246672526, 7642467.937837915495038 ], [ 425338.082176805182826, 7642454.300124381668866 ], [ 425349.753869224572554, 7642441.154209326952696 ], [ 425362.410356755368412, 7642428.5648427400738 ], [ 425375.720075229648501, 7642416.894066670909524 ], [ 425389.23607327992795, 7642406.415391380898654 ], [ 425402.809630119707435, 7642397.074922800995409 ], [ 425423.044453256065026, 7642385.01744731515646 ], [ 425442.895068993908353, 7642375.033105150796473 ], [ 425462.185183169087395, 7642366.820265281945467 ], [ 425480.80620621854905, 7642360.101681258529425 ], [ 425504.488822876068298, 7642353.051102271303535 ], [ 425521.575620261370204, 7642348.883947279304266 ], [ 425543.723891697009094, 7642344.525365446694195 ], [ 425565.043151967634913, 7642341.347440500743687 ], [ 425590.405262235028204, 7642338.72509569209069 ], [ 425614.308176184771582, 7642337.250145001336932 ], [ 425641.258661807922181, 7642336.546276749111712 ], [ 425701.819186327862553, 7642337.372775975614786 ] ] ] } },
{ "type": "Feature", "properties": { "fid": 332.0, "COMPR_M": 681.52, "CLASSE": "04 - Longa", "CD_FAZ": "400023", "TALHOES": "1", "FAZ_tAL": "400023001", "ID_LINHA": 157529 }, "geometry": { "type": "MultiLineString", "coordinates": [ [ [ 425279.278580151090864, 7642725.734431870281696 ], [ 425275.782225097704213, 7642704.36946399603039 ], [ 425273.730279245588463, 7642686.092882772907615 ], [ 425272.282948078704067, 7642661.599185761064291 ], [ 425272.233980169636197, 7642642.034913968294859 ], [ 425273.370984232635237, 7642621.155064376071095 ], [ 425276.034140079922508, 7642599.015017788857222 ], [ 425280.592195824487135, 7642575.75600465759635 ], [ 425284.864953333046287, 7642559.754816003143787 ], [ 425290.153496774903033, 7642543.719165408052504 ], [ 425296.338466910878196, 7642528.07700829859823 ], [ 425307.243414138210937, 7642505.402608236297965 ], [ 425315.597227060119621, 7642490.809018172323704 ], [ 425329.785699488827959, 7642469.720086321234703 ], [ 425340.385333928046748, 7642456.223016187548637 ], [ 425351.935291004017927, 7642443.214199621230364 ], [ 425364.458131625258829, 7642430.757759849540889 ], [ 425377.627843739057425, 7642419.209768172353506 ], [ 425391.004914675373584, 7642408.838821364566684 ], [ 425404.442796949180774, 7642399.591736020520329 ], [ 425424.48334873712156, 7642387.650098189711571 ], [ 425444.153572359937243, 7642377.75655432138592 ], [ 425463.278795601683669, 7642369.613972558639944 ], [ 425481.750863058143295, 7642362.949177821166813 ], [ 425505.258953442156781, 7642355.950643205083907 ], [ 425522.228055595303886, 7642351.812207270413637 ], [ 425544.23169679439161, 7642347.482126520946622 ], [ 425565.422041247948073, 7642344.323456935584545 ], [ 425590.646950422902592, 7642341.715369965881109 ], [ 425614.439442385570146, 7642340.24728799238801 ], [ 425641.28882816870464, 7642339.546133286319673 ], [ 425670.257826581539121, 7642339.65185877494514 ], [ 425703.141999638988636, 7642340.414693478494883 ] ] ] } },
{ "type": "Feature", "properties": { "fid": 333.0, "COMPR_M": 677.0, "CLASSE": "04 - Longa", "CD_FAZ": "400023", "TALHOES": "1", "FAZ_tAL": "400023001", "ID_LINHA": 157530 }, "geometry": { "type": "MultiLineString", "coordinates": [ [ [ 425282.120616729720496, 7642724.624209267087281 ], [ 425278.755180270003621, 7642703.966891026124358 ], [ 425276.224804964789655, 7642679.792770558968186 ], [ 425275.154081232321914, 7642655.189954582601786 ], [ 425275.462470325350296, 7642635.351315792649984 ], [ 425277.054100235749502, 7642614.232744747772813 ], [ 425278.99838565196842, 7642599.478278210386634 ], [ 425283.511393772321753, 7642576.448802161961794 ], [ 425287.740458698186558, 7642560.611183574423194 ], [ 425292.974317945539951, 7642544.741348590701818 ], [ 425302.47946537763346, 7642521.675916623324156 ], [ 425313.91518626222387, 7642499.543816728517413 ], [ 425322.616791117645334, 7642485.308966308832169 ], [ 425337.328679198981263, 7642464.766009030863643 ], [ 425348.282996787689626, 7642451.646752741187811 ], [ 425360.194332143175416, 7642439.034865853376687 ], [ 425372.980674594757147, 7642427.094028627499938 ], [ 425386.139043262694031, 7642416.250708534382284 ], [ 425399.424094881862402, 7642406.551405867561698 ], [ 425412.716791527287569, 7642397.923375671729445 ], [ 425432.468650037189946, 7642386.805137334391475 ], [ 425451.797426517121494, 7642377.610869504511356 ], [ 425470.554851567663718, 7642370.054019848816097 ], [ 425488.649269068788271, 7642363.87592263892293 ], [ 425511.68678160244599, 7642357.389684017747641 ], [ 425528.414329113147687, 7642353.545104760676622 ], [ 425550.08331608667504, 7642349.5529616009444 ], [ 425570.93166892795125, 7642346.672649972140789 ], [ 425595.733112115995027, 7642344.334216056391597 ], [ 425619.154580596601591, 7642343.058738704770803 ], [ 425641.318994529778138, 7642342.545989822596312 ], [ 425670.212590404320508, 7642342.651520060375333 ], [ 425704.464812950463966, 7642343.456610986031592 ] ] ] } },
{ "type": "Feature", "properties": { "fid": 334.0, "COMPR_M": 672.49, "CLASSE": "04 - Longa", "CD_FAZ": "400023", "TALHOES": "1", "FAZ_tAL": "400023001", "ID_LINHA": 157531 }, "geometry": { "type": "MultiLineString", "coordinates": [ [ [ 425284.962653308408335, 7642723.51398666575551 ], [ 425281.72813544399105, 7642703.564318057149649 ], [ 425279.21663811604958, 7642679.570429355837405 ], [ 425278.153988290287089, 7642655.15505407564342 ], [ 425278.45973409130238, 7642635.482841012068093 ], [ 425280.036904781241901, 7642614.555292852222919 ], [ 425281.962631220929325, 7642599.941538627259433 ], [ 425286.430591719865333, 7642577.141599662601948 ], [ 425290.615964062744752, 7642561.4675511457026 ], [ 425295.795139118446968, 7642545.763531773351133 ], [ 425305.201649141148664, 7642522.937487032264471 ], [ 425316.51908165711211, 7642501.034314516931772 ], [ 425325.130419137421995, 7642486.947126032784581 ], [ 425339.688421652361285, 7642466.619010208174586 ], [ 425350.526750951888971, 7642453.63865315169096 ], [ 425362.310377091751434, 7642441.161972435191274 ], [ 425374.958538242732175, 7642429.350182821042836 ], [ 425387.977052197034936, 7642418.622133357450366 ], [ 425401.124588965321891, 7642409.023250473663211 ], [ 425414.28382326598512, 7642400.481868457049131 ], [ 425433.845762685174122, 7642389.47060876712203 ], [ 425452.99920267786365, 7642380.359807947650552 ], [ 425471.597045234870166, 7642372.867302279919386 ], [ 425489.547776300925761, 7642366.738307623192668 ], [ 425512.416850232402794, 7642360.299566691741347 ], [ 425529.029226643324364, 7642356.481473283842206 ], [ 425550.55735948093934, 7642352.515319871716201 ], [ 425571.280944025435019, 7642349.652284378185868 ], [ 425595.950665631622542, 7642347.326340748928487 ], [ 425619.26664747990435, 7642346.056659454479814 ], [ 425645.616531399544328, 7642345.512917350977659 ], [ 425705.788674022071064, 7642346.500937897711992 ] ] ] } },
{ "type": "Feature", "properties": { "fid": 335.0, "COMPR_M": 667.98, "CLASSE": "04 - Longa", "CD_FAZ": "400023", "TALHOES": "1", "FAZ_tAL": "400023001", "ID_LINHA": 157532 }, "geometry": { "type": "MultiLineString", "coordinates": [ [ [ 425287.804689887794666, 7642722.403764063492417 ], [ 425284.701090619550087, 7642703.161745088174939 ], [ 425282.20847126620356, 7642679.348088152706623 ], [ 425281.153895347495563, 7642655.12015356682241 ], [ 425281.456997858826071, 7642635.614366235211492 ], [ 425283.019709325570147, 7642614.877840962260962 ], [ 425284.926876788842492, 7642600.404799047857523 ], [ 425289.349789665837307, 7642577.834397166967392 ], [ 425293.491469426022377, 7642562.323918716982007 ], [ 425298.615960291062947, 7642546.785714954137802 ], [ 425307.923832903034054, 7642524.199057437479496 ], [ 425319.122977055958472, 7642502.524812303483486 ], [ 425327.644047157431487, 7642488.585285752080381 ], [ 425342.048164106439799, 7642468.472011387348175 ], [ 425352.770505116786808, 7642455.630553563125432 ], [ 425364.426422042248305, 7642443.289079012349248 ], [ 425376.936401889310218, 7642431.606337014585733 ], [ 425389.815061131725088, 7642420.993558179587126 ], [ 425409.342297436611261, 7642407.142175676301122 ], [ 425422.339934578980319, 7642399.179216427728534 ], [ 425441.601283144205809, 7642388.932561395689845 ], [ 425460.412448576418683, 7642380.468043660745025 ], [ 425478.648448229709174, 7642373.515606527216733 ], [ 425496.230935134110041, 7642367.835019029676914 ], [ 425513.146918862883467, 7642363.209449367597699 ], [ 425529.644124173966702, 7642359.417841809801757 ], [ 425551.031402873515617, 7642355.477678142488003 ], [ 425571.630219124781433, 7642352.631918782368302 ], [ 425596.168219146609772, 7642350.318465439602733 ], [ 425619.378714359831065, 7642349.054580206051469 ], [ 425645.633130236936267, 7642348.512878581881523 ], [ 425707.112760643591173, 7642349.54578348249197 ] ] ] } },
{ "type": "Feature", "properties": { "fid": 336.0, "COMPR_M": 663.46, "CLASSE": "04 - Longa", "CD_FAZ": "400023", "TALHOES": "1", "FAZ_tAL": "400023001", "ID_LINHA": 157533 }, "geometry": { "type": "MultiLineString", "coordinates": [ [ [ 425290.646726466482505, 7642721.293541459366679 ], [ 425287.674045793362893, 7642702.75917211920023 ], [ 425285.200304415775463, 7642679.125746954232454 ], [ 425284.153802405227907, 7642655.085253061726689 ], [ 425284.454261625302024, 7642635.7458914546296 ], [ 425286.002513870131224, 7642615.200389064848423 ], [ 425287.891122358909342, 7642600.86805946752429 ], [ 425292.268987614254002, 7642578.527194667607546 ], [ 425296.36697478935821, 7642563.180286288261414 ], [ 425301.436781463969965, 7642547.807898136787117 ], [ 425310.646016665385105, 7642525.460627840831876 ], [ 425321.726872453466058, 7642504.015310089103878 ], [ 425330.15767517691711, 7642490.223445472307503 ], [ 425344.407906560518313, 7642470.325012564659119 ], [ 425355.014259282150306, 7642457.622453975491226 ], [ 425366.542466991930269, 7642445.416185593232512 ], [ 425378.914265536295716, 7642433.862491209059954 ], [ 425391.653070064669009, 7642423.364983001723886 ], [ 425410.975464266259223, 7642409.658988898620009 ], [ 425423.842168979812413, 7642401.776265053078532 ], [ 425442.918245774344541, 7642391.628242831677198 ], [ 425461.559256354696117, 7642383.240350995212793 ], [ 425479.64099429739872, 7642376.346775831654668 ], [ 425497.085008938098326, 7642370.710966615006328 ], [ 425513.876987493247725, 7642366.119332041591406 ], [ 425530.259021703212056, 7642362.354210331104696 ], [ 425551.50544626644114, 7642358.440036412328482 ], [ 425571.979494222614449, 7642355.611553192138672 ], [ 425596.385772662353702, 7642353.310590131208301 ], [ 425619.490781239699572, 7642352.052500957623124 ], [ 425645.649729075608775, 7642351.512839810922742 ], [ 425708.436991600668989, 7642352.590960977599025 ] ] ] } },
{ "type": "Feature", "properties": { "fid": 337.0, "COMPR_M": 658.95, "CLASSE": "04 - Longa", "CD_FAZ": "400023", "TALHOES": "1", "FAZ_tAL": "400023001", "ID_LINHA": 157534 }, "geometry": { "type": "MultiLineString", "coordinates": [ [ [ 425293.488763045868836, 7642720.183318857103586 ], [ 425290.647000966942869, 7642702.356599148362875 ], [ 425288.192137566162273, 7642678.903405748307705 ], [ 425287.15370946272742, 7642655.050352551043034 ], [ 425287.451525392069016, 7642635.877416675910354 ], [ 425288.985318414866924, 7642615.522937172092497 ], [ 425290.855367929907516, 7642601.331319883465767 ], [ 425295.188185561797582, 7642579.219992173835635 ], [ 425299.24248015350895, 7642564.036653858609498 ], [ 425304.257602636469528, 7642548.830081320367754 ], [ 425313.368200428085402, 7642526.722198246978223 ], [ 425324.330767849751282, 7642505.505807873792946 ], [ 425332.671303197334055, 7642491.861605194397271 ], [ 425346.767649013258051, 7642472.17801374476403 ], [ 425357.25801344687352, 7642459.614354385994375 ], [ 425368.658511942194309, 7642447.543292172253132 ], [ 425380.892129182466306, 7642436.118645403534174 ], [ 425393.49107899988303, 7642425.736407823860645 ], [ 425412.608631094975863, 7642412.175802117213607 ], [ 425425.344403380469885, 7642404.373313682153821 ], [ 425444.235208403435536, 7642394.323924269527197 ], [ 425462.70606413151836, 7642386.012658329680562 ], [ 425480.633540365553927, 7642379.177945137023926 ], [ 425497.939082744647749, 7642373.586914201267064 ], [ 425514.60705612343736, 7642369.029214717447758 ], [ 425536.216386377520394, 7642364.207005033269525 ], [ 425557.140823986090254, 7642360.606157582253218 ], [ 425577.289507482666522, 7642358.034210668876767 ], [ 425601.298020700574853, 7642355.979958392679691 ], [ 425624.063563570671249, 7642354.897624876350164 ], [ 425649.84581860108301, 7642354.498801317065954 ], [ 425709.762425205728505, 7642355.638904064893723 ] ] ] } },
{ "type": "Feature", "properties": { "fid": 338.0, "COMPR_M": 654.44, "CLASSE": "04 - Longa", "CD_FAZ": "400023", "TALHOES": "1", "FAZ_tAL": "400023001", "ID_LINHA": 157535 }, "geometry": { "type": "MultiLineString", "coordinates": [ [ [ 425296.336730465991423, 7642719.070779412984848 ], [ 425292.876313991262577, 7642696.127201514318585 ], [ 425291.183970716723707, 7642678.681064547970891 ], [ 425290.153616520110518, 7642655.015452043153346 ], [ 425290.448789159068838, 7642636.008941896259785 ], [ 425291.968122959195171, 7642615.845485276542604 ], [ 425293.819613499799743, 7642601.794580303132534 ], [ 425298.107383509108331, 7642579.912789677269757 ], [ 425302.11798551568063, 7642564.893021432682872 ], [ 425307.078423808561638, 7642549.852264502085745 ], [ 425316.090384189155884, 7642527.983768654987216 ], [ 425326.934663246036507, 7642506.996305661275983 ], [ 425335.184931216528639, 7642493.499764915555716 ], [ 425349.127391469432041, 7642474.031014920212328 ], [ 425359.501767610083334, 7642461.606254797428846 ], [ 425370.77455689094495, 7642449.670398751273751 ], [ 425382.869992829160765, 7642438.374799596145749 ], [ 425395.329087935388088, 7642428.107832645997405 ], [ 425414.241797924682032, 7642414.692615338601172 ], [ 425426.846637778449804, 7642406.970362305641174 ], [ 425445.552171031595208, 7642397.019605709239841 ], [ 425463.852871908806264, 7642388.784965666010976 ], [ 425481.626086433476303, 7642382.009114444255829 ], [ 425498.793156549101695, 7642376.46286179125309 ], [ 425520.758089029463008, 7642370.61819027736783 ], [ 425536.794645733665675, 7642367.15080460999161 ], [ 425557.582114272867329, 7642363.573568664491177 ], [ 425577.610244735784363, 7642361.017049222253263 ], [ 425601.492533072538208, 7642358.973667142912745 ], [ 425624.157371655805036, 7642357.896171062253416 ], [ 425649.8497842864017, 7642357.498804863542318 ], [ 425711.087858811079059, 7642358.686847146600485 ] ] ] } },
{ "type": "Feature", "properties": { "fid": 339.0, "COMPR_M": 649.92, "CLASSE": "04 - Longa", "CD_FAZ": "400023", "TALHOES": "1", "FAZ_tAL": "400023001", "ID_LINHA": 157536 }, "geometry": { "type": "MultiLineString", "coordinates": [ [ [ 425299.187433165556286, 7642717.95717144664377 ], [ 425295.855062547256239, 7642695.770022727549076 ], [ 425294.175803866703063, 7642678.458723345771432 ], [ 425293.153523576038424, 7642654.980551535263658 ], [ 425293.446052925719414, 7642636.140467116609216 ], [ 425294.950927505095024, 7642616.168033381924033 ], [ 425296.78385906922631, 7642602.257840724661946 ], [ 425301.02658145618625, 7642580.605587180703878 ], [ 425304.993490881286561, 7642565.749389003030956 ], [ 425309.899244979664218, 7642550.874447686597705 ], [ 425318.812567951274104, 7642529.245339062064886 ], [ 425329.538558643660508, 7642508.486803445965052 ], [ 425337.698559234675486, 7642495.137924637645483 ], [ 425351.487133922870271, 7642475.884016098454595 ], [ 425361.745521776610985, 7642463.598155208863318 ], [ 425372.890601840335876, 7642451.797505328431726 ], [ 425384.847856477077585, 7642440.630953786894679 ], [ 425397.167096870543901, 7642430.47925746999681 ], [ 425415.874964753515087, 7642417.209428556263447 ], [ 425428.34887218021322, 7642409.567410932853818 ], [ 425446.869133662024979, 7642399.715287143364549 ], [ 425464.999679686618038, 7642391.557273000478745 ], [ 425482.61863249988528, 7642384.840283751487732 ], [ 425499.647230353555642, 7642379.338809376582503 ], [ 425521.448927261284553, 7642373.537632084451616 ], [ 425537.372905089869164, 7642370.094604188576341 ], [ 425558.023404562380165, 7642366.5409797411412 ], [ 425577.930981985933613, 7642363.999887771904469 ], [ 425601.687045444792602, 7642361.967375895008445 ], [ 425624.251179740123916, 7642360.894717247225344 ], [ 425649.853749972244259, 7642360.49880840908736 ], [ 425712.413870759482961, 7642361.73612017929554 ] ] ] } },
{ "type": "Feature", "properties": { "fid": 340.0, "COMPR_M": 645.41, "CLASSE": "04 - Longa", "CD_FAZ": "400023", "TALHOES": "1", "FAZ_tAL": "400023001", "ID_LINHA": 157537 }, "geometry": { "type": "MultiLineString", "coordinates": [ [ [ 425302.038135865936056, 7642716.843563482165337 ], [ 425298.833811104414053, 7642695.412843942642212 ], [ 425297.167637016158551, 7642678.236382140778005 ], [ 425296.153430633130483, 7642654.94565102737397 ], [ 425296.443316693243105, 7642636.271992336958647 ], [ 425297.933732049132232, 7642616.490581488236785 ], [ 425299.748104638943914, 7642602.721101143397391 ], [ 425303.945779403089546, 7642581.298384684138 ], [ 425307.86899624497164, 7642566.605756574310362 ], [ 425312.720066153036896, 7642551.896630868315697 ], [ 425321.534751713799778, 7642530.506909468211234 ], [ 425332.142454040644225, 7642509.977301234379411 ], [ 425340.212187254976016, 7642496.77608435973525 ], [ 425353.846876377006993, 7642477.737017277628183 ], [ 425363.989275941625237, 7642465.590055622160435 ], [ 425375.006646789552178, 7642453.92461190931499 ], [ 425386.825720122142229, 7642442.887107982300222 ], [ 425399.005105803953484, 7642432.85068229213357 ], [ 425417.508131582697388, 7642419.726241774857044 ], [ 425429.851106579822954, 7642412.164459560066462 ], [ 425448.18609629070852, 7642402.41096858214587 ], [ 425466.146487462974619, 7642394.329580336809158 ], [ 425483.611178568040486, 7642387.671453058719635 ], [ 425500.501304156612605, 7642382.214756963774562 ], [ 425522.139765493979212, 7642376.457073892466724 ], [ 425543.143518708704505, 7642372.051551929675043 ], [ 425563.482216271047946, 7642368.790063448250294 ], [ 425583.077810926537495, 7642366.486687017604709 ], [ 425606.460811434371863, 7642364.680833946913481 ], [ 425628.70721629151376, 7642363.769743833690882 ], [ 425653.954817291116342, 7642363.501703798770905 ], [ 425713.740726009593345, 7642364.787332454696298 ] ] ] } },
{ "type": "Feature", "properties": { "fid": 341.0, "COMPR_M": 640.9, "CLASSE": "04 - Longa", "CD_FAZ": "400023", "TALHOES": "1", "FAZ_tAL": "400023001", "ID_LINHA": 157538 }, "geometry": { "type": "MultiLineString", "coordinates": [ [ [ 425304.888838566606864, 7642715.729955516755581 ], [ 425301.812559660931583, 7642695.055665153078735 ], [ 425300.159470166428946, 7642678.014040939509869 ], [ 425299.15333769202698, 7642654.910750521346927 ], [ 425299.44058045966085, 7642636.403517559170723 ], [ 425300.91653659340227, 7642616.813129591755569 ], [ 425303.889865330012981, 7642596.213075074367225 ], [ 425308.686368554830551, 7642574.7584288995713 ], [ 425313.035856887581758, 7642560.157535091042519 ], [ 425318.247585635399446, 7642545.774377526715398 ], [ 425327.557020599488169, 7642524.906832744367421 ], [ 425338.636698559508659, 7642504.892139038071036 ], [ 425347.015560951258522, 7642492.036119242198765 ], [ 425361.113748032017611, 7642473.529042433016002 ], [ 425371.568087014195044, 7642461.754112280905247 ], [ 425382.888105459162034, 7642450.494013838469982 ], [ 425394.797760339220986, 7642440.051081691868603 ], [ 425406.924487232114188, 7642430.649691223166883 ], [ 425425.253045450430363, 7642418.391317961737514 ], [ 425437.433408070995938, 7642411.343956061638892 ], [ 425455.48010264581535, 7642402.267596863210201 ], [ 425473.121307502500713, 7642394.757338054478168 ], [ 425490.252774617518298, 7642388.576646870933473 ], [ 425506.805106160521973, 7642383.517120475880802 ], [ 425528.099973600357771, 7642378.166547231376171 ], [ 425543.686071051401086, 7642375.002137933857739 ], [ 425563.891782515798695, 7642371.762016260996461 ], [ 425583.371098218834959, 7642369.472346952185035 ], [ 425606.633296764281113, 7642367.675890756770968 ], [ 425628.783705773355905, 7642366.768780406564474 ], [ 425653.947082668892108, 7642366.50169908721 ], [ 425715.06758126168279, 7642367.838544730097055 ] ] ] } },
{ "type": "Feature", "properties": { "fid": 342.0, "COMPR_M": 636.39, "CLASSE": "04 - Longa", "CD_FAZ": "400023", "TALHOES": "1", "FAZ_tAL": "400023001", "ID_LINHA": 157539 }, "geometry": { "type": "MultiLineString", "coordinates": [ [ [ 425307.739541264774743, 7642714.61634755320847 ], [ 425304.791308219253551, 7642694.698486369103193 ], [ 425303.151303317456041, 7642677.79169973731041 ], [ 425302.153244749526493, 7642654.875850012525916 ], [ 425302.437844226427842, 7642636.535042779520154 ], [ 425303.899341136624571, 7642617.135677697136998 ], [ 425306.841583542409353, 7642596.750501671805978 ], [ 425311.585197408567183, 7642575.532112167216837 ], [ 425315.885219716816209, 7642561.097242192365229 ], [ 425321.037687475560233, 7642546.877645591273904 ], [ 425330.241990740934853, 7642526.245778953656554 ], [ 425341.196639836824033, 7642506.456930242478848 ], [ 425349.480442231753841, 7642493.746757101267576 ], [ 425363.416905154590495, 7642475.451934237033129 ], [ 425373.749508792941924, 7642463.81410257704556 ], [ 425384.935880330041982, 7642452.686930947005749 ], [ 425396.705528850550763, 7642442.366783193312585 ], [ 425408.69332862686133, 7642433.073121202178299 ], [ 425426.820077190932352, 7642420.949810748919845 ], [ 425438.872303552459925, 7642413.976606937125325 ], [ 425456.738606010039803, 7642404.991046031937003 ], [ 425474.214919935737271, 7642397.551045330241323 ], [ 425491.197431456879713, 7642391.424143434502184 ], [ 425507.616435404517688, 7642386.405410358682275 ], [ 425528.752408932428807, 7642381.094807226210833 ], [ 425544.22862339502899, 7642377.95272393990308 ], [ 425564.301348760724068, 7642374.733969077467918 ], [ 425583.664385510142893, 7642372.458006885834038 ], [ 425606.805782095063478, 7642370.670947564765811 ], [ 425628.860195255256258, 7642369.767816981300712 ], [ 425653.939348048879765, 7642369.501694373786449 ], [ 425716.395519644836895, 7642370.892247755080462 ] ] ] } },
{ "type": "Feature", "properties": { "fid": 343.0, "COMPR_M": 631.88, "CLASSE": "04 - Longa", "CD_FAZ": "400023", "TALHOES": "1", "FAZ_tAL": "400023001", "ID_LINHA": 157540 }, "geometry": { "type": "MultiLineString", "coordinates": [ [ [ 425310.590243965853006, 7642713.502739586867392 ], [ 425307.770056776120327, 7642694.341307582333684 ], [ 425306.143136468017474, 7642677.569358536973596 ], [ 425305.153151806793176, 7642654.840949504636228 ], [ 425305.435107993427664, 7642636.666568000800908 ], [ 425306.882145681360271, 7642617.458225804381073 ], [ 425309.793301754340064, 7642597.287928272038698 ], [ 425314.484026263817213, 7642576.30579543672502 ], [ 425318.73458254605066, 7642562.03694929741323 ], [ 425323.827789318398573, 7642547.98091365583241 ], [ 425332.926960882323328, 7642527.584725165739655 ], [ 425343.756581114022993, 7642508.021721451543272 ], [ 425351.945323512481991, 7642495.457394962199032 ], [ 425365.720062275533564, 7642477.3748260429129 ], [ 425375.930930572620127, 7642465.874092873185873 ], [ 425386.983655200223438, 7642454.87984805740416 ], [ 425398.613297361473087, 7642444.682484694756567 ], [ 425410.462170022190548, 7642435.496551185846329 ], [ 425428.387108933005948, 7642423.508303537033498 ], [ 425440.311199033225421, 7642416.609257809817791 ], [ 425457.9971093761269, 7642407.714495204389095 ], [ 425475.30853236943949, 7642400.344752608798444 ], [ 425492.142088297638111, 7642394.271639993414283 ], [ 425508.427764649386518, 7642389.293700242415071 ], [ 425529.404844267701264, 7642384.023067222908139 ], [ 425549.817552863620222, 7642380.006498347967863 ], [ 425569.589823323767632, 7642377.059637726284564 ], [ 425588.655044388375245, 7642375.003592761233449 ], [ 425611.450970199541189, 7642373.424561527557671 ], [ 425633.205910515971482, 7642372.669967481866479 ], [ 425657.951802166819107, 7642372.519581969827414 ], [ 425717.723872228292748, 7642373.946903267875314 ] ] ] } },
{ "type": "Feature", "properties": { "fid": 344.0, "COMPR_M": 627.37, "CLASSE": "04 - Longa", "CD_FAZ": "400023", "TALHOES": "1", "FAZ_tAL": "400023001", "ID_LINHA": 157541 }, "geometry": { "type": "MultiLineString", "coordinates": [ [ [ 425313.440946665708907, 7642712.389131623320282 ], [ 425310.748805333627388, 7642693.984128795564175 ], [ 425308.764953779871576, 7642671.809219913557172 ], [ 425308.134996203647461, 7642648.917621299624443 ], [ 425308.767775478307158, 7642630.568893615156412 ], [ 425310.648934469441883, 7642611.227737776003778 ], [ 425312.745019967260305, 7642597.825354867614806 ], [ 425317.382855118019506, 7642577.079478703439236 ], [ 425321.583945374120958, 7642562.976656399667263 ], [ 425326.617891159665305, 7642549.084181716665626 ], [ 425335.611931022256613, 7642528.923671376891434 ], [ 425346.316522392444313, 7642509.586512655951083 ], [ 425354.410204792860895, 7642497.168032821267843 ], [ 425368.023219399969094, 7642479.297717846930027 ], [ 425378.112352351890877, 7642467.934083169326186 ], [ 425389.031430071685463, 7642457.072765167802572 ], [ 425400.521065872744657, 7642446.99818619620055 ], [ 425412.231011416879483, 7642437.919981169514358 ], [ 425429.954140673333313, 7642426.066796321421862 ], [ 425441.750094514107332, 7642419.241908686235547 ], [ 425459.255612741340883, 7642410.437944374978542 ], [ 425476.402144802268595, 7642403.138459885492921 ], [ 425493.08674513711594, 7642397.119136555120349 ], [ 425509.239093893964309, 7642392.181990127079189 ], [ 425530.057279600994661, 7642386.951327219605446 ], [ 425550.32535796117736, 7642382.963259423151612 ], [ 425569.968712603556924, 7642380.035654161125422 ], [ 425588.921979315113276, 7642377.991721523925662 ], [ 425611.602376110153273, 7642376.420756233856082 ], [ 425633.266020884853788, 7642375.669375766068697 ], [ 425657.933298582211137, 7642375.519529329612851 ], [ 425719.052316599292681, 7642377.001769857481122 ] ] ] } },
{ "type": "Feature", "properties": { "fid": 345.0, "COMPR_M": 622.86, "CLASSE": "04 - Longa", "CD_FAZ": "400023", "TALHOES": "1", "FAZ_tAL": "400023001", "ID_LINHA": 157542 }, "geometry": { "type": "MultiLineString", "coordinates": [ [ [ 425316.291649365855847, 7642711.275523657910526 ], [ 425313.727553890319541, 7642693.62695000693202 ], [ 425311.759768945281394, 7642671.631508678197861 ], [ 425311.135065068956465, 7642648.935470114462078 ], [ 425311.761757524160203, 7642630.761367766186595 ], [ 425313.623477335320786, 7642611.619342220947146 ], [ 425315.696738179132808, 7642598.362781465984881 ], [ 425320.281683973153122, 7642577.853161971084774 ], [ 425324.433308203530032, 7642563.916363501921296 ], [ 425329.40799300087383, 7642550.187449783086777 ], [ 425338.296901162131689, 7642530.262617586180568 ], [ 425348.876463670749217, 7642511.151303862221539 ], [ 425356.875086073414423, 7642498.87867068592459 ], [ 425370.326376521959901, 7642481.220609653741121 ], [ 425380.293774132151157, 7642469.994073461741209 ], [ 425391.079204940469936, 7642459.265682278200984 ], [ 425402.428834383026697, 7642449.313887700438499 ], [ 425413.999852813372854, 7642440.343411152251065 ], [ 425431.52117241389351, 7642428.625289106741548 ], [ 425443.188989997142926, 7642421.874559558928013 ], [ 425460.514116106496658, 7642413.161393545567989 ], [ 425477.495757235446945, 7642405.932167161256075 ], [ 425494.031401976651978, 7642399.96663311868906 ], [ 425510.050423135515302, 7642395.070280011743307 ], [ 425530.709714934171643, 7642389.879587212577462 ], [ 425550.833163058152422, 7642385.920020498335361 ], [ 425570.347601883113384, 7642383.01167059596628 ], [ 425589.188914243248291, 7642380.979850282892585 ], [ 425611.753782019251958, 7642379.416950937360525 ], [ 425633.326131254492793, 7642378.668784046545625 ], [ 425657.914794995856937, 7642378.519476687535644 ], [ 425720.382243259635288, 7642380.060045089572668 ] ] ] } },
{ "type": "Feature", "properties": { "fid": 346.0, "COMPR_M": 618.36, "CLASSE": "04 - Longa", "CD_FAZ": "400023", "TALHOES": "1", "FAZ_tAL": "400023001", "ID_LINHA": 157543 }, "geometry": { "type": "MultiLineString", "coordinates": [ [ [ 425319.142352064896841, 7642710.161915691569448 ], [ 425316.706302446953487, 7642693.269771222956479 ], [ 425314.754584110516589, 7642671.453797438181937 ], [ 425314.135133933683392, 7642648.953318924643099 ], [ 425314.755739568150602, 7642630.953841917216778 ], [ 425316.598020200035535, 7642612.010946664959192 ], [ 425318.648456391936634, 7642598.900208061560988 ], [ 425323.180512828577776, 7642578.626845238730311 ], [ 425327.282671032939106, 7642564.856070603244007 ], [ 425332.198094842664432, 7642551.290717842057347 ], [ 425340.981871304567903, 7642531.601563796401024 ], [ 425351.436404948239215, 7642512.716095069423318 ], [ 425359.33996735495748, 7642500.589308546856046 ], [ 425372.629533645522315, 7642483.14350145868957 ], [ 425382.475195909966715, 7642472.054063759744167 ], [ 425393.126979811815545, 7642461.458599386736751 ], [ 425404.336602894240059, 7642451.629589200019836 ], [ 425415.768694207828958, 7642442.766841137781739 ], [ 425433.088204154628329, 7642431.183781893923879 ], [ 425444.627885478257667, 7642424.507210433483124 ], [ 425461.772619471536018, 7642415.884842718020082 ], [ 425478.589369669614825, 7642408.725874440744519 ], [ 425494.976058817526791, 7642402.814129679463804 ], [ 425516.040781366755255, 7642396.544216239824891 ], [ 425536.407997001428157, 7642391.717895568348467 ], [ 425556.245880198373925, 7642388.063619117252529 ], [ 425575.472245203680359, 7642385.407897254452109 ], [ 425594.030585056054406, 7642383.579209801740944 ], [ 425616.277169185574166, 7642382.207289826124907 ], [ 425637.567955235950649, 7642381.595481926575303 ], [ 425661.845026983763091, 7642381.55056126229465 ], [ 425721.712169918522704, 7642383.118320318870246 ] ] ] } },
{ "type": "Feature", "properties": { "fid": 347.0, "COMPR_M": 613.85, "CLASSE": "04 - Longa", "CD_FAZ": "400023", "TALHOES": "1", "FAZ_tAL": "400023001", "ID_LINHA": 157544 }, "geometry": { "type": "MultiLineString", "coordinates": [ [ [ 425321.994572295574471, 7642709.045102100819349 ], [ 425319.685051004111301, 7642692.912592435255647 ], [ 425317.749399275577161, 7642671.276086200028658 ], [ 425317.135202799167018, 7642648.971167737618089 ], [ 425317.749721614352893, 7642631.146316068246961 ], [ 425319.572563065623399, 7642612.402551107108593 ], [ 425321.600174603692722, 7642599.437634661793709 ], [ 425326.079341683536768, 7642579.400528507307172 ], [ 425330.132033860543743, 7642565.795777704566717 ], [ 425334.988196683581918, 7642552.393985908478498 ], [ 425343.666841443628073, 7642532.940510007552803 ], [ 425353.996346225612797, 7642514.280886279419065 ], [ 425361.804848636034876, 7642502.299946406856179 ], [ 425374.932690768036991, 7642485.06639326363802 ], [ 425384.656617688015103, 7642474.114054056815803 ], [ 425395.174754682462662, 7642463.651516497135162 ], [ 425406.244371405162383, 7642453.945290701463819 ], [ 425417.537535603507422, 7642445.190271122381091 ], [ 425434.655235895013902, 7642433.74227468110621 ], [ 425446.066780960070901, 7642427.13986130990088 ], [ 425463.031122837041039, 7642418.608291886746883 ], [ 425479.682982102909591, 7642411.519581718370318 ], [ 425495.920715657179244, 7642405.66162624116987 ], [ 425516.810911931330338, 7642399.443757169879973 ], [ 425537.022894531139173, 7642394.654264093376696 ], [ 425556.719923590891995, 7642391.025977389886975 ], [ 425575.821520303434227, 7642388.387531660497189 ], [ 425594.272273242881056, 7642386.569484074600041 ], [ 425616.408435384219047, 7642385.204432812519372 ], [ 425637.612624975270592, 7642384.595158684998751 ], [ 425661.81668433744926, 7642384.550431035459042 ], [ 425723.042778871953487, 7642386.178164539858699 ] ] ] } },
{ "type": "Feature", "properties": { "fid": 348.0, "COMPR_M": 609.33, "CLASSE": "04 - Longa", "CD_FAZ": "400023", "TALHOES": "1", "FAZ_tAL": "400023001", "ID_LINHA": 157545 }, "geometry": { "type": "MultiLineString", "coordinates": [ [ [ 425324.854151548468508, 7642707.924959377385676 ], [ 425322.061264960444532, 7642687.185620231553912 ], [ 425320.744214440463111, 7642671.098374961875379 ], [ 425320.135271663428284, 7642648.989016553387046 ], [ 425320.743703660788015, 7642631.338790219277143 ], [ 425322.547105930745602, 7642612.794155555777252 ], [ 425325.827418188855518, 7642593.443852227181196 ], [ 425330.873039156082086, 7642573.456697143614292 ], [ 425335.28663553216029, 7642560.074096325784922 ], [ 425340.454032474313863, 7642547.005593242123723 ], [ 425349.572281067899894, 7642528.046357488259673 ], [ 425360.321211414411664, 7642509.881362131796777 ], [ 425368.403571838105563, 7642498.236060794442892 ], [ 425381.939309260924347, 7642481.525258913636208 ], [ 425391.935006387182511, 7642470.94146454334259 ], [ 425402.648629296920262, 7642460.936341529712081 ], [ 425413.709177280950826, 7642451.822080875746906 ], [ 425424.931506134802476, 7642443.629074921831489 ], [ 425441.868981782579795, 7642432.94084857031703 ], [ 425453.125339761259966, 7642426.787208853289485 ], [ 425469.824068922898732, 7642418.844946172088385 ], [ 425486.187756589381024, 7642412.253256331197917 ], [ 425502.126877551432699, 7642406.811697412282228 ], [ 425522.637811055872589, 7642401.037924146279693 ], [ 425542.577239297505002, 7642396.588800394907594 ], [ 425561.995017146109603, 7642393.247679462656379 ], [ 425580.817617253575008, 7642390.845434728078544 ], [ 425598.996414848079439, 7642389.21608642488718 ], [ 425620.83558381482726, 7642388.027549970895052 ], [ 425665.679976913030259, 7642387.593150053173304 ], [ 425724.37435743981041, 7642389.240238469094038 ] ] ] } },
{ "type": "Feature", "properties": { "fid": 349.0, "COMPR_M": 604.82, "CLASSE": "04 - Longa", "CD_FAZ": "400023", "TALHOES": "1", "FAZ_tAL": "400023001", "ID_LINHA": 157546 }, "geometry": { "type": "MultiLineString", "coordinates": [ [ [ 425327.713730801246129, 7642706.804816655814648 ], [ 425325.04508026887197, 7642686.87359637580812 ], [ 425323.739029605174437, 7642670.9206637237221 ], [ 425323.135340528388042, 7642649.00686536449939 ], [ 425323.737685706699267, 7642631.531264372169971 ], [ 425325.521648796740919, 7642613.18576000072062 ], [ 425328.764184369414579, 7642594.057839324697852 ], [ 425333.748544519883581, 7642574.313064716756344 ], [ 425338.107456705532968, 7642561.096279507502913 ], [ 425343.21125532098813, 7642548.188629802316427 ], [ 425352.217835250194184, 7642529.461591817438602 ], [ 425362.834839433780871, 7642511.519521852955222 ], [ 425370.817188860266469, 7642500.01830920111388 ], [ 425384.183063425822183, 7642483.517159322276711 ], [ 425394.051051337271929, 7642473.06857112236321 ], [ 425404.626492943207268, 7642463.192495722323656 ], [ 425415.547186215582769, 7642454.193505696952343 ], [ 425426.632000218611211, 7642446.100919524207711 ], [ 425443.371216183004435, 7642435.537897199392319 ], [ 425454.502452409535181, 7642429.452680287882686 ], [ 425471.025845083582681, 7642421.593884614296257 ], [ 425487.229950257402379, 7642415.066538766957819 ], [ 425503.025384783570189, 7642409.674082399345934 ], [ 425523.367879685887601, 7642403.947806821204722 ], [ 425543.155498654115945, 7642399.532599972561002 ], [ 425562.436307432479225, 7642396.215090543031693 ], [ 425581.138354506751057, 7642393.828273279592395 ], [ 425599.213968363706954, 7642392.208211117424071 ], [ 425620.947650694404729, 7642391.02547071967274 ], [ 425665.642723789787851, 7642390.59292171895504 ], [ 425725.70593600673601, 7642392.302312394604087 ] ] ] } },
{ "type": "Feature", "properties": { "fid": 350.0, "COMPR_M": 600.31, "CLASSE": "04 - Longa", "CD_FAZ": "400023", "TALHOES": "1", "FAZ_tAL": "400023001", "ID_LINHA": 157547 }, "geometry": { "type": "MultiLineString", "coordinates": [ [ [ 425330.573310054664034, 7642705.684673933312297 ], [ 425328.028895576833747, 7642686.561572520062327 ], [ 425326.733844770351425, 7642670.742952488362789 ], [ 425326.135409392765723, 7642649.024714179337025 ], [ 425326.731667751562782, 7642631.723738523200154 ], [ 425328.496191661572084, 7642613.577364446595311 ], [ 425331.700950548867695, 7642594.671826418489218 ], [ 425336.624049884383567, 7642575.169432291761041 ], [ 425340.928277877217624, 7642562.11846269108355 ], [ 425345.968478169117589, 7642549.371666362509131 ], [ 425354.863389433245175, 7642530.876826146617532 ], [ 425365.348467454081401, 7642513.15768157504499 ], [ 425373.230805881728884, 7642501.8005576049909 ], [ 425386.426817590661813, 7642485.509059737436473 ], [ 425396.167096286546439, 7642475.195677699521184 ], [ 425406.60435658931965, 7642465.448649916797876 ], [ 425417.385195150563959, 7642456.564930517226458 ], [ 425428.332494301779661, 7642448.572764128446579 ], [ 425444.873450583196245, 7642438.134945827536285 ], [ 425455.879565059556626, 7642432.118151722475886 ], [ 425472.227621242171153, 7642424.342823060229421 ], [ 425488.272143926413264, 7642417.879821197129786 ], [ 425503.92389201617334, 7642412.536467381753027 ], [ 425524.097948316368274, 7642406.857689496129751 ], [ 425543.733758010610472, 7642402.476399552077055 ], [ 425562.877597721584607, 7642399.182501622475684 ], [ 425581.45909175882116, 7642396.811111831106246 ], [ 425599.431521879276261, 7642395.200335808098316 ], [ 425621.059717576601543, 7642394.023391468450427 ], [ 425665.605470666429028, 7642393.592693384736776 ], [ 425727.038880007341504, 7642395.367526250891387 ] ] ] } },
{ "type": "Feature", "properties": { "fid": 351.0, "COMPR_M": 595.79, "CLASSE": "03 - Média", "CD_FAZ": "400023", "TALHOES": "1", "FAZ_tAL": "400023001", "ID_LINHA": 157548 }, "geometry": { "type": "MultiLineString", "coordinates": [ [ [ 425333.432889306684956, 7642704.564531207084656 ], [ 425331.012710885610431, 7642686.249548663385212 ], [ 425329.456212075427175, 7642665.312672116793692 ], [ 425329.135478259180672, 7642649.042562991380692 ], [ 425329.725649796542712, 7642631.916212674230337 ], [ 425331.470734527218156, 7642613.968968890607357 ], [ 425334.637716727214865, 7642595.285813516005874 ], [ 425339.499555247602984, 7642576.025799863040447 ], [ 425343.749099049251527, 7642563.140645872801542 ], [ 425348.725701016781386, 7642550.55470292083919 ], [ 425357.508943615714088, 7642532.292060473002493 ], [ 425367.862095473217778, 7642514.795841297134757 ], [ 425375.644422904530074, 7642503.582806009799242 ], [ 425388.670571756025311, 7642487.5009601470083 ], [ 425398.28314123628661, 7642477.322784278541803 ], [ 425408.582220236596186, 7642467.704804111272097 ], [ 425419.223204085079487, 7642458.936355341225863 ], [ 425430.032988385180943, 7642451.044608730822802 ], [ 425446.375684983970132, 7642440.731994453817606 ], [ 425457.256677708006464, 7642434.783623157069087 ], [ 425473.429397402622271, 7642427.091761503368616 ], [ 425489.314337593794335, 7642420.69310363009572 ], [ 425504.822399248660076, 7642415.398852367885411 ], [ 425524.828016946732532, 7642409.767572171986103 ], [ 425544.312017367745284, 7642405.420199131593108 ], [ 425563.318888007488567, 7642402.149912701919675 ], [ 425581.779829010483809, 7642399.793950379826128 ], [ 425599.649075394263491, 7642398.192460497841239 ], [ 425621.171784457401372, 7642397.021312221884727 ], [ 425665.568217543128412, 7642396.592465050518513 ], [ 425728.372189432149753, 7642398.433580424636602 ] ] ] } },
{ "type": "Feature", "properties": { "fid": 352.0, "COMPR_M": 591.28, "CLASSE": "03 - Média", "CD_FAZ": "400023", "TALHOES": "1", "FAZ_tAL": "400023001", "ID_LINHA": 157549 }, "geometry": { "type": "MultiLineString", "coordinates": [ [ [ 425336.292468559229746, 7642703.444388488307595 ], [ 425333.996526193921454, 7642685.937524808570743 ], [ 425332.453379561426118, 7642665.180311685428023 ], [ 425332.135547124431469, 7642649.060411807149649 ], [ 425332.719631842453964, 7642632.108686826191843 ], [ 425334.445277392456774, 7642614.360573336482048 ], [ 425337.574482903757598, 7642595.899800608865917 ], [ 425342.375060611695517, 7642576.882167432457209 ], [ 425346.569920220237691, 7642564.162829052656889 ], [ 425351.482923863863107, 7642551.737739481031895 ], [ 425360.154497798765078, 7642533.707294802181423 ], [ 425370.37572349247057, 7642516.434001017361879 ], [ 425378.058039926050697, 7642505.365054415538907 ], [ 425390.914325920690317, 7642489.492860559374094 ], [ 425400.399186185968574, 7642479.4498908566311 ], [ 425410.560083882999606, 7642469.960958302021027 ], [ 425421.061213019886054, 7642461.307780163362622 ], [ 425431.733482467883732, 7642453.516453337855637 ], [ 425447.877919383230619, 7642443.32904308103025 ], [ 425458.633790356223471, 7642437.449094591662288 ], [ 425474.631173563655466, 7642429.840699946507812 ], [ 425490.356531260884367, 7642423.506386062130332 ], [ 425505.720906480331905, 7642418.261237352155149 ], [ 425525.558085576980375, 7642412.677454846911132 ], [ 425544.890276723541319, 7642408.363998709246516 ], [ 425563.760178295429796, 7642405.117323782294989 ], [ 425582.100566263077781, 7642402.776788931339979 ], [ 425599.866628909949213, 7642401.184585189446807 ], [ 425621.283851337386295, 7642400.01923297252506 ], [ 425665.530964419711381, 7642399.592236713506281 ], [ 425729.705837703193538, 7642401.500413807108998 ] ] ] } },
{ "type": "Feature", "properties": { "fid": 353.0, "COMPR_M": 586.78, "CLASSE": "03 - Média", "CD_FAZ": "400023", "TALHOES": "1", "FAZ_tAL": "400023001", "ID_LINHA": 157550 }, "geometry": { "type": "MultiLineString", "coordinates": [ [ [ 425339.152047811716329, 7642702.324245766736567 ], [ 425336.980341501766816, 7642685.625500951893628 ], [ 425335.450547047250438, 7642665.047951253131032 ], [ 425335.135615988401696, 7642649.07826061733067 ], [ 425335.713613887899555, 7642632.301160979084671 ], [ 425337.419820257870015, 7642614.752177782356739 ], [ 425340.511249083676375, 7642596.51378770545125 ], [ 425345.250565974507481, 7642577.738535003736615 ], [ 425349.390741393493954, 7642565.185012238100171 ], [ 425354.240146711177658, 7642552.920776037499309 ], [ 425362.800051981932484, 7642535.122529129497707 ], [ 425372.889351512654684, 7642518.072160739451647 ], [ 425380.471656946814619, 7642507.147302821278572 ], [ 425393.158080085879192, 7642491.484760969877243 ], [ 425402.515231136116199, 7642481.576997437514365 ], [ 425412.537947530043311, 7642472.217112496495247 ], [ 425422.899221954285167, 7642463.679204987362027 ], [ 425433.433976552099921, 7642455.988297937437892 ], [ 425449.380153783713467, 7642445.926091706380248 ], [ 425460.010903002810664, 7642440.114566026255488 ], [ 425475.832949723931961, 7642432.589638391509652 ], [ 425491.398724929604214, 7642426.319668493233621 ], [ 425506.619413711887319, 7642421.123622338287532 ], [ 425526.288154207053594, 7642415.587337521836162 ], [ 425545.468536079279147, 7642411.307798286899924 ], [ 425564.201468582148664, 7642408.084734860807657 ], [ 425582.421303513867315, 7642405.759627483785152 ], [ 425600.084182426333427, 7642404.176709881052375 ], [ 425621.395918218709994, 7642403.01715372223407 ], [ 425641.922321747755632, 7642402.543120559304953 ], [ 425669.307866856455803, 7642402.64474577177316 ], [ 425731.040958083467558, 7642404.570632421411574 ] ] ] } },
{ "type": "Feature", "properties": { "fid": 354.0, "COMPR_M": 582.27, "CLASSE": "03 - Média", "CD_FAZ": "400023", "TALHOES": "1", "FAZ_tAL": "400023001", "ID_LINHA": 157551 }, "geometry": { "type": "MultiLineString", "coordinates": [ [ [ 425342.011627064784989, 7642701.204103043302894 ], [ 425339.964156811125576, 7642685.313477096147835 ], [ 425338.44771453429712, 7642664.91559081710875 ], [ 425338.217229998612311, 7642643.64792131818831 ], [ 425339.133871323545463, 7642626.790512660518289 ], [ 425341.247542613069527, 7642609.206747012212873 ], [ 425343.448015262547415, 7642597.127774802036583 ], [ 425348.126071339298505, 7642578.594902575947344 ], [ 425352.211562566400971, 7642566.207195416092873 ], [ 425356.997369559248909, 7642554.10381259676069 ], [ 425365.445606165041681, 7642536.537763455882668 ], [ 425375.402979533013422, 7642519.710320460610092 ], [ 425382.88527396961581, 7642508.929551224224269 ], [ 425395.401834251009859, 7642493.476661381311715 ], [ 425404.631276085507125, 7642483.704104017466307 ], [ 425414.515811176097486, 7642474.473266690969467 ], [ 425424.737230888335034, 7642466.050629809498787 ], [ 425435.134470635734033, 7642458.46014254167676 ], [ 425450.882388183381408, 7642448.523140332661569 ], [ 425466.623573099903297, 7642440.150508707389235 ], [ 425482.20179634768283, 7642433.141883032396436 ], [ 425497.506823514995631, 7642427.30782334972173 ], [ 425517.352386332349852, 7642421.064888963475823 ], [ 425531.811500743962824, 7642417.329259190708399 ], [ 425550.739251518738456, 7642413.359755996614695 ], [ 425569.21614369773306, 7642410.397402843460441 ], [ 425587.18383300624555, 7642408.2859261110425 ], [ 425604.604731027269736, 7642406.873007161542773 ], [ 425625.658301010495052, 7642405.872910032048821 ], [ 425673.036647599597927, 7642405.706052416004241 ], [ 425732.376078462984879, 7642407.640851034782827 ] ] ] } },
{ "type": "Feature", "properties": { "fid": 355.0, "COMPR_M": 577.76, "CLASSE": "03 - Média", "CD_FAZ": "400023", "TALHOES": "1", "FAZ_tAL": "400023001", "ID_LINHA": 157552 }, "geometry": { "type": "MultiLineString", "coordinates": [ [ [ 425344.872433491342235, 7642700.08347961679101 ], [ 425342.9479721186799, 7642685.001453240402043 ], [ 425341.444882019830402, 7642664.783230382949114 ], [ 425341.216468627098948, 7642643.721239833161235 ], [ 425342.123093465575948, 7642627.04666940215975 ], [ 425344.21178818505723, 7642609.670007427223027 ], [ 425346.384781440254301, 7642597.741761896759272 ], [ 425351.001576703623869, 7642579.451270146295428 ], [ 425355.032383738900535, 7642567.22937859967351 ], [ 425359.754592406156007, 7642555.286849156022072 ], [ 425368.091160348267294, 7642537.95299778599292 ], [ 425377.916607551567722, 7642521.348480183631182 ], [ 425385.298890991776716, 7642510.711799629032612 ], [ 425397.645588415325619, 7642495.468561794608831 ], [ 425406.747321034781635, 7642485.831210594624281 ], [ 425416.493674823432229, 7642476.729420883581042 ], [ 425431.6882667656173, 7642464.577710991725326 ], [ 425442.00563402089756, 7642457.478440068662167 ], [ 425457.577944812132046, 7642448.20106830727309 ], [ 425467.940535729110707, 7642442.846190143376589 ], [ 425483.348604125378188, 7642435.914190366864204 ], [ 425498.499369583791122, 7642430.138992654159665 ], [ 425518.163715575821698, 7642423.953178847208619 ], [ 425532.502338975900784, 7642420.248700998723507 ], [ 425551.281803862075321, 7642416.310342005454004 ], [ 425569.625709941785317, 7642413.369355656206608 ], [ 425587.477120298077352, 7642411.271586044691503 ], [ 425604.799243399756961, 7642409.866715911775827 ], [ 425625.752109095163178, 7642408.87145621702075 ], [ 425672.984354822197929, 7642408.705598436295986 ], [ 425733.712354335701093, 7642410.713726804591715 ] ] ] } },
{ "type": "Feature", "properties": { "fid": 356.0, "COMPR_M": 573.25, "CLASSE": "03 - Média", "CD_FAZ": "400023", "TALHOES": "1", "FAZ_tAL": "400023001", "ID_LINHA": 157553 }, "geometry": { "type": "MultiLineString", "coordinates": [ [ [ 425347.742057887429837, 7642698.959402047097683 ], [ 425345.446406653907616, 7642679.682825450785458 ], [ 425344.442049504490569, 7642664.650869951583445 ], [ 425344.215707254945301, 7642643.79455834813416 ], [ 425345.112315606791526, 7642627.302826141007245 ], [ 425347.176033754716627, 7642610.133267848752439 ], [ 425349.321547619474586, 7642598.355748992413282 ], [ 425353.877082067367155, 7642580.307637716643512 ], [ 425357.85320491110906, 7642568.251561782322824 ], [ 425362.511815255216789, 7642556.469885715283453 ], [ 425370.736714530095924, 7642539.368232113309205 ], [ 425380.430235572974198, 7642522.986639903858304 ], [ 425387.71250801323913, 7642512.494048033840954 ], [ 425399.889342580223456, 7642497.460462206974626 ], [ 425408.863365984580014, 7642487.958317174576223 ], [ 425418.471538469195366, 7642478.985575076192617 ], [ 425433.45710815989878, 7642467.001140978187323 ], [ 425443.638800850661937, 7642459.995253287255764 ], [ 425459.016840294119902, 7642450.833719180896878 ], [ 425474.357653122919146, 7642443.119334425777197 ], [ 425489.525494000990875, 7642436.662947212345898 ], [ 425504.422627216379624, 7642431.289095291867852 ], [ 425523.742087024846114, 7642425.539625549688935 ], [ 425537.886503606510814, 7642422.090447165071964 ], [ 425556.41901912773028, 7642418.444392327219248 ], [ 425574.515383960097097, 7642415.747851386666298 ], [ 425592.125198439345695, 7642413.849266652949154 ], [ 425629.931048009952065, 7642411.754329018294811 ], [ 425676.661498114874121, 7642411.774262172169983 ], [ 425735.04937332496047, 7642413.788311424665153 ] ] ] } },
{ "type": "Feature", "properties": { "fid": 357.0, "COMPR_M": 568.74, "CLASSE": "03 - Média", "CD_FAZ": "400023", "TALHOES": "1", "FAZ_tAL": "400023001", "ID_LINHA": 157554 }, "geometry": { "type": "MultiLineString", "coordinates": [ [ [ 425350.611682282527909, 7642697.835324482992291 ], [ 425348.43457863049116, 7642679.415739728137851 ], [ 425347.255344438308384, 7642659.475304903462529 ], [ 425347.214945884130429, 7642643.867876866832376 ], [ 425348.101537746377289, 7642627.558982880786061 ], [ 425350.140279323910363, 7642610.596528267487884 ], [ 425352.258313798869494, 7642598.969736088067293 ], [ 425356.752587430528365, 7642581.164005288854241 ], [ 425360.674026082910132, 7642569.273744967766106 ], [ 425365.269038102414925, 7642557.652922274544835 ], [ 425373.382268714020029, 7642540.783466443419456 ], [ 425382.943863591877744, 7642524.624799625948071 ], [ 425390.126125035341829, 7642514.276296438649297 ], [ 425402.133096745063085, 7642499.452362617477775 ], [ 425410.97941093420377, 7642490.085423754528165 ], [ 425420.449402116821148, 7642481.241729269735515 ], [ 425435.225949554122053, 7642469.424570960924029 ], [ 425445.271967679436784, 7642462.512066505849361 ], [ 425460.455735775583889, 7642453.466370054520667 ], [ 425475.616156489122659, 7642445.842783597297966 ], [ 425490.619106435566209, 7642439.456654489971697 ], [ 425505.367284056264907, 7642434.136591857299209 ], [ 425524.512217591458466, 7642428.439166479744017 ], [ 425538.538938941608649, 7642425.018707158043981 ], [ 425556.926824226218741, 7642421.401153402402997 ], [ 425574.894273239711765, 7642418.723867822438478 ], [ 425592.392133366200142, 7642416.83739541657269 ], [ 425630.007537492318079, 7642414.753365591168404 ], [ 425676.603074452199508, 7642414.773694572038949 ], [ 425736.386492865625769, 7642416.863127273507416 ] ] ] } },
{ "type": "Feature", "properties": { "fid": 358.0, "COMPR_M": 20.11, "CLASSE": "01 - Muito curta", "CD_FAZ": "400023", "TALHOES": "1", "FAZ_tAL": "400023001", "ID_LINHA": 157555 }, "geometry": { "type": "MultiLineString", "coordinates": [ [ [ 425551.091650082555134, 7642619.331526053138077 ], [ 425559.516689743148163, 7642615.460212948732078 ], [ 425569.774519261263777, 7642612.017032310366631 ] ] ] } },
{ "type": "Feature", "properties": { "fid": 359.0, "COMPR_M": 51.73, "CLASSE": "01 - Muito curta", "CD_FAZ": "400023", "TALHOES": "1", "FAZ_tAL": "400023001", "ID_LINHA": 157556 }, "geometry": { "type": "MultiLineString", "coordinates": [ [ [ 425540.939379400224425, 7642623.306221786886454 ], [ 425543.603704202803783, 7642620.67579884827137 ], [ 425547.481521207373589, 7642617.953755308873951 ], [ 425558.423077308339998, 7642612.666505672037601 ], [ 425572.260312685975805, 7642608.210704198107123 ], [ 425588.412785367574543, 7642604.720001026988029 ] ] ] } },
{ "type": "Feature", "properties": { "fid": 360.0, "COMPR_M": 71.44, "CLASSE": "01 - Muito curta", "CD_FAZ": "400023", "TALHOES": "1", "FAZ_tAL": "400023001", "ID_LINHA": 157557 }, "geometry": { "type": "MultiLineString", "coordinates": [ [ [ 425535.789076157088857, 7642625.322606981731951 ], [ 425539.002100803074427, 7642620.958287725225091 ], [ 425543.125274654245004, 7642617.253799971193075 ], [ 425549.523225161188748, 7642613.370209272950888 ], [ 425557.329464875161648, 7642609.872798394411802 ], [ 425567.119060923694633, 7642606.538668770343065 ], [ 425576.025147609063424, 7642604.173534842208028 ], [ 425587.902935172780417, 7642601.763578999787569 ], [ 425600.492417573696002, 7642599.957167667336762 ] ] ] } },
{ "type": "Feature", "properties": { "fid": 361.0, "COMPR_M": 564.24, "CLASSE": "03 - Média", "CD_FAZ": "400023", "TALHOES": "1", "FAZ_tAL": "400023001", "ID_LINHA": 157558 }, "geometry": { "type": "MultiLineString", "coordinates": [ [ [ 425353.481306677975226, 7642696.711246917024255 ], [ 425351.422750605619512, 7642679.148654006421566 ], [ 425350.25424029189162, 7642659.390349669381976 ], [ 425350.214184512675274, 7642643.941195381805301 ], [ 425351.090759887068998, 7642627.815139622427523 ], [ 425353.104524892754853, 7642611.059788688085973 ], [ 425355.195079977158457, 7642599.583723181858659 ], [ 425359.628092795028351, 7642582.020372861996293 ], [ 425363.494847256341018, 7642570.295928149484098 ], [ 425368.026260949089192, 7642558.835958834737539 ], [ 425376.027822895965073, 7642542.198700769804418 ], [ 425385.457491611712612, 7642526.262959346175194 ], [ 425392.539742056862451, 7642516.058544842526317 ], [ 425404.376850910426583, 7642501.444263027049601 ], [ 425413.095455882372335, 7642492.212530333548784 ], [ 425422.427265763573814, 7642483.497883463278413 ], [ 425436.994790950906463, 7642471.848000943660736 ], [ 425446.905134509259369, 7642465.028879726305604 ], [ 425461.894631255767308, 7642456.099020928144455 ], [ 425476.874659853172489, 7642448.566232770681381 ], [ 425491.712718868511729, 7642442.250361766666174 ], [ 425506.311940896266606, 7642436.98408841714263 ], [ 425525.282348157663364, 7642431.338707409799099 ], [ 425539.191374275251292, 7642427.946967154741287 ], [ 425557.434629322902765, 7642424.357914479449391 ], [ 425575.273162518511526, 7642421.699884256348014 ], [ 425592.659068293171003, 7642419.825524175539613 ], [ 425630.084026974742301, 7642417.752402168698609 ], [ 425676.544650792959146, 7642417.773126967251301 ], [ 425737.72566306986846, 7642419.942658793181181 ] ] ] } },
{ "type": "Feature", "properties": { "fid": 362.0, "COMPR_M": 88.49, "CLASSE": "01 - Muito curta", "CD_FAZ": "400023", "TALHOES": "1", "FAZ_tAL": "400023001", "ID_LINHA": 157559 }, "geometry": { "type": "MultiLineString", "coordinates": [ [ [ 425531.442837018170394, 7642627.024194607511163 ], [ 425534.943146349978633, 7642621.211200721561909 ], [ 425539.788167179678567, 7642616.044395843520761 ], [ 425546.789464669418521, 7642611.425422526896 ], [ 425556.235852442332543, 7642607.079091117717326 ], [ 425568.466128706117161, 7642603.027151623740792 ], [ 425580.065721616148949, 7642600.200060751289129 ], [ 425595.018817116215359, 7642597.630430124700069 ], [ 425610.699377294746228, 7642595.930415184237063 ] ] ] } },
{ "type": "Feature", "properties": { "fid": 363.0, "COMPR_M": 559.73, "CLASSE": "03 - Média", "CD_FAZ": "400023", "TALHOES": "1", "FAZ_tAL": "400023001", "ID_LINHA": 157560 }, "geometry": { "type": "MultiLineString", "coordinates": [ [ [ 425356.350931072433013, 7642695.587169354781508 ], [ 425354.410922581213526, 7642678.881568284705281 ], [ 425353.253136146813631, 7642659.305394438095391 ], [ 425353.213423141860403, 7642644.014513896778226 ], [ 425354.079982027527876, 7642628.07129636220634 ], [ 425356.068770463112742, 7642611.523049106821418 ], [ 425358.131846156262327, 7642600.197710279375315 ], [ 425362.50359815970296, 7642582.8767404332757 ], [ 425366.315668428782374, 7642571.318111327476799 ], [ 425370.783483797917143, 7642560.018995393998921 ], [ 425378.673377079889178, 7642543.61393509991467 ], [ 425387.971119630383328, 7642527.901119068264961 ], [ 425394.953359078266658, 7642517.840793248265982 ], [ 425406.620605075033382, 7642503.436163442209363 ], [ 425415.211500833102036, 7642494.339636910706758 ], [ 425424.405129409511574, 7642485.754037658683956 ], [ 425438.76363234501332, 7642474.271430927328765 ], [ 425448.538301338092424, 7642467.545692946761847 ], [ 425463.333526738686487, 7642458.731671800836921 ], [ 425478.133163218386471, 7642451.289681939408183 ], [ 425492.806331303145271, 7642445.044069042429328 ], [ 425507.256597736268304, 7642439.831584978848696 ], [ 425526.052478722878732, 7642434.238248341716826 ], [ 425539.84380960825365, 7642430.875227151438594 ], [ 425557.942434420343488, 7642427.314675554633141 ], [ 425575.652051799814217, 7642424.675900692120194 ], [ 425592.926003220083658, 7642422.813652936369181 ], [ 425630.160516457341146, 7642420.751438742503524 ], [ 425680.169951776333619, 7642420.84779388923198 ], [ 425739.064833273761906, 7642423.022190311923623 ] ] ] } },
{ "type": "Feature", "properties": { "fid": 364.0, "COMPR_M": 104.24, "CLASSE": "02 - Curta", "CD_FAZ": "400023", "TALHOES": "1", "FAZ_tAL": "400023001", "ID_LINHA": 157561 }, "geometry": { "type": "MultiLineString", "coordinates": [ [ [ 425527.484619201393798, 7642628.573868760839105 ], [ 425531.88165701169055, 7642620.333958836272359 ], [ 425537.143357268883847, 7642614.354826686903834 ], [ 425545.35056918853661, 7642608.792771653272212 ], [ 425555.142240009852685, 7642604.285383841022849 ], [ 425567.654799462645315, 7642600.138861740939319 ], [ 425584.377496822504327, 7642596.29608831461519 ], [ 425599.921502102748491, 7642593.982305692508817 ], [ 425619.939209849573672, 7642592.28520449437201 ] ] ] } },
{ "type": "Feature", "properties": { "fid": 365.0, "COMPR_M": 555.23, "CLASSE": "03 - Média", "CD_FAZ": "400023", "TALHOES": "1", "FAZ_tAL": "400023001", "ID_LINHA": 157562 }, "geometry": { "type": "MultiLineString", "coordinates": [ [ [ 425359.220555468578823, 7642694.463091789744794 ], [ 425357.399094556050841, 7642678.614482562057674 ], [ 425356.252032001095358, 7642659.220439202152193 ], [ 425356.212661769706756, 7642644.087832410819829 ], [ 425357.069204168452416, 7642628.327453102916479 ], [ 425359.033016031724401, 7642611.98630952835083 ], [ 425362.32973834942095, 7642595.154334750957787 ], [ 425367.173750638961792, 7642578.011970037594438 ], [ 425371.259520621795673, 7642566.73647073097527 ], [ 425375.978426957852207, 7642555.738317592069507 ], [ 425384.220361979794689, 7642539.787256963551044 ], [ 425393.848305286257528, 7642524.538238604553044 ], [ 425401.041725458577275, 7642514.797040836885571 ], [ 425413.015100815391634, 7642500.893927898257971 ], [ 425421.795827996567823, 7642492.159438923932612 ], [ 425431.045362048549578, 7642484.049410230480134 ], [ 425445.33743513765512, 7642473.291210161522031 ], [ 425455.026648523053154, 7642467.002680904231966 ], [ 425469.650691542541608, 7642458.772866069339216 ], [ 425484.245382846100256, 7642451.832207502797246 ], [ 425498.69408060744172, 7642446.012645520269871 ], [ 425512.908964336500503, 7642441.160317233763635 ], [ 425531.398634618381038, 7642435.956516249105334 ], [ 425545.016562418139074, 7642432.827054901979864 ], [ 425562.882487704337109, 7642429.536634907126427 ], [ 425580.36209658079315, 7642427.122778940945864 ], [ 425597.414219686412252, 7642425.44304963760078 ], [ 425634.227786793198902, 7642423.659908289089799 ], [ 425683.76778980193194, 7642423.927738827653229 ], [ 425740.405273927957751, 7642426.104643329977989 ] ] ] } },
{ "type": "Feature", "properties": { "fid": 366.0, "COMPR_M": 119.17, "CLASSE": "02 - Curta", "CD_FAZ": "400023", "TALHOES": "1", "FAZ_tAL": "400023001", "ID_LINHA": 157563 }, "geometry": { "type": "MultiLineString", "coordinates": [ [ [ 425523.786489528603852, 7642630.021716311573982 ], [ 425525.698533878312446, 7642625.124689938500524 ], [ 425528.072353107156232, 7642620.686688342131674 ], [ 425530.827560434408952, 7642616.712105627171695 ], [ 425534.423445872322191, 7642612.769879966042936 ], [ 425542.518686597351916, 7642606.943106554448605 ], [ 425554.048627575684804, 7642601.49167656339705 ], [ 425569.179790421389043, 7642596.612540474161506 ], [ 425586.379519881214947, 7642592.893295770511031 ], [ 425605.074357773642987, 7642590.411182151176035 ], [ 425628.569351253216155, 7642588.880523346364498 ] ] ] } },
{ "type": "Feature", "properties": { "fid": 367.0, "COMPR_M": 550.72, "CLASSE": "03 - Média", "CD_FAZ": "400023", "TALHOES": "1", "FAZ_tAL": "400023001", "ID_LINHA": 157564 }, "geometry": { "type": "MultiLineString", "coordinates": [ [ [ 425362.090179865015671, 7642693.339014222845435 ], [ 425360.387266531295609, 7642678.347396841272712 ], [ 425359.250927854736801, 7642659.135483967140317 ], [ 425359.211900398950092, 7642644.161150928586721 ], [ 425360.058426308445632, 7642628.583609842695296 ], [ 425361.997261601965874, 7642612.449569945223629 ], [ 425365.248936296498869, 7642595.847132254391909 ], [ 425370.023113468138035, 7642578.951677137985826 ], [ 425374.049622462596744, 7642567.839738793671131 ], [ 425378.700610720494296, 7642556.999887999147177 ], [ 425386.824257376720197, 7642541.277754748240113 ], [ 425396.31318656692747, 7642526.248876467347145 ], [ 425403.401467912422959, 7642516.650042016990483 ], [ 425415.196522594429553, 7642502.953918193466961 ], [ 425423.843602868611924, 7642494.352356033399701 ], [ 425432.953130559879355, 7642486.365111731924117 ], [ 425447.037929220008664, 7642475.763054767623544 ], [ 425456.593680263147689, 7642469.561173692345619 ], [ 425471.02780419238843, 7642461.438337505795062 ], [ 425485.44715900614392, 7642454.581145945936441 ], [ 425499.736274274997413, 7642448.825927952304482 ], [ 425513.807471570093185, 7642444.022702217102051 ], [ 425532.128703247290105, 7642438.866398922167718 ], [ 425545.631459948490374, 7642435.763423424214125 ], [ 425563.356531097379047, 7642432.49899317510426 ], [ 425580.711371680023149, 7642430.102413350716233 ], [ 425597.655907875858247, 7642428.433323909528553 ], [ 425634.287897163012531, 7642426.659316571429372 ], [ 425687.355941503774375, 7642427.013007319532335 ], [ 425741.73762683593668, 7642429.189559631049633 ] ] ] } },
{ "type": "Feature", "properties": { "fid": 368.0, "COMPR_M": 133.56, "CLASSE": "02 - Curta", "CD_FAZ": "400023", "TALHOES": "1", "FAZ_tAL": "400023001", "ID_LINHA": 157565 }, "geometry": { "type": "MultiLineString", "coordinates": [ [ [ 425520.25923362490721, 7642631.40266540274024 ], [ 425521.925020054157358, 7642626.31294615007937 ], [ 425524.830713415110949, 7642620.274137424305081 ], [ 425527.702295283903368, 7642615.864455506205559 ], [ 425531.593973065027967, 7642611.330498760566115 ], [ 425536.049909075256437, 7642607.560080038383603 ], [ 425541.016452197043691, 7642604.346057929098606 ], [ 425552.955015142564662, 7642598.697969285771251 ], [ 425568.409659856173676, 7642593.712999541312456 ], [ 425588.480830937740393, 7642589.503981518559158 ], [ 425610.465381838614121, 7642586.917860431596637 ], [ 425636.773644587665331, 7642585.643843721598387 ] ] ] } },
{ "type": "Feature", "properties": { "fid": 369.0, "COMPR_M": 546.19, "CLASSE": "03 - Média", "CD_FAZ": "400023", "TALHOES": "1", "FAZ_tAL": "400023001", "ID_LINHA": 157566 }, "geometry": { "type": "MultiLineString", "coordinates": [ [ [ 425364.960952688474208, 7642692.214486801996827 ], [ 425362.987966319546103, 7642673.344875697046518 ], [ 425362.249823709018528, 7642659.050528733059764 ], [ 425362.211139026854653, 7642644.234469443559647 ], [ 425363.047648448904511, 7642628.839766584336758 ], [ 425364.961507172440179, 7642612.912830365821719 ], [ 425368.168134243343957, 7642596.539929755963385 ], [ 425372.872476296732202, 7642579.891384240239859 ], [ 425376.839724303979892, 7642568.943006858229637 ], [ 425381.422794482205063, 7642558.261458403430879 ], [ 425389.42815277306363, 7642542.768252533860505 ], [ 425398.778067847772036, 7642527.959514327347279 ], [ 425405.761210366967134, 7642518.503043191507459 ], [ 425417.377944373700302, 7642505.013908489607275 ], [ 425425.89137773931725, 7642496.545273141935468 ], [ 425434.860899070801679, 7642488.680813232436776 ], [ 425448.738423303817399, 7642478.234899369999766 ], [ 425458.160712002834771, 7642472.119666477665305 ], [ 425472.404916840663645, 7642464.103808938525617 ], [ 425486.648935166071169, 7642457.330084390938282 ], [ 425500.778467942902353, 7642451.639210382476449 ], [ 425514.705978800891899, 7642446.885087206959724 ], [ 425532.858771878760308, 7642441.776281599886715 ], [ 425546.246357478143182, 7642438.699791948311031 ], [ 425563.830574490013532, 7642435.461351446807384 ], [ 425581.060646777797956, 7642433.082047753967345 ], [ 425597.897596062801313, 7642431.423598184250295 ], [ 425634.348007532185875, 7642429.658724857494235 ], [ 425687.282943807309493, 7642430.012120055966079 ], [ 425743.05949685361702, 7642432.273849871009588 ] ] ] } },
{ "type": "Feature", "properties": { "fid": 370.0, "COMPR_M": 147.56, "CLASSE": "02 - Curta", "CD_FAZ": "400023", "TALHOES": "1", "FAZ_tAL": "400023001", "ID_LINHA": 157567 }, "geometry": { "type": "MultiLineString", "coordinates": [ [ [ 425516.854874589422252, 7642632.73549938108772 ], [ 425518.640011737588793, 7642626.516003171913326 ], [ 425521.533302959229331, 7642620.036588815972209 ], [ 425524.487013169622514, 7642615.202045252546668 ], [ 425528.63045509904623, 7642610.0734135620296 ], [ 425533.179758035694249, 7642605.964694337919354 ], [ 425538.079330767155625, 7642602.602798590436578 ], [ 425544.324368236819282, 7642599.19571350608021 ], [ 425551.861402707756497, 7642595.904262010008097 ], [ 425560.52984764392022, 7642592.866721438243985 ], [ 425570.092272020759992, 7642590.18029803968966 ], [ 425590.678885802743025, 7642586.129399654455483 ], [ 425616.080960976250935, 7642583.501823477447033 ], [ 425644.673546509002335, 7642582.52724969945848 ] ] ] } },
{ "type": "Feature", "properties": { "fid": 371.0, "COMPR_M": 541.67, "CLASSE": "03 - Média", "CD_FAZ": "400023", "TALHOES": "1", "FAZ_tAL": "400023001", "ID_LINHA": 157568 }, "geometry": { "type": "MultiLineString", "coordinates": [ [ [ 425367.841291011311114, 7642691.086212420836091 ], [ 425365.979799468303099, 7642673.122534496709704 ], [ 425365.151292955270037, 7642654.142939352430403 ], [ 425365.380383331445046, 7642639.297072416171432 ], [ 425366.538236575201154, 7642623.909187907353044 ], [ 425368.827666002092883, 7642608.036460226401687 ], [ 425371.087332191353198, 7642597.232727261260152 ], [ 425375.72183912678156, 7642580.831091342493892 ], [ 425379.629826145945117, 7642570.046274919062853 ], [ 425384.144978244265076, 7642559.523028812371194 ], [ 425392.032048170687631, 7642544.258750320412219 ], [ 425401.242949128965847, 7642529.670152189210057 ], [ 425408.120952820929233, 7642520.356044372543693 ], [ 425419.559366152621806, 7642507.073898784816265 ], [ 425427.939152607927099, 7642498.738190252333879 ], [ 425436.768667582713533, 7642490.996514739468694 ], [ 425450.438917386927642, 7642480.706743972375989 ], [ 425459.727743744035251, 7642474.678159264847636 ], [ 425473.78202948870603, 7642466.769280372187495 ], [ 425487.850711325882003, 7642460.079022835940123 ], [ 425501.820661611796822, 7642454.452492814511061 ], [ 425515.604486034950241, 7642449.747472188435495 ], [ 425533.588840509415604, 7642444.686164274811745 ], [ 425551.251129642303567, 7642440.745794070884585 ], [ 425568.614371454110369, 7642437.758845660835505 ], [ 425585.628676033811644, 7642435.588012989610434 ], [ 425602.259717581036966, 7642434.097956793382764 ], [ 425638.327340817661025, 7642432.589986842125654 ], [ 425690.863810737035237, 7642433.103116984479129 ], [ 425744.384101728675887, 7642435.364521292969584 ] ] ] } },
{ "type": "Feature", "properties": { "fid": 372.0, "COMPR_M": 161.29, "CLASSE": "02 - Curta", "CD_FAZ": "400023", "TALHOES": "1", "FAZ_tAL": "400023001", "ID_LINHA": 157569 }, "geometry": { "type": "MultiLineString", "coordinates": [ [ [ 425513.526666512014344, 7642634.038519646972418 ], [ 425515.340617749898229, 7642626.876739357598126 ], [ 425517.531982592074201, 7642621.339978717267513 ], [ 425521.193404679710511, 7642614.723584309220314 ], [ 425525.539575814618729, 7642609.006885254755616 ], [ 425530.249324624834117, 7642604.465888334438205 ], [ 425536.512299026420806, 7642600.044305802322924 ], [ 425543.007405607379042, 7642596.500032069161534 ], [ 425550.767790274636354, 7642593.110554732382298 ], [ 425559.631340411840938, 7642590.004336452111602 ], [ 425569.362203389464412, 7642587.270415363833308 ], [ 425579.585838092840277, 7642584.991973415017128 ], [ 425592.97098589251982, 7642582.770666053518653 ], [ 425618.879755206988193, 7642580.324924116022885 ], [ 425652.345403874001931, 7642579.500621638260782 ] ] ] } },
{ "type": "Feature", "properties": { "fid": 373.0, "COMPR_M": 537.15, "CLASSE": "03 - Média", "CD_FAZ": "400023", "TALHOES": "1", "FAZ_tAL": "400023001", "ID_LINHA": 157570 }, "geometry": { "type": "MultiLineString", "coordinates": [ [ [ 425370.721629332751036, 7642689.957938039675355 ], [ 425368.97163261991227, 7642672.9001932926476 ], [ 425368.151200011663605, 7642654.10803884640336 ], [ 425368.377647098212037, 7642639.428597638383508 ], [ 425369.521041119296569, 7642624.23173601552844 ], [ 425371.779384214081801, 7642608.573886823840439 ], [ 425374.006530138489325, 7642597.925524763762951 ], [ 425378.57120195555035, 7642581.770798444747925 ], [ 425382.419927987037227, 7642571.149542983621359 ], [ 425386.867162005451974, 7642560.784599218517542 ], [ 425394.635943568369839, 7642545.749248107895255 ], [ 425403.707830408413429, 7642531.380790051072836 ], [ 425410.480695274891332, 7642522.209045547991991 ], [ 425421.740787931077648, 7642509.133889080956578 ], [ 425429.986927478457801, 7642500.931107363663614 ], [ 425438.676436092995573, 7642493.312216237187386 ], [ 425452.139411469572224, 7642483.178588577546179 ], [ 425461.294775483431295, 7642477.236652051098645 ], [ 425475.159142137737945, 7642469.434751808643341 ], [ 425489.052487486333121, 7642462.827961280010641 ], [ 425502.86285527975997, 7642457.265775246545672 ], [ 425516.502993265516125, 7642452.609857174567878 ], [ 425534.318909138673916, 7642447.596046952530742 ], [ 425551.829388998332433, 7642443.689593652263284 ], [ 425569.05566174100386, 7642440.726256739348173 ], [ 425585.949413285881747, 7642438.570851541124284 ], [ 425602.477271095849574, 7642437.090081486850977 ], [ 425638.372010558028705, 7642435.589663604274392 ], [ 425690.785815004142933, 7642436.102104032412171 ], [ 425745.708932434557937, 7642438.455719636753201 ] ] ] } },
{ "type": "Feature", "properties": { "fid": 374.0, "COMPR_M": 174.81, "CLASSE": "02 - Curta", "CD_FAZ": "400023", "TALHOES": "1", "FAZ_tAL": "400023001", "ID_LINHA": 157571 }, "geometry": { "type": "MultiLineString", "coordinates": [ [ [ 425510.259349827247206, 7642635.317700441926718 ], [ 425512.029877078952268, 7642627.407854154706001 ], [ 425514.809798829897773, 7642620.078408312052488 ], [ 425518.679776659642812, 7642613.085424587130547 ], [ 425523.295821649837308, 7642607.014984842389822 ], [ 425528.341556113329716, 7642602.150186832994223 ], [ 425533.46297645685263, 7642598.419980357401073 ], [ 425541.690442978171632, 7642593.804350632242858 ], [ 425549.674177840526681, 7642590.316847455687821 ], [ 425558.732833178888541, 7642587.141951467841864 ], [ 425571.189279982121661, 7642583.737442193552852 ], [ 425581.664735104655847, 7642581.54315828718245 ], [ 425595.354294349905103, 7642579.428755338303745 ], [ 425609.740317274350673, 7642577.947037609294057 ], [ 425624.809472210123204, 7642577.021584052592516 ], [ 425659.847733037895523, 7642576.540874229744077 ] ] ] } },
{ "type": "Feature", "properties": { "fid": 375.0, "COMPR_M": 532.63, "CLASSE": "03 - Média", "CD_FAZ": "400023", "TALHOES": "1", "FAZ_tAL": "400023001", "ID_LINHA": 157572 }, "geometry": { "type": "MultiLineString", "coordinates": [ [ [ 425373.601967654773034, 7642688.829663657583296 ], [ 425371.963465769600589, 7642672.677852092310786 ], [ 425371.151107070501894, 7642654.07313833758235 ], [ 425371.374910865211859, 7642639.560122858732939 ], [ 425372.503845663683023, 7642624.55428412090987 ], [ 425374.731102427700534, 7642609.111313422210515 ], [ 425376.925728084053844, 7642598.618322268128395 ], [ 425381.420564785017632, 7642582.710505547001958 ], [ 425385.210029828827828, 7642572.25281104631722 ], [ 425391.99630397441797, 7642557.041541789658368 ], [ 425400.075289222237188, 7642542.447128001600504 ], [ 425409.435061210766435, 7642528.534283677116036 ], [ 425416.389518974814564, 7642519.678445754572749 ], [ 425427.907770531077404, 7642507.102276388555765 ], [ 425436.272311290202197, 7642499.290962820872664 ], [ 425444.955329170101322, 7642492.136302856728435 ], [ 425458.337302313826513, 7642482.646572262048721 ], [ 425467.40696658618981, 7642477.090675227344036 ], [ 425481.110162023338489, 7642469.803004516288638 ], [ 425494.816681899304967, 7642463.637263718061149 ], [ 425508.424830259755254, 7642458.45068572089076 ], [ 425521.853149275295436, 7642454.113446645438671 ], [ 425539.41072129830718, 7642449.443119066767395 ], [ 425556.707327297714073, 7642445.816202056594193 ], [ 425573.721372389991302, 7642443.088883797638118 ], [ 425606.744367120263632, 7642439.803803423419595 ], [ 425642.284318076039199, 7642438.541398999281228 ], [ 425698.015503126953263, 7642439.304109464399517 ], [ 425747.035001339332666, 7642441.549807047471404 ] ] ] } },
{ "type": "Feature", "properties": { "fid": 376.0, "COMPR_M": 188.18, "CLASSE": "02 - Curta", "CD_FAZ": "400023", "TALHOES": "1", "FAZ_tAL": "400023001", "ID_LINHA": 157573 }, "geometry": { "type": "MultiLineString", "coordinates": [ [ [ 425507.039971866644919, 7642636.578112839721143 ], [ 425508.705559532216284, 7642628.142574418336153 ], [ 425511.401849027955905, 7642620.353859908878803 ], [ 425515.272646719648037, 7642612.862732307985425 ], [ 425520.031589495367371, 7642606.208576984703541 ], [ 425525.276175388949923, 7642600.817901527509093 ], [ 425531.829809628543444, 7642595.903167136013508 ], [ 425540.37348034849856, 7642591.108669195324183 ], [ 425548.580565408745315, 7642587.523140178062022 ], [ 425557.834325947100297, 7642584.27956648170948 ], [ 425570.498441750416532, 7642580.818000388331711 ], [ 425583.840494394476991, 7642578.109490394592285 ], [ 425597.825851510278881, 7642576.104499256238341 ], [ 425627.783730438735802, 7642573.898636527359486 ], [ 425667.21753000933677, 7642573.633412158116698 ] ] ] } },
{ "type": "Feature", "properties": { "fid": 377.0, "COMPR_M": 528.11, "CLASSE": "03 - Média", "CD_FAZ": "400023", "TALHOES": "1", "FAZ_tAL": "400023001", "ID_LINHA": 157574 }, "geometry": { "type": "MultiLineString", "coordinates": [ [ [ 425376.482305976736825, 7642687.701389277353883 ], [ 425374.955298919521738, 7642672.455510888248682 ], [ 425374.151014127302915, 7642654.038237829692662 ], [ 425374.372174631862435, 7642639.691648080945015 ], [ 425375.486650208884384, 7642624.876832227222621 ], [ 425377.682820638292469, 7642609.648740015923977 ], [ 425381.157089923275635, 7642594.100510608404875 ], [ 425384.269927613262553, 7642583.650212651118636 ], [ 425390.084043731447309, 7642568.300251306034625 ], [ 425397.192256360314786, 7642553.520575395785272 ], [ 425402.635230501298793, 7642544.011919206939638 ], [ 425411.848678232869133, 7642530.316532081924379 ], [ 425418.692676098435186, 7642521.601337559521198 ], [ 425430.023815480817575, 7642509.229382965713739 ], [ 425438.250174936256371, 7642501.547117012552917 ], [ 425446.793338104733266, 7642494.507727678865194 ], [ 425459.970469142484944, 7642485.163385482504964 ], [ 425468.909200986032374, 7642479.687723851762712 ], [ 425482.427124652429484, 7642472.498685952275991 ], [ 425495.963489677582402, 7642466.409571057185531 ], [ 425509.417376327328384, 7642461.281855026260018 ], [ 425522.707223080040421, 7642456.989394231699407 ], [ 425540.101559530652594, 7642452.362560878507793 ], [ 425557.249879642156884, 7642448.766788060776889 ], [ 425574.130938634742051, 7642446.060836611315608 ], [ 425606.938879492343403, 7642442.797512173652649 ], [ 425642.314484436938073, 7642441.541255537420511 ], [ 425697.926564451656304, 7642442.302792225033045 ], [ 425748.363258518395014, 7642444.649000311270356 ] ] ] } },
{ "type": "Feature", "properties": { "fid": 378.0, "COMPR_M": 201.43, "CLASSE": "02 - Curta", "CD_FAZ": "400023", "TALHOES": "1", "FAZ_tAL": "400023001", "ID_LINHA": 157575 }, "geometry": { "type": "MultiLineString", "coordinates": [ [ [ 425503.857593982189428, 7642637.824039410799742 ], [ 425505.806730677024461, 7642627.368891150690615 ], [ 425508.644626180874184, 7642619.170823348686099 ], [ 425512.712705442041624, 7642611.297941101714969 ], [ 425517.728432373260148, 7642604.285685179755092 ], [ 425523.298311742721125, 7642598.561747331172228 ], [ 425530.196642799244728, 7642593.38635391741991 ], [ 425539.05651771905832, 7642588.412987757474184 ], [ 425547.48695297469385, 7642584.729432902298868 ], [ 425559.432396681047976, 7642580.655140483751893 ], [ 425572.465576305054128, 7642577.2882269192487 ], [ 425586.110613972181454, 7642574.69219016470015 ], [ 425600.382589620887302, 7642572.79858632851392 ], [ 425615.302911488513928, 7642571.526988471858203 ], [ 425633.984990581229795, 7642570.7032674504444 ], [ 425674.493076376907993, 7642570.763132933527231 ] ] ] } },
{ "type": "Feature", "properties": { "fid": 379.0, "COMPR_M": 523.6, "CLASSE": "03 - Média", "CD_FAZ": "400023", "TALHOES": "1", "FAZ_tAL": "400023001", "ID_LINHA": 157576 }, "geometry": { "type": "MultiLineString", "coordinates": [ [ [ 425379.3626442985842, 7642686.573114896193147 ], [ 425377.947132069559302, 7642672.233169686049223 ], [ 425377.150921184627805, 7642654.003337321802974 ], [ 425377.36943839880405, 7642639.823173303157091 ], [ 425378.469454753096215, 7642625.199380330741405 ], [ 425380.634538851154502, 7642610.186166616156697 ], [ 425384.055918779107742, 7642594.87419387884438 ], [ 425387.119290441623889, 7642584.589919753372669 ], [ 425392.84126657951856, 7642569.483287867158651 ], [ 425399.837810543132946, 7642554.935809722170234 ], [ 425405.195171778905205, 7642545.576710412278771 ], [ 425414.26229525427334, 7642532.098780485801399 ], [ 425420.995833220949862, 7642523.524229362607002 ], [ 425432.139860431023408, 7642511.356489543803036 ], [ 425440.228038584114984, 7642503.80327120795846 ], [ 425448.631347038957756, 7642496.879152501933277 ], [ 425461.603635972191114, 7642487.680198702029884 ], [ 425470.4114353863406, 7642482.284772478044033 ], [ 425483.744087281753309, 7642475.194367391988635 ], [ 425497.110297454346437, 7642469.181878391653299 ], [ 425510.409922395949252, 7642464.113024333491921 ], [ 425523.56129688344663, 7642459.865341820754111 ], [ 425540.792397763230838, 7642455.282002683728933 ], [ 425557.792431985610165, 7642451.717374065890908 ], [ 425574.540504879667424, 7642449.032789426855743 ], [ 425607.133391863899305, 7642445.791220925748348 ], [ 425646.1642930622329, 7642444.511637944728136 ], [ 425701.489979436970316, 7642445.413327902555466 ], [ 425749.691515696700662, 7642447.748193571344018 ] ] ] } },
{ "type": "Feature", "properties": { "fid": 380.0, "COMPR_M": 214.6, "CLASSE": "02 - Curta", "CD_FAZ": "400023", "TALHOES": "1", "FAZ_tAL": "400023001", "ID_LINHA": 157577 }, "geometry": { "type": "MultiLineString", "coordinates": [ [ [ 425500.70303868688643, 7642639.059073215350509 ], [ 425502.451239819289185, 7642628.408614912070334 ], [ 425505.184409005509224, 7642619.693337769247591 ], [ 425509.207341034023557, 7642611.331150704994798 ], [ 425514.309363255335484, 7642603.741097383201122 ], [ 425520.089021779072937, 7642597.419460196048021 ], [ 425526.961151138413697, 7642591.939751133322716 ], [ 425535.752098674885929, 7642586.715494927018881 ], [ 425546.393340541631915, 7642581.935725625604391 ], [ 425558.578322877991013, 7642577.779192897491157 ], [ 425571.813140972226392, 7642574.359966922551394 ], [ 425585.6365705790231, 7642571.729831892997026 ], [ 425600.061852368409745, 7642569.81574777700007 ], [ 425615.108399116666988, 7642568.533279722556472 ], [ 425633.908501098281704, 7642567.704230878502131 ], [ 425681.702346860896796, 7642567.919000241905451 ] ] ] } },
{ "type": "Feature", "properties": { "fid": 381.0, "COMPR_M": 519.08, "CLASSE": "03 - Média", "CD_FAZ": "400023", "TALHOES": "1", "FAZ_tAL": "400023001", "ID_LINHA": 157578 }, "geometry": { "type": "MultiLineString", "coordinates": [ [ [ 425382.242982620315161, 7642685.444840516895056 ], [ 425380.640517738240305, 7642667.544150209054351 ], [ 425380.150828241137788, 7642653.968436812981963 ], [ 425380.366702165396418, 7642639.954698523506522 ], [ 425381.452259296842385, 7642625.521928437054157 ], [ 425383.586257063027006, 7642610.723593214526772 ], [ 425386.954747633251827, 7642595.647877147421241 ], [ 425389.968653272022493, 7642585.529626853764057 ], [ 425395.598489426425658, 7642570.666324423626065 ], [ 425402.483364726009313, 7642556.351044051349163 ], [ 425407.755113057035487, 7642547.141501622274518 ], [ 425416.675912276317831, 7642533.881028890609741 ], [ 425423.298990342416801, 7642525.447121173143387 ], [ 425434.255905380472541, 7642513.483596125617623 ], [ 425442.205902229179628, 7642506.059425400570035 ], [ 425450.469355974113569, 7642499.250577326864004 ], [ 425463.236802800209261, 7642490.197011922486126 ], [ 425471.913669787172694, 7642484.881821107119322 ], [ 425485.061049911368173, 7642477.890048827975988 ], [ 425498.257105230935849, 7642471.954185724258423 ], [ 425511.402468462358229, 7642466.944193639792502 ], [ 425524.415370689355768, 7642462.741289407014847 ], [ 425541.483235995285213, 7642458.201444491744041 ], [ 425558.334984329412691, 7642454.66796007193625 ], [ 425574.950071123428643, 7642452.004742240533233 ], [ 425607.327904236502945, 7642448.784929676912725 ], [ 425646.180891899508424, 7642447.511599174700677 ], [ 425701.395098239416257, 7642448.411828672513366 ], [ 425751.023013832804281, 7642450.854948887601495 ] ] ] } },
{ "type": "Feature", "properties": { "fid": 382.0, "COMPR_M": 227.71, "CLASSE": "02 - Curta", "CD_FAZ": "400023", "TALHOES": "1", "FAZ_tAL": "400023001", "ID_LINHA": 157579 }, "geometry": { "type": "MultiLineString", "coordinates": [ [ [ 425497.570506891643163, 7642640.285484638996422 ], [ 425499.096622732235119, 7642629.669090859591961 ], [ 425501.715084703406319, 7642620.382904076948762 ], [ 425505.659977861214429, 7642611.545182848349214 ], [ 425511.949620801140554, 7642601.888096202164888 ], [ 425518.041246908134781, 7642595.22654308564961 ], [ 425525.260657056525815, 7642589.467906529083848 ], [ 425534.374986025679391, 7642584.05002349242568 ], [ 425545.299728108220734, 7642579.142018347978592 ], [ 425557.724249073420651, 7642574.903245308436453 ], [ 425571.160705637303181, 7642571.4317069305107 ], [ 425585.162527185457293, 7642568.767473623156548 ], [ 425602.728059444401879, 7642566.525902671739459 ], [ 425621.14094841806218, 7642565.181022645905614 ], [ 425640.292809377773665, 7642564.575764279812574 ], [ 425688.856005957815796, 7642565.096806826069951 ] ] ] } },
{ "type": "Feature", "properties": { "fid": 383.0, "COMPR_M": 514.57, "CLASSE": "03 - Média", "CD_FAZ": "400023", "TALHOES": "1", "FAZ_tAL": "400023001", "ID_LINHA": 157580 }, "geometry": { "type": "MultiLineString", "coordinates": [ [ [ 425385.134220144886058, 7642684.312296744436026 ], [ 425383.635332903009839, 7642667.366438971832395 ], [ 425383.150735299452208, 7642653.933536306023598 ], [ 425383.363965932221618, 7642640.086223741993308 ], [ 425384.435063842800446, 7642625.844476543366909 ], [ 425386.537975275830831, 7642611.261019811034203 ], [ 425389.853576487686951, 7642596.421560415066779 ], [ 425392.818016101140529, 7642586.469333956949413 ], [ 425398.355712274147663, 7642571.849360985681415 ], [ 425405.12891890888568, 7642557.766278376802802 ], [ 425413.107399828906637, 7642544.282716284506023 ], [ 425422.279407545283902, 7642531.474051438271999 ], [ 425429.05814672447741, 7642523.355167556554079 ], [ 425440.225801831809804, 7642511.895692911930382 ], [ 425448.215278648189269, 7642504.890723748132586 ], [ 425456.452046296326444, 7642498.505730764940381 ], [ 425469.129934186348692, 7642490.029115982353687 ], [ 425477.722481553384569, 7642485.05818055011332 ], [ 425490.718196869536769, 7642478.524173650890589 ], [ 425503.742455637082458, 7642472.981141813099384 ], [ 425516.703166132909246, 7642468.306550594046712 ], [ 425529.522324992693029, 7642464.389237217605114 ], [ 425546.368162948521785, 7642460.157827101647854 ], [ 425563.020485395216383, 7642456.882286308333278 ], [ 425579.440944597241469, 7642454.436065047048032 ], [ 425611.462886013032403, 7642451.537481375969946 ], [ 425649.972720549092628, 7642450.498914802446961 ], [ 425704.94664438982727, 7642451.529425172135234 ], [ 425752.355185988591984, 7642453.963276875205338 ] ] ] } },
{ "type": "Feature", "properties": { "fid": 384.0, "COMPR_M": 240.74, "CLASSE": "02 - Curta", "CD_FAZ": "400023", "TALHOES": "1", "FAZ_tAL": "400023001", "ID_LINHA": 157581 }, "geometry": { "type": "MultiLineString", "coordinates": [ [ [ 425494.469614445639309, 7642641.499509004876018 ], [ 425496.159856553946156, 7642629.055103761143982 ], [ 425498.894263531197794, 7642619.360720897093415 ], [ 425503.014423678570893, 7642610.129948517307639 ], [ 425509.589878346305341, 7642600.03509502671659 ], [ 425515.993472038302571, 7642593.033625977113843 ], [ 425523.560162972018588, 7642586.996061925776303 ], [ 425532.997873377462383, 7642581.384552057832479 ], [ 425544.20611567387823, 7642576.348311068490148 ], [ 425556.870175268151797, 7642572.027297722175717 ], [ 425573.301848788571078, 7642567.900006994605064 ], [ 425587.589853794372175, 7642565.3575220964849 ], [ 425605.471944796212483, 7642563.255704697221518 ], [ 425624.153141207876615, 7642562.035869112238288 ], [ 425643.521138858981431, 7642561.535517007112503 ], [ 425695.949134158727247, 7642562.298493479378521 ] ] ] } },
{ "type": "Feature", "properties": { "fid": 385.0, "COMPR_M": 510.05, "CLASSE": "03 - Média", "CD_FAZ": "400023", "TALHOES": "1", "FAZ_tAL": "400023001", "ID_LINHA": 157582 }, "geometry": { "type": "MultiLineString", "coordinates": [ [ [ 425388.025945009256247, 7642683.179562073200941 ], [ 425386.630148068245035, 7642667.188727734610438 ], [ 425386.150642357068136, 7642653.898635797202587 ], [ 425386.361229698697571, 7642640.217748963274062 ], [ 425387.417868387652561, 7642626.167024647817016 ], [ 425389.489693486946635, 7642611.798446409404278 ], [ 425392.752405342995189, 7642597.195243682712317 ], [ 425395.667378931015264, 7642587.409041060134768 ], [ 425401.112935121345799, 7642573.032397542148829 ], [ 425407.774473092460539, 7642559.181512707844377 ], [ 425415.621027848334052, 7642545.920876007527113 ], [ 425424.639149998663925, 7642533.327052617445588 ], [ 425431.301900887978263, 7642525.347067967988551 ], [ 425442.273576702689752, 7642514.088610022328794 ], [ 425450.12304715893697, 7642507.206425250507891 ], [ 425458.220887690084055, 7642500.92916074860841 ], [ 425470.696965927665588, 7642492.587608769536018 ], [ 425483.42181802802952, 7642485.427580412477255 ], [ 425496.263144446886145, 7642479.321591947227716 ], [ 425509.116017286665738, 7642474.145469838753343 ], [ 425521.894036660087295, 7642469.78416708111763 ], [ 425534.523914949852042, 7642466.133198581635952 ], [ 425551.165537716180552, 7642462.19074013736099 ], [ 425579.819833876681514, 7642457.412081484682858 ], [ 425611.635371343465522, 7642454.532538181170821 ], [ 425649.976686236332171, 7642453.49891834706068 ], [ 425704.845508482540026, 7642454.527721658349037 ], [ 425753.688831478590146, 7642457.075042569078505 ] ] ] } },
{ "type": "Feature", "properties": { "fid": 386.0, "COMPR_M": 253.7, "CLASSE": "02 - Curta", "CD_FAZ": "400023", "TALHOES": "1", "FAZ_tAL": "400023001", "ID_LINHA": 157583 }, "geometry": { "type": "MultiLineString", "coordinates": [ [ [ 425491.379162716679275, 7642642.709445747546852 ], [ 425492.799830921227112, 7642630.608377331867814 ], [ 425495.395077946945094, 7642620.298789641819894 ], [ 425500.368869495228864, 7642608.714714191854 ], [ 425505.979742086492479, 7642599.824219865724444 ], [ 425513.945697167888284, 7642590.840708867646754 ], [ 425521.859668888908345, 7642584.524217322468758 ], [ 425531.620760729594622, 7642578.719080623239279 ], [ 425543.112503240525257, 7642573.554603791795671 ], [ 425556.016101464047097, 7642569.151350136846304 ], [ 425572.686951259267516, 7642564.963638470508158 ], [ 425587.148563507362269, 7642562.390111016109586 ], [ 425605.205009868834168, 7642560.267575938254595 ], [ 425624.021875007892959, 7642559.038726122118533 ], [ 425646.795048916479573, 7642558.510164687409997 ], [ 425702.976222986122593, 7642559.526233358308673 ] ] ] } },
{ "type": "Feature", "properties": { "fid": 387.0, "COMPR_M": 505.54, "CLASSE": "03 - Média", "CD_FAZ": "400023", "TALHOES": "1", "FAZ_tAL": "400023001", "ID_LINHA": 157584 }, "geometry": { "type": "MultiLineString", "coordinates": [ [ [ 425390.917669872229453, 7642682.046827401965857 ], [ 425389.62496323272353, 7642667.011016495525837 ], [ 425389.13685556181008, 7642649.399539255537093 ], [ 425389.605290704523213, 7642635.765695706941187 ], [ 425390.961591835075524, 7642621.801057800650597 ], [ 425393.373040300386492, 7642607.565555424429476 ], [ 425395.651234198012389, 7642597.968926951289177 ], [ 425398.516741758969147, 7642588.348748162388802 ], [ 425403.87015796941705, 7642574.215434102341533 ], [ 425410.420027273416054, 7642560.596747033298016 ], [ 425418.134655868634582, 7642547.559035727754235 ], [ 425426.998892453324515, 7642535.180053794756532 ], [ 425433.545655054040253, 7642527.338968381285667 ], [ 425444.321351572871208, 7642516.281527131795883 ], [ 425452.030815669975709, 7642509.522126754745841 ], [ 425459.989729086286388, 7642503.35259073227644 ], [ 425472.263997667876538, 7642495.146101554855704 ], [ 425484.798930677876342, 7642488.093051847070456 ], [ 425497.464920607104432, 7642482.070530391298234 ], [ 425510.158210955676623, 7642476.958752270787954 ], [ 425522.792543891468085, 7642472.646552067250013 ], [ 425535.294045514892787, 7642469.032739512622356 ], [ 425551.780435246415436, 7642465.127108663320541 ], [ 425580.198723156703636, 7642460.388097918592393 ], [ 425611.807856672792695, 7642457.527594991028309 ], [ 425649.980651922232937, 7642456.498921894468367 ], [ 425708.383836991444696, 7642457.652676557190716 ], [ 425755.025433516362682, 7642460.193706702440977 ] ] ] } },
{ "type": "Feature", "properties": { "fid": 388.0, "COMPR_M": 266.56, "CLASSE": "02 - Curta", "CD_FAZ": "400023", "TALHOES": "1", "FAZ_tAL": "400023001", "ID_LINHA": 157585 }, "geometry": { "type": "MultiLineString", "coordinates": [ [ [ 425488.310120878682937, 7642643.911000341176987 ], [ 425489.848112708539702, 7642630.070950734429061 ], [ 425492.545715115964413, 7642619.359082537703216 ], [ 425497.723315312643535, 7642607.299479864537716 ], [ 425503.566125064913649, 7642598.041971459984779 ], [ 425510.43352356844116, 7642590.059432970359921 ], [ 425518.361495122837368, 7642583.325780199840665 ], [ 425530.243648080795538, 7642576.053609190508723 ], [ 425542.018890807521529, 7642570.760896515101194 ], [ 425555.162027659243904, 7642566.275402548722923 ], [ 425572.072053727810271, 7642562.027269948273897 ], [ 425589.694455933116842, 7642558.995043544098735 ], [ 425608.048499959637411, 7642557.015117689967155 ], [ 425627.111329153121915, 7642555.911112019792199 ], [ 425650.111519562546164, 7642555.499038927257061 ], [ 425709.912039642164018, 7642556.781106793321669 ] ] ] } },
{ "type": "Feature", "properties": { "fid": 389.0, "COMPR_M": 501.03, "CLASSE": "03 - Média", "CD_FAZ": "400023", "TALHOES": "1", "FAZ_tAL": "400023001", "ID_LINHA": 157586 }, "geometry": { "type": "MultiLineString", "coordinates": [ [ [ 425393.809394736483227, 7642680.914092732593417 ], [ 425392.619778397027403, 7642666.833305258303881 ], [ 425392.136924425489269, 7642649.417388068512082 ], [ 425392.599272750725504, 7642635.958169856108725 ], [ 425393.936134700954426, 7642622.19266224373132 ], [ 425396.309806478675455, 7642608.17954252101481 ], [ 425398.55006305128336, 7642598.742610221728683 ], [ 425401.366104588378221, 7642589.288455263711512 ], [ 425406.627380817546509, 7642575.398470662534237 ], [ 425413.065581458387896, 7642562.011981362476945 ], [ 425420.64828388846945, 7642549.197195451706648 ], [ 425429.35863490664633, 7642537.033054972067475 ], [ 425435.789409218705259, 7642529.330868790857494 ], [ 425446.369126442354172, 7642518.474444242194295 ], [ 425453.938584181363694, 7642511.837828253395855 ], [ 425461.758570481091738, 7642505.776020716875792 ], [ 425473.831029408320319, 7642497.704594342038035 ], [ 425486.176043324812781, 7642490.758523283526301 ], [ 425498.66669676656602, 7642484.819468837231398 ], [ 425511.200404622999486, 7642479.772034704685211 ], [ 425523.691051124769729, 7642475.508937053382397 ], [ 425536.064176081679761, 7642471.932280445471406 ], [ 425552.395332775835413, 7642468.06347718462348 ], [ 425568.571008423459716, 7642465.084934154525399 ], [ 425584.553397764277179, 7642462.878391817212105 ], [ 425615.841741579119116, 7642460.314207972027361 ], [ 425653.707309429650195, 7642459.501553012058139 ], [ 425711.914481946849264, 7642460.785529954358935 ], [ 425756.362035552039742, 7642463.312370836734772 ] ] ] } },
{ "type": "Feature", "properties": { "fid": 390.0, "COMPR_M": 279.32, "CLASSE": "02 - Curta", "CD_FAZ": "400023", "TALHOES": "1", "FAZ_tAL": "400023001", "ID_LINHA": 157587 }, "geometry": { "type": "MultiLineString", "coordinates": [ [ [ 425485.252270243829116, 7642645.108173489570618 ], [ 425486.495575528824702, 7642631.906507547944784 ], [ 425489.696352288359776, 7642618.419375438243151 ], [ 425495.077761130058207, 7642605.884245535358787 ], [ 425501.152508043334819, 7642596.259723054245114 ], [ 425508.317478619224858, 7642587.932326392270625 ], [ 425516.592653728905134, 7642580.902350217103958 ], [ 425526.64492792711826, 7642574.568310283124447 ], [ 425540.925278374226764, 7642567.96718923933804 ], [ 425554.307953854324296, 7642563.399454962462187 ], [ 425571.457156198855955, 7642559.090901423245668 ], [ 425589.284889689646661, 7642556.023090727627277 ], [ 425607.806811771530192, 7642554.024843416176736 ], [ 425626.999262272322085, 7642552.913191270083189 ], [ 425650.10755387682002, 7642552.499035377055407 ], [ 425680.830538071342744, 7642552.894331718795002 ], [ 425716.757482731249183, 7642554.064607117325068 ] ] ] } },
{ "type": "Feature", "properties": { "fid": 391.0, "COMPR_M": 496.52, "CLASSE": "03 - Média", "CD_FAZ": "400023", "TALHOES": "1", "FAZ_tAL": "400023001", "ID_LINHA": 157588 }, "geometry": { "type": "MultiLineString", "coordinates": [ [ [ 425396.701119598641526, 7642679.781358063220978 ], [ 425395.393896768451668, 7642662.400742579251528 ], [ 425395.136993291904218, 7642649.435236880555749 ], [ 425395.593254796462134, 7642636.15064400807023 ], [ 425396.910677565727383, 7642622.584266688674688 ], [ 425399.246572657721117, 7642608.79352961666882 ], [ 425402.760673252807464, 7642594.865886434912682 ], [ 425405.807164842146449, 7642585.628675880841911 ], [ 425411.36681586666964, 7642572.138732874765992 ], [ 425418.071002139360644, 7642559.163728184998035 ], [ 425425.891761935781687, 7642546.776530803181231 ], [ 425434.81477595702745, 7642535.061580194160342 ], [ 425441.373583941836841, 7642527.673801741562784 ], [ 425448.416901312419213, 7642520.667361352592707 ], [ 425459.659400647855364, 7642511.107701438479125 ], [ 425467.443858220533002, 7642505.425190006382763 ], [ 425479.424841788189951, 7642497.867064238525927 ], [ 425491.645863059093244, 7642491.368456014432013 ], [ 425503.991144120227545, 7642485.815722402185202 ], [ 425516.365198800864164, 7642481.100040172226727 ], [ 425528.68573971214937, 7642477.121027341112494 ], [ 425540.889526812068652, 7642473.784991026856005 ], [ 425557.033723204163834, 7642470.183789856731892 ], [ 425584.902672863216139, 7642465.858026223257184 ], [ 425615.993147488799877, 7642463.310402674600482 ], [ 425653.699574809113983, 7642462.501548299565911 ], [ 425711.79990655311849, 7642463.783343298360705 ], [ 425757.703037541825324, 7642466.441301287151873 ] ] ] } },
{ "type": "Feature", "properties": { "fid": 392.0, "COMPR_M": 292.01, "CLASSE": "02 - Curta", "CD_FAZ": "400023", "TALHOES": "1", "FAZ_tAL": "400023001", "ID_LINHA": 157589 }, "geometry": { "type": "MultiLineString", "coordinates": [ [ [ 425482.210134584282059, 7642646.299194103106856 ], [ 425483.531329958525021, 7642631.443247130140662 ], [ 425486.150328806019388, 7642619.700546009466052 ], [ 425488.443797958432697, 7642613.073729389347136 ], [ 425491.340199179016054, 7642606.582551566883922 ], [ 425497.373319079633802, 7642596.385028782300651 ], [ 425501.606332513852976, 7642590.825442543253303 ], [ 425506.201433669193648, 7642585.805219814181328 ], [ 425514.823812332295347, 7642578.478920232504606 ], [ 425525.206032445421442, 7642571.935659410431981 ], [ 425539.831665940582752, 7642565.173481958918273 ], [ 425556.296190045715775, 7642559.702803371474147 ], [ 425573.803244531445671, 7642555.553977632895112 ], [ 425591.944290831568651, 7642552.644607418216765 ], [ 425610.744304687483236, 7642550.790819752030075 ], [ 425633.44956420455128, 7642549.710011431947351 ], [ 425656.860090582282282, 7642549.516476181335747 ], [ 425691.275804323842749, 7642550.156408028677106 ], [ 425723.526175124105066, 7642551.378564674407244 ] ] ] } },
{ "type": "Feature", "properties": { "fid": 393.0, "COMPR_M": 492.02, "CLASSE": "03 - Média", "CD_FAZ": "400023", "TALHOES": "1", "FAZ_tAL": "400023001", "ID_LINHA": 157590 }, "geometry": { "type": "MultiLineString", "coordinates": [ [ [ 425399.599083534325473, 7642678.6461794488132 ], [ 425398.391064255207311, 7642662.268382146023214 ], [ 425398.137062156456523, 7642649.453085696324706 ], [ 425398.587236841733102, 7642636.343118158169091 ], [ 425399.885220431373455, 7642622.975871134549379 ], [ 425402.183338836417533, 7642609.407516708597541 ], [ 425405.636178616899997, 7642595.722254008054733 ], [ 425408.627986013190821, 7642586.65085906535387 ], [ 425414.088999628380407, 7642573.400303282774985 ], [ 425420.674897538032383, 7642560.654225970618427 ], [ 425428.356643217732199, 7642548.487168662250042 ], [ 425437.117933078494389, 7642536.984472001902759 ], [ 425443.555005720816553, 7642529.733792035840452 ], [ 425450.464676184463315, 7642522.860278462059796 ], [ 425461.497409582603723, 7642513.479126259684563 ], [ 425469.144352302711923, 7642507.897034612484276 ], [ 425480.927076187392231, 7642500.464112864807248 ], [ 425492.96282568841707, 7642494.064137451350689 ], [ 425505.137951897631865, 7642488.588029737584293 ], [ 425517.357744868495502, 7642483.93120947945863 ], [ 425529.539813517651055, 7642479.996974932029843 ], [ 425541.619595441734418, 7642476.694873700849712 ], [ 425557.611982559785247, 7642473.127589436247945 ], [ 425573.468564610695466, 7642470.400367537513375 ], [ 425589.15678580396343, 7642468.399237048812211 ], [ 425619.952622793032788, 7642466.127293491736054 ], [ 425657.378190997231286, 7642465.517950113862753 ], [ 425715.314970751467627, 7642466.924141321331263 ], [ 425759.044614717946388, 7642469.571573801338673 ] ] ] } },
{ "type": "Feature", "properties": { "fid": 394.0, "COMPR_M": 304.61, "CLASSE": "03 - Média", "CD_FAZ": "400023", "TALHOES": "1", "FAZ_tAL": "400023001", "ID_LINHA": 157591 }, "geometry": { "type": "MultiLineString", "coordinates": [ [ [ 425479.175557914189994, 7642647.487255305983126 ], [ 425480.197877796948887, 7642633.549191161990166 ], [ 425483.27482344157761, 7642618.844178438186646 ], [ 425485.653696117573418, 7642611.970461327582598 ], [ 425488.6552290393156, 7642605.243605356663465 ], [ 425494.908437798148952, 7642594.674390918575227 ], [ 425499.303175390814431, 7642588.902550738304853 ], [ 425504.085388718929607, 7642583.678113233298063 ], [ 425513.054970939469058, 7642576.0554902497679 ], [ 425523.767136964481324, 7642569.303008534014225 ], [ 425538.738053507346194, 7642562.379774682223797 ], [ 425552.599806244834326, 7642557.647559786215425 ], [ 425570.227361139724962, 7642553.218164373189211 ], [ 425588.465757198981009, 7642550.079185102134943 ], [ 425610.52675117214676, 7642547.798695062287152 ], [ 425633.373074721777812, 7642546.710974858142436 ], [ 425656.878594168578275, 7642546.516528820618987 ], [ 425694.813710852700751, 7642547.256688790395856 ], [ 425730.215017982758582, 7642548.724209180101752 ] ] ] } },
{ "type": "Feature", "properties": { "fid": 395.0, "COMPR_M": 487.51, "CLASSE": "03 - Média", "CD_FAZ": "400023", "TALHOES": "1", "FAZ_tAL": "400023001", "ID_LINHA": 157592 }, "geometry": { "type": "MultiLineString", "coordinates": [ [ [ 425402.502874268218875, 7642677.508718386292458 ], [ 425401.388231740507763, 7642662.136021710932255 ], [ 425401.137131022405811, 7642649.470934508368373 ], [ 425401.581218885956332, 7642636.535592311993241 ], [ 425402.859763296553865, 7642623.36747558042407 ], [ 425405.120105013309512, 7642610.021503806114197 ], [ 425408.511683981108945, 7642596.578621577471495 ], [ 425411.448807187203784, 7642587.673042247071862 ], [ 425416.811183391138911, 7642574.661873687058687 ], [ 425423.278792933328077, 7642562.144723758101463 ], [ 425430.821524498518556, 7642550.197806525044143 ], [ 425439.421090202173218, 7642538.907363805919886 ], [ 425445.736427499330603, 7642531.793782331980765 ], [ 425452.512451055052225, 7642525.05319557338953 ], [ 425463.335418516886421, 7642515.850551081821322 ], [ 425470.844846386287827, 7642510.368879215791821 ], [ 425482.429310587758664, 7642503.061161492019892 ], [ 425494.279788317973725, 7642496.759818889200687 ], [ 425506.284759674221277, 7642491.360337071120739 ], [ 425518.350290935835801, 7642486.762378785759211 ], [ 425530.393887321755756, 7642482.872922518290579 ], [ 425542.349664071982261, 7642479.604756377637386 ], [ 425558.190241916046944, 7642476.071389013901353 ], [ 425573.909854897705372, 7642473.367778620682657 ], [ 425589.477523056673817, 7642471.382075598463416 ], [ 425620.083888993191067, 7642469.124436480924487 ], [ 425657.359687410935294, 7642468.517897471785545 ], [ 425715.193214233790059, 7642469.921671772375703 ], [ 425760.388920753379352, 7642472.708213506266475 ] ] ] } },
{ "type": "Feature", "properties": { "fid": 396.0, "COMPR_M": 317.11, "CLASSE": "03 - Média", "CD_FAZ": "400023", "TALHOES": "1", "FAZ_tAL": "400023001", "ID_LINHA": 157593 }, "geometry": { "type": "MultiLineString", "coordinates": [ [ [ 425476.157536737911869, 7642648.668834900483489 ], [ 425477.223334932001308, 7642633.157586712390184 ], [ 425478.539259481825866, 7642625.371181191876531 ], [ 425480.399318076553755, 7642617.987810865044594 ], [ 425482.863594276714139, 7642610.867193262092769 ], [ 425485.97025889751967, 7642603.904659145511687 ], [ 425492.443556518875994, 7642592.963753056712449 ], [ 425497.000018269289285, 7642586.979658933356404 ], [ 425501.969343768549152, 7642581.551006652414799 ], [ 425511.286129542510025, 7642573.632060265168548 ], [ 425522.328241482842714, 7642566.670357658527792 ], [ 425537.644441072363406, 7642559.586067406460643 ], [ 425554.67353155760793, 7642553.926223605871201 ], [ 425572.646725819678977, 7642549.666378477588296 ], [ 425591.186512272281107, 7642546.692574547603726 ], [ 425613.552300140145235, 7642544.583609711378813 ], [ 425636.63220156886382, 7642543.636239602230489 ], [ 425663.742814509605523, 7642543.581276645883918 ], [ 425701.811431239591911, 7642544.476616211235523 ], [ 425736.810675224929582, 7642546.106832842342556 ] ] ] } },
{ "type": "Feature", "properties": { "fid": 397.0, "COMPR_M": 483.01, "CLASSE": "03 - Média", "CD_FAZ": "400023", "TALHOES": "1", "FAZ_tAL": "400023001", "ID_LINHA": 157594 }, "geometry": { "type": "MultiLineString", "coordinates": [ [ [ 425405.406665001879446, 7642676.37125732190907 ], [ 425404.38539922691416, 7642662.003661279566586 ], [ 425404.137199887773022, 7642649.488783322274685 ], [ 425404.575200932333246, 7642636.728066463023424 ], [ 425405.834306161967106, 7642623.759080025367439 ], [ 425408.056871192995459, 7642610.635490901768208 ], [ 425411.387189343455248, 7642597.434989150613546 ], [ 425414.269628359470516, 7642588.695225426927209 ], [ 425419.533367153024301, 7642575.923444092273712 ], [ 425425.882688331301324, 7642563.635221544653177 ], [ 425433.286405778955668, 7642551.908444386906922 ], [ 425441.724247324164025, 7642540.830255611799657 ], [ 425447.917849278775975, 7642533.853772627189755 ], [ 425454.560225924942642, 7642527.246112681925297 ], [ 425465.173427452158649, 7642518.221975905820727 ], [ 425472.545340471318923, 7642512.840723817236722 ], [ 425483.931544989231043, 7642505.658210119232535 ], [ 425495.596750946482643, 7642499.455500327050686 ], [ 425507.431567450519651, 7642494.132644407451153 ], [ 425519.34283700369997, 7642489.593548091128469 ], [ 425531.247961125802249, 7642485.748870104551315 ], [ 425543.07973270205548, 7642482.514639054425061 ], [ 425558.768501271551941, 7642479.015188592486084 ], [ 425574.351145184831694, 7642476.335189696401358 ], [ 425589.798260306939483, 7642474.364914150908589 ], [ 425623.97345648414921, 7642471.969330992549658 ], [ 425660.994747586664744, 7642471.546654512174428 ], [ 425718.691377137904055, 7642473.07067550253123 ], [ 425761.73605293338187, 7642475.851447392255068 ] ] ] } },
{ "type": "Feature", "properties": { "fid": 398.0, "COMPR_M": 329.5, "CLASSE": "03 - Média", "CD_FAZ": "400023", "TALHOES": "1", "FAZ_tAL": "400023001", "ID_LINHA": 157595 }, "geometry": { "type": "MultiLineString", "coordinates": [ [ [ 425473.139515564136673, 7642649.850414495915174 ], [ 425474.248792067228351, 7642632.765982269309461 ], [ 425475.602493303129449, 7642624.757194098085165 ], [ 425477.523812714265659, 7642617.131443295627832 ], [ 425480.073492433701176, 7642609.763925200328231 ], [ 425483.285288757644594, 7642602.565712936222553 ], [ 425489.978675236518029, 7642591.253115196712315 ], [ 425494.696861146658193, 7642585.056767128407955 ], [ 425499.853298819973134, 7642579.42390007711947 ], [ 425509.517288148170337, 7642571.208630278706551 ], [ 425520.889346001320519, 7642564.037706786766648 ], [ 425536.550828641164117, 7642556.792360128834844 ], [ 425553.862202312331647, 7642551.03793372027576 ], [ 425572.068466463359073, 7642546.722578896209598 ], [ 425590.807622992026154, 7642543.716558111831546 ], [ 425613.357787768589333, 7642541.589900962077081 ], [ 425636.572091199632268, 7642540.636831316165626 ], [ 425667.227002697356511, 7642540.629164900630713 ], [ 425708.820946322986856, 7642541.726490244269371 ], [ 425743.28882848774083, 7642543.536085993051529 ] ] ] } },
{ "type": "Feature", "properties": { "fid": 399.0, "COMPR_M": 478.51, "CLASSE": "03 - Média", "CD_FAZ": "400023", "TALHOES": "1", "FAZ_tAL": "400023001", "ID_LINHA": 157596 }, "geometry": { "type": "MultiLineString", "coordinates": [ [ [ 425408.310455734608695, 7642675.233796257525682 ], [ 425407.382566713320557, 7642661.871300848200917 ], [ 425407.137268752674572, 7642649.506632138043642 ], [ 425407.569182978302706, 7642636.920540612190962 ], [ 425408.808849027613178, 7642624.150684472173452 ], [ 425410.993637372273952, 7642611.249477998353541 ], [ 425414.262694709177595, 7642598.29135672096163 ], [ 425417.090449530805927, 7642589.717408613301814 ], [ 425422.255550915258937, 7642577.185014501214027 ], [ 425428.486583727411926, 7642565.125719327479601 ], [ 425435.751287060324103, 7642553.619082248769701 ], [ 425444.02740444696974, 7642542.753147415816784 ], [ 425450.099271057872102, 7642535.913762922398746 ], [ 425456.608000794774853, 7642529.439029792323709 ], [ 425467.011436386383139, 7642520.593400727026165 ], [ 425477.935304264770821, 7642512.848330894485116 ], [ 425489.23364540678449, 7642506.119387544691563 ], [ 425500.786223788978532, 7642500.311767022125423 ], [ 425512.491355105361436, 7642495.33080003131181 ], [ 425524.260420850128867, 7642491.086523084901273 ], [ 425536.012958943843842, 7642487.49555628746748 ], [ 425547.700780085462611, 7642484.476420753635466 ], [ 425563.217955422180239, 7642481.223234117031097 ], [ 425578.636167326825671, 7642478.752317564561963 ], [ 425593.929440704640001, 7642476.95610461756587 ], [ 425627.815886952972505, 7642474.83947230130434 ], [ 425664.599636342609301, 7642474.586528345011175 ], [ 425722.179119740962051, 7642476.228477597236633 ], [ 425763.084175312425941, 7642478.996991691179574 ] ] ] } },
{ "type": "Feature", "properties": { "fid": 400.0, "COMPR_M": 341.75, "CLASSE": "03 - Média", "CD_FAZ": "400023", "TALHOES": "1", "FAZ_tAL": "400023001", "ID_LINHA": 157597 }, "geometry": { "type": "MultiLineString", "coordinates": [ [ [ 425470.142219284665771, 7642651.02388013061136 ], [ 425470.442805932078045, 7642640.962497796863317 ], [ 425471.274249200767372, 7642632.374377822503448 ], [ 425472.665727124607656, 7642624.143207002431154 ], [ 425474.648307350173127, 7642616.275075724348426 ], [ 425477.283390592609067, 7642608.66065713763237 ], [ 425480.600318616372533, 7642601.226766722276807 ], [ 425487.513793957070448, 7642589.542477334849536 ], [ 425492.393704023619648, 7642583.133875321596861 ], [ 425497.737253870582208, 7642577.296793497167528 ], [ 425507.748446753656026, 7642568.785200295969844 ], [ 425519.450450520438608, 7642561.405055912211537 ], [ 425535.457216206938028, 7642553.998652852140367 ], [ 425553.050873070023954, 7642548.149643836542964 ], [ 425571.490207105642185, 7642543.778779319487512 ], [ 425593.634550327144098, 7642540.348886380903423 ], [ 425616.464960585406516, 7642538.394128805026412 ], [ 425643.279807974526193, 7642537.536664712242782 ], [ 425674.207704364554957, 7642537.750422891229391 ], [ 425715.848041640361771, 7642539.009454041719437 ], [ 425749.624383704038337, 7642541.021926796063781 ] ] ] } },
{ "type": "Feature", "properties": { "fid": 401.0, "COMPR_M": 474.01, "CLASSE": "03 - Média", "CD_FAZ": "400023", "TALHOES": "1", "FAZ_tAL": "400023001", "ID_LINHA": 157598 }, "geometry": { "type": "MultiLineString", "coordinates": [ [ [ 425411.214246469025966, 7642674.096335193142295 ], [ 425410.23215737886494, 7642657.691244984045625 ], [ 425410.198957084328867, 7642645.407565697096288 ], [ 425410.875202698050998, 7642632.938274428248405 ], [ 425412.389436287630815, 7642620.324997071176767 ], [ 425414.875301399908494, 7642607.624689811840653 ], [ 425417.138200072338805, 7642599.147724293172359 ], [ 425419.911270703771152, 7642590.739591792225838 ], [ 425424.977734677202534, 7642578.44658490549773 ], [ 425431.090479124803096, 7642566.616217117756605 ], [ 425438.216168340586592, 7642555.329720109701157 ], [ 425446.330561570706777, 7642544.676039222627878 ], [ 425452.280692835163791, 7642537.973753219470382 ], [ 425458.655775665887631, 7642531.631946900859475 ], [ 425468.849445320782252, 7642522.964825550094247 ], [ 425479.568471093545668, 7642515.365144114941359 ], [ 425490.672540887724608, 7642508.752038421109319 ], [ 425502.044727154774591, 7642503.035216191783547 ], [ 425513.584967537957709, 7642498.124507310800254 ], [ 425525.205077689897735, 7642493.934019645676017 ], [ 425536.824288188596256, 7642490.383846167474985 ], [ 425548.391618316469248, 7642487.395862558856606 ], [ 425563.760507764702197, 7642484.173820121213794 ], [ 425579.045733570528682, 7642481.724270381033421 ], [ 425594.222727997344919, 7642479.941764550283551 ], [ 425627.909695036767516, 7642477.838018488138914 ], [ 425664.562383218668401, 7642477.586300009861588 ], [ 425722.042088567628525, 7642479.225349007174373 ], [ 425743.886422780284192, 7642480.425161710940301 ], [ 425764.437481584725901, 7642482.154631450772285 ] ] ] } },
{ "type": "Feature", "properties": { "fid": 402.0, "COMPR_M": 353.83, "CLASSE": "03 - Média", "CD_FAZ": "400023", "TALHOES": "1", "FAZ_tAL": "400023001", "ID_LINHA": 157599 }, "geometry": { "type": "MultiLineString", "coordinates": [ [ [ 425467.145803700957913, 7642652.197000961750746 ], [ 425467.953591090161353, 7642634.875823491252959 ], [ 425469.186085221066605, 7642626.308964550495148 ], [ 425471.020784421067219, 7642618.08469193149358 ], [ 425473.506872979167383, 7642610.161072256043553 ], [ 425476.699226159020327, 7642602.416422622278333 ], [ 425483.488984383293428, 7642590.151188487187028 ], [ 425488.352196260122582, 7642583.358084423467517 ], [ 425493.727706636069342, 7642577.113568832166493 ], [ 425503.771615081408527, 7642568.02189717721194 ], [ 425510.598640848591458, 7642563.184595286846161 ], [ 425518.011555037694052, 7642558.772405036725104 ], [ 425534.363603774399962, 7642551.204945573583245 ], [ 425552.239543825970031, 7642545.261353954672813 ], [ 425570.911947750544641, 7642540.834979740902781 ], [ 425593.285275229776744, 7642537.369251971133053 ], [ 425616.292475254158489, 7642535.399071997031569 ], [ 425646.662258210591972, 7642534.510474844835699 ], [ 425681.240387149853632, 7642534.898993175476789 ], [ 425722.89846785843838, 7642536.328705087304115 ], [ 425755.800012143503409, 7642538.571231869980693 ] ] ] } },
{ "type": "Feature", "properties": { "fid": 403.0, "COMPR_M": 469.52, "CLASSE": "03 - Média", "CD_FAZ": "400023", "TALHOES": "1", "FAZ_tAL": "400023001", "ID_LINHA": 157600 }, "geometry": { "type": "MultiLineString", "coordinates": [ [ [ 425414.126551125140395, 7642672.955539089627564 ], [ 425413.231053233495913, 7642657.606289749965072 ], [ 425413.198195712524466, 7642645.480884215794504 ], [ 425413.864424837986007, 7642633.19443117082119 ], [ 425415.353681857930496, 7642620.788257487118244 ], [ 425417.794499348034151, 7642608.317487316206098 ], [ 425421.311644391040318, 7642595.866404979489744 ], [ 425424.271455607551616, 7642587.698563932441175 ], [ 425429.585885945125483, 7642575.786788731813431 ], [ 425435.914467111171689, 7642564.354204896837473 ], [ 425440.681049621722195, 7642557.04035796970129 ], [ 425448.633718691999093, 7642546.59893102850765 ], [ 425454.462114615365863, 7642540.03374351374805 ], [ 425460.703550536301918, 7642533.824864013120532 ], [ 425470.687454255414195, 7642525.336250371299684 ], [ 425481.201637922727969, 7642517.881957332603633 ], [ 425492.111436370119918, 7642511.38468929566443 ], [ 425503.30323052033782, 7642505.758665362372994 ], [ 425514.678579971543513, 7642500.918214587494731 ], [ 425537.635617433581501, 7642493.272136051207781 ], [ 425549.082456550211646, 7642490.31530436873436 ], [ 425564.303060108795762, 7642487.124406128190458 ], [ 425579.45529981632717, 7642484.696223192848265 ], [ 425594.516015287663322, 7642482.927424486726522 ], [ 425628.003503121784888, 7642480.836564674973488 ], [ 425668.131726244988386, 7642480.635939193889499 ], [ 425725.510629105381668, 7642482.391870512627065 ], [ 425747.367401256226003, 7642483.67346837092191 ], [ 425765.790787856385577, 7642485.31227120757103 ] ] ] } },
{ "type": "Feature", "properties": { "fid": 404.0, "COMPR_M": 365.76, "CLASSE": "03 - Média", "CD_FAZ": "400023", "TALHOES": "1", "FAZ_tAL": "400023001", "ID_LINHA": 157601 }, "geometry": { "type": "MultiLineString", "coordinates": [ [ [ 425464.155829404713586, 7642653.367599977180362 ], [ 425464.970786545891315, 7642634.553275384940207 ], [ 425466.23436701024184, 7642625.77153795119375 ], [ 425468.121955566457473, 7642617.311008661054075 ], [ 425470.686051806842443, 7642609.138889074325562 ], [ 425473.977042396902107, 7642601.154852218925953 ], [ 425480.975356362701859, 7642588.51302876509726 ], [ 425485.992453805985861, 7642581.505083246156573 ], [ 425491.546284855576232, 7642575.053578538820148 ], [ 425501.933606146252714, 7642565.650472356006503 ], [ 425508.965474018128589, 7642560.667782065458596 ], [ 425516.572659556288272, 7642556.139754163101315 ], [ 425533.269991339591797, 7642548.411238299682736 ], [ 425551.428214581566863, 7642542.373064070940018 ], [ 425573.5264499502955, 7642537.284368213266134 ], [ 425596.213005346187856, 7642534.021685168147087 ], [ 425619.475483411573805, 7642532.222880890592933 ], [ 425650.079794074175879, 7642531.499010553583503 ], [ 425691.775662905245554, 7642532.163342392072082 ], [ 425733.428234139399137, 7642533.880391789600253 ], [ 425761.809925797511823, 7642536.186298083513975 ] ] ] } },
{ "type": "Feature", "properties": { "fid": 405.0, "COMPR_M": 465.03, "CLASSE": "03 - Média", "CD_FAZ": "400023", "TALHOES": "1", "FAZ_tAL": "400023001", "ID_LINHA": 157602 }, "geometry": { "type": "MultiLineString", "coordinates": [ [ [ 425417.043096709589008, 7642671.813081746920943 ], [ 425416.229949087486602, 7642657.521334516815841 ], [ 425416.197434342058841, 7642645.554202729836106 ], [ 425416.853646977804601, 7642633.450587909668684 ], [ 425418.31792742642574, 7642621.251517908647656 ], [ 425420.713697294704616, 7642609.010284816846251 ], [ 425424.161007220391184, 7642596.806112084537745 ], [ 425427.06155744777061, 7642588.801831997931004 ], [ 425432.270856085931882, 7642577.125734942033887 ], [ 425438.474408389185555, 7642565.918996103107929 ], [ 425445.639316538989078, 7642555.268009745515883 ], [ 425453.739442537364084, 7642545.266072082333267 ], [ 425459.648444776539691, 7642539.008875073865056 ], [ 425465.940265989513136, 7642533.133275721222162 ], [ 425475.909301642037462, 7642525.163460587151349 ], [ 425486.367283331579529, 7642518.172536635771394 ], [ 425497.192944515030831, 7642512.082294758409262 ], [ 425508.280906048370525, 7642506.810976389795542 ], [ 425519.537953968625516, 7642502.278294160962105 ], [ 425542.22522060922347, 7642495.128607892431319 ], [ 425568.606341467180755, 7642489.406658137217164 ], [ 425583.608726674166974, 7642487.172245838679373 ], [ 425598.531636691302992, 7642485.564356913790107 ], [ 425631.766795588540845, 7642483.731206800788641 ], [ 425671.677035399479792, 7642483.694248987361789 ], [ 425728.967188601207454, 7642485.567753750830889 ], [ 425767.150235493551008, 7642488.484240479767323 ] ] ] } },
{ "type": "Feature", "properties": { "fid": 406.0, "COMPR_M": 377.52, "CLASSE": "03 - Média", "CD_FAZ": "400023", "TALHOES": "1", "FAZ_tAL": "400023001", "ID_LINHA": 157603 }, "geometry": { "type": "MultiLineString", "coordinates": [ [ [ 425461.178763575560879, 7642654.533145225606859 ], [ 425461.292823871306609, 7642643.505879484117031 ], [ 425461.987982002494391, 7642634.230727281421423 ], [ 425463.282648796390276, 7642625.234111357480288 ], [ 425465.223126711556688, 7642616.537325391545892 ], [ 425467.865230633527972, 7642608.116705891676247 ], [ 425471.25485863443464, 7642599.893281811848283 ], [ 425478.461728342983406, 7642586.874869043007493 ], [ 425483.632711352489423, 7642579.65208206884563 ], [ 425489.364863077935297, 7642572.993588243611157 ], [ 425500.095597211329732, 7642563.279047532007098 ], [ 425507.332307189935818, 7642558.150968845002353 ], [ 425515.133764075580984, 7642553.507103286683559 ], [ 425532.176378906413447, 7642545.617531021125615 ], [ 425550.616885337396525, 7642539.484774188138545 ], [ 425572.983897606958635, 7642534.333782208152115 ], [ 425595.892268093302846, 7642531.038846617564559 ], [ 425619.324077501543798, 7642529.226686183363199 ], [ 425653.529413157200906, 7642528.501444636844099 ], [ 425698.833305916923564, 7642529.371349461376667 ], [ 425740.491100706392899, 7642531.31217847764492 ], [ 425767.652001868234947, 7642533.867967838421464 ] ] ] } },
{ "type": "Feature", "properties": { "fid": 407.0, "COMPR_M": 460.53, "CLASSE": "03 - Média", "CD_FAZ": "400023", "TALHOES": "1", "FAZ_tAL": "400023001", "ID_LINHA": 157604 }, "geometry": { "type": "MultiLineString", "coordinates": [ [ [ 425419.959653293539304, 7642670.670758853666484 ], [ 425419.228844942175783, 7642657.436379281803966 ], [ 425419.196672970312648, 7642645.627521246671677 ], [ 425419.842869119369425, 7642633.706744647584856 ], [ 425421.282172995968722, 7642621.714778326451778 ], [ 425423.632895242481027, 7642609.703082319349051 ], [ 425427.01037004851969, 7642597.745819184929132 ], [ 425429.851659289910458, 7642589.905100059695542 ], [ 425434.955826224759221, 7642578.464681152254343 ], [ 425441.034349667083006, 7642567.483787309378386 ], [ 425448.052933561557438, 7642557.050258153118193 ], [ 425455.983196703658905, 7642547.257972495630383 ], [ 425461.764489726047032, 7642541.135981654748321 ], [ 425467.918129634868819, 7642535.389429913833737 ], [ 425477.678143037250265, 7642527.586890570819378 ], [ 425487.934315071790479, 7642520.731029422022402 ], [ 425498.570057162840385, 7642514.74776619207114 ], [ 425509.48268220864702, 7642509.55991483759135 ], [ 425520.580147637054324, 7642505.091576595790684 ], [ 425542.99535117612686, 7642498.028148822486401 ], [ 425569.114146565669216, 7642492.363419211469591 ], [ 425583.987615955062211, 7642490.148262273520231 ], [ 425598.798571616818663, 7642488.552485675550997 ], [ 425631.843285070266575, 7642486.730243377387524 ], [ 425671.624742622312624, 7642486.693795008584857 ], [ 425728.813667640322819, 7642488.563826132565737 ], [ 425750.594500770093873, 7642489.932327164337039 ], [ 425768.510379187471699, 7642491.657833846285939 ] ] ] } },
{ "type": "Feature", "properties": { "fid": 408.0, "COMPR_M": 389.11, "CLASSE": "03 - Média", "CD_FAZ": "400023", "TALHOES": "1", "FAZ_tAL": "400023001", "ID_LINHA": 157605 }, "geometry": { "type": "MultiLineString", "coordinates": [ [ [ 425458.201697745244019, 7642655.698690473102033 ], [ 425458.295560103957541, 7642643.374354264698923 ], [ 425459.005177456710953, 7642633.908179176971316 ], [ 425460.330930585565511, 7642624.696684757247567 ], [ 425462.324297856888734, 7642615.763642126694322 ], [ 425465.0444094624836, 7642607.09452270809561 ], [ 425468.532674871734343, 7642598.631711404770613 ], [ 425475.948100323497783, 7642585.236709321849048 ], [ 425481.272968896955717, 7642577.799080889672041 ], [ 425487.183441299246624, 7642570.933597947470844 ], [ 425498.257588275999296, 7642560.907622709870338 ], [ 425505.699140361393802, 7642555.634155623614788 ], [ 425513.694868593651336, 7642550.874452412128448 ], [ 425522.180780995870009, 7642546.61040292866528 ], [ 425531.082766473002266, 7642542.823823742568493 ], [ 425549.805556093633641, 7642536.596484303474426 ], [ 425572.441345262515824, 7642531.383196203038096 ], [ 425595.571530842629727, 7642528.056008065119386 ], [ 425622.57794680231018, 7642526.070153253152966 ], [ 425657.008119271835312, 7642525.516897302120924 ], [ 425705.906708896218333, 7642526.608240628615022 ], [ 425744.129961998551153, 7642528.557044576853514 ], [ 425773.30918354599271, 7642531.623009841889143 ] ] ] } },
{ "type": "Feature", "properties": { "fid": 409.0, "COMPR_M": 456.05, "CLASSE": "03 - Média", "CD_FAZ": "400023", "TALHOES": "1", "FAZ_tAL": "400023001", "ID_LINHA": 157606 }, "geometry": { "type": "MultiLineString", "coordinates": [ [ [ 425422.876246941916179, 7642669.528888951987028 ], [ 425422.227740796923172, 7642657.351424049586058 ], [ 425422.195911598566454, 7642645.700839761644602 ], [ 425422.832091260119341, 7642633.962901387363672 ], [ 425424.246418565744534, 7642622.178038746118546 ], [ 425426.552093190024607, 7642610.395879824645817 ], [ 425429.859732878743671, 7642598.685526287183166 ], [ 425432.641761131235398, 7642591.008368122391403 ], [ 425437.640796367370058, 7642579.803627362474799 ], [ 425443.594290945446119, 7642569.048578517511487 ], [ 425450.466550584125798, 7642558.832506556995213 ], [ 425458.226950867916457, 7642549.249872907064855 ], [ 425463.880534676718526, 7642543.263088231906295 ], [ 425469.895993282669224, 7642537.645584108307958 ], [ 425479.446984431706369, 7642530.01032055541873 ], [ 425489.501346812932752, 7642523.289522208273411 ], [ 425499.947169812337961, 7642517.413237628526986 ], [ 425510.684458368225023, 7642512.308853279799223 ], [ 425521.622341305075679, 7642507.904859026893973 ], [ 425532.676123446435668, 7642504.132786901667714 ], [ 425547.460144483251497, 7642499.973935105837882 ], [ 425573.311442354985047, 7642494.708516856655478 ], [ 425602.731359823024832, 7642491.229083662852645 ], [ 425635.550214919843711, 7642489.646890511736274 ], [ 425678.706044293940067, 7642489.832284893840551 ], [ 425732.251064246054739, 7642491.749045400880277 ], [ 425754.008785254613031, 7642493.220038631930947 ], [ 425769.875885727640707, 7642494.843940221704543 ] ] ] } },
{ "type": "Feature", "properties": { "fid": 410.0, "COMPR_M": 400.55, "CLASSE": "03 - Média", "CD_FAZ": "400023", "TALHOES": "1", "FAZ_tAL": "400023001", "ID_LINHA": 157607 }, "geometry": { "type": "MultiLineString", "coordinates": [ [ [ 425455.231801871268544, 7642656.861428626812994 ], [ 425455.713534806447569, 7642636.780625533312559 ], [ 425456.853119832579978, 7642627.273903356865048 ], [ 425458.66327061021002, 7642618.016652362421155 ], [ 425461.202723997470457, 7642609.022304413840175 ], [ 425464.52906061662361, 7642600.242238404229283 ], [ 425468.622219300013967, 7642591.731902254745364 ], [ 425473.4344723027898, 7642583.598549600690603 ], [ 425478.913226444157772, 7642575.946079710498452 ], [ 425485.002019520790782, 7642568.873607652261853 ], [ 425496.419579342880752, 7642558.536197887733579 ], [ 425504.065973531804048, 7642553.117342407815158 ], [ 425512.255973111081403, 7642548.24180153850466 ], [ 425520.922277630772442, 7642543.886953758075833 ], [ 425529.989154039241839, 7642540.030116466805339 ], [ 425548.994226849463303, 7642533.708194419741631 ], [ 425571.89879291964462, 7642528.432610197924078 ], [ 425595.250793590210378, 7642525.073169513605535 ], [ 425622.446680601686239, 7642523.073010267689824 ], [ 425660.512922593567055, 7642522.544440682046115 ], [ 425713.001596913789399, 7642523.877219939604402 ], [ 425751.217965491698124, 7642526.102017915807664 ], [ 425778.801584592089057, 7642529.443442286923528 ] ] ] } },
{ "type": "Feature", "properties": { "fid": 411.0, "COMPR_M": 451.57, "CLASSE": "03 - Média", "CD_FAZ": "400023", "TALHOES": "1", "FAZ_tAL": "400023001", "ID_LINHA": 157608 }, "geometry": { "type": "MultiLineString", "coordinates": [ [ [ 425425.797062696889043, 7642668.385366061702371 ], [ 425425.149434101884253, 7642653.444929197430611 ], [ 425425.325658668763936, 7642641.927576834335923 ], [ 425426.194327466597315, 7642630.360150016844273 ], [ 425427.862030249089003, 7642618.784992179833353 ], [ 425430.437180454726331, 7642607.253126172348857 ], [ 425434.015376565221231, 7642595.850507703609765 ], [ 425436.956832141964696, 7642588.411872814409435 ], [ 425442.166677470202558, 7642577.579558972269297 ], [ 425448.29819210577989, 7642567.216952388174832 ], [ 425455.315801902790554, 7642557.416067930869758 ], [ 425463.187801730528008, 7642548.273704698309302 ], [ 425468.894650018541142, 7642542.596532450988889 ], [ 425474.924037803371903, 7642537.310544775798917 ], [ 425484.448799054604024, 7642530.143636042252183 ], [ 425494.447185790457297, 7642523.83755050227046 ], [ 425504.815489353204612, 7642518.325270388275385 ], [ 425515.45922189403791, 7642513.538795754313469 ], [ 425526.290659476770088, 7642509.411733237095177 ], [ 425537.226477759832051, 7642505.88050321675837 ], [ 425551.845809478778392, 7642501.993071597069502 ], [ 425577.440177193842828, 7642497.107067257165909 ], [ 425606.610787891608197, 7642493.940450618974864 ], [ 425642.82731256633997, 7642492.538816661573946 ], [ 425685.749992164259311, 7642492.993487483821809 ], [ 425735.678953396331053, 7642494.945320153608918 ], [ 425753.755074366752524, 7642496.209309477359056 ], [ 425771.243579916772433, 7642498.035150990821421 ] ] ] } },
{ "type": "Feature", "properties": { "fid": 412.0, "COMPR_M": 411.46, "CLASSE": "03 - Média", "CD_FAZ": "400023", "TALHOES": "1", "FAZ_tAL": "400023001", "ID_LINHA": 157609 }, "geometry": { "type": "MultiLineString", "coordinates": [ [ [ 425452.272056517889723, 7642658.020192768424749 ], [ 425452.188297884888016, 7642646.434024922549725 ], [ 425452.724312665406615, 7642636.52446879260242 ], [ 425453.88887426245492, 7642626.810642937198281 ], [ 425455.744072662724648, 7642617.323854857124388 ], [ 425458.35336116963299, 7642608.082597309723496 ], [ 425461.771837768494152, 7642599.059201844036579 ], [ 425465.976665117777884, 7642590.31666792742908 ], [ 425470.920844283653423, 7642581.960389878600836 ], [ 425476.55348399002105, 7642574.093078533187509 ], [ 425482.820597741228994, 7642566.813617357052863 ], [ 425494.581570407375693, 7642556.164773065596819 ], [ 425502.432806702621747, 7642550.600529187358916 ], [ 425510.817077630548738, 7642545.609150663018227 ], [ 425519.663774266140535, 7642541.163504587486386 ], [ 425528.895541606470942, 7642537.236409191042185 ], [ 425548.182897605584003, 7642530.819904536940157 ], [ 425571.356240575725678, 7642525.482024194672704 ], [ 425598.328750075190328, 7642521.741003641858697 ], [ 425625.766526580613572, 7642519.936063008382916 ], [ 425664.040839494904503, 7642519.583103322423995 ], [ 425720.123652135487646, 7642521.181548750028014 ], [ 425754.908041636925191, 7642523.416474813595414 ], [ 425768.501544247206766, 7642524.901476182043552 ], [ 425783.768361492955592, 7642527.258948371745646 ] ] ] } },
{ "type": "Feature", "properties": { "fid": 413.0, "COMPR_M": 447.1, "CLASSE": "03 - Média", "CD_FAZ": "400023", "TALHOES": "1", "FAZ_tAL": "400023001", "ID_LINHA": 157610 }, "geometry": { "type": "MultiLineString", "coordinates": [ [ [ 425428.727104434859939, 7642667.238231128081679 ], [ 425428.14934115979122, 7642653.410028690472245 ], [ 425428.322922435356304, 7642642.059102056547999 ], [ 425429.17713201220613, 7642630.682698123157024 ], [ 425430.813748461776413, 7642619.322418778203428 ], [ 425433.336009309452493, 7642608.026809440925717 ], [ 425436.836197737371549, 7642596.872690888121724 ], [ 425439.714054987998679, 7642589.594909371808171 ], [ 425444.812231653486378, 7642578.994793303310871 ], [ 425450.811820125265513, 7642568.855112107470632 ], [ 425457.675544356869068, 7642559.269069106318057 ], [ 425465.369223509915173, 7642550.33369499258697 ], [ 425470.94242488918826, 7642544.789449562318623 ], [ 425476.831806314294226, 7642539.626246280968189 ], [ 425486.149293138179928, 7642532.615480648353696 ], [ 425495.949420189950615, 7642526.434599129483104 ], [ 425506.132451983285137, 7642521.020951822400093 ], [ 425516.606029670743737, 7642516.311103090643883 ], [ 425527.283205543935765, 7642512.242902543395758 ], [ 425538.080551564518828, 7642508.756450802087784 ], [ 425552.536647711298428, 7642504.912513403221965 ], [ 425577.881467480154242, 7642500.074478338472545 ], [ 425606.828341407701373, 7642496.932575311511755 ], [ 425642.85747892659856, 7642495.538673197850585 ], [ 425689.225900329998694, 7642496.081845002248883 ], [ 425739.093569169112016, 7642498.154593638144433 ], [ 425772.616276484564878, 7642501.238033702597022 ] ] ] } },
{ "type": "Feature", "properties": { "fid": 414.0, "COMPR_M": 415.89, "CLASSE": "03 - Média", "CD_FAZ": "400023", "TALHOES": "1", "FAZ_tAL": "400023001", "ID_LINHA": 157611 }, "geometry": { "type": "MultiLineString", "coordinates": [ [ [ 425449.312311163288541, 7642659.178956911899149 ], [ 425449.189059255004395, 7642646.360706405714154 ], [ 425449.735090525471605, 7642636.268312052823603 ], [ 425450.924628693261184, 7642626.347382517531514 ], [ 425452.824874715006445, 7642616.631057353690267 ], [ 425455.50399833987467, 7642607.142890209332108 ], [ 425459.014614921063185, 7642597.87616528570652 ], [ 425466.633762443729211, 7642583.131699378602207 ], [ 425472.189103780197911, 7642574.87274219840765 ], [ 425478.42073835170595, 7642567.176976611837745 ], [ 425485.276848981855437, 7642560.139869328588247 ], [ 425490.186185892904177, 7642555.836156792938709 ], [ 425498.052751721756067, 7642549.918392872437835 ], [ 425506.465060991351493, 7642544.613939516246319 ], [ 425515.351190388319083, 7642539.890721885487437 ], [ 425524.633684112050105, 7642535.717254437506199 ], [ 425544.059068197908346, 7642528.888083912432194 ], [ 425567.442391614196822, 7642523.172182269394398 ], [ 425594.609319086070172, 7642519.107492413371801 ], [ 425622.184148200205527, 7642517.078724291175604 ], [ 425660.569607886951417, 7642516.544701131060719 ], [ 425716.752739297226071, 7642518.028933595865965 ], [ 425755.183557145530358, 7642520.429131200537086 ], [ 425782.3529899486457, 7642523.956493074074388 ] ] ] } },
{ "type": "Feature", "properties": { "fid": 415.0, "COMPR_M": 442.62, "CLASSE": "03 - Média", "CD_FAZ": "400023", "TALHOES": "1", "FAZ_tAL": "400023001", "ID_LINHA": 157612 }, "geometry": { "type": "MultiLineString", "coordinates": [ [ [ 425431.657146173063666, 7642666.091096187010407 ], [ 425431.149248217581771, 7642653.37512818351388 ], [ 425431.320186202879995, 7642642.19062727689743 ], [ 425432.159936556126922, 7642631.005246227607131 ], [ 425433.765466674114577, 7642619.859845378436148 ], [ 425436.234838163829409, 7642608.800492709502578 ], [ 425439.657018910511397, 7642597.894874066114426 ], [ 425442.471277836943045, 7642590.777945928275585 ], [ 425447.457785836188123, 7642580.410027626901865 ], [ 425453.325448146206327, 7642570.493271828629076 ], [ 425460.035286810365506, 7642561.122070288285613 ], [ 425467.550645287614316, 7642552.393685288727283 ], [ 425472.990199757914525, 7642546.982366669923067 ], [ 425481.715507863555104, 7642539.564799307845533 ], [ 425491.000638898171019, 7642532.982836649753153 ], [ 425500.744809260359034, 7642527.180594542995095 ], [ 425510.854250709118787, 7642522.099360389634967 ], [ 425521.24025457224343, 7642517.680458248592913 ], [ 425531.817675567057449, 7642513.86649557761848 ], [ 425542.503592896042392, 7642510.60187535174191 ], [ 425556.807128291169647, 7642507.009987032040954 ], [ 425581.91269728372572, 7642502.527940075844526 ], [ 425610.634614561160561, 7642499.677978444844484 ], [ 425646.463072151178494, 7642498.510940085165203 ], [ 425696.236729640164413, 7642499.277764644473791 ], [ 425742.488348985090852, 7642501.378639202564955 ], [ 425773.992290030175354, 7642504.448655843734741 ] ] ] } },
{ "type": "Feature", "properties": { "fid": 416.0, "COMPR_M": 420.33, "CLASSE": "03 - Média", "CD_FAZ": "400023", "TALHOES": "1", "FAZ_tAL": "400023001", "ID_LINHA": 157613 }, "geometry": { "type": "MultiLineString", "coordinates": [ [ [ 425446.355391721415799, 7642660.3366146851331 ], [ 425446.189820627798326, 7642646.287387887015939 ], [ 425446.745868384023197, 7642636.012155313044786 ], [ 425447.960383123659994, 7642625.884122099727392 ], [ 425449.90567676781211, 7642615.938259851187468 ], [ 425452.654635510873049, 7642606.203183107078075 ], [ 425456.257392075203825, 7642596.693128725513816 ], [ 425464.073821165715344, 7642581.566908171400428 ], [ 425469.775486758386251, 7642573.09049379453063 ], [ 425476.176984187157359, 7642565.185076199471951 ], [ 425483.229074111557566, 7642557.946952220052481 ], [ 425488.278417380643077, 7642553.520455291494727 ], [ 425496.352257638296578, 7642547.446548270061612 ], [ 425504.962826591741759, 7642542.01689089089632 ], [ 425514.034227759693749, 7642537.195040448568761 ], [ 425523.486876336100977, 7642532.944947101175785 ], [ 425543.204994393105153, 7642526.012136328965425 ], [ 425566.864132257993333, 7642520.228382689878345 ], [ 425590.840349537960719, 7642516.511811129748821 ], [ 425618.56704795290716, 7642514.245712660253048 ], [ 425657.082133615855128, 7642513.517107864841819 ], [ 425713.366866467113141, 7642514.884628577157855 ], [ 425751.979098155046813, 7642517.134205382317305 ], [ 425780.947879861225374, 7642520.677980612032115 ] ] ] } },
{ "type": "Feature", "properties": { "fid": 417.0, "COMPR_M": 438.16, "CLASSE": "03 - Média", "CD_FAZ": "400023", "TALHOES": "1", "FAZ_tAL": "400023001", "ID_LINHA": 157614 }, "geometry": { "type": "MultiLineString", "coordinates": [ [ [ 425434.587187909462955, 7642664.943961252458394 ], [ 425434.317449969414156, 7642642.322152497246861 ], [ 425435.142741100979038, 7642631.327794332057238 ], [ 425436.717184886161704, 7642620.397271972149611 ], [ 425439.133667018497363, 7642609.574175976216793 ], [ 425442.477840082661714, 7642598.917057251557708 ], [ 425445.228500683966558, 7642591.960982490330935 ], [ 425450.103340019588359, 7642581.825261959806085 ], [ 425455.839076164702419, 7642572.131431549787521 ], [ 425462.395029265200719, 7642562.975071465596557 ], [ 425469.732067066826858, 7642554.453675584867597 ], [ 425475.037974628503434, 7642549.175283779390156 ], [ 425483.553516800049692, 7642541.936224130913615 ], [ 425492.633805727062281, 7642535.499649869278073 ], [ 425502.183704741182737, 7642529.813245417550206 ], [ 425512.112754076253623, 7642524.822809560224414 ], [ 425522.333867005771026, 7642520.47416552901268 ], [ 425532.762332406884525, 7642516.713992137461901 ], [ 425543.314922141842544, 7642513.490165235474706 ], [ 425557.459563624754082, 7642509.938247026875615 ], [ 425582.322263529058546, 7642505.499892888590693 ], [ 425610.829126932425424, 7642502.671687196940184 ], [ 425646.479670989909209, 7642501.510901313275099 ], [ 425696.147790967253968, 7642502.276447405107319 ], [ 425742.288624157663435, 7642504.371993128210306 ], [ 425760.12589162401855, 7642505.834884842857718 ], [ 425775.373564525856636, 7642507.671553244814277 ] ] ] } },
{ "type": "Feature", "properties": { "fid": 418.0, "COMPR_M": 424.78, "CLASSE": "03 - Média", "CD_FAZ": "400023", "TALHOES": "1", "FAZ_tAL": "400023001", "ID_LINHA": 157615 }, "geometry": { "type": "MultiLineString", "coordinates": [ [ [ 425443.411148423270788, 7642661.489309646189213 ], [ 425443.138095133122988, 7642649.720817894674838 ], [ 425443.496967523184139, 7642639.230230432003736 ], [ 425444.503363412572071, 7642628.849937811493874 ], [ 425446.23483151581604, 7642618.617323143407702 ], [ 425448.768759075494017, 7642608.567767581902444 ], [ 425452.172474021324888, 7642598.731244565919042 ], [ 425459.733328491565771, 7642583.011692764237523 ], [ 425465.329862429760396, 7642574.146736583672464 ], [ 425471.665289919241332, 7642565.827849077060819 ], [ 425478.692849322862457, 7642558.152834285050631 ], [ 425483.741038809355814, 7642553.438663463108242 ], [ 425491.828874197788537, 7642546.974330442026258 ], [ 425500.470568995398935, 7642541.198971711099148 ], [ 425509.586958352243528, 7642536.071537669748068 ], [ 425519.096891487890389, 7642531.551422392018139 ], [ 425538.965674071805552, 7642524.16948179807514 ], [ 425562.848590782494284, 7642517.981742091476917 ], [ 425587.018730194307864, 7642513.956393761560321 ], [ 425614.912592614477035, 7642511.438617531210184 ], [ 425653.575820881233085, 7642510.501472910866141 ], [ 425706.445215003972407, 7642511.61790061276406 ], [ 425748.72393843322061, 7642513.85944084636867 ], [ 425766.18604220834095, 7642515.548103917390108 ], [ 425779.545056144299451, 7642517.404802888631821 ] ] ] } },
{ "type": "Feature", "properties": { "fid": 419.0, "COMPR_M": 433.69, "CLASSE": "03 - Média", "CD_FAZ": "400023", "TALHOES": "1", "FAZ_tAL": "400023001", "ID_LINHA": 157616 }, "geometry": { "type": "MultiLineString", "coordinates": [ [ [ 425437.522661828435957, 7642663.794699571095407 ], [ 425437.137957403552718, 7642649.685120266862214 ], [ 425437.509003432583995, 7642638.845282128080726 ], [ 425438.554277681629173, 7642628.06672892626375 ], [ 425440.361299159238115, 7642617.389348953962326 ], [ 425443.017748347541783, 7642606.855032436549664 ], [ 425446.592270338500384, 7642596.52470844052732 ], [ 425451.065647070179693, 7642586.498358412645757 ], [ 425454.525537696841639, 7642580.030697192065418 ], [ 425460.400099866790697, 7642570.725460860878229 ], [ 425467.058975673746318, 7642561.98206546716392 ], [ 425474.460759422800038, 7642553.898621127009392 ], [ 425479.785311516840011, 7642548.926355076953769 ], [ 425485.391525733401068, 7642544.307648953050375 ], [ 425494.266972555604298, 7642538.016463089734316 ], [ 425503.622600222704932, 7642532.445896291173995 ], [ 425513.371257439895999, 7642527.546258732676506 ], [ 425523.427479438949376, 7642523.267872802913189 ], [ 425533.706989246653393, 7642519.561488702893257 ], [ 425544.126251385197975, 7642516.378455119207501 ], [ 425558.111998959560879, 7642512.866507019847631 ], [ 425582.731829773867503, 7642508.471845706924796 ], [ 425611.023639303864911, 7642505.665395949035883 ], [ 425628.753967796510551, 7642504.824934159405529 ], [ 425650.044102898682468, 7642504.498978637158871 ], [ 425699.592355492990464, 7642505.383343302644789 ], [ 425745.640766984899528, 7642507.61137568205595 ], [ 425776.758724692743272, 7642510.90351699385792 ] ] ] } },
{ "type": "Feature", "properties": { "fid": 420.0, "COMPR_M": 429.23, "CLASSE": "03 - Média", "CD_FAZ": "400023", "TALHOES": "1", "FAZ_tAL": "400023001", "ID_LINHA": 157617 }, "geometry": { "type": "MultiLineString", "coordinates": [ [ [ 425440.466905125824269, 7642662.642004611901939 ], [ 425440.138026268279646, 7642649.702969080768526 ], [ 425440.502985477796756, 7642639.037756280973554 ], [ 425441.528820546925999, 7642628.458333367481828 ], [ 425443.298065338109154, 7642618.003336047753692 ], [ 425445.893253711168654, 7642607.71140000782907 ], [ 425449.382372179999948, 7642597.627976503223181 ], [ 425453.750617210345808, 7642587.837304621934891 ], [ 425457.129433093883563, 7642581.521194975823164 ], [ 425462.864981148799416, 7642572.436098722741008 ], [ 425469.362132797075901, 7642563.90495727211237 ], [ 425476.576804373878986, 7642556.025727706961334 ], [ 425481.763175162195694, 7642551.182509269565344 ], [ 425490.060032802750356, 7642544.550900457426906 ], [ 425498.903537255595438, 7642538.640478927642107 ], [ 425508.209845704084728, 7642533.406066237017512 ], [ 425517.895115329301916, 7642528.802483947016299 ], [ 425538.067166840017308, 7642521.307096814736724 ], [ 425562.233693251735531, 7642515.045373565517366 ], [ 425586.639840913470834, 7642510.98037732206285 ], [ 425614.740107284742408, 7642508.443560726940632 ], [ 425653.583555501885712, 7642507.501477622427046 ], [ 425706.552916225453373, 7642508.619832610711455 ], [ 425748.957758724631276, 7642510.868551637977362 ], [ 425778.150103838124778, 7642514.149991351179779 ] ] ] } },
{ "type": "Feature", "properties": { "fid": 421.0, "COMPR_M": 85.49, "CLASSE": "01 - Muito curta", "CD_FAZ": "400023", "TALHOES": "1", "FAZ_tAL": "400023001", "ID_LINHA": 157618 }, "geometry": { "type": "MultiLineString", "coordinates": [ [ [ 424457.884458600368816, 7642817.779778618365526 ], [ 424469.111046297010034, 7642807.89100693166256 ], [ 424477.151929778745398, 7642799.12618488445878 ], [ 424483.993884392955806, 7642789.601231694221497 ], [ 424488.354899274301715, 7642781.450477335602045 ], [ 424491.521193921216764, 7642772.841529245488346 ], [ 424493.31120987329632, 7642763.801996159367263 ], [ 424493.637246231432073, 7642754.527491139248013 ], [ 424492.326834801759105, 7642744.700577395036817 ] ] ] } }
]
}
