{
"type": "FeatureCollection",
"name": "400292",
"crs": { "type": "name", "properties": { "name": "urn:ogc:def:crs:EPSG::32722" } },
"xy_coordinate_resolution": 1e-15,
"features": [
{ "type": "Feature", "properties": { "fid": 1.0, "COMPR_M": 824.96, "CLASSE": "04 - Longa", "CD_FAZ": "400292", "TALHOES": "1", "FAZ_tAL": "400292001", "ID_LINHA": 95767 }, "geometry": { "type": "MultiLineString", "coordinates": [ [ [ 413402.78385742608225, 7632315.476348725147545 ], [ 413487.116637130558956, 7632310.463882487267256 ], [ 413566.996566551271826, 7632304.854127304628491 ], [ 413620.204752398421988, 7632300.358425660058856 ], [ 413673.231674904935062, 7632294.416460476815701 ], [ 413699.626966323237866, 7632290.618108481168747 ], [ 413725.918040249380283, 7632286.133535253815353 ], [ 413752.093816005799454, 7632280.965919433161616 ], [ 413778.145945405587554, 7632275.154027620330453 ], [ 413804.066083622921724, 7632268.736670202575624 ], [ 413855.468781091563869, 7632254.213573977351189 ], [ 413880.899084635544568, 7632246.06774215772748 ], [ 413906.098196293576621, 7632237.253835717216134 ], [ 413931.027544101001695, 7632227.710621597245336 ], [ 413955.648556093452498, 7632217.376866741105914 ], [ 413979.921193259244319, 7632206.197985028848052 ], [ 414003.795777139195707, 7632194.163065153174102 ], [ 414027.218738410738297, 7632181.278824667446315 ], [ 414050.136496930557769, 7632167.552030163817108 ], [ 414072.495472553593572, 7632152.989448238164186 ], [ 414094.250874671794008, 7632137.604388112202287 ], [ 414115.439279827405699, 7632121.470725940540433 ], [ 414136.141315955086611, 7632104.695128252729774 ], [ 414171.072985359525774, 7632074.386605176143348 ] ] ] } },
{ "type": "Feature", "properties": { "fid": 3.0, "COMPR_M": 190.7, "CLASSE": "02 - Curta", "CD_FAZ": "400292", "TALHOES": "1", "FAZ_tAL": "400292001", "ID_LINHA": 95768 }, "geometry": { "type": "MultiLineString", "coordinates": [ [ [ 413393.922143644769676, 7632114.661332122981548 ], [ 413500.072616833087523, 7632108.164755383506417 ], [ 413584.117034494294785, 7632101.779165958985686 ] ] ] } },
{ "type": "Feature", "properties": { "fid": 4.0, "COMPR_M": 254.21, "CLASSE": "02 - Curta", "CD_FAZ": "400292", "TALHOES": "1", "FAZ_tAL": "400292001", "ID_LINHA": 95769 }, "geometry": { "type": "MultiLineString", "coordinates": [ [ [ 413393.975799084291793, 7632117.662843591533601 ], [ 413474.371076592186, 7632112.874232122674584 ], [ 413551.78403179597808, 7632107.438650911673903 ], [ 413601.269757832633331, 7632103.261263813823462 ], [ 413647.303261533030309, 7632098.108043419197202 ] ] ] } },
{ "type": "Feature", "properties": { "fid": 5.0, "COMPR_M": 282.81, "CLASSE": "02 - Curta", "CD_FAZ": "400292", "TALHOES": "1", "FAZ_tAL": "400292001", "ID_LINHA": 95770 }, "geometry": { "type": "MultiLineString", "coordinates": [ [ [ 413394.029454523988534, 7632120.664355060085654 ], [ 413500.480769065325148, 7632114.150867992080748 ], [ 413577.195454884669743, 7632108.420301012694836 ], [ 413625.034698078292422, 7632103.830282075330615 ], [ 413647.612392255861778, 7632101.094461482018232 ], [ 413675.639388790470548, 7632096.893295205198228 ] ] ] } },
{ "type": "Feature", "properties": { "fid": 6.0, "COMPR_M": 305.51, "CLASSE": "03 - Média", "CD_FAZ": "400292", "TALHOES": "1", "FAZ_tAL": "400292001", "ID_LINHA": 95771 }, "geometry": { "type": "MultiLineString", "coordinates": [ [ [ 413394.083109962521121, 7632123.665866523981094 ], [ 413500.684845181414858, 7632117.143924295902252 ], [ 413552.245017697219737, 7632113.420938078314066 ], [ 413601.843545546580572, 7632109.233905080705881 ], [ 413648.006535065942444, 7632104.068646082654595 ], [ 413669.806159328436479, 7632100.931622704491019 ], [ 413698.029763531638309, 7632095.933436877094209 ] ] ] } },
{ "type": "Feature", "properties": { "fid": 7.0, "COMPR_M": 324.97, "CLASSE": "03 - Média", "CD_FAZ": "400292", "TALHOES": "1", "FAZ_tAL": "400292001", "ID_LINHA": 95772 }, "geometry": { "type": "MultiLineString", "coordinates": [ [ [ 413394.136765402450692, 7632126.667377992533147 ], [ 413500.888921297853813, 7632120.136980600655079 ], [ 413552.475510647695046, 7632116.412081656977534 ], [ 413602.130439403641503, 7632112.220225714147091 ], [ 413648.400677874917164, 7632107.042830681428313 ], [ 413670.272109437850304, 7632103.895474042743444 ], [ 413691.719633095373865, 7632100.237084483727813 ], [ 413717.159479785477743, 7632095.113360499031842 ] ] ] } },
{ "type": "Feature", "properties": { "fid": 8.0, "COMPR_M": 342.54, "CLASSE": "03 - Média", "CD_FAZ": "400292", "TALHOES": "1", "FAZ_tAL": "400292001", "ID_LINHA": 95773 }, "geometry": { "type": "MultiLineString", "coordinates": [ [ [ 413394.190420841856394, 7632129.668889460153878 ], [ 413526.975721286376938, 7632121.315394338220358 ], [ 413577.953200576710515, 7632117.388443522155285 ], [ 413626.03698481770698, 7632112.774664294905961 ], [ 413670.738059547089506, 7632106.859325383789837 ], [ 413692.262464956147596, 7632103.187821798026562 ], [ 413734.367173938197084, 7632094.348292684182525 ] ] ] } },
{ "type": "Feature", "properties": { "fid": 9.0, "COMPR_M": 358.95, "CLASSE": "03 - Média", "CD_FAZ": "400292", "TALHOES": "1", "FAZ_tAL": "400292001", "ID_LINHA": 95774 }, "geometry": { "type": "MultiLineString", "coordinates": [ [ [ 413394.244076281436719, 7632132.670400927774608 ], [ 413527.191797284700442, 7632124.307609329000115 ], [ 413578.205782473203726, 7632120.377824355848134 ], [ 413626.371080399840139, 7632115.756125031039119 ], [ 413671.204009656095877, 7632109.82317672483623 ], [ 413692.805296816281043, 7632106.138559112325311 ], [ 413714.443544000736438, 7632101.866741169244051 ], [ 413750.35642806586111, 7632093.50896274112165 ] ] ] } },
{ "type": "Feature", "properties": { "fid": 10.0, "COMPR_M": 374.44, "CLASSE": "03 - Média", "CD_FAZ": "400292", "TALHOES": "1", "FAZ_tAL": "400292001", "ID_LINHA": 95775 }, "geometry": { "type": "MultiLineString", "coordinates": [ [ [ 413394.297731719852891, 7632135.671912393532693 ], [ 413527.407873284537345, 7632127.299824317917228 ], [ 413578.458364369813353, 7632123.367205190472305 ], [ 413626.705175977956969, 7632118.73758577182889 ], [ 413671.669959766208194, 7632112.787028062157333 ], [ 413693.348128675948828, 7632109.089296424761415 ], [ 413736.914943081443198, 7632099.927409125491977 ], [ 413765.41844912833767, 7632092.718306392431259 ] ] ] } },
{ "type": "Feature", "properties": { "fid": 11.0, "COMPR_M": 389.11, "CLASSE": "03 - Média", "CD_FAZ": "400292", "TALHOES": "1", "FAZ_tAL": "400292001", "ID_LINHA": 95776 }, "geometry": { "type": "MultiLineString", "coordinates": [ [ [ 413394.351387159724254, 7632138.673423858359456 ], [ 413475.722878468106501, 7632133.830710190348327 ], [ 413553.39748244988732, 7632128.376655983738601 ], [ 413603.278014831827022, 7632124.16550824791193 ], [ 413649.977249115763698, 7632118.939569079317153 ], [ 413672.135909875389189, 7632115.750879405066371 ], [ 413715.677979148284066, 7632107.738845374435186 ], [ 413737.60212645289721, 7632102.847852769307792 ], [ 413779.6485167274368, 7632091.971322088502347 ] ] ] } },
{ "type": "Feature", "properties": { "fid": 12.0, "COMPR_M": 402.72, "CLASSE": "03 - Média", "CD_FAZ": "400292", "TALHOES": "1", "FAZ_tAL": "400292001", "ID_LINHA": 95777 }, "geometry": { "type": "MultiLineString", "coordinates": [ [ [ 413394.405042599071749, 7632141.674935324117541 ], [ 413475.915993020986207, 7632136.824492773041129 ], [ 413553.627975401526783, 7632131.36779956612736 ], [ 413603.564908689120784, 7632127.151828884147108 ], [ 413650.371391925611533, 7632121.913753679022193 ], [ 413672.601859983056784, 7632118.714730741456151 ], [ 413716.295196722669061, 7632110.674897476099432 ], [ 413760.403047446801793, 7632100.293334938585758 ], [ 413792.784444188000634, 7632091.281772897578776 ] ] ] } },
{ "type": "Feature", "properties": { "fid": 13.0, "COMPR_M": 416.05, "CLASSE": "03 - Média", "CD_FAZ": "400292", "TALHOES": "1", "FAZ_tAL": "400292001", "ID_LINHA": 95778 }, "geometry": { "type": "MultiLineString", "coordinates": [ [ [ 413394.492972230131272, 7632144.674583982676268 ], [ 413476.109107574215159, 7632139.818275354802608 ], [ 413553.858468353981152, 7632134.358943147584796 ], [ 413603.85180254583247, 7632130.138149517588317 ], [ 413650.765534735575784, 7632124.887938281521201 ], [ 413673.067810093110893, 7632121.678582083433867 ], [ 413716.912414296821225, 7632113.610949581488967 ], [ 413761.155858415237162, 7632103.197530372068286 ], [ 413805.674523099907674, 7632090.60512912645936 ] ] ] } },
{ "type": "Feature", "properties": { "fid": 14.0, "COMPR_M": 428.28, "CLASSE": "03 - Média", "CD_FAZ": "400292", "TALHOES": "1", "FAZ_tAL": "400292001", "ID_LINHA": 95779 }, "geometry": { "type": "MultiLineString", "coordinates": [ [ [ 413394.587193196988665, 7632147.673890705220401 ], [ 413476.302222127851564, 7632142.812057934701443 ], [ 413554.088961303816177, 7632137.350086729973555 ], [ 413604.138696403300855, 7632133.124470153823495 ], [ 413651.159677545772865, 7632127.862122882157564 ], [ 413695.51945611264091, 7632120.892245679162443 ], [ 413739.663676569180097, 7632111.609183693304658 ], [ 413784.165347987553105, 7632100.072076288983226 ], [ 413817.436427518900018, 7632089.987707044929266 ] ] ] } },
{ "type": "Feature", "properties": { "fid": 15.0, "COMPR_M": 440.58, "CLASSE": "03 - Média", "CD_FAZ": "400292", "TALHOES": "1", "FAZ_tAL": "400292001", "ID_LINHA": 95780 }, "geometry": { "type": "MultiLineString", "coordinates": [ [ [ 413394.681414163671434, 7632150.67319742962718 ], [ 413476.495336681895424, 7632145.805840516462922 ], [ 413554.319454253825825, 7632140.341230310499668 ], [ 413604.425590260128956, 7632136.110790787264705 ], [ 413651.553820355504286, 7632130.836307479999959 ], [ 413696.062287972716149, 7632123.842982994392514 ], [ 413740.350859941681847, 7632114.529627334326506 ], [ 413784.981071373156738, 7632102.959227858111262 ], [ 413829.261389737366699, 7632089.327224519103765 ] ] ] } },
{ "type": "Feature", "properties": { "fid": 16.0, "COMPR_M": 452.08, "CLASSE": "03 - Média", "CD_FAZ": "400292", "TALHOES": "1", "FAZ_tAL": "400292001", "ID_LINHA": 95781 }, "geometry": { "type": "MultiLineString", "coordinates": [ [ [ 413394.775635130237788, 7632153.672504149377346 ], [ 413502.72560634301044, 7632147.074487341567874 ], [ 413579.973855750984512, 7632141.303490201942623 ], [ 413628.709749459521845, 7632136.626350208185613 ], [ 413674.465660421876237, 7632130.570136103779078 ], [ 413718.764067017124034, 7632122.419105888344347 ], [ 413763.414291320950724, 7632111.910116680897772 ], [ 413807.889416076242924, 7632099.346104115247726 ], [ 413840.2331629532855, 7632088.667837330140173 ] ] ] } },
{ "type": "Feature", "properties": { "fid": 17.0, "COMPR_M": 463.57, "CLASSE": "03 - Média", "CD_FAZ": "400292", "TALHOES": "1", "FAZ_tAL": "400292001", "ID_LINHA": 95782 }, "geometry": { "type": "MultiLineString", "coordinates": [ [ [ 413394.869856096629519, 7632156.671810870990157 ], [ 413502.929682457703166, 7632150.067543646320701 ], [ 413580.226437645673286, 7632144.292871038429439 ], [ 413629.04384504002519, 7632139.607810946181417 ], [ 413674.931610531057231, 7632133.53398744482547 ], [ 413719.381284590926953, 7632125.355157990008593 ], [ 413764.167102289502509, 7632114.814312115311623 ], [ 413808.770515428390354, 7632102.214020224288106 ], [ 413851.20493616827298, 7632088.008450139313936 ] ] ] } },
{ "type": "Feature", "properties": { "fid": 18.0, "COMPR_M": 474.1, "CLASSE": "03 - Média", "CD_FAZ": "400292", "TALHOES": "1", "FAZ_tAL": "400292001", "ID_LINHA": 95783 }, "geometry": { "type": "MultiLineString", "coordinates": [ [ [ 413394.964077063603327, 7632159.671117592602968 ], [ 413503.133758575422689, 7632153.060599951073527 ], [ 413580.479019544553012, 7632147.282251873984933 ], [ 413629.377940618374851, 7632142.589271686971188 ], [ 413675.397560640587471, 7632136.497838784009218 ], [ 413719.998502165777609, 7632128.291210094466805 ], [ 413764.919913257879671, 7632117.71850754879415 ], [ 413809.65161478013033, 7632105.081936333328485 ], [ 413831.344059156079311, 7632098.133415121585131 ], [ 413861.180740233045071, 7632087.408919211477041 ] ] ] } },
{ "type": "Feature", "properties": { "fid": 19.0, "COMPR_M": 484.62, "CLASSE": "03 - Média", "CD_FAZ": "400292", "TALHOES": "1", "FAZ_tAL": "400292001", "ID_LINHA": 95784 }, "geometry": { "type": "MultiLineString", "coordinates": [ [ [ 413395.058298030402511, 7632162.670424312353134 ], [ 413503.337834691570606, 7632156.053656253963709 ], [ 413580.731601440289523, 7632150.271632708609104 ], [ 413629.712036199925933, 7632145.570732425898314 ], [ 413675.863510750001296, 7632139.461690125986934 ], [ 413720.615719739696942, 7632131.227262199856341 ], [ 413765.672724226722494, 7632120.622702986001968 ], [ 413810.532714132918045, 7632107.94985244050622 ], [ 413832.297040415112861, 7632100.978306025266647 ], [ 413871.134830725728534, 7632086.810693234205246 ] ] ] } },
{ "type": "Feature", "properties": { "fid": 20.0, "COMPR_M": 494.56, "CLASSE": "03 - Média", "CD_FAZ": "400292", "TALHOES": "1", "FAZ_tAL": "400292001", "ID_LINHA": 95785 }, "geometry": { "type": "MultiLineString", "coordinates": [ [ [ 413395.152518995746505, 7632165.66973103582859 ], [ 413503.541910807427485, 7632159.046712561510503 ], [ 413580.984183337539434, 7632153.261013545095921 ], [ 413630.046131779323332, 7632148.552193163894117 ], [ 413676.329460858367383, 7632142.425541466102004 ], [ 413721.232937312801369, 7632134.163314299657941 ], [ 413743.78677680232795, 7632129.131845542229712 ], [ 413789.059688306355383, 7632117.394985713064671 ], [ 413833.250021674088202, 7632103.823196928948164 ], [ 413854.512180915451609, 7632096.386320391669869 ], [ 413880.482015553337988, 7632086.248941382393241 ] ] ] } },
{ "type": "Feature", "properties": { "fid": 21.0, "COMPR_M": 503.88, "CLASSE": "03 - Média", "CD_FAZ": "400292", "TALHOES": "1", "FAZ_tAL": "400292001", "ID_LINHA": 95786 }, "geometry": { "type": "MultiLineString", "coordinates": [ [ [ 413395.246739963535219, 7632168.669037757441401 ], [ 413503.74598692310974, 7632162.039768863469362 ], [ 413581.236765234963968, 7632156.250394379720092 ], [ 413630.380227360583376, 7632151.533653903752565 ], [ 413676.795410968596116, 7632145.389392804354429 ], [ 413721.850154886953533, 7632137.099366403184831 ], [ 413744.473960174713284, 7632132.052289185114205 ], [ 413789.875411692250054, 7632120.282137280330062 ], [ 413834.203002932830714, 7632106.668087833561003 ], [ 413855.543901223107241, 7632099.203670701012015 ], [ 413889.223090251267422, 7632085.833725852891803 ] ] ] } },
{ "type": "Feature", "properties": { "fid": 22.0, "COMPR_M": 513.14, "CLASSE": "03 - Média", "CD_FAZ": "400292", "TALHOES": "1", "FAZ_tAL": "400292001", "ID_LINHA": 95787 }, "geometry": { "type": "MultiLineString", "coordinates": [ [ [ 413395.340960929286666, 7632171.668344479985535 ], [ 413503.950063039781526, 7632165.032825170084834 ], [ 413555.932904909946956, 7632161.279235382564366 ], [ 413606.433847259671893, 7632157.015035225078464 ], [ 413654.312820025603287, 7632151.655599679797888 ], [ 413677.261361077253241, 7632148.35324414819479 ], [ 413699.862110990390647, 7632144.498144192621112 ], [ 413745.161143546516541, 7632134.972732826136053 ], [ 413767.931157131795771, 7632129.335289293900132 ], [ 413813.176012189302128, 7632116.553600767627358 ], [ 413835.155984192620963, 7632109.512978740036488 ], [ 413856.575621530006174, 7632102.021021004766226 ], [ 413877.408738209458534, 7632094.045886846259236 ], [ 413897.903239054605365, 7632085.433653188869357 ] ] ] } },
{ "type": "Feature", "properties": { "fid": 23.0, "COMPR_M": 521.67, "CLASSE": "03 - Média", "CD_FAZ": "400292", "TALHOES": "1", "FAZ_tAL": "400292001", "ID_LINHA": 95788 }, "geometry": { "type": "MultiLineString", "coordinates": [ [ [ 413395.434982356615365, 7632174.667662044987082 ], [ 413504.154139156918973, 7632168.025881472975016 ], [ 413556.163397862110287, 7632164.270378964021802 ], [ 413606.720741116965655, 7632160.001355858519673 ], [ 413654.706962834694423, 7632154.629784280434251 ], [ 413677.727311186259612, 7632151.317095486447215 ], [ 413700.404942849825602, 7632147.448881505057216 ], [ 413745.848326918436214, 7632137.893176469951868 ], [ 413768.683968100813217, 7632132.23948473110795 ], [ 413814.057111540692858, 7632119.421516872942448 ], [ 413836.108965451596305, 7632112.357869641855359 ], [ 413857.607341838185675, 7632104.838371310383081 ], [ 413878.525796664878726, 7632096.830568820238113 ], [ 413905.816111837862991, 7632085.09221806190908 ] ] ] } },
{ "type": "Feature", "properties": { "fid": 24.0, "COMPR_M": 530.03, "CLASSE": "03 - Média", "CD_FAZ": "400292", "TALHOES": "1", "FAZ_tAL": "400292001", "ID_LINHA": 95789 }, "geometry": { "type": "MultiLineString", "coordinates": [ [ [ 413395.578404222265817, 7632177.664294686168432 ], [ 413504.358215271844529, 7632171.018937777727842 ], [ 413556.393890811712481, 7632167.261522546410561 ], [ 413607.007634973619133, 7632162.987676493823528 ], [ 413655.101105645298958, 7632157.603968880139291 ], [ 413678.193261295789853, 7632154.280946825630963 ], [ 413700.947774709376972, 7632150.399618818424642 ], [ 413746.535510290472303, 7632140.813620109111071 ], [ 413769.436779068957549, 7632135.143680164590478 ], [ 413814.938210893131327, 7632122.289432983845472 ], [ 413837.061946711095516, 7632115.202760548330843 ], [ 413858.639062144269701, 7632107.655721615068614 ], [ 413879.642855121172033, 7632099.615250796079636 ], [ 413900.064595361065585, 7632091.043984208256006 ], [ 413913.612918725935742, 7632084.804237648844719 ] ] ] } },
{ "type": "Feature", "properties": { "fid": 25.0, "COMPR_M": 538.38, "CLASSE": "03 - Média", "CD_FAZ": "400292", "TALHOES": "1", "FAZ_tAL": "400292001", "ID_LINHA": 95790 }, "geometry": { "type": "MultiLineString", "coordinates": [ [ [ 413395.721826090535615, 7632180.660927331075072 ], [ 413504.562291388458107, 7632174.011994078755379 ], [ 413556.624383762129582, 7632170.252666125074029 ], [ 413607.294528831029311, 7632165.973997127264738 ], [ 413655.495248456078116, 7632160.578153478913009 ], [ 413678.659211404970847, 7632157.244798166677356 ], [ 413701.49060656898655, 7632153.350356133654714 ], [ 413747.222693663206883, 7632143.734063751064241 ], [ 413770.189590038266033, 7632138.047875599004328 ], [ 413815.819310244580265, 7632125.157349094748497 ], [ 413838.014927970361896, 7632118.047651451081038 ], [ 413859.670782453555148, 7632110.473071923479438 ], [ 413880.759913577698171, 7632102.39993276912719 ], [ 413901.272942334297113, 7632093.790351217612624 ], [ 413921.397847776766866, 7632084.516695951111615 ] ] ] } },
{ "type": "Feature", "properties": { "fid": 26.0, "COMPR_M": 546.18, "CLASSE": "03 - Média", "CD_FAZ": "400292", "TALHOES": "1", "FAZ_tAL": "400292001", "ID_LINHA": 95791 }, "geometry": { "type": "MultiLineString", "coordinates": [ [ [ 413395.865247956942767, 7632183.657559972256422 ], [ 413504.766367504838854, 7632177.005050387233496 ], [ 413556.854876714525744, 7632173.243809709325433 ], [ 413607.581422687857412, 7632168.960317759774625 ], [ 413655.889391265693121, 7632163.552338079549372 ], [ 413679.12516151467571, 7632160.208649506792426 ], [ 413702.033438428712543, 7632156.301093446090817 ], [ 413747.909877034719102, 7632146.654507391154766 ], [ 413770.942401006177533, 7632140.952071035280824 ], [ 413816.700409597018734, 7632128.025265199132264 ], [ 413838.967909229453653, 7632120.892542354762554 ], [ 413860.702502761385404, 7632113.290422230958939 ], [ 413881.87697203370044, 7632105.184614743106067 ], [ 413902.481289307586849, 7632096.536718232557178 ], [ 413928.589501111069694, 7632084.251067302189767 ] ] ] } },
{ "type": "Feature", "properties": { "fid": 27.0, "COMPR_M": 554.04, "CLASSE": "03 - Média", "CD_FAZ": "400292", "TALHOES": "1", "FAZ_tAL": "400292001", "ID_LINHA": 95792 }, "geometry": { "type": "MultiLineString", "coordinates": [ [ [ 413396.008669824048411, 7632186.654192613437772 ], [ 413504.970443619647995, 7632179.998106691986322 ], [ 413557.085369664477184, 7632176.234953293576837 ], [ 413607.868316545325797, 7632171.946638396009803 ], [ 413656.283534075424541, 7632166.526522681117058 ], [ 413679.591111624089535, 7632163.172500848770142 ], [ 413702.576270288554952, 7632159.251830760389566 ], [ 413725.553460329771042, 7632154.71567901968956 ], [ 413771.695211975194979, 7632143.856266468763351 ], [ 413817.581508949690033, 7632130.893181309103966 ], [ 413839.920890487730503, 7632123.737433260306716 ], [ 413861.734223068517167, 7632116.107772536575794 ], [ 413882.994030489353463, 7632107.969296716153622 ], [ 413903.689636279828846, 7632099.283085241913795 ], [ 413935.831672007974703, 7632083.959973292425275 ] ] ] } },
{ "type": "Feature", "properties": { "fid": 28.0, "COMPR_M": 562.1, "CLASSE": "03 - Média", "CD_FAZ": "400292", "TALHOES": "1", "FAZ_tAL": "400292001", "ID_LINHA": 95793 }, "geometry": { "type": "MultiLineString", "coordinates": [ [ [ 413396.152091690630186, 7632189.650825254619122 ], [ 413505.174519736843649, 7632182.991162994876504 ], [ 413557.315862616465893, 7632179.226096872240305 ], [ 413608.155210402212106, 7632174.932959029451013 ], [ 413656.6776768846903, 7632169.500707279890776 ], [ 413680.057061732630245, 7632166.136352189816535 ], [ 413703.119102147698868, 7632162.202568075619638 ], [ 413726.170677904738113, 7632157.651731120422482 ], [ 413772.448022942058742, 7632146.760461907833815 ], [ 413818.462608302128501, 7632133.7610974162817 ], [ 413840.873871748393867, 7632126.5823241667822 ], [ 413862.7659433761728, 7632118.925122843123972 ], [ 413884.111088946461678, 7632110.753978689201176 ], [ 413904.897983252943959, 7632102.029452254995704 ], [ 413925.191529812756926, 7632092.683160174638033 ], [ 413943.254638708720449, 7632083.577742071822286 ] ] ] } },
{ "type": "Feature", "properties": { "fid": 29.0, "COMPR_M": 569.59, "CLASSE": "03 - Média", "CD_FAZ": "400292", "TALHOES": "1", "FAZ_tAL": "400292001", "ID_LINHA": 95794 }, "geometry": { "type": "MultiLineString", "coordinates": [ [ [ 413396.295513557211962, 7632192.647457899525762 ], [ 413505.378595853107981, 7632185.984219299629331 ], [ 413557.546355565951671, 7632182.217240454629064 ], [ 413608.442104259156622, 7632177.919279662892222 ], [ 413657.071819694887381, 7632172.474891879595816 ], [ 413680.523011841578409, 7632169.100203529000282 ], [ 413703.661934007075615, 7632165.153305385261774 ], [ 413726.787895478191786, 7632160.587783224880695 ], [ 413773.200833912123926, 7632149.664657341316342 ], [ 413819.343707654159516, 7632136.629013527184725 ], [ 413841.826853006903548, 7632129.427215070463717 ], [ 413863.797663683712017, 7632121.742473147809505 ], [ 413885.228147402463946, 7632113.538660665042698 ], [ 413906.106330224894919, 7632104.775819265283644 ], [ 413926.494617038522847, 7632095.385894101113081 ], [ 413950.098509507253766, 7632083.319818079471588 ] ] ] } },
{ "type": "Feature", "properties": { "fid": 30.0, "COMPR_M": 576.81, "CLASSE": "03 - Média", "CD_FAZ": "400292", "TALHOES": "1", "FAZ_tAL": "400292001", "ID_LINHA": 95795 }, "geometry": { "type": "MultiLineString", "coordinates": [ [ [ 413396.457063089474104, 7632195.643105299212039 ], [ 413505.582671969139483, 7632188.977275602519512 ], [ 413557.77684851817321, 7632185.2083840360865 ], [ 413608.728998116159346, 7632180.9056002991274 ], [ 413657.46596250514267, 7632175.449076479300857 ], [ 413680.98896195233101, 7632172.064054869115353 ], [ 413704.204765867092647, 7632168.104042703285813 ], [ 413727.405113052052911, 7632163.523835323750973 ], [ 413750.658610522339586, 7632158.336281958036125 ], [ 413797.216922170540784, 7632146.266501417383552 ], [ 413842.779834266577382, 7632132.272105974145234 ], [ 413864.829383991193026, 7632124.559823453426361 ], [ 413886.345205858000554, 7632116.323342639021575 ], [ 413907.314677197020501, 7632107.522186279296875 ], [ 413927.797704263764899, 7632098.088628023862839 ], [ 413956.695344355190173, 7632083.115018125623465 ] ] ] } },
{ "type": "Feature", "properties": { "fid": 31.0, "COMPR_M": 584.03, "CLASSE": "03 - Média", "CD_FAZ": "400292", "TALHOES": "1", "FAZ_tAL": "400292001", "ID_LINHA": 95796 }, "geometry": { "type": "MultiLineString", "coordinates": [ [ [ 413396.628338474954944, 7632198.638224096037447 ], [ 413505.786748085578438, 7632191.970331907272339 ], [ 413558.007341467833612, 7632188.199527617543936 ], [ 413609.015891972579993, 7632183.89192093256861 ], [ 413657.86010531563079, 7632178.423261079005897 ], [ 413681.45491206087172, 7632175.027906209230423 ], [ 413704.747597726585809, 7632171.054780013859272 ], [ 413728.022330625681207, 7632166.459887430071831 ], [ 413751.345793894957751, 7632161.256725599989295 ], [ 413798.03264555579517, 7632149.153652986511588 ], [ 413843.732815525378101, 7632135.116996879689395 ], [ 413865.861104298499413, 7632127.377173762768507 ], [ 413887.462264313769992, 7632119.108024613931775 ], [ 413908.523024169320706, 7632110.268553289584816 ], [ 413929.10079148854129, 7632100.791361950337887 ], [ 413949.250422858749516, 7632090.634150401689112 ], [ 413963.292179204639979, 7632082.910218168981373 ] ] ] } },
{ "type": "Feature", "properties": { "fid": 32.0, "COMPR_M": 591.25, "CLASSE": "03 - Média", "CD_FAZ": "400292", "TALHOES": "1", "FAZ_tAL": "400292001", "ID_LINHA": 95797 }, "geometry": { "type": "MultiLineString", "coordinates": [ [ [ 413396.799613860144746, 7632201.633342892862856 ], [ 413505.99082420108607, 7632194.963388214819133 ], [ 413558.237834418250713, 7632191.190671199932694 ], [ 413609.302785830339417, 7632186.878241566941142 ], [ 413658.254248125595041, 7632181.397445678710938 ], [ 413681.920862170401961, 7632177.991757549345493 ], [ 413705.290429584798403, 7632174.005517330020666 ], [ 413728.639548199658748, 7632169.395939530804753 ], [ 413752.032977266295347, 7632164.177169241011143 ], [ 413798.848368943203241, 7632152.04080455750227 ], [ 413844.685796785226557, 7632137.961887785233557 ], [ 413866.892824606387876, 7632130.194524070248008 ], [ 413888.579322769714054, 7632121.892706585116684 ], [ 413909.731371142494027, 7632113.014920298941433 ], [ 413930.403878713317681, 7632103.49409587495029 ], [ 413950.649021684424952, 7632093.288737960159779 ], [ 413969.889014052692801, 7632082.705418212339282 ] ] ] } },
{ "type": "Feature", "properties": { "fid": 33.0, "COMPR_M": 598.12, "CLASSE": "03 - Média", "CD_FAZ": "400292", "TALHOES": "1", "FAZ_tAL": "400292001", "ID_LINHA": 95798 }, "geometry": { "type": "MultiLineString", "coordinates": [ [ [ 413396.970889246964362, 7632204.628461690619588 ], [ 413506.194900318339933, 7632197.956444517709315 ], [ 413558.468327369482722, 7632194.181814780458808 ], [ 413609.589679687516764, 7632189.864562200382352 ], [ 413658.648390935035422, 7632184.371630281209946 ], [ 413682.38681227969937, 7632180.955608889460564 ], [ 413705.833261445106473, 7632176.956254644319415 ], [ 413729.256765774043743, 7632172.331991635262966 ], [ 413752.720160639088135, 7632167.097612883895636 ], [ 413799.664092329621781, 7632154.927956130355597 ], [ 413845.638778044260107, 7632140.806778689846396 ], [ 413867.924544914218131, 7632133.011874379590154 ], [ 413889.696381226589438, 7632124.677388559095562 ], [ 413910.939718112524133, 7632115.761287312954664 ], [ 413931.706965938268695, 7632106.196829799562693 ], [ 413952.047620512428693, 7632095.943325517699122 ], [ 413976.093902996275574, 7632082.512786288745701 ] ] ] } },
{ "type": "Feature", "properties": { "fid": 34.0, "COMPR_M": 605.01, "CLASSE": "04 - Longa", "CD_FAZ": "400292", "TALHOES": "1", "FAZ_tAL": "400292001", "ID_LINHA": 95799 }, "geometry": { "type": "MultiLineString", "coordinates": [ [ [ 413397.142164632212371, 7632207.623580487444997 ], [ 413506.39897643274162, 7632200.949500819668174 ], [ 413558.698820321413223, 7632197.172958360984921 ], [ 413609.876573544694111, 7632192.850882833823562 ], [ 413659.042533744708635, 7632187.345814879052341 ], [ 413682.852762388181873, 7632183.919460229575634 ], [ 413706.376093304832466, 7632179.906991956755519 ], [ 413729.873983347555622, 7632175.268043735995889 ], [ 413753.407344011997338, 7632170.018056524917483 ], [ 413800.479815716273151, 7632157.815107699483633 ], [ 413846.591759303119034, 7632143.651669593527913 ], [ 413868.95626522123348, 7632135.829224681481719 ], [ 413890.813439680961892, 7632127.462070534937084 ], [ 413912.148065086745191, 7632118.507654322311282 ], [ 413933.010053163277917, 7632108.899563724175096 ], [ 413953.446219340141397, 7632098.597913075238466 ], [ 413982.30155805463437, 7632082.291621468961239 ] ] ] } },
{ "type": "Feature", "properties": { "fid": 35.0, "COMPR_M": 611.97, "CLASSE": "04 - Longa", "CD_FAZ": "400292", "TALHOES": "1", "FAZ_tAL": "400292001", "ID_LINHA": 95800 }, "geometry": { "type": "MultiLineString", "coordinates": [ [ [ 413397.313440017751418, 7632210.618699286133051 ], [ 413506.603052549471613, 7632203.942557124421 ], [ 413558.929313271539286, 7632200.164101945236325 ], [ 413610.163467401929665, 7632195.837203470058739 ], [ 413659.436676555196755, 7632190.319999476894736 ], [ 413683.31871249829419, 7632186.883311569690704 ], [ 413706.918925164558459, 7632182.85772927198559 ], [ 413730.491200921416748, 7632178.204095838591456 ], [ 413754.094527383567765, 7632172.938500165939331 ], [ 413801.295539102633484, 7632160.70225926861167 ], [ 413847.544740562443621, 7632146.49656049720943 ], [ 413869.987985528830905, 7632138.64657498896122 ], [ 413891.930498138826806, 7632130.246752507984638 ], [ 413913.356412059103604, 7632121.254021333530545 ], [ 413934.313140386482701, 7632111.602297650650144 ], [ 413954.844818168901838, 7632101.252500634640455 ], [ 413974.921371033415198, 7632090.209015047177672 ], [ 413988.568566781934351, 7632082.034906247630715 ] ] ] } },
{ "type": "Feature", "properties": { "fid": 36.0, "COMPR_M": 618.93, "CLASSE": "04 - Longa", "CD_FAZ": "400292", "TALHOES": "1", "FAZ_tAL": "400292001", "ID_LINHA": 95801 }, "geometry": { "type": "MultiLineString", "coordinates": [ [ [ 413397.484715403639711, 7632213.613818084821105 ], [ 413506.80712866463, 7632206.935613431036472 ], [ 413559.159806221723557, 7632203.155245527625084 ], [ 413610.450361258583143, 7632198.823524104431272 ], [ 413659.830819365161005, 7632193.294184079393744 ], [ 413683.784662607591599, 7632189.847162909805775 ], [ 413707.461757024459075, 7632185.808466583490372 ], [ 413731.108418495045044, 7632181.140147941187024 ], [ 413754.781710755312815, 7632175.858943807892501 ], [ 413802.111262489110231, 7632163.589410838671029 ], [ 413848.497721822233871, 7632149.341451399028301 ], [ 413871.019705836311914, 7632141.463925294578075 ], [ 413893.04755659494549, 7632133.031434485688806 ], [ 413914.564759030356072, 7632124.000388342887163 ], [ 413935.616227611782961, 7632114.305031575262547 ], [ 413956.243416996032465, 7632103.907088190317154 ], [ 413976.415581530018244, 7632092.811009606346488 ], [ 413994.835575509816408, 7632081.778191022574902 ] ] ] } },
{ "type": "Feature", "properties": { "fid": 37.0, "COMPR_M": 625.63, "CLASSE": "04 - Longa", "CD_FAZ": "400292", "TALHOES": "1", "FAZ_tAL": "400292001", "ID_LINHA": 95802 }, "geometry": { "type": "MultiLineString", "coordinates": [ [ [ 413397.655990789236967, 7632216.608936881646514 ], [ 413533.24192525743274, 7632208.0896290615201 ], [ 413585.278075583744794, 7632204.080487744882703 ], [ 413635.725756642059423, 7632199.237025729380548 ], [ 413684.250612717238255, 7632192.811014252714813 ], [ 413708.004588883777615, 7632188.759203899651766 ], [ 413755.468894127756357, 7632178.779387449845672 ], [ 413779.223321660421789, 7632172.898220829665661 ], [ 413826.392502470058389, 7632159.572342395782471 ], [ 413849.450703081151005, 7632152.186342306435108 ], [ 413872.051426143036224, 7632144.281275603920221 ], [ 413894.164615049958229, 7632135.816116455942392 ], [ 413915.773106003121939, 7632126.746755358763039 ], [ 413936.919314837141428, 7632117.007765501737595 ], [ 413957.642015823512338, 7632106.561675749719143 ], [ 413977.909792026446667, 7632095.413004167377949 ], [ 414000.807986304571386, 7632081.533543402329087 ] ] ] } },
{ "type": "Feature", "properties": { "fid": 38.0, "COMPR_M": 632.24, "CLASSE": "04 - Longa", "CD_FAZ": "400292", "TALHOES": "1", "FAZ_tAL": "400292001", "ID_LINHA": 95803 }, "geometry": { "type": "MultiLineString", "coordinates": [ [ [ 413397.827266174601391, 7632219.604055676609278 ], [ 413533.458001255523413, 7632211.081844050437212 ], [ 413585.53065747913206, 7632207.069868579506874 ], [ 413636.059852222329937, 7632202.218486469238997 ], [ 413684.716562825371511, 7632195.774865591898561 ], [ 413708.547420743794646, 7632191.709941210225224 ], [ 413756.156077499617822, 7632181.699831090867519 ], [ 413779.976132627751213, 7632175.802416263148189 ], [ 413827.27360182168195, 7632162.440258502960205 ], [ 413850.403684339893516, 7632155.03123321197927 ], [ 413873.083146451623179, 7632147.098625908605754 ], [ 413895.281673507182859, 7632138.600798429921269 ], [ 413916.981452975363936, 7632129.493122369982302 ], [ 413938.222402062674519, 7632119.710499426349998 ], [ 413959.040614651399665, 7632109.216263305395842 ], [ 413979.404002522875089, 7632098.01499872840941 ], [ 414006.673844987992197, 7632081.293260473757982 ] ] ] } },
{ "type": "Feature", "properties": { "fid": 39.0, "COMPR_M": 638.85, "CLASSE": "04 - Longa", "CD_FAZ": "400292", "TALHOES": "1", "FAZ_tAL": "400292001", "ID_LINHA": 95804 }, "geometry": { "type": "MultiLineString", "coordinates": [ [ [ 413397.998541559558362, 7632222.599174473434687 ], [ 413533.674077255069278, 7632214.074059044010937 ], [ 413585.783239376032725, 7632210.059249414131045 ], [ 413636.393947801901959, 7632205.199947210028768 ], [ 413685.182512934610713, 7632198.738716931082308 ], [ 413709.090252603287809, 7632194.660678526386619 ], [ 413756.84326087217778, 7632184.620274733752012 ], [ 413780.728943597583566, 7632178.706611698493361 ], [ 413828.154701174877118, 7632165.308174612000585 ], [ 413851.356665598403197, 7632157.876124115660787 ], [ 413874.114866759453434, 7632149.91597621422261 ], [ 413896.398731963185128, 7632141.385480402037501 ], [ 413918.189799948479049, 7632132.239489381201565 ], [ 413939.525489287625533, 7632122.413233351893723 ], [ 413960.439213479636237, 7632111.870850864797831 ], [ 413980.898213019827381, 7632100.61699328944087 ], [ 414000.847755648894235, 7632088.66803798917681 ], [ 414012.539703672577161, 7632081.052977541461587 ] ] ] } },
{ "type": "Feature", "properties": { "fid": 40.0, "COMPR_M": 645.46, "CLASSE": "04 - Longa", "CD_FAZ": "400292", "TALHOES": "1", "FAZ_tAL": "400292001", "ID_LINHA": 95805 }, "geometry": { "type": "MultiLineString", "coordinates": [ [ [ 413398.169816946901847, 7632225.594293271191418 ], [ 413533.89015325345099, 7632217.066274035722017 ], [ 413586.035821274446789, 7632213.048630248755217 ], [ 413636.728043382579926, 7632208.181407948955894 ], [ 413685.648463044897653, 7632201.702568273991346 ], [ 413709.633084462780971, 7632197.611415840685368 ], [ 413733.577288790256716, 7632192.884356351569295 ], [ 413757.530444243573584, 7632187.54071837477386 ], [ 413781.481754565960728, 7632181.61080713570118 ], [ 413829.035800527140964, 7632168.176090719178319 ], [ 413852.309646857378539, 7632160.721015020273626 ], [ 413875.146587067167275, 7632152.733326522633433 ], [ 413897.515790418139659, 7632144.170162378810346 ], [ 413919.398146920430008, 7632134.985856393352151 ], [ 413940.828576513333246, 7632125.115967280231416 ], [ 413961.837812306941487, 7632114.525438422337174 ], [ 413982.392423515440896, 7632103.218987848609686 ], [ 414002.437715046282392, 7632091.212682899087667 ], [ 414018.405562354950234, 7632080.812694609165192 ] ] ] } },
{ "type": "Feature", "properties": { "fid": 41.0, "COMPR_M": 652.02, "CLASSE": "04 - Longa", "CD_FAZ": "400292", "TALHOES": "1", "FAZ_tAL": "400292001", "ID_LINHA": 95806 }, "geometry": { "type": "MultiLineString", "coordinates": [ [ [ 413398.341092333197594, 7632228.589412070810795 ], [ 413534.106229253287893, 7632220.05848902463913 ], [ 413586.288403169135563, 7632216.03801108431071 ], [ 413637.062138962442987, 7632211.162868687883019 ], [ 413686.114413152972702, 7632204.666419612243772 ], [ 413710.175916322390549, 7632200.562153153121471 ], [ 413734.194506363244727, 7632195.820408455096185 ], [ 413758.21762761566788, 7632190.461162013933063 ], [ 413782.234565534163266, 7632184.51500257011503 ], [ 413829.916899879695848, 7632171.044006829150021 ], [ 413853.262628117459826, 7632163.565905925817788 ], [ 413876.178307374764699, 7632155.550676827318966 ], [ 413898.632848875247873, 7632146.954844349995255 ], [ 413920.606493893195875, 7632137.732223404571414 ], [ 413942.13166373653803, 7632127.818701200187206 ], [ 413963.236411135294475, 7632117.180025978013873 ], [ 413983.886634012975264, 7632105.820982411503792 ], [ 414004.027674442331772, 7632093.757327809929848 ], [ 414024.21683358278824, 7632080.5746477432549 ] ] ] } },
{ "type": "Feature", "properties": { "fid": 42.0, "COMPR_M": 658.32, "CLASSE": "04 - Longa", "CD_FAZ": "400292", "TALHOES": "1", "FAZ_tAL": "400292001", "ID_LINHA": 95807 }, "geometry": { "type": "MultiLineString", "coordinates": [ [ [ 413398.512367718620226, 7632231.584530869498849 ], [ 413534.322305251960643, 7632223.050704013556242 ], [ 413586.540985067200381, 7632219.027391923591495 ], [ 413637.396234542829916, 7632214.144329428672791 ], [ 413686.580363264132757, 7632207.630270954221487 ], [ 413710.718748182116542, 7632203.512890470214188 ], [ 413734.811723937280476, 7632198.756460559554398 ], [ 413758.904810987180099, 7632193.381605656817555 ], [ 413782.987376502831466, 7632187.419198007322848 ], [ 413830.797999231843278, 7632173.911922937259078 ], [ 413854.215609376667999, 7632166.410796827636659 ], [ 413877.210027682944201, 7632158.368027133867145 ], [ 413899.749907331250142, 7632149.739526323974133 ], [ 413921.814840866136365, 7632140.478590415790677 ], [ 413943.434750961780082, 7632130.521435126662254 ], [ 413964.635009962599725, 7632119.834613535553217 ], [ 413985.380844509112649, 7632108.422976968809962 ], [ 414005.617633838264737, 7632096.301972718909383 ], [ 414029.727975064364728, 7632080.351627144962549 ] ] ] } },
{ "type": "Feature", "properties": { "fid": 43.0, "COMPR_M": 664.56, "CLASSE": "04 - Longa", "CD_FAZ": "400292", "TALHOES": "1", "FAZ_tAL": "400292001", "ID_LINHA": 95808 }, "geometry": { "type": "MultiLineString", "coordinates": [ [ [ 413398.683643104392104, 7632234.579649664461613 ], [ 413534.538381252088584, 7632226.042919005267322 ], [ 413586.793566964915954, 7632222.016772756353021 ], [ 413637.73033012310043, 7632217.125790164805949 ], [ 413687.046313372324221, 7632210.594122292473912 ], [ 413711.261580041202251, 7632206.463627782650292 ], [ 413735.428941511083394, 7632201.692512660287321 ], [ 413759.591994360787794, 7632196.302049297839403 ], [ 413807.821326194796711, 7632183.799471832811832 ], [ 413855.168590637040325, 7632169.255687734112144 ], [ 413878.241747989668511, 7632161.185377439484 ], [ 413900.866965787427034, 7632152.524208299815655 ], [ 413923.023187838669401, 7632143.224957428872585 ], [ 413944.73783818713855, 7632133.22416905220598 ], [ 413966.03360879101092, 7632122.489201094023883 ], [ 413986.875055005773902, 7632111.024971531704068 ], [ 414007.207593234779779, 7632098.84661762509495 ], [ 414035.179748780035879, 7632080.170590443536639 ] ] ] } },
{ "type": "Feature", "properties": { "fid": 44.0, "COMPR_M": 670.79, "CLASSE": "04 - Longa", "CD_FAZ": "400292", "TALHOES": "1", "FAZ_tAL": "400292001", "ID_LINHA": 95809 }, "geometry": { "type": "MultiLineString", "coordinates": [ [ [ 413398.854918489814736, 7632237.574768463149667 ], [ 413534.75445725035388, 7632229.035133995115757 ], [ 413587.046148860768881, 7632225.006153590977192 ], [ 413638.064425702614244, 7632220.107250904664397 ], [ 413687.512263481679838, 7632213.557973633520305 ], [ 413711.804411901044659, 7632209.414365095086396 ], [ 413736.04615908593405, 7632204.628564763814211 ], [ 413760.279177731834352, 7632199.222492938861251 ], [ 413808.63704958074959, 7632186.686623401008546 ], [ 413856.121571894560475, 7632172.10057863779366 ], [ 413879.273468297556974, 7632164.002727748826146 ], [ 413901.984024243138265, 7632155.308890273794532 ], [ 413924.231534809339792, 7632145.971324440091848 ], [ 413946.040925411973149, 7632135.92690297588706 ], [ 413967.432207617792301, 7632125.143788654357195 ], [ 413988.369265502376948, 7632113.626966090872884 ], [ 414008.797552631120197, 7632101.391262535005808 ], [ 414028.676582223095465, 7632088.443889547139406 ], [ 414040.631522496463731, 7632079.98955374583602 ] ] ] } },
{ "type": "Feature", "properties": { "fid": 45.0, "COMPR_M": 677.02, "CLASSE": "04 - Longa", "CD_FAZ": "400292", "TALHOES": "1", "FAZ_tAL": "400292001", "ID_LINHA": 95810 }, "geometry": { "type": "MultiLineString", "coordinates": [ [ [ 413399.026193875586614, 7632240.569887259975076 ], [ 413534.970533248852007, 7632232.027348984032869 ], [ 413587.298730757436715, 7632227.995534425601363 ], [ 413638.398521283234004, 7632223.088711645454168 ], [ 413687.978213590104133, 7632216.521824973635375 ], [ 413712.347243760304991, 7632212.3651024075225 ], [ 413736.663376659853384, 7632207.564616867341101 ], [ 413785.24580941000022, 7632196.131784315221012 ], [ 413833.441297287645284, 7632182.515671263448894 ], [ 413857.074553155107424, 7632174.945469543337822 ], [ 413880.305188604688738, 7632166.820078054443002 ], [ 413903.10108269972261, 7632158.093572246842086 ], [ 413925.439881783444434, 7632148.717691449448466 ], [ 413947.344012636225671, 7632138.629636904224753 ], [ 413968.830806446261704, 7632127.798376210033894 ], [ 413989.863475998921786, 7632116.22896065376699 ], [ 414010.387512026762124, 7632103.935907443985343 ], [ 414030.361924158933107, 7632090.926411034539342 ], [ 414046.083296214172151, 7632079.808517049998045 ] ] ] } },
{ "type": "Feature", "properties": { "fid": 46.0, "COMPR_M": 683.26, "CLASSE": "04 - Longa", "CD_FAZ": "400292", "TALHOES": "1", "FAZ_tAL": "400292001", "ID_LINHA": 95811 }, "geometry": { "type": "MultiLineString", "coordinates": [ [ [ 413399.197469262348022, 7632243.56500605866313 ], [ 413535.186609248048626, 7632235.019563978537917 ], [ 413587.55131265433738, 7632230.984915263950825 ], [ 413638.732616863097064, 7632226.070172384381294 ], [ 413688.444163700274657, 7632219.485676312819123 ], [ 413712.890075620263815, 7632215.315839724615216 ], [ 413737.280594233539887, 7632210.500668969005346 ], [ 413785.998620377387851, 7632199.035979748703539 ], [ 413834.322396640432999, 7632185.383587368763983 ], [ 413858.027534414199181, 7632177.790360448881984 ], [ 413881.336908911063801, 7632169.637428360059857 ], [ 413904.218141155841295, 7632160.878254223614931 ], [ 413926.648228755802847, 7632151.464058463461697 ], [ 413948.647099861933384, 7632141.332370826043189 ], [ 413970.229405273101293, 7632130.45296376850456 ], [ 413991.357686495408416, 7632118.830955212935805 ], [ 414011.977471422986127, 7632106.480552351102233 ], [ 414032.047266095411032, 7632093.408932523801923 ], [ 414051.53506993065821, 7632079.627480348572135 ] ] ] } },
{ "type": "Feature", "properties": { "fid": 47.0, "COMPR_M": 689.42, "CLASSE": "04 - Longa", "CD_FAZ": "400292", "TALHOES": "1", "FAZ_tAL": "400292001", "ID_LINHA": 95812 }, "geometry": { "type": "MultiLineString", "coordinates": [ [ [ 413399.368744648178108, 7632246.560124853625894 ], [ 413535.402685247478075, 7632238.011778965592384 ], [ 413587.803894551470876, 7632233.974296096712351 ], [ 413639.066712443483993, 7632229.05163312330842 ], [ 413688.910113809513859, 7632222.449527654796839 ], [ 413713.43290747969877, 7632218.266577038913965 ], [ 413737.897811807575636, 7632213.436721071600914 ], [ 413786.751431345241144, 7632201.940175184980035 ], [ 413835.203495992813259, 7632188.251503478735685 ], [ 413858.980515672417823, 7632180.6352513525635 ], [ 413882.368629219941795, 7632172.454778667539358 ], [ 413905.335199611494318, 7632163.662936195731163 ], [ 413927.856575727637392, 7632154.210425473749638 ], [ 413949.950187086418737, 7632144.035104753449559 ], [ 413971.628004100988619, 7632133.107551325112581 ], [ 413992.85189699253533, 7632121.432949774898589 ], [ 414013.567430819035508, 7632109.025197261944413 ], [ 414033.732608029269613, 7632095.891454011201859 ], [ 414056.844352429383434, 7632079.361302996985614 ] ] ] } },
{ "type": "Feature", "properties": { "fid": 48.0, "COMPR_M": 695.63, "CLASSE": "04 - Longa", "CD_FAZ": "400292", "TALHOES": "1", "FAZ_tAL": "400292001", "ID_LINHA": 95813 }, "geometry": { "type": "MultiLineString", "coordinates": [ [ [ 413399.540020032378379, 7632249.555243652313948 ], [ 413535.61876124702394, 7632241.003993956372142 ], [ 413588.056476448080502, 7632236.963676931336522 ], [ 413639.400808023056015, 7632232.033093862235546 ], [ 413689.376063919160515, 7632225.413378994911909 ], [ 413713.975739337853156, 7632221.217314353212714 ], [ 413738.515029381378554, 7632216.372773174196482 ], [ 413787.504242313618306, 7632204.844370622187853 ], [ 413836.084595344844274, 7632191.119419587776065 ], [ 413859.933496931102127, 7632183.48014225717634 ], [ 413883.400349527422804, 7632175.272128973156214 ], [ 413906.452258067962248, 7632166.44761816971004 ], [ 413929.064922700985335, 7632156.956792483106256 ], [ 413951.253274311660789, 7632146.737838678993285 ], [ 413973.0266029285267, 7632135.76213888451457 ], [ 413994.346107488148846, 7632124.034944334067404 ], [ 414015.157390215666965, 7632111.569842169992626 ], [ 414035.417949966329616, 7632098.373975500464439 ], [ 414062.180512315360829, 7632079.068835527636111 ] ] ] } },
{ "type": "Feature", "properties": { "fid": 49.0, "COMPR_M": 701.84, "CLASSE": "04 - Longa", "CD_FAZ": "400292", "TALHOES": "1", "FAZ_tAL": "400292001", "ID_LINHA": 95814 }, "geometry": { "type": "MultiLineString", "coordinates": [ [ [ 413399.711295419547241, 7632252.550362449139357 ], [ 413535.834837245405652, 7632243.996208947151899 ], [ 413588.309058344864752, 7632239.953057767823339 ], [ 413639.734903602453414, 7632235.014554602093995 ], [ 413689.84201402659528, 7632228.377230333164334 ], [ 413714.518571198103018, 7632224.168051665648818 ], [ 413739.132246954250149, 7632219.308825278654695 ], [ 413788.257053282519337, 7632207.748566057533026 ], [ 413836.965694695187267, 7632193.98733569867909 ], [ 413860.886478190834168, 7632186.325033159926534 ], [ 413884.432069833448622, 7632178.089479278773069 ], [ 413907.569316523964517, 7632169.232300143688917 ], [ 413930.273269673110917, 7632159.703159496188164 ], [ 413952.556361536378972, 7632149.440572601743042 ], [ 413974.425201757170726, 7632138.416726442053914 ], [ 413995.840317983762361, 7632126.636938894167542 ], [ 414016.747349610261153, 7632114.114487078040838 ], [ 414037.103291901410557, 7632100.856496984139085 ], [ 414056.968483093020041, 7632086.808162725530565 ], [ 414067.516672199126333, 7632078.776368058286607 ] ] ] } },
{ "type": "Feature", "properties": { "fid": 50.0, "COMPR_M": 707.91, "CLASSE": "04 - Longa", "CD_FAZ": "400292", "TALHOES": "1", "FAZ_tAL": "400292001", "ID_LINHA": 95815 }, "geometry": { "type": "MultiLineString", "coordinates": [ [ [ 413399.882570805784781, 7632255.545481246896088 ], [ 413536.050913243903778, 7632246.988423936069012 ], [ 413588.561640240543056, 7632242.94243860244751 ], [ 413640.068999183073174, 7632237.996015340089798 ], [ 413690.307964136474766, 7632231.34108167514205 ], [ 413715.061403057770804, 7632227.118788979947567 ], [ 413739.749464529508259, 7632222.244877377524972 ], [ 413789.009864251944236, 7632210.652761490084231 ], [ 413837.84679404849885, 7632196.855251804925501 ], [ 413861.839459450391587, 7632189.169924066402018 ], [ 413885.463790142675862, 7632180.90682958625257 ], [ 413908.686374979559332, 7632172.016982117667794 ], [ 413931.48161664546933, 7632162.449526508338749 ], [ 413953.859448761097156, 7632152.143306527286768 ], [ 413975.823800583428238, 7632141.071313997730613 ], [ 413997.334528481238522, 7632129.238933455199003 ], [ 414018.337309007358272, 7632116.659131988883018 ], [ 414038.78863383771386, 7632103.339018475264311 ], [ 414058.743835073488299, 7632089.227030601352453 ], [ 414072.751545569510199, 7632078.561024013906717 ] ] ] } },
{ "type": "Feature", "properties": { "fid": 51.0, "COMPR_M": 713.87, "CLASSE": "04 - Longa", "CD_FAZ": "400292", "TALHOES": "1", "FAZ_tAL": "400292001", "ID_LINHA": 95816 }, "geometry": { "type": "MultiLineString", "coordinates": [ [ [ 413400.05384619103279, 7632258.54060004465282 ], [ 413536.266989243216813, 7632249.980638924986124 ], [ 413588.814222138316836, 7632245.931819438934326 ], [ 413640.403094763518311, 7632240.977476079016924 ], [ 413690.773914246703498, 7632234.30493301525712 ], [ 413715.604234918078873, 7632230.069526297040284 ], [ 413740.366682103835046, 7632225.18092948384583 ], [ 413789.762675220496021, 7632213.556956928223372 ], [ 413838.727893400820903, 7632199.723167914897203 ], [ 413862.792440710414667, 7632192.014814970083535 ], [ 413886.495510450389702, 7632183.724179894663393 ], [ 413909.803433435270563, 7632174.801664089784026 ], [ 413932.689963617362082, 7632165.19589351862669 ], [ 413955.162535986688454, 7632154.846040452830493 ], [ 413977.222399412770756, 7632143.725901556201279 ], [ 413998.828738977375906, 7632131.840928016230464 ], [ 414019.92726840369869, 7632119.203776895068586 ], [ 414040.47397577407537, 7632105.821539962664247 ], [ 414060.519187053199857, 7632091.645898476243019 ], [ 414077.890261452295817, 7632078.418897960335016 ] ] ] } },
{ "type": "Feature", "properties": { "fid": 52.0, "COMPR_M": 719.78, "CLASSE": "04 - Longa", "CD_FAZ": "400292", "TALHOES": "1", "FAZ_tAL": "400292001", "ID_LINHA": 95817 }, "geometry": { "type": "MultiLineString", "coordinates": [ [ [ 413400.225121577270329, 7632261.535718841478229 ], [ 413536.483065241365694, 7632252.972853917628527 ], [ 413589.066804035042878, 7632248.921200273558497 ], [ 413640.737190343206748, 7632243.958936818875372 ], [ 413691.239864355418831, 7632237.26878435537219 ], [ 413716.14706677722279, 7632233.020263605751097 ], [ 413740.983899677230511, 7632228.116981584578753 ], [ 413790.515486188873183, 7632216.46115236543119 ], [ 413839.608992753492203, 7632202.591084023937583 ], [ 413863.745421969564632, 7632194.859705874696374 ], [ 413887.52723075740505, 7632186.541530199348927 ], [ 413910.920491891913116, 7632177.586346063762903 ], [ 413933.898310590069741, 7632167.942260533571243 ], [ 413956.465623210999183, 7632157.548774378374219 ], [ 413978.620998240425251, 7632146.380489114671946 ], [ 414000.322949474037159, 7632134.442922576330602 ], [ 414021.517227799864486, 7632121.748421803116798 ], [ 414042.159317709680181, 7632108.304061451926827 ], [ 414062.294539032853208, 7632094.06476635299623 ], [ 414082.969452723278664, 7632078.27841823361814 ] ] ] } },
{ "type": "Feature", "properties": { "fid": 53.0, "COMPR_M": 725.57, "CLASSE": "04 - Longa", "CD_FAZ": "400292", "TALHOES": "1", "FAZ_tAL": "400292001", "ID_LINHA": 95818 }, "geometry": { "type": "MultiLineString", "coordinates": [ [ [ 413400.396396963158622, 7632264.530837642028928 ], [ 413483.833689718623646, 7632259.569578602910042 ], [ 413563.078186387545429, 7632254.00468641333282 ], [ 413615.32755682914285, 7632249.590974882245064 ], [ 413666.531247134960722, 7632243.8553222771734 ], [ 413691.705814465763979, 7632240.232635697349906 ], [ 413716.689898637065198, 7632235.971000920981169 ], [ 413741.601117250334937, 7632231.05303368717432 ], [ 413766.463828080974054, 7632225.506485715508461 ], [ 413815.978560058341827, 7632212.670987536199391 ], [ 413840.490092105057556, 7632205.459000131115317 ], [ 413864.698403228423558, 7632197.704596778377891 ], [ 413888.558951064944267, 7632189.358880504965782 ], [ 413912.0375503480318, 7632180.371028039604425 ], [ 413935.106657561555039, 7632170.688627544790506 ], [ 413957.768710436066613, 7632160.251508304849267 ], [ 413980.019597067206632, 7632149.035076668485999 ], [ 414001.817159970640205, 7632137.044917138293386 ], [ 414023.107187196030281, 7632124.293066713958979 ], [ 414043.844659645284992, 7632110.786582939326763 ], [ 414064.069891012390144, 7632096.483634226024151 ], [ 414087.902926732320338, 7632078.141968740150332 ] ] ] } },
{ "type": "Feature", "properties": { "fid": 54.0, "COMPR_M": 731.37, "CLASSE": "04 - Longa", "CD_FAZ": "400292", "TALHOES": "1", "FAZ_tAL": "400292001", "ID_LINHA": 95819 }, "geometry": { "type": "MultiLineString", "coordinates": [ [ [ 413400.567672348814085, 7632267.525956435129046 ], [ 413484.026804272900335, 7632262.563361187465489 ], [ 413563.308679338893853, 7632256.995829994790256 ], [ 413615.614450685330667, 7632252.577295514754951 ], [ 413666.925389943935443, 7632246.82950687687844 ], [ 413692.171764574653935, 7632243.196487036533654 ], [ 413717.232730496383738, 7632238.921738233417273 ], [ 413742.218334825243801, 7632233.989085789769888 ], [ 413767.151011452777311, 7632228.426929354667664 ], [ 413816.794283444120083, 7632215.55813910625875 ], [ 413841.37119145761244, 7632208.326916240155697 ], [ 413865.651384487864561, 7632200.549487683922052 ], [ 413889.590671373007353, 7632192.176230810582638 ], [ 413913.154608802986331, 7632183.155710013583302 ], [ 413936.315004534553736, 7632173.434994554147124 ], [ 413959.071797659911681, 7632162.95424222946167 ], [ 413981.418195895617828, 7632151.689664227887988 ], [ 414003.311370467126835, 7632139.646911698393524 ], [ 414024.69714659138117, 7632126.837711623869836 ], [ 414045.530001581471879, 7632113.269104426726699 ], [ 414065.845242993265856, 7632098.902502102777362 ], [ 414092.836400744155981, 7632078.005519243888557 ] ] ] } },
{ "type": "Feature", "properties": { "fid": 55.0, "COMPR_M": 737.16, "CLASSE": "04 - Longa", "CD_FAZ": "400292", "TALHOES": "1", "FAZ_tAL": "400292001", "ID_LINHA": 95820 }, "geometry": { "type": "MultiLineString", "coordinates": [ [ [ 413400.738947734818794, 7632270.521075233817101 ], [ 413484.219918826362118, 7632265.557143768295646 ], [ 413563.5391722896602, 7632259.986973578110337 ], [ 413615.90134454285726, 7632255.563616149127483 ], [ 413667.319532755005639, 7632249.803691478446126 ], [ 413692.637714682612568, 7632246.160338378511369 ], [ 413717.775562356342562, 7632241.872475548647344 ], [ 413742.835552397824358, 7632236.925137894228101 ], [ 413767.838194825279061, 7632231.347372997552156 ], [ 413817.610006831469946, 7632218.445290676318109 ], [ 413842.252290809177794, 7632211.194832348264754 ], [ 413866.604365747014526, 7632203.394378587603569 ], [ 413890.622391680954024, 7632194.993581119924784 ], [ 413914.271667259512469, 7632185.940391986630857 ], [ 413937.523351507086772, 7632176.181361565366387 ], [ 413960.374884884513449, 7632165.656976155936718 ], [ 413982.816794723679777, 7632154.344251786358654 ], [ 414004.80558096425375, 7632142.248906258493662 ], [ 414026.287105987896211, 7632129.382356531918049 ], [ 414047.215343516960274, 7632115.751625916920602 ], [ 414067.620594972046092, 7632101.321369979530573 ], [ 414097.769874753488693, 7632077.869069750420749 ] ] ] } },
{ "type": "Feature", "properties": { "fid": 56.0, "COMPR_M": 742.95, "CLASSE": "04 - Longa", "CD_FAZ": "400292", "TALHOES": "1", "FAZ_tAL": "400292001", "ID_LINHA": 95821 }, "geometry": { "type": "MultiLineString", "coordinates": [ [ [ 413400.910223120474257, 7632273.516194030642509 ], [ 413484.413033379416447, 7632268.550926350057125 ], [ 413563.769665240426548, 7632262.978117159567773 ], [ 413616.188238399859983, 7632258.549936784431338 ], [ 413667.713675564271398, 7632252.777876077219844 ], [ 413693.103664792957716, 7632249.124189714901149 ], [ 413718.318394215777516, 7632244.823212865740061 ], [ 413743.452769973431714, 7632239.861189994029701 ], [ 413768.525378197140526, 7632234.267816636711359 ], [ 413818.425730217830278, 7632221.332442246377468 ], [ 413843.133390160975978, 7632214.062748458236456 ], [ 413867.557347005989868, 7632206.239269492216408 ], [ 413891.654111987445503, 7632197.810931425541639 ], [ 413915.388725715514738, 7632188.725073959678411 ], [ 413938.731698479794431, 7632178.92772857658565 ], [ 413961.677972110512201, 7632168.359710078686476 ], [ 413984.215393551508896, 7632156.998839343897998 ], [ 414006.299791459925473, 7632144.8509008185938 ], [ 414027.877065385691822, 7632131.927001440897584 ], [ 414048.900685452390462, 7632118.234147404320538 ], [ 414069.395946952805389, 7632103.740237852558494 ], [ 414089.490213528857566, 7632088.439694648608565 ], [ 414102.703348763636313, 7632077.732620256021619 ] ] ] } },
{ "type": "Feature", "properties": { "fid": 57.0, "COMPR_M": 748.78, "CLASSE": "04 - Longa", "CD_FAZ": "400292", "TALHOES": "1", "FAZ_tAL": "400292001", "ID_LINHA": 95822 }, "geometry": { "type": "MultiLineString", "coordinates": [ [ [ 413401.04757117643021, 7632276.513156783767045 ], [ 413484.606147933518514, 7632271.544708930887282 ], [ 413564.000158191425726, 7632265.969260740093887 ], [ 413616.4751322568045, 7632261.536257420666516 ], [ 413668.107818375749048, 7632255.752060675993562 ], [ 413693.569614902371541, 7632252.088041056878865 ], [ 413718.861226075212471, 7632247.773950176313519 ], [ 413744.069987545488402, 7632242.797242100350559 ], [ 413769.212561569118407, 7632237.188260279595852 ], [ 413819.241453604365233, 7632224.21959381736815 ], [ 413844.014489514462184, 7632216.93066456541419 ], [ 413868.510328265372664, 7632209.084160398691893 ], [ 413892.685832295799628, 7632200.62828173302114 ], [ 413916.505784172390122, 7632191.509755933657289 ], [ 413939.940045452618506, 7632181.674095589667559 ], [ 413962.981059335987084, 7632171.062444005161524 ], [ 413985.613992378988769, 7632159.653426902368665 ], [ 414007.794001956819557, 7632147.452895378693938 ], [ 414029.467024780693464, 7632134.471646348014474 ], [ 414050.586027389101218, 7632120.716668892651796 ], [ 414071.171298931469209, 7632106.159105729311705 ], [ 414091.34371826518327, 7632090.799054028466344 ], [ 414107.636822773900349, 7632077.596170763485134 ] ] ] } },
{ "type": "Feature", "properties": { "fid": 58.0, "COMPR_M": 754.61, "CLASSE": "04 - Longa", "CD_FAZ": "400292", "TALHOES": "1", "FAZ_tAL": "400292001", "ID_LINHA": 95823 }, "geometry": { "type": "MultiLineString", "coordinates": [ [ [ 413401.18113165727118, 7632279.510325396433473 ], [ 413484.799262486747466, 7632274.538491513580084 ], [ 413564.230651140504051, 7632268.960404321551323 ], [ 413616.762026113865431, 7632264.52257805224508 ], [ 413668.501961184665561, 7632258.726245276629925 ], [ 413694.035565011552535, 7632255.051892399787903 ], [ 413719.404057934763841, 7632250.724687490612268 ], [ 413744.687205119931605, 7632245.733294204808772 ], [ 413769.899744941794779, 7632240.1087039206177 ], [ 413820.057176990492735, 7632227.106745390221477 ], [ 413844.895588866260368, 7632219.798580672591925 ], [ 413869.463309524580836, 7632211.929051300510764 ], [ 413893.717552602756768, 7632203.445632036775351 ], [ 413917.622842628741637, 7632194.294437911361456 ], [ 413941.148392424976919, 7632184.420462599024177 ], [ 413964.284146561520174, 7632173.765177927911282 ], [ 413987.012591206817888, 7632162.308014459908009 ], [ 414009.288212453713641, 7632150.054889939725399 ], [ 414031.056984176917467, 7632137.016291259787977 ], [ 414052.271369323134422, 7632123.199190380051732 ], [ 414072.946650913392659, 7632108.577973604202271 ], [ 414093.197223000926897, 7632093.158413406461477 ], [ 414112.570296784397215, 7632077.459721270017326 ] ] ] } },
{ "type": "Feature", "properties": { "fid": 59.0, "COMPR_M": 760.34, "CLASSE": "04 - Longa", "CD_FAZ": "400292", "TALHOES": "1", "FAZ_tAL": "400292001", "ID_LINHA": 95824 }, "geometry": { "type": "MultiLineString", "coordinates": [ [ [ 413401.314692137879319, 7632282.507494010031223 ], [ 413484.992377041606233, 7632277.532274094410241 ], [ 413564.461144092958421, 7632271.951547905802727 ], [ 413617.048919970984571, 7632267.508898683823645 ], [ 413668.89610399515368, 7632261.700429876334965 ], [ 413694.501515121140983, 7632258.015743738040328 ], [ 413719.946889793733135, 7632253.675424803048372 ], [ 413745.304422693385277, 7632248.669346303679049 ], [ 413770.586928312608507, 7632243.02914756257087 ], [ 413820.872900376911275, 7632229.993896959349513 ], [ 413845.776688217651099, 7632222.666496783494949 ], [ 413870.416290784196462, 7632214.773942204192281 ], [ 413894.749272910819855, 7632206.262982344254851 ], [ 413918.739901085325982, 7632197.079119885340333 ], [ 413942.356739396171179, 7632187.16682961024344 ], [ 413965.58723378519062, 7632176.467911852523685 ], [ 413988.411190034355968, 7632164.962602018378675 ], [ 414010.782422949792817, 7632152.65688450075686 ], [ 414032.646943573025055, 7632139.560936169698834 ], [ 414053.956711259786971, 7632125.681711870245636 ], [ 414074.722002892580349, 7632110.996841480955482 ], [ 414095.050727736204863, 7632095.517772784456611 ], [ 414117.376913227315526, 7632077.326780386269093 ] ] ] } },
{ "type": "Feature", "properties": { "fid": 60.0, "COMPR_M": 766.22, "CLASSE": "04 - Longa", "CD_FAZ": "400292", "TALHOES": "1", "FAZ_tAL": "400292001", "ID_LINHA": 95825 }, "geometry": { "type": "MultiLineString", "coordinates": [ [ [ 413401.448252618894912, 7632285.504662618972361 ], [ 413485.1854915949516, 7632280.526056675240397 ], [ 413564.691637043550145, 7632274.94269148632884 ], [ 413617.335813828743994, 7632270.495219320058823 ], [ 413669.290246805059724, 7632264.674614476971328 ], [ 413694.9674652304966, 7632260.979595076292753 ], [ 413720.489721654739697, 7632256.626162119209766 ], [ 413745.921640268003102, 7632251.605398407205939 ], [ 413771.274111685459502, 7632245.949591202661395 ], [ 413821.688623763504438, 7632232.88104852847755 ], [ 413846.657787569391076, 7632225.534412888810039 ], [ 413871.369272043579258, 7632217.618833113461733 ], [ 413895.780993218184449, 7632209.080332648940384 ], [ 413919.856959540804382, 7632199.86380185559392 ], [ 413943.565086369460914, 7632189.91319662425667 ], [ 413966.890321010316256, 7632179.170645778998733 ], [ 413989.809788862243295, 7632167.617189575918019 ], [ 414012.276633445755579, 7632155.258879063650966 ], [ 414034.236902969074436, 7632142.105581077747047 ], [ 414055.642053194402251, 7632128.164233356714249 ], [ 414076.497354872408323, 7632113.415709355846047 ], [ 414096.904232471541036, 7632097.877132162451744 ], [ 414122.285094393184409, 7632077.083632392808795 ] ] ] } },
{ "type": "Feature", "properties": { "fid": 61.0, "COMPR_M": 772.14, "CLASSE": "04 - Longa", "CD_FAZ": "400292", "TALHOES": "1", "FAZ_tAL": "400292001", "ID_LINHA": 95826 }, "geometry": { "type": "MultiLineString", "coordinates": [ [ [ 413401.581813098979183, 7632288.501831230707467 ], [ 413485.378606146608945, 7632283.519839257001877 ], [ 413564.922129994200077, 7632277.933835069648921 ], [ 413617.622707685863134, 7632273.481539955362678 ], [ 413669.684389614500105, 7632267.648799072951078 ], [ 413695.433415339561179, 7632263.943446419201791 ], [ 413721.032553513883613, 7632259.576899433508515 ], [ 413746.53885784157319, 7632254.541450509801507 ], [ 413771.961295058368705, 7632248.870034844614565 ], [ 413822.504347150330432, 7632235.768200099468231 ], [ 413847.538886922062375, 7632228.402328999713063 ], [ 413872.322253302088939, 7632220.463724016211927 ], [ 413896.812713526014704, 7632211.897682959213853 ], [ 413920.97401799634099, 7632202.648483832366765 ], [ 413944.773433341644704, 7632192.659563635475934 ], [ 413968.193408234743401, 7632181.873379704542458 ], [ 413991.208387689897791, 7632170.27177713252604 ], [ 414013.770843942300417, 7632157.860873620957136 ], [ 414035.826862364890985, 7632144.650225985795259 ], [ 414057.327395131578669, 7632130.646754844114184 ], [ 414078.272706851479597, 7632115.834577233530581 ], [ 414098.757737206993625, 7632100.236491540446877 ], [ 414127.22860629321076, 7632076.810351753607392 ] ] ] } },
{ "type": "Feature", "properties": { "fid": 62.0, "COMPR_M": 778.07, "CLASSE": "04 - Longa", "CD_FAZ": "400292", "TALHOES": "1", "FAZ_tAL": "400292001", "ID_LINHA": 95827 }, "geometry": { "type": "MultiLineString", "coordinates": [ [ [ 413401.71537358086789, 7632291.498999839648604 ], [ 413485.571720701933373, 7632286.513621837832034 ], [ 413565.15262294432614, 7632280.924978649243712 ], [ 413617.909601543098688, 7632276.467860588803887 ], [ 413670.078532424697187, 7632270.622983676381409 ], [ 413695.89936544909142, 7632266.907297759316862 ], [ 413721.575385373667814, 7632262.527636745944619 ], [ 413747.156075415608939, 7632257.477502613328397 ], [ 413772.648478429357056, 7632251.790478487499058 ], [ 413798.043595874274615, 7632245.503106718882918 ], [ 413848.419986274384428, 7632231.27024510409683 ], [ 413873.275234562403057, 7632223.308614920824766 ], [ 413897.844433831807692, 7632214.715033262968063 ], [ 413922.091076451528352, 7632205.433165802620351 ], [ 413945.981780314585194, 7632195.405930648557842 ], [ 413969.496495459345169, 7632184.576113631017506 ], [ 413992.606986517785117, 7632172.926364690065384 ], [ 414015.265054439485539, 7632160.462868184782565 ], [ 414037.416821761347819, 7632147.194870894774795 ], [ 414059.01273706741631, 7632133.129276336170733 ], [ 414080.048058831132948, 7632118.253445107489824 ], [ 414100.611241942620836, 7632102.595850918442011 ], [ 414132.172118191723712, 7632076.537071112543344 ] ] ] } },
{ "type": "Feature", "properties": { "fid": 63.0, "COMPR_M": 783.99, "CLASSE": "04 - Longa", "CD_FAZ": "400292", "TALHOES": "1", "FAZ_tAL": "400292001", "ID_LINHA": 95828 }, "geometry": { "type": "MultiLineString", "coordinates": [ [ [ 413401.848934060486499, 7632294.49616845138371 ], [ 413485.764835254405625, 7632289.507404420524836 ], [ 413565.383115897187963, 7632283.916122229769826 ], [ 413618.196495399693958, 7632279.454181222245097 ], [ 413670.472675234428607, 7632273.59716827608645 ], [ 413696.365315558272414, 7632269.871149098500609 ], [ 413722.118217232928146, 7632265.478374060243368 ], [ 413747.773292988655157, 7632260.413554714992642 ], [ 413773.335661802440882, 7632254.710922129452229 ], [ 413798.7964068420697, 7632248.407302154228091 ], [ 413849.301085625658743, 7632234.138161214999855 ], [ 413874.228215819865, 7632226.153505824506283 ], [ 413898.876154140045401, 7632217.532383572310209 ], [ 413923.208134908170905, 7632208.217847778461874 ], [ 413947.190127286477946, 7632198.152297656983137 ], [ 413970.799582684063353, 7632187.278847554698586 ], [ 413994.005585345381405, 7632175.580952247604728 ], [ 414016.759264935855754, 7632163.064862743020058 ], [ 414039.006781158328522, 7632149.739515801891685 ], [ 414060.698079003195744, 7632135.611797824501991 ], [ 414081.823410812066868, 7632120.672312984243035 ], [ 414102.464746677724179, 7632104.955210296437144 ], [ 414137.115630091400817, 7632076.263790471479297 ] ] ] } },
{ "type": "Feature", "properties": { "fid": 64.0, "COMPR_M": 789.92, "CLASSE": "04 - Longa", "CD_FAZ": "400292", "TALHOES": "1", "FAZ_tAL": "400292001", "ID_LINHA": 95829 }, "geometry": { "type": "MultiLineString", "coordinates": [ [ [ 413401.982494541851338, 7632297.493337059393525 ], [ 413485.957949809206184, 7632292.501186998561025 ], [ 413565.613608847488649, 7632286.907265814952552 ], [ 413618.483389256987721, 7632282.440501853823662 ], [ 413670.86681804433465, 7632276.571352874860168 ], [ 413696.831265667336993, 7632272.835000440478325 ], [ 413722.661049092188478, 7632268.429111372679472 ], [ 413748.390510563447606, 7632263.349606818519533 ], [ 413774.022845173545647, 7632257.631365768611431 ], [ 413799.549217811145354, 7632251.311497589573264 ], [ 413850.182184978621081, 7632237.006077321246266 ], [ 413875.18119707837468, 7632228.998396730050445 ], [ 413899.907874448166694, 7632220.349733877927065 ], [ 413924.325193364347797, 7632211.002529754303396 ], [ 413948.398474259069189, 7632200.898664670996368 ], [ 413972.102669909480028, 7632189.981581479310989 ], [ 413995.404184172686655, 7632178.235539807006717 ], [ 414018.253475432866253, 7632165.666857304051518 ], [ 414040.596740553854033, 7632152.284160713665187 ], [ 414062.383420938276686, 7632138.094319311901927 ], [ 414083.598762792244088, 7632123.091180857270956 ], [ 414104.318251414224505, 7632107.314569672569633 ], [ 414124.633032176818233, 7632090.852778806351125 ], [ 414142.059141990204807, 7632075.990509828552604 ] ] ] } },
{ "type": "Feature", "properties": { "fid": 65.0, "COMPR_M": 795.83, "CLASSE": "04 - Longa", "CD_FAZ": "400292", "TALHOES": "1", "FAZ_tAL": "400292001", "ID_LINHA": 95830 }, "geometry": { "type": "MultiLineString", "coordinates": [ [ [ 413402.116055022284854, 7632300.490505670197308 ], [ 413486.151064361678436, 7632295.494969582185149 ], [ 413565.844101797847543, 7632289.898409394547343 ], [ 413618.770283113699406, 7632285.426822491921484 ], [ 413671.260960855695885, 7632279.545537478290498 ], [ 413697.29721577669261, 7632275.798851779662073 ], [ 413723.203880952205509, 7632271.379848687909544 ], [ 413749.007728137308732, 7632266.285658920183778 ], [ 413774.710028545348905, 7632260.551809415221214 ], [ 413800.302028779988177, 7632254.215693024918437 ], [ 413851.063284331117757, 7632239.873993435874581 ], [ 413876.13417833938729, 7632231.843287633731961 ], [ 413900.939594755531289, 7632223.167084183543921 ], [ 413925.442251821281388, 7632213.78721172735095 ], [ 413949.606821230554488, 7632203.645031680352986 ], [ 413973.405757134954911, 7632192.684315403923392 ], [ 413996.802783001039643, 7632180.890127364546061 ], [ 414019.747685929061845, 7632168.268851865082979 ], [ 414042.186699949961621, 7632154.8288056217134 ], [ 414064.068762874579988, 7632140.576840801164508 ], [ 414085.3741147723631, 7632125.510048734024167 ], [ 414106.171756149560679, 7632109.673929055221379 ], [ 414126.551079471712001, 7632093.159837048500776 ], [ 414146.985167594975792, 7632075.71819584351033 ] ] ] } },
{ "type": "Feature", "properties": { "fid": 66.0, "COMPR_M": 801.66, "CLASSE": "04 - Longa", "CD_FAZ": "400292", "TALHOES": "1", "FAZ_tAL": "400292001", "ID_LINHA": 95831 }, "geometry": { "type": "MultiLineString", "coordinates": [ [ [ 413402.249615503125824, 7632303.487674282863736 ], [ 413486.344178915256634, 7632298.488752163946629 ], [ 413566.074594749021344, 7632292.889552976936102 ], [ 413619.057176971051376, 7632288.413143123500049 ], [ 413671.655103663273621, 7632282.519722076132894 ], [ 413697.763165885873605, 7632278.76270311884582 ], [ 413723.746712810359895, 7632274.330586003139615 ], [ 413749.624945710937027, 7632269.221711024641991 ], [ 413775.397211917908862, 7632263.472253054380417 ], [ 413801.054839748656377, 7632257.119888462126255 ], [ 413851.944383683265187, 7632242.741909540258348 ], [ 413877.087159598770086, 7632234.688178541138768 ], [ 413901.971315064060036, 7632225.984434488229454 ], [ 413926.559310277167242, 7632216.571893701329827 ], [ 413950.815168204135261, 7632206.391398692503572 ], [ 413974.708844359964132, 7632195.387049328535795 ], [ 413998.201381827006117, 7632183.544714920222759 ], [ 414021.241896425141022, 7632170.870846424251795 ], [ 414043.776659344614018, 7632157.373450530692935 ], [ 414065.754104809602723, 7632143.059362286701798 ], [ 414087.149466751085129, 7632127.92891660798341 ], [ 414108.025260885071475, 7632112.033288428559899 ], [ 414128.469126769166905, 7632095.466895289719105 ], [ 414151.802731146046426, 7632075.45187770947814 ] ] ] } },
{ "type": "Feature", "properties": { "fid": 67.0, "COMPR_M": 807.48, "CLASSE": "04 - Longa", "CD_FAZ": "400292", "TALHOES": "1", "FAZ_tAL": "400292001", "ID_LINHA": 95832 }, "geometry": { "type": "MultiLineString", "coordinates": [ [ [ 413402.383175983733963, 7632306.484842892736197 ], [ 413486.537293468485586, 7632301.482534743845463 ], [ 413566.305087699613068, 7632295.880696557462215 ], [ 413619.344070826540701, 7632291.399463759735227 ], [ 413672.049246473587118, 7632285.493906674906611 ], [ 413698.229115996102337, 7632281.726554458960891 ], [ 413724.289544669853058, 7632277.281323314644396 ], [ 413750.242163284216076, 7632272.157763126306236 ], [ 413776.084395290585235, 7632266.392696694470942 ], [ 413801.807650717149954, 7632260.02408389840275 ], [ 413852.825483034423087, 7632245.609825651161373 ], [ 413878.040140857920051, 7632237.533069444820285 ], [ 413903.003035370493308, 7632228.801784798502922 ], [ 413927.676368733169511, 7632219.356575674377382 ], [ 413952.023515176551882, 7632209.13776570558548 ], [ 413976.011931584274862, 7632198.089783255942166 ], [ 413999.599980656057596, 7632186.199302478693426 ], [ 414022.736106921220198, 7632173.472840987145901 ], [ 414045.366618741070852, 7632159.91809543967247 ], [ 414067.439446745207533, 7632145.541883774101734 ], [ 414088.92481873172801, 7632130.347784484736621 ], [ 414109.878765619941987, 7632114.392647806555033 ], [ 414130.387174066505395, 7632097.773953529074788 ], [ 414156.620294698223006, 7632075.185559576377273 ] ] ] } },
{ "type": "Feature", "properties": { "fid": 68.0, "COMPR_M": 813.31, "CLASSE": "04 - Longa", "CD_FAZ": "400292", "TALHOES": "1", "FAZ_tAL": "400292001", "ID_LINHA": 95833 }, "geometry": { "type": "MultiLineString", "coordinates": [ [ [ 413402.516736464749556, 7632309.482011504471302 ], [ 413486.730408023460768, 7632304.47631732467562 ], [ 413566.535580650263, 7632298.871840138919652 ], [ 413619.630964685289655, 7632294.385784393176436 ], [ 413672.443389285472222, 7632288.468091278336942 ], [ 413698.69506610406097, 7632284.690405800007284 ], [ 413724.832376530044712, 7632280.232060629874468 ], [ 413750.859380858542863, 7632275.093815230764449 ], [ 413776.771578661981039, 7632269.313140336424112 ], [ 413802.560461684828624, 7632262.928279330953956 ], [ 413853.706582387152594, 7632248.47774175927043 ], [ 413878.993122115614824, 7632240.377960350364447 ], [ 413904.034755678090733, 7632231.619135102257133 ], [ 413928.793427189346403, 7632222.141257649287581 ], [ 413953.231862147862557, 7632211.884132714010775 ], [ 413977.315018809400499, 7632200.792517178691924 ], [ 414000.998579484061338, 7632188.853890039026737 ], [ 414024.230317417823244, 7632176.074835546314716 ], [ 414046.956578138808254, 7632162.462740348652005 ], [ 414069.124788682034705, 7632148.024405263364315 ], [ 414090.700170711614192, 7632132.76665236055851 ], [ 414111.732270356966183, 7632116.752007184550166 ], [ 414132.305221363028977, 7632100.081011769361794 ], [ 414161.437858254008461, 7632074.919241442345083 ] ] ] } },
{ "type": "Feature", "properties": { "fid": 69.0, "COMPR_M": 819.14, "CLASSE": "04 - Longa", "CD_FAZ": "400292", "TALHOES": "1", "FAZ_tAL": "400292001", "ID_LINHA": 95834 }, "geometry": { "type": "MultiLineString", "coordinates": [ [ [ 413402.650296944892034, 7632312.47918011341244 ], [ 413486.923522576806135, 7632307.470099907368422 ], [ 413566.76607360172784, 7632301.86298372130841 ], [ 413619.917858541477472, 7632297.372105028480291 ], [ 413672.837532094155904, 7632291.442275875248015 ], [ 413699.161016214464325, 7632287.654257139191031 ], [ 413725.375208389712498, 7632283.182797942310572 ], [ 413751.476598431996536, 7632278.029867331497371 ], [ 413777.458762034075335, 7632272.23358398117125 ], [ 413803.313272654311731, 7632265.832474767230451 ], [ 413854.587681740231346, 7632251.345657867379487 ], [ 413879.946103375696111, 7632243.222851252183318 ], [ 413905.066475986910518, 7632234.436485409736633 ], [ 413929.910485645115841, 7632224.925939623266459 ], [ 413954.440209121268708, 7632214.630499724298716 ], [ 413978.618106033944059, 7632203.495251105166972 ], [ 414002.397178311832249, 7632191.508477592840791 ], [ 414025.724527915008366, 7632178.676830107346177 ], [ 414048.546537534391973, 7632165.00738525763154 ], [ 414070.810130616184324, 7632150.506926752626896 ], [ 414092.47552269208245, 7632135.185520236380398 ], [ 414113.585775091429241, 7632119.111366564407945 ], [ 414134.223268659436144, 7632102.388070011511445 ], [ 414166.255421805544756, 7632074.652923310175538 ] ] ] } },
{ "type": "Feature", "properties": { "fid": 71.0, "COMPR_M": 15.81, "CLASSE": "01 - Muito curta", "CD_FAZ": "400292", "TALHOES": "1", "FAZ_tAL": "400292001", "ID_LINHA": 95835 }, "geometry": { "type": "MultiLineString", "coordinates": [ [ [ 414231.64758062385954, 7632457.475002136081457 ], [ 414244.887598772766069, 7632448.851671075448394 ] ] ] } },
{ "type": "Feature", "properties": { "fid": 72.0, "COMPR_M": 24.4, "CLASSE": "01 - Muito curta", "CD_FAZ": "400292", "TALHOES": "1", "FAZ_tAL": "400292001", "ID_LINHA": 95836 }, "geometry": { "type": "MultiLineString", "coordinates": [ [ [ 414225.372729305992834, 7632457.749801107682288 ], [ 414245.91525982809253, 7632444.602148765698075 ] ] ] } },
{ "type": "Feature", "properties": { "fid": 73.0, "COMPR_M": 33.02, "CLASSE": "01 - Muito curta", "CD_FAZ": "400292", "TALHOES": "1", "FAZ_tAL": "400292001", "ID_LINHA": 95837 }, "geometry": { "type": "MultiLineString", "coordinates": [ [ [ 414219.073765599168837, 7632458.025656048208475 ], [ 414246.942920884233899, 7632440.352626452222466 ] ] ] } },
{ "type": "Feature", "properties": { "fid": 74.0, "COMPR_M": 40.97, "CLASSE": "01 - Muito curta", "CD_FAZ": "400292", "TALHOES": "1", "FAZ_tAL": "400292001", "ID_LINHA": 95838 }, "geometry": { "type": "MultiLineString", "coordinates": [ [ [ 414212.774801893567201, 7632458.30151098780334 ], [ 414226.621989902923815, 7632450.007615054026246 ], [ 414247.414147202158347, 7632436.465514594689012 ] ] ] } },
{ "type": "Feature", "properties": { "fid": 75.0, "COMPR_M": 48.63, "CLASSE": "01 - Muito curta", "CD_FAZ": "400292", "TALHOES": "1", "FAZ_tAL": "400292001", "ID_LINHA": 95839 }, "geometry": { "type": "MultiLineString", "coordinates": [ [ [ 414206.47583818982821, 7632458.577365931123495 ], [ 414225.032030507223681, 7632447.462970145046711 ], [ 414247.641037558030803, 7632432.737540725618601 ] ] ] } },
{ "type": "Feature", "properties": { "fid": 76.0, "COMPR_M": 56.14, "CLASSE": "01 - Muito curta", "CD_FAZ": "400292", "TALHOES": "1", "FAZ_tAL": "400292001", "ID_LINHA": 95840 }, "geometry": { "type": "MultiLineString", "coordinates": [ [ [ 414200.176874483295251, 7632458.853220869787037 ], [ 414223.442071110592224, 7632444.918325236998498 ], [ 414247.744872992159799, 7632429.089713525027037 ] ] ] } },
{ "type": "Feature", "properties": { "fid": 77.0, "COMPR_M": 63.52, "CLASSE": "01 - Muito curta", "CD_FAZ": "400292", "TALHOES": "1", "FAZ_tAL": "400292001", "ID_LINHA": 95841 }, "geometry": { "type": "MultiLineString", "coordinates": [ [ [ 414193.877910777344368, 7632459.12907581217587 ], [ 414221.85211171512492, 7632442.373680330812931 ], [ 414247.73941983806435, 7632425.513066865503788 ] ] ] } },
{ "type": "Feature", "properties": { "fid": 78.0, "COMPR_M": 70.9, "CLASSE": "01 - Muito curta", "CD_FAZ": "400292", "TALHOES": "1", "FAZ_tAL": "400292001", "ID_LINHA": 95842 }, "geometry": { "type": "MultiLineString", "coordinates": [ [ [ 414187.578947071859147, 7632459.40493075363338 ], [ 414220.262152319424786, 7632439.829035418108106 ], [ 414247.733966682862956, 7632421.936420207843184 ] ] ] } },
{ "type": "Feature", "properties": { "fid": 79.0, "COMPR_M": 78.66, "CLASSE": "01 - Muito curta", "CD_FAZ": "400292", "TALHOES": "1", "FAZ_tAL": "400292001", "ID_LINHA": 95843 }, "geometry": { "type": "MultiLineString", "coordinates": [ [ [ 414180.862319613690488, 7632459.699076736345887 ], [ 414218.672192922153044, 7632437.284390510991216 ], [ 414247.728513530571945, 7632418.359773547388613 ] ] ] } },
{ "type": "Feature", "properties": { "fid": 80.0, "COMPR_M": 86.45, "CLASSE": "01 - Muito curta", "CD_FAZ": "400292", "TALHOES": "1", "FAZ_tAL": "400292001", "ID_LINHA": 95844 }, "geometry": { "type": "MultiLineString", "coordinates": [ [ [ 414174.099369813047815, 7632459.995251347310841 ], [ 414184.110840543638915, 7632454.488253533840179 ], [ 414217.082233526045457, 7632434.739745602011681 ], [ 414247.723060376476496, 7632414.783126890659332 ] ] ] } },
{ "type": "Feature", "properties": { "fid": 81.0, "COMPR_M": 94.25, "CLASSE": "01 - Muito curta", "CD_FAZ": "400292", "TALHOES": "1", "FAZ_tAL": "400292001", "ID_LINHA": 95845 }, "geometry": { "type": "MultiLineString", "coordinates": [ [ [ 414167.336420014908072, 7632460.291425954550505 ], [ 414182.616630047617946, 7632451.886258971877396 ], [ 414215.492274129006546, 7632432.195100692100823 ], [ 414247.717607223894447, 7632411.206480231136084 ] ] ] } },
{ "type": "Feature", "properties": { "fid": 82.0, "COMPR_M": 102.09, "CLASSE": "02 - Curta", "CD_FAZ": "400292", "TALHOES": "1", "FAZ_tAL": "400292001", "ID_LINHA": 95846 }, "geometry": { "type": "MultiLineString", "coordinates": [ [ [ 414160.573470212169923, 7632460.587600564584136 ], [ 414181.122419551480561, 7632449.284264410845935 ], [ 414213.902314733830281, 7632429.650455781258643 ], [ 414247.712015659548342, 7632407.53905232809484 ] ] ] } },
{ "type": "Feature", "properties": { "fid": 83.0, "COMPR_M": 109.94, "CLASSE": "02 - Curta", "CD_FAZ": "400292", "TALHOES": "1", "FAZ_tAL": "400292001", "ID_LINHA": 95847 }, "geometry": { "type": "MultiLineString", "coordinates": [ [ [ 414153.810520413855556, 7632460.883775174617767 ], [ 414179.628209055052139, 7632446.682269849814475 ], [ 414212.312355337664485, 7632427.105810875073075 ], [ 414247.706419549649581, 7632403.868642404675484 ] ] ] } },
{ "type": "Feature", "properties": { "fid": 84.0, "COMPR_M": 117.79, "CLASSE": "02 - Curta", "CD_FAZ": "400292", "TALHOES": "1", "FAZ_tAL": "400292001", "ID_LINHA": 95848 }, "geometry": { "type": "MultiLineString", "coordinates": [ [ [ 414147.047570612863638, 7632461.179949784651399 ], [ 414178.133998557867017, 7632444.080275289714336 ], [ 414210.722395941382274, 7632424.561165965162218 ], [ 414247.70082343876129, 7632400.198232483118773 ] ] ] } },
{ "type": "Feature", "properties": { "fid": 85.0, "COMPR_M": 126.06, "CLASSE": "02 - Curta", "CD_FAZ": "400292", "TALHOES": "1", "FAZ_tAL": "400292001", "ID_LINHA": 95849 }, "geometry": { "type": "MultiLineString", "coordinates": [ [ [ 414139.947882625390776, 7632461.490871407091618 ], [ 414176.639788061729632, 7632441.478280728682876 ], [ 414209.132436545449309, 7632422.016521057114005 ], [ 414247.793697729590349, 7632396.45818592607975 ] ] ] } },
{ "type": "Feature", "properties": { "fid": 86.0, "COMPR_M": 134.56, "CLASSE": "02 - Curta", "CD_FAZ": "400292", "TALHOES": "1", "FAZ_tAL": "400292001", "ID_LINHA": 95850 }, "geometry": { "type": "MultiLineString", "coordinates": [ [ [ 414132.649079699884169, 7632461.810513010248542 ], [ 414142.25706108432496, 7632456.967233364470303 ], [ 414175.145577565475833, 7632438.876286168582737 ], [ 414207.542477149399929, 7632419.47187614813447 ], [ 414239.344324196106754, 7632398.7590755764395 ], [ 414247.926040909951553, 7632392.690227622166276 ] ] ] } },
{ "type": "Feature", "properties": { "fid": 87.0, "COMPR_M": 143.07, "CLASSE": "02 - Curta", "CD_FAZ": "400292", "TALHOES": "1", "FAZ_tAL": "400292001", "ID_LINHA": 95851 }, "geometry": { "type": "MultiLineString", "coordinates": [ [ [ 414125.35027677740436, 7632462.130154608748853 ], [ 414140.858462255040649, 7632454.312645805068314 ], [ 414173.65136706904741, 7632436.274291606619954 ], [ 414205.952517753117718, 7632416.92723123729229 ], [ 414237.658982260385528, 7632396.276554089039564 ], [ 414248.058384091360494, 7632388.922269320115447 ] ] ] } },
{ "type": "Feature", "properties": { "fid": 88.0, "COMPR_M": 151.65, "CLASSE": "02 - Curta", "CD_FAZ": "400292", "TALHOES": "1", "FAZ_tAL": "400292001", "ID_LINHA": 95852 }, "geometry": { "type": "MultiLineString", "coordinates": [ [ [ 414118.051473854109645, 7632462.4497962128371 ], [ 414139.45986342796823, 7632451.658058250322938 ], [ 414172.157156572386157, 7632433.672297047451138 ], [ 414204.36255835724296, 7632414.3825863301754 ], [ 414235.973640323849395, 7632393.794032601639628 ], [ 414248.261985354940407, 7632385.103918479755521 ] ] ] } },
{ "type": "Feature", "properties": { "fid": 89.0, "COMPR_M": 160.52, "CLASSE": "02 - Curta", "CD_FAZ": "400292", "TALHOES": "1", "FAZ_tAL": "400292001", "ID_LINHA": 95853 }, "geometry": { "type": "MultiLineString", "coordinates": [ [ [ 414110.752670931746252, 7632462.769437814131379 ], [ 414138.061264601128642, 7632449.003470690920949 ], [ 414170.662946075550281, 7632431.070302488282323 ], [ 414202.772598961251788, 7632411.837941421195865 ], [ 414234.288298388535623, 7632391.311511112377048 ], [ 414248.693248899828177, 7632381.124568644911051 ] ] ] } },
{ "type": "Feature", "properties": { "fid": 90.0, "COMPR_M": 169.42, "CLASSE": "02 - Curta", "CD_FAZ": "400292", "TALHOES": "1", "FAZ_tAL": "400292001", "ID_LINHA": 95854 }, "geometry": { "type": "MultiLineString", "coordinates": [ [ [ 414103.426644871127792, 7632463.09027162194252 ], [ 414136.662665773881599, 7632446.348883133381605 ], [ 414169.168735577957705, 7632428.468307927250862 ], [ 414201.182639564271085, 7632409.293296514078975 ], [ 414232.602956453105435, 7632388.828989624977112 ], [ 414249.124512444599532, 7632377.145218810066581 ] ] ] } },
{ "type": "Feature", "properties": { "fid": 91.0, "COMPR_M": 178.86, "CLASSE": "02 - Curta", "CD_FAZ": "400292", "TALHOES": "1", "FAZ_tAL": "400292001", "ID_LINHA": 95855 }, "geometry": { "type": "MultiLineString", "coordinates": [ [ [ 414095.501537579519209, 7632463.437341410666704 ], [ 414135.264066946227103, 7632443.694295577704906 ], [ 414167.674525082111359, 7632425.866313366219401 ], [ 414199.592680168512743, 7632406.748651601374149 ], [ 414230.917614517500624, 7632386.346468133851886 ], [ 414249.555775988672394, 7632373.165868975222111 ] ] ] } },
{ "type": "Feature", "properties": { "fid": 92.0, "COMPR_M": 188.3, "CLASSE": "02 - Curta", "CD_FAZ": "400292", "TALHOES": "1", "FAZ_tAL": "400292001", "ID_LINHA": 95856 }, "geometry": { "type": "MultiLineString", "coordinates": [ [ [ 414087.576430289656855, 7632463.784411197528243 ], [ 414101.108305173926055, 7632457.552240065298975 ], [ 414133.865468116942793, 7632441.039708018302917 ], [ 414166.180314586032182, 7632423.264318805187941 ], [ 414198.00272077252157, 7632404.204006692394614 ], [ 414229.232272581779398, 7632383.863946648314595 ], [ 414249.987039531872142, 7632369.186519140377641 ] ] ] } },
{ "type": "Feature", "properties": { "fid": 93.0, "COMPR_M": 197.91, "CLASSE": "02 - Curta", "CD_FAZ": "400292", "TALHOES": "1", "FAZ_tAL": "400292001", "ID_LINHA": 95857 }, "geometry": { "type": "MultiLineString", "coordinates": [ [ [ 414079.651322999619879, 7632464.131480986252427 ], [ 414099.80521794926608, 7632454.849506139755249 ], [ 414132.466869290510658, 7632438.385120460763574 ], [ 414164.68610408983659, 7632420.662324246019125 ], [ 414196.412761376355775, 7632401.659361784346402 ], [ 414227.546930645243265, 7632381.381425159983337 ], [ 414250.546147725312039, 7632365.116759687662125 ] ] ] } },
{ "type": "Feature", "properties": { "fid": 94.0, "COMPR_M": 207.58, "CLASSE": "02 - Curta", "CD_FAZ": "400292", "TALHOES": "1", "FAZ_tAL": "400292001", "ID_LINHA": 95858 }, "geometry": { "type": "MultiLineString", "coordinates": [ [ [ 414071.726215710688848, 7632464.478550774976611 ], [ 414098.502130724606104, 7632452.146772215142846 ], [ 414131.068270462332293, 7632435.73053290322423 ], [ 414163.191893592069391, 7632418.060329684987664 ], [ 414194.822801980597433, 7632399.114716874435544 ], [ 414225.861588709871285, 7632378.898903672583401 ], [ 414251.16843132278882, 7632361.002323634922504 ] ] ] } },
{ "type": "Feature", "properties": { "fid": 95.0, "COMPR_M": 217.23, "CLASSE": "02 - Curta", "CD_FAZ": "400292", "TALHOES": "1", "FAZ_tAL": "400292001", "ID_LINHA": 95859 }, "geometry": { "type": "MultiLineString", "coordinates": [ [ [ 414063.752453381079249, 7632464.821590587496758 ], [ 414097.199043499305844, 7632449.444038290530443 ], [ 414129.669671635085251, 7632433.075945345684886 ], [ 414161.697683097561821, 7632415.458335123956203 ], [ 414193.232842583965976, 7632396.570071968249977 ], [ 414224.176246774382889, 7632376.416382186114788 ], [ 414251.729115838650614, 7632356.931449430063367 ] ] ] } },
{ "type": "Feature", "properties": { "fid": 96.0, "COMPR_M": 227.18, "CLASSE": "02 - Curta", "CD_FAZ": "400292", "TALHOES": "1", "FAZ_tAL": "400292001", "ID_LINHA": 95860 }, "geometry": { "type": "MultiLineString", "coordinates": [ [ [ 414055.131587494630367, 7632465.186352937482297 ], [ 414095.895956274005584, 7632446.74130436591804 ], [ 414128.271072806150187, 7632430.421357788145542 ], [ 414160.203472600784153, 7632412.856340560130775 ], [ 414191.64288318780018, 7632394.025427058339119 ], [ 414222.490904838137794, 7632373.933860694989562 ], [ 414252.050025361590087, 7632353.030140133574605 ] ] ] } },
{ "type": "Feature", "properties": { "fid": 97.0, "COMPR_M": 237.21, "CLASSE": "02 - Curta", "CD_FAZ": "400292", "TALHOES": "1", "FAZ_tAL": "400292001", "ID_LINHA": 95861 }, "geometry": { "type": "MultiLineString", "coordinates": [ [ [ 414046.510721609345637, 7632465.551115285605192 ], [ 414061.983089665882289, 7632459.057163754478097 ], [ 414094.592869049403816, 7632444.038570439442992 ], [ 414126.872473979485221, 7632427.766770230606198 ], [ 414158.709262102551293, 7632410.254346002824605 ], [ 414190.052923792158253, 7632391.480782149359584 ], [ 414220.805562903056853, 7632371.451339207589626 ], [ 414252.37992888293229, 7632349.0194904608652 ] ] ] } },
{ "type": "Feature", "properties": { "fid": 98.0, "COMPR_M": 247.34, "CLASSE": "02 - Curta", "CD_FAZ": "400292", "TALHOES": "1", "FAZ_tAL": "400292001", "ID_LINHA": 95862 }, "geometry": { "type": "MultiLineString", "coordinates": [ [ [ 414037.889855727204122, 7632465.915877636522055 ], [ 414060.774742693465669, 7632456.310796741396189 ], [ 414093.289781824103557, 7632441.335836515761912 ], [ 414125.473875151656102, 7632425.112182672135532 ], [ 414157.215051607461646, 7632407.652351440861821 ], [ 414188.462964394246228, 7632388.936137239448726 ], [ 414219.120220965880435, 7632368.968817719258368 ], [ 414252.788301479187794, 7632344.937851159833372 ] ] ] } },
{ "type": "Feature", "properties": { "fid": 99.0, "COMPR_M": 257.49, "CLASSE": "02 - Curta", "CD_FAZ": "400292", "TALHOES": "1", "FAZ_tAL": "400292001", "ID_LINHA": 95863 }, "geometry": { "type": "MultiLineString", "coordinates": [ [ [ 414029.268989842908923, 7632466.28063998837024 ], [ 414059.566395721863955, 7632453.564429731108248 ], [ 414091.986694600142073, 7632438.633102590218186 ], [ 414124.075276323477738, 7632422.457595115527511 ], [ 414155.720841110218316, 7632405.05035687983036 ], [ 414186.873004999477416, 7632386.391492333263159 ], [ 414217.434879031847231, 7632366.48629623092711 ], [ 414253.216068111476488, 7632340.841444504447281 ] ] ] } },
{ "type": "Feature", "properties": { "fid": 100.0, "COMPR_M": 268.19, "CLASSE": "02 - Curta", "CD_FAZ": "400292", "TALHOES": "1", "FAZ_tAL": "400292001", "ID_LINHA": 95864 }, "geometry": { "type": "MultiLineString", "coordinates": [ [ [ 414020.070538041647524, 7632466.669840900227427 ], [ 414058.358048748341389, 7632450.818062719888985 ], [ 414090.683607374900021, 7632435.930368664674461 ], [ 414122.676677495590411, 7632419.803007556125522 ], [ 414154.226630614080932, 7632402.448362320661545 ], [ 414185.283045603195205, 7632383.846847424283624 ], [ 414215.749537095078267, 7632364.003774743527174 ], [ 414253.643834743765183, 7632336.745037843473256 ] ] ] } },
{ "type": "Feature", "properties": { "fid": 101.0, "COMPR_M": 279.12, "CLASSE": "02 - Curta", "CD_FAZ": "400292", "TALHOES": "1", "FAZ_tAL": "400292001", "ID_LINHA": 95865 }, "geometry": { "type": "MultiLineString", "coordinates": [ [ [ 414010.636428165249527, 7632467.069012878462672 ], [ 414024.860454412002582, 7632461.623907409608364 ], [ 414057.149701776157599, 7632448.071695709601045 ], [ 414089.380520149657968, 7632433.227634740993381 ], [ 414121.278078668052331, 7632417.148420000448823 ], [ 414152.732420118467417, 7632399.846367760561407 ], [ 414183.693086207378656, 7632381.302202513441443 ], [ 414214.064195158833172, 7632361.521253256127238 ], [ 414243.380440984328743, 7632340.789289655163884 ], [ 414254.071601374773309, 7632332.64863118249923 ] ] ] } },
{ "type": "Feature", "properties": { "fid": 102.0, "COMPR_M": 289.94, "CLASSE": "02 - Curta", "CD_FAZ": "400292", "TALHOES": "1", "FAZ_tAL": "400292001", "ID_LINHA": 95866 }, "geometry": { "type": "MultiLineString", "coordinates": [ [ [ 414001.202318289666437, 7632467.468184855766594 ], [ 414023.743395956233144, 7632458.839225435629487 ], [ 414055.941354804090224, 7632445.325328698381782 ], [ 414088.0774329250562, 7632430.524900814518332 ], [ 414119.879479839990381, 7632414.493832440115511 ], [ 414151.238209620700218, 7632397.244373199529946 ], [ 414182.103126812027767, 7632378.757557603530586 ], [ 414212.37885322375223, 7632359.038731765002012 ], [ 414241.605089004617184, 7632338.370421779341996 ], [ 414254.415165191749111, 7632328.616339770145714 ] ] ] } },
{ "type": "Feature", "properties": { "fid": 103.0, "COMPR_M": 300.72, "CLASSE": "03 - Média", "CD_FAZ": "400292", "TALHOES": "1", "FAZ_tAL": "400292001", "ID_LINHA": 95867 }, "geometry": { "type": "MultiLineString", "coordinates": [ [ [ 413991.768208417342976, 7632467.867356835864484 ], [ 414022.626337500521913, 7632456.054543463513255 ], [ 414054.733007831440773, 7632442.578961684368551 ], [ 414086.774345699814148, 7632427.82216688990593 ], [ 414118.480881013558246, 7632411.839244884438813 ], [ 414149.74399912339868, 7632394.642378637567163 ], [ 414180.513167414523195, 7632376.212912694551051 ], [ 414210.693511287914589, 7632356.556210276670754 ], [ 414239.829737024672795, 7632335.95155390445143 ], [ 414254.730092231475282, 7632324.605853490531445 ] ] ] } },
{ "type": "Feature", "properties": { "fid": 104.0, "COMPR_M": 312.1, "CLASSE": "03 - Média", "CD_FAZ": "400292", "TALHOES": "1", "FAZ_tAL": "400292001", "ID_LINHA": 95868 }, "geometry": { "type": "MultiLineString", "coordinates": [ [ [ 413981.546038223663345, 7632468.299872879870236 ], [ 414021.509279044286814, 7632453.269861489534378 ], [ 414053.524660858907737, 7632439.832594675943255 ], [ 414085.471258475270588, 7632425.119432963430882 ], [ 414117.082282184739597, 7632409.184657325968146 ], [ 414148.249788628600072, 7632392.040384078398347 ], [ 414178.923208018764853, 7632373.668267788365483 ], [ 414209.008169351960532, 7632354.073688790202141 ], [ 414238.054385045252275, 7632333.532686029560864 ], [ 414254.922933304798789, 7632320.688328140415251 ] ] ] } },
{ "type": "Feature", "properties": { "fid": 105.0, "COMPR_M": 323.44, "CLASSE": "03 - Média", "CD_FAZ": "400292", "TALHOES": "1", "FAZ_tAL": "400292001", "ID_LINHA": 95869 }, "geometry": { "type": "MultiLineString", "coordinates": [ [ [ 413971.208997747977264, 7632468.73724926635623 ], [ 413988.63582089781994, 7632462.641860235482454 ], [ 414020.392220588168129, 7632450.485179513692856 ], [ 414052.316313886432908, 7632437.086227664723992 ], [ 414084.168171250028536, 7632422.416699040681124 ], [ 414115.683683357550763, 7632406.530069768428802 ], [ 414146.755578131647781, 7632389.438389515504241 ], [ 414177.333248622831888, 7632371.123622879385948 ], [ 414207.32282741589006, 7632351.59116730093956 ], [ 414236.279033063794486, 7632331.113818154670298 ], [ 414255.000482968171127, 7632316.858590077608824 ] ] ] } },
{ "type": "Feature", "properties": { "fid": 106.0, "COMPR_M": 334.78, "CLASSE": "03 - Média", "CD_FAZ": "400292", "TALHOES": "1", "FAZ_tAL": "400292001", "ID_LINHA": 95870 }, "geometry": { "type": "MultiLineString", "coordinates": [ [ [ 413960.871957271767315, 7632469.174625653773546 ], [ 413987.604100591037422, 7632459.824509930796921 ], [ 414019.27516213216586, 7632447.700497539713979 ], [ 414051.107966914016288, 7632434.339860651642084 ], [ 414082.865084025543183, 7632419.713965115137398 ], [ 414114.285084530012682, 7632403.875482211820781 ], [ 414145.261367635219358, 7632386.836394958198071 ], [ 414175.743289226724301, 7632368.578977968543768 ], [ 414205.63748548028525, 7632349.108645812608302 ], [ 414234.503681085363496, 7632328.69495027884841 ], [ 414255.078032631601673, 7632313.028852015733719 ] ] ] } },
{ "type": "Feature", "properties": { "fid": 107.0, "COMPR_M": 346.61, "CLASSE": "03 - Média", "CD_FAZ": "400292", "TALHOES": "1", "FAZ_tAL": "400292001", "ID_LINHA": 95871 }, "geometry": { "type": "MultiLineString", "coordinates": [ [ [ 413950.037374115549028, 7632469.633053850382566 ], [ 413986.572380284080282, 7632457.007159622386098 ], [ 414018.158103675581515, 7632444.915815566666424 ], [ 414049.899619941716082, 7632431.593493638560176 ], [ 414081.561996800999623, 7632417.011231187731028 ], [ 414112.88648570200894, 7632401.220894653350115 ], [ 414143.767157138558105, 7632384.234400395303965 ], [ 414174.153329829743598, 7632366.034333059564233 ], [ 414203.952143544680439, 7632346.626124322414398 ], [ 414232.728329106234014, 7632326.276082404889166 ], [ 414255.156825838377699, 7632309.198167068883777 ] ] ] } },
{ "type": "Feature", "properties": { "fid": 108.0, "COMPR_M": 358.81, "CLASSE": "03 - Média", "CD_FAZ": "400292", "TALHOES": "1", "FAZ_tAL": "400292001", "ID_LINHA": 95872 }, "geometry": { "type": "MultiLineString", "coordinates": [ [ [ 413938.706239073479082, 7632470.112491935491562 ], [ 413985.54065997566795, 7632454.189809314906597 ], [ 414017.041045219753869, 7632442.131133594550192 ], [ 414048.691272969474085, 7632428.847126627340913 ], [ 414080.258909575175494, 7632414.30849726498127 ], [ 414111.487886874296237, 7632398.566307093948126 ], [ 414142.272946641780436, 7632381.632405836135149 ], [ 414172.563370433228556, 7632363.489688152447343 ], [ 414202.266801608842798, 7632344.143602835014462 ], [ 414230.95297712564934, 7632323.85721452627331 ], [ 414255.156952166114934, 7632305.427382094785571 ] ] ] } },
{ "type": "Feature", "properties": { "fid": 109.0, "COMPR_M": 371.01, "CLASSE": "03 - Média", "CD_FAZ": "400292", "TALHOES": "1", "FAZ_tAL": "400292001", "ID_LINHA": 95873 }, "geometry": { "type": "MultiLineString", "coordinates": [ [ [ 413927.37510402710177, 7632470.591930026188493 ], [ 413953.325660335307475, 7632462.279450904577971 ], [ 413984.508939668303356, 7632451.372459009289742 ], [ 414015.923986763460562, 7632439.346451619639993 ], [ 414047.482925996708218, 7632426.100759617052972 ], [ 414078.955822350690141, 7632411.605763340368867 ], [ 414110.089288046932779, 7632395.911719538271427 ], [ 414140.778736146108713, 7632379.030411275103688 ], [ 414170.97341103781946, 7632360.945043245330453 ], [ 414200.581459672888741, 7632341.661081347614527 ], [ 414229.177625145530328, 7632321.438346652314067 ], [ 414255.157078496180475, 7632301.656597120687366 ] ] ] } },
{ "type": "Feature", "properties": { "fid": 110.0, "COMPR_M": 383.79, "CLASSE": "03 - Média", "CD_FAZ": "400292", "TALHOES": "1", "FAZ_tAL": "400292001", "ID_LINHA": 95874 }, "geometry": { "type": "MultiLineString", "coordinates": [ [ [ 413915.473570322152227, 7632471.095502572134137 ], [ 413952.372679076739587, 7632459.434559997171164 ], [ 413983.47721935948357, 7632448.555108699947596 ], [ 414014.806928307923954, 7632436.56176964379847 ], [ 414046.274579023360275, 7632423.354392604902387 ], [ 414077.652735126204789, 7632408.903029415756464 ], [ 414108.69068921910366, 7632393.257131978869438 ], [ 414139.284525649622083, 7632376.428416712209582 ], [ 414169.383451641653664, 7632358.40039833355695 ], [ 414198.896117737516761, 7632339.178559860214591 ], [ 414227.402273165935185, 7632319.019478777423501 ], [ 414255.157205978990532, 7632297.851335139945149 ] ] ] } },
{ "type": "Feature", "properties": { "fid": 111.0, "COMPR_M": 397.1, "CLASSE": "03 - Média", "CD_FAZ": "400292", "TALHOES": "1", "FAZ_tAL": "400292001", "ID_LINHA": 95875 }, "geometry": { "type": "MultiLineString", "coordinates": [ [ [ 413903.06010349013377, 7632471.62073581200093 ], [ 413951.419697817240376, 7632456.589669093489647 ], [ 413982.445499053050298, 7632445.737758396193385 ], [ 414013.68986985180527, 7632433.777087669819593 ], [ 414045.066232050710823, 7632420.608025595545769 ], [ 414076.349647901079152, 7632406.200295487418771 ], [ 414107.292090390867088, 7632390.602544423192739 ], [ 414137.790315152378753, 7632373.826422154903412 ], [ 414167.793492245837115, 7632355.855753424577415 ], [ 414197.210775800747797, 7632336.69603837095201 ], [ 414225.62692118488485, 7632316.600610898807645 ], [ 414255.157335344178136, 7632293.989909986034036 ] ] ] } },
{ "type": "Feature", "properties": { "fid": 112.0, "COMPR_M": 410.41, "CLASSE": "03 - Média", "CD_FAZ": "400292", "TALHOES": "1", "FAZ_tAL": "400292001", "ID_LINHA": 95876 }, "geometry": { "type": "MultiLineString", "coordinates": [ [ [ 413890.646636658988427, 7632472.145969054661691 ], [ 413919.789033798035234, 7632463.571449894458055 ], [ 413950.466716558206826, 7632453.744778187014163 ], [ 413981.413778743823059, 7632442.92040809057653 ], [ 414012.572811395104509, 7632430.992405695840716 ], [ 414043.857885079516564, 7632417.861658579669893 ], [ 414075.046560676652007, 7632403.497561562806368 ], [ 414105.893491563620046, 7632387.947956864722073 ], [ 414136.296104656241369, 7632371.224427592009306 ], [ 414166.203532849962357, 7632353.31110851559788 ], [ 414195.525433866423555, 7632334.213516882620752 ], [ 414223.85156920569716, 7632314.181743025779724 ], [ 414255.157464709714986, 7632290.128484832122922 ] ] ] } },
{ "type": "Feature", "properties": { "fid": 113.0, "COMPR_M": 424.74, "CLASSE": "03 - Média", "CD_FAZ": "400292", "TALHOES": "1", "FAZ_tAL": "400292001", "ID_LINHA": 95877 }, "geometry": { "type": "MultiLineString", "coordinates": [ [ [ 413877.178152005595621, 7632472.715841755270958 ], [ 413918.907934446411673, 7632460.703533787280321 ], [ 413949.513735299464315, 7632450.899887284263968 ], [ 413980.382058437680826, 7632440.103057785890996 ], [ 414011.455752939276863, 7632428.207723721861839 ], [ 414042.649538107041735, 7632415.11529156845063 ], [ 414073.743473450944293, 7632400.794827638193965 ], [ 414104.494892735325266, 7632385.293369309976697 ], [ 414134.801894159929361, 7632368.62243303284049 ], [ 414164.613573453156278, 7632350.766463607549667 ], [ 414193.840091930003837, 7632331.730995395220816 ], [ 414222.076217225694563, 7632311.762875149957836 ], [ 414255.157594076183159, 7632286.267059680074453 ] ] ] } },
{ "type": "Feature", "properties": { "fid": 114.0, "COMPR_M": 439.2, "CLASSE": "03 - Média", "CD_FAZ": "400292", "TALHOES": "1", "FAZ_tAL": "400292001", "ID_LINHA": 95878 }, "geometry": { "type": "MultiLineString", "coordinates": [ [ [ 413863.581882253056392, 7632473.291121238842607 ], [ 413887.762218064803164, 7632466.740325732156634 ], [ 413918.026835093682166, 7632457.835617681965232 ], [ 413948.560754039790481, 7632448.054996377788484 ], [ 413979.350338129443116, 7632437.285707477480173 ], [ 414010.338694482808933, 7632425.423041749745607 ], [ 414041.441191134683322, 7632412.368924558162689 ], [ 414072.440386226517148, 7632398.092093715444207 ], [ 414103.096293907961808, 7632382.638781748712063 ], [ 414133.307683663500939, 7632366.02043847180903 ], [ 414163.023614056815859, 7632348.221818699501455 ], [ 414192.154749993467703, 7632329.248473905958235 ], [ 414220.300865244935267, 7632309.344007274135947 ], [ 414255.157723441021517, 7632282.405634527094662 ] ] ] } },
{ "type": "Feature", "properties": { "fid": 115.0, "COMPR_M": 454.32, "CLASSE": "03 - Média", "CD_FAZ": "400292", "TALHOES": "1", "FAZ_tAL": "400292001", "ID_LINHA": 95879 }, "geometry": { "type": "MultiLineString", "coordinates": [ [ [ 413849.215271084103733, 7632473.898995080962777 ], [ 413886.946494678442832, 7632463.853174165822566 ], [ 413917.14573574194219, 7632454.967701570130885 ], [ 413947.607772781164385, 7632445.210105475969613 ], [ 413978.318617822253145, 7632434.468357171863317 ], [ 414009.221636026515625, 7632422.63835977576673 ], [ 414040.232844162383117, 7632409.622557549737394 ], [ 414071.137299001507927, 7632395.389359788969159 ], [ 414101.697695080249105, 7632379.984194191172719 ], [ 414131.813473166199401, 7632363.418443910777569 ], [ 414161.433654660359025, 7632345.677173789590597 ], [ 414190.469408058212139, 7632326.765952419489622 ], [ 414218.525513265980408, 7632306.925139399245381 ], [ 414255.080018814478535, 7632278.607281029224396 ] ] ] } },
{ "type": "Feature", "properties": { "fid": 116.0, "COMPR_M": 470.06, "CLASSE": "03 - Média", "CD_FAZ": "400292", "TALHOES": "1", "FAZ_tAL": "400292001", "ID_LINHA": 95880 }, "geometry": { "type": "MultiLineString", "coordinates": [ [ [ 413834.159137172042392, 7632474.536043706350029 ], [ 413886.130771290976554, 7632460.966022592037916 ], [ 413916.26463638903806, 7632452.099785462021828 ], [ 413946.654791521606967, 7632442.365214569494128 ], [ 413977.286897515587043, 7632431.651006863452494 ], [ 414008.104577570280526, 7632419.853677799925208 ], [ 414039.024497190257534, 7632406.876190533861518 ], [ 414069.834211775800213, 7632392.686625862494111 ], [ 414100.299096252769232, 7632377.329606633633375 ], [ 414130.319262670818716, 7632360.816449348814785 ], [ 414159.843695265008137, 7632343.132528880611062 ], [ 414188.784066122781951, 7632324.283430931158364 ], [ 414216.750161286268849, 7632304.506271524354815 ], [ 414243.331106578814797, 7632284.266523022204638 ], [ 414254.965020342846401, 7632274.839148068800569 ] ] ] } },
{ "type": "Feature", "properties": { "fid": 117.0, "COMPR_M": 486.57, "CLASSE": "03 - Média", "CD_FAZ": "400292", "TALHOES": "1", "FAZ_tAL": "400292001", "ID_LINHA": 95881 }, "geometry": { "type": "MultiLineString", "coordinates": [ [ [ 413818.320982622914016, 7632475.206180855631828 ], [ 413855.257229484792333, 7632466.221959828399122 ], [ 413885.31504790566396, 7632458.078871021047235 ], [ 413915.383537037763745, 7632449.231869356706738 ], [ 413945.701810262457002, 7632439.520323665812612 ], [ 413976.255177206767257, 7632428.833656555972993 ], [ 414006.987519114220049, 7632417.068995825946331 ], [ 414037.816150217549875, 7632404.1298235245049 ], [ 414068.531124551489484, 7632389.983891937881708 ], [ 414098.900497424998321, 7632374.675019076094031 ], [ 414128.82505217322614, 7632358.214454790577292 ], [ 414158.253735869482625, 7632340.587883969768882 ], [ 414187.098724187235348, 7632321.80090944096446 ], [ 414214.974809305043891, 7632302.087403647601604 ], [ 414241.477601843129378, 7632281.907163643278182 ], [ 414254.850021872785874, 7632271.071015102788806 ] ] ] } },
{ "type": "Feature", "properties": { "fid": 118.0, "COMPR_M": 504.22, "CLASSE": "03 - Média", "CD_FAZ": "400292", "TALHOES": "1", "FAZ_tAL": "400292001", "ID_LINHA": 95882 }, "geometry": { "type": "MultiLineString", "coordinates": [ [ [ 413801.317869908758439, 7632475.925609205849469 ], [ 413824.187231335439719, 7632470.823751603253186 ], [ 413854.504418516356964, 7632463.317764393985271 ], [ 413884.499324518546928, 7632455.191719450056553 ], [ 413914.502437685383484, 7632446.363953244872391 ], [ 413944.748829003015999, 7632436.675432762131095 ], [ 413975.223456900333986, 7632426.016306249424815 ], [ 414005.870460658275988, 7632414.284313851967454 ], [ 414036.607803244201932, 7632401.383456512354314 ], [ 414067.228037327178754, 7632387.281158013269305 ], [ 414097.501898597402032, 7632372.020431518554688 ], [ 414127.330841676797718, 7632355.612460227683187 ], [ 414156.663776472385507, 7632338.043239063583314 ], [ 414185.413382250932045, 7632319.318387954495847 ], [ 414213.199457326438278, 7632299.668535774573684 ], [ 414239.624097106861882, 7632279.547804263420403 ], [ 414254.735023400979117, 7632267.302882139571011 ] ] ] } },
{ "type": "Feature", "properties": { "fid": 119.0, "COMPR_M": 523.27, "CLASSE": "03 - Média", "CD_FAZ": "400292", "TALHOES": "1", "FAZ_tAL": "400292001", "ID_LINHA": 95883 }, "geometry": { "type": "MultiLineString", "coordinates": [ [ [ 413782.905629421351478, 7632476.704659964889288 ], [ 413823.500047962996177, 7632467.903307961300015 ], [ 413853.751607547048479, 7632460.413568954914808 ], [ 413883.683601131662726, 7632452.304567879065871 ], [ 413913.621338333876338, 7632443.496037138625979 ], [ 413943.795847743982449, 7632433.830541854724288 ], [ 413974.191736592445523, 7632423.19895594380796 ], [ 414004.753402202390134, 7632411.499631877988577 ], [ 414035.39945627230918, 7632398.637089502066374 ], [ 414065.924950102926232, 7632384.578424086794257 ], [ 414096.103299768816214, 7632369.365843961015344 ], [ 414125.836631181533448, 7632353.010465668514371 ], [ 414155.073817077151034, 7632335.498594153672457 ], [ 414183.728040315152612, 7632316.835866466164589 ], [ 414211.424105346319266, 7632297.249667894095182 ], [ 414237.770592371933162, 7632277.18844488542527 ], [ 414254.620024930627551, 7632263.534749176353216 ] ] ] } },
{ "type": "Feature", "properties": { "fid": 120.0, "COMPR_M": 543.6, "CLASSE": "03 - Média", "CD_FAZ": "400292", "TALHOES": "1", "FAZ_tAL": "400292001", "ID_LINHA": 95884 }, "geometry": { "type": "MultiLineString", "coordinates": [ [ [ 413763.190985921188258, 7632477.538817437365651 ], [ 413792.212958307587542, 7632471.809306107461452 ], [ 413822.812864591309335, 7632464.98286432120949 ], [ 413852.998796578845941, 7632457.509373523294926 ], [ 413882.867877746233717, 7632449.41741631180048 ], [ 413912.740238981321454, 7632440.628121028654277 ], [ 413942.842866484657861, 7632430.985650951042771 ], [ 413973.160016283683944, 7632420.381605640053749 ], [ 414003.636343747377396, 7632408.7149499040097 ], [ 414034.191109300532844, 7632395.890722490847111 ], [ 414064.621862876694649, 7632381.875690162181854 ], [ 414094.704700941802002, 7632366.711256403476 ], [ 414124.342420684173703, 7632350.40847110748291 ], [ 414153.483857680403162, 7632332.953949244692922 ], [ 414182.042698378616478, 7632314.353344980627298 ], [ 414209.648753366665915, 7632294.830800021067262 ], [ 414235.917087636422366, 7632274.829085510224104 ], [ 414254.506004710390698, 7632259.765823501162231 ] ] ] } },
{ "type": "Feature", "properties": { "fid": 121.0, "COMPR_M": 567.57, "CLASSE": "03 - Média", "CD_FAZ": "400292", "TALHOES": "1", "FAZ_tAL": "400292001", "ID_LINHA": 95885 }, "geometry": { "type": "MultiLineString", "coordinates": [ [ [ 413739.879890840617009, 7632478.525146411731839 ], [ 413760.659279261191841, 7632474.9807233447209 ], [ 413791.595740732969716, 7632468.873254004865885 ], [ 413822.125681218924001, 7632462.062420677393675 ], [ 413852.245985610410571, 7632454.605178085155785 ], [ 413882.052154358418193, 7632446.530264739878476 ], [ 413911.859139628999401, 7632437.76020492054522 ], [ 413941.889885225740727, 7632428.140760047361255 ], [ 413972.12829597608652, 7632417.564255330711603 ], [ 414002.519285290443804, 7632405.930267930030823 ], [ 414032.982762328174431, 7632393.14435547683388 ], [ 414063.318775652442127, 7632379.172956236638129 ], [ 414093.306102113798261, 7632364.056668845936656 ], [ 414122.848210187279619, 7632347.806476547382772 ], [ 414151.893898284179159, 7632330.409304337576032 ], [ 414180.357356444001198, 7632311.870823489502072 ], [ 414207.873401386314072, 7632292.411932146176696 ], [ 414234.063582900969777, 7632272.469726132228971 ], [ 414254.441356143681332, 7632255.956890215165913 ] ] ] } },
{ "type": "Feature", "properties": { "fid": 122.0, "COMPR_M": 595.3, "CLASSE": "03 - Média", "CD_FAZ": "400292", "TALHOES": "1", "FAZ_tAL": "400292001", "ID_LINHA": 95886 }, "geometry": { "type": "MultiLineString", "coordinates": [ [ [ 413712.784357679483946, 7632479.671600896865129 ], [ 413760.116447402979247, 7632472.029986030422151 ], [ 413790.978523160098121, 7632465.937201904132962 ], [ 413821.438497847295366, 7632459.141977034509182 ], [ 413851.493174641742371, 7632451.70098264887929 ], [ 413881.236430973396637, 7632443.643113169819117 ], [ 413910.978040276269894, 7632434.892288812436163 ], [ 413940.936903967172839, 7632425.295869141817093 ], [ 413971.09657566959504, 7632414.746905025094748 ], [ 414001.40222683432512, 7632403.145585956051946 ], [ 414031.774415354593657, 7632390.397988467477262 ], [ 414062.015688427607529, 7632376.470222314819694 ], [ 414091.907503284746781, 7632361.402081290259957 ], [ 414121.353999690909404, 7632345.204481987282634 ], [ 414150.303938887722325, 7632327.864659427665174 ], [ 414178.672014506533742, 7632309.388302000239491 ], [ 414206.09804940642789, 7632289.993064269423485 ], [ 414232.210078165633604, 7632270.110366753302515 ], [ 414254.376707576098852, 7632252.14795693103224 ] ] ] } },
{ "type": "Feature", "properties": { "fid": 123.0, "COMPR_M": 629.98, "CLASSE": "04 - Longa", "CD_FAZ": "400292", "TALHOES": "1", "FAZ_tAL": "400292001", "ID_LINHA": 95887 }, "geometry": { "type": "MultiLineString", "coordinates": [ [ [ 413678.707953453471418, 7632481.11342697776854 ], [ 413728.51587309903698, 7632474.376891580410302 ], [ 413759.573615542147309, 7632469.079248716123402 ], [ 413790.361305586178787, 7632463.001149801537395 ], [ 413820.75131447496824, 7632456.221533394418657 ], [ 413850.740363672899548, 7632448.796787213534117 ], [ 413880.420707585930359, 7632440.75596160069108 ], [ 413910.09694092447171, 7632432.024372704327106 ], [ 413939.983922707033344, 7632422.450978237204254 ], [ 413970.06485536164837, 7632411.929554717615247 ], [ 414000.285168378264643, 7632400.360903983935714 ], [ 414030.566068383108359, 7632387.651621453464031 ], [ 414060.712601201492362, 7632373.767488388344646 ], [ 414090.508904458663892, 7632358.747493729926646 ], [ 414119.859789193724282, 7632342.602487426251173 ], [ 414148.713979492429644, 7632325.320014518685639 ], [ 414176.986672572325915, 7632306.905780512839556 ], [ 414204.322697427123785, 7632287.574196394532919 ], [ 414230.356573429657146, 7632267.751007376238704 ], [ 414254.312059009098448, 7632248.3390236441046 ] ] ] } },
{ "type": "Feature", "properties": { "fid": 124.0, "COMPR_M": 679.14, "CLASSE": "04 - Longa", "CD_FAZ": "400292", "TALHOES": "1", "FAZ_tAL": "400292001", "ID_LINHA": 95888 }, "geometry": { "type": "MultiLineString", "coordinates": [ [ [ 413630.164341426861938, 7632483.19654231145978 ], [ 413667.130741172702983, 7632479.49433521926403 ], [ 413697.274386313161813, 7632475.841721069999039 ], [ 413728.049922989564948, 7632471.413040239363909 ], [ 413759.03078368329443, 7632466.128511400893331 ], [ 413789.744088012026623, 7632460.065097697079182 ], [ 413820.064131103339605, 7632453.301089756190777 ], [ 413849.987552704522386, 7632445.892591780051589 ], [ 413879.60498419997748, 7632437.868810029700398 ], [ 413909.215841572266072, 7632429.156456593424082 ], [ 413939.030941447243094, 7632419.60608733445406 ], [ 413969.03313505416736, 7632409.112204411998391 ], [ 413999.16810992237879, 7632397.576222009956837 ], [ 414029.357721410342492, 7632384.905254444107413 ], [ 414059.409513976657763, 7632371.06475445907563 ], [ 414089.110305630834773, 7632356.092906172387302 ], [ 414118.365578697761521, 7632340.000492865219712 ], [ 414147.124020096263848, 7632322.775369608774781 ], [ 414175.301330637361389, 7632304.423259023576975 ], [ 414202.547345446422696, 7632285.155328519642353 ], [ 414228.503068694379181, 7632265.391647999174893 ], [ 414254.246623875456862, 7632244.483747845515609 ] ] ] } },
{ "type": "Feature", "properties": { "fid": 125.0, "COMPR_M": 762.84, "CLASSE": "04 - Longa", "CD_FAZ": "400292", "TALHOES": "1", "FAZ_tAL": "400292001", "ID_LINHA": 95889 }, "geometry": { "type": "MultiLineString", "coordinates": [ [ [ 413547.129939208563883, 7632486.800800874829292 ], [ 413608.768191984621808, 7632482.092905428260565 ], [ 413666.7966455926653, 7632476.512874478474259 ], [ 413696.880243503430393, 7632472.867536469362676 ], [ 413727.583972880500369, 7632468.449188901111484 ], [ 413758.487951823917683, 7632463.177774086594582 ], [ 413789.126870438165497, 7632457.129045594483614 ], [ 413819.376947729790118, 7632450.380646113306284 ], [ 413849.234741735213902, 7632442.988396340981126 ], [ 413878.789260813617148, 7632434.981658457778394 ], [ 413908.334742220235057, 7632426.288540484383702 ], [ 413938.077960187918507, 7632416.76119642984122 ], [ 413968.001414747093804, 7632406.29485410451889 ], [ 413998.051051465969067, 7632394.791540034115314 ], [ 414028.149374438391533, 7632382.158887431025505 ], [ 414058.106426752521656, 7632368.362020537257195 ], [ 414087.711706802656408, 7632353.438318612985313 ], [ 414116.871368201565929, 7632337.398498306050897 ], [ 414145.534060700680129, 7632320.230724700726569 ], [ 414173.615988700999878, 7632301.940737535245717 ], [ 414200.771993466827553, 7632282.736460642889142 ], [ 414226.649563958577346, 7632263.032288620248437 ], [ 414254.199555152852554, 7632240.580981379374862 ] ] ] } },
{ "type": "Feature", "properties": { "fid": 126.0, "COMPR_M": 902.7, "CLASSE": "05 - Muito longa", "CD_FAZ": "400292", "TALHOES": "1", "FAZ_tAL": "400292001", "ID_LINHA": 95890 }, "geometry": { "type": "MultiLineString", "coordinates": [ [ [ 413408.022239696409088, 7632492.452872961759567 ], [ 413498.510395793942735, 7632487.097054785117507 ], [ 413580.595650653005578, 7632481.331598618999124 ], [ 413637.131489966763183, 7632476.551343069411814 ], [ 413696.486100693233311, 7632469.893351869657636 ], [ 413727.118022769864183, 7632465.485337559133768 ], [ 413757.945119965123013, 7632460.227036772295833 ], [ 413788.509652864711825, 7632454.192993490956724 ], [ 413818.689764358219691, 7632447.460202472284436 ], [ 413848.481930767011363, 7632440.084200903773308 ], [ 413877.973537426732946, 7632432.094506888650358 ], [ 413907.453642867854796, 7632423.420624375343323 ], [ 413937.124978928943165, 7632413.916305523365736 ], [ 413966.969694439903833, 7632403.477503798902035 ], [ 413996.933993011014536, 7632392.006858060136437 ], [ 414026.941027465858497, 7632379.412520420737565 ], [ 414056.803339527803473, 7632365.659286608919501 ], [ 414086.313107974128798, 7632350.783731056377292 ], [ 414115.377157705253921, 7632334.796503744088113 ], [ 414143.944101303466596, 7632317.686079792678356 ], [ 414171.930646765045822, 7632299.458216045983136 ], [ 414198.996641487115994, 7632280.317592769861221 ], [ 414224.796059222833719, 7632260.672929243184626 ], [ 414254.199555151921231, 7632236.638071240857244 ] ] ] } },
{ "type": "Feature", "properties": { "fid": 127.0, "COMPR_M": 903.11, "CLASSE": "05 - Muito longa", "CD_FAZ": "400292", "TALHOES": "1", "FAZ_tAL": "400292001", "ID_LINHA": 95891 }, "geometry": { "type": "MultiLineString", "coordinates": [ [ [ 413408.053779992158525, 7632489.446731084957719 ], [ 413498.317281240946613, 7632484.103272203356028 ], [ 413580.36515770223923, 7632478.340455039404333 ], [ 413636.844596109120175, 7632473.565022438764572 ], [ 413696.091957883734722, 7632466.919167270883918 ], [ 413726.652072662953287, 7632462.521486219018698 ], [ 413757.402288103126921, 7632457.276299461722374 ], [ 413787.892435290908907, 7632451.256941390223801 ], [ 413818.002580986067187, 7632444.539758829399943 ], [ 413847.729119798634201, 7632437.180005471222103 ], [ 413877.157814041420352, 7632429.207355318590999 ], [ 413906.57254351436859, 7632420.552708268165588 ], [ 413936.171997670375276, 7632411.071414619684219 ], [ 413965.937974131898955, 7632400.660153491422534 ], [ 413995.816934554139152, 7632389.222176088020205 ], [ 414025.732680493441876, 7632376.666153410449624 ], [ 414055.50025230308529, 7632362.956552688032389 ], [ 414084.914509147114586, 7632348.129143500700593 ], [ 414113.882947208767291, 7632332.194509183987975 ], [ 414142.354141907475423, 7632315.141434883698821 ], [ 414170.245304828451481, 7632296.975694559514523 ], [ 414197.221289506647736, 7632277.89872489310801 ], [ 414222.942554487846792, 7632258.31356986425817 ], [ 414254.199555153027177, 7632232.69516110047698 ] ] ] } },
{ "type": "Feature", "properties": { "fid": 128.0, "COMPR_M": 903.44, "CLASSE": "05 - Muito longa", "CD_FAZ": "400292", "TALHOES": "1", "FAZ_tAL": "400292001", "ID_LINHA": 95892 }, "geometry": { "type": "MultiLineString", "coordinates": [ [ [ 413408.085320289595984, 7632486.440589210949838 ], [ 413498.124166686320677, 7632481.109489625319839 ], [ 413580.134664751531091, 7632475.349311457015574 ], [ 413636.557702252292074, 7632470.578701802529395 ], [ 413695.697815073828679, 7632463.944982670247555 ], [ 413726.186122552375309, 7632459.557634878903627 ], [ 413756.85945624508895, 7632454.32556214556098 ], [ 413787.275217716174666, 7632448.320889288559556 ], [ 413817.31539761449676, 7632441.619315188378096 ], [ 413846.976308830664493, 7632434.27581003587693 ], [ 413876.34209065430332, 7632426.320203744806349 ], [ 413905.691444163850974, 7632417.684792157262564 ], [ 413935.219016410876065, 7632408.226523716002703 ], [ 413964.906253824941814, 7632397.842803183943033 ], [ 413994.699876098078676, 7632386.437494113110006 ], [ 414024.524333520501386, 7632373.919786396436393 ], [ 414054.19716507778503, 7632360.253818761557341 ], [ 414083.51591031847056, 7632345.474555941298604 ], [ 414112.388736712164246, 7632329.592514623887837 ], [ 414140.764182512008119, 7632312.596789972856641 ], [ 414168.559962891740724, 7632294.493173070251942 ], [ 414195.445937527343631, 7632275.479857018217444 ], [ 414221.08904975221958, 7632255.954210484400392 ], [ 414254.141077499021776, 7632228.802125005051494 ] ] ] } },
{ "type": "Feature", "properties": { "fid": 129.0, "COMPR_M": 903.75, "CLASSE": "05 - Muito longa", "CD_FAZ": "400292", "TALHOES": "1", "FAZ_tAL": "400292001", "ID_LINHA": 95893 }, "geometry": { "type": "MultiLineString", "coordinates": [ [ [ 413408.116860586102121, 7632483.434447340667248 ], [ 413497.931052132742479, 7632478.115707039833069 ], [ 413579.904171800939366, 7632472.358167873695493 ], [ 413636.270808394183405, 7632467.592381170019507 ], [ 413695.303672263282351, 7632460.970798069611192 ], [ 413725.720172443543561, 7632456.593783536925912 ], [ 413756.316624385130126, 7632451.374824833124876 ], [ 413786.65800014307024, 7632445.384837184101343 ], [ 413816.628214242402464, 7632438.698871546424925 ], [ 413846.223497861879878, 7632431.371614599600434 ], [ 413875.526367268059403, 7632423.433052176609635 ], [ 413904.810344810830429, 7632414.816876051947474 ], [ 413934.26603515050374, 7632405.381632812321186 ], [ 413963.874533517227974, 7632395.025452880188823 ], [ 413993.582817642192822, 7632383.652812136337161 ], [ 414023.315986548317596, 7632371.173419386148453 ], [ 414052.894077853125054, 7632357.551084836944938 ], [ 414082.117311491514556, 7632342.81996838375926 ], [ 414110.894526215386577, 7632326.990520061925054 ], [ 414139.174223114969209, 7632310.052145063877106 ], [ 414166.87462095747469, 7632292.010651584714651 ], [ 414193.670585547282826, 7632273.060989139601588 ], [ 414219.235545016708784, 7632253.594851106405258 ], [ 414254.061551706749015, 7632224.927040314301848 ] ] ] } },
{ "type": "Feature", "properties": { "fid": 130.0, "COMPR_M": 904.05, "CLASSE": "05 - Muito longa", "CD_FAZ": "400292", "TALHOES": "1", "FAZ_tAL": "400292001", "ID_LINHA": 95894 }, "geometry": { "type": "MultiLineString", "coordinates": [ [ [ 413408.145864799502306, 7632480.42844330240041 ], [ 413497.737937578232959, 7632475.121924459934235 ], [ 413579.673678849125281, 7632469.367024295032024 ], [ 413635.983914538635872, 7632464.606060534715652 ], [ 413694.909529453609139, 7632457.996613470837474 ], [ 413725.254222334362566, 7632453.629932198673487 ], [ 413755.773792525869794, 7632448.424087520688772 ], [ 413786.040782569034491, 7632442.448785081505775 ], [ 413815.9410308690276, 7632435.778427904471755 ], [ 413845.470686891465448, 7632428.467419165186584 ], [ 413874.710643880651332, 7632420.545900607481599 ], [ 413903.929245458799414, 7632411.94895994104445 ], [ 413933.31305389245972, 7632402.536741903051734 ], [ 413962.842813209339511, 7632392.208102572709322 ], [ 413992.465759185783099, 7632380.868130165152252 ], [ 414022.107639575493522, 7632368.42705237492919 ], [ 414051.59099062718451, 7632354.848350911401212 ], [ 414080.718712664092891, 7632340.165380825288594 ], [ 414109.400315717852209, 7632324.388525500893593 ], [ 414137.584263719152659, 7632307.507500154897571 ], [ 414165.189279020531103, 7632289.528130093589425 ], [ 414191.895233567105606, 7632270.642121266573668 ], [ 414217.382040279917419, 7632251.235491728410125 ], [ 414253.982025917328428, 7632221.05195561889559 ] ] ] } },
{ "type": "Feature", "properties": { "fid": 131.0, "COMPR_M": 904.41, "CLASSE": "05 - Muito longa", "CD_FAZ": "400292", "TALHOES": "1", "FAZ_tAL": "400292001", "ID_LINHA": 95895 }, "geometry": { "type": "MultiLineString", "coordinates": [ [ [ 413408.125360949023161, 7632477.425130041316152 ], [ 413497.544823026051745, 7632472.12814187631011 ], [ 413579.44318589870818, 7632466.375880713574588 ], [ 413635.697020681225695, 7632461.619739901274443 ], [ 413694.515386644052342, 7632455.022428870201111 ], [ 413724.788272225006949, 7632450.666080856695771 ], [ 413755.23096066666767, 7632445.473350204527378 ], [ 413785.423564995347988, 7632439.512732980772853 ], [ 413815.253847498213872, 7632432.857984263449907 ], [ 413844.717875924892724, 7632425.563223728910089 ], [ 413873.894920495455153, 7632417.658749038353562 ], [ 413903.04814610700123, 7632409.081043835729361 ], [ 413932.360072632785887, 7632399.691851003095508 ], [ 413961.811092901276425, 7632389.390752266161144 ], [ 413991.348700730130076, 7632378.083448190242052 ], [ 414020.899292602844071, 7632365.680685363709927 ], [ 414050.28790340264095, 7632352.145616985857487 ], [ 414079.320113837020472, 7632337.51079326774925 ], [ 414107.90610522282077, 7632321.786530939862132 ], [ 414135.994304322404787, 7632304.962855245918036 ], [ 414163.503937085508369, 7632287.045608607120812 ], [ 414190.119881587452255, 7632268.223253391683102 ], [ 414215.528535545861814, 7632248.876132350414991 ], [ 414253.902500126918312, 7632217.176870930939913 ] ] ] } },
{ "type": "Feature", "properties": { "fid": 132.0, "COMPR_M": 904.77, "CLASSE": "05 - Muito longa", "CD_FAZ": "400292", "TALHOES": "1", "FAZ_tAL": "400292001", "ID_LINHA": 95896 }, "geometry": { "type": "MultiLineString", "coordinates": [ [ [ 413408.104857098369393, 7632474.42181677557528 ], [ 413497.351708471542224, 7632469.134359296411276 ], [ 413579.212692948349286, 7632463.384737132117152 ], [ 413635.410126823757309, 7632458.633419265970588 ], [ 413694.121243833273184, 7632452.04824427049607 ], [ 413724.322322114720009, 7632447.702229515649378 ], [ 413754.688128805486485, 7632442.522612889297307 ], [ 413784.806347420671955, 7632436.576680877245963 ], [ 413814.566664126177784, 7632429.937540620565414 ], [ 413843.965064956108108, 7632422.659028293564916 ], [ 413873.079197108396329, 7632414.771597467362881 ], [ 413902.167046755435877, 7632406.213127724826336 ], [ 413931.407091374217998, 7632396.846960098482668 ], [ 413960.779372593620792, 7632386.573401963338256 ], [ 413990.231642274535261, 7632375.29876621812582 ], [ 414019.690945632290095, 7632362.934318348765373 ], [ 414048.984816178737674, 7632349.442883061245084 ], [ 414077.921515008900315, 7632334.856205710209906 ], [ 414106.41189472557744, 7632319.184536380693316 ], [ 414134.404344926879276, 7632302.4182103369385 ], [ 414161.818595150311012, 7632284.563087118789554 ], [ 414188.344529607100412, 7632265.804385514929891 ], [ 414213.675030809885357, 7632246.516772976145148 ], [ 414237.797822673572227, 7632226.969214993529022 ], [ 414253.822974334878381, 7632213.301786238327622 ] ] ] } },
{ "type": "Feature", "properties": { "fid": 133.0, "COMPR_M": 905.12, "CLASSE": "05 - Muito longa", "CD_FAZ": "400292", "TALHOES": "1", "FAZ_tAL": "400292001", "ID_LINHA": 95897 }, "geometry": { "type": "MultiLineString", "coordinates": [ [ [ 413408.084353247482795, 7632471.418503513559699 ], [ 413497.158593918778934, 7632466.140576714649796 ], [ 413578.982199997408316, 7632460.393593548797071 ], [ 413635.123232967045624, 7632455.647098632529378 ], [ 413693.727101023308933, 7632449.07405967079103 ], [ 413723.856372006703168, 7632444.738378178328276 ], [ 413754.145296947041061, 7632439.57187557592988 ], [ 413784.189129847683944, 7632433.640628773719072 ], [ 413813.879480754199903, 7632427.017096979543567 ], [ 413843.212253986450378, 7632419.754832858219743 ], [ 413872.263473722327035, 7632411.884445893578231 ], [ 413901.285947402822785, 7632403.345211616717279 ], [ 413930.454110115417279, 7632394.002069192938507 ], [ 413959.747652285848744, 7632383.75605165399611 ], [ 413989.114583817776293, 7632372.514084246009588 ], [ 414018.482598659116775, 7632360.187951339408755 ], [ 414047.681728952913545, 7632346.740149138495326 ], [ 414076.522916181071196, 7632332.201618152670562 ], [ 414104.917684229556471, 7632316.582541819661856 ], [ 414132.814385529840365, 7632299.873565427958965 ], [ 414160.133253213774879, 7632282.08056562859565 ], [ 414186.569177627156023, 7632263.385517639108002 ], [ 414211.821526074665599, 7632244.157413598150015 ], [ 414235.87977537792176, 7632224.662156756967306 ], [ 414253.743448545108549, 7632209.426701545715332 ] ] ] } },
{ "type": "Feature", "properties": { "fid": 134.0, "COMPR_M": 905.48, "CLASSE": "05 - Muito longa", "CD_FAZ": "400292", "TALHOES": "1", "FAZ_tAL": "400292001", "ID_LINHA": 95898 }, "geometry": { "type": "MultiLineString", "coordinates": [ [ [ 413408.06384939578129, 7632468.415190250612795 ], [ 413496.96547936508432, 7632463.146794135682285 ], [ 413578.751707046583761, 7632457.402449967339635 ], [ 413634.83633911103243, 7632452.660777997225523 ], [ 413693.332958213519305, 7632446.099875071085989 ], [ 413723.390421895834152, 7632441.77452683635056 ], [ 413753.602465087955352, 7632436.621138262562454 ], [ 413783.57191227376461, 7632430.704576671123505 ], [ 413813.192297382163815, 7632424.096653338521719 ], [ 413842.459443019237369, 7632416.850637420080602 ], [ 413871.447750336374156, 7632408.997294323518872 ], [ 413900.404848051141016, 7632400.477295508608222 ], [ 413929.50112885562703, 7632391.157178288325667 ], [ 413958.715931978600565, 7632380.938701344653964 ], [ 413987.997525361890439, 7632369.729402268305421 ], [ 414017.274251686816569, 7632357.441584328189492 ], [ 414046.378641728428192, 7632344.037415212020278 ], [ 414075.124317353533115, 7632329.547030596062541 ], [ 414103.423473732778803, 7632313.98054726049304 ], [ 414131.2244261346641, 7632297.328920520842075 ], [ 414158.447911278344691, 7632279.598044142127037 ], [ 414184.79382564779371, 7632260.966649765148759 ], [ 414209.968021338863764, 7632241.798054218292236 ], [ 414233.961728081398178, 7632222.355098513886333 ], [ 414253.663922753650695, 7632205.551616853103042 ] ] ] } },
{ "type": "Feature", "properties": { "fid": 135.0, "COMPR_M": 905.83, "CLASSE": "05 - Muito longa", "CD_FAZ": "400292", "TALHOES": "1", "FAZ_tAL": "400292001", "ID_LINHA": 95899 }, "geometry": { "type": "MultiLineString", "coordinates": [ [ [ 413408.043345546466298, 7632465.411876989528537 ], [ 413496.772364811622538, 7632460.153011556714773 ], [ 413578.521214095177129, 7632454.411306386813521 ], [ 413634.549445252981968, 7632449.674457363784313 ], [ 413692.938815403147601, 7632443.125690471380949 ], [ 413722.924471787933726, 7632438.810675494372845 ], [ 413753.059633228229359, 7632433.670400949195027 ], [ 413782.954694698855747, 7632427.768524570390582 ], [ 413812.505114010884427, 7632421.176209698431194 ], [ 413841.706632050452754, 7632413.946441987529397 ], [ 413870.632026950013824, 7632406.110142754390836 ], [ 413899.523748699051794, 7632397.609379400499165 ], [ 413928.548147596884519, 7632388.312287384644151 ], [ 413957.684211670421064, 7632378.121351040899754 ], [ 413986.880466904782224, 7632366.944720295257866 ], [ 414016.065904712595511, 7632354.695217316970229 ], [ 414045.075554504699539, 7632341.33468128554523 ], [ 414073.725718525005504, 7632326.89244303945452 ], [ 414101.929263235826511, 7632311.378552699461579 ], [ 414129.634466737974435, 7632294.784275610931218 ], [ 414156.762569342914503, 7632277.115522652864456 ], [ 414183.018473666394129, 7632258.547781888395548 ], [ 414208.114516601839568, 7632239.438694838434458 ], [ 414232.043680784699973, 7632220.048040274530649 ], [ 414253.584396963764448, 7632201.676532157696784 ] ] ] } },
{ "type": "Feature", "properties": { "fid": 136.0, "COMPR_M": 906.2, "CLASSE": "05 - Muito longa", "CD_FAZ": "400292", "TALHOES": "1", "FAZ_tAL": "400292001", "ID_LINHA": 95900 }, "geometry": { "type": "MultiLineString", "coordinates": [ [ [ 413408.022841694415547, 7632462.408563724718988 ], [ 413496.579250257986132, 7632457.159228973090649 ], [ 413578.290721145109273, 7632451.420162804424763 ], [ 413634.262551395746414, 7632446.688136728480458 ], [ 413692.544672592950519, 7632440.151505869813263 ], [ 413722.458521678519901, 7632435.846824157983065 ], [ 413752.516801368503366, 7632430.719663635827601 ], [ 413782.337477125634905, 7632424.832472465932369 ], [ 413811.817930637684185, 7632418.255766055546701 ], [ 413840.953821081493516, 7632411.042246549390256 ], [ 413869.81630356318783, 7632403.222991185262799 ], [ 413898.64264934649691, 7632394.741463292390108 ], [ 413927.595166337268893, 7632385.467396480962634 ], [ 413956.652491364162415, 7632375.304000735282898 ], [ 413985.763408449769486, 7632364.160038322210312 ], [ 414014.857557741750497, 7632351.948850303888321 ], [ 414043.772467278991826, 7632338.63194736186415 ], [ 414072.327119698689785, 7632324.237855479121208 ], [ 414100.435052740038373, 7632308.776558138430119 ], [ 414128.044507341808639, 7632292.23963070102036 ], [ 414155.077227406669408, 7632274.63300116546452 ], [ 414181.24312168743927, 7632256.128914011642337 ], [ 414206.261011867551133, 7632237.07933546230197 ], [ 414230.125633489224128, 7632217.740982034243643 ], [ 414253.504477485315874, 7632197.782264152541757 ] ] ] } },
{ "type": "Feature", "properties": { "fid": 137.0, "COMPR_M": 906.6, "CLASSE": "05 - Muito longa", "CD_FAZ": "400292", "TALHOES": "1", "FAZ_tAL": "400292001", "ID_LINHA": 95901 }, "geometry": { "type": "MultiLineString", "coordinates": [ [ [ 413408.00233784475131, 7632459.405250461772084 ], [ 413496.38613570400048, 7632454.165446388535202 ], [ 413578.060228193877265, 7632448.429019222036004 ], [ 413633.975657537812367, 7632443.701816095039248 ], [ 413692.150529783568345, 7632437.177321272902191 ], [ 413721.992571568815038, 7632432.882972814142704 ], [ 413751.973969508893788, 7632427.768926320597529 ], [ 413781.720259552763309, 7632421.896420362405479 ], [ 413811.130747265124228, 7632415.335322414524853 ], [ 413840.201010112359654, 7632408.138051112182438 ], [ 413869.000580176594667, 7632400.335839612409472 ], [ 413897.761549994291272, 7632391.873547183349729 ], [ 413926.64218507806072, 7632382.622505573555827 ], [ 413955.62077105633216, 7632372.486650425940752 ], [ 413984.646349994232878, 7632361.375356348231435 ], [ 414013.649210768402554, 7632349.20248329360038 ], [ 414042.469380052702036, 7632335.929213434457779 ], [ 414070.928520870103966, 7632321.583267920650542 ], [ 414098.940842242795043, 7632306.174563579261303 ], [ 414126.454547946050297, 7632289.694985792972147 ], [ 414153.39188547100639, 7632272.150479678064585 ], [ 414179.467769707145635, 7632253.710046138614416 ], [ 414204.407507132622413, 7632234.719976086169481 ], [ 414228.207586190896109, 7632215.433923793956637 ], [ 414253.42360793572152, 7632193.841701602563262 ] ] ] } },
{ "type": "Feature", "properties": { "fid": 138.0, "COMPR_M": 907.0, "CLASSE": "05 - Muito longa", "CD_FAZ": "400292", "TALHOES": "1", "FAZ_tAL": "400292001", "ID_LINHA": 95902 }, "geometry": { "type": "MultiLineString", "coordinates": [ [ [ 413407.98015390499495, 7632456.402028514072299 ], [ 413496.193021150364075, 7632451.17166380956769 ], [ 413577.829735243343748, 7632445.437875639647245 ], [ 413633.688763681799173, 7632440.715495465323329 ], [ 413691.756386973604094, 7632434.20313667319715 ], [ 413721.526621458760928, 7632429.919121477752924 ], [ 413751.431137647945434, 7632424.818189007230103 ], [ 413781.103041978320107, 7632418.960368260741234 ], [ 413810.443563893903047, 7632412.414878772571683 ], [ 413839.448199144972023, 7632405.233855678699911 ], [ 413868.184856789477635, 7632397.448688042350113 ], [ 413896.880450642318465, 7632389.005631074309349 ], [ 413925.689203818561509, 7632379.77761466987431 ], [ 413954.589050749666058, 7632369.669300120323896 ], [ 413983.529291537532117, 7632358.590674372389913 ], [ 414012.440863797150087, 7632346.45611628331244 ], [ 414041.16629282903159, 7632333.226479509845376 ], [ 414069.529922041110694, 7632318.928680364973843 ], [ 414097.446631746774074, 7632303.572569016367197 ], [ 414124.864588549535256, 7632287.15034088306129 ], [ 414151.706543535226956, 7632269.667958188802004 ], [ 414177.69241772859823, 7632251.291178261861205 ], [ 414202.554002396471333, 7632232.360616706311703 ], [ 414226.289538895129226, 7632213.126865552738309 ], [ 414253.342738386476412, 7632189.901139048859477 ] ] ] } },
{ "type": "Feature", "properties": { "fid": 139.0, "COMPR_M": 907.5, "CLASSE": "05 - Muito longa", "CD_FAZ": "400292", "TALHOES": "1", "FAZ_tAL": "400292001", "ID_LINHA": 95903 }, "geometry": { "type": "MultiLineString", "coordinates": [ [ [ 413407.855026996927336, 7632453.40440153516829 ], [ 413495.999906595156062, 7632448.177881230600178 ], [ 413577.599242292286362, 7632442.446732060983777 ], [ 413633.401869824621826, 7632437.729174828156829 ], [ 413691.362244163174182, 7632431.228952068835497 ], [ 413721.060671350453049, 7632426.955270134843886 ], [ 413750.888305789674632, 7632421.867451693862677 ], [ 413780.485824404167943, 7632416.024316158145666 ], [ 413809.756380521459505, 7632409.494435131549835 ], [ 413838.6953881753725, 7632402.329660243354738 ], [ 413867.369133402593434, 7632394.561536472290754 ], [ 413895.999351289938204, 7632386.137714967131615 ], [ 413924.736222559469752, 7632376.932723764330149 ], [ 413953.557330441544764, 7632366.851949814707041 ], [ 413982.412233080947772, 7632355.805992400273681 ], [ 414011.232516824034974, 7632343.709749270230532 ], [ 414039.863205604779068, 7632330.523745585232973 ], [ 414068.131323215086013, 7632316.274092806503177 ], [ 414095.952421250578482, 7632300.970574457198381 ], [ 414123.274629153485876, 7632284.6056959759444 ], [ 414150.021201600087807, 7632267.185436701402068 ], [ 414175.917065748013556, 7632248.872310383245349 ], [ 414200.700497661076952, 7632230.001257326453924 ], [ 414224.371491598431021, 7632210.819807313382626 ], [ 414253.261868836940266, 7632185.960576502606273 ] ] ] } },
{ "type": "Feature", "properties": { "fid": 140.0, "COMPR_M": 908.0, "CLASSE": "05 - Muito longa", "CD_FAZ": "400292", "TALHOES": "1", "FAZ_tAL": "400292001", "ID_LINHA": 95904 }, "geometry": { "type": "MultiLineString", "coordinates": [ [ [ 413407.729900087520946, 7632450.406774559989572 ], [ 413495.806792042916641, 7632445.184098647907376 ], [ 413577.368749340588693, 7632439.455588479526341 ], [ 413633.114975968084764, 7632434.742854194715619 ], [ 413690.96810135350097, 7632428.254767471924424 ], [ 413720.594721241272055, 7632423.991418794728816 ], [ 413750.345473930239677, 7632418.916714379563928 ], [ 413779.86860682972474, 7632413.088264056481421 ], [ 413809.069197150296532, 7632406.573991488665342 ], [ 413837.942577207577415, 7632399.42546480987221 ], [ 413866.553410017222632, 7632391.674384905025363 ], [ 413895.118251938431058, 7632383.26979885995388 ], [ 413923.783241299446672, 7632374.087832858785987 ], [ 413952.525610133889131, 7632364.034599505364895 ], [ 413981.295174625120126, 7632353.021310423500836 ], [ 414010.024169851676561, 7632340.963382259942591 ], [ 414038.560118379245978, 7632327.821011658757925 ], [ 414066.73272438737331, 7632313.619505248963833 ], [ 414094.458210753567982, 7632298.368579896166921 ], [ 414121.684669756621588, 7632282.061051066033542 ], [ 414148.335859663435258, 7632264.702915212139487 ], [ 414174.141713768010959, 7632246.453442510217428 ], [ 414198.846992925100494, 7632227.641897950321436 ], [ 414222.453444301732816, 7632208.512749071232975 ], [ 414253.180999287113082, 7632182.020013950765133 ] ] ] } },
{ "type": "Feature", "properties": { "fid": 141.0, "COMPR_M": 908.53, "CLASSE": "05 - Muito longa", "CD_FAZ": "400292", "TALHOES": "1", "FAZ_tAL": "400292001", "ID_LINHA": 95905 }, "geometry": { "type": "MultiLineString", "coordinates": [ [ [ 413407.604773178056348, 7632447.409147581085563 ], [ 413495.61367748840712, 7632442.190316066145897 ], [ 413577.138256390346214, 7632436.46444489620626 ], [ 413632.828082109626848, 7632431.756533561274409 ], [ 413690.573958542663604, 7632425.280582871288061 ], [ 413720.12877113110153, 7632421.027567455545068 ], [ 413749.802642070746515, 7632415.965977065265179 ], [ 413779.251389254990499, 7632410.152211951091886 ], [ 413808.382013777969405, 7632403.653547847643495 ], [ 413837.189766238909215, 7632396.521269373595715 ], [ 413865.737686631444376, 7632388.787233332172036 ], [ 413894.237152585876174, 7632380.401882749050856 ], [ 413922.830260041868314, 7632371.24294195510447 ], [ 413951.493889825418591, 7632361.217249201610684 ], [ 413980.178116168826818, 7632350.236628452315927 ], [ 414008.815822878153995, 7632338.21701524592936 ], [ 414037.257031153712887, 7632325.118277736008167 ], [ 414065.33412555931136, 7632310.964917691424489 ], [ 414092.964000257779844, 7632295.76658533513546 ], [ 414120.094710361561738, 7632279.516406159847975 ], [ 414146.650517726782709, 7632262.220393724739552 ], [ 414172.366361787833739, 7632244.034574635326862 ], [ 414196.993488189880736, 7632225.282538573257625 ], [ 414220.535397005442064, 7632206.205690830945969 ], [ 414253.113291159737855, 7632178.067762122489512 ] ] ] } },
{ "type": "Feature", "properties": { "fid": 142.0, "COMPR_M": 909.1, "CLASSE": "05 - Muito longa", "CD_FAZ": "400292", "TALHOES": "1", "FAZ_tAL": "400292001", "ID_LINHA": 95906 }, "geometry": { "type": "MultiLineString", "coordinates": [ [ [ 413407.510923644527793, 7632444.409820672124624 ], [ 413495.420562936284114, 7632439.196533484384418 ], [ 413576.907763439521659, 7632433.473301315680146 ], [ 413632.541188253147993, 7632428.770212925970554 ], [ 413690.179815733979922, 7632422.306398268789053 ], [ 413719.662821022619028, 7632418.063716114498675 ], [ 413749.25981021131156, 7632413.015239752829075 ], [ 413778.634171683283057, 7632407.21615984942764 ], [ 413807.694830405584071, 7632400.733104203827679 ], [ 413836.436955270008184, 7632393.617073935456574 ], [ 413864.921963244501967, 7632385.900081763044 ], [ 413893.356053233612329, 7632377.533966640010476 ], [ 413921.877278782019857, 7632368.398051051422954 ], [ 413950.462169518694282, 7632358.399898895993829 ], [ 413979.061057713348418, 7632347.451946478337049 ], [ 414007.607475906726904, 7632335.470648234710097 ], [ 414035.953943928936496, 7632322.415543809533119 ], [ 414063.935526730900165, 7632308.310330133885145 ], [ 414091.469789760478307, 7632293.164590775966644 ], [ 414118.504750965104904, 7632276.971761248074472 ], [ 414144.965175791992806, 7632259.737872237339616 ], [ 414170.591009808937088, 7632241.615706758573651 ], [ 414195.139983454719186, 7632222.923179196193814 ], [ 414218.617349709034897, 7632203.89863259345293 ], [ 414253.113291159388609, 7632174.055375524796546 ] ] ] } },
{ "type": "Feature", "properties": { "fid": 143.0, "COMPR_M": 909.59, "CLASSE": "05 - Muito longa", "CD_FAZ": "400292", "TALHOES": "1", "FAZ_tAL": "400292001", "ID_LINHA": 95907 }, "geometry": { "type": "MultiLineString", "coordinates": [ [ [ 413407.510923645400908, 7632441.405393021181226 ], [ 413522.316913493326865, 7632434.407892568036914 ], [ 413604.221717842039652, 7632428.284050394780934 ], [ 413660.782925150473602, 7632422.846581170335412 ], [ 413689.785672923433594, 7632419.332213670015335 ], [ 413719.19687091326341, 7632415.099864771589637 ], [ 413748.716978350596037, 7632410.064502438530326 ], [ 413778.016954108607024, 7632404.28010774962604 ], [ 413807.007647033897229, 7632397.812660564668477 ], [ 413835.684144300292246, 7632390.712878501974046 ], [ 413864.106239857152104, 7632383.012930192053318 ], [ 413892.474953880300745, 7632374.666050532832742 ], [ 413920.924297523277346, 7632365.553160145878792 ], [ 413949.430449211213272, 7632355.582548588514328 ], [ 413977.943999256647658, 7632344.667264500632882 ], [ 414006.399128935358021, 7632332.724281221628189 ], [ 414034.650856703578029, 7632319.712809884920716 ], [ 414062.5369279034785, 7632305.655742574483156 ], [ 414089.975579263758846, 7632290.562596213072538 ], [ 414116.914791568415239, 7632274.427116340026259 ], [ 414143.279833856387995, 7632257.25535074993968 ], [ 414168.815657827886753, 7632239.196838883683085 ], [ 414193.286478719615843, 7632220.563819820061326 ], [ 414216.699302413151599, 7632201.591574351303279 ], [ 414253.113291160087101, 7632170.042988924309611 ] ] ] } },
{ "type": "Feature", "properties": { "fid": 144.0, "COMPR_M": 910.05, "CLASSE": "05 - Muito longa", "CD_FAZ": "400292", "TALHOES": "1", "FAZ_tAL": "400292001", "ID_LINHA": 95908 }, "geometry": { "type": "MultiLineString", "coordinates": [ [ [ 413407.510923643829301, 7632438.400965370237827 ], [ 413522.112837375549134, 7632431.414836263284087 ], [ 413603.969135944556911, 7632425.29466955922544 ], [ 413660.448829570610542, 7632419.865120433270931 ], [ 413689.391530114342459, 7632416.358029071241617 ], [ 413718.730920804257039, 7632412.136013432405889 ], [ 413748.174146491277497, 7632407.113765124231577 ], [ 413777.399736534978729, 7632401.344055645167828 ], [ 413806.320463660289533, 7632394.892216924577951 ], [ 413834.931333333661314, 7632387.808683065697551 ], [ 413863.290516471955925, 7632380.125778621062636 ], [ 413891.593854529899545, 7632371.798134425655007 ], [ 413919.971316262846813, 7632362.708269242197275 ], [ 413948.398728902859148, 7632352.765198282897472 ], [ 413976.826940800761804, 7632341.88258252851665 ], [ 414005.190781962766778, 7632329.977914212271571 ], [ 414033.34776947950013, 7632317.010075960308313 ], [ 414061.138329076289665, 7632303.001155018806458 ], [ 414088.481368767563254, 7632287.960601655766368 ], [ 414115.32483217283152, 7632271.882471429184079 ], [ 414141.594491920084693, 7632254.772829258814454 ], [ 414167.040305846720003, 7632236.777971006929874 ], [ 414191.432973983988632, 7632218.204460440203547 ], [ 414214.781255115754902, 7632199.284516110084951 ], [ 414253.095432862406597, 7632166.046463117934763 ] ] ] } },
{ "type": "Feature", "properties": { "fid": 145.0, "COMPR_M": 910.39, "CLASSE": "05 - Muito longa", "CD_FAZ": "400292", "TALHOES": "1", "FAZ_tAL": "400292001", "ID_LINHA": 95909 }, "geometry": { "type": "MultiLineString", "coordinates": [ [ [ 413407.510923644993454, 7632435.396537719294429 ], [ 413521.908761260681786, 7632428.421779957599938 ], [ 413603.716554049926344, 7632422.305288719944656 ], [ 413660.114733990631066, 7632416.88365969248116 ], [ 413688.997387302748393, 7632413.383844470605254 ], [ 413718.264970694959629, 7632409.172162091359496 ], [ 413747.631314633297734, 7632404.163027810864151 ], [ 413776.782518961001188, 7632398.40800354257226 ], [ 413805.633280288719106, 7632391.971773279830813 ], [ 413834.178522364236414, 7632384.904487628489733 ], [ 413862.474793084315024, 7632377.238627050071955 ], [ 413890.712755177053623, 7632368.930218314751983 ], [ 413919.018335004220717, 7632359.863378336653113 ], [ 413947.367008596367668, 7632349.947847977280617 ], [ 413975.709882345690858, 7632339.097900554537773 ], [ 414003.982434990350157, 7632327.231547200120986 ], [ 414032.044682253501378, 7632314.307342033833265 ], [ 414059.7397302481113, 7632300.346567459404469 ], [ 414086.987158271193039, 7632285.358607092872262 ], [ 414113.734872776549309, 7632269.337826524861157 ], [ 414139.909149985003751, 7632252.290307771414518 ], [ 414165.264953868114389, 7632234.359103132039309 ], [ 414189.579469248477835, 7632215.845101060345769 ], [ 414212.863207818940282, 7632196.977457869797945 ], [ 414252.982067050412297, 7632162.134762027300894 ] ] ] } },
{ "type": "Feature", "properties": { "fid": 146.0, "COMPR_M": 910.72, "CLASSE": "05 - Muito longa", "CD_FAZ": "400292", "TALHOES": "1", "FAZ_tAL": "400292001", "ID_LINHA": 95910 }, "geometry": { "type": "MultiLineString", "coordinates": [ [ [ 413407.51092364510987, 7632432.392110066488385 ], [ 413521.704685145057738, 7632425.428723655641079 ], [ 413603.463972152792849, 7632419.315907886251807 ], [ 413659.780638409778476, 7632413.902198955416679 ], [ 413688.603244493890088, 7632410.409659872762859 ], [ 413717.799020585429389, 7632406.208310752175748 ], [ 413747.088482772058342, 7632401.212290494702756 ], [ 413776.1653013874311, 7632395.471951438114047 ], [ 413804.946096917148679, 7632389.051329638808966 ], [ 413833.425711396441329, 7632382.000292195938528 ], [ 413861.65906969824573, 7632374.351475479081273 ], [ 413889.831655824498739, 7632366.062302205711603 ], [ 413918.065353744663298, 7632357.018487434834242 ], [ 413946.335288287082221, 7632347.130497667938471 ], [ 413974.592823888116982, 7632336.313218581490219 ], [ 414002.774088016711175, 7632324.485180189833045 ], [ 414030.741595030296594, 7632311.604608111083508 ], [ 414058.341131421620958, 7632297.69197990372777 ], [ 414085.492947774764616, 7632282.756612532772124 ], [ 414112.144913380674552, 7632266.793181615881622 ], [ 414138.223808049166109, 7632249.807786284014583 ], [ 414163.489601888752077, 7632231.940235257148743 ], [ 414187.725964512326755, 7632213.485741682350636 ], [ 414210.945160522591323, 7632194.670399627648294 ], [ 414252.868701237021014, 7632158.223060937598348 ] ] ] } },
{ "type": "Feature", "properties": { "fid": 147.0, "COMPR_M": 911.15, "CLASSE": "05 - Muito longa", "CD_FAZ": "400292", "TALHOES": "1", "FAZ_tAL": "400292001", "ID_LINHA": 95911 }, "geometry": { "type": "MultiLineString", "coordinates": [ [ [ 413407.5109236453427, 7632429.387682415544987 ], [ 413521.50060902768746, 7632422.43566734995693 ], [ 413603.21139025647426, 7632416.326527053490281 ], [ 413659.446542828751262, 7632410.920738214626908 ], [ 413688.20910168386763, 7632407.435475271195173 ], [ 413717.333070476248395, 7632403.244459415785968 ], [ 413746.54565091279801, 7632398.26155318506062 ], [ 413775.548083811590914, 7632392.535899336449802 ], [ 413804.258913544996176, 7632386.130885998718441 ], [ 413832.672900427889545, 7632379.096096759662032 ], [ 413860.843346312409267, 7632371.464323910884559 ], [ 413888.950556472875178, 7632363.194386100396514 ], [ 413917.112372485513333, 7632354.173596527427435 ], [ 413945.303567981580272, 7632344.313147361390293 ], [ 413973.475765432638582, 7632333.528536606580019 ], [ 414001.56574104516767, 7632321.738813178613782 ], [ 414029.438507805054542, 7632308.901874184608459 ], [ 414056.942532592744101, 7632295.037392344325781 ], [ 414083.99873727816157, 7632280.154617968946695 ], [ 414110.554953984043095, 7632264.248536704108119 ], [ 414136.53846611327026, 7632247.325264794752002 ], [ 414161.714249908574857, 7632229.521367382258177 ], [ 414185.872459777572658, 7632211.126382302492857 ], [ 414209.02711322606774, 7632192.363341389223933 ], [ 414252.825079989037476, 7632154.247438619844615 ] ] ] } },
{ "type": "Feature", "properties": { "fid": 148.0, "COMPR_M": 911.89, "CLASSE": "05 - Muito longa", "CD_FAZ": "400292", "TALHOES": "1", "FAZ_tAL": "400292001", "ID_LINHA": 95912 }, "geometry": { "type": "MultiLineString", "coordinates": [ [ [ 413407.287461064872332, 7632426.395400004461408 ], [ 413521.29653291212162, 7632419.442611046135426 ], [ 413602.958808359049726, 7632413.33714621514082 ], [ 413659.112447250285186, 7632407.939277475699782 ], [ 413687.814958874019794, 7632404.461290673352778 ], [ 413716.867120366194285, 7632400.280608071945608 ], [ 413746.002819053654093, 7632395.310815868899226 ], [ 413774.930866238079034, 7632389.599847234785557 ], [ 413803.571730172843672, 7632383.210442354902625 ], [ 413831.920089459861629, 7632376.191901321522892 ], [ 413860.027622924710158, 7632368.577172341756523 ], [ 413888.069457120203879, 7632360.326469990424812 ], [ 413916.159391226130538, 7632351.328705622814596 ], [ 413944.271847673226148, 7632341.495797055773437 ], [ 413972.358706976636313, 7632330.743854634463787 ], [ 414000.357394073100295, 7632318.992446163669229 ], [ 414028.135420579928905, 7632306.199140259996057 ], [ 414055.543933766137343, 7632292.382804786786437 ], [ 414082.504526782082394, 7632277.552623407915235 ], [ 414108.9649945878773, 7632261.703891794197261 ], [ 414134.853124176617712, 7632244.842743307352066 ], [ 414159.938897928339429, 7632227.102499507367611 ], [ 414184.018955041014124, 7632208.767022927291691 ], [ 414207.109065929427743, 7632190.056283148936927 ], [ 414229.315259099937975, 7632171.117207275703549 ], [ 414252.825079989503138, 7632150.180375284515321 ] ] ] } },
{ "type": "Feature", "properties": { "fid": 149.0, "COMPR_M": 912.69, "CLASSE": "05 - Muito longa", "CD_FAZ": "400292", "TALHOES": "1", "FAZ_tAL": "400292001", "ID_LINHA": 95913 }, "geometry": { "type": "MultiLineString", "coordinates": [ [ [ 413406.953671380179003, 7632423.409113893285394 ], [ 413521.092456796264742, 7632416.449554741382599 ], [ 413602.706226461741608, 7632410.347765381447971 ], [ 413658.778351669607218, 7632404.957816738635302 ], [ 413687.42081606364809, 7632401.487106071785092 ], [ 413716.401170257129706, 7632397.316756734624505 ], [ 413745.4599871939281, 7632392.360078554600477 ], [ 413774.3136486649164, 7632386.663795129396021 ], [ 413802.884546800749376, 7632380.289998715743423 ], [ 413831.167278490844183, 7632373.287705887109041 ], [ 413859.211899538640864, 7632365.690020768903196 ], [ 413887.18835776776541, 7632357.458553883247077 ], [ 413915.206409966456704, 7632348.483814720064402 ], [ 413943.240127366036177, 7632338.678446749225259 ], [ 413971.241648520168383, 7632327.959172658622265 ], [ 413999.149047100450844, 7632316.246079156175256 ], [ 414026.832333355443552, 7632303.496406335383654 ], [ 414054.145334938541055, 7632289.728217231109738 ], [ 414081.010316285886802, 7632274.950628850609064 ], [ 414107.375035190954804, 7632259.159246886149049 ], [ 414133.167782240430824, 7632242.360221818089485 ], [ 414158.163545947987586, 7632224.683631628751755 ], [ 414182.165450304513797, 7632206.40766355022788 ], [ 414205.191018631332554, 7632187.749224908649921 ], [ 414227.345604652131442, 7632168.854163410142064 ], [ 414252.777895440056454, 7632146.15650293417275 ] ] ] } },
{ "type": "Feature", "properties": { "fid": 150.0, "COMPR_M": 913.16, "CLASSE": "05 - Muito longa", "CD_FAZ": "400292", "TALHOES": "1", "FAZ_tAL": "400292001", "ID_LINHA": 95914 }, "geometry": { "type": "MultiLineString", "coordinates": [ [ [ 413406.619881695718504, 7632420.422827780246735 ], [ 413520.888380679476541, 7632413.456498438492417 ], [ 413602.45364456466632, 7632407.358384544961154 ], [ 413658.44425608945312, 7632401.976355997845531 ], [ 413687.026673252752516, 7632398.51292147487402 ], [ 413715.935220147890504, 7632394.352905389852822 ], [ 413744.917155334143899, 7632389.409341242164373 ], [ 413773.696431091520935, 7632383.727743027731776 ], [ 413802.197363428713288, 7632377.369555074721575 ], [ 413830.414467522350606, 7632370.383510453626513 ], [ 413858.396176152746193, 7632362.802869196981192 ], [ 413886.307258416956756, 7632354.590637772344053 ], [ 413914.253428707888816, 7632345.638923813588917 ], [ 413942.208407058031298, 7632335.861096442677081 ], [ 413970.124590064457152, 7632325.174490686506033 ], [ 413997.940700127277523, 7632313.499712144955993 ], [ 414025.529246129735839, 7632300.793672408908606 ], [ 414052.746736109955236, 7632287.073629672639072 ], [ 414079.516105789574794, 7632272.348634290508926 ], [ 414105.78507579449797, 7632256.614601977169514 ], [ 414131.482440306222998, 7632239.877700328826904 ], [ 414156.388193968799897, 7632222.264763755723834 ], [ 414180.311945570050739, 7632204.048304170370102 ], [ 414203.272971336380579, 7632185.442166665568948 ], [ 414225.375950205721892, 7632166.591119548305869 ], [ 414252.49327167251613, 7632142.349973656237125 ] ] ] } },
{ "type": "Feature", "properties": { "fid": 151.0, "COMPR_M": 913.4, "CLASSE": "05 - Muito longa", "CD_FAZ": "400292", "TALHOES": "1", "FAZ_tAL": "400292001", "ID_LINHA": 95915 }, "geometry": { "type": "MultiLineString", "coordinates": [ [ [ 413406.533048773708288, 7632417.423119520768523 ], [ 413520.684304564376362, 7632410.463442135602236 ], [ 413602.201062668347731, 7632404.369003707543015 ], [ 413658.11016050982289, 7632398.994895257055759 ], [ 413686.63253044267185, 7632395.538736874237657 ], [ 413715.469270039000548, 7632391.389054050669074 ], [ 413744.374323475174606, 7632386.458603927865624 ], [ 413773.079213517776225, 7632380.791690925136209 ], [ 413801.5101800566772, 7632374.449111433699727 ], [ 413829.661656553682406, 7632367.47931501455605 ], [ 413857.580452766385861, 7632359.91571762599051 ], [ 413885.426159064401872, 7632351.722721666097641 ], [ 413913.300447449088097, 7632342.794032912701368 ], [ 413941.176686750550289, 7632333.043746136128902 ], [ 413969.007531608222052, 7632322.389808712527156 ], [ 413996.732353155559395, 7632310.753345130942762 ], [ 414024.226158905366901, 7632298.090938486158848 ], [ 414051.34813728230074, 7632284.419042114168406 ], [ 414078.021895293088164, 7632269.746639728546143 ], [ 414104.195116399845574, 7632254.069957068189979 ], [ 414129.79709837003611, 7632237.395178841426969 ], [ 414154.612841988913715, 7632219.845895878970623 ], [ 414178.458440835063811, 7632201.688944794237614 ], [ 414201.354924038634636, 7632183.135108426213264 ], [ 414223.406295758846682, 7632164.328075684607029 ], [ 414252.223780577420257, 7632138.529592487961054 ] ] ] } },
{ "type": "Feature", "properties": { "fid": 152.0, "COMPR_M": 913.93, "CLASSE": "05 - Muito longa", "CD_FAZ": "400292", "TALHOES": "1", "FAZ_tAL": "400292001", "ID_LINHA": 95916 }, "geometry": { "type": "MultiLineString", "coordinates": [ [ [ 413406.470237333793193, 7632414.422105684876442 ], [ 413520.480228447122499, 7632407.470385830849409 ], [ 413601.948480770923197, 7632401.379622875712812 ], [ 413657.776064929319546, 7632396.013434516265988 ], [ 413686.238387634046376, 7632392.564552273601294 ], [ 413715.003319929819554, 7632388.425202709622681 ], [ 413743.83149161550682, 7632383.507866613566875 ], [ 413772.461995943682268, 7632377.855638822540641 ], [ 413800.822996684699319, 7632371.528667790815234 ], [ 413828.908845585421659, 7632364.575119579210877 ], [ 413856.764729380258359, 7632357.028566058725119 ], [ 413884.545059712138027, 7632348.854805555194616 ], [ 413912.347466188715771, 7632339.949142006225884 ], [ 413940.144966441614088, 7632330.226395828649402 ], [ 413967.890473152219784, 7632319.605126736685634 ], [ 413995.524006183957681, 7632308.006978118792176 ], [ 414022.923071680415887, 7632295.388204558752477 ], [ 414049.949538454355206, 7632281.764454558491707 ], [ 414076.527684796485119, 7632267.144645168446004 ], [ 414102.605157003737986, 7632251.525312159210443 ], [ 414128.111756433616392, 7632234.912657354027033 ], [ 414152.837490008212626, 7632217.42702800501138 ], [ 414176.604936099494807, 7632199.329585414379835 ], [ 414199.436876742751338, 7632180.828050186857581 ], [ 414221.436641311971471, 7632162.065031820908189 ], [ 414252.181835169845726, 7632134.500924425199628 ] ] ] } },
{ "type": "Feature", "properties": { "fid": 153.0, "COMPR_M": 914.46, "CLASSE": "05 - Muito longa", "CD_FAZ": "400292", "TALHOES": "1", "FAZ_tAL": "400292001", "ID_LINHA": 95917 }, "geometry": { "type": "MultiLineString", "coordinates": [ [ [ 413406.407425894110929, 7632411.42109184525907 ], [ 413520.27615233079996, 7632404.477329524233937 ], [ 413601.695898875710554, 7632398.390242041088641 ], [ 413657.441969349980354, 7632393.031973781064153 ], [ 413685.844244824256748, 7632389.590367674827576 ], [ 413714.537369820347521, 7632385.461351369507611 ], [ 413743.288659756595735, 7632380.557129299268126 ], [ 413771.844778370053973, 7632374.919586720876396 ], [ 413800.135813312779646, 7632368.608224149793386 ], [ 413828.156034616346005, 7632361.670924143865705 ], [ 413855.949005993665196, 7632354.141414487734437 ], [ 413883.663960358826444, 7632345.986889447085559 ], [ 413911.394484930671751, 7632337.1042510997504 ], [ 413939.113246134482324, 7632327.409045521169901 ], [ 413966.773414696275722, 7632316.820444764569402 ], [ 413994.315659210493322, 7632305.260611107572913 ], [ 414021.619984455523081, 7632292.685470634140074 ], [ 414048.550939626700711, 7632279.109867 ], [ 414075.033474298485089, 7632264.542650609277189 ], [ 414101.015197607455775, 7632248.980667250230908 ], [ 414126.426414498535451, 7632232.430135863833129 ], [ 414151.062138028151821, 7632215.008160131052136 ], [ 414174.751431363984011, 7632196.970226036384702 ], [ 414197.518829446751624, 7632178.520991943776608 ], [ 414219.466986865270883, 7632159.801987953484058 ], [ 414252.139889760641381, 7632130.472256364300847 ] ] ] } },
{ "type": "Feature", "properties": { "fid": 154.0, "COMPR_M": 914.99, "CLASSE": "05 - Muito longa", "CD_FAZ": "400292", "TALHOES": "1", "FAZ_tAL": "400292001", "ID_LINHA": 95918 }, "geometry": { "type": "MultiLineString", "coordinates": [ [ [ 413406.344614455942065, 7632408.420078010298312 ], [ 413520.072076215641573, 7632401.484273219481111 ], [ 413601.443316977936774, 7632395.400861205533147 ], [ 413657.107873769884463, 7632390.050513040274382 ], [ 413685.450102013943251, 7632386.616183074191213 ], [ 413714.071419710642658, 7632382.497500030323863 ], [ 413742.74582789640408, 7632377.606391984969378 ], [ 413771.227560795436148, 7632371.983534616418183 ], [ 413799.448629940277897, 7632365.687780505046248 ], [ 413827.403223647736013, 7632358.766728707589209 ], [ 413855.133282607304864, 7632351.25426291488111 ], [ 413882.782861007086467, 7632343.118973338976502 ], [ 413910.441503671754617, 7632334.259360197931528 ], [ 413938.081525826477446, 7632324.59169521741569 ], [ 413965.656356239866, 7632314.035762789659202 ], [ 413993.107312237145379, 7632302.51424409635365 ], [ 414020.316897230630275, 7632289.982736708596349 ], [ 414047.152340799337253, 7632276.455279442481697 ], [ 414073.539263802929781, 7632261.94065604545176 ], [ 414099.425238211057149, 7632246.436022341251373 ], [ 414124.741072561359033, 7632229.947614375501871 ], [ 414149.28678604925517, 7632212.58929225243628 ], [ 414172.89792662858963, 7632194.610866660252213 ], [ 414195.600782149238512, 7632176.213933706283569 ], [ 414217.497332417871803, 7632157.538944089785218 ], [ 414252.097944352601189, 7632126.443588298745453 ] ] ] } },
{ "type": "Feature", "properties": { "fid": 155.0, "COMPR_M": 915.51, "CLASSE": "05 - Muito longa", "CD_FAZ": "400292", "TALHOES": "1", "FAZ_tAL": "400292001", "ID_LINHA": 95919 }, "geometry": { "type": "MultiLineString", "coordinates": [ [ [ 413406.28180301527027, 7632405.41906417440623 ], [ 413519.868000099493656, 7632398.491216912865639 ], [ 413601.190735081036109, 7632392.41148036904633 ], [ 413656.77377818961395, 7632387.069052301347256 ], [ 413685.055959203105886, 7632383.64199847355485 ], [ 413713.605469601985533, 7632379.533648690208793 ], [ 413742.202996036969125, 7632374.655654670670629 ], [ 413770.610343222506344, 7632369.047482514753938 ], [ 413798.761446568416432, 7632362.767336864955723 ], [ 413826.650412679591682, 7632355.862533273175359 ], [ 413854.317559220537078, 7632348.367111345753074 ], [ 413881.901761655579321, 7632340.251057230867445 ], [ 413909.488522411964368, 7632331.414469292387366 ], [ 413937.049805520335212, 7632321.774344910867512 ], [ 413964.539297784271184, 7632311.251080814749002 ], [ 413991.898965264612343, 7632299.767877085134387 ], [ 414019.013810005853884, 7632287.280002783983946 ], [ 414045.753741970984265, 7632273.80069188401103 ], [ 414072.045053306617774, 7632259.33866148814559 ], [ 414097.835278815182392, 7632243.891377434134483 ], [ 414123.055730626103468, 7632227.465092889964581 ], [ 414147.511434069601819, 7632210.170424377545714 ], [ 414171.044421891914681, 7632192.251507281325758 ], [ 414193.68273485294776, 7632173.906875465065241 ], [ 414215.527677971345838, 7632155.275900226086378 ], [ 414252.055998942931183, 7632122.414920237846673 ] ] ] } },
{ "type": "Feature", "properties": { "fid": 156.0, "COMPR_M": 916.06, "CLASSE": "05 - Muito longa", "CD_FAZ": "400292", "TALHOES": "1", "FAZ_tAL": "400292001", "ID_LINHA": 95920 }, "geometry": { "type": "MultiLineString", "coordinates": [ [ [ 413406.20607850473607, 7632402.418752163648605 ], [ 413519.663923981715925, 7632395.498160609975457 ], [ 413600.938153184368275, 7632389.422099532559514 ], [ 413656.439682609168813, 7632384.08759156242013 ], [ 413684.661816393083427, 7632380.667813874781132 ], [ 413713.139519492397085, 7632376.569797350093722 ], [ 413741.660164177475963, 7632371.704917358234525 ], [ 413769.993125648645218, 7632366.11143041215837 ], [ 413798.074263197311666, 7632359.846893224865198 ], [ 413825.897601710574236, 7632352.958337839692831 ], [ 413853.501835833943915, 7632345.479959776625037 ], [ 413881.020662302442361, 7632337.383141120895743 ], [ 413908.535541151883081, 7632328.56957838870585 ], [ 413936.018085212097503, 7632318.956994602456689 ], [ 413963.4222393281525, 7632308.466398840770125 ], [ 413990.690618294174783, 7632297.021510073915124 ], [ 414017.710722781135701, 7632284.577268859371543 ], [ 414044.355143142282031, 7632271.146104326471686 ], [ 414070.550842810247559, 7632256.736666925251484 ], [ 414096.245319419831503, 7632241.346732524223626 ], [ 414121.370388691371772, 7632224.982571398839355 ], [ 414145.736082089133561, 7632207.751556502655149 ], [ 414169.190917157393415, 7632189.892147903330624 ], [ 414191.764687555842102, 7632171.599817225709558 ], [ 414213.558023524179589, 7632153.012856360524893 ], [ 414252.014053534367122, 7632118.386252176016569 ] ] ] } },
{ "type": "Feature", "properties": { "fid": 157.0, "COMPR_M": 916.62, "CLASSE": "05 - Muito longa", "CD_FAZ": "400292", "TALHOES": "1", "FAZ_tAL": "400292001", "ID_LINHA": 95921 }, "geometry": { "type": "MultiLineString", "coordinates": [ [ [ 413406.106639022822492, 7632399.419729068875313 ], [ 413519.459847865742631, 7632392.505104307085276 ], [ 413600.685571287758648, 7632386.432718697935343 ], [ 413656.105587029247545, 7632381.106130823493004 ], [ 413684.267673583817668, 7632377.693629272282124 ], [ 413712.673569381877314, 7632373.605946009978652 ], [ 413741.117332316120155, 7632368.754180043935776 ], [ 413769.375908074434847, 7632363.17537830863148 ], [ 413797.38707982422784, 7632356.926449581980705 ], [ 413825.144790741382167, 7632350.054142398759723 ], [ 413852.686112447583582, 7632342.592808205634356 ], [ 413880.139562950178515, 7632334.515225014649332 ], [ 413907.582559892907739, 7632325.724687485024333 ], [ 413934.986364905606024, 7632316.139644296839833 ], [ 413962.305180872092023, 7632305.681716868653893 ], [ 413989.482271321176086, 7632294.275143064558506 ], [ 414016.407635556417517, 7632281.874534932896495 ], [ 414042.956544316548388, 7632268.491516767069697 ], [ 414069.056632312422153, 7632254.134672364220023 ], [ 414094.655360022967216, 7632238.802087614312768 ], [ 414119.685046755243093, 7632222.500049910508096 ], [ 414143.960730108665302, 7632205.332688624039292 ], [ 414167.337412421009503, 7632187.532788524404168 ], [ 414189.846640259958804, 7632169.292758982628584 ], [ 414211.588369077187963, 7632150.749812494963408 ], [ 414251.972108126152307, 7632114.357584113255143 ] ] ] } },
{ "type": "Feature", "properties": { "fid": 158.0, "COMPR_M": 917.2, "CLASSE": "05 - Muito longa", "CD_FAZ": "400292", "TALHOES": "1", "FAZ_tAL": "400292001", "ID_LINHA": 95922 }, "geometry": { "type": "MultiLineString", "coordinates": [ [ [ 413406.007199541956652, 7632396.420705975964665 ], [ 413519.255771749478299, 7632389.512048000469804 ], [ 413600.432989390741568, 7632383.443337863311172 ], [ 413655.77149144851137, 7632378.124670082703233 ], [ 413683.873530774144456, 7632374.719444671645761 ], [ 413712.207619273802266, 7632370.642094668932259 ], [ 413740.574500457500108, 7632365.803442729637027 ], [ 413768.758690500049852, 7632360.239326206967235 ], [ 413796.699896451202221, 7632354.006005942821503 ], [ 413824.391979772655759, 7632347.149946965277195 ], [ 413851.870389061397873, 7632339.705656632781029 ], [ 413879.258463598845992, 7632331.647308906540275 ], [ 413906.629578634281643, 7632322.879796580411494 ], [ 413933.954644597717561, 7632313.322293990291655 ], [ 413961.188122416322585, 7632302.897034894675016 ], [ 413988.273924348410219, 7632291.528776049613953 ], [ 414015.104548331175465, 7632279.171801008284092 ], [ 414041.557945488486439, 7632265.836929211392999 ], [ 414067.562421817041468, 7632251.532677804119885 ], [ 414093.065400626626797, 7632236.257442707195878 ], [ 414117.999704819754697, 7632220.017528422176838 ], [ 414142.185378128662705, 7632202.913820750080049 ], [ 414165.483907685964368, 7632185.173429146409035 ], [ 414187.928592963842675, 7632166.985700744204223 ], [ 414209.618714630196337, 7632148.486768631264567 ], [ 414251.930009808624163, 7632110.31422985624522 ] ] ] } },
{ "type": "Feature", "properties": { "fid": 159.0, "COMPR_M": 917.79, "CLASSE": "05 - Muito longa", "CD_FAZ": "400292", "TALHOES": "1", "FAZ_tAL": "400292001", "ID_LINHA": 95923 }, "geometry": { "type": "MultiLineString", "coordinates": [ [ [ 413405.907760060275905, 7632393.421682884916663 ], [ 413519.051695635542274, 7632386.518991695716977 ], [ 413600.180407493840903, 7632380.453957026824355 ], [ 413655.437395868240856, 7632375.143209345638752 ], [ 413683.479387963190675, 7632371.745260074734688 ], [ 413711.741669164039195, 7632367.678243329748511 ], [ 413740.031668597483076, 7632362.852705417200923 ], [ 413768.141472927294672, 7632357.303274102509022 ], [ 413796.012713079515379, 7632351.08556229993701 ], [ 413823.639168805675581, 7632344.245751531794667 ], [ 413851.054665675503202, 7632336.818505063652992 ], [ 413878.377364247164223, 7632328.77939279563725 ], [ 413905.676597375539131, 7632320.034905673936009 ], [ 413932.922924289596267, 7632310.504943683743477 ], [ 413960.071063960669562, 7632300.112352918833494 ], [ 413987.065577376342844, 7632288.782409040257335 ], [ 414013.801461105293129, 7632276.469067083671689 ], [ 414040.159346660075244, 7632263.182341650128365 ], [ 414066.068211320904084, 7632248.930683244951069 ], [ 414091.475441230810247, 7632233.712797796353698 ], [ 414116.314362884149887, 7632217.535006934776902 ], [ 414140.410026149940677, 7632200.494952874258161 ], [ 414163.630402951675933, 7632182.814069770276546 ], [ 414186.010545666969847, 7632164.678642503917217 ], [ 414207.649060183321126, 7632146.223724765703082 ], [ 414251.887683479348198, 7632106.248975973576307 ] ] ] } },
{ "type": "Feature", "properties": { "fid": 160.0, "COMPR_M": 918.37, "CLASSE": "05 - Muito longa", "CD_FAZ": "400292", "TALHOES": "1", "FAZ_tAL": "400292001", "ID_LINHA": 95924 }, "geometry": { "type": "MultiLineString", "coordinates": [ [ [ 413405.808320579002611, 7632390.422659789212048 ], [ 413518.84761951881228, 7632383.52593539096415 ], [ 413599.927825597871561, 7632377.464576192200184 ], [ 413655.103300288494211, 7632372.161748606711626 ], [ 413683.085245153110009, 7632368.771075470373034 ], [ 413711.275719055382069, 7632364.714391989633441 ], [ 413739.488836738280952, 7632359.901968104764819 ], [ 413767.524255351570901, 7632354.367222001776099 ], [ 413795.325529707944952, 7632348.165118660777807 ], [ 413822.886357835901435, 7632341.341556094586849 ], [ 413850.238942287105601, 7632333.931353494524956 ], [ 413877.496264895715285, 7632325.91147668659687 ], [ 413904.723616114468314, 7632317.190014770254493 ], [ 413931.891203983337618, 7632307.687593378126621 ], [ 413958.954005503794178, 7632297.327670946717262 ], [ 413985.857230403809808, 7632286.036042028106749 ], [ 414012.498373880167492, 7632273.766333157196641 ], [ 414038.760747833293863, 7632260.527754093520343 ], [ 414064.57400082401, 7632246.328688685782254 ], [ 414089.885481834877282, 7632231.168152888305485 ], [ 414114.629020947788376, 7632215.052485447376966 ], [ 414138.634674168482888, 7632198.076084998436272 ], [ 414161.77689821558306, 7632180.454710393212736 ], [ 414184.092498370679095, 7632162.371584262698889 ], [ 414205.679405737202615, 7632143.96068090479821 ], [ 414251.845357148442417, 7632102.183722091838717 ] ] ] } },
{ "type": "Feature", "properties": { "fid": 161.0, "COMPR_M": 918.96, "CLASSE": "05 - Muito longa", "CD_FAZ": "400292", "TALHOES": "1", "FAZ_tAL": "400292001", "ID_LINHA": 95925 }, "geometry": { "type": "MultiLineString", "coordinates": [ [ [ 413405.708881095517427, 7632387.423636695370078 ], [ 413518.643543401674833, 7632380.532879089936614 ], [ 413599.675243699341081, 7632374.475195355713367 ], [ 413654.76920470863115, 7632369.180287865921855 ], [ 413682.691102343145758, 7632365.796890873461962 ], [ 413710.809768946433906, 7632361.750540649518371 ], [ 413738.946004878438544, 7632356.951230788603425 ], [ 413766.907037778873928, 7632351.431169901043177 ], [ 413794.638346336316317, 7632345.24467501975596 ], [ 413822.133546868513804, 7632338.437360660172999 ], [ 413849.423218901676591, 7632331.044201925396919 ], [ 413876.615165541879833, 7632323.043560579419136 ], [ 413903.770634856424294, 7632314.345123865641654 ], [ 413930.859483674983494, 7632304.870243069715798 ], [ 413957.836947047733702, 7632294.542988972738385 ], [ 413984.64888343133498, 7632283.289675015024841 ], [ 414011.195286656322423, 7632271.063599232584238 ], [ 414037.362149004882667, 7632257.873166535049677 ], [ 414063.079790327639785, 7632243.726694121956825 ], [ 414088.295522436732426, 7632228.623507980257273 ], [ 414112.943679010728374, 7632212.569963959045708 ], [ 414136.859322189528029, 7632195.657217124477029 ], [ 414159.923393479548395, 7632178.095351015217602 ], [ 414182.174451074854005, 7632160.064526023343205 ], [ 414203.709751289221458, 7632141.697637040168047 ], [ 414251.803030817827675, 7632098.118468208238482 ] ] ] } },
{ "type": "Feature", "properties": { "fid": 162.0, "COMPR_M": 919.55, "CLASSE": "05 - Muito longa", "CD_FAZ": "400292", "TALHOES": "1", "FAZ_tAL": "400292001", "ID_LINHA": 95926 }, "geometry": { "type": "MultiLineString", "coordinates": [ [ [ 413405.609441614476964, 7632384.424613599665463 ], [ 413518.439467285701539, 7632377.539822783321142 ], [ 413599.422661802324001, 7632371.485814522951841 ], [ 413654.43510912853526, 7632366.198827126994729 ], [ 413682.296959533938207, 7632362.822706271894276 ], [ 413710.343818836612627, 7632358.786689307540655 ], [ 413738.403173019294627, 7632354.000493477098644 ], [ 413766.289820205187425, 7632348.495117796584964 ], [ 413793.951162964222021, 7632342.324231375008821 ], [ 413821.380735899670981, 7632335.533165224827826 ], [ 413848.607495515723713, 7632328.15705035161227 ], [ 413875.734066190430894, 7632320.175644472241402 ], [ 413902.817653597565368, 7632311.500232961028814 ], [ 413929.827763367735315, 7632302.052892765030265 ], [ 413956.719888591906056, 7632291.758306998759508 ], [ 413983.440536459034774, 7632280.543308003805578 ], [ 414009.892199431313202, 7632268.360865308903158 ], [ 414035.96355017676251, 7632255.218578979372978 ], [ 414061.585579830571078, 7632241.124699559062719 ], [ 414086.705563040508423, 7632226.078863070346415 ], [ 414111.258337076869793, 7632210.087442469783127 ], [ 414135.083970209874678, 7632193.238349249586463 ], [ 414158.069888743571937, 7632175.735991635359824 ], [ 414180.256403777515516, 7632157.757467783987522 ], [ 414201.740096841356717, 7632139.434593172743917 ], [ 414251.760704488086049, 7632094.053214330226183 ] ] ] } },
{ "type": "Feature", "properties": { "fid": 163.0, "COMPR_M": 920.14, "CLASSE": "05 - Muito longa", "CD_FAZ": "400292", "TALHOES": "1", "FAZ_tAL": "400292001", "ID_LINHA": 95927 }, "geometry": { "type": "MultiLineString", "coordinates": [ [ [ 413405.51000213320367, 7632381.425590505823493 ], [ 413518.235391169437207, 7632374.546766478568316 ], [ 413599.170079906180035, 7632368.496433687396348 ], [ 413654.101013547624461, 7632363.217366388998926 ], [ 413681.902816724264994, 7632359.848521671257913 ], [ 413709.877868727198802, 7632355.822837966494262 ], [ 413737.860341159626842, 7632351.04975616093725 ], [ 413765.672602630627807, 7632345.559065692126751 ], [ 413793.263979591429234, 7632339.403787734918296 ], [ 413820.627924929372966, 7632332.628969788551331 ], [ 413847.79177212936338, 7632325.269898784346879 ], [ 413874.852966838458087, 7632317.307728361338377 ], [ 413901.864672338473611, 7632308.655342057347298 ], [ 413928.796043060370721, 7632299.235542459413409 ], [ 413955.602830135496333, 7632288.973625024780631 ], [ 413982.232189486152492, 7632277.796940992586315 ], [ 414008.589112207002472, 7632265.658131381496787 ], [ 414034.564951349631883, 7632252.56399142369628 ], [ 414060.091369334608316, 7632238.522705001756549 ], [ 414085.11560364603065, 7632223.534218162298203 ], [ 414109.57299514033366, 7632207.604920982383192 ], [ 414133.308618230104912, 7632190.819481371901929 ], [ 414156.216384008410387, 7632173.37663225736469 ], [ 414178.338356480817311, 7632155.450409541837871 ], [ 414199.770442395587452, 7632137.171549309045076 ], [ 414220.608458963281009, 7632118.664326909929514 ], [ 414251.718378158053383, 7632089.987960444763303 ] ] ] } },
{ "type": "Feature", "properties": { "fid": 164.0, "COMPR_M": 920.73, "CLASSE": "05 - Muito longa", "CD_FAZ": "400292", "TALHOES": "1", "FAZ_tAL": "400292001", "ID_LINHA": 95928 }, "geometry": { "type": "MultiLineString", "coordinates": [ [ [ 413405.41056265111547, 7632378.4265674110502 ], [ 413518.031315052881837, 7632371.553710174746811 ], [ 413598.917498010210693, 7632365.507052849978209 ], [ 413653.766917967994232, 7632360.235905647277832 ], [ 413681.508673914067913, 7632356.874337073415518 ], [ 413709.411918616795447, 7632352.85898662917316 ], [ 413737.31750930059934, 7632348.099018846638501 ], [ 413765.055385056417435, 7632342.623013589531183 ], [ 413792.576796219334938, 7632336.483344092033803 ], [ 413819.87511396210175, 7632329.724774353206158 ], [ 413846.976048743177671, 7632322.382747212424874 ], [ 413873.971867486776318, 7632314.439812254160643 ], [ 413900.911691079731099, 7632305.810451153665781 ], [ 413927.764322752133012, 7632296.418192150071263 ], [ 413954.485771679261234, 7632286.188943049870431 ], [ 413981.023842512804549, 7632275.050573981367052 ], [ 414007.286024982109666, 7632262.955397455021739 ], [ 414033.166352521569934, 7632249.909403864294291 ], [ 414058.597158837888855, 7632235.920710440725088 ], [ 414083.525644249515608, 7632220.98957325424999 ], [ 414107.887653205660172, 7632205.122399494051933 ], [ 414131.53326625021873, 7632188.400613497942686 ], [ 414154.362879273365252, 7632171.017272878438234 ], [ 414176.420309183304198, 7632153.14335129968822 ], [ 414197.800787948537618, 7632134.908505444414914 ], [ 414218.599462063284591, 7632116.436224929057062 ], [ 414251.67605182697298, 7632085.922706564888358 ] ] ] } },
{ "type": "Feature", "properties": { "fid": 165.0, "COMPR_M": 921.36, "CLASSE": "05 - Muito longa", "CD_FAZ": "400292", "TALHOES": "1", "FAZ_tAL": "400292001", "ID_LINHA": 95929 }, "geometry": { "type": "MultiLineString", "coordinates": [ [ [ 413405.311123168095946, 7632375.427544318139553 ], [ 413517.827238937374204, 7632368.560653869062662 ], [ 413598.66491611301899, 7632362.517672017216682 ], [ 413653.432822388131171, 7632357.254444910213351 ], [ 413681.114531104045454, 7632353.9001524746418 ], [ 413708.945968507439829, 7632349.895135286264122 ], [ 413736.774677440989763, 7632345.148281535133719 ], [ 413764.438167483895086, 7632339.686961488798261 ], [ 413791.889612848637626, 7632333.562900452874601 ], [ 413819.122302993957419, 7632326.82057891599834 ], [ 413846.160325356642716, 7632319.495595643296838 ], [ 413873.090768134046812, 7632311.571896145120263 ], [ 413899.958709819475189, 7632302.965560248121619 ], [ 413926.732602444477379, 7632293.600841844454408 ], [ 413953.368713223200757, 7632283.404261074960232 ], [ 413979.815495541552082, 7632272.304206970147789 ], [ 414005.982937757275067, 7632260.252663532271981 ], [ 414031.767753693740815, 7632247.254816304892302 ], [ 414057.102948341052979, 7632233.318715879693627 ], [ 414081.935684852185659, 7632218.444928346201777 ], [ 414106.202311268949416, 7632202.639878004789352 ], [ 414129.757914270216133, 7632185.98174562305212 ], [ 414152.50937453773804, 7632168.657913501374424 ], [ 414174.502261887595523, 7632150.836293060332537 ], [ 414195.831133500963915, 7632132.645461578853428 ], [ 414216.590465162182227, 7632114.208122948184609 ], [ 414251.657564534165431, 7632081.835189817473292 ] ] ] } },
{ "type": "Feature", "properties": { "fid": 166.0, "COMPR_M": 922.12, "CLASSE": "05 - Muito longa", "CD_FAZ": "400292", "TALHOES": "1", "FAZ_tAL": "400292001", "ID_LINHA": 95930 }, "geometry": { "type": "MultiLineString", "coordinates": [ [ [ 413405.211683687462937, 7632372.428521227091551 ], [ 413517.623162820935249, 7632365.567597565241158 ], [ 413598.412334216060117, 7632359.528291180729866 ], [ 413653.098726808093488, 7632354.272984171286225 ], [ 413680.720388294139411, 7632350.925967875868082 ], [ 413708.480018399830442, 7632346.931283945217729 ], [ 413736.231845581380185, 7632342.197544218972325 ], [ 413763.820949908462353, 7632336.750909386202693 ], [ 413791.202429475961253, 7632330.642456810921431 ], [ 413818.369492025056388, 7632323.916383478790522 ], [ 413845.344601970922668, 7632316.608444072306156 ], [ 413872.209668783005327, 7632308.703980034217238 ], [ 413899.005728560965508, 7632300.120669342577457 ], [ 413925.700882136588916, 7632290.783491538837552 ], [ 413952.251654767314903, 7632280.619579100981355 ], [ 413978.607148569077253, 7632269.557839959859848 ], [ 414004.679850531741977, 7632257.549929607659578 ], [ 414030.36915486631915, 7632244.600228747352958 ], [ 414055.608737843402196, 7632230.716721321456134 ], [ 414080.34572545735864, 7632215.900283435359597 ], [ 414104.516969332820736, 7632200.157356516458094 ], [ 414127.982562289515045, 7632183.562877746298909 ], [ 414150.655869802169036, 7632166.298554122447968 ], [ 414172.584214589791372, 7632148.529234819114208 ], [ 414193.861479054787196, 7632130.382417716085911 ], [ 414214.581468261429109, 7632111.980020964518189 ], [ 414251.744616201263852, 7632077.649112056940794 ] ] ] } },
{ "type": "Feature", "properties": { "fid": 167.0, "COMPR_M": 922.89, "CLASSE": "05 - Muito longa", "CD_FAZ": "400292", "TALHOES": "1", "FAZ_tAL": "400292001", "ID_LINHA": 95931 }, "geometry": { "type": "MultiLineString", "coordinates": [ [ [ 413405.112244206015021, 7632369.429498128592968 ], [ 413517.419086704321671, 7632362.574541261419654 ], [ 413598.159752319334075, 7632356.538910346105695 ], [ 413652.764631227997597, 7632351.291523430496454 ], [ 413680.326245484407991, 7632347.951783277094364 ], [ 413708.014068290649448, 7632343.967432605102658 ], [ 413735.689013721887022, 7632339.246806905604899 ], [ 413763.203732336056419, 7632333.81485728174448 ], [ 413790.515246103401296, 7632327.722013166174293 ], [ 413817.616681055922527, 7632321.012188043445349 ], [ 413844.528878582816105, 7632313.721292501315475 ], [ 413871.328569428820629, 7632305.836063929833472 ], [ 413898.052747300185729, 7632297.275778438895941 ], [ 413924.669161829981022, 7632287.966141233220696 ], [ 413951.134596310905181, 7632277.8348971279338 ], [ 413977.398801596835256, 7632266.81147294677794 ], [ 414003.376763307023793, 7632254.847195684909821 ], [ 414028.970556037151255, 7632241.945641192607582 ], [ 414054.114527347730473, 7632228.114726757630706 ], [ 414078.755766061658505, 7632213.355638527311385 ], [ 414102.831627396575641, 7632197.674835029058158 ], [ 414126.207210310676601, 7632181.144009871408343 ], [ 414148.802365066774655, 7632163.939194744452834 ], [ 414170.666167294490151, 7632146.222176579758525 ], [ 414191.891824606747832, 7632128.119373851455748 ], [ 414212.572471360152122, 7632109.751918982714415 ], [ 414251.831667868071236, 7632073.463034296408296 ] ] ] } },
{ "type": "Feature", "properties": { "fid": 168.0, "COMPR_M": 921.55, "CLASSE": "05 - Muito longa", "CD_FAZ": "400292", "TALHOES": "1", "FAZ_tAL": "400292001", "ID_LINHA": 95932 }, "geometry": { "type": "MultiLineString", "coordinates": [ [ [ 413405.012804723693989, 7632366.430475034750998 ], [ 413517.2150105900364, 7632359.581484954804182 ], [ 413597.907170423364732, 7632353.549529508687556 ], [ 413652.430535647028591, 7632348.310062689706683 ], [ 413679.932102674152702, 7632344.977598674595356 ], [ 413707.548118181177415, 7632341.003581265918911 ], [ 413735.146181862452067, 7632336.296069590374827 ], [ 413762.586514761962462, 7632330.878805181011558 ], [ 413789.828062731539831, 7632324.80156952701509 ], [ 413816.863870087254327, 7632318.107992609962821 ], [ 413843.713155196863227, 7632310.834140930324793 ], [ 413870.447470078303013, 7632302.96814781986177 ], [ 413897.099766041210387, 7632294.430887532420456 ], [ 413923.637441521859728, 7632285.148790925741196 ], [ 413950.017537853971589, 7632275.050215154886246 ], [ 413976.190454624651466, 7632264.065105933696032 ], [ 414002.073676083120517, 7632252.144461754709482 ], [ 414027.571957211650442, 7632239.291053634136915 ], [ 414052.620316851185635, 7632225.51273219846189 ], [ 414077.165806665318087, 7632210.810993619263172 ], [ 414101.146285460330546, 7632195.192313538864255 ], [ 414124.431858330499381, 7632178.725141994655132 ], [ 414146.948860331438482, 7632161.579835366457701 ], [ 414168.74811999843223, 7632143.915118338540196 ], [ 414210.563474460504949, 7632107.523817001841962 ], [ 414250.378040557261556, 7632070.715770052745938 ] ] ] } },
{ "type": "Feature", "properties": { "fid": 169.0, "COMPR_M": 916.39, "CLASSE": "05 - Muito longa", "CD_FAZ": "400292", "TALHOES": "1", "FAZ_tAL": "400292001", "ID_LINHA": 95933 }, "geometry": { "type": "MultiLineString", "coordinates": [ [ [ 413404.913365242420696, 7632363.431451939046383 ], [ 413517.010934473481029, 7632356.588428651914001 ], [ 413597.654588526929729, 7632350.560148674994707 ], [ 413652.096440067864023, 7632345.328601953573525 ], [ 413679.537959864013828, 7632342.003414074890316 ], [ 413707.082168072171044, 7632338.03972992580384 ], [ 413734.60335000307532, 7632333.345332279801369 ], [ 413761.969297188334167, 7632327.942753077484667 ], [ 413789.140879359736573, 7632321.88112588506192 ], [ 413816.111059119051788, 7632315.203797172755003 ], [ 413842.897431811201386, 7632307.946989359334111 ], [ 413869.566370726039167, 7632300.10023171082139 ], [ 413896.146784783282783, 7632291.585996629670262 ], [ 413922.605721214902587, 7632282.33144062012434 ], [ 413948.900479398551397, 7632272.265533179976046 ], [ 413974.982107652584091, 7632261.318738924339414 ], [ 414000.770588857820258, 7632249.441727831959724 ], [ 414026.173358382540755, 7632236.636466073803604 ], [ 414051.126106355222873, 7632222.910737639293075 ], [ 414075.575847269385122, 7632208.266348710283637 ], [ 414099.460943526006304, 7632192.709792052395642 ], [ 414122.656506349507254, 7632176.306274119764566 ], [ 414145.095355596218724, 7632159.220475988462567 ], [ 414166.830072702199686, 7632141.608060100115836 ], [ 414187.952515714336187, 7632123.593286124058068 ], [ 414208.554477559693623, 7632105.29571502096951 ], [ 414246.137498586496804, 7632070.571157333441079 ] ] ] } },
{ "type": "Feature", "properties": { "fid": 170.0, "COMPR_M": 910.78, "CLASSE": "05 - Muito longa", "CD_FAZ": "400292", "TALHOES": "1", "FAZ_tAL": "400292001", "ID_LINHA": 95934 }, "geometry": { "type": "MultiLineString", "coordinates": [ [ [ 413404.787264636717737, 7632360.433877885341644 ], [ 413516.806858357973397, 7632353.595372349955142 ], [ 413597.402006629388779, 7632347.570767838507891 ], [ 413651.762344486545771, 7632342.347141213715076 ], [ 413679.143817054689862, 7632339.029229476116598 ], [ 413706.616217962873634, 7632335.075878582894802 ], [ 413734.060518143000081, 7632330.394594963639975 ], [ 413761.352079614414833, 7632325.0067009748891 ], [ 413788.453695987293031, 7632318.960682243108749 ], [ 413815.358248151955195, 7632312.299601740203798 ], [ 413842.081708423735108, 7632305.059837790206075 ], [ 413868.68527137406636, 7632297.232315603643656 ], [ 413895.193803522503003, 7632288.741105725057423 ], [ 413921.574000907829031, 7632279.514090312644839 ], [ 413947.783420941326767, 7632269.480851208791137 ], [ 413973.773760679992847, 7632258.572371911257505 ], [ 413999.467501633334905, 7632246.738993905484676 ], [ 414024.774759555701166, 7632233.981878519058228 ], [ 414049.631895858503412, 7632220.308743077330291 ], [ 414073.98588787263725, 7632205.721703800372779 ], [ 414097.775601589586586, 7632190.227270564064384 ], [ 414120.881154370377772, 7632173.887406243942678 ], [ 414143.241850859834813, 7632156.861116610467434 ], [ 414164.912025405210443, 7632139.301001857966185 ], [ 414185.982861267169937, 7632121.33024225756526 ], [ 414206.54548065981362, 7632103.067613039165735 ], [ 414241.547551589494105, 7632070.752847938798368 ] ] ] } },
{ "type": "Feature", "properties": { "fid": 171.0, "COMPR_M": 905.11, "CLASSE": "05 - Muito longa", "CD_FAZ": "400292", "TALHOES": "1", "FAZ_tAL": "400292001", "ID_LINHA": 95935 }, "geometry": { "type": "MultiLineString", "coordinates": [ [ [ 413404.653704155352898, 7632357.436709273606539 ], [ 413516.602782240952365, 7632350.60231604333967 ], [ 413597.149424732662737, 7632344.581387005746365 ], [ 413651.428248907788657, 7632339.36568047106266 ], [ 413678.749674243619666, 7632336.055044872686267 ], [ 413706.150267852586694, 7632332.112027246505022 ], [ 413733.517686283739749, 7632327.443857649341226 ], [ 413760.734862040786538, 7632322.070648871362209 ], [ 413787.766512615547981, 7632316.040238601155579 ], [ 413814.60543718142435, 7632309.395406303927302 ], [ 413841.265985037840437, 7632302.172686219215393 ], [ 413867.804172021744307, 7632294.364399492740631 ], [ 413894.240822263411246, 7632285.896214819513261 ], [ 413920.542280599242076, 7632276.696740007027984 ], [ 413946.666362487478182, 7632266.69616923481226 ], [ 413972.565413706935942, 7632255.826004901900887 ], [ 413998.164414407568984, 7632244.036259982734919 ], [ 414023.376160726591479, 7632231.327290959656239 ], [ 414048.137685360969044, 7632217.706748518161476 ], [ 414072.395928476471454, 7632203.177058892324567 ], [ 414096.090259653748944, 7632187.74474907759577 ], [ 414119.10580239049159, 7632171.468538369983435 ], [ 414141.388346124789678, 7632154.501757236197591 ], [ 414162.9939781074645, 7632136.993943617679179 ], [ 414184.013206819596235, 7632119.067198394797742 ], [ 414204.536483759467956, 7632100.839511059224606 ], [ 414236.903772218967788, 7632070.984811674803495 ] ] ] } },
{ "type": "Feature", "properties": { "fid": 172.0, "COMPR_M": 899.43, "CLASSE": "05 - Muito longa", "CD_FAZ": "400292", "TALHOES": "1", "FAZ_tAL": "400292001", "ID_LINHA": 95936 }, "geometry": { "type": "MultiLineString", "coordinates": [ [ [ 413404.520143675035797, 7632354.439540664665401 ], [ 413516.398706125561148, 7632347.60925973765552 ], [ 413596.896842835412826, 7632341.592006168328226 ], [ 413651.094153327518143, 7632336.384219735860825 ], [ 413678.355531434586737, 7632333.080860274843872 ], [ 413705.684317744162399, 7632329.148175902664661 ], [ 413732.974854423897341, 7632324.493120335042477 ], [ 413760.11764446698362, 7632319.134596769697964 ], [ 413787.07932924258057, 7632313.119794959202409 ], [ 413813.852626214036718, 7632306.491210866719484 ], [ 413840.450261651538312, 7632299.285534650087357 ], [ 413866.923072669655085, 7632291.496483383700252 ], [ 413893.28784100478515, 7632283.051323914900422 ], [ 413919.510560291877482, 7632273.879389697685838 ], [ 413945.549304030602798, 7632263.911487260833383 ], [ 413971.357066734635737, 7632253.079637888818979 ], [ 413996.861327182501554, 7632241.333526056259871 ], [ 414021.977561898413114, 7632228.672703404910862 ], [ 414046.643474866054021, 7632215.104753956198692 ], [ 414070.80596908077132, 7632200.632413981482387 ], [ 414094.404917718551587, 7632185.262227587401867 ], [ 414117.330450410605408, 7632169.049670495092869 ], [ 414139.534841389278881, 7632152.142397854477167 ], [ 414161.07593081088271, 7632134.686885375529528 ], [ 414182.043552373361308, 7632116.804154531098902 ], [ 414232.259992849722039, 7632071.21677540615201 ] ] ] } },
{ "type": "Feature", "properties": { "fid": 173.0, "COMPR_M": 893.76, "CLASSE": "05 - Muito longa", "CD_FAZ": "400292", "TALHOES": "1", "FAZ_tAL": "400292001", "ID_LINHA": 95937 }, "geometry": { "type": "MultiLineString", "coordinates": [ [ [ 413404.386583193787374, 7632351.442372053861618 ], [ 413516.194630008656532, 7632344.616203434765339 ], [ 413596.64426093903603, 7632338.602625332772732 ], [ 413650.760057747771498, 7632333.402758996933699 ], [ 413677.961388623109087, 7632330.106675672344863 ], [ 413705.218367634690367, 7632326.184324564412236 ], [ 413732.432022564695217, 7632321.542383022606373 ], [ 413759.500426892831456, 7632316.198544664308429 ], [ 413786.392145871010143, 7632310.199351316317916 ], [ 413813.099815245717764, 7632303.587015431374311 ], [ 413839.634538265410811, 7632296.398383078165352 ], [ 413866.041973317915108, 7632288.628567275591195 ], [ 413892.334859746624716, 7632280.206433010287583 ], [ 413918.478839984338265, 7632271.062039393931627 ], [ 413944.432245573785622, 7632261.12680528126657 ], [ 413970.148719763208646, 7632250.333270877599716 ], [ 413995.558239958249032, 7632238.63079213257879 ], [ 414020.578963071922772, 7632226.018115844577551 ], [ 414045.149264368985314, 7632212.502759397029877 ], [ 414069.216009684314486, 7632198.087769073434174 ], [ 414092.719575782597531, 7632182.779706099070609 ], [ 414115.555098429264035, 7632166.630802620202303 ], [ 414137.681336653768085, 7632149.783038478344679 ], [ 414159.157883513486013, 7632132.379827135242522 ], [ 414180.073897926020436, 7632114.541110662743449 ], [ 414227.61621347971959, 7632071.448739136569202 ] ] ] } },
{ "type": "Feature", "properties": { "fid": 174.0, "COMPR_M": 888.1, "CLASSE": "05 - Muito longa", "CD_FAZ": "400292", "TALHOES": "1", "FAZ_tAL": "400292001", "ID_LINHA": 95938 }, "geometry": { "type": "MultiLineString", "coordinates": [ [ [ 413404.253022713703103, 7632348.44520344119519 ], [ 413515.990553892799653, 7632341.623147130012512 ], [ 413596.391679040854797, 7632335.613244499079883 ], [ 413650.425962166569661, 7632330.421298254281282 ], [ 413677.567245814425405, 7632327.132491074502468 ], [ 413704.752417525683995, 7632323.220473222434521 ], [ 413731.889190704911016, 7632318.591645710170269 ], [ 413758.883209319086745, 7632313.262492564506829 ], [ 413785.704962498799432, 7632307.278907675296068 ], [ 413838.818814879574347, 7632293.511231506243348 ], [ 413865.160873965069186, 7632285.760651170276105 ], [ 413891.381878486834466, 7632277.361542105674744 ], [ 413917.447119676682632, 7632268.244689088314772 ], [ 413943.315187118540052, 7632258.342123310081661 ], [ 413968.940372788580135, 7632247.586903864517808 ], [ 413994.255152732657734, 7632235.928058207966387 ], [ 414019.180364243802615, 7632223.363528288900852 ], [ 414043.655053872498684, 7632209.900764835998416 ], [ 414067.626050288381521, 7632195.543124163523316 ], [ 414091.034233846585266, 7632180.297184612601995 ], [ 414113.779746449843515, 7632164.211934741586447 ], [ 414135.827831917849835, 7632147.423679099418223 ], [ 414157.239836217951961, 7632130.072768894955516 ], [ 414178.10424347803928, 7632112.278066800907254 ], [ 414222.982282407756429, 7632071.671505713835359 ] ] ] } },
{ "type": "Feature", "properties": { "fid": 175.0, "COMPR_M": 882.54, "CLASSE": "05 - Muito longa", "CD_FAZ": "400292", "TALHOES": "1", "FAZ_tAL": "400292001", "ID_LINHA": 95939 }, "geometry": { "type": "MultiLineString", "coordinates": [ [ [ 413404.119462232687511, 7632345.448034829460084 ], [ 413515.786477777350228, 7632338.630090827122331 ], [ 413596.139097145525739, 7632332.623863663524389 ], [ 413650.091866587172262, 7632327.439837517216802 ], [ 413677.173103004519362, 7632324.158306474797428 ], [ 413704.286467416386586, 7632320.256621883250773 ], [ 413731.34635884524323, 7632315.640908394008875 ], [ 413758.265991745050997, 7632310.326440460048616 ], [ 413785.017779126588721, 7632304.358464036136866 ], [ 413838.003091492573731, 7632290.624079938977957 ], [ 413864.279774613212794, 7632282.892735060304403 ], [ 413890.42889722622931, 7632274.516651201061904 ], [ 413916.415399370191153, 7632265.427338778972626 ], [ 413942.198128662072122, 7632255.557441337034106 ], [ 413967.732025817385875, 7632244.84053685516119 ], [ 413992.952065508521628, 7632233.225324282422662 ], [ 414017.781765417312272, 7632220.708940729498863 ], [ 414042.160843376535922, 7632207.29877027310431 ], [ 414066.036090891691856, 7632192.998479254543781 ], [ 414089.348891909816302, 7632177.814663121476769 ], [ 414112.004394470946863, 7632161.793066868558526 ], [ 414133.974327181291301, 7632145.06431972142309 ], [ 414155.321788921603002, 7632127.765710653737187 ], [ 414176.134589032793883, 7632110.015022937208414 ], [ 414218.420301711536013, 7632071.827079076319933 ] ] ] } },
{ "type": "Feature", "properties": { "fid": 176.0, "COMPR_M": 876.96, "CLASSE": "05 - Muito longa", "CD_FAZ": "400292", "TALHOES": "1", "FAZ_tAL": "400292001", "ID_LINHA": 95940 }, "geometry": { "type": "MultiLineString", "coordinates": [ [ [ 413403.985901752021164, 7632342.450866218656301 ], [ 413515.582401660270989, 7632335.637034521438181 ], [ 413595.886515247693751, 7632329.634482827968895 ], [ 413649.757771006959956, 7632324.458376777358353 ], [ 413676.778960192808881, 7632321.184121875092387 ], [ 413703.820517306216061, 7632317.29277054220438 ], [ 413730.803526984876953, 7632312.690171081572771 ], [ 413757.648774170724209, 7632307.390388358384371 ], [ 413784.330595754494425, 7632301.438020395115018 ], [ 413837.187368105864152, 7632287.73692836984992 ], [ 413863.398675260948949, 7632280.024818951264024 ], [ 413889.475915968650952, 7632271.671760295517743 ], [ 413915.38367906154599, 7632262.609988475218415 ], [ 413941.081070206477307, 7632252.772759364917874 ], [ 413966.523678844969254, 7632242.094169841147959 ], [ 413991.648978283745237, 7632230.522590355947614 ], [ 414016.383166588493623, 7632218.054353171959519 ], [ 414040.666632879176177, 7632204.696775714866817 ], [ 414064.446131496166345, 7632190.453834345564246 ], [ 414087.663549975026399, 7632175.332141634076834 ], [ 414110.22904249135172, 7632159.37419898994267 ], [ 414132.120822446187958, 7632142.704960341565311 ], [ 414153.403741625195835, 7632125.458652417175472 ], [ 414174.164934585685842, 7632107.751979071646929 ], [ 414213.845472807995975, 7632071.983090588822961 ] ] ] } },
{ "type": "Feature", "properties": { "fid": 177.0, "COMPR_M": 871.36, "CLASSE": "05 - Muito longa", "CD_FAZ": "400292", "TALHOES": "1", "FAZ_tAL": "400292001", "ID_LINHA": 95941 }, "geometry": { "type": "MultiLineString", "coordinates": [ [ [ 413403.85234127176227, 7632339.453697610646486 ], [ 413515.378325542958919, 7632332.64397821482271 ], [ 413595.633933351375163, 7632326.645101992413402 ], [ 413649.423675426631235, 7632321.476916038431227 ], [ 413676.384817383950576, 7632318.209937274456024 ], [ 413703.354567197035067, 7632314.328919204883277 ], [ 413730.260695127304643, 7632309.739433768205345 ], [ 413757.031556596164592, 7632304.454336253926158 ], [ 413783.643412381818052, 7632298.51757675409317 ], [ 413836.371644719329197, 7632284.849776796996593 ], [ 413862.517575908277649, 7632277.156902842223644 ], [ 413888.522934707580134, 7632268.826869390904903 ], [ 413914.351958754123189, 7632259.792638168670237 ], [ 413939.964011750358623, 7632249.988077390938997 ], [ 413965.315331872086972, 7632239.347802828997374 ], [ 413990.345891059085261, 7632227.819856430403888 ], [ 414014.984567761362996, 7632215.399765614420176 ], [ 414039.172422381700017, 7632202.094781152904034 ], [ 414062.856172099825926, 7632187.909189438447356 ], [ 414085.978208039421588, 7632172.849620144814253 ], [ 414108.453690510301385, 7632156.955331115983427 ], [ 414130.267317710502539, 7632140.345600966364145 ], [ 414151.485694328614045, 7632123.151594175025821 ], [ 414172.195280138053931, 7632105.488935206085443 ], [ 414209.230422087071929, 7632072.140473753213882 ] ] ] } },
{ "type": "Feature", "properties": { "fid": 178.0, "COMPR_M": 865.76, "CLASSE": "05 - Muito longa", "CD_FAZ": "400292", "TALHOES": "1", "FAZ_tAL": "400292001", "ID_LINHA": 95942 }, "geometry": { "type": "MultiLineString", "coordinates": [ [ [ 413403.718780789873563, 7632336.456528998911381 ], [ 413515.174249428673647, 7632329.650921912863851 ], [ 413595.381351455813274, 7632323.655721155926585 ], [ 413649.089579846768174, 7632318.495455299504101 ], [ 413675.990674574510194, 7632315.235752675682306 ], [ 413702.888617088319734, 7632311.365067863836884 ], [ 413729.717863266356289, 7632306.788696454837918 ], [ 413756.414339023875073, 7632301.518284149467945 ], [ 413782.956229010480456, 7632295.597133111208677 ], [ 413835.55592133308528, 7632281.962625225074589 ], [ 413861.636476556654088, 7632274.288986733183265 ], [ 413887.569953450118192, 7632265.981978487223387 ], [ 413913.320238445885479, 7632256.975287861190736 ], [ 413938.846953293774277, 7632247.203395415097475 ], [ 413964.10698489996139, 7632236.601435821503401 ], [ 413989.042803834483493, 7632225.117122504860163 ], [ 414013.585968933242839, 7632212.745178055949509 ], [ 414037.678211886668578, 7632199.492786595597863 ], [ 414061.266212704009376, 7632185.364544529467821 ], [ 414084.292866103874985, 7632170.367098657414317 ], [ 414106.678338530589826, 7632154.536463240161538 ], [ 414128.413812975632027, 7632137.986241587437689 ], [ 414149.567647031275555, 7632120.844535933807492 ], [ 414170.225625691819005, 7632103.225891346111894 ], [ 414204.615371367603075, 7632072.297856914810836 ] ] ] } },
{ "type": "Feature", "properties": { "fid": 179.0, "COMPR_M": 860.01, "CLASSE": "05 - Muito longa", "CD_FAZ": "400292", "TALHOES": "1", "FAZ_tAL": "400292001", "ID_LINHA": 95943 }, "geometry": { "type": "MultiLineString", "coordinates": [ [ [ 413403.585220309789293, 7632333.45936038903892 ], [ 413514.970173312118277, 7632326.657865609973669 ], [ 413595.128769557923079, 7632320.666340319439769 ], [ 413648.755484266788699, 7632315.513994559645653 ], [ 413675.596531764604151, 7632312.261568075977266 ], [ 413702.422666977974586, 7632308.401216523721814 ], [ 413729.17503140628105, 7632303.837959138676524 ], [ 413755.797121450013947, 7632298.582232050597668 ], [ 413782.269045638560783, 7632292.676689468324184 ], [ 413834.740197945735417, 7632279.075473656877875 ], [ 413860.755377203866374, 7632271.42107062600553 ], [ 413886.616972191201057, 7632263.137087585404515 ], [ 413912.288518138811924, 7632254.157937554642558 ], [ 413937.729894838004839, 7632244.418713441118598 ], [ 413962.898637928068638, 7632233.855068808421493 ], [ 413987.739716609357856, 7632222.41438858024776 ], [ 414012.187370106112212, 7632210.090590497478843 ], [ 414036.18400139035657, 7632196.890792032703757 ], [ 414059.676253307436127, 7632182.819899618625641 ], [ 414082.607524168153759, 7632167.884577170014381 ], [ 414104.902986551343929, 7632152.117595365270972 ], [ 414126.56030824087793, 7632135.626882211305201 ], [ 414147.649599735159427, 7632118.537477694451809 ], [ 414168.255971244419925, 7632100.962847476825118 ], [ 414199.889673721743748, 7632072.55652217566967 ] ] ] } },
{ "type": "Feature", "properties": { "fid": 180.0, "COMPR_M": 854.16, "CLASSE": "05 - Muito longa", "CD_FAZ": "400292", "TALHOES": "1", "FAZ_tAL": "400292001", "ID_LINHA": 95944 }, "geometry": { "type": "MultiLineString", "coordinates": [ [ [ 413403.451659829472192, 7632330.462191781029105 ], [ 413514.766097196028568, 7632323.664809305220842 ], [ 413594.876187662128359, 7632317.676959484815598 ], [ 413648.421388685994316, 7632312.532533819787204 ], [ 413675.202388954174239, 7632309.28738347440958 ], [ 413701.956716869375668, 7632305.437365183606744 ], [ 413728.632199546904303, 7632300.887221824377775 ], [ 413755.17990387591999, 7632295.6461799480021 ], [ 413781.58186226664111, 7632289.756245828233659 ], [ 413833.924474559957162, 7632276.188322085887194 ], [ 413859.874277851427905, 7632268.553154517896473 ], [ 413885.663990931410808, 7632260.292196679860353 ], [ 413911.256797830981668, 7632251.340587249957025 ], [ 413936.612836381769739, 7632241.634031467139721 ], [ 413961.690290955593809, 7632231.108701797202229 ], [ 413986.436629382893443, 7632219.711654655635357 ], [ 414010.788771277933847, 7632207.436002941802144 ], [ 414034.689790893928148, 7632194.288797468878329 ], [ 414058.086293910047971, 7632180.275254709646106 ], [ 414080.922182231792249, 7632165.402055682614446 ], [ 414103.12763457139954, 7632149.698727490380406 ], [ 414124.706803504202981, 7632133.2675228305161 ], [ 414145.731552438868675, 7632116.230419455096126 ], [ 414166.286316796438769, 7632098.6998036140576 ], [ 414195.094933922344353, 7632072.878386067226529 ] ] ] } },
{ "type": "Feature", "properties": { "fid": 181.0, "COMPR_M": 848.31, "CLASSE": "04 - Longa", "CD_FAZ": "400292", "TALHOES": "1", "FAZ_tAL": "400292001", "ID_LINHA": 95945 }, "geometry": { "type": "MultiLineString", "coordinates": [ [ [ 413403.318099348223768, 7632327.465023168362677 ], [ 413514.56202107964782, 7632320.671752998605371 ], [ 413594.623605764529202, 7632314.687578650191426 ], [ 413648.087293106364086, 7632309.551073081791401 ], [ 413674.808246143220458, 7632306.313198873773217 ], [ 413701.49076676054392, 7632302.473513841629028 ], [ 413728.08936768816784, 7632297.936484511941671 ], [ 413754.56268630217528, 7632292.710127845406532 ], [ 413780.89467889489606, 7632286.835802186280489 ], [ 413833.108751172316261, 7632273.301170514896512 ], [ 413858.993178500619251, 7632265.685238407924771 ], [ 413884.71100967208622, 7632257.447305776178837 ], [ 413910.22507752495585, 7632248.523236941546202 ], [ 413935.495777924952563, 7632238.849349493160844 ], [ 413960.481943982595112, 7632228.362334784120321 ], [ 413985.133542158524506, 7632217.008920731022954 ], [ 414009.390172449522652, 7632204.781415386125445 ], [ 414033.195580396684818, 7632191.686802908778191 ], [ 414056.496334513882175, 7632177.730609800666571 ], [ 414079.236840296653099, 7632162.919534193351865 ], [ 414101.352282590698451, 7632147.279859614558518 ], [ 414122.853298768983223, 7632130.908163454383612 ], [ 414143.813505142461509, 7632113.92336121480912 ], [ 414164.316662349854596, 7632096.436759751290083 ], [ 414190.300194121024106, 7632073.200249958783388 ] ] ] } },
{ "type": "Feature", "properties": { "fid": 182.0, "COMPR_M": 842.47, "CLASSE": "04 - Longa", "CD_FAZ": "400292", "TALHOES": "1", "FAZ_tAL": "400292001", "ID_LINHA": 95946 }, "geometry": { "type": "MultiLineString", "coordinates": [ [ [ 413403.184538867441006, 7632324.467854555696249 ], [ 413514.357944964314811, 7632317.678696693852544 ], [ 413594.371023867744952, 7632311.698197815567255 ], [ 413647.753197525918949, 7632306.56961234472692 ], [ 413674.414103334420361, 7632303.339014274068177 ], [ 413701.024816652119625, 7632299.509662501513958 ], [ 413727.546535828849301, 7632294.985747199505568 ], [ 413753.945468728197739, 7632289.774075740016997 ], [ 413780.20749552117195, 7632283.915358547121286 ], [ 413832.293027787003666, 7632270.41401894390583 ], [ 413858.112079148064367, 7632262.817322300747037 ], [ 413883.758028413110878, 7632254.602414869703352 ], [ 413909.193357216194272, 7632245.705886634066701 ], [ 413934.378719469066709, 7632236.064667520113289 ], [ 413959.273597009130754, 7632225.615967773832381 ], [ 413983.830454933573492, 7632214.306186805479228 ], [ 414007.991573622741271, 7632202.126827828586102 ], [ 414031.701369900663849, 7632189.084808348678052 ], [ 414054.906375119579025, 7632175.185964893549681 ], [ 414077.551498359476682, 7632160.437012705951929 ], [ 414099.576930609939154, 7632144.860991738736629 ], [ 414120.999794034578372, 7632128.548804074525833 ], [ 414141.895457844657358, 7632111.616302972659469 ], [ 414162.347007903503254, 7632094.173715885728598 ], [ 414185.50545432313811, 7632073.522113848477602 ] ] ] } },
{ "type": "Feature", "properties": { "fid": 183.0, "COMPR_M": 836.62, "CLASSE": "04 - Longa", "CD_FAZ": "400292", "TALHOES": "1", "FAZ_tAL": "400292001", "ID_LINHA": 95947 }, "geometry": { "type": "MultiLineString", "coordinates": [ [ [ 413403.05097838700749, 7632321.470685944892466 ], [ 413487.502866237831768, 7632316.451447649858892 ], [ 413567.457552453270182, 7632310.836414468474686 ], [ 413620.778540113591589, 7632306.331066928803921 ], [ 413674.01996052445611, 7632300.364829674363136 ], [ 413700.558866542065516, 7632296.545811161398888 ], [ 413727.003703969006892, 7632292.035009883344173 ], [ 413753.328251154511236, 7632286.838023640215397 ], [ 413779.520312150125392, 7632280.994914903305471 ], [ 413805.57170555961784, 7632274.545061076059937 ], [ 413857.23097979585873, 7632259.949406190775335 ], [ 413882.805047153960913, 7632251.757523966021836 ], [ 413908.161636907898355, 7632242.888536328449845 ], [ 413933.261661013937555, 7632233.27998554520309 ], [ 413958.065250038402155, 7632222.86960076354444 ], [ 413982.527367708040401, 7632211.603452879935503 ], [ 414006.592974795028567, 7632199.472240267321467 ], [ 414030.207159404526465, 7632186.482813788577914 ], [ 414053.316415722481906, 7632172.6413199827075 ], [ 414075.866156424861401, 7632157.954491218551993 ], [ 414097.801578631740995, 7632142.442123863846064 ], [ 414119.146289298310876, 7632126.1894446965307 ], [ 414139.977410549356136, 7632109.309244733303785 ], [ 414180.710714522690978, 7632073.843977739103138 ] ] ] } },
{ "type": "Feature", "properties": { "fid": 184.0, "COMPR_M": 830.79, "CLASSE": "04 - Longa", "CD_FAZ": "400292", "TALHOES": "1", "FAZ_tAL": "400292001", "ID_LINHA": 95948 }, "geometry": { "type": "MultiLineString", "coordinates": [ [ [ 413402.917417906341143, 7632318.473517335020006 ], [ 413487.309751683962531, 7632313.457665069028735 ], [ 413567.227059503551573, 7632307.845270885154605 ], [ 413620.491646256647073, 7632303.344746293500066 ], [ 413673.625817714608274, 7632297.390645077452064 ], [ 413700.09291643241886, 7632293.58195982221514 ], [ 413726.460872109164484, 7632289.08427257090807 ], [ 413752.711033579951618, 7632283.901971536688507 ], [ 413778.833128779137041, 7632278.074471260420978 ], [ 413804.818894590716809, 7632271.640865638852119 ], [ 413856.349880443885922, 7632257.081490082666278 ], [ 413881.85206589451991, 7632248.912633061408997 ], [ 413907.129916601465084, 7632240.07118602283299 ], [ 413932.144602557760663, 7632230.495303571224213 ], [ 413956.856903066509403, 7632220.123233750462532 ], [ 413981.224280483904295, 7632208.900718956254423 ], [ 414005.194375966268126, 7632196.817652711644769 ], [ 414028.712948906351812, 7632183.880819227546453 ], [ 414051.726456327247433, 7632170.096675073727965 ], [ 414074.180814488907345, 7632155.471969730220735 ], [ 414096.026226651505567, 7632140.023255987092853 ], [ 414117.29278456280008, 7632123.830085318535566 ], [ 414138.059363252599724, 7632107.002186493016779 ], [ 414175.890548914496321, 7632074.120287043973804 ] ] ] } }
]
}
