{
"type": "FeatureCollection",
"name": "400286",
"crs": { "type": "name", "properties": { "name": "urn:ogc:def:crs:EPSG::32722" } },
"xy_coordinate_resolution": 1e-15,
"features": [
{ "type": "Feature", "properties": { "fid": 1.0, "COMPR_M": 361.14, "CLASSE": "03 - Média", "CD_FAZ": "400286", "TALHOES": "2", "FAZ_tAL": "400286002", "ID_LINHA": 95003 }, "geometry": { "type": "MultiLineString", "coordinates": [ [ [ 421359.728378201602027, 7646885.409522529691458 ], [ 421652.130882745143026, 7646673.663347921334207 ] ] ] } },
{ "type": "Feature", "properties": { "fid": 2.0, "COMPR_M": 361.16, "CLASSE": "03 - Média", "CD_FAZ": "400286", "TALHOES": "2", "FAZ_tAL": "400286002", "ID_LINHA": 95004 }, "geometry": { "type": "MultiLineString", "coordinates": [ [ [ 421358.410531407222152, 7646882.65984729770571 ], [ 421650.833698642847594, 7646670.898709597066045 ] ] ] } },
{ "type": "Feature", "properties": { "fid": 3.0, "COMPR_M": 361.19, "CLASSE": "03 - Média", "CD_FAZ": "400286", "TALHOES": "2", "FAZ_tAL": "400286002", "ID_LINHA": 95005 }, "geometry": { "type": "MultiLineString", "coordinates": [ [ [ 421357.092684612667654, 7646879.910172063857317 ], [ 421649.536514537991025, 7646668.13407127186656 ] ] ] } },
{ "type": "Feature", "properties": { "fid": 4.0, "COMPR_M": 361.21, "CLASSE": "03 - Média", "CD_FAZ": "400286", "TALHOES": "2", "FAZ_tAL": "400286002", "ID_LINHA": 95006 }, "geometry": { "type": "MultiLineString", "coordinates": [ [ [ 421355.774837815901265, 7646877.160496832802892 ], [ 421648.239330434065778, 7646665.369432949461043 ] ] ] } },
{ "type": "Feature", "properties": { "fid": 5.0, "COMPR_M": 361.24, "CLASSE": "03 - Média", "CD_FAZ": "400286", "TALHOES": "2", "FAZ_tAL": "400286002", "ID_LINHA": 95007 }, "geometry": { "type": "MultiLineString", "coordinates": [ [ [ 421354.456991020240821, 7646874.410821603611112 ], [ 421646.942146330955438, 7646662.60479462146759 ] ] ] } },
{ "type": "Feature", "properties": { "fid": 6.0, "COMPR_M": 361.26, "CLASSE": "03 - Média", "CD_FAZ": "400286", "TALHOES": "2", "FAZ_tAL": "400286002", "ID_LINHA": 95008 }, "geometry": { "type": "MultiLineString", "coordinates": [ [ [ 421353.139144225046039, 7646871.661146372556686 ], [ 421645.64496222732123, 7646659.840156299993396 ] ] ] } },
{ "type": "Feature", "properties": { "fid": 7.0, "COMPR_M": 361.29, "CLASSE": "03 - Média", "CD_FAZ": "400286", "TALHOES": "2", "FAZ_tAL": "400286002", "ID_LINHA": 95009 }, "geometry": { "type": "MultiLineString", "coordinates": [ [ [ 421351.821297428919934, 7646868.911471139639616 ], [ 421644.34777812322136, 7646657.075517974793911 ] ] ] } },
{ "type": "Feature", "properties": { "fid": 8.0, "COMPR_M": 361.32, "CLASSE": "03 - Média", "CD_FAZ": "400286", "TALHOES": "2", "FAZ_tAL": "400286002", "ID_LINHA": 95010 }, "geometry": { "type": "MultiLineString", "coordinates": [ [ [ 421350.503450635296758, 7646866.161795908585191 ], [ 421643.050594020052813, 7646654.310879649594426 ] ] ] } },
{ "type": "Feature", "properties": { "fid": 9.0, "COMPR_M": 361.34, "CLASSE": "03 - Média", "CD_FAZ": "400286", "TALHOES": "2", "FAZ_tAL": "400286002", "ID_LINHA": 95011 }, "geometry": { "type": "MultiLineString", "coordinates": [ [ [ 421349.185603838821407, 7646863.412120677530766 ], [ 421641.753409915603697, 7646651.546241324394941 ] ] ] } },
{ "type": "Feature", "properties": { "fid": 10.0, "COMPR_M": 361.37, "CLASSE": "03 - Média", "CD_FAZ": "400286", "TALHOES": "2", "FAZ_tAL": "400286002", "ID_LINHA": 95012 }, "geometry": { "type": "MultiLineString", "coordinates": [ [ [ 421347.867757043452002, 7646860.662445444613695 ], [ 421640.456225812144112, 7646648.781603001058102 ] ] ] } },
{ "type": "Feature", "properties": { "fid": 11.0, "COMPR_M": 361.39, "CLASSE": "03 - Média", "CD_FAZ": "400286", "TALHOES": "2", "FAZ_tAL": "400286002", "ID_LINHA": 95013 }, "geometry": { "type": "MultiLineString", "coordinates": [ [ [ 421346.549910247907974, 7646857.91277021355927 ], [ 421639.159041706821881, 7646646.016964675858617 ] ] ] } },
{ "type": "Feature", "properties": { "fid": 12.0, "COMPR_M": 361.42, "CLASSE": "03 - Média", "CD_FAZ": "400286", "TALHOES": "2", "FAZ_tAL": "400286002", "ID_LINHA": 95014 }, "geometry": { "type": "MultiLineString", "coordinates": [ [ [ 421345.232063452072907, 7646855.16309498436749 ], [ 421637.861857604351826, 7646643.252326351590455 ] ] ] } },
{ "type": "Feature", "properties": { "fid": 13.0, "COMPR_M": 361.44, "CLASSE": "03 - Média", "CD_FAZ": "400286", "TALHOES": "2", "FAZ_tAL": "400286002", "ID_LINHA": 95015 }, "geometry": { "type": "MultiLineString", "coordinates": [ [ [ 421343.914216658100486, 7646852.413419753313065 ], [ 421636.564673500717618, 7646640.487688027322292 ] ] ] } },
{ "type": "Feature", "properties": { "fid": 14.0, "COMPR_M": 361.46, "CLASSE": "03 - Média", "CD_FAZ": "400286", "TALHOES": "2", "FAZ_tAL": "400286002", "ID_LINHA": 95016 }, "geometry": { "type": "MultiLineString", "coordinates": [ [ [ 421342.602416442125104, 7646849.659365828149021 ], [ 421635.267489396675956, 7646637.723049700260162 ] ] ] } },
{ "type": "Feature", "properties": { "fid": 15.0, "COMPR_M": 361.45, "CLASSE": "03 - Média", "CD_FAZ": "400286", "TALHOES": "2", "FAZ_tAL": "400286002", "ID_LINHA": 95017 }, "geometry": { "type": "MultiLineString", "coordinates": [ [ [ 421341.314089628111105, 7646846.888313408941031 ], [ 421633.970305292750709, 7646634.95841137971729 ] ] ] } },
{ "type": "Feature", "properties": { "fid": 16.0, "COMPR_M": 361.44, "CLASSE": "03 - Média", "CD_FAZ": "400286", "TALHOES": "2", "FAZ_tAL": "400286002", "ID_LINHA": 95018 }, "geometry": { "type": "MultiLineString", "coordinates": [ [ [ 421340.025762814388145, 7646844.11726098973304 ], [ 421632.6731211891165, 7646632.193773053586483 ] ] ] } },
{ "type": "Feature", "properties": { "fid": 17.0, "COMPR_M": 361.43, "CLASSE": "03 - Média", "CD_FAZ": "400286", "TALHOES": "2", "FAZ_tAL": "400286002", "ID_LINHA": 95019 }, "geometry": { "type": "MultiLineString", "coordinates": [ [ [ 421338.737436000432353, 7646841.34620857052505 ], [ 421631.375937084259931, 7646629.429134728386998 ] ] ] } },
{ "type": "Feature", "properties": { "fid": 18.0, "COMPR_M": 361.42, "CLASSE": "03 - Média", "CD_FAZ": "400286", "TALHOES": "2", "FAZ_tAL": "400286002", "ID_LINHA": 95020 }, "geometry": { "type": "MultiLineString", "coordinates": [ [ [ 421337.449109185428824, 7646838.575156154111028 ], [ 421630.078752980974969, 7646626.664496405050159 ] ] ] } },
{ "type": "Feature", "properties": { "fid": 19.0, "COMPR_M": 361.41, "CLASSE": "03 - Média", "CD_FAZ": "400286", "TALHOES": "2", "FAZ_tAL": "400286002", "ID_LINHA": 95021 }, "geometry": { "type": "MultiLineString", "coordinates": [ [ [ 421336.160782370134257, 7646835.804103733040392 ], [ 421628.781568877166137, 7646623.899858079850674 ] ] ] } },
{ "type": "Feature", "properties": { "fid": 20.0, "COMPR_M": 361.4, "CLASSE": "03 - Média", "CD_FAZ": "400286", "TALHOES": "2", "FAZ_tAL": "400286002", "ID_LINHA": 95022 }, "geometry": { "type": "MultiLineString", "coordinates": [ [ [ 421334.872455557167996, 7646833.033051315695047 ], [ 421627.484384773648344, 7646621.135219755582511 ] ] ] } },
{ "type": "Feature", "properties": { "fid": 21.0, "COMPR_M": 361.38, "CLASSE": "03 - Média", "CD_FAZ": "400286", "TALHOES": "2", "FAZ_tAL": "400286002", "ID_LINHA": 95023 }, "geometry": { "type": "MultiLineString", "coordinates": [ [ [ 421333.584128743270412, 7646830.261998896487057 ], [ 421626.187200669606682, 7646618.370581431314349 ] ] ] } },
{ "type": "Feature", "properties": { "fid": 22.0, "COMPR_M": 361.37, "CLASSE": "03 - Média", "CD_FAZ": "400286", "TALHOES": "2", "FAZ_tAL": "400286002", "ID_LINHA": 95024 }, "geometry": { "type": "MultiLineString", "coordinates": [ [ [ 421332.295801927684806, 7646827.490946477279067 ], [ 421624.890016565739643, 7646615.605943107046187 ] ] ] } },
{ "type": "Feature", "properties": { "fid": 23.0, "COMPR_M": 361.36, "CLASSE": "03 - Média", "CD_FAZ": "400286", "TALHOES": "2", "FAZ_tAL": "400286002", "ID_LINHA": 95025 }, "geometry": { "type": "MultiLineString", "coordinates": [ [ [ 421331.007475114427507, 7646824.719894059933722 ], [ 421623.59283246146515, 7646612.841304782778025 ] ] ] } },
{ "type": "Feature", "properties": { "fid": 24.0, "COMPR_M": 361.35, "CLASSE": "03 - Média", "CD_FAZ": "400286", "TALHOES": "2", "FAZ_tAL": "400286002", "ID_LINHA": 95026 }, "geometry": { "type": "MultiLineString", "coordinates": [ [ [ 421329.719148300879169, 7646821.948841639794409 ], [ 421622.29564835736528, 7646610.076666459441185 ] ] ] } },
{ "type": "Feature", "properties": { "fid": 25.0, "COMPR_M": 361.34, "CLASSE": "03 - Média", "CD_FAZ": "400286", "TALHOES": "2", "FAZ_tAL": "400286002", "ID_LINHA": 95027 }, "geometry": { "type": "MultiLineString", "coordinates": [ [ [ 421328.430821487039793, 7646819.177789222449064 ], [ 421620.998464252799749, 7646607.312028132379055 ] ] ] } },
{ "type": "Feature", "properties": { "fid": 26.0, "COMPR_M": 361.33, "CLASSE": "03 - Média", "CD_FAZ": "400286", "TALHOES": "2", "FAZ_tAL": "400286002", "ID_LINHA": 95028 }, "geometry": { "type": "MultiLineString", "coordinates": [ [ [ 421327.142494671570603, 7646816.406736802309752 ], [ 421619.701280149805825, 7646604.54738980717957 ] ] ] } },
{ "type": "Feature", "properties": { "fid": 27.0, "COMPR_M": 361.32, "CLASSE": "03 - Média", "CD_FAZ": "400286", "TALHOES": "2", "FAZ_tAL": "400286002", "ID_LINHA": 95029 }, "geometry": { "type": "MultiLineString", "coordinates": [ [ [ 421325.854167859070003, 7646813.635684382170439 ], [ 421618.404096045647748, 7646601.782751481980085 ] ] ] } },
{ "type": "Feature", "properties": { "fid": 28.0, "COMPR_M": 361.31, "CLASSE": "03 - Média", "CD_FAZ": "400286", "TALHOES": "2", "FAZ_tAL": "400286002", "ID_LINHA": 95030 }, "geometry": { "type": "MultiLineString", "coordinates": [ [ [ 421324.565841044299304, 7646810.864631966687739 ], [ 421617.106911942362785, 7646599.018113158643246 ] ] ] } },
{ "type": "Feature", "properties": { "fid": 29.0, "COMPR_M": 361.3, "CLASSE": "03 - Média", "CD_FAZ": "400286", "TALHOES": "2", "FAZ_tAL": "400286002", "ID_LINHA": 95031 }, "geometry": { "type": "MultiLineString", "coordinates": [ [ [ 421323.277514230576344, 7646808.093579547479749 ], [ 421615.809727838612162, 7646596.253474831581116 ] ] ] } },
{ "type": "Feature", "properties": { "fid": 30.0, "COMPR_M": 361.29, "CLASSE": "03 - Média", "CD_FAZ": "400286", "TALHOES": "2", "FAZ_tAL": "400286002", "ID_LINHA": 95032 }, "geometry": { "type": "MultiLineString", "coordinates": [ [ [ 421321.989187416504137, 7646805.322527127340436 ], [ 421614.512543733115308, 7646593.488836508244276 ] ] ] } },
{ "type": "Feature", "properties": { "fid": 31.0, "COMPR_M": 361.28, "CLASSE": "03 - Média", "CD_FAZ": "400286", "TALHOES": "2", "FAZ_tAL": "400286002", "ID_LINHA": 95033 }, "geometry": { "type": "MultiLineString", "coordinates": [ [ [ 421320.7008606021991, 7646802.551474709063768 ], [ 421613.215359630412422, 7646590.724198186770082 ] ] ] } },
{ "type": "Feature", "properties": { "fid": 32.0, "COMPR_M": 361.26, "CLASSE": "03 - Média", "CD_FAZ": "400286", "TALHOES": "2", "FAZ_tAL": "400286002", "ID_LINHA": 95034 }, "geometry": { "type": "MultiLineString", "coordinates": [ [ [ 421319.412533788185101, 7646799.780422289855778 ], [ 421611.918175526603591, 7646587.959559863433242 ] ] ] } },
{ "type": "Feature", "properties": { "fid": 33.0, "COMPR_M": 361.25, "CLASSE": "03 - Média", "CD_FAZ": "400286", "TALHOES": "2", "FAZ_tAL": "400286002", "ID_LINHA": 95035 }, "geometry": { "type": "MultiLineString", "coordinates": [ [ [ 421318.124206973880064, 7646797.009369869716465 ], [ 421610.620991423667874, 7646585.194921538233757 ] ] ] } },
{ "type": "Feature", "properties": { "fid": 34.0, "COMPR_M": 361.24, "CLASSE": "03 - Média", "CD_FAZ": "400286", "TALHOES": "2", "FAZ_tAL": "400286002", "ID_LINHA": 95036 }, "geometry": { "type": "MultiLineString", "coordinates": [ [ [ 421316.835880159283988, 7646794.23831745237112 ], [ 421609.323807317705359, 7646582.430283209308982 ] ] ] } },
{ "type": "Feature", "properties": { "fid": 35.0, "COMPR_M": 361.23, "CLASSE": "03 - Média", "CD_FAZ": "400286", "TALHOES": "2", "FAZ_tAL": "400286002", "ID_LINHA": 95037 }, "geometry": { "type": "MultiLineString", "coordinates": [ [ [ 421315.547553346375935, 7646791.467265032231808 ], [ 421608.026623215177096, 7646579.66564488876611 ] ] ] } },
{ "type": "Feature", "properties": { "fid": 36.0, "COMPR_M": 361.22, "CLASSE": "03 - Média", "CD_FAZ": "400286", "TALHOES": "2", "FAZ_tAL": "400286002", "ID_LINHA": 95038 }, "geometry": { "type": "MultiLineString", "coordinates": [ [ [ 421314.259226531838067, 7646788.69621261395514 ], [ 421606.72943911224138, 7646576.901006562635303 ] ] ] } },
{ "type": "Feature", "properties": { "fid": 37.0, "COMPR_M": 361.21, "CLASSE": "03 - Média", "CD_FAZ": "400286", "TALHOES": "2", "FAZ_tAL": "400286002", "ID_LINHA": 95039 }, "geometry": { "type": "MultiLineString", "coordinates": [ [ [ 421312.970899717707653, 7646785.925160191953182 ], [ 421605.432255007559434, 7646574.136368237435818 ] ] ] } },
{ "type": "Feature", "properties": { "fid": 38.0, "COMPR_M": 361.2, "CLASSE": "03 - Média", "CD_FAZ": "400286", "TALHOES": "2", "FAZ_tAL": "400286002", "ID_LINHA": 95040 }, "geometry": { "type": "MultiLineString", "coordinates": [ [ [ 421311.682572903227992, 7646783.154107776470482 ], [ 421604.135070903692394, 7646571.371729914098978 ] ] ] } },
{ "type": "Feature", "properties": { "fid": 39.0, "COMPR_M": 361.19, "CLASSE": "03 - Média", "CD_FAZ": "400286", "TALHOES": "2", "FAZ_tAL": "400286002", "ID_LINHA": 95041 }, "geometry": { "type": "MultiLineString", "coordinates": [ [ [ 421310.394246089155786, 7646780.383055357262492 ], [ 421602.837886798079126, 7646568.607091588899493 ] ] ] } },
{ "type": "Feature", "properties": { "fid": 40.0, "COMPR_M": 361.18, "CLASSE": "03 - Média", "CD_FAZ": "400286", "TALHOES": "2", "FAZ_tAL": "400286002", "ID_LINHA": 95042 }, "geometry": { "type": "MultiLineString", "coordinates": [ [ [ 421309.105919275374617, 7646777.612002938985825 ], [ 421601.54070269537624, 7646565.842453263700008 ] ] ] } },
{ "type": "Feature", "properties": { "fid": 41.0, "COMPR_M": 361.17, "CLASSE": "03 - Média", "CD_FAZ": "400286", "TALHOES": "2", "FAZ_tAL": "400286002", "ID_LINHA": 95043 }, "geometry": { "type": "MultiLineString", "coordinates": [ [ [ 421307.817592460720334, 7646774.840950520709157 ], [ 421600.243518591509201, 7646563.077814940363169 ] ] ] } },
{ "type": "Feature", "properties": { "fid": 42.0, "COMPR_M": 361.16, "CLASSE": "03 - Média", "CD_FAZ": "400286", "TALHOES": "2", "FAZ_tAL": "400286002", "ID_LINHA": 95044 }, "geometry": { "type": "MultiLineString", "coordinates": [ [ [ 421306.529265647055581, 7646772.069898102432489 ], [ 421598.946334487874992, 7646560.313176615163684 ] ] ] } },
{ "type": "Feature", "properties": { "fid": 43.0, "COMPR_M": 361.14, "CLASSE": "03 - Média", "CD_FAZ": "400286", "TALHOES": "2", "FAZ_tAL": "400286002", "ID_LINHA": 95045 }, "geometry": { "type": "MultiLineString", "coordinates": [ [ [ 421305.240938832459506, 7646769.298845683224499 ], [ 421597.649150384415407, 7646557.548538291826844 ] ] ] } },
{ "type": "Feature", "properties": { "fid": 44.0, "COMPR_M": 361.13, "CLASSE": "03 - Média", "CD_FAZ": "400286", "TALHOES": "2", "FAZ_tAL": "400286002", "ID_LINHA": 95046 }, "geometry": { "type": "MultiLineString", "coordinates": [ [ [ 421303.95261201885296, 7646766.527793264016509 ], [ 421596.351966279209591, 7646554.783899964764714 ] ] ] } },
{ "type": "Feature", "properties": { "fid": 45.0, "COMPR_M": 361.12, "CLASSE": "03 - Média", "CD_FAZ": "400286", "TALHOES": "2", "FAZ_tAL": "400286002", "ID_LINHA": 95047 }, "geometry": { "type": "MultiLineString", "coordinates": [ [ [ 421302.664285205013584, 7646763.756740845739841 ], [ 421595.054782176215667, 7646552.01926164329052 ] ] ] } },
{ "type": "Feature", "properties": { "fid": 46.0, "COMPR_M": 361.11, "CLASSE": "03 - Média", "CD_FAZ": "400286", "TALHOES": "2", "FAZ_tAL": "400286002", "ID_LINHA": 95048 }, "geometry": { "type": "MultiLineString", "coordinates": [ [ [ 421301.37595839088317, 7646760.985688429325819 ], [ 421593.757598072115798, 7646549.254623318091035 ] ] ] } },
{ "type": "Feature", "properties": { "fid": 47.0, "COMPR_M": 361.1, "CLASSE": "03 - Média", "CD_FAZ": "400286", "TALHOES": "2", "FAZ_tAL": "400286002", "ID_LINHA": 95049 }, "geometry": { "type": "MultiLineString", "coordinates": [ [ [ 421300.08763157640351, 7646758.214636007323861 ], [ 421592.460413968889043, 7646546.489984991028905 ] ] ] } },
{ "type": "Feature", "properties": { "fid": 48.0, "COMPR_M": 361.09, "CLASSE": "03 - Média", "CD_FAZ": "400286", "TALHOES": "2", "FAZ_tAL": "400286002", "ID_LINHA": 95050 }, "geometry": { "type": "MultiLineString", "coordinates": [ [ [ 421298.799304762331303, 7646755.443583589047194 ], [ 421591.163229863974266, 7646543.725346667692065 ] ] ] } },
{ "type": "Feature", "properties": { "fid": 49.0, "COMPR_M": 361.08, "CLASSE": "03 - Média", "CD_FAZ": "400286", "TALHOES": "2", "FAZ_tAL": "400286002", "ID_LINHA": 95051 }, "geometry": { "type": "MultiLineString", "coordinates": [ [ [ 421297.510977947968058, 7646752.672531170770526 ], [ 421589.866045761213172, 7646540.960708341561258 ] ] ] } },
{ "type": "Feature", "properties": { "fid": 50.0, "COMPR_M": 361.07, "CLASSE": "03 - Média", "CD_FAZ": "400286", "TALHOES": "2", "FAZ_tAL": "400286002", "ID_LINHA": 95052 }, "geometry": { "type": "MultiLineString", "coordinates": [ [ [ 421296.222651133954059, 7646749.901478752493858 ], [ 421588.568861656705849, 7646538.196070019155741 ] ] ] } },
{ "type": "Feature", "properties": { "fid": 51.0, "COMPR_M": 361.06, "CLASSE": "03 - Média", "CD_FAZ": "400286", "TALHOES": "2", "FAZ_tAL": "400286002", "ID_LINHA": 95053 }, "geometry": { "type": "MultiLineString", "coordinates": [ [ [ 421294.93432431970723, 7646747.130426333285868 ], [ 421587.27167755307164, 7646535.431431691162288 ] ] ] } },
{ "type": "Feature", "properties": { "fid": 52.0, "COMPR_M": 361.05, "CLASSE": "03 - Média", "CD_FAZ": "400286", "TALHOES": "2", "FAZ_tAL": "400286002", "ID_LINHA": 95054 }, "geometry": { "type": "MultiLineString", "coordinates": [ [ [ 421293.645997505867854, 7646744.359373913146555 ], [ 421585.974493448971771, 7646532.666793372482061 ] ] ] } },
{ "type": "Feature", "properties": { "fid": 53.0, "COMPR_M": 361.03, "CLASSE": "03 - Média", "CD_FAZ": "400286", "TALHOES": "2", "FAZ_tAL": "400286002", "ID_LINHA": 95055 }, "geometry": { "type": "MultiLineString", "coordinates": [ [ [ 421292.35767069098074, 7646741.58832149207592 ], [ 421584.677309345803224, 7646529.902155045419931 ] ] ] } },
{ "type": "Feature", "properties": { "fid": 54.0, "COMPR_M": 361.02, "CLASSE": "03 - Média", "CD_FAZ": "400286", "TALHOES": "2", "FAZ_tAL": "400286002", "ID_LINHA": 95056 }, "geometry": { "type": "MultiLineString", "coordinates": [ [ [ 421291.069343877199572, 7646738.817269074730575 ], [ 421583.380125241470523, 7646527.137516721151769 ] ] ] } },
{ "type": "Feature", "properties": { "fid": 55.0, "COMPR_M": 361.01, "CLASSE": "03 - Média", "CD_FAZ": "400286", "TALHOES": "2", "FAZ_tAL": "400286002", "ID_LINHA": 95057 }, "geometry": { "type": "MultiLineString", "coordinates": [ [ [ 421289.781017063185573, 7646736.04621665738523 ], [ 421582.082941136090085, 7646524.372878395952284 ] ] ] } },
{ "type": "Feature", "properties": { "fid": 56.0, "COMPR_M": 361.0, "CLASSE": "03 - Média", "CD_FAZ": "400286", "TALHOES": "2", "FAZ_tAL": "400286002", "ID_LINHA": 95058 }, "geometry": { "type": "MultiLineString", "coordinates": [ [ [ 421288.492690249462612, 7646733.27516423817724 ], [ 421580.785757032281253, 7646521.608240069821477 ] ] ] } },
{ "type": "Feature", "properties": { "fid": 57.0, "COMPR_M": 360.99, "CLASSE": "03 - Média", "CD_FAZ": "400286", "TALHOES": "2", "FAZ_tAL": "400286002", "ID_LINHA": 95059 }, "geometry": { "type": "MultiLineString", "coordinates": [ [ [ 421287.204363434866536, 7646730.504111817106605 ], [ 421579.488572929985821, 7646518.843601748347282 ] ] ] } },
{ "type": "Feature", "properties": { "fid": 58.0, "COMPR_M": 360.98, "CLASSE": "03 - Média", "CD_FAZ": "400286", "TALHOES": "2", "FAZ_tAL": "400286002", "ID_LINHA": 95060 }, "geometry": { "type": "MultiLineString", "coordinates": [ [ [ 421285.916036621259991, 7646727.733059397898614 ], [ 421578.191388825303875, 7646516.078963421285152 ] ] ] } },
{ "type": "Feature", "properties": { "fid": 59.0, "COMPR_M": 360.97, "CLASSE": "03 - Média", "CD_FAZ": "400286", "TALHOES": "2", "FAZ_tAL": "400286002", "ID_LINHA": 95061 }, "geometry": { "type": "MultiLineString", "coordinates": [ [ [ 421284.627709806722123, 7646724.962006983347237 ], [ 421576.894204722251743, 7646513.31432509701699 ] ] ] } },
{ "type": "Feature", "properties": { "fid": 60.0, "COMPR_M": 360.96, "CLASSE": "03 - Média", "CD_FAZ": "400286", "TALHOES": "2", "FAZ_tAL": "400286002", "ID_LINHA": 95062 }, "geometry": { "type": "MultiLineString", "coordinates": [ [ [ 421283.339382992591709, 7646722.190954562276602 ], [ 421575.597020617336966, 7646510.549686772748828 ] ] ] } },
{ "type": "Feature", "properties": { "fid": 61.0, "COMPR_M": 360.95, "CLASSE": "03 - Média", "CD_FAZ": "400286", "TALHOES": "2", "FAZ_tAL": "400286002", "ID_LINHA": 95063 }, "geometry": { "type": "MultiLineString", "coordinates": [ [ [ 421282.051056178810541, 7646719.419902142137289 ], [ 421574.299836513993796, 7646507.785048449411988 ] ] ] } },
{ "type": "Feature", "properties": { "fid": 62.0, "COMPR_M": 360.94, "CLASSE": "03 - Média", "CD_FAZ": "400286", "TALHOES": "2", "FAZ_tAL": "400286002", "ID_LINHA": 95064 }, "geometry": { "type": "MultiLineString", "coordinates": [ [ [ 421280.762729364796542, 7646716.648849725723267 ], [ 421573.002652410243172, 7646505.020410122349858 ] ] ] } },
{ "type": "Feature", "properties": { "fid": 63.0, "COMPR_M": 360.94, "CLASSE": "03 - Média", "CD_FAZ": "400286", "TALHOES": "2", "FAZ_tAL": "400286002", "ID_LINHA": 95065 }, "geometry": { "type": "MultiLineString", "coordinates": [ [ [ 421279.46507358684903, 7646713.884552967734635 ], [ 421571.705468306667171, 7646502.255771799944341 ] ] ] } },
{ "type": "Feature", "properties": { "fid": 64.0, "COMPR_M": 360.94, "CLASSE": "03 - Média", "CD_FAZ": "400286", "TALHOES": "2", "FAZ_tAL": "400286002", "ID_LINHA": 95066 }, "geometry": { "type": "MultiLineString", "coordinates": [ [ [ 421278.163892945507541, 7646711.122808776795864 ], [ 421570.408284202800132, 7646499.491133473813534 ] ] ] } },
{ "type": "Feature", "properties": { "fid": 65.0, "COMPR_M": 360.95, "CLASSE": "03 - Média", "CD_FAZ": "400286", "TALHOES": "2", "FAZ_tAL": "400286002", "ID_LINHA": 95067 }, "geometry": { "type": "MultiLineString", "coordinates": [ [ [ 421276.862712303875014, 7646708.361064583063126 ], [ 421569.111100099049509, 7646496.726495152339339 ] ] ] } },
{ "type": "Feature", "properties": { "fid": 66.0, "COMPR_M": 360.95, "CLASSE": "03 - Média", "CD_FAZ": "400286", "TALHOES": "2", "FAZ_tAL": "400286002", "ID_LINHA": 95068 }, "geometry": { "type": "MultiLineString", "coordinates": [ [ [ 421275.561531663348433, 7646705.599320391193032 ], [ 421567.813915994949639, 7646493.961856825277209 ] ] ] } },
{ "type": "Feature", "properties": { "fid": 67.0, "COMPR_M": 360.96, "CLASSE": "03 - Média", "CD_FAZ": "400286", "TALHOES": "2", "FAZ_tAL": "400286002", "ID_LINHA": 95069 }, "geometry": { "type": "MultiLineString", "coordinates": [ [ [ 421274.260351021250244, 7646702.837576198391616 ], [ 421566.5167318910826, 7646491.19721850194037 ] ] ] } },
{ "type": "Feature", "properties": { "fid": 68.0, "COMPR_M": 360.96, "CLASSE": "03 - Média", "CD_FAZ": "400286", "TALHOES": "2", "FAZ_tAL": "400286002", "ID_LINHA": 95070 }, "geometry": { "type": "MultiLineString", "coordinates": [ [ [ 421272.959170380199794, 7646700.075832009315491 ], [ 421565.219547787390184, 7646488.432580176740885 ] ] ] } },
{ "type": "Feature", "properties": { "fid": 69.0, "COMPR_M": 360.97, "CLASSE": "03 - Média", "CD_FAZ": "400286", "TALHOES": "2", "FAZ_tAL": "400286002", "ID_LINHA": 95071 }, "geometry": { "type": "MultiLineString", "coordinates": [ [ [ 421271.657989738916513, 7646697.314087813720107 ], [ 421563.922363683988806, 7646485.667941853404045 ] ] ] } },
{ "type": "Feature", "properties": { "fid": 70.0, "COMPR_M": 360.97, "CLASSE": "03 - Média", "CD_FAZ": "400286", "TALHOES": "2", "FAZ_tAL": "400286002", "ID_LINHA": 95072 }, "geometry": { "type": "MultiLineString", "coordinates": [ [ [ 421270.356809097342193, 7646694.552343619987369 ], [ 421562.625179578200914, 7646482.90330352820456 ] ] ] } },
{ "type": "Feature", "properties": { "fid": 71.0, "COMPR_M": 360.98, "CLASSE": "03 - Média", "CD_FAZ": "400286", "TALHOES": "2", "FAZ_tAL": "400286002", "ID_LINHA": 95073 }, "geometry": { "type": "MultiLineString", "coordinates": [ [ [ 421269.055628456175327, 7646691.790599429048598 ], [ 421561.327995475905482, 7646480.13866520114243 ] ] ] } },
{ "type": "Feature", "properties": { "fid": 72.0, "COMPR_M": 360.98, "CLASSE": "03 - Média", "CD_FAZ": "400286", "TALHOES": "2", "FAZ_tAL": "400286002", "ID_LINHA": 95074 }, "geometry": { "type": "MultiLineString", "coordinates": [ [ [ 421267.754447815474123, 7646689.028855236247182 ], [ 421560.030811370583251, 7646477.374026881530881 ] ] ] } },
{ "type": "Feature", "properties": { "fid": 73.0, "COMPR_M": 360.99, "CLASSE": "03 - Média", "CD_FAZ": "400286", "TALHOES": "2", "FAZ_tAL": "400286002", "ID_LINHA": 95075 }, "geometry": { "type": "MultiLineString", "coordinates": [ [ [ 421266.453267173841596, 7646686.267111044377089 ], [ 421558.733627267472912, 7646474.609388552606106 ] ] ] } },
{ "type": "Feature", "properties": { "fid": 74.0, "COMPR_M": 360.99, "CLASSE": "03 - Média", "CD_FAZ": "400286", "TALHOES": "2", "FAZ_tAL": "400286002", "ID_LINHA": 95076 }, "geometry": { "type": "MultiLineString", "coordinates": [ [ [ 421265.152086532616522, 7646683.505366849713027 ], [ 421557.436443163955119, 7646471.844750228337944 ] ] ] } },
{ "type": "Feature", "properties": { "fid": 75.0, "COMPR_M": 361.0, "CLASSE": "03 - Média", "CD_FAZ": "400286", "TALHOES": "2", "FAZ_tAL": "400286002", "ID_LINHA": 95077 }, "geometry": { "type": "MultiLineString", "coordinates": [ [ [ 421263.850905892439187, 7646680.743622659705579 ], [ 421556.139259060029872, 7646469.080111905001104 ] ] ] } },
{ "type": "Feature", "properties": { "fid": 76.0, "COMPR_M": 361.0, "CLASSE": "03 - Média", "CD_FAZ": "400286", "TALHOES": "2", "FAZ_tAL": "400286002", "ID_LINHA": 95078 }, "geometry": { "type": "MultiLineString", "coordinates": [ [ [ 421262.549725250748452, 7646677.981878466904163 ], [ 421554.842074956337456, 7646466.315473578870296 ] ] ] } },
{ "type": "Feature", "properties": { "fid": 77.0, "COMPR_M": 361.01, "CLASSE": "03 - Média", "CD_FAZ": "400286", "TALHOES": "2", "FAZ_tAL": "400286002", "ID_LINHA": 95079 }, "geometry": { "type": "MultiLineString", "coordinates": [ [ [ 421261.248544608766679, 7646675.220134275965393 ], [ 421553.544890851597302, 7646463.550835254602134 ] ] ] } },
{ "type": "Feature", "properties": { "fid": 78.0, "COMPR_M": 361.01, "CLASSE": "03 - Média", "CD_FAZ": "400286", "TALHOES": "2", "FAZ_tAL": "400286002", "ID_LINHA": 95080 }, "geometry": { "type": "MultiLineString", "coordinates": [ [ [ 421259.947363967890851, 7646672.458390082232654 ], [ 421552.247706748370547, 7646460.786196932196617 ] ] ] } },
{ "type": "Feature", "properties": { "fid": 79.0, "COMPR_M": 361.02, "CLASSE": "03 - Média", "CD_FAZ": "400286", "TALHOES": "2", "FAZ_tAL": "400286002", "ID_LINHA": 95081 }, "geometry": { "type": "MultiLineString", "coordinates": [ [ [ 421258.646183325443417, 7646669.696645892225206 ], [ 421550.95052264345577, 7646458.021558605134487 ] ] ] } },
{ "type": "Feature", "properties": { "fid": 80.0, "COMPR_M": 361.02, "CLASSE": "03 - Média", "CD_FAZ": "400286", "TALHOES": "2", "FAZ_tAL": "400286002", "ID_LINHA": 95082 }, "geometry": { "type": "MultiLineString", "coordinates": [ [ [ 421257.345002683403436, 7646666.934901698492467 ], [ 421549.653338540811092, 7646455.256920276209712 ] ] ] } },
{ "type": "Feature", "properties": { "fid": 81.0, "COMPR_M": 361.03, "CLASSE": "03 - Média", "CD_FAZ": "400286", "TALHOES": "2", "FAZ_tAL": "400286002", "ID_LINHA": 95083 }, "geometry": { "type": "MultiLineString", "coordinates": [ [ [ 421256.043822043749969, 7646664.173157506622374 ], [ 421548.35615443700226, 7646452.492281957529485 ] ] ] } },
{ "type": "Feature", "properties": { "fid": 82.0, "COMPR_M": 361.03, "CLASSE": "03 - Média", "CD_FAZ": "400286", "TALHOES": "2", "FAZ_tAL": "400286002", "ID_LINHA": 95084 }, "geometry": { "type": "MultiLineString", "coordinates": [ [ [ 421254.742641402524896, 7646661.411413311958313 ], [ 421547.058970332844183, 7646449.72764363233 ] ] ] } },
{ "type": "Feature", "properties": { "fid": 83.0, "COMPR_M": 361.04, "CLASSE": "03 - Média", "CD_FAZ": "400286", "TALHOES": "2", "FAZ_tAL": "400286002", "ID_LINHA": 95085 }, "geometry": { "type": "MultiLineString", "coordinates": [ [ [ 421253.441460761125199, 7646658.649669121019542 ], [ 421545.761786228918936, 7646446.963005307130516 ] ] ] } },
{ "type": "Feature", "properties": { "fid": 84.0, "COMPR_M": 361.04, "CLASSE": "03 - Média", "CD_FAZ": "400286", "TALHOES": "2", "FAZ_tAL": "400286002", "ID_LINHA": 95086 }, "geometry": { "type": "MultiLineString", "coordinates": [ [ [ 421252.140280120132957, 7646655.887924926355481 ], [ 421544.464602123945951, 7646444.198366984724998 ] ] ] } },
{ "type": "Feature", "properties": { "fid": 85.0, "COMPR_M": 361.05, "CLASSE": "03 - Média", "CD_FAZ": "400286", "TALHOES": "2", "FAZ_tAL": "400286002", "ID_LINHA": 95087 }, "geometry": { "type": "MultiLineString", "coordinates": [ [ [ 421250.839099478907883, 7646653.126180734485388 ], [ 421543.167418021184858, 7646441.433728659525514 ] ] ] } },
{ "type": "Feature", "properties": { "fid": 86.0, "COMPR_M": 361.05, "CLASSE": "03 - Média", "CD_FAZ": "400286", "TALHOES": "2", "FAZ_tAL": "400286002", "ID_LINHA": 95088 }, "geometry": { "type": "MultiLineString", "coordinates": [ [ [ 421249.537918837333564, 7646650.364436541683972 ], [ 421541.870233917376027, 7646438.669090333394706 ] ] ] } },
{ "type": "Feature", "properties": { "fid": 87.0, "COMPR_M": 361.06, "CLASSE": "03 - Média", "CD_FAZ": "400286", "TALHOES": "2", "FAZ_tAL": "400286002", "ID_LINHA": 95089 }, "geometry": { "type": "MultiLineString", "coordinates": [ [ [ 421248.236738194304053, 7646647.602692350745201 ], [ 421540.573049813800026, 7646435.904452009126544 ] ] ] } },
{ "type": "Feature", "properties": { "fid": 88.0, "COMPR_M": 361.06, "CLASSE": "03 - Média", "CD_FAZ": "400286", "TALHOES": "2", "FAZ_tAL": "400286002", "ID_LINHA": 95090 }, "geometry": { "type": "MultiLineString", "coordinates": [ [ [ 421246.93555755430134, 7646644.840948157012463 ], [ 421539.275865708536003, 7646433.139813685789704 ] ] ] } },
{ "type": "Feature", "properties": { "fid": 89.0, "COMPR_M": 361.07, "CLASSE": "03 - Média", "CD_FAZ": "400286", "TALHOES": "2", "FAZ_tAL": "400286002", "ID_LINHA": 95091 }, "geometry": { "type": "MultiLineString", "coordinates": [ [ [ 421245.634376913425513, 7646642.079203967005014 ], [ 421537.978681606124155, 7646430.375175362452865 ] ] ] } },
{ "type": "Feature", "properties": { "fid": 90.0, "COMPR_M": 361.07, "CLASSE": "03 - Média", "CD_FAZ": "400286", "TALHOES": "2", "FAZ_tAL": "400286002", "ID_LINHA": 95092 }, "geometry": { "type": "MultiLineString", "coordinates": [ [ [ 421244.333196272375062, 7646639.317459772340953 ], [ 421536.681497502024285, 7646427.610537035390735 ] ] ] } },
{ "type": "Feature", "properties": { "fid": 91.0, "COMPR_M": 361.08, "CLASSE": "03 - Média", "CD_FAZ": "400286", "TALHOES": "2", "FAZ_tAL": "400286002", "ID_LINHA": 95093 }, "geometry": { "type": "MultiLineString", "coordinates": [ [ [ 421243.032015630975366, 7646636.555715583264828 ], [ 421535.384313398215454, 7646424.845898712053895 ] ] ] } },
{ "type": "Feature", "properties": { "fid": 92.0, "COMPR_M": 361.08, "CLASSE": "03 - Média", "CD_FAZ": "400286", "TALHOES": "2", "FAZ_tAL": "400286002", "ID_LINHA": 95094 }, "geometry": { "type": "MultiLineString", "coordinates": [ [ [ 421241.730834989342839, 7646633.793971389532089 ], [ 421534.087129293999169, 7646422.081260384060442 ] ] ] } },
{ "type": "Feature", "properties": { "fid": 93.0, "COMPR_M": 361.09, "CLASSE": "03 - Média", "CD_FAZ": "400286", "TALHOES": "2", "FAZ_tAL": "400286002", "ID_LINHA": 95095 }, "geometry": { "type": "MultiLineString", "coordinates": [ [ [ 421240.429654347593896, 7646631.032227197661996 ], [ 421532.789945190655999, 7646419.31662206351757 ] ] ] } },
{ "type": "Feature", "properties": { "fid": 94.0, "COMPR_M": 361.09, "CLASSE": "03 - Média", "CD_FAZ": "400286", "TALHOES": "2", "FAZ_tAL": "400286002", "ID_LINHA": 95096 }, "geometry": { "type": "MultiLineString", "coordinates": [ [ [ 421239.128473707532976, 7646628.270483005791903 ], [ 421531.492761086905375, 7646416.551983738318086 ] ] ] } },
{ "type": "Feature", "properties": { "fid": 95.0, "COMPR_M": 361.09, "CLASSE": "03 - Média", "CD_FAZ": "400286", "TALHOES": "2", "FAZ_tAL": "400286002", "ID_LINHA": 95097 }, "geometry": { "type": "MultiLineString", "coordinates": [ [ [ 421237.827293065900449, 7646625.508738812990487 ], [ 421530.195576982107013, 7646413.787345414049923 ] ] ] } },
{ "type": "Feature", "properties": { "fid": 96.0, "COMPR_M": 361.1, "CLASSE": "03 - Média", "CD_FAZ": "400286", "TALHOES": "2", "FAZ_tAL": "400286002", "ID_LINHA": 95098 }, "geometry": { "type": "MultiLineString", "coordinates": [ [ [ 421236.526112424093299, 7646622.746994620189071 ], [ 421528.898392878996674, 7646411.022707087919116 ] ] ] } },
{ "type": "Feature", "properties": { "fid": 97.0, "COMPR_M": 361.1, "CLASSE": "03 - Média", "CD_FAZ": "400286", "TALHOES": "2", "FAZ_tAL": "400286002", "ID_LINHA": 95099 }, "geometry": { "type": "MultiLineString", "coordinates": [ [ [ 421235.224931782635394, 7646619.985250428318977 ], [ 421527.601208774722181, 7646408.258068763650954 ] ] ] } },
{ "type": "Feature", "properties": { "fid": 98.0, "COMPR_M": 361.11, "CLASSE": "03 - Média", "CD_FAZ": "400286", "TALHOES": "2", "FAZ_tAL": "400286002", "ID_LINHA": 95100 }, "geometry": { "type": "MultiLineString", "coordinates": [ [ [ 421233.923751141701359, 7646617.223506234586239 ], [ 421526.304024669458158, 7646405.493430441245437 ] ] ] } },
{ "type": "Feature", "properties": { "fid": 99.0, "COMPR_M": 361.11, "CLASSE": "03 - Média", "CD_FAZ": "400286", "TALHOES": "2", "FAZ_tAL": "400286002", "ID_LINHA": 95101 }, "geometry": { "type": "MultiLineString", "coordinates": [ [ [ 421232.622570500476286, 7646614.461762041784823 ], [ 421525.006840566988103, 7646402.728792117908597 ] ] ] } },
{ "type": "Feature", "properties": { "fid": 100.0, "COMPR_M": 361.12, "CLASSE": "03 - Média", "CD_FAZ": "400286", "TALHOES": "2", "FAZ_tAL": "400286002", "ID_LINHA": 95102 }, "geometry": { "type": "MultiLineString", "coordinates": [ [ [ 421231.321389859076589, 7646611.700017850846052 ], [ 421523.709656463586725, 7646399.964153789915144 ] ] ] } },
{ "type": "Feature", "properties": { "fid": 101.0, "COMPR_M": 361.12, "CLASSE": "03 - Média", "CD_FAZ": "400286", "TALHOES": "2", "FAZ_tAL": "400286002", "ID_LINHA": 95103 }, "geometry": { "type": "MultiLineString", "coordinates": [ [ [ 421230.020209218084347, 7646608.938273658044636 ], [ 421522.412472359719686, 7646397.199515467509627 ] ] ] } },
{ "type": "Feature", "properties": { "fid": 102.0, "COMPR_M": 361.13, "CLASSE": "03 - Média", "CD_FAZ": "400286", "TALHOES": "2", "FAZ_tAL": "400286002", "ID_LINHA": 95104 }, "geometry": { "type": "MultiLineString", "coordinates": [ [ [ 421228.719028576859273, 7646606.17652946524322 ], [ 421521.115288255503401, 7646394.434877139516175 ] ] ] } },
{ "type": "Feature", "properties": { "fid": 103.0, "COMPR_M": 361.13, "CLASSE": "03 - Média", "CD_FAZ": "400286", "TALHOES": "2", "FAZ_tAL": "400286002", "ID_LINHA": 95105 }, "geometry": { "type": "MultiLineString", "coordinates": [ [ [ 421227.4178479341208, 7646603.414785273373127 ], [ 421519.818104152916931, 7646391.670238817110658 ] ] ] } },
{ "type": "Feature", "properties": { "fid": 104.0, "COMPR_M": 361.14, "CLASSE": "03 - Média", "CD_FAZ": "400286", "TALHOES": "2", "FAZ_tAL": "400286002", "ID_LINHA": 95106 }, "geometry": { "type": "MultiLineString", "coordinates": [ [ [ 421226.116667294467334, 7646600.653041079640388 ], [ 421518.520920047187246, 7646388.90560049097985 ] ] ] } },
{ "type": "Feature", "properties": { "fid": 105.0, "COMPR_M": 361.14, "CLASSE": "03 - Média", "CD_FAZ": "400286", "TALHOES": "2", "FAZ_tAL": "400286002", "ID_LINHA": 95107 }, "geometry": { "type": "MultiLineString", "coordinates": [ [ [ 421224.815486651961692, 7646597.891296888701618 ], [ 421517.223735944484361, 7646386.140962169505656 ] ] ] } },
{ "type": "Feature", "properties": { "fid": 106.0, "COMPR_M": 361.15, "CLASSE": "03 - Média", "CD_FAZ": "400286", "TALHOES": "2", "FAZ_tAL": "400286002", "ID_LINHA": 95108 }, "geometry": { "type": "MultiLineString", "coordinates": [ [ [ 421223.514306011144072, 7646595.129552694037557 ], [ 421515.926551840035245, 7646383.376323841512203 ] ] ] } },
{ "type": "Feature", "properties": { "fid": 107.0, "COMPR_M": 361.15, "CLASSE": "03 - Média", "CD_FAZ": "400286", "TALHOES": "2", "FAZ_tAL": "400286002", "ID_LINHA": 95109 }, "geometry": { "type": "MultiLineString", "coordinates": [ [ [ 421222.213125370151829, 7646592.367808506824076 ], [ 421514.629367736459244, 7646380.611685520038009 ] ] ] } },
{ "type": "Feature", "properties": { "fid": 108.0, "COMPR_M": 361.16, "CLASSE": "03 - Média", "CD_FAZ": "400286", "TALHOES": "2", "FAZ_tAL": "400286002", "ID_LINHA": 95110 }, "geometry": { "type": "MultiLineString", "coordinates": [ [ [ 421220.911944729625247, 7646589.606064312160015 ], [ 421513.332183631951921, 7646377.847047195769846 ] ] ] } },
{ "type": "Feature", "properties": { "fid": 109.0, "COMPR_M": 361.16, "CLASSE": "03 - Média", "CD_FAZ": "400286", "TALHOES": "2", "FAZ_tAL": "400286002", "ID_LINHA": 95111 }, "geometry": { "type": "MultiLineString", "coordinates": [ [ [ 421219.610764087527059, 7646586.844320121221244 ], [ 421512.03499952761922, 7646375.082408869639039 ] ] ] } },
{ "type": "Feature", "properties": { "fid": 110.0, "COMPR_M": 361.17, "CLASSE": "03 - Média", "CD_FAZ": "400286", "TALHOES": "2", "FAZ_tAL": "400286002", "ID_LINHA": 95112 }, "geometry": { "type": "MultiLineString", "coordinates": [ [ [ 421218.309583446534816, 7646584.082575928419828 ], [ 421510.737815424916334, 7646372.317770546302199 ] ] ] } },
{ "type": "Feature", "properties": { "fid": 111.0, "COMPR_M": 361.17, "CLASSE": "03 - Média", "CD_FAZ": "400286", "TALHOES": "2", "FAZ_tAL": "400286002", "ID_LINHA": 95113 }, "geometry": { "type": "MultiLineString", "coordinates": [ [ [ 421217.008402805309743, 7646581.320831736549735 ], [ 421509.440631320467219, 7646369.553132221102715 ] ] ] } },
{ "type": "Feature", "properties": { "fid": 112.0, "COMPR_M": 361.18, "CLASSE": "03 - Média", "CD_FAZ": "400286", "TALHOES": "2", "FAZ_tAL": "400286002", "ID_LINHA": 95114 }, "geometry": { "type": "MultiLineString", "coordinates": [ [ [ 421215.707222163910046, 7646578.559087543748319 ], [ 421508.143447217065841, 7646366.788493897765875 ] ] ] } },
{ "type": "Feature", "properties": { "fid": 113.0, "COMPR_M": 361.18, "CLASSE": "03 - Média", "CD_FAZ": "400286", "TALHOES": "2", "FAZ_tAL": "400286002", "ID_LINHA": 95115 }, "geometry": { "type": "MultiLineString", "coordinates": [ [ [ 421214.406041522976011, 7646575.797343350946903 ], [ 421506.846263112558518, 7646364.02385557256639 ] ] ] } },
{ "type": "Feature", "properties": { "fid": 114.0, "COMPR_M": 361.19, "CLASSE": "03 - Média", "CD_FAZ": "400286", "TALHOES": "2", "FAZ_tAL": "400286002", "ID_LINHA": 95116 }, "geometry": { "type": "MultiLineString", "coordinates": [ [ [ 421213.104860881750938, 7646573.035599157214165 ], [ 421505.549079008342233, 7646361.259217247366905 ] ] ] } },
{ "type": "Feature", "properties": { "fid": 115.0, "COMPR_M": 361.19, "CLASSE": "03 - Média", "CD_FAZ": "400286", "TALHOES": "2", "FAZ_tAL": "400286002", "ID_LINHA": 95117 }, "geometry": { "type": "MultiLineString", "coordinates": [ [ [ 421211.803680241049733, 7646570.273854965344071 ], [ 421504.251894904999062, 7646358.49457892216742 ] ] ] } },
{ "type": "Feature", "properties": { "fid": 116.0, "COMPR_M": 361.2, "CLASSE": "03 - Média", "CD_FAZ": "400286", "TALHOES": "2", "FAZ_tAL": "400286002", "ID_LINHA": 95118 }, "geometry": { "type": "MultiLineString", "coordinates": [ [ [ 421210.502499598776922, 7646567.512110772542655 ], [ 421502.954710801364854, 7646355.729940596967936 ] ] ] } },
{ "type": "Feature", "properties": { "fid": 117.0, "COMPR_M": 361.2, "CLASSE": "03 - Média", "CD_FAZ": "400286", "TALHOES": "2", "FAZ_tAL": "400286002", "ID_LINHA": 95119 }, "geometry": { "type": "MultiLineString", "coordinates": [ [ [ 421209.201318957668263, 7646564.750366581603885 ], [ 421501.657526696042623, 7646352.965302271768451 ] ] ] } },
{ "type": "Feature", "properties": { "fid": 118.0, "COMPR_M": 361.21, "CLASSE": "03 - Média", "CD_FAZ": "400286", "TALHOES": "2", "FAZ_tAL": "400286002", "ID_LINHA": 95120 }, "geometry": { "type": "MultiLineString", "coordinates": [ [ [ 421207.900138316967059, 7646561.988622387871146 ], [ 421500.360342592292, 7646350.200663948431611 ] ] ] } },
{ "type": "Feature", "properties": { "fid": 119.0, "COMPR_M": 361.21, "CLASSE": "03 - Média", "CD_FAZ": "400286", "TALHOES": "2", "FAZ_tAL": "400286002", "ID_LINHA": 95121 }, "geometry": { "type": "MultiLineString", "coordinates": [ [ [ 421206.598957674112171, 7646559.226878196001053 ], [ 421499.063158489472698, 7646347.436025623232126 ] ] ] } },
{ "type": "Feature", "properties": { "fid": 120.0, "COMPR_M": 361.22, "CLASSE": "03 - Média", "CD_FAZ": "400286", "TALHOES": "2", "FAZ_tAL": "400286002", "ID_LINHA": 95122 }, "geometry": { "type": "MultiLineString", "coordinates": [ [ [ 421205.297777033643797, 7646556.465134002268314 ], [ 421497.765974386245944, 7646344.671387299895287 ] ] ] } },
{ "type": "Feature", "properties": { "fid": 121.0, "COMPR_M": 361.22, "CLASSE": "03 - Média", "CD_FAZ": "400286", "TALHOES": "2", "FAZ_tAL": "400286002", "ID_LINHA": 95123 }, "geometry": { "type": "MultiLineString", "coordinates": [ [ [ 421203.996596393641084, 7646553.703389812260866 ], [ 421496.468790282029659, 7646341.906748972833157 ] ] ] } },
{ "type": "Feature", "properties": { "fid": 122.0, "COMPR_M": 361.23, "CLASSE": "03 - Média", "CD_FAZ": "400286", "TALHOES": "2", "FAZ_tAL": "400286002", "ID_LINHA": 95124 }, "geometry": { "type": "MultiLineString", "coordinates": [ [ [ 421202.695415751426481, 7646550.941645618528128 ], [ 421495.171606178162619, 7646339.142110651358962 ] ] ] } },
{ "type": "Feature", "properties": { "fid": 123.0, "COMPR_M": 361.23, "CLASSE": "03 - Média", "CD_FAZ": "400286", "TALHOES": "2", "FAZ_tAL": "400286002", "ID_LINHA": 95125 }, "geometry": { "type": "MultiLineString", "coordinates": [ [ [ 421201.39423511037603, 7646548.179901424795389 ], [ 421493.874422073829919, 7646336.377472326159477 ] ] ] } },
{ "type": "Feature", "properties": { "fid": 124.0, "COMPR_M": 361.24, "CLASSE": "03 - Média", "CD_FAZ": "400286", "TALHOES": "2", "FAZ_tAL": "400286002", "ID_LINHA": 95126 }, "geometry": { "type": "MultiLineString", "coordinates": [ [ [ 421200.093054469733033, 7646545.418157234787941 ], [ 421492.577237970486749, 7646333.612834002822638 ] ] ] } },
{ "type": "Feature", "properties": { "fid": 125.0, "COMPR_M": 361.24, "CLASSE": "03 - Média", "CD_FAZ": "400286", "TALHOES": "2", "FAZ_tAL": "400286002", "ID_LINHA": 95127 }, "geometry": { "type": "MultiLineString", "coordinates": [ [ [ 421198.791873826994561, 7646542.656413041986525 ], [ 421491.280053866794333, 7646330.848195675760508 ] ] ] } },
{ "type": "Feature", "properties": { "fid": 126.0, "COMPR_M": 361.25, "CLASSE": "03 - Média", "CD_FAZ": "400286", "TALHOES": "2", "FAZ_tAL": "400286002", "ID_LINHA": 95128 }, "geometry": { "type": "MultiLineString", "coordinates": [ [ [ 421197.490693186584394, 7646539.894668850116432 ], [ 421489.982869761995971, 7646328.0835573496297 ] ] ] } },
{ "type": "Feature", "properties": { "fid": 127.0, "COMPR_M": 361.25, "CLASSE": "03 - Média", "CD_FAZ": "400286", "TALHOES": "2", "FAZ_tAL": "400286002", "ID_LINHA": 95129 }, "geometry": { "type": "MultiLineString", "coordinates": [ [ [ 421196.189512544078752, 7646537.132924656383693 ], [ 421488.685685658885632, 7646325.318919026292861 ] ] ] } },
{ "type": "Feature", "properties": { "fid": 128.0, "COMPR_M": 361.26, "CLASSE": "03 - Média", "CD_FAZ": "400286", "TALHOES": "2", "FAZ_tAL": "400286002", "ID_LINHA": 95130 }, "geometry": { "type": "MultiLineString", "coordinates": [ [ [ 421194.888331903959624, 7646534.371180467307568 ], [ 421487.388501554029062, 7646322.554280702956021 ] ] ] } },
{ "type": "Feature", "properties": { "fid": 129.0, "COMPR_M": 361.26, "CLASSE": "03 - Média", "CD_FAZ": "400286", "TALHOES": "2", "FAZ_tAL": "400286002", "ID_LINHA": 95131 }, "geometry": { "type": "MultiLineString", "coordinates": [ [ [ 421193.587151262327097, 7646531.609436273574829 ], [ 421486.091317450860515, 7646319.789642376825213 ] ] ] } },
{ "type": "Feature", "properties": { "fid": 130.0, "COMPR_M": 361.27, "CLASSE": "03 - Média", "CD_FAZ": "400286", "TALHOES": "2", "FAZ_tAL": "400286002", "ID_LINHA": 95132 }, "geometry": { "type": "MultiLineString", "coordinates": [ [ [ 421192.285970621160232, 7646528.847692080773413 ], [ 421484.794133345945738, 7646317.025004053488374 ] ] ] } },
{ "type": "Feature", "properties": { "fid": 131.0, "COMPR_M": 361.3, "CLASSE": "03 - Média", "CD_FAZ": "400286", "TALHOES": "2", "FAZ_tAL": "400286002", "ID_LINHA": 95133 }, "geometry": { "type": "MultiLineString", "coordinates": [ [ [ 421190.984789979818743, 7646526.08594788890332 ], [ 421483.519006556132808, 7646314.244392705149949 ] ] ] } },
{ "type": "Feature", "properties": { "fid": 132.0, "COMPR_M": 361.35, "CLASSE": "03 - Média", "CD_FAZ": "400286", "TALHOES": "2", "FAZ_tAL": "400286002", "ID_LINHA": 95134 }, "geometry": { "type": "MultiLineString", "coordinates": [ [ [ 421189.673560817551333, 7646523.331480429507792 ], [ 421482.246903719380498, 7646311.461591536179185 ] ] ] } },
{ "type": "Feature", "properties": { "fid": 133.0, "COMPR_M": 361.42, "CLASSE": "03 - Média", "CD_FAZ": "400286", "TALHOES": "2", "FAZ_tAL": "400286002", "ID_LINHA": 95135 }, "geometry": { "type": "MultiLineString", "coordinates": [ [ [ 421188.345710267778486, 7646520.589049516245723 ], [ 421480.974800882977434, 7646308.678790362551808 ] ] ] } },
{ "type": "Feature", "properties": { "fid": 134.0, "COMPR_M": 361.49, "CLASSE": "03 - Média", "CD_FAZ": "400286", "TALHOES": "2", "FAZ_tAL": "400286002", "ID_LINHA": 95136 }, "geometry": { "type": "MultiLineString", "coordinates": [ [ [ 421187.017859716666862, 7646517.846618602983654 ], [ 421479.702698045584839, 7646305.895989185199142 ] ] ] } },
{ "type": "Feature", "properties": { "fid": 135.0, "COMPR_M": 361.55, "CLASSE": "03 - Média", "CD_FAZ": "400286", "TALHOES": "2", "FAZ_tAL": "400286002", "ID_LINHA": 95137 }, "geometry": { "type": "MultiLineString", "coordinates": [ [ [ 421185.69000916875666, 7646515.104187691584229 ], [ 421478.430595210520551, 7646303.1131880171597 ] ] ] } },
{ "type": "Feature", "properties": { "fid": 136.0, "COMPR_M": 361.62, "CLASSE": "03 - Média", "CD_FAZ": "400286", "TALHOES": "2", "FAZ_tAL": "400286002", "ID_LINHA": 95138 }, "geometry": { "type": "MultiLineString", "coordinates": [ [ [ 421184.362158617470413, 7646512.361756777390838 ], [ 421477.158492374466732, 7646300.330386841669679 ] ] ] } },
{ "type": "Feature", "properties": { "fid": 137.0, "COMPR_M": 361.69, "CLASSE": "03 - Média", "CD_FAZ": "400286", "TALHOES": "2", "FAZ_tAL": "400286002", "ID_LINHA": 95139 }, "geometry": { "type": "MultiLineString", "coordinates": [ [ [ 421183.034308065543883, 7646509.619325865060091 ], [ 421475.886389536841307, 7646297.547585668042302 ] ] ] } },
{ "type": "Feature", "properties": { "fid": 138.0, "COMPR_M": 361.76, "CLASSE": "03 - Média", "CD_FAZ": "400286", "TALHOES": "2", "FAZ_tAL": "400286002", "ID_LINHA": 95140 }, "geometry": { "type": "MultiLineString", "coordinates": [ [ [ 421181.706457516760565, 7646506.87689495459199 ], [ 421474.614286700845696, 7646294.764784494414926 ] ] ] } },
{ "type": "Feature", "properties": { "fid": 139.0, "COMPR_M": 361.83, "CLASSE": "03 - Média", "CD_FAZ": "400286", "TALHOES": "2", "FAZ_tAL": "400286002", "ID_LINHA": 95141 }, "geometry": { "type": "MultiLineString", "coordinates": [ [ [ 421180.378606965998188, 7646504.134464039467275 ], [ 421473.342183864617255, 7646291.981983320787549 ] ] ] } },
{ "type": "Feature", "properties": { "fid": 140.0, "COMPR_M": 361.9, "CLASSE": "03 - Média", "CD_FAZ": "400286", "TALHOES": "2", "FAZ_tAL": "400286002", "ID_LINHA": 95142 }, "geometry": { "type": "MultiLineString", "coordinates": [ [ [ 421179.050756415177602, 7646501.392033128067851 ], [ 421472.070081028039567, 7646289.199182147160172 ] ] ] } },
{ "type": "Feature", "properties": { "fid": 141.0, "COMPR_M": 361.97, "CLASSE": "03 - Média", "CD_FAZ": "400286", "TALHOES": "2", "FAZ_tAL": "400286002", "ID_LINHA": 95143 }, "geometry": { "type": "MultiLineString", "coordinates": [ [ [ 421177.722905865637586, 7646498.649602212011814 ], [ 421470.797978191752918, 7646286.416380976326764 ] ] ] } },
{ "type": "Feature", "properties": { "fid": 142.0, "COMPR_M": 362.04, "CLASSE": "03 - Média", "CD_FAZ": "400286", "TALHOES": "2", "FAZ_tAL": "400286002", "ID_LINHA": 95144 }, "geometry": { "type": "MultiLineString", "coordinates": [ [ [ 421176.395055314700585, 7646495.907171299681067 ], [ 421469.525875355873723, 7646283.633579801768064 ] ] ] } },
{ "type": "Feature", "properties": { "fid": 143.0, "COMPR_M": 362.11, "CLASSE": "03 - Média", "CD_FAZ": "400286", "TALHOES": "2", "FAZ_tAL": "400286002", "ID_LINHA": 95145 }, "geometry": { "type": "MultiLineString", "coordinates": [ [ [ 421175.067204765044153, 7646493.164740387350321 ], [ 421468.253772519703489, 7646280.850778626278043 ] ] ] } },
{ "type": "Feature", "properties": { "fid": 144.0, "COMPR_M": 362.17, "CLASSE": "03 - Média", "CD_FAZ": "400286", "TALHOES": "2", "FAZ_tAL": "400286002", "ID_LINHA": 95146 }, "geometry": { "type": "MultiLineString", "coordinates": [ [ [ 421173.739354214048944, 7646490.422309475019574 ], [ 421466.981669682543725, 7646278.067977454513311 ] ] ] } },
{ "type": "Feature", "properties": { "fid": 145.0, "COMPR_M": 362.24, "CLASSE": "03 - Média", "CD_FAZ": "400286", "TALHOES": "2", "FAZ_tAL": "400286002", "ID_LINHA": 95147 }, "geometry": { "type": "MultiLineString", "coordinates": [ [ [ 421172.411503663635813, 7646487.679878561757505 ], [ 421465.709566846431699, 7646275.28517628274858 ] ] ] } },
{ "type": "Feature", "properties": { "fid": 146.0, "COMPR_M": 362.31, "CLASSE": "03 - Média", "CD_FAZ": "400286", "TALHOES": "2", "FAZ_tAL": "400286002", "ID_LINHA": 95148 }, "geometry": { "type": "MultiLineString", "coordinates": [ [ [ 421171.083653113164473, 7646484.937447647564113 ], [ 421464.437464009970427, 7646272.502375112846494 ] ] ] } },
{ "type": "Feature", "properties": { "fid": 147.0, "COMPR_M": 362.38, "CLASSE": "03 - Média", "CD_FAZ": "400286", "TALHOES": "2", "FAZ_tAL": "400286002", "ID_LINHA": 95149 }, "geometry": { "type": "MultiLineString", "coordinates": [ [ [ 421169.755802562634926, 7646482.195016734302044 ], [ 421463.165361173916608, 7646269.719573937356472 ] ] ] } },
{ "type": "Feature", "properties": { "fid": 148.0, "COMPR_M": 362.45, "CLASSE": "03 - Média", "CD_FAZ": "400286", "TALHOES": "2", "FAZ_tAL": "400286002", "ID_LINHA": 95150 }, "geometry": { "type": "MultiLineString", "coordinates": [ [ [ 421168.427952012745664, 7646479.452585821971297 ], [ 421461.893258336291183, 7646266.93677276186645 ] ] ] } },
{ "type": "Feature", "properties": { "fid": 149.0, "COMPR_M": 362.52, "CLASSE": "03 - Média", "CD_FAZ": "400286", "TALHOES": "2", "FAZ_tAL": "400286002", "ID_LINHA": 95151 }, "geometry": { "type": "MultiLineString", "coordinates": [ [ [ 421167.100101460819133, 7646476.710154907777905 ], [ 421460.621155501576141, 7646264.153971591033041 ] ] ] } },
{ "type": "Feature", "properties": { "fid": 150.0, "COMPR_M": 362.59, "CLASSE": "03 - Média", "CD_FAZ": "400286", "TALHOES": "2", "FAZ_tAL": "400286002", "ID_LINHA": 95152 }, "geometry": { "type": "MultiLineString", "coordinates": [ [ [ 421165.772250911511946, 7646473.967723995447159 ], [ 421459.349052663950715, 7646261.371170416474342 ] ] ] } },
{ "type": "Feature", "properties": { "fid": 151.0, "COMPR_M": 362.66, "CLASSE": "03 - Média", "CD_FAZ": "400286", "TALHOES": "2", "FAZ_tAL": "400286002", "ID_LINHA": 95153 }, "geometry": { "type": "MultiLineString", "coordinates": [ [ [ 421164.444400361506268, 7646471.225293081253767 ], [ 421458.076949828653596, 7646258.588369242846966 ] ] ] } },
{ "type": "Feature", "properties": { "fid": 152.0, "COMPR_M": 362.73, "CLASSE": "03 - Média", "CD_FAZ": "400286", "TALHOES": "2", "FAZ_tAL": "400286002", "ID_LINHA": 95154 }, "geometry": { "type": "MultiLineString", "coordinates": [ [ [ 421163.116549811384175, 7646468.48286216892302 ], [ 421456.804846991086379, 7646255.805568069219589 ] ] ] } },
{ "type": "Feature", "properties": { "fid": 153.0, "COMPR_M": 362.78, "CLASSE": "03 - Média", "CD_FAZ": "400286", "TALHOES": "2", "FAZ_tAL": "400286002", "ID_LINHA": 95155 }, "geometry": { "type": "MultiLineString", "coordinates": [ [ [ 421161.788699260621797, 7646465.740431258454919 ], [ 421455.5242563089123, 7646253.028913454152644 ] ] ] } },
{ "type": "Feature", "properties": { "fid": 154.0, "COMPR_M": 362.8, "CLASSE": "03 - Média", "CD_FAZ": "400286", "TALHOES": "2", "FAZ_tAL": "400286002", "ID_LINHA": 95156 }, "geometry": { "type": "MultiLineString", "coordinates": [ [ [ 421160.460848710441496, 7646462.998000342398882 ], [ 421454.209180180099793, 7646250.277231816202402 ] ] ] } },
{ "type": "Feature", "properties": { "fid": 155.0, "COMPR_M": 362.82, "CLASSE": "03 - Média", "CD_FAZ": "400286", "TALHOES": "2", "FAZ_tAL": "400286002", "ID_LINHA": 95157 }, "geometry": { "type": "MultiLineString", "coordinates": [ [ [ 421159.132998158922419, 7646460.255569430068135 ], [ 421452.894104051287286, 7646247.525550179183483 ] ] ] } },
{ "type": "Feature", "properties": { "fid": 156.0, "COMPR_M": 362.83, "CLASSE": "03 - Média", "CD_FAZ": "400286", "TALHOES": "2", "FAZ_tAL": "400286002", "ID_LINHA": 95158 }, "geometry": { "type": "MultiLineString", "coordinates": [ [ [ 421157.805147608742118, 7646457.513138515874743 ], [ 421451.579027921834495, 7646244.773868544027209 ] ] ] } },
{ "type": "Feature", "properties": { "fid": 157.0, "COMPR_M": 362.85, "CLASSE": "03 - Média", "CD_FAZ": "400286", "TALHOES": "2", "FAZ_tAL": "400286002", "ID_LINHA": 95159 }, "geometry": { "type": "MultiLineString", "coordinates": [ [ [ 421156.477297059784178, 7646454.770707601681352 ], [ 421450.263951792439912, 7646242.022186905145645 ] ] ] } },
{ "type": "Feature", "properties": { "fid": 158.0, "COMPR_M": 362.86, "CLASSE": "03 - Média", "CD_FAZ": "400286", "TALHOES": "2", "FAZ_tAL": "400286002", "ID_LINHA": 95160 }, "geometry": { "type": "MultiLineString", "coordinates": [ [ [ 421155.149446508788969, 7646452.02827669121325 ], [ 421448.948875663045328, 7646239.270505269989371 ] ] ] } },
{ "type": "Feature", "properties": { "fid": 159.0, "COMPR_M": 362.88, "CLASSE": "03 - Média", "CD_FAZ": "400286", "TALHOES": "2", "FAZ_tAL": "400286002", "ID_LINHA": 95161 }, "geometry": { "type": "MultiLineString", "coordinates": [ [ [ 421153.821595957735553, 7646449.285845777951181 ], [ 421447.633799533650745, 7646236.518823632970452 ] ] ] } },
{ "type": "Feature", "properties": { "fid": 160.0, "COMPR_M": 362.89, "CLASSE": "03 - Média", "CD_FAZ": "400286", "TALHOES": "2", "FAZ_tAL": "400286002", "ID_LINHA": 95162 }, "geometry": { "type": "MultiLineString", "coordinates": [ [ [ 421152.493745408020914, 7646446.543414860963821 ], [ 421446.318723405653145, 7646233.767141997814178 ] ] ] } },
{ "type": "Feature", "properties": { "fid": 161.0, "COMPR_M": 362.91, "CLASSE": "03 - Média", "CD_FAZ": "400286", "TALHOES": "2", "FAZ_tAL": "400286002", "ID_LINHA": 95163 }, "geometry": { "type": "MultiLineString", "coordinates": [ [ [ 421151.165894857607782, 7646443.80098395049572 ], [ 421445.003647276316769, 7646231.015460358932614 ] ] ] } },
{ "type": "Feature", "properties": { "fid": 162.0, "COMPR_M": 362.93, "CLASSE": "03 - Média", "CD_FAZ": "400286", "TALHOES": "2", "FAZ_tAL": "400286002", "ID_LINHA": 95164 }, "geometry": { "type": "MultiLineString", "coordinates": [ [ [ 421149.838044307136443, 7646441.058553040958941 ], [ 421443.688571147038601, 7646228.26377872005105 ] ] ] } },
{ "type": "Feature", "properties": { "fid": 163.0, "COMPR_M": 362.94, "CLASSE": "03 - Média", "CD_FAZ": "400286", "TALHOES": "2", "FAZ_tAL": "400286002", "ID_LINHA": 95165 }, "geometry": { "type": "MultiLineString", "coordinates": [ [ [ 421148.510193757305387, 7646438.316122124902904 ], [ 421442.373495018400718, 7646225.512097083032131 ] ] ] } },
{ "type": "Feature", "properties": { "fid": 164.0, "COMPR_M": 362.96, "CLASSE": "03 - Média", "CD_FAZ": "400286", "TALHOES": "2", "FAZ_tAL": "400286002", "ID_LINHA": 95166 }, "geometry": { "type": "MultiLineString", "coordinates": [ [ [ 421147.182343205495272, 7646435.57369121350348 ], [ 421441.058418888482265, 7646222.760415447875857 ] ] ] } },
{ "type": "Feature", "properties": { "fid": 165.0, "COMPR_M": 362.97, "CLASSE": "03 - Média", "CD_FAZ": "400286", "TALHOES": "2", "FAZ_tAL": "400286002", "ID_LINHA": 95167 }, "geometry": { "type": "MultiLineString", "coordinates": [ [ [ 421145.854492655606009, 7646432.831260301172733 ], [ 421439.74334275862202, 7646220.008733808994293 ] ] ] } },
{ "type": "Feature", "properties": { "fid": 166.0, "COMPR_M": 362.99, "CLASSE": "03 - Média", "CD_FAZ": "400286", "TALHOES": "2", "FAZ_tAL": "400286002", "ID_LINHA": 95168 }, "geometry": { "type": "MultiLineString", "coordinates": [ [ [ 421144.526642105018254, 7646430.088829386979342 ], [ 421438.428266630740836, 7646217.257052173838019 ] ] ] } },
{ "type": "Feature", "properties": { "fid": 167.0, "COMPR_M": 363.0, "CLASSE": "03 - Média", "CD_FAZ": "400286", "TALHOES": "2", "FAZ_tAL": "400286002", "ID_LINHA": 95169 }, "geometry": { "type": "MultiLineString", "coordinates": [ [ [ 421143.198791553732008, 7646427.34639847278595 ], [ 421437.113190501579084, 7646214.505370534956455 ] ] ] } },
{ "type": "Feature", "properties": { "fid": 168.0, "COMPR_M": 363.02, "CLASSE": "03 - Média", "CD_FAZ": "400286", "TALHOES": "2", "FAZ_tAL": "400286002", "ID_LINHA": 95170 }, "geometry": { "type": "MultiLineString", "coordinates": [ [ [ 421141.870941004424822, 7646424.603967560455203 ], [ 421435.798114372417331, 7646211.753688899800181 ] ] ] } },
{ "type": "Feature", "properties": { "fid": 169.0, "COMPR_M": 363.04, "CLASSE": "03 - Média", "CD_FAZ": "400286", "TALHOES": "2", "FAZ_tAL": "400286002", "ID_LINHA": 95171 }, "geometry": { "type": "MultiLineString", "coordinates": [ [ [ 421140.543090454419143, 7646421.861536646261811 ], [ 421434.483038242673501, 7646209.002007262781262 ] ] ] } },
{ "type": "Feature", "properties": { "fid": 170.0, "COMPR_M": 363.05, "CLASSE": "03 - Média", "CD_FAZ": "400286", "TALHOES": "2", "FAZ_tAL": "400286002", "ID_LINHA": 95172 }, "geometry": { "type": "MultiLineString", "coordinates": [ [ [ 421139.215239903714973, 7646419.119105734862387 ], [ 421433.167962114268448, 7646206.250325623899698 ] ] ] } },
{ "type": "Feature", "properties": { "fid": 171.0, "COMPR_M": 363.07, "CLASSE": "03 - Média", "CD_FAZ": "400286", "TALHOES": "2", "FAZ_tAL": "400286002", "ID_LINHA": 95173 }, "geometry": { "type": "MultiLineString", "coordinates": [ [ [ 421137.887389353651088, 7646416.376674821600318 ], [ 421431.852885985223111, 7646203.498643986880779 ] ] ] } },
{ "type": "Feature", "properties": { "fid": 172.0, "COMPR_M": 363.08, "CLASSE": "03 - Média", "CD_FAZ": "400286", "TALHOES": "2", "FAZ_tAL": "400286002", "ID_LINHA": 95174 }, "geometry": { "type": "MultiLineString", "coordinates": [ [ [ 421136.559538802946918, 7646413.634243907406926 ], [ 421430.537809855537489, 7646200.74696234986186 ] ] ] } },
{ "type": "Feature", "properties": { "fid": 173.0, "COMPR_M": 363.1, "CLASSE": "03 - Média", "CD_FAZ": "400286", "TALHOES": "2", "FAZ_tAL": "400286002", "ID_LINHA": 95175 }, "geometry": { "type": "MultiLineString", "coordinates": [ [ [ 421135.231688252766617, 7646410.89181299507618 ], [ 421429.222733727889135, 7646197.995280714705586 ] ] ] } },
{ "type": "Feature", "properties": { "fid": 174.0, "COMPR_M": 363.11, "CLASSE": "03 - Média", "CD_FAZ": "400286", "TALHOES": "2", "FAZ_tAL": "400286002", "ID_LINHA": 95176 }, "geometry": { "type": "MultiLineString", "coordinates": [ [ [ 421133.903837702004239, 7646408.14938208181411 ], [ 421427.907657598319929, 7646195.243599077686667 ] ] ] } },
{ "type": "Feature", "properties": { "fid": 175.0, "COMPR_M": 363.13, "CLASSE": "03 - Média", "CD_FAZ": "400286", "TALHOES": "2", "FAZ_tAL": "400286002", "ID_LINHA": 95177 }, "geometry": { "type": "MultiLineString", "coordinates": [ [ [ 421132.57598715252243, 7646405.406951166689396 ], [ 421426.592581468110438, 7646192.491917441599071 ] ] ] } },
{ "type": "Feature", "properties": { "fid": 176.0, "COMPR_M": 363.15, "CLASSE": "03 - Média", "CD_FAZ": "400286", "TALHOES": "2", "FAZ_tAL": "400286002", "ID_LINHA": 95178 }, "geometry": { "type": "MultiLineString", "coordinates": [ [ [ 421131.248136601643637, 7646402.664520256221294 ], [ 421425.277505339239724, 7646189.740235803648829 ] ] ] } },
{ "type": "Feature", "properties": { "fid": 177.0, "COMPR_M": 363.16, "CLASSE": "03 - Média", "CD_FAZ": "400286", "TALHOES": "2", "FAZ_tAL": "400286002", "ID_LINHA": 95179 }, "geometry": { "type": "MultiLineString", "coordinates": [ [ [ 421129.920286051463336, 7646399.922089342027903 ], [ 421423.962429211067501, 7646186.988554163835943 ] ] ] } },
{ "type": "Feature", "properties": { "fid": 178.0, "COMPR_M": 363.18, "CLASSE": "03 - Média", "CD_FAZ": "400286", "TALHOES": "2", "FAZ_tAL": "400286002", "ID_LINHA": 95180 }, "geometry": { "type": "MultiLineString", "coordinates": [ [ [ 421128.592435500584543, 7646397.179658429697156 ], [ 421422.64735308161471, 7646184.236872528679669 ] ] ] } },
{ "type": "Feature", "properties": { "fid": 179.0, "COMPR_M": 363.19, "CLASSE": "03 - Média", "CD_FAZ": "400286", "TALHOES": "2", "FAZ_tAL": "400286002", "ID_LINHA": 95181 }, "geometry": { "type": "MultiLineString", "coordinates": [ [ [ 421127.264584950346034, 7646394.437227517366409 ], [ 421421.332276952860411, 7646181.485190892592072 ] ] ] } },
{ "type": "Feature", "properties": { "fid": 180.0, "COMPR_M": 363.21, "CLASSE": "03 - Média", "CD_FAZ": "400286", "TALHOES": "2", "FAZ_tAL": "400286002", "ID_LINHA": 95182 }, "geometry": { "type": "MultiLineString", "coordinates": [ [ [ 421125.936734400107525, 7646391.694796602241695 ], [ 421420.017200823524036, 7646178.733509253710508 ] ] ] } },
{ "type": "Feature", "properties": { "fid": 181.0, "COMPR_M": 363.23, "CLASSE": "03 - Média", "CD_FAZ": "400286", "TALHOES": "2", "FAZ_tAL": "400286002", "ID_LINHA": 95183 }, "geometry": { "type": "MultiLineString", "coordinates": [ [ [ 421124.608883849170525, 7646388.952365688979626 ], [ 421418.702124694827944, 7646175.981827618554235 ] ] ] } },
{ "type": "Feature", "properties": { "fid": 182.0, "COMPR_M": 363.23, "CLASSE": "03 - Média", "CD_FAZ": "400286", "TALHOES": "2", "FAZ_tAL": "400286002", "ID_LINHA": 95184 }, "geometry": { "type": "MultiLineString", "coordinates": [ [ [ 421123.291618148330599, 7646386.202269652858377 ], [ 421417.387048565549776, 7646173.230145981535316 ] ] ] } },
{ "type": "Feature", "properties": { "fid": 183.0, "COMPR_M": 363.22, "CLASSE": "03 - Média", "CD_FAZ": "400286", "TALHOES": "2", "FAZ_tAL": "400286002", "ID_LINHA": 95185 }, "geometry": { "type": "MultiLineString", "coordinates": [ [ [ 421121.984731676115189, 7646383.444657394662499 ], [ 421416.071972436329816, 7646170.478464342653751 ] ] ] } },
{ "type": "Feature", "properties": { "fid": 184.0, "COMPR_M": 363.21, "CLASSE": "03 - Média", "CD_FAZ": "400286", "TALHOES": "2", "FAZ_tAL": "400286002", "ID_LINHA": 95186 }, "geometry": { "type": "MultiLineString", "coordinates": [ [ [ 421120.677845204249024, 7646380.687045137397945 ], [ 421414.756896307808347, 7646167.726782705634832 ] ] ] } },
{ "type": "Feature", "properties": { "fid": 185.0, "COMPR_M": 363.2, "CLASSE": "03 - Média", "CD_FAZ": "400286", "TALHOES": "2", "FAZ_tAL": "400286002", "ID_LINHA": 95187 }, "geometry": { "type": "MultiLineString", "coordinates": [ [ [ 421119.370958730112761, 7646377.92943288013339 ], [ 421413.44182017800631, 7646164.975101067684591 ] ] ] } },
{ "type": "Feature", "properties": { "fid": 186.0, "COMPR_M": 363.19, "CLASSE": "03 - Média", "CD_FAZ": "400286", "TALHOES": "2", "FAZ_tAL": "400286002", "ID_LINHA": 95188 }, "geometry": { "type": "MultiLineString", "coordinates": [ [ [ 421118.064072257024236, 7646375.171820621937513 ], [ 421412.126744047563989, 7646162.223419431596994 ] ] ] } },
{ "type": "Feature", "properties": { "fid": 187.0, "COMPR_M": 363.18, "CLASSE": "03 - Média", "CD_FAZ": "400286", "TALHOES": "2", "FAZ_tAL": "400286002", "ID_LINHA": 95189 }, "geometry": { "type": "MultiLineString", "coordinates": [ [ [ 421116.757185784284957, 7646372.414208363741636 ], [ 421410.811667919158936, 7646159.471737794578075 ] ] ] } },
{ "type": "Feature", "properties": { "fid": 188.0, "COMPR_M": 363.17, "CLASSE": "03 - Média", "CD_FAZ": "400286", "TALHOES": "2", "FAZ_tAL": "400286002", "ID_LINHA": 95190 }, "geometry": { "type": "MultiLineString", "coordinates": [ [ [ 421115.450299311254639, 7646369.656596106477082 ], [ 421409.496591790113598, 7646156.720056159421802 ] ] ] } },
{ "type": "Feature", "properties": { "fid": 189.0, "COMPR_M": 363.16, "CLASSE": "03 - Média", "CD_FAZ": "400286", "TALHOES": "2", "FAZ_tAL": "400286002", "ID_LINHA": 95191 }, "geometry": { "type": "MultiLineString", "coordinates": [ [ [ 421114.143412837234791, 7646366.898983851075172 ], [ 421408.181515661883168, 7646153.968374520540237 ] ] ] } },
{ "type": "Feature", "properties": { "fid": 190.0, "COMPR_M": 363.15, "CLASSE": "03 - Média", "CD_FAZ": "400286", "TALHOES": "2", "FAZ_tAL": "400286002", "ID_LINHA": 95192 }, "geometry": { "type": "MultiLineString", "coordinates": [ [ [ 421112.836526364902966, 7646364.14137159101665 ], [ 421406.866439532313962, 7646151.216692883521318 ] ] ] } },
{ "type": "Feature", "properties": { "fid": 191.0, "COMPR_M": 363.14, "CLASSE": "03 - Média", "CD_FAZ": "400286", "TALHOES": "2", "FAZ_tAL": "400286002", "ID_LINHA": 95193 }, "geometry": { "type": "MultiLineString", "coordinates": [ [ [ 421111.529639890999533, 7646361.383759332820773 ], [ 421405.551363403443247, 7646148.465011246502399 ] ] ] } },
{ "type": "Feature", "properties": { "fid": 192.0, "COMPR_M": 363.13, "CLASSE": "03 - Média", "CD_FAZ": "400286", "TALHOES": "2", "FAZ_tAL": "400286002", "ID_LINHA": 95194 }, "geometry": { "type": "MultiLineString", "coordinates": [ [ [ 421110.222753418725915, 7646358.626147078350186 ], [ 421404.23628727463074, 7646145.713329611346126 ] ] ] } },
{ "type": "Feature", "properties": { "fid": 193.0, "COMPR_M": 363.12, "CLASSE": "03 - Média", "CD_FAZ": "400286", "TALHOES": "2", "FAZ_tAL": "400286002", "ID_LINHA": 95195 }, "geometry": { "type": "MultiLineString", "coordinates": [ [ [ 421108.91586694488069, 7646355.868534816429019 ], [ 421402.921211145818233, 7646142.961647974327207 ] ] ] } },
{ "type": "Feature", "properties": { "fid": 194.0, "COMPR_M": 363.11, "CLASSE": "03 - Média", "CD_FAZ": "400286", "TALHOES": "2", "FAZ_tAL": "400286002", "ID_LINHA": 95196 }, "geometry": { "type": "MultiLineString", "coordinates": [ [ [ 421107.608980472083203, 7646353.110922560095787 ], [ 421401.606135015841573, 7646140.209966333582997 ] ] ] } },
{ "type": "Feature", "properties": { "fid": 195.0, "COMPR_M": 363.1, "CLASSE": "03 - Média", "CD_FAZ": "400286", "TALHOES": "2", "FAZ_tAL": "400286002", "ID_LINHA": 95197 }, "geometry": { "type": "MultiLineString", "coordinates": [ [ [ 421106.302093999634963, 7646350.35331030189991 ], [ 421400.291058886563405, 7646137.458284698426723 ] ] ] } },
{ "type": "Feature", "properties": { "fid": 196.0, "COMPR_M": 363.09, "CLASSE": "03 - Média", "CD_FAZ": "400286", "TALHOES": "2", "FAZ_tAL": "400286002", "ID_LINHA": 95198 }, "geometry": { "type": "MultiLineString", "coordinates": [ [ [ 421104.995207526837476, 7646347.595698043704033 ], [ 421398.975982757285237, 7646134.706603061407804 ] ] ] } },
{ "type": "Feature", "properties": { "fid": 197.0, "COMPR_M": 363.08, "CLASSE": "03 - Média", "CD_FAZ": "400286", "TALHOES": "2", "FAZ_tAL": "400286002", "ID_LINHA": 95199 }, "geometry": { "type": "MultiLineString", "coordinates": [ [ [ 421103.68832105450565, 7646344.838085786439478 ], [ 421397.660906628065277, 7646131.954921425320208 ] ] ] } },
{ "type": "Feature", "properties": { "fid": 198.0, "COMPR_M": 363.07, "CLASSE": "03 - Média", "CD_FAZ": "400286", "TALHOES": "2", "FAZ_tAL": "400286002", "ID_LINHA": 95200 }, "geometry": { "type": "MultiLineString", "coordinates": [ [ [ 421102.381434579845518, 7646342.080473531037569 ], [ 421396.3458305002423, 7646129.203239787369967 ] ] ] } },
{ "type": "Feature", "properties": { "fid": 199.0, "COMPR_M": 363.06, "CLASSE": "03 - Média", "CD_FAZ": "400286", "TALHOES": "2", "FAZ_tAL": "400286002", "ID_LINHA": 95201 }, "geometry": { "type": "MultiLineString", "coordinates": [ [ [ 421101.0745481075719, 7646339.322861272841692 ], [ 421395.030754370498471, 7646126.45155815128237 ] ] ] } },
{ "type": "Feature", "properties": { "fid": 200.0, "COMPR_M": 363.05, "CLASSE": "03 - Média", "CD_FAZ": "400286", "TALHOES": "2", "FAZ_tAL": "400286002", "ID_LINHA": 95202 }, "geometry": { "type": "MultiLineString", "coordinates": [ [ [ 421099.767661634308752, 7646336.565249014645815 ], [ 421393.715678242850117, 7646123.699876514263451 ] ] ] } },
{ "type": "Feature", "properties": { "fid": 201.0, "COMPR_M": 363.04, "CLASSE": "03 - Média", "CD_FAZ": "400286", "TALHOES": "2", "FAZ_tAL": "400286002", "ID_LINHA": 95203 }, "geometry": { "type": "MultiLineString", "coordinates": [ [ [ 421098.460775161453057, 7646333.807636756449938 ], [ 421392.400602111883927, 7646120.948194877244532 ] ] ] } },
{ "type": "Feature", "properties": { "fid": 202.0, "COMPR_M": 363.03, "CLASSE": "03 - Média", "CD_FAZ": "400286", "TALHOES": "2", "FAZ_tAL": "400286002", "ID_LINHA": 95204 }, "geometry": { "type": "MultiLineString", "coordinates": [ [ [ 421097.153888689004816, 7646331.050024500116706 ], [ 421391.085525984293781, 7646118.196513241156936 ] ] ] } },
{ "type": "Feature", "properties": { "fid": 203.0, "COMPR_M": 363.02, "CLASSE": "03 - Média", "CD_FAZ": "400286", "TALHOES": "2", "FAZ_tAL": "400286002", "ID_LINHA": 95205 }, "geometry": { "type": "MultiLineString", "coordinates": [ [ [ 421095.847002214228269, 7646328.292412243783474 ], [ 421389.770449854084291, 7646115.444831604138017 ] ] ] } },
{ "type": "Feature", "properties": { "fid": 204.0, "COMPR_M": 363.01, "CLASSE": "03 - Média", "CD_FAZ": "400286", "TALHOES": "2", "FAZ_tAL": "400286002", "ID_LINHA": 95206 }, "geometry": { "type": "MultiLineString", "coordinates": [ [ [ 421094.540115743177012, 7646325.534799984656274 ], [ 421388.455373725970276, 7646112.693149965256453 ] ] ] } },
{ "type": "Feature", "properties": { "fid": 205.0, "COMPR_M": 363.0, "CLASSE": "03 - Média", "CD_FAZ": "400286", "TALHOES": "2", "FAZ_tAL": "400286002", "ID_LINHA": 95207 }, "geometry": { "type": "MultiLineString", "coordinates": [ [ [ 421093.23322926851688, 7646322.77718772739172 ], [ 421387.140297595993616, 7646109.941468330100179 ] ] ] } },
{ "type": "Feature", "properties": { "fid": 206.0, "COMPR_M": 362.99, "CLASSE": "03 - Média", "CD_FAZ": "400286", "TALHOES": "2", "FAZ_tAL": "400286002", "ID_LINHA": 95208 }, "geometry": { "type": "MultiLineString", "coordinates": [ [ [ 421091.926342796185054, 7646320.019575469195843 ], [ 421385.825221467297524, 7646107.189786694012582 ] ] ] } },
{ "type": "Feature", "properties": { "fid": 207.0, "COMPR_M": 362.98, "CLASSE": "03 - Média", "CD_FAZ": "400286", "TALHOES": "2", "FAZ_tAL": "400286002", "ID_LINHA": 95209 }, "geometry": { "type": "MultiLineString", "coordinates": [ [ [ 421090.619456322281621, 7646317.261963210999966 ], [ 421384.510145337379072, 7646104.438105056062341 ] ] ] } },
{ "type": "Feature", "properties": { "fid": 208.0, "COMPR_M": 362.96, "CLASSE": "03 - Média", "CD_FAZ": "400286", "TALHOES": "2", "FAZ_tAL": "400286002", "ID_LINHA": 95210 }, "geometry": { "type": "MultiLineString", "coordinates": [ [ [ 421089.312569850124419, 7646314.504350952804089 ], [ 421383.195069209556095, 7646101.686423417180777 ] ] ] } },
{ "type": "Feature", "properties": { "fid": 209.0, "COMPR_M": 362.95, "CLASSE": "03 - Média", "CD_FAZ": "400286", "TALHOES": "2", "FAZ_tAL": "400286002", "ID_LINHA": 95211 }, "geometry": { "type": "MultiLineString", "coordinates": [ [ [ 421088.00568337563891, 7646311.746738697402179 ], [ 421381.879993079754058, 7646098.934741780161858 ] ] ] } },
{ "type": "Feature", "properties": { "fid": 210.0, "COMPR_M": 362.94, "CLASSE": "03 - Média", "CD_FAZ": "400286", "TALHOES": "2", "FAZ_tAL": "400286002", "ID_LINHA": 95212 }, "geometry": { "type": "MultiLineString", "coordinates": [ [ [ 421086.698796904238407, 7646308.98912643827498 ], [ 421380.564916951349005, 7646096.183060145005584 ] ] ] } },
{ "type": "Feature", "properties": { "fid": 211.0, "COMPR_M": 362.93, "CLASSE": "03 - Média", "CD_FAZ": "400286", "TALHOES": "2", "FAZ_tAL": "400286002", "ID_LINHA": 95213 }, "geometry": { "type": "MultiLineString", "coordinates": [ [ [ 421085.391910431848373, 7646306.231514180079103 ], [ 421379.249840821721591, 7646093.431378508917987 ] ] ] } },
{ "type": "Feature", "properties": { "fid": 212.0, "COMPR_M": 362.92, "CLASSE": "03 - Média", "CD_FAZ": "400286", "TALHOES": "2", "FAZ_tAL": "400286002", "ID_LINHA": 95214 }, "geometry": { "type": "MultiLineString", "coordinates": [ [ [ 421084.085023957886733, 7646303.473901921883225 ], [ 421377.934764693491161, 7646090.679696870036423 ] ] ] } },
{ "type": "Feature", "properties": { "fid": 213.0, "COMPR_M": 362.91, "CLASSE": "03 - Média", "CD_FAZ": "400286", "TALHOES": "2", "FAZ_tAL": "400286002", "ID_LINHA": 95215 }, "geometry": { "type": "MultiLineString", "coordinates": [ [ [ 421082.778137485613115, 7646300.716289666481316 ], [ 421376.619688562641386, 7646087.928015234880149 ] ] ] } },
{ "type": "Feature", "properties": { "fid": 214.0, "COMPR_M": 362.9, "CLASSE": "03 - Média", "CD_FAZ": "400286", "TALHOES": "2", "FAZ_tAL": "400286002", "ID_LINHA": 95216 }, "geometry": { "type": "MultiLineString", "coordinates": [ [ [ 421081.471251012466382, 7646297.958677406422794 ], [ 421375.304612435167655, 7646085.17633359786123 ] ] ] } },
{ "type": "Feature", "properties": { "fid": 215.0, "COMPR_M": 362.91, "CLASSE": "03 - Média", "CD_FAZ": "400286", "TALHOES": "2", "FAZ_tAL": "400286002", "ID_LINHA": 95217 }, "geometry": { "type": "MultiLineString", "coordinates": [ [ [ 421080.164364538970403, 7646295.201065149158239 ], [ 421374.004399935540278, 7646082.41388831473887 ] ] ] } },
{ "type": "Feature", "properties": { "fid": 216.0, "COMPR_M": 362.93, "CLASSE": "03 - Média", "CD_FAZ": "400286", "TALHOES": "2", "FAZ_tAL": "400286002", "ID_LINHA": 95218 }, "geometry": { "type": "MultiLineString", "coordinates": [ [ [ 421078.857478065881878, 7646292.443452890962362 ], [ 421372.710677847615443, 7646079.646742936223745 ] ] ] } },
{ "type": "Feature", "properties": { "fid": 217.0, "COMPR_M": 362.95, "CLASSE": "03 - Média", "CD_FAZ": "400286", "TALHOES": "2", "FAZ_tAL": "400286002", "ID_LINHA": 95219 }, "geometry": { "type": "MultiLineString", "coordinates": [ [ [ 421077.550591592560522, 7646289.685840633697808 ], [ 421371.416955758584663, 7646076.879597561433911 ] ] ] } },
{ "type": "Feature", "properties": { "fid": 218.0, "COMPR_M": 362.96, "CLASSE": "03 - Média", "CD_FAZ": "400286", "TALHOES": "2", "FAZ_tAL": "400286002", "ID_LINHA": 95220 }, "geometry": { "type": "MultiLineString", "coordinates": [ [ [ 421076.243705120286904, 7646286.928228376433253 ], [ 421370.123233669321053, 7646074.112452179193497 ] ] ] } },
{ "type": "Feature", "properties": { "fid": 219.0, "COMPR_M": 362.98, "CLASSE": "03 - Média", "CD_FAZ": "400286", "TALHOES": "2", "FAZ_tAL": "400286002", "ID_LINHA": 95221 }, "geometry": { "type": "MultiLineString", "coordinates": [ [ [ 421074.936818648362532, 7646284.170616120100021 ], [ 421368.829511581570841, 7646071.345306805334985 ] ] ] } },
{ "type": "Feature", "properties": { "fid": 220.0, "COMPR_M": 362.99, "CLASSE": "03 - Média", "CD_FAZ": "400286", "TALHOES": "2", "FAZ_tAL": "400286002", "ID_LINHA": 95222 }, "geometry": { "type": "MultiLineString", "coordinates": [ [ [ 421073.629932174226269, 7646281.413003860041499 ], [ 421367.535789493529592, 7646068.578161429613829 ] ] ] } },
{ "type": "Feature", "properties": { "fid": 221.0, "COMPR_M": 363.01, "CLASSE": "03 - Média", "CD_FAZ": "400286", "TALHOES": "2", "FAZ_tAL": "400286002", "ID_LINHA": 95223 }, "geometry": { "type": "MultiLineString", "coordinates": [ [ [ 421072.323045701079536, 7646278.655391603708267 ], [ 421366.242067403858528, 7646065.811016051098704 ] ] ] } },
{ "type": "Feature", "properties": { "fid": 222.0, "COMPR_M": 363.03, "CLASSE": "03 - Média", "CD_FAZ": "400286", "TALHOES": "2", "FAZ_tAL": "400286002", "ID_LINHA": 95224 }, "geometry": { "type": "MultiLineString", "coordinates": [ [ [ 421071.01615922775818, 7646275.897779346443713 ], [ 421364.948345316457562, 7646063.04387067630887 ] ] ] } },
{ "type": "Feature", "properties": { "fid": 223.0, "COMPR_M": 363.04, "CLASSE": "03 - Média", "CD_FAZ": "400286", "TALHOES": "2", "FAZ_tAL": "400286002", "ID_LINHA": 95225 }, "geometry": { "type": "MultiLineString", "coordinates": [ [ [ 421069.70927275478607, 7646273.140167089179158 ], [ 421363.654623227426782, 7646060.276725295931101 ] ] ] } },
{ "type": "Feature", "properties": { "fid": 224.0, "COMPR_M": 363.06, "CLASSE": "03 - Média", "CD_FAZ": "400286", "TALHOES": "2", "FAZ_tAL": "400286002", "ID_LINHA": 95226 }, "geometry": { "type": "MultiLineString", "coordinates": [ [ [ 421068.402386281522922, 7646270.382554830983281 ], [ 421362.360901138687041, 7646057.509579918347299 ] ] ] } },
{ "type": "Feature", "properties": { "fid": 225.0, "COMPR_M": 363.08, "CLASSE": "03 - Média", "CD_FAZ": "400286", "TALHOES": "2", "FAZ_tAL": "400286002", "ID_LINHA": 95227 }, "geometry": { "type": "MultiLineString", "coordinates": [ [ [ 421067.09549980936572, 7646267.624942572787404 ], [ 421361.067179050296545, 7646054.74243454169482 ] ] ] } },
{ "type": "Feature", "properties": { "fid": 226.0, "COMPR_M": 363.09, "CLASSE": "03 - Média", "CD_FAZ": "400286", "TALHOES": "2", "FAZ_tAL": "400286002", "ID_LINHA": 95228 }, "geometry": { "type": "MultiLineString", "coordinates": [ [ [ 421065.788613336218987, 7646264.86733031552285 ], [ 421359.773456961556803, 7646051.975289167836308 ] ] ] } },
{ "type": "Feature", "properties": { "fid": 227.0, "COMPR_M": 363.11, "CLASSE": "03 - Média", "CD_FAZ": "400286", "TALHOES": "2", "FAZ_tAL": "400286002", "ID_LINHA": 95229 }, "geometry": { "type": "MultiLineString", "coordinates": [ [ [ 421064.481726862199139, 7646262.10971805639565 ], [ 421358.479734872526024, 7646049.208143789321184 ] ] ] } },
{ "type": "Feature", "properties": { "fid": 228.0, "COMPR_M": 363.12, "CLASSE": "03 - Média", "CD_FAZ": "400286", "TALHOES": "2", "FAZ_tAL": "400286002", "ID_LINHA": 95230 }, "geometry": { "type": "MultiLineString", "coordinates": [ [ [ 421063.174840389867313, 7646259.352105801925063 ], [ 421357.186012784426566, 7646046.440998409874737 ] ] ] } },
{ "type": "Feature", "properties": { "fid": 229.0, "COMPR_M": 363.14, "CLASSE": "03 - Média", "CD_FAZ": "400286", "TALHOES": "2", "FAZ_tAL": "400286002", "ID_LINHA": 95231 }, "geometry": { "type": "MultiLineString", "coordinates": [ [ [ 421061.867953916662373, 7646256.594493543729186 ], [ 421355.892290694697294, 7646043.67385303042829 ] ] ] } },
{ "type": "Feature", "properties": { "fid": 230.0, "COMPR_M": 363.16, "CLASSE": "03 - Média", "CD_FAZ": "400286", "TALHOES": "2", "FAZ_tAL": "400286002", "ID_LINHA": 95232 }, "geometry": { "type": "MultiLineString", "coordinates": [ [ [ 421060.561067443864886, 7646253.836881279945374 ], [ 421354.598568606597837, 7646040.906707656569779 ] ] ] } },
{ "type": "Feature", "properties": { "fid": 231.0, "COMPR_M": 363.17, "CLASSE": "03 - Média", "CD_FAZ": "400286", "TALHOES": "2", "FAZ_tAL": "400286002", "ID_LINHA": 95233 }, "geometry": { "type": "MultiLineString", "coordinates": [ [ [ 421059.254180970718153, 7646251.079269026406109 ], [ 421353.30484651750885, 7646038.139562278985977 ] ] ] } },
{ "type": "Feature", "properties": { "fid": 232.0, "COMPR_M": 363.19, "CLASSE": "03 - Média", "CD_FAZ": "400286", "TALHOES": "2", "FAZ_tAL": "400286002", "ID_LINHA": 95234 }, "geometry": { "type": "MultiLineString", "coordinates": [ [ [ 421057.947294497396797, 7646248.321656769141555 ], [ 421352.0111244294676, 7646035.372416904196143 ] ] ] } },
{ "type": "Feature", "properties": { "fid": 233.0, "COMPR_M": 363.21, "CLASSE": "03 - Média", "CD_FAZ": "400286", "TALHOES": "2", "FAZ_tAL": "400286002", "ID_LINHA": 95235 }, "geometry": { "type": "MultiLineString", "coordinates": [ [ [ 421056.640408025123179, 7646245.564044512808323 ], [ 421350.717402341018897, 7646032.605271523818374 ] ] ] } },
{ "type": "Feature", "properties": { "fid": 234.0, "COMPR_M": 363.22, "CLASSE": "03 - Média", "CD_FAZ": "400286", "TALHOES": "2", "FAZ_tAL": "400286002", "ID_LINHA": 95236 }, "geometry": { "type": "MultiLineString", "coordinates": [ [ [ 421055.333521551219746, 7646242.806432254612446 ], [ 421349.423680252279155, 7646029.838126147165895 ] ] ] } },
{ "type": "Feature", "properties": { "fid": 235.0, "COMPR_M": 363.24, "CLASSE": "03 - Média", "CD_FAZ": "400286", "TALHOES": "2", "FAZ_tAL": "400286002", "ID_LINHA": 95237 }, "geometry": { "type": "MultiLineString", "coordinates": [ [ [ 421054.02663507842226, 7646240.048819997347891 ], [ 421348.129958162608091, 7646027.070980766788125 ] ] ] } },
{ "type": "Feature", "properties": { "fid": 236.0, "COMPR_M": 363.25, "CLASSE": "03 - Média", "CD_FAZ": "400286", "TALHOES": "2", "FAZ_tAL": "400286002", "ID_LINHA": 95238 }, "geometry": { "type": "MultiLineString", "coordinates": [ [ [ 421052.719748605391942, 7646237.291207736358047 ], [ 421346.836236075148918, 7646024.303835395723581 ] ] ] } },
{ "type": "Feature", "properties": { "fid": 237.0, "COMPR_M": 363.27, "CLASSE": "03 - Média", "CD_FAZ": "400286", "TALHOES": "2", "FAZ_tAL": "400286002", "ID_LINHA": 95239 }, "geometry": { "type": "MultiLineString", "coordinates": [ [ [ 421051.41286213271087, 7646234.53359548188746 ], [ 421345.542513987398706, 7646021.536690015345812 ] ] ] } },
{ "type": "Feature", "properties": { "fid": 238.0, "COMPR_M": 363.29, "CLASSE": "03 - Média", "CD_FAZ": "400286", "TALHOES": "2", "FAZ_tAL": "400286002", "ID_LINHA": 95240 }, "geometry": { "type": "MultiLineString", "coordinates": [ [ [ 421050.105975659214891, 7646231.775983223691583 ], [ 421344.248791897378396, 7646018.769544636830688 ] ] ] } },
{ "type": "Feature", "properties": { "fid": 239.0, "COMPR_M": 363.3, "CLASSE": "03 - Média", "CD_FAZ": "400286", "TALHOES": "2", "FAZ_tAL": "400286002", "ID_LINHA": 95241 }, "geometry": { "type": "MultiLineString", "coordinates": [ [ [ 421048.799089186068159, 7646229.01837096363306 ], [ 421342.955069808987901, 7646016.002399260178208 ] ] ] } },
{ "type": "Feature", "properties": { "fid": 240.0, "COMPR_M": 363.32, "CLASSE": "03 - Média", "CD_FAZ": "400286", "TALHOES": "2", "FAZ_tAL": "400286002", "ID_LINHA": 95242 }, "geometry": { "type": "MultiLineString", "coordinates": [ [ [ 421047.492202712688595, 7646226.260758705437183 ], [ 421341.661347720946651, 7646013.235253885388374 ] ] ] } },
{ "type": "Feature", "properties": { "fid": 241.0, "COMPR_M": 363.34, "CLASSE": "03 - Média", "CD_FAZ": "400286", "TALHOES": "2", "FAZ_tAL": "400286002", "ID_LINHA": 95243 }, "geometry": { "type": "MultiLineString", "coordinates": [ [ [ 421046.185316240298562, 7646223.503146452829242 ], [ 421340.367625630577095, 7646010.468108508735895 ] ] ] } },
{ "type": "Feature", "properties": { "fid": 242.0, "COMPR_M": 363.35, "CLASSE": "03 - Média", "CD_FAZ": "400286", "TALHOES": "2", "FAZ_tAL": "400286002", "ID_LINHA": 95244 }, "geometry": { "type": "MultiLineString", "coordinates": [ [ [ 421044.878429767093621, 7646220.745534191839397 ], [ 421339.073903543234337, 7646007.700963130220771 ] ] ] } },
{ "type": "Feature", "properties": { "fid": 243.0, "COMPR_M": 363.37, "CLASSE": "03 - Média", "CD_FAZ": "400286", "TALHOES": "2", "FAZ_tAL": "400286002", "ID_LINHA": 95245 }, "geometry": { "type": "MultiLineString", "coordinates": [ [ [ 421043.571543294237927, 7646217.987921932712197 ], [ 421337.780181454203557, 7646004.933817751705647 ] ] ] } },
{ "type": "Feature", "properties": { "fid": 244.0, "COMPR_M": 363.38, "CLASSE": "03 - Média", "CD_FAZ": "400286", "TALHOES": "2", "FAZ_tAL": "400286002", "ID_LINHA": 95246 }, "geometry": { "type": "MultiLineString", "coordinates": [ [ [ 421042.264656821207609, 7646215.230309677310288 ], [ 421336.486459364183247, 7646002.166672375053167 ] ] ] } },
{ "type": "Feature", "properties": { "fid": 245.0, "COMPR_M": 363.4, "CLASSE": "03 - Média", "CD_FAZ": "400286", "TALHOES": "2", "FAZ_tAL": "400286002", "ID_LINHA": 95247 }, "geometry": { "type": "MultiLineString", "coordinates": [ [ [ 421040.957770349225029, 7646212.472697418183088 ], [ 421335.192737276549451, 7645999.39952699560672 ] ] ] } },
{ "type": "Feature", "properties": { "fid": 246.0, "COMPR_M": 363.42, "CLASSE": "03 - Média", "CD_FAZ": "400286", "TALHOES": "2", "FAZ_tAL": "400286002", "ID_LINHA": 95248 }, "geometry": { "type": "MultiLineString", "coordinates": [ [ [ 421039.650883875670843, 7646209.715085162781179 ], [ 421333.899015188566409, 7645996.632381620816886 ] ] ] } },
{ "type": "Feature", "properties": { "fid": 247.0, "COMPR_M": 363.43, "CLASSE": "03 - Média", "CD_FAZ": "400286", "TALHOES": "2", "FAZ_tAL": "400286002", "ID_LINHA": 95249 }, "geometry": { "type": "MultiLineString", "coordinates": [ [ [ 421038.344137446256354, 7646206.957371489144862 ], [ 421332.605293098953553, 7645993.86523624137044 ] ] ] } },
{ "type": "Feature", "properties": { "fid": 248.0, "COMPR_M": 363.45, "CLASSE": "03 - Média", "CD_FAZ": "400286", "TALHOES": "2", "FAZ_tAL": "400286002", "ID_LINHA": 95250 }, "geometry": { "type": "MultiLineString", "coordinates": [ [ [ 421037.038196006848011, 7646204.199074876494706 ], [ 421331.311692700895946, 7645991.09800274297595 ] ] ] } },
{ "type": "Feature", "properties": { "fid": 249.0, "COMPR_M": 363.46, "CLASSE": "03 - Média", "CD_FAZ": "400286", "TALHOES": "2", "FAZ_tAL": "400286002", "ID_LINHA": 95251 }, "geometry": { "type": "MultiLineString", "coordinates": [ [ [ 421035.732254568312783, 7646201.440778262913227 ], [ 421330.018109711643774, 7645988.330756636336446 ] ] ] } },
{ "type": "Feature", "properties": { "fid": 250.0, "COMPR_M": 363.48, "CLASSE": "03 - Média", "CD_FAZ": "400286", "TALHOES": "2", "FAZ_tAL": "400286002", "ID_LINHA": 95252 }, "geometry": { "type": "MultiLineString", "coordinates": [ [ [ 421034.426313129311893, 7646198.682481649331748 ], [ 421328.724526721343864, 7645985.563510525971651 ] ] ] } },
{ "type": "Feature", "properties": { "fid": 251.0, "COMPR_M": 363.49, "CLASSE": "03 - Média", "CD_FAZ": "400286", "TALHOES": "2", "FAZ_tAL": "400286002", "ID_LINHA": 95253 }, "geometry": { "type": "MultiLineString", "coordinates": [ [ [ 421033.12037168990355, 7646195.924185037612915 ], [ 421327.430943732091691, 7645982.796264419332147 ] ] ] } },
{ "type": "Feature", "properties": { "fid": 252.0, "COMPR_M": 363.51, "CLASSE": "03 - Média", "CD_FAZ": "400286", "TALHOES": "2", "FAZ_tAL": "400286002", "ID_LINHA": 95254 }, "geometry": { "type": "MultiLineString", "coordinates": [ [ [ 421031.814430250145961, 7646193.165888423100114 ], [ 421326.137360743188765, 7645980.029018314555287 ] ] ] } },
{ "type": "Feature", "properties": { "fid": 253.0, "COMPR_M": 363.52, "CLASSE": "03 - Média", "CD_FAZ": "400286", "TALHOES": "2", "FAZ_tAL": "400286002", "ID_LINHA": 95255 }, "geometry": { "type": "MultiLineString", "coordinates": [ [ [ 421030.508488811843563, 7646190.407591810449958 ], [ 421324.843777753179893, 7645977.261772206053138 ] ] ] } },
{ "type": "Feature", "properties": { "fid": 254.0, "COMPR_M": 363.54, "CLASSE": "03 - Média", "CD_FAZ": "400286", "TALHOES": "2", "FAZ_tAL": "400286002", "ID_LINHA": 95256 }, "geometry": { "type": "MultiLineString", "coordinates": [ [ [ 421029.20254737243522, 7646187.649295197799802 ], [ 421323.550194764276966, 7645974.494526095688343 ] ] ] } },
{ "type": "Feature", "properties": { "fid": 255.0, "COMPR_M": 363.55, "CLASSE": "03 - Média", "CD_FAZ": "400286", "TALHOES": "2", "FAZ_tAL": "400286002", "ID_LINHA": 95257 }, "geometry": { "type": "MultiLineString", "coordinates": [ [ [ 421027.896605933317915, 7646184.890998581424356 ], [ 421322.256611774966586, 7645971.727279988117516 ] ] ] } },
{ "type": "Feature", "properties": { "fid": 256.0, "COMPR_M": 363.57, "CLASSE": "03 - Média", "CD_FAZ": "400286", "TALHOES": "2", "FAZ_tAL": "400286002", "ID_LINHA": 95258 }, "geometry": { "type": "MultiLineString", "coordinates": [ [ [ 421026.590664493734948, 7646182.132701968774199 ], [ 421320.96302878530696, 7645968.960033883340657 ] ] ] } },
{ "type": "Feature", "properties": { "fid": 257.0, "COMPR_M": 363.59, "CLASSE": "03 - Média", "CD_FAZ": "400286", "TALHOES": "2", "FAZ_tAL": "400286002", "ID_LINHA": 95259 }, "geometry": { "type": "MultiLineString", "coordinates": [ [ [ 421025.284723055723589, 7646179.374405354261398 ], [ 421319.66944579599658, 7645966.19278777576983 ] ] ] } },
{ "type": "Feature", "properties": { "fid": 258.0, "COMPR_M": 363.6, "CLASSE": "03 - Média", "CD_FAZ": "400286", "TALHOES": "2", "FAZ_tAL": "400286002", "ID_LINHA": 95260 }, "geometry": { "type": "MultiLineString", "coordinates": [ [ [ 421023.978781615966, 7646176.616108742542565 ], [ 421318.375862806919031, 7645963.42554167099297 ] ] ] } },
{ "type": "Feature", "properties": { "fid": 259.0, "COMPR_M": 363.62, "CLASSE": "03 - Média", "CD_FAZ": "400286", "TALHOES": "2", "FAZ_tAL": "400286002", "ID_LINHA": 95261 }, "geometry": { "type": "MultiLineString", "coordinates": [ [ [ 421022.67284017772181, 7646173.857812128961086 ], [ 421317.082279816968367, 7645960.658295561559498 ] ] ] } },
{ "type": "Feature", "properties": { "fid": 260.0, "COMPR_M": 363.63, "CLASSE": "03 - Média", "CD_FAZ": "400286", "TALHOES": "2", "FAZ_tAL": "400286002", "ID_LINHA": 95262 }, "geometry": { "type": "MultiLineString", "coordinates": [ [ [ 421021.36689873773139, 7646171.09951551631093 ], [ 421315.788696828647517, 7645957.891049453988671 ] ] ] } },
{ "type": "Feature", "properties": { "fid": 261.0, "COMPR_M": 363.65, "CLASSE": "03 - Média", "CD_FAZ": "400286", "TALHOES": "2", "FAZ_tAL": "400286002", "ID_LINHA": 95263 }, "geometry": { "type": "MultiLineString", "coordinates": [ [ [ 421020.060957297391724, 7646168.341218902729452 ], [ 421314.495113838638645, 7645955.123803345486522 ] ] ] } },
{ "type": "Feature", "properties": { "fid": 262.0, "COMPR_M": 363.66, "CLASSE": "03 - Média", "CD_FAZ": "400286", "TALHOES": "2", "FAZ_tAL": "400286002", "ID_LINHA": 95264 }, "geometry": { "type": "MultiLineString", "coordinates": [ [ [ 421018.755015860544518, 7646165.582922289147973 ], [ 421313.201530850259587, 7645952.356557240709662 ] ] ] } },
{ "type": "Feature", "properties": { "fid": 263.0, "COMPR_M": 363.68, "CLASSE": "03 - Média", "CD_FAZ": "400286", "TALHOES": "2", "FAZ_tAL": "400286002", "ID_LINHA": 95265 }, "geometry": { "type": "MultiLineString", "coordinates": [ [ [ 421017.449074420612305, 7646162.824625676497817 ], [ 421311.907947859610431, 7645949.589311134070158 ] ] ] } },
{ "type": "Feature", "properties": { "fid": 264.0, "COMPR_M": 363.69, "CLASSE": "03 - Média", "CD_FAZ": "400286", "TALHOES": "2", "FAZ_tAL": "400286002", "ID_LINHA": 95266 }, "geometry": { "type": "MultiLineString", "coordinates": [ [ [ 421016.143132981669623, 7646160.066329061053693 ], [ 421310.614364870649297, 7645946.822065021842718 ] ] ] } },
{ "type": "Feature", "properties": { "fid": 265.0, "COMPR_M": 363.71, "CLASSE": "03 - Média", "CD_FAZ": "400286", "TALHOES": "2", "FAZ_tAL": "400286002", "ID_LINHA": 95267 }, "geometry": { "type": "MultiLineString", "coordinates": [ [ [ 421014.837191541562788, 7646157.308032447472215 ], [ 421309.320781880640425, 7645944.054818915203214 ] ] ] } },
{ "type": "Feature", "properties": { "fid": 266.0, "COMPR_M": 363.72, "CLASSE": "03 - Média", "CD_FAZ": "400286", "TALHOES": "2", "FAZ_tAL": "400286002", "ID_LINHA": 95268 }, "geometry": { "type": "MultiLineString", "coordinates": [ [ [ 421013.531250102329068, 7646154.549735836684704 ], [ 421308.027198890980799, 7645941.287572811357677 ] ] ] } },
{ "type": "Feature", "properties": { "fid": 267.0, "COMPR_M": 363.74, "CLASSE": "03 - Média", "CD_FAZ": "400286", "TALHOES": "2", "FAZ_tAL": "400286002", "ID_LINHA": 95269 }, "geometry": { "type": "MultiLineString", "coordinates": [ [ [ 421012.225308664666954, 7646151.791439223103225 ], [ 421306.733615900971927, 7645938.52032670378685 ] ] ] } },
{ "type": "Feature", "properties": { "fid": 268.0, "COMPR_M": 363.75, "CLASSE": "03 - Média", "CD_FAZ": "400286", "TALHOES": "2", "FAZ_tAL": "400286002", "ID_LINHA": 95270 }, "geometry": { "type": "MultiLineString", "coordinates": [ [ [ 421010.919367225316819, 7646149.033142607659101 ], [ 421305.440032912651077, 7645935.7530805952847 ] ] ] } },
{ "type": "Feature", "properties": { "fid": 269.0, "COMPR_M": 363.77, "CLASSE": "03 - Média", "CD_FAZ": "400286", "TALHOES": "2", "FAZ_tAL": "400286002", "ID_LINHA": 95271 }, "geometry": { "type": "MultiLineString", "coordinates": [ [ [ 421009.613425786141306, 7646146.274845996871591 ], [ 421304.146449922642205, 7645932.985834487713873 ] ] ] } },
{ "type": "Feature", "properties": { "fid": 270.0, "COMPR_M": 363.78, "CLASSE": "03 - Média", "CD_FAZ": "400286", "TALHOES": "2", "FAZ_tAL": "400286002", "ID_LINHA": 95272 }, "geometry": { "type": "MultiLineString", "coordinates": [ [ [ 421008.307484345277771, 7646143.516549381427467 ], [ 421302.852866934321355, 7645930.218588381074369 ] ] ] } },
{ "type": "Feature", "properties": { "fid": 271.0, "COMPR_M": 363.8, "CLASSE": "03 - Média", "CD_FAZ": "400286", "TALHOES": "2", "FAZ_tAL": "400286002", "ID_LINHA": 95273 }, "geometry": { "type": "MultiLineString", "coordinates": [ [ [ 421007.001542907964904, 7646140.758252767845988 ], [ 421301.559283944370691, 7645927.451342273503542 ] ] ] } },
{ "type": "Feature", "properties": { "fid": 272.0, "COMPR_M": 363.81, "CLASSE": "03 - Média", "CD_FAZ": "400286", "TALHOES": "2", "FAZ_tAL": "400286002", "ID_LINHA": 95274 }, "geometry": { "type": "MultiLineString", "coordinates": [ [ [ 421005.695601468905807, 7646137.999956157058477 ], [ 421300.265700955409557, 7645924.684096166864038 ] ] ] } },
{ "type": "Feature", "properties": { "fid": 273.0, "COMPR_M": 363.83, "CLASSE": "03 - Média", "CD_FAZ": "400286", "TALHOES": "2", "FAZ_tAL": "400286002", "ID_LINHA": 95275 }, "geometry": { "type": "MultiLineString", "coordinates": [ [ [ 421004.389660029381048, 7646135.241659542545676 ], [ 421298.972117966040969, 7645921.916850060224533 ] ] ] } },
{ "type": "Feature", "properties": { "fid": 274.0, "COMPR_M": 363.84, "CLASSE": "03 - Média", "CD_FAZ": "400286", "TALHOES": "2", "FAZ_tAL": "400286002", "ID_LINHA": 95276 }, "geometry": { "type": "MultiLineString", "coordinates": [ [ [ 421003.083718590205535, 7646132.483362928032875 ], [ 421297.678534975799266, 7645919.149603951722383 ] ] ] } },
{ "type": "Feature", "properties": { "fid": 275.0, "COMPR_M": 363.86, "CLASSE": "03 - Média", "CD_FAZ": "400286", "TALHOES": "2", "FAZ_tAL": "400286002", "ID_LINHA": 95277 }, "geometry": { "type": "MultiLineString", "coordinates": [ [ [ 421001.77777715184493, 7646129.725066317245364 ], [ 421296.384951987187378, 7645916.382357845082879 ] ] ] } },
{ "type": "Feature", "properties": { "fid": 276.0, "COMPR_M": 363.88, "CLASSE": "03 - Média", "CD_FAZ": "400286", "TALHOES": "2", "FAZ_tAL": "400286002", "ID_LINHA": 95278 }, "geometry": { "type": "MultiLineString", "coordinates": [ [ [ 421000.471835711156018, 7646126.96676970180124 ], [ 421295.091368998284452, 7645913.615111736580729 ] ] ] } },
{ "type": "Feature", "properties": { "fid": 277.0, "COMPR_M": 363.89, "CLASSE": "03 - Média", "CD_FAZ": "400286", "TALHOES": "2", "FAZ_tAL": "400286002", "ID_LINHA": 95279 }, "geometry": { "type": "MultiLineString", "coordinates": [ [ [ 420999.165894271980505, 7646124.208473088219762 ], [ 421293.797786008974072, 7645910.84786563180387 ] ] ] } },
{ "type": "Feature", "properties": { "fid": 278.0, "COMPR_M": 363.91, "CLASSE": "03 - Média", "CD_FAZ": "400286", "TALHOES": "2", "FAZ_tAL": "400286002", "ID_LINHA": 95280 }, "geometry": { "type": "MultiLineString", "coordinates": [ [ [ 420997.859952833096031, 7646121.450176476500928 ], [ 421292.504203018732369, 7645908.080619525164366 ] ] ] } },
{ "type": "Feature", "properties": { "fid": 279.0, "COMPR_M": 363.92, "CLASSE": "03 - Média", "CD_FAZ": "400286", "TALHOES": "2", "FAZ_tAL": "400286002", "ID_LINHA": 95281 }, "geometry": { "type": "MultiLineString", "coordinates": [ [ [ 420996.554011395084672, 7646118.69187985919416 ], [ 421291.210620028199628, 7645905.313373414799571 ] ] ] } },
{ "type": "Feature", "properties": { "fid": 280.0, "COMPR_M": 363.94, "CLASSE": "03 - Média", "CD_FAZ": "400286", "TALHOES": "2", "FAZ_tAL": "400286002", "ID_LINHA": 95282 }, "geometry": { "type": "MultiLineString", "coordinates": [ [ [ 420995.248069956025574, 7646115.933583250269294 ], [ 421289.917037040693685, 7645902.546127308160067 ] ] ] } },
{ "type": "Feature", "properties": { "fid": 281.0, "COMPR_M": 363.95, "CLASSE": "03 - Média", "CD_FAZ": "400286", "TALHOES": "2", "FAZ_tAL": "400286002", "ID_LINHA": 95283 }, "geometry": { "type": "MultiLineString", "coordinates": [ [ [ 420993.942128516617231, 7646113.17528663482517 ], [ 421288.623454051441513, 7645899.778881201520562 ] ] ] } },
{ "type": "Feature", "properties": { "fid": 282.0, "COMPR_M": 363.97, "CLASSE": "03 - Média", "CD_FAZ": "400286", "TALHOES": "2", "FAZ_tAL": "400286002", "ID_LINHA": 95284 }, "geometry": { "type": "MultiLineString", "coordinates": [ [ [ 420992.636187076685019, 7646110.416990021243691 ], [ 421287.32987106195651, 7645897.011635093018413 ] ] ] } },
{ "type": "Feature", "properties": { "fid": 283.0, "COMPR_M": 363.98, "CLASSE": "03 - Média", "CD_FAZ": "400286", "TALHOES": "2", "FAZ_tAL": "400286002", "ID_LINHA": 95285 }, "geometry": { "type": "MultiLineString", "coordinates": [ [ [ 420991.330245637742337, 7646107.658693407662213 ], [ 421286.036288071423769, 7645894.244388985447586 ] ] ] } },
{ "type": "Feature", "properties": { "fid": 284.0, "COMPR_M": 364.0, "CLASSE": "03 - Média", "CD_FAZ": "400286", "TALHOES": "2", "FAZ_tAL": "400286002", "ID_LINHA": 95286 }, "geometry": { "type": "MultiLineString", "coordinates": [ [ [ 420990.024304199730977, 7646104.900396794080734 ], [ 421284.742705083277542, 7645891.477142876014113 ] ] ] } },
{ "type": "Feature", "properties": { "fid": 285.0, "COMPR_M": 364.01, "CLASSE": "03 - Média", "CD_FAZ": "400286", "TALHOES": "2", "FAZ_tAL": "400286002", "ID_LINHA": 95287 }, "geometry": { "type": "MultiLineString", "coordinates": [ [ [ 420988.718362759973388, 7646102.142100182361901 ], [ 421283.449122093501501, 7645888.709896773099899 ] ] ] } },
{ "type": "Feature", "properties": { "fid": 286.0, "COMPR_M": 364.03, "CLASSE": "03 - Média", "CD_FAZ": "400286", "TALHOES": "2", "FAZ_tAL": "400286002", "ID_LINHA": 95288 }, "geometry": { "type": "MultiLineString", "coordinates": [ [ [ 420987.412421321088914, 7646099.3838035678491 ], [ 421282.155539104016498, 7645885.942650662735105 ] ] ] } },
{ "type": "Feature", "properties": { "fid": 287.0, "COMPR_M": 364.04, "CLASSE": "03 - Média", "CD_FAZ": "400286", "TALHOES": "2", "FAZ_tAL": "400286002", "ID_LINHA": 95289 }, "geometry": { "type": "MultiLineString", "coordinates": [ [ [ 420986.106479881855194, 7646096.625506955198944 ], [ 421280.861956114298664, 7645883.175404557958245 ] ] ] } },
{ "type": "Feature", "properties": { "fid": 288.0, "COMPR_M": 364.05, "CLASSE": "03 - Média", "CD_FAZ": "400286", "TALHOES": "2", "FAZ_tAL": "400286002", "ID_LINHA": 95290 }, "geometry": { "type": "MultiLineString", "coordinates": [ [ [ 420984.80053844221402, 7646093.86721033975482 ], [ 421279.562475511746015, 7645880.412429265677929 ] ] ] } },
{ "type": "Feature", "properties": { "fid": 289.0, "COMPR_M": 364.05, "CLASSE": "03 - Média", "CD_FAZ": "400286", "TALHOES": "2", "FAZ_tAL": "400286002", "ID_LINHA": 95291 }, "geometry": { "type": "MultiLineString", "coordinates": [ [ [ 420983.494597003504168, 7646091.108913725242019 ], [ 421278.254227001103573, 7645877.655803337693214 ] ] ] } },
{ "type": "Feature", "properties": { "fid": 290.0, "COMPR_M": 364.05, "CLASSE": "03 - Média", "CD_FAZ": "400286", "TALHOES": "2", "FAZ_tAL": "400286002", "ID_LINHA": 95292 }, "geometry": { "type": "MultiLineString", "coordinates": [ [ [ 420982.188655563688371, 7646088.350617114454508 ], [ 421276.945978489762638, 7645874.899177416227758 ] ] ] } },
{ "type": "Feature", "properties": { "fid": 291.0, "COMPR_M": 364.04, "CLASSE": "03 - Média", "CD_FAZ": "400286", "TALHOES": "2", "FAZ_tAL": "400286002", "ID_LINHA": 95293 }, "geometry": { "type": "MultiLineString", "coordinates": [ [ [ 420980.882714125502389, 7646085.592320501804352 ], [ 421275.637729979876895, 7645872.142551491037011 ] ] ] } },
{ "type": "Feature", "properties": { "fid": 292.0, "COMPR_M": 364.04, "CLASSE": "03 - Média", "CD_FAZ": "400286", "TALHOES": "2", "FAZ_tAL": "400286002", "ID_LINHA": 95294 }, "geometry": { "type": "MultiLineString", "coordinates": [ [ [ 420979.576772686210461, 7646082.834023885428905 ], [ 421274.329481466673315, 7645869.385925566777587 ] ] ] } },
{ "type": "Feature", "properties": { "fid": 293.0, "COMPR_M": 364.04, "CLASSE": "03 - Média", "CD_FAZ": "400286", "TALHOES": "2", "FAZ_tAL": "400286002", "ID_LINHA": 95295 }, "geometry": { "type": "MultiLineString", "coordinates": [ [ [ 420978.270831247209571, 7646080.075727274641395 ], [ 421273.02123295830097, 7645866.629299640655518 ] ] ] } },
{ "type": "Feature", "properties": { "fid": 294.0, "COMPR_M": 364.03, "CLASSE": "03 - Média", "CD_FAZ": "400286", "TALHOES": "2", "FAZ_tAL": "400286002", "ID_LINHA": 95296 }, "geometry": { "type": "MultiLineString", "coordinates": [ [ [ 420976.964889809140004, 7646077.317430661991239 ], [ 421271.712984446552582, 7645863.872673716396093 ] ] ] } },
{ "type": "Feature", "properties": { "fid": 295.0, "COMPR_M": 364.03, "CLASSE": "03 - Média", "CD_FAZ": "400286", "TALHOES": "2", "FAZ_tAL": "400286002", "ID_LINHA": 95297 }, "geometry": { "type": "MultiLineString", "coordinates": [ [ [ 420975.658948369324207, 7646074.559134046547115 ], [ 421270.404735935619101, 7645861.116047793999314 ] ] ] } },
{ "type": "Feature", "properties": { "fid": 296.0, "COMPR_M": 364.03, "CLASSE": "03 - Média", "CD_FAZ": "400286", "TALHOES": "2", "FAZ_tAL": "400286002", "ID_LINHA": 95298 }, "geometry": { "type": "MultiLineString", "coordinates": [ [ [ 420974.353006929799449, 7646071.800837434828281 ], [ 421269.096487425442319, 7645858.359421870671213 ] ] ] } },
{ "type": "Feature", "properties": { "fid": 297.0, "COMPR_M": 364.03, "CLASSE": "03 - Média", "CD_FAZ": "400286", "TALHOES": "2", "FAZ_tAL": "400286002", "ID_LINHA": 95299 }, "geometry": { "type": "MultiLineString", "coordinates": [ [ [ 420973.047065491206013, 7646069.04254082031548 ], [ 421267.788238913926762, 7645855.602795943617821 ] ] ] } },
{ "type": "Feature", "properties": { "fid": 298.0, "COMPR_M": 364.02, "CLASSE": "03 - Média", "CD_FAZ": "400286", "TALHOES": "2", "FAZ_tAL": "400286002", "ID_LINHA": 95300 }, "geometry": { "type": "MultiLineString", "coordinates": [ [ [ 420971.741124051623046, 7646066.284244205802679 ], [ 421266.479990403284319, 7645852.846170021221042 ] ] ] } },
{ "type": "Feature", "properties": { "fid": 299.0, "COMPR_M": 364.02, "CLASSE": "03 - Média", "CD_FAZ": "400286", "TALHOES": "2", "FAZ_tAL": "400286002", "ID_LINHA": 95301 }, "geometry": { "type": "MultiLineString", "coordinates": [ [ [ 420970.435182612854987, 7646063.525947595015168 ], [ 421265.171741891885176, 7645850.08954409416765 ] ] ] } },
{ "type": "Feature", "properties": { "fid": 300.0, "COMPR_M": 364.02, "CLASSE": "03 - Média", "CD_FAZ": "400286", "TALHOES": "2", "FAZ_tAL": "400286002", "ID_LINHA": 95302 }, "geometry": { "type": "MultiLineString", "coordinates": [ [ [ 420969.129241172398906, 7646060.767650982365012 ], [ 421263.863493381999433, 7645847.332918170839548 ] ] ] } },
{ "type": "Feature", "properties": { "fid": 301.0, "COMPR_M": 364.01, "CLASSE": "03 - Média", "CD_FAZ": "400286", "TALHOES": "2", "FAZ_tAL": "400286002", "ID_LINHA": 95303 }, "geometry": { "type": "MultiLineString", "coordinates": [ [ [ 420967.82329973357264, 7646058.009354366920888 ], [ 421262.555244870891329, 7645844.576292244717479 ] ] ] } },
{ "type": "Feature", "properties": { "fid": 302.0, "COMPR_M": 364.01, "CLASSE": "03 - Média", "CD_FAZ": "400286", "TALHOES": "2", "FAZ_tAL": "400286002", "ID_LINHA": 95304 }, "geometry": { "type": "MultiLineString", "coordinates": [ [ [ 420966.517358295677695, 7646055.251057756133378 ], [ 421261.246996359783225, 7645841.8196663223207 ] ] ] } },
{ "type": "Feature", "properties": { "fid": 303.0, "COMPR_M": 364.01, "CLASSE": "03 - Média", "CD_FAZ": "400286", "TALHOES": "2", "FAZ_tAL": "400286002", "ID_LINHA": 95305 }, "geometry": { "type": "MultiLineString", "coordinates": [ [ [ 420965.211416856036521, 7646052.492761140689254 ], [ 421259.938747849490028, 7645839.063040395267308 ] ] ] } },
{ "type": "Feature", "properties": { "fid": 304.0, "COMPR_M": 364.01, "CLASSE": "03 - Média", "CD_FAZ": "400286", "TALHOES": "2", "FAZ_tAL": "400286002", "ID_LINHA": 95306 }, "geometry": { "type": "MultiLineString", "coordinates": [ [ [ 420963.90547541732667, 7646049.734464526176453 ], [ 421258.630499337275978, 7645836.306414471939206 ] ] ] } },
{ "type": "Feature", "properties": { "fid": 305.0, "COMPR_M": 364.0, "CLASSE": "03 - Média", "CD_FAZ": "400286", "TALHOES": "2", "FAZ_tAL": "400286002", "ID_LINHA": 95307 }, "geometry": { "type": "MultiLineString", "coordinates": [ [ [ 420962.599533978267573, 7646046.976167912594974 ], [ 421257.322250827739481, 7645833.549788545817137 ] ] ] } },
{ "type": "Feature", "properties": { "fid": 306.0, "COMPR_M": 364.0, "CLASSE": "03 - Média", "CD_FAZ": "400286", "TALHOES": "2", "FAZ_tAL": "400286002", "ID_LINHA": 95308 }, "geometry": { "type": "MultiLineString", "coordinates": [ [ [ 420961.293592538218945, 7646044.217871299944818 ], [ 421256.014002316980623, 7645830.79316262435168 ] ] ] } },
{ "type": "Feature", "properties": { "fid": 307.0, "COMPR_M": 364.0, "CLASSE": "03 - Média", "CD_FAZ": "400286", "TALHOES": "2", "FAZ_tAL": "400286002", "ID_LINHA": 95309 }, "geometry": { "type": "MultiLineString", "coordinates": [ [ [ 420959.987651099683717, 7646041.459574686363339 ], [ 421254.70575380633818, 7645828.036536699160933 ] ] ] } },
{ "type": "Feature", "properties": { "fid": 308.0, "COMPR_M": 363.99, "CLASSE": "03 - Média", "CD_FAZ": "400286", "TALHOES": "2", "FAZ_tAL": "400286002", "ID_LINHA": 95310 }, "geometry": { "type": "MultiLineString", "coordinates": [ [ [ 420958.681709660100751, 7646038.701278075575829 ], [ 421253.397505293716677, 7645825.279910774901509 ] ] ] } },
{ "type": "Feature", "properties": { "fid": 309.0, "COMPR_M": 363.99, "CLASSE": "03 - Média", "CD_FAZ": "400286", "TALHOES": "2", "FAZ_tAL": "400286002", "ID_LINHA": 95311 }, "geometry": { "type": "MultiLineString", "coordinates": [ [ [ 420957.375768220168538, 7646035.94298145826906 ], [ 421252.089256784587633, 7645822.523284850642085 ] ] ] } },
{ "type": "Feature", "properties": { "fid": 310.0, "COMPR_M": 363.99, "CLASSE": "03 - Média", "CD_FAZ": "400286", "TALHOES": "2", "FAZ_tAL": "400286002", "ID_LINHA": 95312 }, "geometry": { "type": "MultiLineString", "coordinates": [ [ [ 420956.069826782448217, 7646033.184684846550226 ], [ 421250.781008273537736, 7645819.766658926382661 ] ] ] } },
{ "type": "Feature", "properties": { "fid": 311.0, "COMPR_M": 363.99, "CLASSE": "03 - Média", "CD_FAZ": "400286", "TALHOES": "2", "FAZ_tAL": "400286002", "ID_LINHA": 95313 }, "geometry": { "type": "MultiLineString", "coordinates": [ [ [ 420954.76388534239959, 7646030.426388232968748 ], [ 421249.472759763186332, 7645817.010033000260592 ] ] ] } },
{ "type": "Feature", "properties": { "fid": 312.0, "COMPR_M": 363.98, "CLASSE": "03 - Média", "CD_FAZ": "400286", "TALHOES": "2", "FAZ_tAL": "400286002", "ID_LINHA": 95314 }, "geometry": { "type": "MultiLineString", "coordinates": [ [ [ 420953.457943904621061, 7646027.668091619387269 ], [ 421248.164511252311058, 7645814.253407076001167 ] ] ] } },
{ "type": "Feature", "properties": { "fid": 313.0, "COMPR_M": 363.98, "CLASSE": "03 - Média", "CD_FAZ": "400286", "TALHOES": "2", "FAZ_tAL": "400286002", "ID_LINHA": 95315 }, "geometry": { "type": "MultiLineString", "coordinates": [ [ [ 420952.152002464514226, 7646024.909795006737113 ], [ 421246.855883341107983, 7645811.497055899351835 ] ] ] } },
{ "type": "Feature", "properties": { "fid": 314.0, "COMPR_M": 363.97, "CLASSE": "03 - Média", "CD_FAZ": "400286", "TALHOES": "2", "FAZ_tAL": "400286002", "ID_LINHA": 95316 }, "geometry": { "type": "MultiLineString", "coordinates": [ [ [ 420950.846061025978997, 7646022.151498392224312 ], [ 421245.546045895665884, 7645808.741580616682768 ] ] ] } },
{ "type": "Feature", "properties": { "fid": 315.0, "COMPR_M": 363.98, "CLASSE": "03 - Média", "CD_FAZ": "400286", "TALHOES": "2", "FAZ_tAL": "400286002", "ID_LINHA": 95317 }, "geometry": { "type": "MultiLineString", "coordinates": [ [ [ 420949.528546236106195, 7646019.401582737453282 ], [ 421244.236208450631239, 7645805.986105334945023 ] ] ] } },
{ "type": "Feature", "properties": { "fid": 316.0, "COMPR_M": 364.03, "CLASSE": "03 - Média", "CD_FAZ": "400286", "TALHOES": "2", "FAZ_tAL": "400286002", "ID_LINHA": 95318 }, "geometry": { "type": "MultiLineString", "coordinates": [ [ [ 420948.184781404677778, 7646016.670676307752728 ], [ 421242.926371004024986, 7645803.230630053207278 ] ] ] } },
{ "type": "Feature", "properties": { "fid": 317.0, "COMPR_M": 364.07, "CLASSE": "03 - Média", "CD_FAZ": "400286", "TALHOES": "2", "FAZ_tAL": "400286002", "ID_LINHA": 95319 }, "geometry": { "type": "MultiLineString", "coordinates": [ [ [ 420946.841016571968794, 7646013.93976987991482 ], [ 421241.616533558582887, 7645800.475154770538211 ] ] ] } },
{ "type": "Feature", "properties": { "fid": 318.0, "COMPR_M": 364.11, "CLASSE": "03 - Média", "CD_FAZ": "400286", "TALHOES": "2", "FAZ_tAL": "400286002", "ID_LINHA": 95320 }, "geometry": { "type": "MultiLineString", "coordinates": [ [ [ 420945.497251739841886, 7646011.208863452076912 ], [ 421240.306696113431826, 7645797.719679491594434 ] ] ] } },
{ "type": "Feature", "properties": { "fid": 319.0, "COMPR_M": 364.15, "CLASSE": "03 - Média", "CD_FAZ": "400286", "TALHOES": "2", "FAZ_tAL": "400286002", "ID_LINHA": 95321 }, "geometry": { "type": "MultiLineString", "coordinates": [ [ [ 420944.153486907714978, 7646008.477957023307681 ], [ 421238.996858666767366, 7645794.964204207062721 ] ] ] } },
{ "type": "Feature", "properties": { "fid": 320.0, "COMPR_M": 364.19, "CLASSE": "03 - Média", "CD_FAZ": "400286", "TALHOES": "2", "FAZ_tAL": "400286002", "ID_LINHA": 95322 }, "geometry": { "type": "MultiLineString", "coordinates": [ [ [ 420942.80972207558807, 7646005.747050597332418 ], [ 421237.687021221849136, 7645792.208728929050267 ] ] ] } },
{ "type": "Feature", "properties": { "fid": 321.0, "COMPR_M": 364.24, "CLASSE": "03 - Média", "CD_FAZ": "400286", "TALHOES": "2", "FAZ_tAL": "400286002", "ID_LINHA": 95323 }, "geometry": { "type": "MultiLineString", "coordinates": [ [ [ 420941.46595724276267, 7646003.01614416949451 ], [ 421236.377183776057791, 7645789.453253645449877 ] ] ] } },
{ "type": "Feature", "properties": { "fid": 322.0, "COMPR_M": 364.28, "CLASSE": "03 - Média", "CD_FAZ": "400286", "TALHOES": "2", "FAZ_tAL": "400286002", "ID_LINHA": 95324 }, "geometry": { "type": "MultiLineString", "coordinates": [ [ [ 420940.122192410577554, 7646000.285237741656601 ], [ 421235.067346330033615, 7645786.697778364643455 ] ] ] } },
{ "type": "Feature", "properties": { "fid": 323.0, "COMPR_M": 364.32, "CLASSE": "03 - Média", "CD_FAZ": "400286", "TALHOES": "2", "FAZ_tAL": "400286002", "ID_LINHA": 95325 }, "geometry": { "type": "MultiLineString", "coordinates": [ [ [ 420938.778427578392439, 7645997.554331311956048 ], [ 421233.757508885057177, 7645783.942303080111742 ] ] ] } },
{ "type": "Feature", "properties": { "fid": 324.0, "COMPR_M": 364.36, "CLASSE": "03 - Média", "CD_FAZ": "400286", "TALHOES": "2", "FAZ_tAL": "400286002", "ID_LINHA": 95326 }, "geometry": { "type": "MultiLineString", "coordinates": [ [ [ 420937.434662744810339, 7645994.823424885049462 ], [ 421232.447671439847909, 7645781.18682779930532 ] ] ] } },
{ "type": "Feature", "properties": { "fid": 325.0, "COMPR_M": 364.4, "CLASSE": "03 - Média", "CD_FAZ": "400286", "TALHOES": "2", "FAZ_tAL": "400286002", "ID_LINHA": 95327 }, "geometry": { "type": "MultiLineString", "coordinates": [ [ [ 420936.090897914604284, 7645992.092518456280231 ], [ 421231.137833993765526, 7645778.431352520361543 ] ] ] } },
{ "type": "Feature", "properties": { "fid": 326.0, "COMPR_M": 364.44, "CLASSE": "03 - Média", "CD_FAZ": "400286", "TALHOES": "2", "FAZ_tAL": "400286002", "ID_LINHA": 95328 }, "geometry": { "type": "MultiLineString", "coordinates": [ [ [ 420934.747133081662469, 7645989.361612027511001 ], [ 421229.827996547392104, 7645775.67587723582983 ] ] ] } },
{ "type": "Feature", "properties": { "fid": 327.0, "COMPR_M": 364.49, "CLASSE": "03 - Média", "CD_FAZ": "400286", "TALHOES": "2", "FAZ_tAL": "400286002", "ID_LINHA": 95329 }, "geometry": { "type": "MultiLineString", "coordinates": [ [ [ 420933.403368250001222, 7645986.63070560246706 ], [ 421228.518159102124628, 7645772.920401956886053 ] ] ] } },
{ "type": "Feature", "properties": { "fid": 328.0, "COMPR_M": 364.53, "CLASSE": "03 - Média", "CD_FAZ": "400286", "TALHOES": "2", "FAZ_tAL": "400286002", "ID_LINHA": 95330 }, "geometry": { "type": "MultiLineString", "coordinates": [ [ [ 420932.059603417757899, 7645983.899799172766507 ], [ 421227.208321656682529, 7645770.164926674216986 ] ] ] } },
{ "type": "Feature", "properties": { "fid": 329.0, "COMPR_M": 364.57, "CLASSE": "03 - Média", "CD_FAZ": "400286", "TALHOES": "2", "FAZ_tAL": "400286002", "ID_LINHA": 95331 }, "geometry": { "type": "MultiLineString", "coordinates": [ [ [ 420930.715838586096652, 7645981.168892746791244 ], [ 421225.898484211589675, 7645767.409451391547918 ] ] ] } },
{ "type": "Feature", "properties": { "fid": 330.0, "COMPR_M": 364.61, "CLASSE": "03 - Média", "CD_FAZ": "400286", "TALHOES": "2", "FAZ_tAL": "400286002", "ID_LINHA": 95332 }, "geometry": { "type": "MultiLineString", "coordinates": [ [ [ 420929.372073753096629, 7645978.437986316159368 ], [ 421224.588646765623707, 7645764.653976109810174 ] ] ] } },
{ "type": "Feature", "properties": { "fid": 331.0, "COMPR_M": 364.65, "CLASSE": "03 - Média", "CD_FAZ": "400286", "TALHOES": "2", "FAZ_tAL": "400286002", "ID_LINHA": 95333 }, "geometry": { "type": "MultiLineString", "coordinates": [ [ [ 420928.028308919456322, 7645975.707079891115427 ], [ 421223.278809318784624, 7645761.898500829003751 ] ] ] } },
{ "type": "Feature", "properties": { "fid": 332.0, "COMPR_M": 364.7, "CLASSE": "03 - Média", "CD_FAZ": "400286", "TALHOES": "2", "FAZ_tAL": "400286002", "ID_LINHA": 95334 }, "geometry": { "type": "MultiLineString", "coordinates": [ [ [ 420926.684544088435359, 7645972.976173460483551 ], [ 421221.968971875670832, 7645759.143025546334684 ] ] ] } },
{ "type": "Feature", "properties": { "fid": 333.0, "COMPR_M": 364.74, "CLASSE": "03 - Média", "CD_FAZ": "400286", "TALHOES": "2", "FAZ_tAL": "400286002", "ID_LINHA": 95335 }, "geometry": { "type": "MultiLineString", "coordinates": [ [ [ 420925.340779256075621, 7645970.24526703171432 ], [ 421220.659134428366087, 7645756.387550265528262 ] ] ] } },
{ "type": "Feature", "properties": { "fid": 334.0, "COMPR_M": 364.78, "CLASSE": "03 - Média", "CD_FAZ": "400286", "TALHOES": "2", "FAZ_tAL": "400286002", "ID_LINHA": 95336 }, "geometry": { "type": "MultiLineString", "coordinates": [ [ [ 420923.997014423715882, 7645967.514360604807734 ], [ 421219.349296983506065, 7645753.632074983790517 ] ] ] } },
{ "type": "Feature", "properties": { "fid": 335.0, "COMPR_M": 364.82, "CLASSE": "03 - Média", "CD_FAZ": "400286", "TALHOES": "2", "FAZ_tAL": "400286002", "ID_LINHA": 95337 }, "geometry": { "type": "MultiLineString", "coordinates": [ [ [ 420922.653249591996428, 7645964.783454175107181 ], [ 421218.03945953771472, 7645750.876599701121449 ] ] ] } },
{ "type": "Feature", "properties": { "fid": 336.0, "COMPR_M": 364.86, "CLASSE": "03 - Média", "CD_FAZ": "400286", "TALHOES": "2", "FAZ_tAL": "400286002", "ID_LINHA": 95338 }, "geometry": { "type": "MultiLineString", "coordinates": [ [ [ 420921.309484759636689, 7645962.052547750063241 ], [ 421216.729622091748752, 7645748.121124420315027 ] ] ] } },
{ "type": "Feature", "properties": { "fid": 337.0, "COMPR_M": 364.87, "CLASSE": "03 - Média", "CD_FAZ": "400286", "TALHOES": "2", "FAZ_tAL": "400286002", "ID_LINHA": 95339 }, "geometry": { "type": "MultiLineString", "coordinates": [ [ [ 420919.965719927218743, 7645959.32164132129401 ], [ 421215.390672757290304, 7645745.386730803176761 ] ] ] } },
{ "type": "Feature", "properties": { "fid": 338.0, "COMPR_M": 364.83, "CLASSE": "03 - Média", "CD_FAZ": "400286", "TALHOES": "2", "FAZ_tAL": "400286002", "ID_LINHA": 95340 }, "geometry": { "type": "MultiLineString", "coordinates": [ [ [ 420918.621955094859004, 7645956.590734890662134 ], [ 421214.012603836134076, 7645742.680666022002697 ] ] ] } },
{ "type": "Feature", "properties": { "fid": 339.0, "COMPR_M": 364.79, "CLASSE": "03 - Média", "CD_FAZ": "400286", "TALHOES": "2", "FAZ_tAL": "400286002", "ID_LINHA": 95341 }, "geometry": { "type": "MultiLineString", "coordinates": [ [ [ 420917.278190263081342, 7645953.859828464686871 ], [ 421212.634534913056996, 7645739.974601239897311 ] ] ] } },
{ "type": "Feature", "properties": { "fid": 340.0, "COMPR_M": 364.74, "CLASSE": "03 - Média", "CD_FAZ": "400286", "TALHOES": "2", "FAZ_tAL": "400286002", "ID_LINHA": 95342 }, "geometry": { "type": "MultiLineString", "coordinates": [ [ [ 420915.934425430721603, 7645951.128922037780285 ], [ 421211.256465992715675, 7645737.26853645965457 ] ] ] } },
{ "type": "Feature", "properties": { "fid": 341.0, "COMPR_M": 364.7, "CLASSE": "03 - Média", "CD_FAZ": "400286", "TALHOES": "2", "FAZ_tAL": "400286002", "ID_LINHA": 95343 }, "geometry": { "type": "MultiLineString", "coordinates": [ [ [ 420914.590660598303657, 7645948.398015609011054 ], [ 421209.878397071151994, 7645734.562471676617861 ] ] ] } },
{ "type": "Feature", "properties": { "fid": 342.0, "COMPR_M": 364.66, "CLASSE": "03 - Média", "CD_FAZ": "400286", "TALHOES": "2", "FAZ_tAL": "400286002", "ID_LINHA": 95344 }, "geometry": { "type": "MultiLineString", "coordinates": [ [ [ 420913.246895765885711, 7645945.667109180241823 ], [ 421208.500328148889821, 7645731.856406895443797 ] ] ] } },
{ "type": "Feature", "properties": { "fid": 343.0, "COMPR_M": 364.62, "CLASSE": "03 - Média", "CD_FAZ": "400286", "TALHOES": "2", "FAZ_tAL": "400286002", "ID_LINHA": 95345 }, "geometry": { "type": "MultiLineString", "coordinates": [ [ [ 420911.903130934166256, 7645942.936202751472592 ], [ 421207.122259228141047, 7645729.150342114269733 ] ] ] } },
{ "type": "Feature", "properties": { "fid": 344.0, "COMPR_M": 364.57, "CLASSE": "03 - Média", "CD_FAZ": "400286", "TALHOES": "2", "FAZ_tAL": "400286002", "ID_LINHA": 95346 }, "geometry": { "type": "MultiLineString", "coordinates": [ [ [ 420910.559366101690102, 7645940.205296326428652 ], [ 421205.744190306053497, 7645726.444277335889637 ] ] ] } },
{ "type": "Feature", "properties": { "fid": 345.0, "COMPR_M": 364.53, "CLASSE": "03 - Média", "CD_FAZ": "400286", "TALHOES": "2", "FAZ_tAL": "400286002", "ID_LINHA": 95347 }, "geometry": { "type": "MultiLineString", "coordinates": [ [ [ 420909.215601267991588, 7645937.474389895796776 ], [ 421204.366121384839062, 7645723.738212553784251 ] ] ] } },
{ "type": "Feature", "properties": { "fid": 346.0, "COMPR_M": 364.49, "CLASSE": "03 - Média", "CD_FAZ": "400286", "TALHOES": "2", "FAZ_tAL": "400286002", "ID_LINHA": 95348 }, "geometry": { "type": "MultiLineString", "coordinates": [ [ [ 420907.871836436912417, 7645934.743483470752835 ], [ 421202.988052462984342, 7645721.032147770747542 ] ] ] } },
{ "type": "Feature", "properties": { "fid": 347.0, "COMPR_M": 364.45, "CLASSE": "03 - Média", "CD_FAZ": "400286", "TALHOES": "2", "FAZ_tAL": "400286002", "ID_LINHA": 95349 }, "geometry": { "type": "MultiLineString", "coordinates": [ [ [ 420906.528071603155695, 7645932.012577042914927 ], [ 421201.609983540605754, 7645718.326082987710834 ] ] ] } },
{ "type": "Feature", "properties": { "fid": 348.0, "COMPR_M": 364.4, "CLASSE": "03 - Média", "CD_FAZ": "400286", "TALHOES": "2", "FAZ_tAL": "400286002", "ID_LINHA": 95350 }, "geometry": { "type": "MultiLineString", "coordinates": [ [ [ 420905.184306772076525, 7645929.281670611351728 ], [ 421200.231914619507734, 7645715.620018208399415 ] ] ] } },
{ "type": "Feature", "properties": { "fid": 349.0, "COMPR_M": 364.36, "CLASSE": "03 - Média", "CD_FAZ": "400286", "TALHOES": "2", "FAZ_tAL": "400286002", "ID_LINHA": 95351 }, "geometry": { "type": "MultiLineString", "coordinates": [ [ [ 420903.840541940298863, 7645926.550764186307788 ], [ 421198.853845697245561, 7645712.913953427225351 ] ] ] } },
{ "type": "Feature", "properties": { "fid": 350.0, "COMPR_M": 364.32, "CLASSE": "03 - Média", "CD_FAZ": "400286", "TALHOES": "2", "FAZ_tAL": "400286002", "ID_LINHA": 95352 }, "geometry": { "type": "MultiLineString", "coordinates": [ [ [ 420902.49677710729884, 7645923.819857755675912 ], [ 421197.475776776438579, 7645710.207888646051288 ] ] ] } },
{ "type": "Feature", "properties": { "fid": 351.0, "COMPR_M": 364.28, "CLASSE": "03 - Média", "CD_FAZ": "400286", "TALHOES": "2", "FAZ_tAL": "400286002", "ID_LINHA": 95353 }, "geometry": { "type": "MultiLineString", "coordinates": [ [ [ 420901.153012274880894, 7645921.088951328769326 ], [ 421196.097707854351029, 7645707.501823863014579 ] ] ] } },
{ "type": "Feature", "properties": { "fid": 352.0, "COMPR_M": 364.23, "CLASSE": "03 - Média", "CD_FAZ": "400286", "TALHOES": "2", "FAZ_tAL": "400286002", "ID_LINHA": 95354 }, "geometry": { "type": "MultiLineString", "coordinates": [ [ [ 420899.809247443801723, 7645918.358044901862741 ], [ 421194.719638933660462, 7645704.795759081840515 ] ] ] } },
{ "type": "Feature", "properties": { "fid": 353.0, "COMPR_M": 364.19, "CLASSE": "03 - Média", "CD_FAZ": "400286", "TALHOES": "2", "FAZ_tAL": "400286002", "ID_LINHA": 95355 }, "geometry": { "type": "MultiLineString", "coordinates": [ [ [ 420898.465482610801701, 7645915.62713847309351 ], [ 421193.341570011107251, 7645702.089694300666451 ] ] ] } },
{ "type": "Feature", "properties": { "fid": 354.0, "COMPR_M": 364.15, "CLASSE": "03 - Média", "CD_FAZ": "400286", "TALHOES": "2", "FAZ_tAL": "400286002", "ID_LINHA": 95356 }, "geometry": { "type": "MultiLineString", "coordinates": [ [ [ 420897.121717778383754, 7645912.896232046186924 ], [ 421191.963501089951023, 7645699.383629521355033 ] ] ] } },
{ "type": "Feature", "properties": { "fid": 355.0, "COMPR_M": 364.11, "CLASSE": "03 - Média", "CD_FAZ": "400286", "TALHOES": "2", "FAZ_tAL": "400286002", "ID_LINHA": 95357 }, "geometry": { "type": "MultiLineString", "coordinates": [ [ [ 420895.777952945383731, 7645910.165325617417693 ], [ 421190.585432167630643, 7645696.677564738318324 ] ] ] } },
{ "type": "Feature", "properties": { "fid": 356.0, "COMPR_M": 364.06, "CLASSE": "03 - Média", "CD_FAZ": "400286", "TALHOES": "2", "FAZ_tAL": "400286002", "ID_LINHA": 95358 }, "geometry": { "type": "MultiLineString", "coordinates": [ [ [ 420894.434188113664277, 7645907.434419192373753 ], [ 421189.20736324659083, 7645693.97149995714426 ] ] ] } },
{ "type": "Feature", "properties": { "fid": 358.0, "COMPR_M": 361.02, "CLASSE": "03 - Média", "CD_FAZ": "400286", "TALHOES": "1", "FAZ_tAL": "400286001", "ID_LINHA": 95359 }, "geometry": { "type": "MultiLineString", "coordinates": [ [ [ 421375.542539748072159, 7646918.405625304207206 ], [ 421667.849585017538629, 7646706.728578478097916 ] ] ] } },
{ "type": "Feature", "properties": { "fid": 359.0, "COMPR_M": 360.97, "CLASSE": "03 - Média", "CD_FAZ": "400286", "TALHOES": "1", "FAZ_tAL": "400286001", "ID_LINHA": 95360 }, "geometry": { "type": "MultiLineString", "coordinates": [ [ [ 421384.76746731629828, 7646937.65335192438215 ], [ 421677.032489766948856, 7646726.006736342795193 ] ] ] } },
{ "type": "Feature", "properties": { "fid": 360.0, "COMPR_M": 360.92, "CLASSE": "03 - Média", "CD_FAZ": "400286", "TALHOES": "1", "FAZ_tAL": "400286001", "ID_LINHA": 95361 }, "geometry": { "type": "MultiLineString", "coordinates": [ [ [ 421393.992394886445254, 7646956.901078544557095 ], [ 421686.215394515893422, 7646745.284894202835858 ] ] ] } },
{ "type": "Feature", "properties": { "fid": 361.0, "COMPR_M": 360.94, "CLASSE": "03 - Média", "CD_FAZ": "400286", "TALHOES": "1", "FAZ_tAL": "400286001", "ID_LINHA": 95362 }, "geometry": { "type": "MultiLineString", "coordinates": [ [ [ 421403.152808121405542, 7646976.195523859001696 ], [ 421695.398299266584218, 7646764.563052063807845 ] ] ] } },
{ "type": "Feature", "properties": { "fid": 362.0, "COMPR_M": 361.01, "CLASSE": "03 - Média", "CD_FAZ": "400286", "TALHOES": "1", "FAZ_tAL": "400286001", "ID_LINHA": 95363 }, "geometry": { "type": "MultiLineString", "coordinates": [ [ [ 421412.280902255151886, 7646995.513373372144997 ], [ 421704.581204016809352, 7646783.84120992384851 ] ] ] } },
{ "type": "Feature", "properties": { "fid": 363.0, "COMPR_M": 361.08, "CLASSE": "03 - Média", "CD_FAZ": "400286", "TALHOES": "1", "FAZ_tAL": "400286001", "ID_LINHA": 95364 }, "geometry": { "type": "MultiLineString", "coordinates": [ [ [ 421421.408996388374362, 7647014.831222884356976 ], [ 421713.764108766859863, 7646803.119367786683142 ] ] ] } },
{ "type": "Feature", "properties": { "fid": 364.0, "COMPR_M": 361.15, "CLASSE": "03 - Média", "CD_FAZ": "400286", "TALHOES": "1", "FAZ_tAL": "400286001", "ID_LINHA": 95365 }, "geometry": { "type": "MultiLineString", "coordinates": [ [ [ 421430.53709052153863, 7647034.149072399362922 ], [ 421722.947013517143205, 7646822.397525648586452 ] ] ] } },
{ "type": "Feature", "properties": { "fid": 365.0, "COMPR_M": 361.21, "CLASSE": "03 - Média", "CD_FAZ": "400286", "TALHOES": "1", "FAZ_tAL": "400286001", "ID_LINHA": 95366 }, "geometry": { "type": "MultiLineString", "coordinates": [ [ [ 421439.665184654295444, 7647053.466921910643578 ], [ 421732.129918265971355, 7646841.675683507695794 ] ] ] } },
{ "type": "Feature", "properties": { "fid": 366.0, "COMPR_M": 361.28, "CLASSE": "03 - Média", "CD_FAZ": "400286", "TALHOES": "1", "FAZ_tAL": "400286001", "ID_LINHA": 95367 }, "geometry": { "type": "MultiLineString", "coordinates": [ [ [ 421448.793278788391035, 7647072.784771425649524 ], [ 421741.312823015730828, 7646860.953841367736459 ] ] ] } },
{ "type": "Feature", "properties": { "fid": 367.0, "COMPR_M": 361.35, "CLASSE": "03 - Média", "CD_FAZ": "400286", "TALHOES": "1", "FAZ_tAL": "400286001", "ID_LINHA": 95368 }, "geometry": { "type": "MultiLineString", "coordinates": [ [ [ 421457.921372921438888, 7647092.10262093693018 ], [ 421750.495727765432093, 7646880.231999229639769 ] ] ] } },
{ "type": "Feature", "properties": { "fid": 368.0, "COMPR_M": 361.42, "CLASSE": "03 - Média", "CD_FAZ": "400286", "TALHOES": "1", "FAZ_tAL": "400286001", "ID_LINHA": 95369 }, "geometry": { "type": "MultiLineString", "coordinates": [ [ [ 421467.049467054428533, 7647111.420470448210835 ], [ 421759.678632516181096, 7646899.510157089680433 ] ] ] } },
{ "type": "Feature", "properties": { "fid": 369.0, "COMPR_M": 361.48, "CLASSE": "03 - Média", "CD_FAZ": "400286", "TALHOES": "1", "FAZ_tAL": "400286001", "ID_LINHA": 95370 }, "geometry": { "type": "MultiLineString", "coordinates": [ [ [ 421476.177561187883839, 7647130.738319961354136 ], [ 421768.861537265474908, 7646918.788314951583743 ] ] ] } },
{ "type": "Feature", "properties": { "fid": 370.0, "COMPR_M": 361.55, "CLASSE": "03 - Média", "CD_FAZ": "400286", "TALHOES": "1", "FAZ_tAL": "400286001", "ID_LINHA": 95371 }, "geometry": { "type": "MultiLineString", "coordinates": [ [ [ 421485.305655320640653, 7647150.056169472634792 ], [ 421778.044442015816458, 7646938.066472813487053 ] ] ] } },
{ "type": "Feature", "properties": { "fid": 371.0, "COMPR_M": 361.62, "CLASSE": "03 - Média", "CD_FAZ": "400286", "TALHOES": "1", "FAZ_tAL": "400286001", "ID_LINHA": 95372 }, "geometry": { "type": "MultiLineString", "coordinates": [ [ [ 421494.433749453164637, 7647169.374018985778093 ], [ 421787.227346764935646, 7646957.344630675390363 ] ] ] } },
{ "type": "Feature", "properties": { "fid": 372.0, "COMPR_M": 361.7, "CLASSE": "03 - Média", "CD_FAZ": "400286", "TALHOES": "1", "FAZ_tAL": "400286001", "ID_LINHA": 95373 }, "geometry": { "type": "MultiLineString", "coordinates": [ [ [ 421503.554476117307786, 7647188.697203725576401 ], [ 421796.410251515742857, 7646976.622788533568382 ] ] ] } },
{ "type": "Feature", "properties": { "fid": 373.0, "COMPR_M": 361.8, "CLASSE": "03 - Média", "CD_FAZ": "400286", "TALHOES": "1", "FAZ_tAL": "400286001", "ID_LINHA": 95374 }, "geometry": { "type": "MultiLineString", "coordinates": [ [ [ 421512.653909674612805, 7647208.035808078944683 ], [ 421805.593156265327707, 7646995.900946393609047 ] ] ] } },
{ "type": "Feature", "properties": { "fid": 374.0, "COMPR_M": 361.9, "CLASSE": "03 - Média", "CD_FAZ": "400286", "TALHOES": "1", "FAZ_tAL": "400286001", "ID_LINHA": 95375 }, "geometry": { "type": "MultiLineString", "coordinates": [ [ [ 421521.753343233838677, 7647227.374412431381643 ], [ 421814.776061014737934, 7647015.179104257375002 ] ] ] } },
{ "type": "Feature", "properties": { "fid": 375.0, "COMPR_M": 362.01, "CLASSE": "03 - Média", "CD_FAZ": "400286", "TALHOES": "1", "FAZ_tAL": "400286001", "ID_LINHA": 95376 }, "geometry": { "type": "MultiLineString", "coordinates": [ [ [ 421530.852776790619828, 7647246.713016785681248 ], [ 421823.958965765545145, 7647034.457262115553021 ] ] ] } },
{ "type": "Feature", "properties": { "fid": 376.0, "COMPR_M": 362.11, "CLASSE": "03 - Média", "CD_FAZ": "400286", "TALHOES": "1", "FAZ_tAL": "400286001", "ID_LINHA": 95377 }, "geometry": { "type": "MultiLineString", "coordinates": [ [ [ 421539.952210347983055, 7647266.05162113904953 ], [ 421833.14187051425688, 7647053.735419977456331 ] ] ] } },
{ "type": "Feature", "properties": { "fid": 377.0, "COMPR_M": 362.21, "CLASSE": "03 - Média", "CD_FAZ": "400286", "TALHOES": "1", "FAZ_tAL": "400286001", "ID_LINHA": 95378 }, "geometry": { "type": "MultiLineString", "coordinates": [ [ [ 421549.05164390563732, 7647285.390225490555167 ], [ 421842.324775263783522, 7647073.013577839359641 ] ] ] } },
{ "type": "Feature", "properties": { "fid": 378.0, "COMPR_M": 362.32, "CLASSE": "03 - Média", "CD_FAZ": "400286", "TALHOES": "1", "FAZ_tAL": "400286001", "ID_LINHA": 95379 }, "geometry": { "type": "MultiLineString", "coordinates": [ [ [ 421558.151077463233378, 7647304.72882984392345 ], [ 421851.507680013892241, 7647092.291735699400306 ] ] ] } },
{ "type": "Feature", "properties": { "fid": 379.0, "COMPR_M": 362.45, "CLASSE": "03 - Média", "CD_FAZ": "400286", "TALHOES": "1", "FAZ_tAL": "400286001", "ID_LINHA": 95380 }, "geometry": { "type": "MultiLineString", "coordinates": [ [ [ 421567.226807990577072, 7647324.084598982706666 ], [ 421860.690584764815867, 7647111.569893561303616 ] ] ] } },
{ "type": "Feature", "properties": { "fid": 380.0, "COMPR_M": 362.75, "CLASSE": "03 - Média", "CD_FAZ": "400286", "TALHOES": "1", "FAZ_tAL": "400286001", "ID_LINHA": 95381 }, "geometry": { "type": "MultiLineString", "coordinates": [ [ [ 421576.163595583289862, 7647343.540985023602843 ], [ 421869.873489514458925, 7647130.848051423206925 ] ] ] } },
{ "type": "Feature", "properties": { "fid": 381.0, "COMPR_M": 363.06, "CLASSE": "03 - Média", "CD_FAZ": "400286", "TALHOES": "1", "FAZ_tAL": "400286001", "ID_LINHA": 95382 }, "geometry": { "type": "MultiLineString", "coordinates": [ [ [ 421585.100383176817559, 7647362.997371064499021 ], [ 421879.056394264975097, 7647150.126209284178913 ] ] ] } },
{ "type": "Feature", "properties": { "fid": 382.0, "COMPR_M": 363.36, "CLASSE": "03 - Média", "CD_FAZ": "400286", "TALHOES": "1", "FAZ_tAL": "400286001", "ID_LINHA": 95383 }, "geometry": { "type": "MultiLineString", "coordinates": [ [ [ 421594.037170770810917, 7647382.453757109120488 ], [ 421888.239299014210701, 7647169.4043671451509 ] ] ] } },
{ "type": "Feature", "properties": { "fid": 383.0, "COMPR_M": 363.66, "CLASSE": "03 - Média", "CD_FAZ": "400286", "TALHOES": "1", "FAZ_tAL": "400286001", "ID_LINHA": 95384 }, "geometry": { "type": "MultiLineString", "coordinates": [ [ [ 421602.973958362999838, 7647401.910143150016665 ], [ 421897.422203763737343, 7647188.682525005191565 ] ] ] } },
{ "type": "Feature", "properties": { "fid": 384.0, "COMPR_M": 363.85, "CLASSE": "03 - Média", "CD_FAZ": "400286", "TALHOES": "1", "FAZ_tAL": "400286001", "ID_LINHA": 95385 }, "geometry": { "type": "MultiLineString", "coordinates": [ [ [ 421611.97385386453243, 7647421.320828974246979 ], [ 421906.571600612369366, 7647207.984947947785258 ] ] ] } },
{ "type": "Feature", "properties": { "fid": 385.0, "COMPR_M": 363.9, "CLASSE": "03 - Média", "CD_FAZ": "400286", "TALHOES": "1", "FAZ_tAL": "400286001", "ID_LINHA": 95386 }, "geometry": { "type": "MultiLineString", "coordinates": [ [ [ 421621.012643839349039, 7647440.703348979353905 ], [ 421915.654017632594332, 7647227.33587499242276 ] ] ] } },
{ "type": "Feature", "properties": { "fid": 386.0, "COMPR_M": 363.91, "CLASSE": "03 - Média", "CD_FAZ": "400286", "TALHOES": "1", "FAZ_tAL": "400286001", "ID_LINHA": 95387 }, "geometry": { "type": "MultiLineString", "coordinates": [ [ [ 421630.051433815096971, 7647460.085868984460831 ], [ 421924.702371687511913, 7647246.711469076573849 ] ] ] } },
{ "type": "Feature", "properties": { "fid": 387.0, "COMPR_M": 363.93, "CLASSE": "03 - Média", "CD_FAZ": "400286", "TALHOES": "1", "FAZ_tAL": "400286001", "ID_LINHA": 95388 }, "geometry": { "type": "MultiLineString", "coordinates": [ [ [ 421639.090223789564334, 7647479.468388988636434 ], [ 421933.750725743419025, 7647266.087063156068325 ] ] ] } },
{ "type": "Feature", "properties": { "fid": 388.0, "COMPR_M": 363.94, "CLASSE": "03 - Média", "CD_FAZ": "400286", "TALHOES": "1", "FAZ_tAL": "400286001", "ID_LINHA": 95389 }, "geometry": { "type": "MultiLineString", "coordinates": [ [ [ 421648.129013763740659, 7647498.850908992812037 ], [ 421942.799079798802268, 7647285.462657235562801 ] ] ] } },
{ "type": "Feature", "properties": { "fid": 389.0, "COMPR_M": 363.95, "CLASSE": "03 - Média", "CD_FAZ": "400286", "TALHOES": "1", "FAZ_tAL": "400286001", "ID_LINHA": 95390 }, "geometry": { "type": "MultiLineString", "coordinates": [ [ [ 421657.166796805220656, 7647518.234158178791404 ], [ 421951.847433855349664, 7647304.838251319713891 ] ] ] } },
{ "type": "Feature", "properties": { "fid": 390.0, "COMPR_M": 364.07, "CLASSE": "03 - Média", "CD_FAZ": "400286", "TALHOES": "1", "FAZ_tAL": "400286001", "ID_LINHA": 95391 }, "geometry": { "type": "MultiLineString", "coordinates": [ [ [ 421666.118890536774416, 7647537.679460125975311 ], [ 421960.895787908753846, 7647324.213845400139689 ] ] ] } },
{ "type": "Feature", "properties": { "fid": 391.0, "COMPR_M": 364.19, "CLASSE": "03 - Média", "CD_FAZ": "400286", "TALHOES": "1", "FAZ_tAL": "400286001", "ID_LINHA": 95392 }, "geometry": { "type": "MultiLineString", "coordinates": [ [ [ 421675.070984270074405, 7647557.124762077815831 ], [ 421969.944141963263974, 7647343.589439480565488 ] ] ] } },
{ "type": "Feature", "properties": { "fid": 392.0, "COMPR_M": 364.31, "CLASSE": "03 - Média", "CD_FAZ": "400286", "TALHOES": "1", "FAZ_tAL": "400286001", "ID_LINHA": 95393 }, "geometry": { "type": "MultiLineString", "coordinates": [ [ [ 421684.023078003490809, 7647576.57006402593106 ], [ 421978.992496020684484, 7647362.965033564716578 ] ] ] } },
{ "type": "Feature", "properties": { "fid": 393.0, "COMPR_M": 364.43, "CLASSE": "03 - Média", "CD_FAZ": "400286", "TALHOES": "1", "FAZ_tAL": "400286001", "ID_LINHA": 95394 }, "geometry": { "type": "MultiLineString", "coordinates": [ [ [ 421692.975171735335607, 7647596.015365974977612 ], [ 421988.040850076009519, 7647382.340627643279731 ] ] ] } },
{ "type": "Feature", "properties": { "fid": 394.0, "COMPR_M": 364.6, "CLASSE": "03 - Média", "CD_FAZ": "400286", "TALHOES": "1", "FAZ_tAL": "400286001", "ID_LINHA": 95395 }, "geometry": { "type": "MultiLineString", "coordinates": [ [ [ 421701.927265469334088, 7647615.460667924955487 ], [ 421997.131191543536261, 7647401.685816124081612 ] ] ] } },
{ "type": "Feature", "properties": { "fid": 395.0, "COMPR_M": 364.82, "CLASSE": "03 - Média", "CD_FAZ": "400286", "TALHOES": "1", "FAZ_tAL": "400286001", "ID_LINHA": 95396 }, "geometry": { "type": "MultiLineString", "coordinates": [ [ [ 421710.989445013576187, 7647634.82625013962388 ], [ 422006.369543212116696, 7647420.923821549862623 ] ] ] } },
{ "type": "Feature", "properties": { "fid": 396.0, "COMPR_M": 364.97, "CLASSE": "03 - Média", "CD_FAZ": "400286", "TALHOES": "1", "FAZ_tAL": "400286001", "ID_LINHA": 95397 }, "geometry": { "type": "MultiLineString", "coordinates": [ [ [ 421720.103660174179822, 7647654.154150249436498 ], [ 422015.60789487924194, 7647440.161826975643635 ] ] ] } },
{ "type": "Feature", "properties": { "fid": 397.0, "COMPR_M": 365.12, "CLASSE": "03 - Média", "CD_FAZ": "400286", "TALHOES": "1", "FAZ_tAL": "400286001", "ID_LINHA": 95398 }, "geometry": { "type": "MultiLineString", "coordinates": [ [ [ 421729.217875336355064, 7647673.48205035738647 ], [ 422024.846246549219359, 7647459.399832397699356 ] ] ] } },
{ "type": "Feature", "properties": { "fid": 398.0, "COMPR_M": 365.28, "CLASSE": "03 - Média", "CD_FAZ": "400286", "TALHOES": "1", "FAZ_tAL": "400286001", "ID_LINHA": 95399 }, "geometry": { "type": "MultiLineString", "coordinates": [ [ [ 421738.332090497831814, 7647692.809950465336442 ], [ 422034.084598215180449, 7647478.637837823480368 ] ] ] } },
{ "type": "Feature", "properties": { "fid": 399.0, "COMPR_M": 365.43, "CLASSE": "03 - Média", "CD_FAZ": "400286", "TALHOES": "1", "FAZ_tAL": "400286001", "ID_LINHA": 95400 }, "geometry": { "type": "MultiLineString", "coordinates": [ [ [ 421747.446305660239886, 7647712.137850572355092 ], [ 422043.322949883411638, 7647497.875843249261379 ] ] ] } },
{ "type": "Feature", "properties": { "fid": 400.0, "COMPR_M": 365.57, "CLASSE": "03 - Média", "CD_FAZ": "400286", "TALHOES": "1", "FAZ_tAL": "400286001", "ID_LINHA": 95401 }, "geometry": { "type": "MultiLineString", "coordinates": [ [ [ 421756.573107325180899, 7647731.456636038608849 ], [ 422052.56130155158462, 7647517.113848676905036 ] ] ] } },
{ "type": "Feature", "properties": { "fid": 401.0, "COMPR_M": 365.61, "CLASSE": "03 - Média", "CD_FAZ": "400286", "TALHOES": "1", "FAZ_tAL": "400286001", "ID_LINHA": 95402 }, "geometry": { "type": "MultiLineString", "coordinates": [ [ [ 421765.775298727152403, 7647750.720827277749777 ], [ 422061.79965322004864, 7647536.35185409989208 ] ] ] } },
{ "type": "Feature", "properties": { "fid": 402.0, "COMPR_M": 365.66, "CLASSE": "03 - Média", "CD_FAZ": "400286", "TALHOES": "1", "FAZ_tAL": "400286001", "ID_LINHA": 95403 }, "geometry": { "type": "MultiLineString", "coordinates": [ [ [ 421774.97749013081193, 7647769.985018517822027 ], [ 422071.038004887173884, 7647555.589859524741769 ] ] ] } },
{ "type": "Feature", "properties": { "fid": 403.0, "COMPR_M": 365.7, "CLASSE": "03 - Média", "CD_FAZ": "400286", "TALHOES": "1", "FAZ_tAL": "400286001", "ID_LINHA": 95404 }, "geometry": { "type": "MultiLineString", "coordinates": [ [ [ 421784.179681534413248, 7647789.249209757894278 ], [ 422080.276356556103565, 7647574.82786495052278 ] ] ] } },
{ "type": "Feature", "properties": { "fid": 404.0, "COMPR_M": 365.74, "CLASSE": "03 - Média", "CD_FAZ": "400286", "TALHOES": "1", "FAZ_tAL": "400286001", "ID_LINHA": 95405 }, "geometry": { "type": "MultiLineString", "coordinates": [ [ [ 421793.381872936559375, 7647808.513400996103883 ], [ 422089.51470822369447, 7647594.065870375372469 ] ] ] } },
{ "type": "Feature", "properties": { "fid": 405.0, "COMPR_M": 365.79, "CLASSE": "03 - Média", "CD_FAZ": "400286", "TALHOES": "1", "FAZ_tAL": "400286001", "ID_LINHA": 95406 }, "geometry": { "type": "MultiLineString", "coordinates": [ [ [ 421802.584064340102486, 7647827.777592238038778 ], [ 422098.753059891692828, 7647613.303875800222158 ] ] ] } },
{ "type": "Feature", "properties": { "fid": 406.0, "COMPR_M": 361.09, "CLASSE": "03 - Média", "CD_FAZ": "400286", "TALHOES": "1", "FAZ_tAL": "400286001", "ID_LINHA": 95407 }, "geometry": { "type": "MultiLineString", "coordinates": [ [ [ 421363.681918589980341, 7646893.658548224717379 ], [ 421656.042993194423616, 7646681.942375518381596 ] ] ] } },
{ "type": "Feature", "properties": { "fid": 407.0, "COMPR_M": 361.08, "CLASSE": "03 - Média", "CD_FAZ": "400286", "TALHOES": "1", "FAZ_tAL": "400286001", "ID_LINHA": 95408 }, "geometry": { "type": "MultiLineString", "coordinates": [ [ [ 421364.999765385466162, 7646896.408223452046514 ], [ 421657.354836731858086, 7646684.696398070082068 ] ] ] } },
{ "type": "Feature", "properties": { "fid": 408.0, "COMPR_M": 361.07, "CLASSE": "03 - Média", "CD_FAZ": "400286", "TALHOES": "1", "FAZ_tAL": "400286001", "ID_LINHA": 95409 }, "geometry": { "type": "MultiLineString", "coordinates": [ [ [ 421366.31761218077736, 7646899.157898684963584 ], [ 421658.666680267138872, 7646687.450420621782541 ] ] ] } },
{ "type": "Feature", "properties": { "fid": 409.0, "COMPR_M": 361.06, "CLASSE": "03 - Média", "CD_FAZ": "400286", "TALHOES": "1", "FAZ_tAL": "400286001", "ID_LINHA": 95410 }, "geometry": { "type": "MultiLineString", "coordinates": [ [ [ 421367.635458975797519, 7646901.907573916949332 ], [ 421659.97852380364202, 7646690.204443173483014 ] ] ] } },
{ "type": "Feature", "properties": { "fid": 410.0, "COMPR_M": 361.06, "CLASSE": "03 - Média", "CD_FAZ": "400286", "TALHOES": "1", "FAZ_tAL": "400286001", "ID_LINHA": 95411 }, "geometry": { "type": "MultiLineString", "coordinates": [ [ [ 421368.953305771225132, 7646904.657249147072434 ], [ 421661.290367338748183, 7646692.958465723320842 ] ] ] } },
{ "type": "Feature", "properties": { "fid": 411.0, "COMPR_M": 361.05, "CLASSE": "03 - Média", "CD_FAZ": "400286", "TALHOES": "1", "FAZ_tAL": "400286001", "ID_LINHA": 95412 }, "geometry": { "type": "MultiLineString", "coordinates": [ [ [ 421370.271152567234822, 7646907.40692437812686 ], [ 421662.602210874320008, 7646695.71248827688396 ] ] ] } },
{ "type": "Feature", "properties": { "fid": 412.0, "COMPR_M": 361.04, "CLASSE": "03 - Média", "CD_FAZ": "400286", "TALHOES": "1", "FAZ_tAL": "400286001", "ID_LINHA": 95413 }, "geometry": { "type": "MultiLineString", "coordinates": [ [ [ 421371.588999362895265, 7646910.15659961104393 ], [ 421663.914054409833625, 7646698.466510824859142 ] ] ] } },
{ "type": "Feature", "properties": { "fid": 413.0, "COMPR_M": 361.03, "CLASSE": "03 - Média", "CD_FAZ": "400286", "TALHOES": "1", "FAZ_tAL": "400286001", "ID_LINHA": 95414 }, "geometry": { "type": "MultiLineString", "coordinates": [ [ [ 421372.906846157740802, 7646912.906274842098355 ], [ 421665.225897945871111, 7646701.22053337842226 ] ] ] } },
{ "type": "Feature", "properties": { "fid": 414.0, "COMPR_M": 361.03, "CLASSE": "03 - Média", "CD_FAZ": "400286", "TALHOES": "1", "FAZ_tAL": "400286001", "ID_LINHA": 95415 }, "geometry": { "type": "MultiLineString", "coordinates": [ [ [ 421374.224692953634076, 7646915.655950073152781 ], [ 421666.53774148109369, 7646703.974555928260088 ] ] ] } },
{ "type": "Feature", "properties": { "fid": 415.0, "COMPR_M": 361.01, "CLASSE": "03 - Média", "CD_FAZ": "400286", "TALHOES": "1", "FAZ_tAL": "400286001", "ID_LINHA": 95416 }, "geometry": { "type": "MultiLineString", "coordinates": [ [ [ 421376.860386544198263, 7646921.155300535261631 ], [ 421669.161428553168662, 7646709.482601031661034 ] ] ] } },
{ "type": "Feature", "properties": { "fid": 416.0, "COMPR_M": 361.0, "CLASSE": "03 - Média", "CD_FAZ": "400286", "TALHOES": "1", "FAZ_tAL": "400286001", "ID_LINHA": 95417 }, "geometry": { "type": "MultiLineString", "coordinates": [ [ [ 421378.178233340091538, 7646923.904975768178701 ], [ 421670.473272088682279, 7646712.236623587086797 ] ] ] } },
{ "type": "Feature", "properties": { "fid": 417.0, "COMPR_M": 361.0, "CLASSE": "03 - Média", "CD_FAZ": "400286", "TALHOES": "1", "FAZ_tAL": "400286001", "ID_LINHA": 95418 }, "geometry": { "type": "MultiLineString", "coordinates": [ [ [ 421379.496080135810189, 7646926.654650999233127 ], [ 421671.785115624079481, 7646714.990646133199334 ] ] ] } },
{ "type": "Feature", "properties": { "fid": 418.0, "COMPR_M": 360.99, "CLASSE": "03 - Média", "CD_FAZ": "400286", "TALHOES": "1", "FAZ_tAL": "400286001", "ID_LINHA": 95419 }, "geometry": { "type": "MultiLineString", "coordinates": [ [ [ 421380.813926930597518, 7646929.404326232150197 ], [ 421673.096959159360267, 7646717.744668688625097 ] ] ] } },
{ "type": "Feature", "properties": { "fid": 419.0, "COMPR_M": 360.98, "CLASSE": "03 - Média", "CD_FAZ": "400286", "TALHOES": "1", "FAZ_tAL": "400286001", "ID_LINHA": 95420 }, "geometry": { "type": "MultiLineString", "coordinates": [ [ [ 421382.131773726549, 7646932.154001463204622 ], [ 421674.408802695805207, 7646720.498691242188215 ] ] ] } },
{ "type": "Feature", "properties": { "fid": 420.0, "COMPR_M": 360.97, "CLASSE": "03 - Média", "CD_FAZ": "400286", "TALHOES": "1", "FAZ_tAL": "400286001", "ID_LINHA": 95421 }, "geometry": { "type": "MultiLineString", "coordinates": [ [ [ 421383.449620522151235, 7646934.903676692396402 ], [ 421675.720646231435239, 7646723.25271378736943 ] ] ] } },
{ "type": "Feature", "properties": { "fid": 421.0, "COMPR_M": 360.96, "CLASSE": "03 - Média", "CD_FAZ": "400286", "TALHOES": "1", "FAZ_tAL": "400286001", "ID_LINHA": 95422 }, "geometry": { "type": "MultiLineString", "coordinates": [ [ [ 421386.085314113413915, 7646940.403027156367898 ], [ 421678.34433330304455, 7646728.760758893564343 ] ] ] } },
{ "type": "Feature", "properties": { "fid": 422.0, "COMPR_M": 360.95, "CLASSE": "03 - Média", "CD_FAZ": "400286", "TALHOES": "1", "FAZ_tAL": "400286001", "ID_LINHA": 95423 }, "geometry": { "type": "MultiLineString", "coordinates": [ [ [ 421387.403160909772851, 7646943.152702388353646 ], [ 421679.656176837044768, 7646731.514781443402171 ] ] ] } },
{ "type": "Feature", "properties": { "fid": 423.0, "COMPR_M": 360.95, "CLASSE": "03 - Média", "CD_FAZ": "400286", "TALHOES": "1", "FAZ_tAL": "400286001", "ID_LINHA": 95424 }, "geometry": { "type": "MultiLineString", "coordinates": [ [ [ 421388.721007703221403, 7646945.902377618476748 ], [ 421680.9680203734315, 7646734.268803995102644 ] ] ] } },
{ "type": "Feature", "properties": { "fid": 424.0, "COMPR_M": 360.94, "CLASSE": "03 - Média", "CD_FAZ": "400286", "TALHOES": "1", "FAZ_tAL": "400286001", "ID_LINHA": 95425 }, "geometry": { "type": "MultiLineString", "coordinates": [ [ [ 421390.038854499696754, 7646948.652052849531174 ], [ 421682.279863909760024, 7646737.022826548665762 ] ] ] } },
{ "type": "Feature", "properties": { "fid": 425.0, "COMPR_M": 360.93, "CLASSE": "03 - Média", "CD_FAZ": "400286", "TALHOES": "1", "FAZ_tAL": "400286001", "ID_LINHA": 95426 }, "geometry": { "type": "MultiLineString", "coordinates": [ [ [ 421391.35670129529899, 7646951.401728082448244 ], [ 421683.591707445913926, 7646739.776849104091525 ] ] ] } },
{ "type": "Feature", "properties": { "fid": 426.0, "COMPR_M": 360.92, "CLASSE": "03 - Média", "CD_FAZ": "400286", "TALHOES": "1", "FAZ_tAL": "400286001", "ID_LINHA": 95427 }, "geometry": { "type": "MultiLineString", "coordinates": [ [ [ 421392.674548090610188, 7646954.151403311640024 ], [ 421684.903550981311128, 7646742.530871652066708 ] ] ] } },
{ "type": "Feature", "properties": { "fid": 427.0, "COMPR_M": 360.91, "CLASSE": "03 - Média", "CD_FAZ": "400286", "TALHOES": "1", "FAZ_tAL": "400286001", "ID_LINHA": 95428 }, "geometry": { "type": "MultiLineString", "coordinates": [ [ [ 421395.310241681989282, 7646959.650753772817552 ], [ 421687.527238052338362, 7646748.038916752673686 ] ] ] } },
{ "type": "Feature", "properties": { "fid": 428.0, "COMPR_M": 360.9, "CLASSE": "03 - Média", "CD_FAZ": "400286", "TALHOES": "1", "FAZ_tAL": "400286001", "ID_LINHA": 95429 }, "geometry": { "type": "MultiLineString", "coordinates": [ [ [ 421396.628088476601988, 7646962.40042900852859 ], [ 421688.839081587968394, 7646750.792939306236804 ] ] ] } },
{ "type": "Feature", "properties": { "fid": 429.0, "COMPR_M": 360.9, "CLASSE": "03 - Média", "CD_FAZ": "400286", "TALHOES": "1", "FAZ_tAL": "400286001", "ID_LINHA": 95430 }, "geometry": { "type": "MultiLineString", "coordinates": [ [ [ 421397.936754331632983, 7646965.156752709299326 ], [ 421690.150925124064088, 7646753.546961857937276 ] ] ] } },
{ "type": "Feature", "properties": { "fid": 430.0, "COMPR_M": 360.91, "CLASSE": "03 - Média", "CD_FAZ": "400286", "TALHOES": "1", "FAZ_tAL": "400286001", "ID_LINHA": 95431 }, "geometry": { "type": "MultiLineString", "coordinates": [ [ [ 421399.240767779061571, 7646967.916445496492088 ], [ 421691.46276865946129, 7646756.300984409637749 ] ] ] } },
{ "type": "Feature", "properties": { "fid": 431.0, "COMPR_M": 360.92, "CLASSE": "03 - Média", "CD_FAZ": "400286", "TALHOES": "1", "FAZ_tAL": "400286001", "ID_LINHA": 95432 }, "geometry": { "type": "MultiLineString", "coordinates": [ [ [ 421400.544781226082705, 7646970.67613828368485 ], [ 421692.774612193985377, 7646759.055006958544254 ] ] ] } },
{ "type": "Feature", "properties": { "fid": 432.0, "COMPR_M": 360.93, "CLASSE": "03 - Média", "CD_FAZ": "400286", "TALHOES": "1", "FAZ_tAL": "400286001", "ID_LINHA": 95433 }, "geometry": { "type": "MultiLineString", "coordinates": [ [ [ 421401.84879467333667, 7646973.435831069946289 ], [ 421694.086455730372109, 7646761.809029513970017 ] ] ] } },
{ "type": "Feature", "properties": { "fid": 433.0, "COMPR_M": 360.95, "CLASSE": "03 - Média", "CD_FAZ": "400286", "TALHOES": "1", "FAZ_tAL": "400286001", "ID_LINHA": 95434 }, "geometry": { "type": "MultiLineString", "coordinates": [ [ [ 421404.456821569125168, 7646978.955216647125781 ], [ 421696.710142802039627, 7646767.317074613645673 ] ] ] } },
{ "type": "Feature", "properties": { "fid": 434.0, "COMPR_M": 360.96, "CLASSE": "03 - Média", "CD_FAZ": "400286", "TALHOES": "1", "FAZ_tAL": "400286001", "ID_LINHA": 95435 }, "geometry": { "type": "MultiLineString", "coordinates": [ [ [ 421405.760835017077625, 7646981.71490943338722 ], [ 421698.021986337320413, 7646770.071097167208791 ] ] ] } },
{ "type": "Feature", "properties": { "fid": 435.0, "COMPR_M": 360.97, "CLASSE": "03 - Média", "CD_FAZ": "400286", "TALHOES": "1", "FAZ_tAL": "400286001", "ID_LINHA": 95436 }, "geometry": { "type": "MultiLineString", "coordinates": [ [ [ 421407.064848464680836, 7646984.474602219648659 ], [ 421699.333829873823561, 7646772.825119717046618 ] ] ] } },
{ "type": "Feature", "properties": { "fid": 436.0, "COMPR_M": 360.98, "CLASSE": "03 - Média", "CD_FAZ": "400286", "TALHOES": "1", "FAZ_tAL": "400286001", "ID_LINHA": 95437 }, "geometry": { "type": "MultiLineString", "coordinates": [ [ [ 421408.368861912400462, 7646987.234295008704066 ], [ 421700.645673409453593, 7646775.579142268747091 ] ] ] } },
{ "type": "Feature", "properties": { "fid": 437.0, "COMPR_M": 360.99, "CLASSE": "03 - Média", "CD_FAZ": "400286", "TALHOES": "1", "FAZ_tAL": "400286001", "ID_LINHA": 95438 }, "geometry": { "type": "MultiLineString", "coordinates": [ [ [ 421409.67287535907235, 7646989.993987798690796 ], [ 421701.957516945607495, 7646778.333164820447564 ] ] ] } },
{ "type": "Feature", "properties": { "fid": 438.0, "COMPR_M": 361.0, "CLASSE": "03 - Média", "CD_FAZ": "400286", "TALHOES": "1", "FAZ_tAL": "400286001", "ID_LINHA": 95439 }, "geometry": { "type": "MultiLineString", "coordinates": [ [ [ 421410.976888807374053, 7646992.75368058308959 ], [ 421703.269360480946489, 7646781.087187374010682 ] ] ] } },
{ "type": "Feature", "properties": { "fid": 439.0, "COMPR_M": 361.02, "CLASSE": "03 - Média", "CD_FAZ": "400286", "TALHOES": "1", "FAZ_tAL": "400286001", "ID_LINHA": 95440 }, "geometry": { "type": "MultiLineString", "coordinates": [ [ [ 421413.584915702522267, 7646998.273066158406436 ], [ 421705.893047552497592, 7646786.595232475548983 ] ] ] } },
{ "type": "Feature", "properties": { "fid": 440.0, "COMPR_M": 361.03, "CLASSE": "03 - Média", "CD_FAZ": "400286", "TALHOES": "1", "FAZ_tAL": "400286001", "ID_LINHA": 95441 }, "geometry": { "type": "MultiLineString", "coordinates": [ [ [ 421414.888929150125477, 7647001.032758947461843 ], [ 421707.204891088069417, 7646789.349255028180778 ] ] ] } },
{ "type": "Feature", "properties": { "fid": 441.0, "COMPR_M": 361.04, "CLASSE": "03 - Média", "CD_FAZ": "400286", "TALHOES": "1", "FAZ_tAL": "400286001", "ID_LINHA": 95442 }, "geometry": { "type": "MultiLineString", "coordinates": [ [ [ 421416.19294259668095, 7647003.792451733723283 ], [ 421708.51673462416511, 7646792.103277578949928 ] ] ] } },
{ "type": "Feature", "properties": { "fid": 442.0, "COMPR_M": 361.05, "CLASSE": "03 - Média", "CD_FAZ": "400286", "TALHOES": "1", "FAZ_tAL": "400286001", "ID_LINHA": 95443 }, "geometry": { "type": "MultiLineString", "coordinates": [ [ [ 421417.496956045448314, 7647006.552144521847367 ], [ 421709.828578159387689, 7646794.857300132513046 ] ] ] } },
{ "type": "Feature", "properties": { "fid": 443.0, "COMPR_M": 361.06, "CLASSE": "03 - Média", "CD_FAZ": "400286", "TALHOES": "1", "FAZ_tAL": "400286001", "ID_LINHA": 95444 }, "geometry": { "type": "MultiLineString", "coordinates": [ [ [ 421418.800969493109733, 7647009.311837308108807 ], [ 421711.140421695134137, 7646797.611322683282197 ] ] ] } },
{ "type": "Feature", "properties": { "fid": 444.0, "COMPR_M": 361.07, "CLASSE": "03 - Média", "CD_FAZ": "400286", "TALHOES": "1", "FAZ_tAL": "400286001", "ID_LINHA": 95445 }, "geometry": { "type": "MultiLineString", "coordinates": [ [ [ 421420.104982939606998, 7647012.071530099026859 ], [ 421712.452265230705962, 7646800.365345235913992 ] ] ] } },
{ "type": "Feature", "properties": { "fid": 445.0, "COMPR_M": 361.09, "CLASSE": "03 - Média", "CD_FAZ": "400286", "TALHOES": "1", "FAZ_tAL": "400286001", "ID_LINHA": 95446 }, "geometry": { "type": "MultiLineString", "coordinates": [ [ [ 421422.713009836093988, 7647017.59091567248106 ], [ 421715.075952300801873, 7646805.873390338383615 ] ] ] } },
{ "type": "Feature", "properties": { "fid": 446.0, "COMPR_M": 361.1, "CLASSE": "03 - Média", "CD_FAZ": "400286", "TALHOES": "1", "FAZ_tAL": "400286001", "ID_LINHA": 95447 }, "geometry": { "type": "MultiLineString", "coordinates": [ [ [ 421424.017023282707669, 7647020.350608458742499 ], [ 421716.387795837945305, 7646808.627412889152765 ] ] ] } },
{ "type": "Feature", "properties": { "fid": 447.0, "COMPR_M": 361.11, "CLASSE": "03 - Média", "CD_FAZ": "400286", "TALHOES": "1", "FAZ_tAL": "400286001", "ID_LINHA": 95448 }, "geometry": { "type": "MultiLineString", "coordinates": [ [ [ 421425.321036730136257, 7647023.110301246866584 ], [ 421717.699639372236561, 7646811.381435438990593 ] ] ] } },
{ "type": "Feature", "properties": { "fid": 448.0, "COMPR_M": 361.12, "CLASSE": "03 - Média", "CD_FAZ": "400286", "TALHOES": "1", "FAZ_tAL": "400286001", "ID_LINHA": 95449 }, "geometry": { "type": "MultiLineString", "coordinates": [ [ [ 421426.625050178496167, 7647025.869994034990668 ], [ 421719.011482909729239, 7646814.135457992553711 ] ] ] } },
{ "type": "Feature", "properties": { "fid": 449.0, "COMPR_M": 361.13, "CLASSE": "03 - Média", "CD_FAZ": "400286", "TALHOES": "1", "FAZ_tAL": "400286001", "ID_LINHA": 95450 }, "geometry": { "type": "MultiLineString", "coordinates": [ [ [ 421427.929063625691924, 7647028.629686824977398 ], [ 421720.323326445010025, 7646816.889480544254184 ] ] ] } },
{ "type": "Feature", "properties": { "fid": 450.0, "COMPR_M": 361.14, "CLASSE": "03 - Média", "CD_FAZ": "400286", "TALHOES": "1", "FAZ_tAL": "400286001", "ID_LINHA": 95451 }, "geometry": { "type": "MultiLineString", "coordinates": [ [ [ 421429.233077073877212, 7647031.389379610307515 ], [ 421721.63516998081468, 7646819.643503095023334 ] ] ] } },
{ "type": "Feature", "properties": { "fid": 451.0, "COMPR_M": 361.16, "CLASSE": "03 - Média", "CD_FAZ": "400286", "TALHOES": "1", "FAZ_tAL": "400286001", "ID_LINHA": 95452 }, "geometry": { "type": "MultiLineString", "coordinates": [ [ [ 421431.841103967512026, 7647036.908765184693038 ], [ 421724.258857051259838, 7646825.151548199355602 ] ] ] } },
{ "type": "Feature", "properties": { "fid": 452.0, "COMPR_M": 361.17, "CLASSE": "03 - Média", "CD_FAZ": "400286", "TALHOES": "1", "FAZ_tAL": "400286001", "ID_LINHA": 95453 }, "geometry": { "type": "MultiLineString", "coordinates": [ [ [ 421433.14511741627939, 7647039.668457974679768 ], [ 421725.570700587937608, 7646827.905570751056075 ] ] ] } },
{ "type": "Feature", "properties": { "fid": 453.0, "COMPR_M": 361.18, "CLASSE": "03 - Média", "CD_FAZ": "400286", "TALHOES": "1", "FAZ_tAL": "400286001", "ID_LINHA": 95454 }, "geometry": { "type": "MultiLineString", "coordinates": [ [ [ 421434.449130863999017, 7647042.428150759078562 ], [ 421726.882544123684056, 7646830.659593302756548 ] ] ] } },
{ "type": "Feature", "properties": { "fid": 454.0, "COMPR_M": 361.19, "CLASSE": "03 - Média", "CD_FAZ": "400286", "TALHOES": "1", "FAZ_tAL": "400286001", "ID_LINHA": 95455 }, "geometry": { "type": "MultiLineString", "coordinates": [ [ [ 421435.753144311951473, 7647045.187843548133969 ], [ 421728.194387659372296, 7646833.413615853525698 ] ] ] } },
{ "type": "Feature", "properties": { "fid": 455.0, "COMPR_M": 361.19, "CLASSE": "03 - Média", "CD_FAZ": "400286", "TALHOES": "1", "FAZ_tAL": "400286001", "ID_LINHA": 95456 }, "geometry": { "type": "MultiLineString", "coordinates": [ [ [ 421437.057157759380061, 7647047.947536334395409 ], [ 421729.506231195526198, 7646836.167638404294848 ] ] ] } },
{ "type": "Feature", "properties": { "fid": 456.0, "COMPR_M": 361.2, "CLASSE": "03 - Média", "CD_FAZ": "400286", "TALHOES": "1", "FAZ_tAL": "400286001", "ID_LINHA": 95457 }, "geometry": { "type": "MultiLineString", "coordinates": [ [ [ 421438.361171205760911, 7647050.707229124382138 ], [ 421730.818074730806984, 7646838.921660955995321 ] ] ] } },
{ "type": "Feature", "properties": { "fid": 457.0, "COMPR_M": 361.22, "CLASSE": "03 - Média", "CD_FAZ": "400286", "TALHOES": "1", "FAZ_tAL": "400286001", "ID_LINHA": 95458 }, "geometry": { "type": "MultiLineString", "coordinates": [ [ [ 421440.969198102480732, 7647056.226614698767662 ], [ 421733.441761802299879, 7646844.429706056602299 ] ] ] } },
{ "type": "Feature", "properties": { "fid": 458.0, "COMPR_M": 361.23, "CLASSE": "03 - Média", "CD_FAZ": "400286", "TALHOES": "1", "FAZ_tAL": "400286001", "ID_LINHA": 95459 }, "geometry": { "type": "MultiLineString", "coordinates": [ [ [ 421442.27321155014215, 7647058.986307485029101 ], [ 421734.753605337056797, 7646847.18372861109674 ] ] ] } },
{ "type": "Feature", "properties": { "fid": 459.0, "COMPR_M": 361.24, "CLASSE": "03 - Média", "CD_FAZ": "400286", "TALHOES": "1", "FAZ_tAL": "400286001", "ID_LINHA": 95460 }, "geometry": { "type": "MultiLineString", "coordinates": [ [ [ 421443.577224997337908, 7647061.746000274084508 ], [ 421736.06544887367636, 7646849.937751160934567 ] ] ] } },
{ "type": "Feature", "properties": { "fid": 460.0, "COMPR_M": 361.25, "CLASSE": "03 - Média", "CD_FAZ": "400286", "TALHOES": "1", "FAZ_tAL": "400286001", "ID_LINHA": 95461 }, "geometry": { "type": "MultiLineString", "coordinates": [ [ [ 421444.881238444824703, 7647064.505693063139915 ], [ 421737.377292408782523, 7646852.69177371263504 ] ] ] } },
{ "type": "Feature", "properties": { "fid": 461.0, "COMPR_M": 361.26, "CLASSE": "03 - Média", "CD_FAZ": "400286", "TALHOES": "1", "FAZ_tAL": "400286001", "ID_LINHA": 95462 }, "geometry": { "type": "MultiLineString", "coordinates": [ [ [ 421446.185251892486122, 7647067.265385848470032 ], [ 421738.689135944412556, 7646855.445796264335513 ] ] ] } },
{ "type": "Feature", "properties": { "fid": 462.0, "COMPR_M": 361.27, "CLASSE": "03 - Média", "CD_FAZ": "400286", "TALHOES": "1", "FAZ_tAL": "400286001", "ID_LINHA": 95463 }, "geometry": { "type": "MultiLineString", "coordinates": [ [ [ 421447.489265339681879, 7647070.025078635662794 ], [ 421740.000979479169473, 7646858.199818816967309 ] ] ] } },
{ "type": "Feature", "properties": { "fid": 463.0, "COMPR_M": 361.29, "CLASSE": "03 - Média", "CD_FAZ": "400286", "TALHOES": "1", "FAZ_tAL": "400286001", "ID_LINHA": 95464 }, "geometry": { "type": "MultiLineString", "coordinates": [ [ [ 421450.09729223465547, 7647075.544464215636253 ], [ 421742.62466655211756, 7646863.707863921299577 ] ] ] } },
{ "type": "Feature", "properties": { "fid": 464.0, "COMPR_M": 361.3, "CLASSE": "03 - Média", "CD_FAZ": "400286", "TALHOES": "1", "FAZ_tAL": "400286001", "ID_LINHA": 95465 }, "geometry": { "type": "MultiLineString", "coordinates": [ [ [ 421451.401305683830287, 7647078.304156999103725 ], [ 421743.936510086350609, 7646866.461886472068727 ] ] ] } },
{ "type": "Feature", "properties": { "fid": 465.0, "COMPR_M": 361.31, "CLASSE": "03 - Média", "CD_FAZ": "400286", "TALHOES": "1", "FAZ_tAL": "400286001", "ID_LINHA": 95466 }, "geometry": { "type": "MultiLineString", "coordinates": [ [ [ 421452.705319130560383, 7647081.063849786296487 ], [ 421745.248353622388095, 7646869.2159090237692 ] ] ] } },
{ "type": "Feature", "properties": { "fid": 466.0, "COMPR_M": 361.32, "CLASSE": "03 - Média", "CD_FAZ": "400286", "TALHOES": "1", "FAZ_tAL": "400286001", "ID_LINHA": 95467 }, "geometry": { "type": "MultiLineString", "coordinates": [ [ [ 421454.009332578745671, 7647083.823542574420571 ], [ 421746.56019715894945, 7646871.969931575469673 ] ] ] } },
{ "type": "Feature", "properties": { "fid": 467.0, "COMPR_M": 361.33, "CLASSE": "03 - Média", "CD_FAZ": "400286", "TALHOES": "1", "FAZ_tAL": "400286001", "ID_LINHA": 95468 }, "geometry": { "type": "MultiLineString", "coordinates": [ [ [ 421455.31334602588322, 7647086.583235360682011 ], [ 421747.872040693939198, 7646874.723954126238823 ] ] ] } },
{ "type": "Feature", "properties": { "fid": 468.0, "COMPR_M": 361.34, "CLASSE": "03 - Média", "CD_FAZ": "400286", "TALHOES": "1", "FAZ_tAL": "400286001", "ID_LINHA": 95469 }, "geometry": { "type": "MultiLineString", "coordinates": [ [ [ 421456.6173594732536, 7647089.342928147874773 ], [ 421749.183884230791591, 7646877.477976677939296 ] ] ] } },
{ "type": "Feature", "properties": { "fid": 469.0, "COMPR_M": 361.36, "CLASSE": "03 - Média", "CD_FAZ": "400286", "TALHOES": "1", "FAZ_tAL": "400286001", "ID_LINHA": 95470 }, "geometry": { "type": "MultiLineString", "coordinates": [ [ [ 421459.22538636851823, 7647094.862313723191619 ], [ 421751.807571301935241, 7646882.986021782271564 ] ] ] } },
{ "type": "Feature", "properties": { "fid": 470.0, "COMPR_M": 361.37, "CLASSE": "03 - Média", "CD_FAZ": "400286", "TALHOES": "1", "FAZ_tAL": "400286001", "ID_LINHA": 95471 }, "geometry": { "type": "MultiLineString", "coordinates": [ [ [ 421460.529399815713987, 7647097.622006511315703 ], [ 421753.119414837507065, 7646885.740044333972037 ] ] ] } },
{ "type": "Feature", "properties": { "fid": 471.0, "COMPR_M": 361.38, "CLASSE": "03 - Média", "CD_FAZ": "400286", "TALHOES": "1", "FAZ_tAL": "400286001", "ID_LINHA": 95472 }, "geometry": { "type": "MultiLineString", "coordinates": [ [ [ 421461.833413263899274, 7647100.381699299439788 ], [ 421754.431258372263983, 7646888.49406688567251 ] ] ] } },
{ "type": "Feature", "properties": { "fid": 472.0, "COMPR_M": 361.39, "CLASSE": "03 - Média", "CD_FAZ": "400286", "TALHOES": "1", "FAZ_tAL": "400286001", "ID_LINHA": 95473 }, "geometry": { "type": "MultiLineString", "coordinates": [ [ [ 421463.137426711560693, 7647103.141392082907259 ], [ 421755.743101908243261, 7646891.248089434579015 ] ] ] } },
{ "type": "Feature", "properties": { "fid": 473.0, "COMPR_M": 361.4, "CLASSE": "03 - Média", "CD_FAZ": "400286", "TALHOES": "1", "FAZ_tAL": "400286001", "ID_LINHA": 95474 }, "geometry": { "type": "MultiLineString", "coordinates": [ [ [ 421464.441440159454942, 7647105.901084873825312 ], [ 421757.054945443291217, 7646894.00211198721081 ] ] ] } },
{ "type": "Feature", "properties": { "fid": 474.0, "COMPR_M": 361.41, "CLASSE": "03 - Média", "CD_FAZ": "400286", "TALHOES": "1", "FAZ_tAL": "400286001", "ID_LINHA": 95475 }, "geometry": { "type": "MultiLineString", "coordinates": [ [ [ 421465.745453607523814, 7647108.660777661018074 ], [ 421758.366788980085403, 7646896.75613453797996 ] ] ] } },
{ "type": "Feature", "properties": { "fid": 475.0, "COMPR_M": 361.43, "CLASSE": "03 - Média", "CD_FAZ": "400286", "TALHOES": "1", "FAZ_tAL": "400286001", "ID_LINHA": 95476 }, "geometry": { "type": "MultiLineString", "coordinates": [ [ [ 421468.353480502264574, 7647114.180163238197565 ], [ 421760.990476051229052, 7646902.264179643243551 ] ] ] } },
{ "type": "Feature", "properties": { "fid": 476.0, "COMPR_M": 361.44, "CLASSE": "03 - Média", "CD_FAZ": "400286", "TALHOES": "1", "FAZ_tAL": "400286001", "ID_LINHA": 95477 }, "geometry": { "type": "MultiLineString", "coordinates": [ [ [ 421469.657493949576747, 7647116.939856024459004 ], [ 421762.302319586917292, 7646905.018202193081379 ] ] ] } },
{ "type": "Feature", "properties": { "fid": 477.0, "COMPR_M": 361.45, "CLASSE": "03 - Média", "CD_FAZ": "400286", "TALHOES": "1", "FAZ_tAL": "400286001", "ID_LINHA": 95478 }, "geometry": { "type": "MultiLineString", "coordinates": [ [ [ 421470.96150739712175, 7647119.699548812583089 ], [ 421763.61416312365327, 7646907.772224744781852 ] ] ] } },
{ "type": "Feature", "properties": { "fid": 478.0, "COMPR_M": 361.46, "CLASSE": "03 - Média", "CD_FAZ": "400286", "TALHOES": "1", "FAZ_tAL": "400286001", "ID_LINHA": 95479 }, "geometry": { "type": "MultiLineString", "coordinates": [ [ [ 421472.265520843560807, 7647122.459241596981883 ], [ 421764.926006658875849, 7646910.52624729834497 ] ] ] } },
{ "type": "Feature", "properties": { "fid": 479.0, "COMPR_M": 361.47, "CLASSE": "03 - Média", "CD_FAZ": "400286", "TALHOES": "1", "FAZ_tAL": "400286001", "ID_LINHA": 95480 }, "geometry": { "type": "MultiLineString", "coordinates": [ [ [ 421473.569534292793833, 7647125.218934386968613 ], [ 421766.237850194622297, 7646913.280269848182797 ] ] ] } },
{ "type": "Feature", "properties": { "fid": 480.0, "COMPR_M": 361.48, "CLASSE": "03 - Média", "CD_FAZ": "400286", "TALHOES": "1", "FAZ_tAL": "400286001", "ID_LINHA": 95481 }, "geometry": { "type": "MultiLineString", "coordinates": [ [ [ 421474.873547740222421, 7647127.978627173230052 ], [ 421767.549693728797138, 7646916.03429239988327 ] ] ] } },
{ "type": "Feature", "properties": { "fid": 481.0, "COMPR_M": 361.49, "CLASSE": "03 - Média", "CD_FAZ": "400286", "TALHOES": "1", "FAZ_tAL": "400286001", "ID_LINHA": 95482 }, "geometry": { "type": "MultiLineString", "coordinates": [ [ [ 421477.481574635021389, 7647133.498012750409544 ], [ 421770.173380801919848, 7646921.542337503284216 ] ] ] } },
{ "type": "Feature", "properties": { "fid": 482.0, "COMPR_M": 361.5, "CLASSE": "03 - Média", "CD_FAZ": "400286", "TALHOES": "1", "FAZ_tAL": "400286001", "ID_LINHA": 95483 }, "geometry": { "type": "MultiLineString", "coordinates": [ [ [ 421478.785588083032053, 7647136.257705538533628 ], [ 421771.485224336851388, 7646924.296360056847334 ] ] ] } },
{ "type": "Feature", "properties": { "fid": 483.0, "COMPR_M": 361.51, "CLASSE": "03 - Média", "CD_FAZ": "400286", "TALHOES": "1", "FAZ_tAL": "400286001", "ID_LINHA": 95484 }, "geometry": { "type": "MultiLineString", "coordinates": [ [ [ 421480.089601530577056, 7647139.017398322932422 ], [ 421772.797067872947082, 7646927.050382604822516 ] ] ] } },
{ "type": "Feature", "properties": { "fid": 484.0, "COMPR_M": 361.52, "CLASSE": "03 - Média", "CD_FAZ": "400286", "TALHOES": "1", "FAZ_tAL": "400286001", "ID_LINHA": 95485 }, "geometry": { "type": "MultiLineString", "coordinates": [ [ [ 421481.393614978296682, 7647141.777091111987829 ], [ 421774.108911407471169, 7646929.804405158385634 ] ] ] } },
{ "type": "Feature", "properties": { "fid": 485.0, "COMPR_M": 361.53, "CLASSE": "03 - Média", "CD_FAZ": "400286", "TALHOES": "1", "FAZ_tAL": "400286001", "ID_LINHA": 95486 }, "geometry": { "type": "MultiLineString", "coordinates": [ [ [ 421482.697628425550647, 7647144.536783900111914 ], [ 421775.420754944439977, 7646932.558427708223462 ] ] ] } },
{ "type": "Feature", "properties": { "fid": 486.0, "COMPR_M": 361.54, "CLASSE": "03 - Média", "CD_FAZ": "400286", "TALHOES": "1", "FAZ_tAL": "400286001", "ID_LINHA": 95487 }, "geometry": { "type": "MultiLineString", "coordinates": [ [ [ 421484.001641873677727, 7647147.29647668544203 ], [ 421776.732598479255103, 7646935.31245026178658 ] ] ] } },
{ "type": "Feature", "properties": { "fid": 487.0, "COMPR_M": 361.56, "CLASSE": "03 - Média", "CD_FAZ": "400286", "TALHOES": "1", "FAZ_tAL": "400286001", "ID_LINHA": 95488 }, "geometry": { "type": "MultiLineString", "coordinates": [ [ [ 421486.609668768476695, 7647152.815862262621522 ], [ 421779.356285550864413, 7646940.820495363324881 ] ] ] } },
{ "type": "Feature", "properties": { "fid": 488.0, "COMPR_M": 361.57, "CLASSE": "03 - Média", "CD_FAZ": "400286", "TALHOES": "1", "FAZ_tAL": "400286001", "ID_LINHA": 95489 }, "geometry": { "type": "MultiLineString", "coordinates": [ [ [ 421487.913682215788867, 7647155.575555050745606 ], [ 421780.668129087076522, 7646943.574517915025353 ] ] ] } },
{ "type": "Feature", "properties": { "fid": 489.0, "COMPR_M": 361.58, "CLASSE": "03 - Média", "CD_FAZ": "400286", "TALHOES": "1", "FAZ_tAL": "400286001", "ID_LINHA": 95490 }, "geometry": { "type": "MultiLineString", "coordinates": [ [ [ 421489.217695663974155, 7647158.335247837007046 ], [ 421781.979972622357309, 7646946.328540468588471 ] ] ] } },
{ "type": "Feature", "properties": { "fid": 490.0, "COMPR_M": 361.59, "CLASSE": "03 - Média", "CD_FAZ": "400286", "TALHOES": "1", "FAZ_tAL": "400286001", "ID_LINHA": 95491 }, "geometry": { "type": "MultiLineString", "coordinates": [ [ [ 421490.521709110995289, 7647161.09494062513113 ], [ 421783.291816158860456, 7646949.082563017494977 ] ] ] } },
{ "type": "Feature", "properties": { "fid": 491.0, "COMPR_M": 361.6, "CLASSE": "03 - Média", "CD_FAZ": "400286", "TALHOES": "1", "FAZ_tAL": "400286001", "ID_LINHA": 95492 }, "geometry": { "type": "MultiLineString", "coordinates": [ [ [ 421491.825722558889538, 7647163.854633410461247 ], [ 421784.603659694432281, 7646951.836585571989417 ] ] ] } },
{ "type": "Feature", "properties": { "fid": 492.0, "COMPR_M": 361.61, "CLASSE": "03 - Média", "CD_FAZ": "400286", "TALHOES": "1", "FAZ_tAL": "400286001", "ID_LINHA": 95493 }, "geometry": { "type": "MultiLineString", "coordinates": [ [ [ 421493.12973600497935, 7647166.614326199516654 ], [ 421785.915503230411559, 7646954.59060812368989 ] ] ] } },
{ "type": "Feature", "properties": { "fid": 493.0, "COMPR_M": 361.63, "CLASSE": "03 - Média", "CD_FAZ": "400286", "TALHOES": "1", "FAZ_tAL": "400286001", "ID_LINHA": 95494 }, "geometry": { "type": "MultiLineString", "coordinates": [ [ [ 421495.737762900942471, 7647172.133711775764823 ], [ 421788.539190301846247, 7646960.098653227090836 ] ] ] } },
{ "type": "Feature", "properties": { "fid": 494.0, "COMPR_M": 361.64, "CLASSE": "03 - Média", "CD_FAZ": "400286", "TALHOES": "1", "FAZ_tAL": "400286001", "ID_LINHA": 95495 }, "geometry": { "type": "MultiLineString", "coordinates": [ [ [ 421497.041776349477004, 7647174.893404562957585 ], [ 421789.851033837243449, 7646962.852675778791308 ] ] ] } },
{ "type": "Feature", "properties": { "fid": 495.0, "COMPR_M": 361.65, "CLASSE": "03 - Média", "CD_FAZ": "400286", "TALHOES": "1", "FAZ_tAL": "400286001", "ID_LINHA": 95496 }, "geometry": { "type": "MultiLineString", "coordinates": [ [ [ 421498.345789796323515, 7647177.653097347356379 ], [ 421791.162877372466028, 7646965.606698328629136 ] ] ] } },
{ "type": "Feature", "properties": { "fid": 496.0, "COMPR_M": 361.66, "CLASSE": "03 - Média", "CD_FAZ": "400286", "TALHOES": "1", "FAZ_tAL": "400286001", "ID_LINHA": 95497 }, "geometry": { "type": "MultiLineString", "coordinates": [ [ [ 421499.649803243228234, 7647180.412790135480464 ], [ 421792.47472090809606, 7646968.360720879398286 ] ] ] } },
{ "type": "Feature", "properties": { "fid": 497.0, "COMPR_M": 361.67, "CLASSE": "03 - Média", "CD_FAZ": "400286", "TALHOES": "1", "FAZ_tAL": "400286001", "ID_LINHA": 95498 }, "geometry": { "type": "MultiLineString", "coordinates": [ [ [ 421500.953816692344844, 7647183.172482925467193 ], [ 421793.786564444832038, 7646971.114743432030082 ] ] ] } },
{ "type": "Feature", "properties": { "fid": 498.0, "COMPR_M": 361.68, "CLASSE": "03 - Média", "CD_FAZ": "400286", "TALHOES": "1", "FAZ_tAL": "400286001", "ID_LINHA": 95499 }, "geometry": { "type": "MultiLineString", "coordinates": [ [ [ 421502.254557036969345, 7647185.934545962139964 ], [ 421795.098407978774048, 7646973.868765983730555 ] ] ] } },
{ "type": "Feature", "properties": { "fid": 499.0, "COMPR_M": 361.71, "CLASSE": "03 - Média", "CD_FAZ": "400286", "TALHOES": "1", "FAZ_tAL": "400286001", "ID_LINHA": 95500 }, "geometry": { "type": "MultiLineString", "coordinates": [ [ [ 421504.854395196947735, 7647191.459861492738128 ], [ 421797.722095051838551, 7646979.376811088994145 ] ] ] } },
{ "type": "Feature", "properties": { "fid": 500.0, "COMPR_M": 361.73, "CLASSE": "03 - Média", "CD_FAZ": "400286", "TALHOES": "1", "FAZ_tAL": "400286001", "ID_LINHA": 95501 }, "geometry": { "type": "MultiLineString", "coordinates": [ [ [ 421506.154314276587684, 7647194.222519254311919 ], [ 421799.033938587119337, 7646982.130833638831973 ] ] ] } },
{ "type": "Feature", "properties": { "fid": 501.0, "COMPR_M": 361.74, "CLASSE": "03 - Média", "CD_FAZ": "400286", "TALHOES": "1", "FAZ_tAL": "400286001", "ID_LINHA": 95502 }, "geometry": { "type": "MultiLineString", "coordinates": [ [ [ 421507.454233356227633, 7647196.985177019611001 ], [ 421800.345782122109085, 7646984.884856188669801 ] ] ] } },
{ "type": "Feature", "properties": { "fid": 502.0, "COMPR_M": 361.76, "CLASSE": "03 - Média", "CD_FAZ": "400286", "TALHOES": "1", "FAZ_tAL": "400286001", "ID_LINHA": 95503 }, "geometry": { "type": "MultiLineString", "coordinates": [ [ [ 421508.754152436507866, 7647199.747834783047438 ], [ 421801.65762565692421, 7646987.638878742232919 ] ] ] } },
{ "type": "Feature", "properties": { "fid": 503.0, "COMPR_M": 361.77, "CLASSE": "03 - Média", "CD_FAZ": "400286", "TALHOES": "1", "FAZ_tAL": "400286001", "ID_LINHA": 95504 }, "geometry": { "type": "MultiLineString", "coordinates": [ [ [ 421510.054071515449323, 7647202.510492548346519 ], [ 421802.969469194184057, 7646990.392901293002069 ] ] ] } },
{ "type": "Feature", "properties": { "fid": 504.0, "COMPR_M": 361.79, "CLASSE": "03 - Média", "CD_FAZ": "400286", "TALHOES": "1", "FAZ_tAL": "400286001", "ID_LINHA": 95505 }, "geometry": { "type": "MultiLineString", "coordinates": [ [ [ 421511.353990595671348, 7647205.273150315508246 ], [ 421804.281312729173806, 7646993.146923845633864 ] ] ] } },
{ "type": "Feature", "properties": { "fid": 505.0, "COMPR_M": 361.82, "CLASSE": "03 - Média", "CD_FAZ": "400286", "TALHOES": "1", "FAZ_tAL": "400286001", "ID_LINHA": 95506 }, "geometry": { "type": "MultiLineString", "coordinates": [ [ [ 421513.953828754834831, 7647210.798465844243765 ], [ 421806.904999799910001, 7646998.654968948103487 ] ] ] } },
{ "type": "Feature", "properties": { "fid": 506.0, "COMPR_M": 361.83, "CLASSE": "03 - Média", "CD_FAZ": "400286", "TALHOES": "1", "FAZ_tAL": "400286001", "ID_LINHA": 95507 }, "geometry": { "type": "MultiLineString", "coordinates": [ [ [ 421515.253747834358364, 7647213.561123608611524 ], [ 421808.216843336937018, 7647001.408991498872638 ] ] ] } },
{ "type": "Feature", "properties": { "fid": 507.0, "COMPR_M": 361.84, "CLASSE": "03 - Média", "CD_FAZ": "400286", "TALHOES": "1", "FAZ_tAL": "400286001", "ID_LINHA": 95508 }, "geometry": { "type": "MultiLineString", "coordinates": [ [ [ 421516.553666913881898, 7647216.323781373910606 ], [ 421809.528686872450635, 7647004.163014048710465 ] ] ] } },
{ "type": "Feature", "properties": { "fid": 508.0, "COMPR_M": 361.86, "CLASSE": "03 - Média", "CD_FAZ": "400286", "TALHOES": "1", "FAZ_tAL": "400286001", "ID_LINHA": 95509 }, "geometry": { "type": "MultiLineString", "coordinates": [ [ [ 421517.853585994103923, 7647219.08643914014101 ], [ 421810.840530406974722, 7647006.917036604136229 ] ] ] } },
{ "type": "Feature", "properties": { "fid": 509.0, "COMPR_M": 361.87, "CLASSE": "03 - Média", "CD_FAZ": "400286", "TALHOES": "1", "FAZ_tAL": "400286001", "ID_LINHA": 95510 }, "geometry": { "type": "MultiLineString", "coordinates": [ [ [ 421519.153505072230473, 7647221.849096902646124 ], [ 421812.152373943361454, 7647009.671059153974056 ] ] ] } },
{ "type": "Feature", "properties": { "fid": 510.0, "COMPR_M": 361.89, "CLASSE": "03 - Média", "CD_FAZ": "400286", "TALHOES": "1", "FAZ_tAL": "400286001", "ID_LINHA": 95511 }, "geometry": { "type": "MultiLineString", "coordinates": [ [ [ 421520.453424153034575, 7647224.611754667945206 ], [ 421813.464217479457147, 7647012.425081705674529 ] ] ] } },
{ "type": "Feature", "properties": { "fid": 511.0, "COMPR_M": 361.92, "CLASSE": "03 - Média", "CD_FAZ": "400286", "TALHOES": "1", "FAZ_tAL": "400286001", "ID_LINHA": 95512 }, "geometry": { "type": "MultiLineString", "coordinates": [ [ [ 421523.053262311907019, 7647230.137070197612047 ], [ 421816.087904551008251, 7647017.933126811869442 ] ] ] } },
{ "type": "Feature", "properties": { "fid": 512.0, "COMPR_M": 361.93, "CLASSE": "03 - Média", "CD_FAZ": "400286", "TALHOES": "1", "FAZ_tAL": "400286001", "ID_LINHA": 95513 }, "geometry": { "type": "MultiLineString", "coordinates": [ [ [ 421524.35318139201263, 7647232.899727961048484 ], [ 421817.399748085183091, 7647020.687149358913302 ] ] ] } },
{ "type": "Feature", "properties": { "fid": 513.0, "COMPR_M": 361.95, "CLASSE": "03 - Média", "CD_FAZ": "400286", "TALHOES": "1", "FAZ_tAL": "400286001", "ID_LINHA": 95514 }, "geometry": { "type": "MultiLineString", "coordinates": [ [ [ 421525.65310047136154, 7647235.662385724484921 ], [ 421818.711591622326523, 7647023.441171913407743 ] ] ] } },
{ "type": "Feature", "properties": { "fid": 514.0, "COMPR_M": 361.96, "CLASSE": "03 - Média", "CD_FAZ": "400286", "TALHOES": "1", "FAZ_tAL": "400286001", "ID_LINHA": 95515 }, "geometry": { "type": "MultiLineString", "coordinates": [ [ [ 421526.953019551350735, 7647238.425043491646647 ], [ 421820.023435158014763, 7647026.195194462314248 ] ] ] } },
{ "type": "Feature", "properties": { "fid": 515.0, "COMPR_M": 361.98, "CLASSE": "03 - Média", "CD_FAZ": "400286", "TALHOES": "1", "FAZ_tAL": "400286001", "ID_LINHA": 95516 }, "geometry": { "type": "MultiLineString", "coordinates": [ [ [ 421528.252938632038422, 7647241.187701257877052 ], [ 421821.335278694052249, 7647028.949217015877366 ] ] ] } },
{ "type": "Feature", "properties": { "fid": 516.0, "COMPR_M": 361.99, "CLASSE": "03 - Média", "CD_FAZ": "400286", "TALHOES": "1", "FAZ_tAL": "400286001", "ID_LINHA": 95517 }, "geometry": { "type": "MultiLineString", "coordinates": [ [ [ 421529.552857711329125, 7647243.950359020382166 ], [ 421822.647122229274828, 7647031.703239565715194 ] ] ] } },
{ "type": "Feature", "properties": { "fid": 517.0, "COMPR_M": 362.02, "CLASSE": "03 - Média", "CD_FAZ": "400286", "TALHOES": "1", "FAZ_tAL": "400286001", "ID_LINHA": 95518 }, "geometry": { "type": "MultiLineString", "coordinates": [ [ [ 421532.152695870492607, 7647249.475674548186362 ], [ 421825.270809301582631, 7647037.211284667253494 ] ] ] } },
{ "type": "Feature", "properties": { "fid": 518.0, "COMPR_M": 362.04, "CLASSE": "03 - Média", "CD_FAZ": "400286", "TALHOES": "1", "FAZ_tAL": "400286001", "ID_LINHA": 95519 }, "geometry": { "type": "MultiLineString", "coordinates": [ [ [ 421533.452614950365387, 7647252.238332314416766 ], [ 421826.582652836747002, 7647039.965307220816612 ] ] ] } },
{ "type": "Feature", "properties": { "fid": 519.0, "COMPR_M": 362.05, "CLASSE": "03 - Média", "CD_FAZ": "400286", "TALHOES": "1", "FAZ_tAL": "400286001", "ID_LINHA": 95520 }, "geometry": { "type": "MultiLineString", "coordinates": [ [ [ 421534.752534030238166, 7647255.000990079715848 ], [ 421827.894496372318827, 7647042.719329773448408 ] ] ] } },
{ "type": "Feature", "properties": { "fid": 520.0, "COMPR_M": 362.07, "CLASSE": "03 - Média", "CD_FAZ": "400286", "TALHOES": "1", "FAZ_tAL": "400286001", "ID_LINHA": 95521 }, "geometry": { "type": "MultiLineString", "coordinates": [ [ [ 421536.052453108713962, 7647257.763647844083607 ], [ 421829.206339907599613, 7647045.473352324217558 ] ] ] } },
{ "type": "Feature", "properties": { "fid": 521.0, "COMPR_M": 362.08, "CLASSE": "03 - Média", "CD_FAZ": "400286", "TALHOES": "1", "FAZ_tAL": "400286001", "ID_LINHA": 95522 }, "geometry": { "type": "MultiLineString", "coordinates": [ [ [ 421537.352372189168818, 7647260.526305608451366 ], [ 421830.518183442065492, 7647048.227374875918031 ] ] ] } },
{ "type": "Feature", "properties": { "fid": 522.0, "COMPR_M": 362.09, "CLASSE": "03 - Média", "CD_FAZ": "400286", "TALHOES": "1", "FAZ_tAL": "400286001", "ID_LINHA": 95523 }, "geometry": { "type": "MultiLineString", "coordinates": [ [ [ 421538.652291267586406, 7647263.288963371887803 ], [ 421831.830026979616378, 7647050.981397429481149 ] ] ] } },
{ "type": "Feature", "properties": { "fid": 523.0, "COMPR_M": 362.12, "CLASSE": "03 - Média", "CD_FAZ": "400286", "TALHOES": "1", "FAZ_tAL": "400286001", "ID_LINHA": 95524 }, "geometry": { "type": "MultiLineString", "coordinates": [ [ [ 421541.252129428263288, 7647268.814278904348612 ], [ 421834.453714050585404, 7647056.489442530088127 ] ] ] } },
{ "type": "Feature", "properties": { "fid": 524.0, "COMPR_M": 362.14, "CLASSE": "03 - Média", "CD_FAZ": "400286", "TALHOES": "1", "FAZ_tAL": "400286001", "ID_LINHA": 95525 }, "geometry": { "type": "MultiLineString", "coordinates": [ [ [ 421542.552048507961445, 7647271.576936667785048 ], [ 421835.765557586099021, 7647059.243465082719922 ] ] ] } },
{ "type": "Feature", "properties": { "fid": 525.0, "COMPR_M": 362.15, "CLASSE": "03 - Média", "CD_FAZ": "400286", "TALHOES": "1", "FAZ_tAL": "400286001", "ID_LINHA": 95526 }, "geometry": { "type": "MultiLineString", "coordinates": [ [ [ 421543.851967587543186, 7647274.339594432152808 ], [ 421837.077401120681316, 7647061.997487634420395 ] ] ] } },
{ "type": "Feature", "properties": { "fid": 526.0, "COMPR_M": 362.17, "CLASSE": "03 - Média", "CD_FAZ": "400286", "TALHOES": "1", "FAZ_tAL": "400286001", "ID_LINHA": 95527 }, "geometry": { "type": "MultiLineString", "coordinates": [ [ [ 421545.151886668405496, 7647277.102252199314535 ], [ 421838.389244657591917, 7647064.751510186120868 ] ] ] } },
{ "type": "Feature", "properties": { "fid": 527.0, "COMPR_M": 362.18, "CLASSE": "03 - Média", "CD_FAZ": "400286", "TALHOES": "1", "FAZ_tAL": "400286001", "ID_LINHA": 95528 }, "geometry": { "type": "MultiLineString", "coordinates": [ [ [ 421546.451805746648461, 7647279.864909961819649 ], [ 421839.701088193047326, 7647067.505532737821341 ] ] ] } },
{ "type": "Feature", "properties": { "fid": 528.0, "COMPR_M": 362.2, "CLASSE": "03 - Média", "CD_FAZ": "400286", "TALHOES": "1", "FAZ_tAL": "400286001", "ID_LINHA": 95529 }, "geometry": { "type": "MultiLineString", "coordinates": [ [ [ 421547.751724826812278, 7647282.627567728981376 ], [ 421841.012931727513205, 7647070.259555288590491 ] ] ] } },
{ "type": "Feature", "properties": { "fid": 529.0, "COMPR_M": 362.23, "CLASSE": "03 - Média", "CD_FAZ": "400286", "TALHOES": "1", "FAZ_tAL": "400286001", "ID_LINHA": 95530 }, "geometry": { "type": "MultiLineString", "coordinates": [ [ [ 421550.351562987023499, 7647288.152883253991604 ], [ 421843.636618801101577, 7647075.767600391060114 ] ] ] } },
{ "type": "Feature", "properties": { "fid": 530.0, "COMPR_M": 362.24, "CLASSE": "03 - Média", "CD_FAZ": "400286", "TALHOES": "1", "FAZ_tAL": "400286001", "ID_LINHA": 95531 }, "geometry": { "type": "MultiLineString", "coordinates": [ [ [ 421551.651482066372409, 7647290.915541019290686 ], [ 421844.948462334868964, 7647078.521622943691909 ] ] ] } },
{ "type": "Feature", "properties": { "fid": 531.0, "COMPR_M": 362.26, "CLASSE": "03 - Média", "CD_FAZ": "400286", "TALHOES": "1", "FAZ_tAL": "400286001", "ID_LINHA": 95532 }, "geometry": { "type": "MultiLineString", "coordinates": [ [ [ 421552.95140114572132, 7647293.678198784589767 ], [ 421846.260305871022865, 7647081.275645495392382 ] ] ] } },
{ "type": "Feature", "properties": { "fid": 532.0, "COMPR_M": 362.27, "CLASSE": "03 - Média", "CD_FAZ": "400286", "TALHOES": "1", "FAZ_tAL": "400286001", "ID_LINHA": 95533 }, "geometry": { "type": "MultiLineString", "coordinates": [ [ [ 421554.251320225012023, 7647296.440856549888849 ], [ 421847.57214940758422, 7647084.029668047092855 ] ] ] } },
{ "type": "Feature", "properties": { "fid": 533.0, "COMPR_M": 362.29, "CLASSE": "03 - Média", "CD_FAZ": "400286", "TALHOES": "1", "FAZ_tAL": "400286001", "ID_LINHA": 95534 }, "geometry": { "type": "MultiLineString", "coordinates": [ [ [ 421555.551239304884803, 7647299.203514314256608 ], [ 421848.88399294327246, 7647086.783690598793328 ] ] ] } },
{ "type": "Feature", "properties": { "fid": 534.0, "COMPR_M": 362.3, "CLASSE": "03 - Média", "CD_FAZ": "400286", "TALHOES": "1", "FAZ_tAL": "400286001", "ID_LINHA": 95535 }, "geometry": { "type": "MultiLineString", "coordinates": [ [ [ 421556.851158384757582, 7647301.96617207955569 ], [ 421850.195836478029378, 7647089.537713147699833 ] ] ] } },
{ "type": "Feature", "properties": { "fid": 535.0, "COMPR_M": 362.33, "CLASSE": "03 - Média", "CD_FAZ": "400286", "TALHOES": "1", "FAZ_tAL": "400286001", "ID_LINHA": 95536 }, "geometry": { "type": "MultiLineString", "coordinates": [ [ [ 421559.450996544328518, 7647307.491487608291209 ], [ 421852.819523550744634, 7647095.045758252963424 ] ] ] } },
{ "type": "Feature", "properties": { "fid": 536.0, "COMPR_M": 362.35, "CLASSE": "03 - Média", "CD_FAZ": "400286", "TALHOES": "1", "FAZ_tAL": "400286001", "ID_LINHA": 95537 }, "geometry": { "type": "MultiLineString", "coordinates": [ [ [ 421560.750915622746106, 7647310.254145375452936 ], [ 421854.131367085443344, 7647097.799780804663897 ] ] ] } },
{ "type": "Feature", "properties": { "fid": 537.0, "COMPR_M": 362.36, "CLASSE": "03 - Média", "CD_FAZ": "400286", "TALHOES": "1", "FAZ_tAL": "400286001", "ID_LINHA": 95538 }, "geometry": { "type": "MultiLineString", "coordinates": [ [ [ 421562.050834703724831, 7647313.016803136095405 ], [ 421855.443210621830076, 7647100.553803355433047 ] ] ] } },
{ "type": "Feature", "properties": { "fid": 538.0, "COMPR_M": 362.37, "CLASSE": "03 - Média", "CD_FAZ": "400286", "TALHOES": "1", "FAZ_tAL": "400286001", "ID_LINHA": 95539 }, "geometry": { "type": "MultiLineString", "coordinates": [ [ [ 421563.35075378138572, 7647315.779460905119777 ], [ 421856.755054157285485, 7647103.307825908064842 ] ] ] } },
{ "type": "Feature", "properties": { "fid": 539.0, "COMPR_M": 362.39, "CLASSE": "03 - Média", "CD_FAZ": "400286", "TALHOES": "1", "FAZ_tAL": "400286001", "ID_LINHA": 95540 }, "geometry": { "type": "MultiLineString", "coordinates": [ [ [ 421564.650672862888314, 7647318.542118666693568 ], [ 421858.066897693148348, 7647106.06184846162796 ] ] ] } },
{ "type": "Feature", "properties": { "fid": 540.0, "COMPR_M": 362.4, "CLASSE": "03 - Média", "CD_FAZ": "400286", "TALHOES": "1", "FAZ_tAL": "400286001", "ID_LINHA": 95541 }, "geometry": { "type": "MultiLineString", "coordinates": [ [ [ 421565.950124048104044, 7647321.305115262046456 ], [ 421859.378741228836589, 7647108.81587100867182 ] ] ] } },
{ "type": "Feature", "properties": { "fid": 541.0, "COMPR_M": 362.49, "CLASSE": "03 - Média", "CD_FAZ": "400286", "TALHOES": "1", "FAZ_tAL": "400286001", "ID_LINHA": 95542 }, "geometry": { "type": "MultiLineString", "coordinates": [ [ [ 421568.503491932759061, 7647326.864082703366876 ], [ 421862.002428300620522, 7647114.323916116729379 ] ] ] } },
{ "type": "Feature", "properties": { "fid": 542.0, "COMPR_M": 362.54, "CLASSE": "03 - Média", "CD_FAZ": "400286", "TALHOES": "1", "FAZ_tAL": "400286001", "ID_LINHA": 95543 }, "geometry": { "type": "MultiLineString", "coordinates": [ [ [ 421569.780175873427652, 7647329.643566424027085 ], [ 421863.314271836134139, 7647117.077938666567206 ] ] ] } },
{ "type": "Feature", "properties": { "fid": 543.0, "COMPR_M": 362.58, "CLASSE": "03 - Média", "CD_FAZ": "400286", "TALHOES": "1", "FAZ_tAL": "400286001", "ID_LINHA": 95544 }, "geometry": { "type": "MultiLineString", "coordinates": [ [ [ 421571.056859815842472, 7647332.42305014282465 ], [ 421864.62611537007615, 7647119.831961218267679 ] ] ] } },
{ "type": "Feature", "properties": { "fid": 544.0, "COMPR_M": 362.62, "CLASSE": "03 - Média", "CD_FAZ": "400286", "TALHOES": "1", "FAZ_tAL": "400286001", "ID_LINHA": 95545 }, "geometry": { "type": "MultiLineString", "coordinates": [ [ [ 421572.333543758548331, 7647335.202533864416182 ], [ 421865.937958907685243, 7647122.585983768105507 ] ] ] } },
{ "type": "Feature", "properties": { "fid": 545.0, "COMPR_M": 362.67, "CLASSE": "03 - Média", "CD_FAZ": "400286", "TALHOES": "1", "FAZ_tAL": "400286001", "ID_LINHA": 95546 }, "geometry": { "type": "MultiLineString", "coordinates": [ [ [ 421573.61022769974079, 7647337.982017583213747 ], [ 421867.24980244244216, 7647125.34000631980598 ] ] ] } },
{ "type": "Feature", "properties": { "fid": 546.0, "COMPR_M": 362.71, "CLASSE": "03 - Média", "CD_FAZ": "400286", "TALHOES": "1", "FAZ_tAL": "400286001", "ID_LINHA": 95547 }, "geometry": { "type": "MultiLineString", "coordinates": [ [ [ 421574.886911641980987, 7647340.761501304805279 ], [ 421868.561645977606531, 7647128.094028869643807 ] ] ] } },
{ "type": "Feature", "properties": { "fid": 547.0, "COMPR_M": 362.8, "CLASSE": "03 - Média", "CD_FAZ": "400286", "TALHOES": "1", "FAZ_tAL": "400286001", "ID_LINHA": 95548 }, "geometry": { "type": "MultiLineString", "coordinates": [ [ [ 421577.440279525646474, 7647346.320468744263053 ], [ 421871.185333050379995, 7647133.602073973044753 ] ] ] } },
{ "type": "Feature", "properties": { "fid": 548.0, "COMPR_M": 362.84, "CLASSE": "03 - Média", "CD_FAZ": "400286", "TALHOES": "1", "FAZ_tAL": "400286001", "ID_LINHA": 95549 }, "geometry": { "type": "MultiLineString", "coordinates": [ [ [ 421578.716963467770256, 7647349.099952463060617 ], [ 421872.497176586010028, 7647136.356096528470516 ] ] ] } },
{ "type": "Feature", "properties": { "fid": 549.0, "COMPR_M": 362.88, "CLASSE": "03 - Média", "CD_FAZ": "400286", "TALHOES": "1", "FAZ_tAL": "400286001", "ID_LINHA": 95550 }, "geometry": { "type": "MultiLineString", "coordinates": [ [ [ 421579.993647408206016, 7647351.879436185583472 ], [ 421873.809020121465437, 7647139.110119080170989 ] ] ] } },
{ "type": "Feature", "properties": { "fid": 550.0, "COMPR_M": 362.93, "CLASSE": "03 - Média", "CD_FAZ": "400286", "TALHOES": "1", "FAZ_tAL": "400286001", "ID_LINHA": 95551 }, "geometry": { "type": "MultiLineString", "coordinates": [ [ [ 421581.270331351086497, 7647354.658919904381037 ], [ 421875.120863657211885, 7647141.864141628146172 ] ] ] } },
{ "type": "Feature", "properties": { "fid": 551.0, "COMPR_M": 362.97, "CLASSE": "03 - Média", "CD_FAZ": "400286", "TALHOES": "1", "FAZ_tAL": "400286001", "ID_LINHA": 95552 }, "geometry": { "type": "MultiLineString", "coordinates": [ [ [ 421582.54701529245358, 7647357.438403623178601 ], [ 421876.432707193423994, 7647144.618164178915322 ] ] ] } },
{ "type": "Feature", "properties": { "fid": 552.0, "COMPR_M": 363.01, "CLASSE": "03 - Média", "CD_FAZ": "400286", "TALHOES": "1", "FAZ_tAL": "400286001", "ID_LINHA": 95553 }, "geometry": { "type": "MultiLineString", "coordinates": [ [ [ 421583.823699235392269, 7647360.217887345701456 ], [ 421877.744550728646573, 7647147.372186733409762 ] ] ] } },
{ "type": "Feature", "properties": { "fid": 553.0, "COMPR_M": 363.1, "CLASSE": "03 - Média", "CD_FAZ": "400286", "TALHOES": "1", "FAZ_tAL": "400286001", "ID_LINHA": 95554 }, "geometry": { "type": "MultiLineString", "coordinates": [ [ [ 421586.377067118592095, 7647365.776854787953198 ], [ 421880.368237800372299, 7647152.880231833085418 ] ] ] } },
{ "type": "Feature", "properties": { "fid": 554.0, "COMPR_M": 363.14, "CLASSE": "03 - Média", "CD_FAZ": "400286", "TALHOES": "1", "FAZ_tAL": "400286001", "ID_LINHA": 95555 }, "geometry": { "type": "MultiLineString", "coordinates": [ [ [ 421587.653751061414368, 7647368.55633850581944 ], [ 421881.680081335478462, 7647155.634254388511181 ] ] ] } },
{ "type": "Feature", "properties": { "fid": 555.0, "COMPR_M": 363.19, "CLASSE": "03 - Média", "CD_FAZ": "400286", "TALHOES": "1", "FAZ_tAL": "400286001", "ID_LINHA": 95556 }, "geometry": { "type": "MultiLineString", "coordinates": [ [ [ 421588.930435002665035, 7647371.33582222647965 ], [ 421882.991924871632364, 7647158.388276938349009 ] ] ] } },
{ "type": "Feature", "properties": { "fid": 556.0, "COMPR_M": 363.23, "CLASSE": "03 - Média", "CD_FAZ": "400286", "TALHOES": "1", "FAZ_tAL": "400286001", "ID_LINHA": 95557 }, "geometry": { "type": "MultiLineString", "coordinates": [ [ [ 421590.207118944264948, 7647374.115305947139859 ], [ 421884.303768407495227, 7647161.142299490049481 ] ] ] } },
{ "type": "Feature", "properties": { "fid": 557.0, "COMPR_M": 363.27, "CLASSE": "03 - Média", "CD_FAZ": "400286", "TALHOES": "1", "FAZ_tAL": "400286001", "ID_LINHA": 95558 }, "geometry": { "type": "MultiLineString", "coordinates": [ [ [ 421591.483802884991746, 7647376.894789665937424 ], [ 421885.615611941786483, 7647163.896322042681277 ] ] ] } },
{ "type": "Feature", "properties": { "fid": 558.0, "COMPR_M": 363.32, "CLASSE": "03 - Média", "CD_FAZ": "400286", "TALHOES": "1", "FAZ_tAL": "400286001", "ID_LINHA": 95559 }, "geometry": { "type": "MultiLineString", "coordinates": [ [ [ 421592.760486827988643, 7647379.674273388460279 ], [ 421886.927455478464253, 7647166.650344595313072 ] ] ] } },
{ "type": "Feature", "properties": { "fid": 559.0, "COMPR_M": 363.4, "CLASSE": "03 - Média", "CD_FAZ": "400286", "TALHOES": "1", "FAZ_tAL": "400286001", "ID_LINHA": 95560 }, "geometry": { "type": "MultiLineString", "coordinates": [ [ [ 421595.313854712003376, 7647385.233240827918053 ], [ 421889.551142550306395, 7647172.158389696851373 ] ] ] } },
{ "type": "Feature", "properties": { "fid": 560.0, "COMPR_M": 363.45, "CLASSE": "03 - Média", "CD_FAZ": "400286", "TALHOES": "1", "FAZ_tAL": "400286001", "ID_LINHA": 95561 }, "geometry": { "type": "MultiLineString", "coordinates": [ [ [ 421596.590538654185366, 7647388.012724546715617 ], [ 421890.86298608611105, 7647174.912412250414491 ] ] ] } },
{ "type": "Feature", "properties": { "fid": 561.0, "COMPR_M": 363.49, "CLASSE": "03 - Média", "CD_FAZ": "400286", "TALHOES": "1", "FAZ_tAL": "400286001", "ID_LINHA": 95562 }, "geometry": { "type": "MultiLineString", "coordinates": [ [ [ 421597.867222596134525, 7647390.792208271101117 ], [ 421892.174829620984383, 7647177.666434799320996 ] ] ] } },
{ "type": "Feature", "properties": { "fid": 562.0, "COMPR_M": 363.53, "CLASSE": "03 - Média", "CD_FAZ": "400286", "TALHOES": "1", "FAZ_tAL": "400286001", "ID_LINHA": 95563 }, "geometry": { "type": "MultiLineString", "coordinates": [ [ [ 421599.143906536453869, 7647393.571691988036036 ], [ 421893.486673156963661, 7647180.420457351952791 ] ] ] } },
{ "type": "Feature", "properties": { "fid": 563.0, "COMPR_M": 363.58, "CLASSE": "03 - Média", "CD_FAZ": "400286", "TALHOES": "1", "FAZ_tAL": "400286001", "ID_LINHA": 95564 }, "geometry": { "type": "MultiLineString", "coordinates": [ [ [ 421600.420590479800012, 7647396.351175708696246 ], [ 421894.798516693233978, 7647183.174479905515909 ] ] ] } },
{ "type": "Feature", "properties": { "fid": 564.0, "COMPR_M": 363.62, "CLASSE": "03 - Média", "CD_FAZ": "400286", "TALHOES": "1", "FAZ_tAL": "400286001", "ID_LINHA": 95565 }, "geometry": { "type": "MultiLineString", "coordinates": [ [ [ 421601.697274421574548, 7647399.130659430287778 ], [ 421896.110360228572972, 7647185.928502453491092 ] ] ] } },
{ "type": "Feature", "properties": { "fid": 565.0, "COMPR_M": 363.71, "CLASSE": "03 - Média", "CD_FAZ": "400286", "TALHOES": "1", "FAZ_tAL": "400286001", "ID_LINHA": 95566 }, "geometry": { "type": "MultiLineString", "coordinates": [ [ [ 421604.250642305531073, 7647404.68962686881423 ], [ 421898.734047299192753, 7647191.436547558754683 ] ] ] } },
{ "type": "Feature", "properties": { "fid": 566.0, "COMPR_M": 363.75, "CLASSE": "03 - Média", "CD_FAZ": "400286", "TALHOES": "1", "FAZ_tAL": "400286001", "ID_LINHA": 95567 }, "geometry": { "type": "MultiLineString", "coordinates": [ [ [ 421605.527326247072779, 7647407.46911058947444 ], [ 421900.045890836336184, 7647194.19057010859251 ] ] ] } },
{ "type": "Feature", "properties": { "fid": 567.0, "COMPR_M": 363.79, "CLASSE": "03 - Média", "CD_FAZ": "400286", "TALHOES": "1", "FAZ_tAL": "400286001", "ID_LINHA": 95568 }, "geometry": { "type": "MultiLineString", "coordinates": [ [ [ 421606.808831021888182, 7647410.245103254914284 ], [ 421901.357734369928949, 7647196.944592662155628 ] ] ] } },
{ "type": "Feature", "properties": { "fid": 568.0, "COMPR_M": 363.8, "CLASSE": "03 - Média", "CD_FAZ": "400286", "TALHOES": "1", "FAZ_tAL": "400286001", "ID_LINHA": 95569 }, "geometry": { "type": "MultiLineString", "coordinates": [ [ [ 421608.100086732360069, 7647413.014034682884812 ], [ 421902.661941565340385, 7647199.704145145602524 ] ] ] } },
{ "type": "Feature", "properties": { "fid": 569.0, "COMPR_M": 363.82, "CLASSE": "03 - Média", "CD_FAZ": "400286", "TALHOES": "1", "FAZ_tAL": "400286001", "ID_LINHA": 95570 }, "geometry": { "type": "MultiLineString", "coordinates": [ [ [ 421609.391342442948371, 7647415.782966114580631 ], [ 421903.965161247295327, 7647202.464412746950984 ] ] ] } },
{ "type": "Feature", "properties": { "fid": 570.0, "COMPR_M": 363.83, "CLASSE": "03 - Média", "CD_FAZ": "400286", "TALHOES": "1", "FAZ_tAL": "400286001", "ID_LINHA": 95571 }, "geometry": { "type": "MultiLineString", "coordinates": [ [ [ 421610.682598153711297, 7647418.551897544413805 ], [ 421905.268380930530839, 7647205.224680345505476 ] ] ] } },
{ "type": "Feature", "properties": { "fid": 571.0, "COMPR_M": 363.86, "CLASSE": "03 - Média", "CD_FAZ": "400286", "TALHOES": "1", "FAZ_tAL": "400286001", "ID_LINHA": 95572 }, "geometry": { "type": "MultiLineString", "coordinates": [ [ [ 421613.265109574771486, 7647424.089760402217507 ], [ 421907.874820294091478, 7647210.745215550065041 ] ] ] } },
{ "type": "Feature", "properties": { "fid": 572.0, "COMPR_M": 363.88, "CLASSE": "03 - Média", "CD_FAZ": "400286", "TALHOES": "1", "FAZ_tAL": "400286001", "ID_LINHA": 95573 }, "geometry": { "type": "MultiLineString", "coordinates": [ [ [ 421614.556365286523942, 7647426.858691832050681 ], [ 421909.17803997581359, 7647213.505483148619533 ] ] ] } },
{ "type": "Feature", "properties": { "fid": 573.0, "COMPR_M": 363.89, "CLASSE": "03 - Média", "CD_FAZ": "400286", "TALHOES": "1", "FAZ_tAL": "400286001", "ID_LINHA": 95574 }, "geometry": { "type": "MultiLineString", "coordinates": [ [ [ 421615.847620996355545, 7647429.627623261883855 ], [ 421910.481259657419287, 7647216.26575074903667 ] ] ] } },
{ "type": "Feature", "properties": { "fid": 574.0, "COMPR_M": 363.9, "CLASSE": "03 - Média", "CD_FAZ": "400286", "TALHOES": "1", "FAZ_tAL": "400286001", "ID_LINHA": 95575 }, "geometry": { "type": "MultiLineString", "coordinates": [ [ [ 421617.138876706943847, 7647432.396554689854383 ], [ 421911.776151608675718, 7647219.032048961147666 ] ] ] } },
{ "type": "Feature", "properties": { "fid": 575.0, "COMPR_M": 363.9, "CLASSE": "03 - Média", "CD_FAZ": "400286", "TALHOES": "1", "FAZ_tAL": "400286001", "ID_LINHA": 95576 }, "geometry": { "type": "MultiLineString", "coordinates": [ [ [ 421618.430132418288849, 7647435.165486119687557 ], [ 421913.068773616687395, 7647221.799990971572697 ] ] ] } },
{ "type": "Feature", "properties": { "fid": 576.0, "COMPR_M": 363.9, "CLASSE": "03 - Média", "CD_FAZ": "400286", "TALHOES": "1", "FAZ_tAL": "400286001", "ID_LINHA": 95577 }, "geometry": { "type": "MultiLineString", "coordinates": [ [ [ 421619.72138812841149, 7647437.934417549520731 ], [ 421914.36139562446624, 7647224.567932981997728 ] ] ] } },
{ "type": "Feature", "properties": { "fid": 577.0, "COMPR_M": 363.9, "CLASSE": "03 - Média", "CD_FAZ": "400286", "TALHOES": "1", "FAZ_tAL": "400286001", "ID_LINHA": 95578 }, "geometry": { "type": "MultiLineString", "coordinates": [ [ [ 421622.303899550985079, 7647443.472280407324433 ], [ 421916.946639640489593, 7647230.103817002847791 ] ] ] } },
{ "type": "Feature", "properties": { "fid": 578.0, "COMPR_M": 363.91, "CLASSE": "03 - Média", "CD_FAZ": "400286", "TALHOES": "1", "FAZ_tAL": "400286001", "ID_LINHA": 95579 }, "geometry": { "type": "MultiLineString", "coordinates": [ [ [ 421623.595155260758474, 7647446.241211837157607 ], [ 421918.239261648675893, 7647232.871759017929435 ] ] ] } },
{ "type": "Feature", "properties": { "fid": 579.0, "COMPR_M": 363.91, "CLASSE": "03 - Média", "CD_FAZ": "400286", "TALHOES": "1", "FAZ_tAL": "400286001", "ID_LINHA": 95580 }, "geometry": { "type": "MultiLineString", "coordinates": [ [ [ 421624.886410971346777, 7647449.010143265128136 ], [ 421919.531883654650301, 7647235.639701031148434 ] ] ] } },
{ "type": "Feature", "properties": { "fid": 580.0, "COMPR_M": 363.91, "CLASSE": "03 - Média", "CD_FAZ": "400286", "TALHOES": "1", "FAZ_tAL": "400286001", "ID_LINHA": 95581 }, "geometry": { "type": "MultiLineString", "coordinates": [ [ [ 421626.177666682633571, 7647451.779074694029987 ], [ 421920.824505664291792, 7647238.407643040642142 ] ] ] } },
{ "type": "Feature", "properties": { "fid": 581.0, "COMPR_M": 363.91, "CLASSE": "03 - Média", "CD_FAZ": "400286", "TALHOES": "1", "FAZ_tAL": "400286001", "ID_LINHA": 95582 }, "geometry": { "type": "MultiLineString", "coordinates": [ [ [ 421627.468922392698005, 7647454.548006124794483 ], [ 421922.117127671604976, 7647241.175585053861141 ] ] ] } },
{ "type": "Feature", "properties": { "fid": 582.0, "COMPR_M": 363.91, "CLASSE": "03 - Média", "CD_FAZ": "400286", "TALHOES": "1", "FAZ_tAL": "400286001", "ID_LINHA": 95583 }, "geometry": { "type": "MultiLineString", "coordinates": [ [ [ 421628.760178103519138, 7647457.316937554627657 ], [ 421923.409749680024106, 7647243.94352706335485 ] ] ] } },
{ "type": "Feature", "properties": { "fid": 583.0, "COMPR_M": 363.92, "CLASSE": "03 - Média", "CD_FAZ": "400286", "TALHOES": "1", "FAZ_tAL": "400286001", "ID_LINHA": 95584 }, "geometry": { "type": "MultiLineString", "coordinates": [ [ [ 421631.342689525452442, 7647462.854800410568714 ], [ 421925.994993695290759, 7647249.47941108699888 ] ] ] } },
{ "type": "Feature", "properties": { "fid": 584.0, "COMPR_M": 363.92, "CLASSE": "03 - Média", "CD_FAZ": "400286", "TALHOES": "1", "FAZ_tAL": "400286001", "ID_LINHA": 95585 }, "geometry": { "type": "MultiLineString", "coordinates": [ [ [ 421632.63394523592433, 7647465.623731840401888 ], [ 421927.287615703477059, 7647252.247353099286556 ] ] ] } },
{ "type": "Feature", "properties": { "fid": 585.0, "COMPR_M": 363.92, "CLASSE": "03 - Média", "CD_FAZ": "400286", "TALHOES": "1", "FAZ_tAL": "400286001", "ID_LINHA": 95586 }, "geometry": { "type": "MultiLineString", "coordinates": [ [ [ 421633.925200947152916, 7647468.392663268372416 ], [ 421928.580237712070812, 7647255.015295109711587 ] ] ] } },
{ "type": "Feature", "properties": { "fid": 586.0, "COMPR_M": 363.92, "CLASSE": "03 - Média", "CD_FAZ": "400286", "TALHOES": "1", "FAZ_tAL": "400286001", "ID_LINHA": 95587 }, "geometry": { "type": "MultiLineString", "coordinates": [ [ [ 421635.216456657100935, 7647471.161594700068235 ], [ 421929.872859719675034, 7647257.783237122930586 ] ] ] } },
{ "type": "Feature", "properties": { "fid": 587.0, "COMPR_M": 363.92, "CLASSE": "03 - Média", "CD_FAZ": "400286", "TALHOES": "1", "FAZ_tAL": "400286001", "ID_LINHA": 95588 }, "geometry": { "type": "MultiLineString", "coordinates": [ [ [ 421636.50771236786386, 7647473.930526129901409 ], [ 421931.165481727686711, 7647260.551179133355618 ] ] ] } },
{ "type": "Feature", "properties": { "fid": 588.0, "COMPR_M": 363.92, "CLASSE": "03 - Média", "CD_FAZ": "400286", "TALHOES": "1", "FAZ_tAL": "400286001", "ID_LINHA": 95589 }, "geometry": { "type": "MultiLineString", "coordinates": [ [ [ 421637.798968079325277, 7647476.69945755880326 ], [ 421932.458103734708857, 7647263.319121144711971 ] ] ] } },
{ "type": "Feature", "properties": { "fid": 589.0, "COMPR_M": 363.93, "CLASSE": "03 - Média", "CD_FAZ": "400286", "TALHOES": "1", "FAZ_tAL": "400286001", "ID_LINHA": 95590 }, "geometry": { "type": "MultiLineString", "coordinates": [ [ [ 421640.381479499919806, 7647482.237320413812995 ], [ 421935.043347751197871, 7647268.855005169287324 ] ] ] } },
{ "type": "Feature", "properties": { "fid": 590.0, "COMPR_M": 363.93, "CLASSE": "03 - Média", "CD_FAZ": "400286", "TALHOES": "1", "FAZ_tAL": "400286001", "ID_LINHA": 95591 }, "geometry": { "type": "MultiLineString", "coordinates": [ [ [ 421641.672735210391693, 7647485.006251845508814 ], [ 421936.335969759325963, 7647271.622947180643678 ] ] ] } },
{ "type": "Feature", "properties": { "fid": 591.0, "COMPR_M": 363.93, "CLASSE": "03 - Média", "CD_FAZ": "400286", "TALHOES": "1", "FAZ_tAL": "400286001", "ID_LINHA": 95592 }, "geometry": { "type": "MultiLineString", "coordinates": [ [ [ 421642.963990921503864, 7647487.775183275341988 ], [ 421937.628591767163016, 7647274.390889193862677 ] ] ] } },
{ "type": "Feature", "properties": { "fid": 592.0, "COMPR_M": 363.93, "CLASSE": "03 - Média", "CD_FAZ": "400286", "TALHOES": "1", "FAZ_tAL": "400286001", "ID_LINHA": 95593 }, "geometry": { "type": "MultiLineString", "coordinates": [ [ [ 421644.255246631451882, 7647490.544114703312516 ], [ 421938.921213775349315, 7647277.158831203356385 ] ] ] } },
{ "type": "Feature", "properties": { "fid": 593.0, "COMPR_M": 363.93, "CLASSE": "03 - Média", "CD_FAZ": "400286", "TALHOES": "1", "FAZ_tAL": "400286001", "ID_LINHA": 95594 }, "geometry": { "type": "MultiLineString", "coordinates": [ [ [ 421645.546502343495376, 7647493.31304613314569 ], [ 421940.213835783244576, 7647279.926773214712739 ] ] ] } },
{ "type": "Feature", "properties": { "fid": 594.0, "COMPR_M": 363.94, "CLASSE": "03 - Média", "CD_FAZ": "400286", "TALHOES": "1", "FAZ_tAL": "400286001", "ID_LINHA": 95595 }, "geometry": { "type": "MultiLineString", "coordinates": [ [ [ 421646.83775805355981, 7647496.081977562978864 ], [ 421941.506457790848799, 7647282.69471522513777 ] ] ] } },
{ "type": "Feature", "properties": { "fid": 595.0, "COMPR_M": 363.94, "CLASSE": "03 - Média", "CD_FAZ": "400286", "TALHOES": "1", "FAZ_tAL": "400286001", "ID_LINHA": 95596 }, "geometry": { "type": "MultiLineString", "coordinates": [ [ [ 421649.420269475376699, 7647501.619840420782566 ], [ 421944.091701806522906, 7647288.230599250644445 ] ] ] } },
{ "type": "Feature", "properties": { "fid": 596.0, "COMPR_M": 363.94, "CLASSE": "03 - Média", "CD_FAZ": "400286", "TALHOES": "1", "FAZ_tAL": "400286001", "ID_LINHA": 95597 }, "geometry": { "type": "MultiLineString", "coordinates": [ [ [ 421650.711525185732171, 7647504.388771848753095 ], [ 421945.384323814534582, 7647290.998541260138154 ] ] ] } },
{ "type": "Feature", "properties": { "fid": 597.0, "COMPR_M": 363.94, "CLASSE": "03 - Média", "CD_FAZ": "400286", "TALHOES": "1", "FAZ_tAL": "400286001", "ID_LINHA": 95598 }, "geometry": { "type": "MultiLineString", "coordinates": [ [ [ 421652.00278089614585, 7647507.157703280448914 ], [ 421946.676945822197013, 7647293.766483274288476 ] ] ] } },
{ "type": "Feature", "properties": { "fid": 598.0, "COMPR_M": 363.94, "CLASSE": "03 - Média", "CD_FAZ": "400286", "TALHOES": "1", "FAZ_tAL": "400286001", "ID_LINHA": 95599 }, "geometry": { "type": "MultiLineString", "coordinates": [ [ [ 421653.294036607316229, 7647509.926634710282087 ], [ 421947.969567830325104, 7647296.534425285644829 ] ] ] } },
{ "type": "Feature", "properties": { "fid": 599.0, "COMPR_M": 363.95, "CLASSE": "03 - Média", "CD_FAZ": "400286", "TALHOES": "1", "FAZ_tAL": "400286001", "ID_LINHA": 95600 }, "geometry": { "type": "MultiLineString", "coordinates": [ [ [ 421654.585292317264248, 7647512.695566138252616 ], [ 421949.26218983810395, 7647299.302367294207215 ] ] ] } },
{ "type": "Feature", "properties": { "fid": 600.0, "COMPR_M": 363.95, "CLASSE": "03 - Média", "CD_FAZ": "400286", "TALHOES": "1", "FAZ_tAL": "400286001", "ID_LINHA": 95601 }, "geometry": { "type": "MultiLineString", "coordinates": [ [ [ 421655.876548027910758, 7647515.464497569017112 ], [ 421950.55481184553355, 7647302.070309308357537 ] ] ] } },
{ "type": "Feature", "properties": { "fid": 601.0, "COMPR_M": 363.97, "CLASSE": "03 - Média", "CD_FAZ": "400286", "TALHOES": "1", "FAZ_tAL": "400286001", "ID_LINHA": 95602 }, "geometry": { "type": "MultiLineString", "coordinates": [ [ [ 421658.445667338441126, 7647521.012058459222317 ], [ 421953.140055862837471, 7647307.606193332001567 ] ] ] } },
{ "type": "Feature", "properties": { "fid": 602.0, "COMPR_M": 363.99, "CLASSE": "03 - Média", "CD_FAZ": "400286", "TALHOES": "1", "FAZ_tAL": "400286001", "ID_LINHA": 95603 }, "geometry": { "type": "MultiLineString", "coordinates": [ [ [ 421659.724537871836219, 7647523.789958734996617 ], [ 421954.432677870732732, 7647310.374135344289243 ] ] ] } },
{ "type": "Feature", "properties": { "fid": 603.0, "COMPR_M": 364.0, "CLASSE": "03 - Média", "CD_FAZ": "400286", "TALHOES": "1", "FAZ_tAL": "400286001", "ID_LINHA": 95604 }, "geometry": { "type": "MultiLineString", "coordinates": [ [ [ 421661.003408404649235, 7647526.567859016358852 ], [ 421955.725299878278747, 7647313.142077353782952 ] ] ] } },
{ "type": "Feature", "properties": { "fid": 604.0, "COMPR_M": 364.02, "CLASSE": "03 - Média", "CD_FAZ": "400286", "TALHOES": "1", "FAZ_tAL": "400286001", "ID_LINHA": 95605 }, "geometry": { "type": "MultiLineString", "coordinates": [ [ [ 421662.28227893699659, 7647529.345759293064475 ], [ 421957.017921886174008, 7647315.910019367933273 ] ] ] } },
{ "type": "Feature", "properties": { "fid": 605.0, "COMPR_M": 364.04, "CLASSE": "03 - Média", "CD_FAZ": "400286", "TALHOES": "1", "FAZ_tAL": "400286001", "ID_LINHA": 95606 }, "geometry": { "type": "MultiLineString", "coordinates": [ [ [ 421663.561149471439421, 7647532.123659571632743 ], [ 421958.310543893137947, 7647318.677961374633014 ] ] ] } },
{ "type": "Feature", "properties": { "fid": 606.0, "COMPR_M": 364.05, "CLASSE": "03 - Média", "CD_FAZ": "400286", "TALHOES": "1", "FAZ_tAL": "400286001", "ID_LINHA": 95607 }, "geometry": { "type": "MultiLineString", "coordinates": [ [ [ 421664.840020004718099, 7647534.901559850201011 ], [ 421959.6031659017317, 7647321.445903388783336 ] ] ] } },
{ "type": "Feature", "properties": { "fid": 607.0, "COMPR_M": 364.09, "CLASSE": "03 - Média", "CD_FAZ": "400286", "TALHOES": "1", "FAZ_tAL": "400286001", "ID_LINHA": 95608 }, "geometry": { "type": "MultiLineString", "coordinates": [ [ [ 421667.397761071566492, 7647540.457360407337546 ], [ 421962.188409916707315, 7647326.981787413358688 ] ] ] } },
{ "type": "Feature", "properties": { "fid": 608.0, "COMPR_M": 364.1, "CLASSE": "03 - Média", "CD_FAZ": "400286", "TALHOES": "1", "FAZ_tAL": "400286001", "ID_LINHA": 95609 }, "geometry": { "type": "MultiLineString", "coordinates": [ [ [ 421668.676631604612339, 7647543.235260685905814 ], [ 421963.481031925708521, 7647329.749729426577687 ] ] ] } },
{ "type": "Feature", "properties": { "fid": 609.0, "COMPR_M": 364.12, "CLASSE": "03 - Média", "CD_FAZ": "400286", "TALHOES": "1", "FAZ_tAL": "400286001", "ID_LINHA": 95610 }, "geometry": { "type": "MultiLineString", "coordinates": [ [ [ 421669.955502137716394, 7647546.013160961680114 ], [ 421964.773653932381421, 7647332.517671434208751 ] ] ] } },
{ "type": "Feature", "properties": { "fid": 610.0, "COMPR_M": 364.14, "CLASSE": "03 - Média", "CD_FAZ": "400286", "TALHOES": "1", "FAZ_tAL": "400286001", "ID_LINHA": 95611 }, "geometry": { "type": "MultiLineString", "coordinates": [ [ [ 421671.234372671577148, 7647548.791061240248382 ], [ 421966.06627594208112, 7647335.28561344742775 ] ] ] } },
{ "type": "Feature", "properties": { "fid": 611.0, "COMPR_M": 364.15, "CLASSE": "03 - Média", "CD_FAZ": "400286", "TALHOES": "1", "FAZ_tAL": "400286001", "ID_LINHA": 95612 }, "geometry": { "type": "MultiLineString", "coordinates": [ [ [ 421672.513243204331957, 7647551.568961519747972 ], [ 421967.358897949452512, 7647338.053555460646749 ] ] ] } },
{ "type": "Feature", "properties": { "fid": 612.0, "COMPR_M": 364.17, "CLASSE": "03 - Média", "CD_FAZ": "400286", "TALHOES": "1", "FAZ_tAL": "400286001", "ID_LINHA": 95613 }, "geometry": { "type": "MultiLineString", "coordinates": [ [ [ 421673.792113737785257, 7647554.346861800178885 ], [ 421968.651519956532866, 7647340.821497468277812 ] ] ] } },
{ "type": "Feature", "properties": { "fid": 613.0, "COMPR_M": 364.21, "CLASSE": "03 - Média", "CD_FAZ": "400286", "TALHOES": "1", "FAZ_tAL": "400286001", "ID_LINHA": 95614 }, "geometry": { "type": "MultiLineString", "coordinates": [ [ [ 421676.349854803818744, 7647559.902662355452776 ], [ 421971.23676397302188, 7647346.35738149471581 ] ] ] } },
{ "type": "Feature", "properties": { "fid": 614.0, "COMPR_M": 364.22, "CLASSE": "03 - Média", "CD_FAZ": "400286", "TALHOES": "1", "FAZ_tAL": "400286001", "ID_LINHA": 95615 }, "geometry": { "type": "MultiLineString", "coordinates": [ [ [ 421677.628725337679498, 7647562.680562634021044 ], [ 421972.52938598045148, 7647349.125323504209518 ] ] ] } },
{ "type": "Feature", "properties": { "fid": 615.0, "COMPR_M": 364.24, "CLASSE": "03 - Média", "CD_FAZ": "400286", "TALHOES": "1", "FAZ_tAL": "400286001", "ID_LINHA": 95616 }, "geometry": { "type": "MultiLineString", "coordinates": [ [ [ 421678.907595870958176, 7647565.458462913520634 ], [ 421973.822007988928817, 7647351.893265515565872 ] ] ] } },
{ "type": "Feature", "properties": { "fid": 616.0, "COMPR_M": 364.26, "CLASSE": "03 - Média", "CD_FAZ": "400286", "TALHOES": "1", "FAZ_tAL": "400286001", "ID_LINHA": 95617 }, "geometry": { "type": "MultiLineString", "coordinates": [ [ [ 421680.186466403771192, 7647568.236363189294934 ], [ 421975.114629996940494, 7647354.661207530647516 ] ] ] } },
{ "type": "Feature", "properties": { "fid": 617.0, "COMPR_M": 364.27, "CLASSE": "03 - Média", "CD_FAZ": "400286", "TALHOES": "1", "FAZ_tAL": "400286001", "ID_LINHA": 95618 }, "geometry": { "type": "MultiLineString", "coordinates": [ [ [ 421681.465336936002132, 7647571.014263471588492 ], [ 421976.407252004137263, 7647357.429149539209902 ] ] ] } },
{ "type": "Feature", "properties": { "fid": 618.0, "COMPR_M": 364.29, "CLASSE": "03 - Média", "CD_FAZ": "400286", "TALHOES": "1", "FAZ_tAL": "400286001", "ID_LINHA": 95619 }, "geometry": { "type": "MultiLineString", "coordinates": [ [ [ 421682.744207471027039, 7647573.792163747362792 ], [ 421977.699874012207147, 7647360.197091549634933 ] ] ] } },
{ "type": "Feature", "properties": { "fid": 619.0, "COMPR_M": 364.32, "CLASSE": "03 - Média", "CD_FAZ": "400286", "TALHOES": "1", "FAZ_tAL": "400286001", "ID_LINHA": 95620 }, "geometry": { "type": "MultiLineString", "coordinates": [ [ [ 421685.301948536769487, 7647579.347964305430651 ], [ 421980.2851180274738, 7647365.732975574210286 ] ] ] } },
{ "type": "Feature", "properties": { "fid": 620.0, "COMPR_M": 364.34, "CLASSE": "03 - Média", "CD_FAZ": "400286", "TALHOES": "1", "FAZ_tAL": "400286001", "ID_LINHA": 95621 }, "geometry": { "type": "MultiLineString", "coordinates": [ [ [ 421686.580819070746657, 7647582.125864583998919 ], [ 421981.577740035951138, 7647368.50091758556664 ] ] ] } },
{ "type": "Feature", "properties": { "fid": 621.0, "COMPR_M": 364.36, "CLASSE": "03 - Média", "CD_FAZ": "400286", "TALHOES": "1", "FAZ_tAL": "400286001", "ID_LINHA": 95622 }, "geometry": { "type": "MultiLineString", "coordinates": [ [ [ 421687.85968960361788, 7647584.903764860704541 ], [ 421982.870362042798661, 7647371.268859598785639 ] ] ] } },
{ "type": "Feature", "properties": { "fid": 622.0, "COMPR_M": 364.38, "CLASSE": "03 - Média", "CD_FAZ": "400286", "TALHOES": "1", "FAZ_tAL": "400286001", "ID_LINHA": 95623 }, "geometry": { "type": "MultiLineString", "coordinates": [ [ [ 421689.13856013584882, 7647587.681665141135454 ], [ 421984.162984050577506, 7647374.03680160921067 ] ] ] } },
{ "type": "Feature", "properties": { "fid": 623.0, "COMPR_M": 364.39, "CLASSE": "03 - Média", "CD_FAZ": "400286", "TALHOES": "1", "FAZ_tAL": "400286001", "ID_LINHA": 95624 }, "geometry": { "type": "MultiLineString", "coordinates": [ [ [ 421690.417430669593159, 7647590.459565419703722 ], [ 421985.455606060044374, 7647376.804743623360991 ] ] ] } },
{ "type": "Feature", "properties": { "fid": 624.0, "COMPR_M": 364.41, "CLASSE": "03 - Média", "CD_FAZ": "400286", "TALHOES": "1", "FAZ_tAL": "400286001", "ID_LINHA": 95625 }, "geometry": { "type": "MultiLineString", "coordinates": [ [ [ 421691.696301203395706, 7647593.237465695478022 ], [ 421986.748228067881428, 7647379.5726856328547 ] ] ] } },
{ "type": "Feature", "properties": { "fid": 625.0, "COMPR_M": 364.44, "CLASSE": "03 - Média", "CD_FAZ": "400286", "TALHOES": "1", "FAZ_tAL": "400286001", "ID_LINHA": 95626 }, "geometry": { "type": "MultiLineString", "coordinates": [ [ [ 421694.254042270069476, 7647598.79326625354588 ], [ 421989.333472083846573, 7647385.108569654636085 ] ] ] } },
{ "type": "Feature", "properties": { "fid": 626.0, "COMPR_M": 364.46, "CLASSE": "03 - Média", "CD_FAZ": "400286", "TALHOES": "1", "FAZ_tAL": "400286001", "ID_LINHA": 95627 }, "geometry": { "type": "MultiLineString", "coordinates": [ [ [ 421695.532912803580984, 7647601.571166531182826 ], [ 421990.626094091974664, 7647387.876511667855084 ] ] ] } },
{ "type": "Feature", "properties": { "fid": 627.0, "COMPR_M": 364.48, "CLASSE": "03 - Média", "CD_FAZ": "400286", "TALHOES": "1", "FAZ_tAL": "400286001", "ID_LINHA": 95628 }, "geometry": { "type": "MultiLineString", "coordinates": [ [ [ 421696.811783336510416, 7647604.349066808819771 ], [ 421991.918716099811718, 7647390.644453678280115 ] ] ] } },
{ "type": "Feature", "properties": { "fid": 628.0, "COMPR_M": 364.49, "CLASSE": "03 - Média", "CD_FAZ": "400286", "TALHOES": "1", "FAZ_tAL": "400286001", "ID_LINHA": 95629 }, "geometry": { "type": "MultiLineString", "coordinates": [ [ [ 421698.090653869556263, 7647607.126967089250684 ], [ 421993.211338107241318, 7647393.412395689636469 ] ] ] } },
{ "type": "Feature", "properties": { "fid": 629.0, "COMPR_M": 364.51, "CLASSE": "03 - Média", "CD_FAZ": "400286", "TALHOES": "1", "FAZ_tAL": "400286001", "ID_LINHA": 95630 }, "geometry": { "type": "MultiLineString", "coordinates": [ [ [ 421699.369524402718525, 7647609.904867365024984 ], [ 421994.503960115718655, 7647396.180337701924145 ] ] ] } },
{ "type": "Feature", "properties": { "fid": 630.0, "COMPR_M": 364.55, "CLASSE": "03 - Média", "CD_FAZ": "400286", "TALHOES": "1", "FAZ_tAL": "400286001", "ID_LINHA": 95631 }, "geometry": { "type": "MultiLineString", "coordinates": [ [ [ 421700.648394935997203, 7647612.682767646387219 ], [ 421995.811427020118572, 7647398.937529634684324 ] ] ] } },
{ "type": "Feature", "properties": { "fid": 631.0, "COMPR_M": 364.65, "CLASSE": "03 - Média", "CD_FAZ": "400286", "TALHOES": "1", "FAZ_tAL": "400286001", "ID_LINHA": 95632 }, "geometry": { "type": "MultiLineString", "coordinates": [ [ [ 421703.206136002845597, 7647618.238568203523755 ], [ 421998.450956068118103, 7647404.434102613478899 ] ] ] } },
{ "type": "Feature", "properties": { "fid": 632.0, "COMPR_M": 364.7, "CLASSE": "03 - Média", "CD_FAZ": "400286", "TALHOES": "1", "FAZ_tAL": "400286001", "ID_LINHA": 95633 }, "geometry": { "type": "MultiLineString", "coordinates": [ [ [ 421704.485006535076536, 7647621.016468480229378 ], [ 421999.770720591419376, 7647407.182389102876186 ] ] ] } },
{ "type": "Feature", "properties": { "fid": 633.0, "COMPR_M": 364.73, "CLASSE": "03 - Média", "CD_FAZ": "400286", "TALHOES": "1", "FAZ_tAL": "400286001", "ID_LINHA": 95634 }, "geometry": { "type": "MultiLineString", "coordinates": [ [ [ 421705.781322063179687, 7647623.781735794618726 ], [ 422001.090485115302727, 7647409.930675590410829 ] ] ] } },
{ "type": "Feature", "properties": { "fid": 634.0, "COMPR_M": 364.75, "CLASSE": "03 - Média", "CD_FAZ": "400286", "TALHOES": "1", "FAZ_tAL": "400286001", "ID_LINHA": 95635 }, "geometry": { "type": "MultiLineString", "coordinates": [ [ [ 421707.083352801913861, 7647626.542864378541708 ], [ 422002.410249639768153, 7647412.678962082602084 ] ] ] } },
{ "type": "Feature", "properties": { "fid": 635.0, "COMPR_M": 364.77, "CLASSE": "03 - Média", "CD_FAZ": "400286", "TALHOES": "1", "FAZ_tAL": "400286001", "ID_LINHA": 95636 }, "geometry": { "type": "MultiLineString", "coordinates": [ [ [ 421708.385383539483882, 7647629.303992968983948 ], [ 422003.730014163535088, 7647415.427248570136726 ] ] ] } },
{ "type": "Feature", "properties": { "fid": 636.0, "COMPR_M": 364.79, "CLASSE": "03 - Média", "CD_FAZ": "400286", "TALHOES": "1", "FAZ_tAL": "400286001", "ID_LINHA": 95637 }, "geometry": { "type": "MultiLineString", "coordinates": [ [ [ 421709.687414276762865, 7647632.065121554769576 ], [ 422005.049778687825892, 7647418.175535060465336 ] ] ] } },
{ "type": "Feature", "properties": { "fid": 637.0, "COMPR_M": 364.84, "CLASSE": "03 - Média", "CD_FAZ": "400286", "TALHOES": "1", "FAZ_tAL": "400286001", "ID_LINHA": 95638 }, "geometry": { "type": "MultiLineString", "coordinates": [ [ [ 421712.291475749458186, 7647637.587378729134798 ], [ 422007.689307736291084, 7647423.672108039259911 ] ] ] } },
{ "type": "Feature", "properties": { "fid": 638.0, "COMPR_M": 364.86, "CLASSE": "03 - Média", "CD_FAZ": "400286", "TALHOES": "1", "FAZ_tAL": "400286001", "ID_LINHA": 95639 }, "geometry": { "type": "MultiLineString", "coordinates": [ [ [ 421713.593506487552077, 7647640.348507314920425 ], [ 422009.009072260407265, 7647426.420394529588521 ] ] ] } },
{ "type": "Feature", "properties": { "fid": 639.0, "COMPR_M": 364.88, "CLASSE": "03 - Média", "CD_FAZ": "400286", "TALHOES": "1", "FAZ_tAL": "400286001", "ID_LINHA": 95640 }, "geometry": { "type": "MultiLineString", "coordinates": [ [ [ 421714.895537225878797, 7647643.109635901637375 ], [ 422010.328836783824954, 7647429.168681014329195 ] ] ] } },
{ "type": "Feature", "properties": { "fid": 640.0, "COMPR_M": 364.9, "CLASSE": "03 - Média", "CD_FAZ": "400286", "TALHOES": "1", "FAZ_tAL": "400286001", "ID_LINHA": 95641 }, "geometry": { "type": "MultiLineString", "coordinates": [ [ [ 421716.197567963215988, 7647645.870764488354325 ], [ 422011.648601308406796, 7647431.916967505589128 ] ] ] } },
{ "type": "Feature", "properties": { "fid": 641.0, "COMPR_M": 364.92, "CLASSE": "03 - Média", "CD_FAZ": "400286", "TALHOES": "1", "FAZ_tAL": "400286001", "ID_LINHA": 95642 }, "geometry": { "type": "MultiLineString", "coordinates": [ [ [ 421717.499598700145725, 7647648.631893074139953 ], [ 422012.968365831649862, 7647434.66525399684906 ] ] ] } },
{ "type": "Feature", "properties": { "fid": 642.0, "COMPR_M": 364.95, "CLASSE": "03 - Média", "CD_FAZ": "400286", "TALHOES": "1", "FAZ_tAL": "400286001", "ID_LINHA": 95643 }, "geometry": { "type": "MultiLineString", "coordinates": [ [ [ 421718.801629438064992, 7647651.393021661788225 ], [ 422014.288130355475005, 7647437.41354048717767 ] ] ] } },
{ "type": "Feature", "properties": { "fid": 643.0, "COMPR_M": 364.99, "CLASSE": "03 - Média", "CD_FAZ": "400286", "TALHOES": "1", "FAZ_tAL": "400286001", "ID_LINHA": 95644 }, "geometry": { "type": "MultiLineString", "coordinates": [ [ [ 421721.40569091332145, 7647656.915278834290802 ], [ 422016.927659404231235, 7647442.9101134641096 ] ] ] } },
{ "type": "Feature", "properties": { "fid": 644.0, "COMPR_M": 365.01, "CLASSE": "03 - Média", "CD_FAZ": "400286", "TALHOES": "1", "FAZ_tAL": "400286001", "ID_LINHA": 95645 }, "geometry": { "type": "MultiLineString", "coordinates": [ [ [ 421722.707721650018357, 7647659.676407426595688 ], [ 422018.247423928463832, 7647445.658399951644242 ] ] ] } },
{ "type": "Feature", "properties": { "fid": 645.0, "COMPR_M": 365.03, "CLASSE": "03 - Média", "CD_FAZ": "400286", "TALHOES": "1", "FAZ_tAL": "400286001", "ID_LINHA": 95646 }, "geometry": { "type": "MultiLineString", "coordinates": [ [ [ 421724.009752387006301, 7647662.43753601051867 ], [ 422019.567188452696428, 7647448.406686441972852 ] ] ] } },
{ "type": "Feature", "properties": { "fid": 646.0, "COMPR_M": 365.06, "CLASSE": "03 - Média", "CD_FAZ": "400286", "TALHOES": "1", "FAZ_tAL": "400286001", "ID_LINHA": 95647 }, "geometry": { "type": "MultiLineString", "coordinates": [ [ [ 421725.311783122946508, 7647665.198664595372975 ], [ 422020.886952976754401, 7647451.154972930438817 ] ] ] } },
{ "type": "Feature", "properties": { "fid": 647.0, "COMPR_M": 365.08, "CLASSE": "03 - Média", "CD_FAZ": "400286", "TALHOES": "1", "FAZ_tAL": "400286001", "ID_LINHA": 95648 }, "geometry": { "type": "MultiLineString", "coordinates": [ [ [ 421726.613813861797098, 7647667.959793182089925 ], [ 422022.206717500113882, 7647453.903259422630072 ] ] ] } },
{ "type": "Feature", "properties": { "fid": 648.0, "COMPR_M": 365.1, "CLASSE": "03 - Média", "CD_FAZ": "400286", "TALHOES": "1", "FAZ_tAL": "400286001", "ID_LINHA": 95649 }, "geometry": { "type": "MultiLineString", "coordinates": [ [ [ 421727.915844598959666, 7647670.720921769738197 ], [ 422023.52648202405544, 7647456.651545912027359 ] ] ] } },
{ "type": "Feature", "properties": { "fid": 649.0, "COMPR_M": 365.14, "CLASSE": "03 - Média", "CD_FAZ": "400286", "TALHOES": "1", "FAZ_tAL": "400286001", "ID_LINHA": 95650 }, "geometry": { "type": "MultiLineString", "coordinates": [ [ [ 421730.519906073401216, 7647676.243178945034742 ], [ 422026.166011071065441, 7647462.148118888959289 ] ] ] } },
{ "type": "Feature", "properties": { "fid": 650.0, "COMPR_M": 365.17, "CLASSE": "03 - Média", "CD_FAZ": "400286", "TALHOES": "1", "FAZ_tAL": "400286001", "ID_LINHA": 95651 }, "geometry": { "type": "MultiLineString", "coordinates": [ [ [ 421731.821936811320484, 7647679.00430753082037 ], [ 422027.485775596054737, 7647464.896405378356576 ] ] ] } },
{ "type": "Feature", "properties": { "fid": 651.0, "COMPR_M": 365.19, "CLASSE": "03 - Média", "CD_FAZ": "400286", "TALHOES": "1", "FAZ_tAL": "400286001", "ID_LINHA": 95652 }, "geometry": { "type": "MultiLineString", "coordinates": [ [ [ 421733.123967548250221, 7647681.765436118468642 ], [ 422028.805540119006764, 7647467.644691864959896 ] ] ] } },
{ "type": "Feature", "properties": { "fid": 652.0, "COMPR_M": 365.21, "CLASSE": "03 - Média", "CD_FAZ": "400286", "TALHOES": "1", "FAZ_tAL": "400286001", "ID_LINHA": 95653 }, "geometry": { "type": "MultiLineString", "coordinates": [ [ [ 421734.425998286053073, 7647684.52656470425427 ], [ 422030.125304644461721, 7647470.392978357151151 ] ] ] } },
{ "type": "Feature", "properties": { "fid": 653.0, "COMPR_M": 365.23, "CLASSE": "03 - Média", "CD_FAZ": "400286", "TALHOES": "1", "FAZ_tAL": "400286001", "ID_LINHA": 95654 }, "geometry": { "type": "MultiLineString", "coordinates": [ [ [ 421735.728029023506679, 7647687.287693290039897 ], [ 422031.445069168577902, 7647473.141264846548438 ] ] ] } },
{ "type": "Feature", "properties": { "fid": 654.0, "COMPR_M": 365.25, "CLASSE": "03 - Média", "CD_FAZ": "400286", "TALHOES": "1", "FAZ_tAL": "400286001", "ID_LINHA": 95655 }, "geometry": { "type": "MultiLineString", "coordinates": [ [ [ 421737.030059760494623, 7647690.048821876756847 ], [ 422032.764833691297099, 7647475.88955133408308 ] ] ] } },
{ "type": "Feature", "properties": { "fid": 655.0, "COMPR_M": 365.3, "CLASSE": "03 - Média", "CD_FAZ": "400286", "TALHOES": "1", "FAZ_tAL": "400286001", "ID_LINHA": 95656 }, "geometry": { "type": "MultiLineString", "coordinates": [ [ [ 421739.634121235343628, 7647695.571079052984715 ], [ 422035.404362740344368, 7647481.386124312877655 ] ] ] } },
{ "type": "Feature", "properties": { "fid": 656.0, "COMPR_M": 365.32, "CLASSE": "03 - Média", "CD_FAZ": "400286", "TALHOES": "1", "FAZ_tAL": "400286001", "ID_LINHA": 95657 }, "geometry": { "type": "MultiLineString", "coordinates": [ [ [ 421740.936151972506195, 7647698.332207637839019 ], [ 422036.724127264111303, 7647484.134410804137588 ] ] ] } },
{ "type": "Feature", "properties": { "fid": 657.0, "COMPR_M": 365.34, "CLASSE": "03 - Média", "CD_FAZ": "400286", "TALHOES": "1", "FAZ_tAL": "400286001", "ID_LINHA": 95658 }, "geometry": { "type": "MultiLineString", "coordinates": [ [ [ 421742.238182710600086, 7647701.093336225487292 ], [ 422038.043891787761822, 7647486.882697292603552 ] ] ] } },
{ "type": "Feature", "properties": { "fid": 658.0, "COMPR_M": 365.36, "CLASSE": "03 - Média", "CD_FAZ": "400286", "TALHOES": "1", "FAZ_tAL": "400286001", "ID_LINHA": 95659 }, "geometry": { "type": "MultiLineString", "coordinates": [ [ [ 421743.540213446249254, 7647703.854464812204242 ], [ 422039.363656311994419, 7647489.630983779206872 ] ] ] } },
{ "type": "Feature", "properties": { "fid": 659.0, "COMPR_M": 365.38, "CLASSE": "03 - Média", "CD_FAZ": "400286", "TALHOES": "1", "FAZ_tAL": "400286001", "ID_LINHA": 95660 }, "geometry": { "type": "MultiLineString", "coordinates": [ [ [ 421744.842244184925221, 7647706.615593399852514 ], [ 422040.683420836750884, 7647492.379270269535482 ] ] ] } },
{ "type": "Feature", "properties": { "fid": 660.0, "COMPR_M": 365.41, "CLASSE": "03 - Média", "CD_FAZ": "400286", "TALHOES": "1", "FAZ_tAL": "400286001", "ID_LINHA": 95661 }, "geometry": { "type": "MultiLineString", "coordinates": [ [ [ 421746.144274921156466, 7647709.376721985638142 ], [ 422042.003185359411873, 7647495.12755676265806 ] ] ] } },
{ "type": "Feature", "properties": { "fid": 661.0, "COMPR_M": 365.45, "CLASSE": "03 - Média", "CD_FAZ": "400286", "TALHOES": "1", "FAZ_tAL": "400286001", "ID_LINHA": 95662 }, "geometry": { "type": "MultiLineString", "coordinates": [ [ [ 421748.748336396878585, 7647714.898979159072042 ], [ 422044.642714407877065, 7647500.624129737727344 ] ] ] } },
{ "type": "Feature", "properties": { "fid": 662.0, "COMPR_M": 365.47, "CLASSE": "03 - Média", "CD_FAZ": "400286", "TALHOES": "1", "FAZ_tAL": "400286001", "ID_LINHA": 95663 }, "geometry": { "type": "MultiLineString", "coordinates": [ [ [ 421750.050367133924738, 7647717.660107746720314 ], [ 422045.962478932284284, 7647503.372416228055954 ] ] ] } },
{ "type": "Feature", "properties": { "fid": 663.0, "COMPR_M": 365.49, "CLASSE": "03 - Média", "CD_FAZ": "400286", "TALHOES": "1", "FAZ_tAL": "400286001", "ID_LINHA": 95664 }, "geometry": { "type": "MultiLineString", "coordinates": [ [ [ 421751.352397871785797, 7647720.421236334368587 ], [ 422047.282243456575088, 7647506.120702717453241 ] ] ] } },
{ "type": "Feature", "properties": { "fid": 664.0, "COMPR_M": 365.52, "CLASSE": "03 - Média", "CD_FAZ": "400286", "TALHOES": "1", "FAZ_tAL": "400286001", "ID_LINHA": 95665 }, "geometry": { "type": "MultiLineString", "coordinates": [ [ [ 421752.65442860731855, 7647723.182364919222891 ], [ 422048.602007978886832, 7647508.868989207781851 ] ] ] } },
{ "type": "Feature", "properties": { "fid": 665.0, "COMPR_M": 365.54, "CLASSE": "03 - Média", "CD_FAZ": "400286", "TALHOES": "1", "FAZ_tAL": "400286001", "ID_LINHA": 95666 }, "geometry": { "type": "MultiLineString", "coordinates": [ [ [ 421753.956459346343763, 7647725.943493505939841 ], [ 422049.921772503643297, 7647511.617275694385171 ] ] ] } },
{ "type": "Feature", "properties": { "fid": 666.0, "COMPR_M": 365.56, "CLASSE": "03 - Média", "CD_FAZ": "400286", "TALHOES": "1", "FAZ_tAL": "400286001", "ID_LINHA": 95667 }, "geometry": { "type": "MultiLineString", "coordinates": [ [ [ 421755.258508553903084, 7647728.704608716070652 ], [ 422051.241537028341554, 7647514.365562185645103 ] ] ] } },
{ "type": "Feature", "properties": { "fid": 667.0, "COMPR_M": 365.57, "CLASSE": "03 - Média", "CD_FAZ": "400286", "TALHOES": "1", "FAZ_tAL": "400286001", "ID_LINHA": 95668 }, "geometry": { "type": "MultiLineString", "coordinates": [ [ [ 421757.887706097331829, 7647734.208663362078369 ], [ 422053.881066076690331, 7647519.862135166302323 ] ] ] } },
{ "type": "Feature", "properties": { "fid": 668.0, "COMPR_M": 365.58, "CLASSE": "03 - Média", "CD_FAZ": "400286", "TALHOES": "1", "FAZ_tAL": "400286001", "ID_LINHA": 95669 }, "geometry": { "type": "MultiLineString", "coordinates": [ [ [ 421759.202304868318606, 7647736.960690678097308 ], [ 422055.200830599758774, 7647522.610421652905643 ] ] ] } },
{ "type": "Feature", "properties": { "fid": 669.0, "COMPR_M": 365.59, "CLASSE": "03 - Média", "CD_FAZ": "400286", "TALHOES": "1", "FAZ_tAL": "400286001", "ID_LINHA": 95670 }, "geometry": { "type": "MultiLineString", "coordinates": [ [ [ 421760.516903640818782, 7647739.712717999704182 ], [ 422056.520595124049578, 7647525.358708139508963 ] ] ] } },
{ "type": "Feature", "properties": { "fid": 670.0, "COMPR_M": 365.59, "CLASSE": "03 - Média", "CD_FAZ": "400286", "TALHOES": "1", "FAZ_tAL": "400286001", "ID_LINHA": 95671 }, "geometry": { "type": "MultiLineString", "coordinates": [ [ [ 421761.831502411514521, 7647742.464745317585766 ], [ 422057.840359647525474, 7647528.106994631700218 ] ] ] } },
{ "type": "Feature", "properties": { "fid": 671.0, "COMPR_M": 365.6, "CLASSE": "03 - Média", "CD_FAZ": "400286", "TALHOES": "1", "FAZ_tAL": "400286001", "ID_LINHA": 95672 }, "geometry": { "type": "MultiLineString", "coordinates": [ [ [ 421763.146101184946019, 7647745.216772639192641 ], [ 422059.160124170943163, 7647530.85528112296015 ] ] ] } },
{ "type": "Feature", "properties": { "fid": 672.0, "COMPR_M": 365.6, "CLASSE": "03 - Média", "CD_FAZ": "400286", "TALHOES": "1", "FAZ_tAL": "400286001", "ID_LINHA": 95673 }, "geometry": { "type": "MultiLineString", "coordinates": [ [ [ 421764.460699956631288, 7647747.968799959868193 ], [ 422060.479888696223497, 7647533.603567611426115 ] ] ] } },
{ "type": "Feature", "properties": { "fid": 673.0, "COMPR_M": 365.62, "CLASSE": "03 - Média", "CD_FAZ": "400286", "TALHOES": "1", "FAZ_tAL": "400286001", "ID_LINHA": 95674 }, "geometry": { "type": "MultiLineString", "coordinates": [ [ [ 421767.089897500467487, 7647753.472854599356651 ], [ 422063.119417743117083, 7647539.10014059022069 ] ] ] } },
{ "type": "Feature", "properties": { "fid": 674.0, "COMPR_M": 365.62, "CLASSE": "03 - Média", "CD_FAZ": "400286", "TALHOES": "1", "FAZ_tAL": "400286001", "ID_LINHA": 95675 }, "geometry": { "type": "MultiLineString", "coordinates": [ [ [ 421768.404496270697564, 7647756.22488191537559 ], [ 422064.439182268048171, 7647541.848427079617977 ] ] ] } },
{ "type": "Feature", "properties": { "fid": 675.0, "COMPR_M": 365.63, "CLASSE": "03 - Média", "CD_FAZ": "400286", "TALHOES": "1", "FAZ_tAL": "400286001", "ID_LINHA": 95676 }, "geometry": { "type": "MultiLineString", "coordinates": [ [ [ 421769.719095043663401, 7647758.97690923884511 ], [ 422065.758946792222559, 7647544.596713567152619 ] ] ] } },
{ "type": "Feature", "properties": { "fid": 676.0, "COMPR_M": 365.64, "CLASSE": "03 - Média", "CD_FAZ": "400286", "TALHOES": "1", "FAZ_tAL": "400286001", "ID_LINHA": 95677 }, "geometry": { "type": "MultiLineString", "coordinates": [ [ [ 421771.033693815523293, 7647761.728936557658017 ], [ 422067.07871131633874, 7647547.345000060275197 ] ] ] } },
{ "type": "Feature", "properties": { "fid": 677.0, "COMPR_M": 365.64, "CLASSE": "03 - Média", "CD_FAZ": "400286", "TALHOES": "1", "FAZ_tAL": "400286001", "ID_LINHA": 95678 }, "geometry": { "type": "MultiLineString", "coordinates": [ [ [ 421772.348292587557808, 7647764.480963876470923 ], [ 422068.398475838941522, 7647550.093286547809839 ] ] ] } },
{ "type": "Feature", "properties": { "fid": 678.0, "COMPR_M": 365.65, "CLASSE": "03 - Média", "CD_FAZ": "400286", "TALHOES": "1", "FAZ_tAL": "400286001", "ID_LINHA": 95679 }, "geometry": { "type": "MultiLineString", "coordinates": [ [ [ 421773.662891359068453, 7647767.232991198077798 ], [ 422069.718240364105441, 7647552.841573035344481 ] ] ] } },
{ "type": "Feature", "properties": { "fid": 679.0, "COMPR_M": 365.66, "CLASSE": "03 - Média", "CD_FAZ": "400286", "TALHOES": "1", "FAZ_tAL": "400286001", "ID_LINHA": 95680 }, "geometry": { "type": "MultiLineString", "coordinates": [ [ [ 421776.292088902613614, 7647772.737045837566257 ], [ 422072.357769411464687, 7647558.338146015070379 ] ] ] } },
{ "type": "Feature", "properties": { "fid": 680.0, "COMPR_M": 365.67, "CLASSE": "03 - Média", "CD_FAZ": "400286", "TALHOES": "1", "FAZ_tAL": "400286001", "ID_LINHA": 95681 }, "geometry": { "type": "MultiLineString", "coordinates": [ [ [ 421777.606687675288413, 7647775.489073157310486 ], [ 422073.677533935639076, 7647561.086432505398989 ] ] ] } },
{ "type": "Feature", "properties": { "fid": 681.0, "COMPR_M": 365.67, "CLASSE": "03 - Média", "CD_FAZ": "400286", "TALHOES": "1", "FAZ_tAL": "400286001", "ID_LINHA": 95682 }, "geometry": { "type": "MultiLineString", "coordinates": [ [ [ 421778.921286446799058, 7647778.241100477986038 ], [ 422074.997298459755257, 7647563.834718992933631 ] ] ] } },
{ "type": "Feature", "properties": { "fid": 682.0, "COMPR_M": 365.68, "CLASSE": "03 - Média", "CD_FAZ": "400286", "TALHOES": "1", "FAZ_tAL": "400286001", "ID_LINHA": 95683 }, "geometry": { "type": "MultiLineString", "coordinates": [ [ [ 421780.235885218484327, 7647780.99312779866159 ], [ 422076.317062982940115, 7647566.583005484193563 ] ] ] } },
{ "type": "Feature", "properties": { "fid": 683.0, "COMPR_M": 365.69, "CLASSE": "03 - Média", "CD_FAZ": "400286", "TALHOES": "1", "FAZ_tAL": "400286001", "ID_LINHA": 95684 }, "geometry": { "type": "MultiLineString", "coordinates": [ [ [ 421781.550483989645727, 7647783.745155117474496 ], [ 422077.636827507463749, 7647569.331291971728206 ] ] ] } },
{ "type": "Feature", "properties": { "fid": 684.0, "COMPR_M": 365.69, "CLASSE": "03 - Média", "CD_FAZ": "400286", "TALHOES": "1", "FAZ_tAL": "400286001", "ID_LINHA": 95685 }, "geometry": { "type": "MultiLineString", "coordinates": [ [ [ 421782.865082761622034, 7647786.497182436287403 ], [ 422078.956592031812761, 7647572.079578462988138 ] ] ] } },
{ "type": "Feature", "properties": { "fid": 685.0, "COMPR_M": 365.71, "CLASSE": "03 - Média", "CD_FAZ": "400286", "TALHOES": "1", "FAZ_tAL": "400286001", "ID_LINHA": 95686 }, "geometry": { "type": "MultiLineString", "coordinates": [ [ [ 421785.494280306738801, 7647792.001237078569829 ], [ 422081.596121080219746, 7647577.576151438988745 ] ] ] } },
{ "type": "Feature", "properties": { "fid": 686.0, "COMPR_M": 365.71, "CLASSE": "03 - Média", "CD_FAZ": "400286", "TALHOES": "1", "FAZ_tAL": "400286001", "ID_LINHA": 95687 }, "geometry": { "type": "MultiLineString", "coordinates": [ [ [ 421786.808879077900201, 7647794.753264394588768 ], [ 422082.915885602182243, 7647580.324437929317355 ] ] ] } },
{ "type": "Feature", "properties": { "fid": 687.0, "COMPR_M": 365.72, "CLASSE": "03 - Média", "CD_FAZ": "400286", "TALHOES": "1", "FAZ_tAL": "400286001", "ID_LINHA": 95688 }, "geometry": { "type": "MultiLineString", "coordinates": [ [ [ 421788.1234778498183, 7647797.505291718989611 ], [ 422084.235650127404369, 7647583.07272441778332 ] ] ] } },
{ "type": "Feature", "properties": { "fid": 688.0, "COMPR_M": 365.73, "CLASSE": "03 - Média", "CD_FAZ": "400286", "TALHOES": "1", "FAZ_tAL": "400286001", "ID_LINHA": 95689 }, "geometry": { "type": "MultiLineString", "coordinates": [ [ [ 421789.43807662196923, 7647800.257319035939872 ], [ 422085.555414651811589, 7647585.821010906249285 ] ] ] } },
{ "type": "Feature", "properties": { "fid": 689.0, "COMPR_M": 365.73, "CLASSE": "03 - Média", "CD_FAZ": "400286", "TALHOES": "1", "FAZ_tAL": "400286001", "ID_LINHA": 95690 }, "geometry": { "type": "MultiLineString", "coordinates": [ [ [ 421790.752675393538084, 7647803.009346358478069 ], [ 422086.875179176102392, 7647588.569297395646572 ] ] ] } },
{ "type": "Feature", "properties": { "fid": 690.0, "COMPR_M": 365.74, "CLASSE": "03 - Média", "CD_FAZ": "400286", "TALHOES": "1", "FAZ_tAL": "400286001", "ID_LINHA": 95691 }, "geometry": { "type": "MultiLineString", "coordinates": [ [ [ 421792.067274165339768, 7647805.761373677290976 ], [ 422088.194943698938005, 7647591.317583886906505 ] ] ] } },
{ "type": "Feature", "properties": { "fid": 691.0, "COMPR_M": 365.75, "CLASSE": "03 - Média", "CD_FAZ": "400286", "TALHOES": "1", "FAZ_tAL": "400286001", "ID_LINHA": 95692 }, "geometry": { "type": "MultiLineString", "coordinates": [ [ [ 421794.696471709932666, 7647811.26542831864208 ], [ 422090.834472746937536, 7647596.814156864769757 ] ] ] } },
{ "type": "Feature", "properties": { "fid": 692.0, "COMPR_M": 365.76, "CLASSE": "03 - Média", "CD_FAZ": "400286", "TALHOES": "1", "FAZ_tAL": "400286001", "ID_LINHA": 95693 }, "geometry": { "type": "MultiLineString", "coordinates": [ [ [ 421796.011070480803028, 7647814.017455637454987 ], [ 422092.154237272043247, 7647599.562443355098367 ] ] ] } },
{ "type": "Feature", "properties": { "fid": 693.0, "COMPR_M": 365.76, "CLASSE": "03 - Média", "CD_FAZ": "400286", "TALHOES": "1", "FAZ_tAL": "400286001", "ID_LINHA": 95694 }, "geometry": { "type": "MultiLineString", "coordinates": [ [ [ 421797.325669251848012, 7647816.769482956267893 ], [ 422093.474001795693766, 7647602.310729842633009 ] ] ] } },
{ "type": "Feature", "properties": { "fid": 694.0, "COMPR_M": 365.77, "CLASSE": "03 - Média", "CD_FAZ": "400286", "TALHOES": "1", "FAZ_tAL": "400286001", "ID_LINHA": 95695 }, "geometry": { "type": "MultiLineString", "coordinates": [ [ [ 421798.64026802504668, 7647819.5215102750808 ], [ 422094.793766319169663, 7647605.059016332961619 ] ] ] } },
{ "type": "Feature", "properties": { "fid": 695.0, "COMPR_M": 365.78, "CLASSE": "03 - Média", "CD_FAZ": "400286", "TALHOES": "1", "FAZ_tAL": "400286001", "ID_LINHA": 95696 }, "geometry": { "type": "MultiLineString", "coordinates": [ [ [ 421799.954866796324495, 7647822.273537596687675 ], [ 422096.113530843984336, 7647607.807302819564939 ] ] ] } },
{ "type": "Feature", "properties": { "fid": 696.0, "COMPR_M": 365.78, "CLASSE": "03 - Média", "CD_FAZ": "400286", "TALHOES": "1", "FAZ_tAL": "400286001", "ID_LINHA": 95697 }, "geometry": { "type": "MultiLineString", "coordinates": [ [ [ 421801.269465568475425, 7647825.025564916431904 ], [ 422097.433295367867686, 7647610.555589310824871 ] ] ] } },
{ "type": "Feature", "properties": { "fid": 697.0, "COMPR_M": 365.8, "CLASSE": "03 - Média", "CD_FAZ": "400286", "TALHOES": "1", "FAZ_tAL": "400286001", "ID_LINHA": 95698 }, "geometry": { "type": "MultiLineString", "coordinates": [ [ [ 421803.898663111845963, 7647830.529619557783008 ], [ 422100.072824415983632, 7647616.052162289619446 ] ] ] } },
{ "type": "Feature", "properties": { "fid": 698.0, "COMPR_M": 365.8, "CLASSE": "03 - Média", "CD_FAZ": "400286", "TALHOES": "1", "FAZ_tAL": "400286001", "ID_LINHA": 95699 }, "geometry": { "type": "MultiLineString", "coordinates": [ [ [ 421805.213261883764062, 7647833.281646875664592 ], [ 422101.392588939517736, 7647618.800448779948056 ] ] ] } },
{ "type": "Feature", "properties": { "fid": 699.0, "COMPR_M": 365.83, "CLASSE": "03 - Média", "CD_FAZ": "400286", "TALHOES": "1", "FAZ_tAL": "400286001", "ID_LINHA": 95700 }, "geometry": { "type": "MultiLineString", "coordinates": [ [ [ 421806.506786599406041, 7647836.048935182392597 ], [ 422102.712353464215994, 7647621.548735270276666 ] ] ] } },
{ "type": "Feature", "properties": { "fid": 700.0, "COMPR_M": 365.89, "CLASSE": "03 - Média", "CD_FAZ": "400286", "TALHOES": "1", "FAZ_tAL": "400286001", "ID_LINHA": 95701 }, "geometry": { "type": "MultiLineString", "coordinates": [ [ [ 421807.779111070325598, 7647838.831575859338045 ], [ 422104.032117987517267, 7647624.297021760605276 ] ] ] } },
{ "type": "Feature", "properties": { "fid": 701.0, "COMPR_M": 365.95, "CLASSE": "03 - Média", "CD_FAZ": "400286", "TALHOES": "1", "FAZ_tAL": "400286001", "ID_LINHA": 95702 }, "geometry": { "type": "MultiLineString", "coordinates": [ [ [ 421809.051435540546663, 7647841.614216534420848 ], [ 422105.351882511284202, 7647627.045308244414628 ] ] ] } },
{ "type": "Feature", "properties": { "fid": 702.0, "COMPR_M": 366.01, "CLASSE": "03 - Média", "CD_FAZ": "400286", "TALHOES": "1", "FAZ_tAL": "400286001", "ID_LINHA": 95703 }, "geometry": { "type": "MultiLineString", "coordinates": [ [ [ 421810.32376001070952, 7647844.396857207641006 ], [ 422106.671647036331706, 7647629.793594734743237 ] ] ] } },
{ "type": "Feature", "properties": { "fid": 703.0, "COMPR_M": 366.07, "CLASSE": "03 - Média", "CD_FAZ": "400286", "TALHOES": "1", "FAZ_tAL": "400286001", "ID_LINHA": 95704 }, "geometry": { "type": "MultiLineString", "coordinates": [ [ [ 421811.596084480872378, 7647847.179497881792486 ], [ 422107.991411559807602, 7647632.54188122600317 ] ] ] } },
{ "type": "Feature", "properties": { "fid": 704.0, "COMPR_M": 366.13, "CLASSE": "03 - Média", "CD_FAZ": "400286", "TALHOES": "1", "FAZ_tAL": "400286001", "ID_LINHA": 95705 }, "geometry": { "type": "MultiLineString", "coordinates": [ [ [ 421812.868408952257596, 7647849.962138555943966 ], [ 422109.311176083807368, 7647635.290167715400457 ] ] ] } },
{ "type": "Feature", "properties": { "fid": 705.0, "COMPR_M": 366.19, "CLASSE": "03 - Média", "CD_FAZ": "400286", "TALHOES": "1", "FAZ_tAL": "400286001", "ID_LINHA": 95706 }, "geometry": { "type": "MultiLineString", "coordinates": [ [ [ 421814.140733423060738, 7647852.744779232889414 ], [ 422110.630940607748926, 7647638.038454203866422 ] ] ] } },
{ "type": "Feature", "properties": { "fid": 706.0, "COMPR_M": 366.24, "CLASSE": "03 - Média", "CD_FAZ": "400286", "TALHOES": "1", "FAZ_tAL": "400286001", "ID_LINHA": 95707 }, "geometry": { "type": "MultiLineString", "coordinates": [ [ [ 421815.413057891826611, 7647855.527419906109571 ], [ 422111.950705132097937, 7647640.786740694195032 ] ] ] } },
{ "type": "Feature", "properties": { "fid": 707.0, "COMPR_M": 366.3, "CLASSE": "03 - Média", "CD_FAZ": "400286", "TALHOES": "1", "FAZ_tAL": "400286001", "ID_LINHA": 95708 }, "geometry": { "type": "MultiLineString", "coordinates": [ [ [ 421816.685382364550605, 7647858.310060580261052 ], [ 422113.270469654409681, 7647643.535027183592319 ] ] ] } },
{ "type": "Feature", "properties": { "fid": 708.0, "COMPR_M": 366.36, "CLASSE": "03 - Média", "CD_FAZ": "400286", "TALHOES": "1", "FAZ_tAL": "400286001", "ID_LINHA": 95709 }, "geometry": { "type": "MultiLineString", "coordinates": [ [ [ 421817.95770683453884, 7647861.092701256275177 ], [ 422114.590234179864638, 7647646.283313672989607 ] ] ] } },
{ "type": "Feature", "properties": { "fid": 709.0, "COMPR_M": 366.42, "CLASSE": "03 - Média", "CD_FAZ": "400286", "TALHOES": "1", "FAZ_tAL": "400286001", "ID_LINHA": 95710 }, "geometry": { "type": "MultiLineString", "coordinates": [ [ [ 421819.230031305167358, 7647863.87534193135798 ], [ 422115.909998703165911, 7647649.031600160524249 ] ] ] } },
{ "type": "Feature", "properties": { "fid": 710.0, "COMPR_M": 366.48, "CLASSE": "03 - Média", "CD_FAZ": "400286", "TALHOES": "1", "FAZ_tAL": "400286001", "ID_LINHA": 95711 }, "geometry": { "type": "MultiLineString", "coordinates": [ [ [ 421820.502355775795877, 7647866.657982604578137 ], [ 422117.229763227747753, 7647651.779886649921536 ] ] ] } },
{ "type": "Feature", "properties": { "fid": 711.0, "COMPR_M": 366.54, "CLASSE": "03 - Média", "CD_FAZ": "400286", "TALHOES": "1", "FAZ_tAL": "400286001", "ID_LINHA": 95712 }, "geometry": { "type": "MultiLineString", "coordinates": [ [ [ 421821.774680245725904, 7647869.44062328338623 ], [ 422118.549527751398273, 7647654.528173141181469 ] ] ] } },
{ "type": "Feature", "properties": { "fid": 712.0, "COMPR_M": 366.6, "CLASSE": "03 - Média", "CD_FAZ": "400286", "TALHOES": "1", "FAZ_tAL": "400286001", "ID_LINHA": 95713 }, "geometry": { "type": "MultiLineString", "coordinates": [ [ [ 421823.047004716936499, 7647872.223263954743743 ], [ 422119.869292274932377, 7647657.276459630578756 ] ] ] } },
{ "type": "Feature", "properties": { "fid": 713.0, "COMPR_M": 366.65, "CLASSE": "03 - Média", "CD_FAZ": "400286", "TALHOES": "1", "FAZ_tAL": "400286001", "ID_LINHA": 95714 }, "geometry": { "type": "MultiLineString", "coordinates": [ [ [ 421824.31932918750681, 7647875.005904627963901 ], [ 422121.189056799630634, 7647660.024746119044721 ] ] ] } },
{ "type": "Feature", "properties": { "fid": 714.0, "COMPR_M": 366.71, "CLASSE": "03 - Média", "CD_FAZ": "400286", "TALHOES": "1", "FAZ_tAL": "400286001", "ID_LINHA": 95715 }, "geometry": { "type": "MultiLineString", "coordinates": [ [ [ 421825.591653657262214, 7647877.788545304909348 ], [ 422122.5088213236304, 7647662.773032607510686 ] ] ] } },
{ "type": "Feature", "properties": { "fid": 715.0, "COMPR_M": 366.77, "CLASSE": "03 - Média", "CD_FAZ": "400286", "TALHOES": "1", "FAZ_tAL": "400286001", "ID_LINHA": 95716 }, "geometry": { "type": "MultiLineString", "coordinates": [ [ [ 421826.863978127774317, 7647880.571185979992151 ], [ 422123.828585847339127, 7647665.521319095976651 ] ] ] } },
{ "type": "Feature", "properties": { "fid": 716.0, "COMPR_M": 366.83, "CLASSE": "03 - Média", "CD_FAZ": "400286", "TALHOES": "1", "FAZ_tAL": "400286001", "ID_LINHA": 95717 }, "geometry": { "type": "MultiLineString", "coordinates": [ [ [ 421828.136302598170005, 7647883.353826651349664 ], [ 422125.148350371629931, 7647668.269605585373938 ] ] ] } },
{ "type": "Feature", "properties": { "fid": 717.0, "COMPR_M": 366.89, "CLASSE": "03 - Média", "CD_FAZ": "400286", "TALHOES": "1", "FAZ_tAL": "400286001", "ID_LINHA": 95718 }, "geometry": { "type": "MultiLineString", "coordinates": [ [ [ 421829.408627069205977, 7647886.136467324569821 ], [ 422126.468114895746112, 7647671.017892076633871 ] ] ] } },
{ "type": "Feature", "properties": { "fid": 718.0, "COMPR_M": 366.95, "CLASSE": "03 - Média", "CD_FAZ": "400286", "TALHOES": "1", "FAZ_tAL": "400286001", "ID_LINHA": 95719 }, "geometry": { "type": "MultiLineString", "coordinates": [ [ [ 421830.680951539543457, 7647888.919108003377914 ], [ 422127.788752662891056, 7647673.765546198934317 ] ] ] } },
{ "type": "Feature", "properties": { "fid": 719.0, "COMPR_M": 367.01, "CLASSE": "03 - Média", "CD_FAZ": "400286", "TALHOES": "1", "FAZ_tAL": "400286001", "ID_LINHA": 95720 }, "geometry": { "type": "MultiLineString", "coordinates": [ [ [ 421831.95327601057943, 7647891.701748678460717 ], [ 422129.113217475067358, 7647676.510428929701447 ] ] ] } },
{ "type": "Feature", "properties": { "fid": 720.0, "COMPR_M": 367.08, "CLASSE": "03 - Média", "CD_FAZ": "400286", "TALHOES": "1", "FAZ_tAL": "400286001", "ID_LINHA": 95721 }, "geometry": { "type": "MultiLineString", "coordinates": [ [ [ 421833.225600480800495, 7647894.48438935354352 ], [ 422130.437682284682523, 7647679.255311656743288 ] ] ] } },
{ "type": "Feature", "properties": { "fid": 721.0, "COMPR_M": 367.14, "CLASSE": "03 - Média", "CD_FAZ": "400286", "TALHOES": "1", "FAZ_tAL": "400286001", "ID_LINHA": 95722 }, "geometry": { "type": "MultiLineString", "coordinates": [ [ [ 421834.49792495102156, 7647897.267030026763678 ], [ 422131.762147093890235, 7647682.000194385647774 ] ] ] } },
{ "type": "Feature", "properties": { "fid": 722.0, "COMPR_M": 367.21, "CLASSE": "03 - Média", "CD_FAZ": "400286", "TALHOES": "1", "FAZ_tAL": "400286001", "ID_LINHA": 95723 }, "geometry": { "type": "MultiLineString", "coordinates": [ [ [ 421835.770249422523193, 7647900.049670699983835 ], [ 422133.086611905077007, 7647684.745077119208872 ] ] ] } },
{ "type": "Feature", "properties": { "fid": 723.0, "COMPR_M": 367.27, "CLASSE": "03 - Média", "CD_FAZ": "400286", "TALHOES": "1", "FAZ_tAL": "400286001", "ID_LINHA": 95724 }, "geometry": { "type": "MultiLineString", "coordinates": [ [ [ 421837.04257389268605, 7647902.832311375997961 ], [ 422134.411076717136893, 7647687.489959848113358 ] ] ] } },
{ "type": "Feature", "properties": { "fid": 724.0, "COMPR_M": 367.34, "CLASSE": "03 - Média", "CD_FAZ": "400286", "TALHOES": "1", "FAZ_tAL": "400286001", "ID_LINHA": 95725 }, "geometry": { "type": "MultiLineString", "coordinates": [ [ [ 421838.3148983627907, 7647905.614952050149441 ], [ 422135.735541527275927, 7647690.234842577949166 ] ] ] } },
{ "type": "Feature", "properties": { "fid": 725.0, "COMPR_M": 367.4, "CLASSE": "03 - Média", "CD_FAZ": "400286", "TALHOES": "1", "FAZ_tAL": "400286001", "ID_LINHA": 95726 }, "geometry": { "type": "MultiLineString", "coordinates": [ [ [ 421839.587222832196858, 7647908.397592725232244 ], [ 422137.060006338288076, 7647692.979725308716297 ] ] ] } },
{ "type": "Feature", "properties": { "fid": 726.0, "COMPR_M": 367.46, "CLASSE": "03 - Média", "CD_FAZ": "400286", "TALHOES": "1", "FAZ_tAL": "400286001", "ID_LINHA": 95727 }, "geometry": { "type": "MultiLineString", "coordinates": [ [ [ 421840.859547304164153, 7647911.180233400315046 ], [ 422138.384471148718148, 7647695.724608039483428 ] ] ] } },
{ "type": "Feature", "properties": { "fid": 727.0, "COMPR_M": 367.53, "CLASSE": "03 - Média", "CD_FAZ": "400286", "TALHOES": "1", "FAZ_tAL": "400286001", "ID_LINHA": 95728 }, "geometry": { "type": "MultiLineString", "coordinates": [ [ [ 421842.131871774792671, 7647913.962874073535204 ], [ 422139.708935959963128, 7647698.469490767456591 ] ] ] } },
{ "type": "Feature", "properties": { "fid": 728.0, "COMPR_M": 367.59, "CLASSE": "03 - Média", "CD_FAZ": "400286", "TALHOES": "1", "FAZ_tAL": "400286001", "ID_LINHA": 95729 }, "geometry": { "type": "MultiLineString", "coordinates": [ [ [ 421843.404196245362982, 7647916.745514748618007 ], [ 422141.033400770043954, 7647701.214373499155045 ] ] ] } },
{ "type": "Feature", "properties": { "fid": 729.0, "COMPR_M": 367.66, "CLASSE": "03 - Média", "CD_FAZ": "400286", "TALHOES": "1", "FAZ_tAL": "400286001", "ID_LINHA": 95730 }, "geometry": { "type": "MultiLineString", "coordinates": [ [ [ 421844.676520714594517, 7647919.528155426494777 ], [ 422142.357865580823272, 7647703.959256229922175 ] ] ] } },
{ "type": "Feature", "properties": { "fid": 730.0, "COMPR_M": 367.72, "CLASSE": "03 - Média", "CD_FAZ": "400286", "TALHOES": "1", "FAZ_tAL": "400286001", "ID_LINHA": 95731 }, "geometry": { "type": "MultiLineString", "coordinates": [ [ [ 421845.948845186387189, 7647922.310796098783612 ], [ 422143.682330391835421, 7647706.704138958826661 ] ] ] } },
{ "type": "Feature", "properties": { "fid": 731.0, "COMPR_M": 367.79, "CLASSE": "03 - Média", "CD_FAZ": "400286", "TALHOES": "1", "FAZ_tAL": "400286001", "ID_LINHA": 95732 }, "geometry": { "type": "MultiLineString", "coordinates": [ [ [ 421847.2211696562008, 7647925.093436772935092 ], [ 422145.006795202905778, 7647709.449021689593792 ] ] ] } },
{ "type": "Feature", "properties": { "fid": 732.0, "COMPR_M": 367.85, "CLASSE": "03 - Média", "CD_FAZ": "400286", "TALHOES": "1", "FAZ_tAL": "400286001", "ID_LINHA": 95733 }, "geometry": { "type": "MultiLineString", "coordinates": [ [ [ 421848.493494127877057, 7647927.876077448949218 ], [ 422146.331260013452265, 7647712.1939044194296 ] ] ] } },
{ "type": "Feature", "properties": { "fid": 733.0, "COMPR_M": 367.91, "CLASSE": "03 - Média", "CD_FAZ": "400286", "TALHOES": "1", "FAZ_tAL": "400286001", "ID_LINHA": 95734 }, "geometry": { "type": "MultiLineString", "coordinates": [ [ [ 421849.765818598913029, 7647930.658718125894666 ], [ 422147.655724824115168, 7647714.938787150196731 ] ] ] } },
{ "type": "Feature", "properties": { "fid": 734.0, "COMPR_M": 367.98, "CLASSE": "03 - Média", "CD_FAZ": "400286", "TALHOES": "1", "FAZ_tAL": "400286001", "ID_LINHA": 95735 }, "geometry": { "type": "MultiLineString", "coordinates": [ [ [ 421851.03814306849381, 7647933.441358797252178 ], [ 422148.980189634894487, 7647717.683669880032539 ] ] ] } },
{ "type": "Feature", "properties": { "fid": 735.0, "COMPR_M": 368.04, "CLASSE": "03 - Média", "CD_FAZ": "400286", "TALHOES": "1", "FAZ_tAL": "400286001", "ID_LINHA": 95736 }, "geometry": { "type": "MultiLineString", "coordinates": [ [ [ 421852.31046753807459, 7647936.223999469541013 ], [ 422150.304654446488712, 7647720.428552608937025 ] ] ] } },
{ "type": "Feature", "properties": { "fid": 736.0, "COMPR_M": 368.1, "CLASSE": "03 - Média", "CD_FAZ": "400286", "TALHOES": "1", "FAZ_tAL": "400286001", "ID_LINHA": 95737 }, "geometry": { "type": "MultiLineString", "coordinates": [ [ [ 421853.59075841633603, 7647939.000871196389198 ], [ 422151.629119256220292, 7647723.173435339704156 ] ] ] } },
{ "type": "Feature", "properties": { "fid": 737.0, "COMPR_M": 368.15, "CLASSE": "03 - Média", "CD_FAZ": "400286", "TALHOES": "1", "FAZ_tAL": "400286001", "ID_LINHA": 95738 }, "geometry": { "type": "MultiLineString", "coordinates": [ [ [ 421854.874412731674965, 7647941.77530724927783 ], [ 422152.953584066708572, 7647725.918318069539964 ] ] ] } },
{ "type": "Feature", "properties": { "fid": 738.0, "COMPR_M": 368.2, "CLASSE": "03 - Média", "CD_FAZ": "400286", "TALHOES": "1", "FAZ_tAL": "400286001", "ID_LINHA": 95739 }, "geometry": { "type": "MultiLineString", "coordinates": [ [ [ 421856.158067047304939, 7647944.549743305891752 ], [ 422154.278048877313267, 7647728.663200799375772 ] ] ] } },
{ "type": "Feature", "properties": { "fid": 739.0, "COMPR_M": 368.25, "CLASSE": "03 - Média", "CD_FAZ": "400286", "TALHOES": "1", "FAZ_tAL": "400286001", "ID_LINHA": 95740 }, "geometry": { "type": "MultiLineString", "coordinates": [ [ [ 421857.441721362585668, 7647947.324179361574352 ], [ 422155.60251368873287, 7647731.408083530142903 ] ] ] } },
{ "type": "Feature", "properties": { "fid": 740.0, "COMPR_M": 368.3, "CLASSE": "03 - Média", "CD_FAZ": "400286", "TALHOES": "1", "FAZ_tAL": "400286001", "ID_LINHA": 95741 }, "geometry": { "type": "MultiLineString", "coordinates": [ [ [ 421858.725375679612625, 7647950.098615415394306 ], [ 422156.926978498930112, 7647734.152966259047389 ] ] ] } },
{ "type": "Feature", "properties": { "fid": 741.0, "COMPR_M": 368.35, "CLASSE": "03 - Média", "CD_FAZ": "400286", "TALHOES": "1", "FAZ_tAL": "400286001", "ID_LINHA": 95742 }, "geometry": { "type": "MultiLineString", "coordinates": [ [ [ 421860.009029994893353, 7647952.873051471076906 ], [ 422158.251443309884053, 7647736.897848987951875 ] ] ] } },
{ "type": "Feature", "properties": { "fid": 742.0, "COMPR_M": 368.4, "CLASSE": "03 - Média", "CD_FAZ": "400286", "TALHOES": "1", "FAZ_tAL": "400286001", "ID_LINHA": 95743 }, "geometry": { "type": "MultiLineString", "coordinates": [ [ [ 421861.292684310581535, 7647955.64748752489686 ], [ 422159.575908119673841, 7647739.642731720581651 ] ] ] } },
{ "type": "Feature", "properties": { "fid": 743.0, "COMPR_M": 368.45, "CLASSE": "03 - Média", "CD_FAZ": "400286", "TALHOES": "1", "FAZ_tAL": "400286001", "ID_LINHA": 95744 }, "geometry": { "type": "MultiLineString", "coordinates": [ [ [ 421862.576338627259247, 7647958.421923577785492 ], [ 422160.900372931500897, 7647742.387614447623491 ] ] ] } },
{ "type": "Feature", "properties": { "fid": 744.0, "COMPR_M": 368.5, "CLASSE": "03 - Média", "CD_FAZ": "400286", "TALHOES": "1", "FAZ_tAL": "400286001", "ID_LINHA": 95745 }, "geometry": { "type": "MultiLineString", "coordinates": [ [ [ 421863.859992943587713, 7647961.196359634399414 ], [ 422162.224837741465308, 7647745.132497180253267 ] ] ] } },
{ "type": "Feature", "properties": { "fid": 745.0, "COMPR_M": 368.55, "CLASSE": "03 - Média", "CD_FAZ": "400286", "TALHOES": "1", "FAZ_tAL": "400286001", "ID_LINHA": 95746 }, "geometry": { "type": "MultiLineString", "coordinates": [ [ [ 421865.143647258926649, 7647963.970795689150691 ], [ 422163.54930255364161, 7647747.877379911020398 ] ] ] } },
{ "type": "Feature", "properties": { "fid": 746.0, "COMPR_M": 368.6, "CLASSE": "03 - Média", "CD_FAZ": "400286", "TALHOES": "1", "FAZ_tAL": "400286001", "ID_LINHA": 95747 }, "geometry": { "type": "MultiLineString", "coordinates": [ [ [ 421866.427301573916338, 7647966.745231743901968 ], [ 422164.87376736314036, 7647750.622262638062239 ] ] ] } },
{ "type": "Feature", "properties": { "fid": 747.0, "COMPR_M": 368.65, "CLASSE": "03 - Média", "CD_FAZ": "400286", "TALHOES": "1", "FAZ_tAL": "400286001", "ID_LINHA": 95748 }, "geometry": { "type": "MultiLineString", "coordinates": [ [ [ 421867.71095589059405, 7647969.5196677967906 ], [ 422166.198232174152508, 7647753.36714536882937 ] ] ] } },
{ "type": "Feature", "properties": { "fid": 748.0, "COMPR_M": 368.7, "CLASSE": "03 - Média", "CD_FAZ": "400286", "TALHOES": "1", "FAZ_tAL": "400286001", "ID_LINHA": 95749 }, "geometry": { "type": "MultiLineString", "coordinates": [ [ [ 421868.994610206922516, 7647972.294103851541877 ], [ 422167.522696983942296, 7647756.112028101459146 ] ] ] } },
{ "type": "Feature", "properties": { "fid": 749.0, "COMPR_M": 368.75, "CLASSE": "03 - Média", "CD_FAZ": "400286", "TALHOES": "1", "FAZ_tAL": "400286001", "ID_LINHA": 95750 }, "geometry": { "type": "MultiLineString", "coordinates": [ [ [ 421870.278264522261452, 7647975.068539906293154 ], [ 422168.847161796467844, 7647758.856910830363631 ] ] ] } },
{ "type": "Feature", "properties": { "fid": 750.0, "COMPR_M": 368.8, "CLASSE": "03 - Média", "CD_FAZ": "400286", "TALHOES": "1", "FAZ_tAL": "400286001", "ID_LINHA": 95751 }, "geometry": { "type": "MultiLineString", "coordinates": [ [ [ 421871.561918838589918, 7647977.842975961044431 ], [ 422170.171626606432255, 7647761.601793561130762 ] ] ] } },
{ "type": "Feature", "properties": { "fid": 751.0, "COMPR_M": 368.85, "CLASSE": "03 - Média", "CD_FAZ": "400286", "TALHOES": "1", "FAZ_tAL": "400286001", "ID_LINHA": 95752 }, "geometry": { "type": "MultiLineString", "coordinates": [ [ [ 421872.845573153928854, 7647980.617412018589675 ], [ 422171.496091417211574, 7647764.346676290035248 ] ] ] } },
{ "type": "Feature", "properties": { "fid": 752.0, "COMPR_M": 368.9, "CLASSE": "03 - Média", "CD_FAZ": "400286", "TALHOES": "1", "FAZ_tAL": "400286001", "ID_LINHA": 95753 }, "geometry": { "type": "MultiLineString", "coordinates": [ [ [ 421874.129227469617035, 7647983.391848070546985 ], [ 422172.820556227467023, 7647767.091559019871056 ] ] ] } },
{ "type": "Feature", "properties": { "fid": 753.0, "COMPR_M": 368.96, "CLASSE": "03 - Média", "CD_FAZ": "400286", "TALHOES": "1", "FAZ_tAL": "400286001", "ID_LINHA": 95754 }, "geometry": { "type": "MultiLineString", "coordinates": [ [ [ 421875.412881784955971, 7647986.166284126229584 ], [ 422174.145021038420964, 7647769.836441750638187 ] ] ] } },
{ "type": "Feature", "properties": { "fid": 754.0, "COMPR_M": 369.01, "CLASSE": "03 - Média", "CD_FAZ": "400286", "TALHOES": "1", "FAZ_tAL": "400286001", "ID_LINHA": 95755 }, "geometry": { "type": "MultiLineString", "coordinates": [ [ [ 421876.696536101982929, 7647988.940720180049539 ], [ 422175.469485848909244, 7647772.581324476748705 ] ] ] } },
{ "type": "Feature", "properties": { "fid": 755.0, "COMPR_M": 369.06, "CLASSE": "03 - Média", "CD_FAZ": "400286", "TALHOES": "1", "FAZ_tAL": "400286001", "ID_LINHA": 95756 }, "geometry": { "type": "MultiLineString", "coordinates": [ [ [ 421877.980190417903941, 7647991.715156233869493 ], [ 422176.793950660037808, 7647775.326207209378481 ] ] ] } },
{ "type": "Feature", "properties": { "fid": 756.0, "COMPR_M": 369.11, "CLASSE": "03 - Média", "CD_FAZ": "400286", "TALHOES": "1", "FAZ_tAL": "400286001", "ID_LINHA": 95757 }, "geometry": { "type": "MultiLineString", "coordinates": [ [ [ 421879.263844733592123, 7647994.48959229234606 ], [ 422178.118415470642503, 7647778.071089941076934 ] ] ] } },
{ "type": "Feature", "properties": { "fid": 757.0, "COMPR_M": 369.16, "CLASSE": "03 - Média", "CD_FAZ": "400286", "TALHOES": "1", "FAZ_tAL": "400286001", "ID_LINHA": 95758 }, "geometry": { "type": "MultiLineString", "coordinates": [ [ [ 421880.547499049513135, 7647997.264028346166015 ], [ 422179.442880281421822, 7647780.815972669050097 ] ] ] } },
{ "type": "Feature", "properties": { "fid": 758.0, "COMPR_M": 369.21, "CLASSE": "03 - Média", "CD_FAZ": "400286", "TALHOES": "1", "FAZ_tAL": "400286001", "ID_LINHA": 95759 }, "geometry": { "type": "MultiLineString", "coordinates": [ [ [ 421881.831153364502825, 7648000.038464399054646 ], [ 422180.767345091560856, 7647783.560855399817228 ] ] ] } },
{ "type": "Feature", "properties": { "fid": 759.0, "COMPR_M": 345.15, "CLASSE": "03 - Média", "CD_FAZ": "400286", "TALHOES": "1", "FAZ_tAL": "400286001", "ID_LINHA": 95760 }, "geometry": { "type": "MultiLineString", "coordinates": [ [ [ 421883.114807680482045, 7648002.812900454737246 ], [ 422162.575971892278176, 7647800.43832584284246 ] ] ] } },
{ "type": "Feature", "properties": { "fid": 760.0, "COMPR_M": 254.59, "CLASSE": "02 - Curta", "CD_FAZ": "400286", "TALHOES": "1", "FAZ_tAL": "400286001", "ID_LINHA": 95761 }, "geometry": { "type": "MultiLineString", "coordinates": [ [ [ 421884.398461996752303, 7648005.587336507625878 ], [ 422090.533308016485535, 7647856.312742692418396 ] ] ] } },
{ "type": "Feature", "properties": { "fid": 761.0, "COMPR_M": 215.36, "CLASSE": "02 - Curta", "CD_FAZ": "400286", "TALHOES": "1", "FAZ_tAL": "400286001", "ID_LINHA": 95762 }, "geometry": { "type": "MultiLineString", "coordinates": [ [ [ 421885.682116312673315, 7648008.361772565171123 ], [ 422060.054306529695168, 7647882.088421063497663 ] ] ] } },
{ "type": "Feature", "properties": { "fid": 762.0, "COMPR_M": 182.6, "CLASSE": "02 - Curta", "CD_FAZ": "400286", "TALHOES": "1", "FAZ_tAL": "400286001", "ID_LINHA": 95763 }, "geometry": { "type": "MultiLineString", "coordinates": [ [ [ 421886.964832319295965, 7648011.136888103559613 ], [ 422034.814512294367887, 7647904.070075528696179 ] ] ] } },
{ "type": "Feature", "properties": { "fid": 763.0, "COMPR_M": 151.19, "CLASSE": "02 - Curta", "CD_FAZ": "400286", "TALHOES": "1", "FAZ_tAL": "400286001", "ID_LINHA": 95764 }, "geometry": { "type": "MultiLineString", "coordinates": [ [ [ 421888.233865647984203, 7648013.921912093646824 ], [ 422010.648866741568781, 7647925.273874564096332 ] ] ] } },
{ "type": "Feature", "properties": { "fid": 764.0, "COMPR_M": 115.33, "CLASSE": "02 - Curta", "CD_FAZ": "400286", "TALHOES": "1", "FAZ_tAL": "400286001", "ID_LINHA": 95765 }, "geometry": { "type": "MultiLineString", "coordinates": [ [ [ 421889.502898975915741, 7648016.706936080940068 ], [ 421982.885215031797998, 7647949.083205456845462 ] ] ] } },
{ "type": "Feature", "properties": { "fid": 765.0, "COMPR_M": 56.67, "CLASSE": "01 - Muito curta", "CD_FAZ": "400286", "TALHOES": "1", "FAZ_tAL": "400286001", "ID_LINHA": 95766 }, "geometry": { "type": "MultiLineString", "coordinates": [ [ [ 421899.947472647298127, 7648012.847401498816907 ], [ 421945.831558523932472, 7647979.619985494762659 ] ] ] } }
]
}
