{
"type": "FeatureCollection",
"name": "400534",
"crs": { "type": "name", "properties": { "name": "urn:ogc:def:crs:EPSG::32722" } },
"xy_coordinate_resolution": 1e-15,
"features": [
{ "type": "Feature", "properties": { "fid": 1.0, "COMPR_M": 1310.68, "CLASSE": "06 - Acima do limite", "CD_FAZ": "400534", "TALHOES": "1, 3, 4", "FAZ_tAL": "400534001, 400534003, 400534004", "ID_LINHA": 95949 }, "geometry": { "type": "MultiLineString", "coordinates": [ [ [ 424101.031020636495668, 7638476.973054390400648 ], [ 424113.144148789870087, 7638451.697036408819258 ], [ 424123.359419917105697, 7638431.999159229919314 ], [ 424134.168441539106425, 7638412.567860215902328 ], [ 424145.610698464792222, 7638393.46881315857172 ], [ 424157.72680882923305, 7638374.777980519458652 ], [ 424170.55739077256294, 7638356.57132475823164 ], [ 424191.231750074599404, 7638330.335340639576316 ], [ 424213.727971087850165, 7638305.608554059639573 ], [ 424229.717701808491256, 7638290.042802504263818 ], [ 424246.440527894010302, 7638275.243587607517838 ], [ 424272.783149881055579, 7638254.539877152070403 ], [ 424291.106372483423911, 7638241.772715216502547 ], [ 424309.97681693371851, 7638229.864658994600177 ], [ 424329.341396776027977, 7638218.841997876763344 ], [ 424349.149502412823495, 7638208.711593152955174 ], [ 424369.355348425393458, 7638199.442466134205461 ], [ 424389.913705581857357, 7638190.999275476671755 ], [ 424410.779599247733131, 7638183.346637492999434 ], [ 424431.912127051327843, 7638176.448491171002388 ], [ 424453.273661505430937, 7638170.268230807967484 ], [ 424485.663243415241595, 7638162.263767704367638 ], [ 424507.433174594421871, 7638157.717925134114921 ], [ 424540.279458217904903, 7638151.976543919183314 ], [ 424562.279041557456367, 7638148.789211921393871 ], [ 424595.389776873227675, 7638144.833169844001532 ], [ 424639.657664251397364, 7638140.813957411795855 ], [ 424739.336822925019078, 7638134.142789325676858 ], [ 424772.541124037117697, 7638131.475217510946095 ], [ 424805.718053002434317, 7638128.018470941111445 ], [ 424838.857729252893478, 7638123.432200031355023 ], [ 424871.883166905376129, 7638117.376494175754488 ], [ 424904.529239441559184, 7638109.512673484161496 ], [ 424936.498096000985242, 7638099.502272131852806 ], [ 424957.28734909783816, 7638091.468982800841331 ], [ 424967.491885722032748, 7638087.006824294105172 ], [ 424987.465621558716521, 7638077.128800739534199 ], [ 425006.785358231922146, 7638065.903378587216139 ], [ 425016.172375800437294, 7638059.783687716349959 ], [ 425034.345468092651572, 7638046.578969279304147 ], [ 425051.643646726501174, 7638032.153878139331937 ], [ 425067.978523873956874, 7638016.588505757972598 ], [ 425083.261711706174538, 7637999.96294360421598 ], [ 425090.481300931714941, 7637991.277619944885373 ], [ 425104.021227607910987, 7637973.211944625712931 ], [ 425116.288495394110214, 7637954.286308201029897 ], [ 425127.194716144527774, 7637934.580802191980183 ], [ 425132.106679145887028, 7637924.461252421140671 ], [ 425140.731738036323804, 7637903.750863731838763 ], [ 425144.39012995257508, 7637893.186559082940221 ], [ 425147.575960865011439, 7637882.500537088140845 ], [ 425152.294484153797384, 7637861.452275900170207 ] ] ] } },
{ "type": "Feature", "properties": { "fid": 2.0, "COMPR_M": 335.94, "CLASSE": "03 - Média", "CD_FAZ": "400534", "TALHOES": "3", "FAZ_tAL": "400534003", "ID_LINHA": 95950 }, "geometry": { "type": "MultiLineString", "coordinates": [ [ [ 424306.702883145364467, 7638007.793627511709929 ], [ 424345.025802510092035, 7637993.397405119612813 ], [ 424372.834663996938616, 7637984.3189687859267 ], [ 424414.33609653118765, 7637972.669201791286469 ], [ 424455.447535577462986, 7637963.153889030218124 ], [ 424495.937461866473313, 7637955.541313827969134 ], [ 424535.550691252108663, 7637949.571629501879215 ], [ 424586.859382048132829, 7637943.662692740559578 ], [ 424634.098984713957179, 7637939.669016082771122 ] ] ] } },
{ "type": "Feature", "properties": { "fid": 3.0, "COMPR_M": 249.36, "CLASSE": "02 - Curta", "CD_FAZ": "400534", "TALHOES": "4", "FAZ_tAL": "400534004", "ID_LINHA": 95951 }, "geometry": { "type": "MultiLineString", "coordinates": [ [ [ 424736.430644658394158, 7637932.796325359493494 ], [ 424781.818023291882128, 7637928.441257425583899 ], [ 424807.259807144582737, 7637924.925994945690036 ], [ 424823.049390530330129, 7637922.168245706707239 ], [ 424837.756492719636299, 7637919.080029677599669 ], [ 424857.576637477090117, 7637913.875816944986582 ], [ 424869.187547928304411, 7637910.088895563036203 ], [ 424884.117224238521885, 7637904.087963549420238 ], [ 424896.220932737167459, 7637897.867236791178584 ], [ 424907.196387218835298, 7637890.707129100337625 ], [ 424917.853421815787442, 7637882.113096456974745 ], [ 424924.566133361193351, 7637875.716461164876819 ], [ 424930.828496843343601, 7637868.904542985372245 ], [ 424939.166882172459736, 7637858.165258422493935 ], [ 424946.027524603414349, 7637847.179488878697157 ], [ 424951.476638743071817, 7637835.780015672557056 ] ] ] } },
{ "type": "Feature", "properties": { "fid": 5.0, "COMPR_M": 63.33, "CLASSE": "01 - Muito curta", "CD_FAZ": "400534", "TALHOES": "4", "FAZ_tAL": "400534004", "ID_LINHA": 95952 }, "geometry": { "type": "MultiLineString", "coordinates": [ [ [ 424790.155046957836021, 7637839.525505668483675 ], [ 424812.651946303551085, 7637835.520805886015296 ], [ 424828.235679576930124, 7637831.783221274614334 ], [ 424840.053131599794142, 7637828.10400122590363 ], [ 424851.13153415551642, 7637823.391227941960096 ] ] ] } },
{ "type": "Feature", "properties": { "fid": 6.0, "COMPR_M": 58.61, "CLASSE": "01 - Muito curta", "CD_FAZ": "400534", "TALHOES": "4", "FAZ_tAL": "400534004", "ID_LINHA": 95953 }, "geometry": { "type": "MultiLineString", "coordinates": [ [ [ 424788.1499265745515, 7637836.795392161235213 ], [ 424806.100402395881247, 7637833.775258673354983 ], [ 424822.716840858687647, 7637830.131346015259624 ], [ 424835.611607169616036, 7637826.447072729468346 ], [ 424844.952802267100196, 7637822.985290056094527 ] ] ] } },
{ "type": "Feature", "properties": { "fid": 7.0, "COMPR_M": 53.31, "CLASSE": "01 - Muito curta", "CD_FAZ": "400534", "TALHOES": "4", "FAZ_tAL": "400534004", "ID_LINHA": 95954 }, "geometry": { "type": "MultiLineString", "coordinates": [ [ [ 424785.638003494299483, 7637834.14217128418386 ], [ 424799.27109696296975, 7637831.974725080654025 ], [ 424816.905264056869783, 7637828.443059297278523 ], [ 424837.587786514428444, 7637822.605147663503885 ] ] ] } },
{ "type": "Feature", "properties": { "fid": 8.0, "COMPR_M": 46.58, "CLASSE": "01 - Muito curta", "CD_FAZ": "400534", "TALHOES": "4", "FAZ_tAL": "400534004", "ID_LINHA": 95955 }, "geometry": { "type": "MultiLineString", "coordinates": [ [ [ 424782.971289404900745, 7637831.512435461394489 ], [ 424810.800970659474842, 7637826.712815626524389 ], [ 424828.581844073021784, 7637822.321227854117751 ] ] ] } },
{ "type": "Feature", "properties": { "fid": 9.0, "COMPR_M": 37.07, "CLASSE": "01 - Muito curta", "CD_FAZ": "400534", "TALHOES": "4", "FAZ_tAL": "400534004", "ID_LINHA": 95956 }, "geometry": { "type": "MultiLineString", "coordinates": [ [ [ 424780.326209844497498, 7637828.879417222924531 ], [ 424798.238058648013975, 7637826.064134975895286 ], [ 424816.788366044871509, 7637822.300199824385345 ] ] ] } },
{ "type": "Feature", "properties": { "fid": 10.0, "COMPR_M": 22.89, "CLASSE": "01 - Muito curta", "CD_FAZ": "400534", "TALHOES": "4", "FAZ_tAL": "400534004", "ID_LINHA": 95957 }, "geometry": { "type": "MultiLineString", "coordinates": [ [ [ 424777.521260885405354, 7637826.270654535852373 ], [ 424800.119858713762369, 7637822.670129273086786 ] ] ] } },
{ "type": "Feature", "properties": { "fid": 12.0, "COMPR_M": 67.91, "CLASSE": "01 - Muito curta", "CD_FAZ": "400534", "TALHOES": "4", "FAZ_tAL": "400534004", "ID_LINHA": 95958 }, "geometry": { "type": "MultiLineString", "coordinates": [ [ [ 424791.43144449457759, 7637842.366181764751673 ], [ 424813.268938184250146, 7637838.456802640110254 ], [ 424829.030404158984311, 7637834.676236403174698 ], [ 424844.215316930436529, 7637829.761497472412884 ], [ 424851.199017685314175, 7637826.730698715895414 ], [ 424856.31649643718265, 7637823.782930737361312 ] ] ] } },
{ "type": "Feature", "properties": { "fid": 13.0, "COMPR_M": 102.94, "CLASSE": "02 - Curta", "CD_FAZ": "400534", "TALHOES": "3", "FAZ_tAL": "400534003", "ID_LINHA": 95959 }, "geometry": { "type": "MultiLineString", "coordinates": [ [ [ 424322.389353711623698, 7637915.552831657230854 ], [ 424364.19050738599617, 7637902.371396754868329 ], [ 424394.310768734023441, 7637894.18114398419857 ], [ 424421.399725730298087, 7637887.682675042189658 ] ] ] } },
{ "type": "Feature", "properties": { "fid": 14.0, "COMPR_M": 72.67, "CLASSE": "01 - Muito curta", "CD_FAZ": "400534", "TALHOES": "4", "FAZ_tAL": "400534004", "ID_LINHA": 95960 }, "geometry": { "type": "MultiLineString", "coordinates": [ [ [ 424792.043792992189992, 7637845.307608069851995 ], [ 424813.885930066346191, 7637841.392799392342567 ], [ 424834.324865168891847, 7637836.278913302347064 ], [ 424850.5184800530551, 7637830.374392801895738 ], [ 424855.522734630911145, 7637827.820086937397718 ], [ 424860.9130230830051, 7637824.163616583682597 ] ] ] } },
{ "type": "Feature", "properties": { "fid": 15.0, "COMPR_M": 112.74, "CLASSE": "02 - Curta", "CD_FAZ": "400534", "TALHOES": "3", "FAZ_tAL": "400534003", "ID_LINHA": 95961 }, "geometry": { "type": "MultiLineString", "coordinates": [ [ [ 424321.881366500514559, 7637918.888504151254892 ], [ 424349.909081317717209, 7637909.761243681423366 ], [ 424380.074110855348408, 7637901.032737830653787 ], [ 424409.953688655281439, 7637893.408192596398294 ], [ 424430.419305252435151, 7637888.7618417898193 ] ] ] } },
{ "type": "Feature", "properties": { "fid": 16.0, "COMPR_M": 77.72, "CLASSE": "01 - Muito curta", "CD_FAZ": "400534", "TALHOES": "4", "FAZ_tAL": "400534004", "ID_LINHA": 95962 }, "geometry": { "type": "MultiLineString", "coordinates": [ [ [ 424792.11993828706909, 7637848.330387687310576 ], [ 424820.268365455209278, 7637843.061925491318107 ], [ 424839.336301413364708, 7637837.855377957224846 ], [ 424849.273889399133623, 7637834.192890159785748 ], [ 424855.583001667109784, 7637831.222183413803577 ], [ 424859.848978359019384, 7637828.642433268949389 ], [ 424865.179329097387381, 7637824.539873923175037 ] ] ] } },
{ "type": "Feature", "properties": { "fid": 17.0, "COMPR_M": 121.07, "CLASSE": "02 - Curta", "CD_FAZ": "400534", "TALHOES": "3", "FAZ_tAL": "400534003", "ID_LINHA": 95963 }, "geometry": { "type": "MultiLineString", "coordinates": [ [ [ 424321.372942284797318, 7637922.224323530681431 ], [ 424350.790834497660398, 7637912.628848496824503 ], [ 424380.861202797619626, 7637903.927743132226169 ], [ 424410.651247572386637, 7637896.326053272001445 ], [ 424438.003496472840197, 7637890.192276948131621 ] ] ] } },
{ "type": "Feature", "properties": { "fid": 18.0, "COMPR_M": 83.09, "CLASSE": "01 - Muito curta", "CD_FAZ": "400534", "TALHOES": "4", "FAZ_tAL": "400534004", "ID_LINHA": 95964 }, "geometry": { "type": "MultiLineString", "coordinates": [ [ [ 424791.725613148359116, 7637851.424547566100955 ], [ 424820.940985734516289, 7637845.985698726028204 ], [ 424831.414577904972248, 7637843.355281786993146 ], [ 424844.071671784913633, 7637839.412262516096234 ], [ 424853.007275918673258, 7637835.834657302126288 ], [ 424858.537415972037707, 7637833.008764704689384 ], [ 424864.709026314667426, 7637828.816124832257628 ], [ 424869.244951101834886, 7637824.917120516300201 ] ] ] } },
{ "type": "Feature", "properties": { "fid": 19.0, "COMPR_M": 128.9, "CLASSE": "02 - Curta", "CD_FAZ": "400534", "TALHOES": "3", "FAZ_tAL": "400534003", "ID_LINHA": 95965 }, "geometry": { "type": "MultiLineString", "coordinates": [ [ [ 424320.861868459207471, 7637925.573336448520422 ], [ 424351.672587675973773, 7637915.496453303843737 ], [ 424381.648294740705751, 7637906.822748434729874 ], [ 424411.348806489491835, 7637899.243913945741951 ], [ 424445.112943410349544, 7637891.788922976702452 ] ] ] } },
{ "type": "Feature", "properties": { "fid": 20.0, "COMPR_M": 88.84, "CLASSE": "01 - Muito curta", "CD_FAZ": "400534", "TALHOES": "4", "FAZ_tAL": "400534004", "ID_LINHA": 95966 }, "geometry": { "type": "MultiLineString", "coordinates": [ [ [ 424790.844130438461434, 7637854.592619496397674 ], [ 424809.490200023632497, 7637851.453856080770493 ], [ 424821.613606012717355, 7637848.909471966326237 ], [ 424832.209302485862281, 7637846.248296910896897 ], [ 424845.076306829811074, 7637842.23932783678174 ], [ 424854.251673851336818, 7637838.564789552241564 ], [ 424860.044756642892025, 7637835.603103587403893 ], [ 424866.552900681446772, 7637831.183112271130085 ], [ 424873.152799959352706, 7637825.295934677124023 ] ] ] } },
{ "type": "Feature", "properties": { "fid": 21.0, "COMPR_M": 136.4, "CLASSE": "02 - Curta", "CD_FAZ": "400534", "TALHOES": "3", "FAZ_tAL": "400534003", "ID_LINHA": 95967 }, "geometry": { "type": "MultiLineString", "coordinates": [ [ [ 424320.347003182861954, 7637928.941482055932283 ], [ 424352.554340856615454, 7637918.364058117382228 ], [ 424382.435386682045646, 7637909.717753734439611 ], [ 424412.046365405898541, 7637902.161774617619812 ], [ 424451.898593932564836, 7637893.481516176834702 ] ] ] } },
{ "type": "Feature", "properties": { "fid": 22.0, "COMPR_M": 95.11, "CLASSE": "01 - Muito curta", "CD_FAZ": "400534", "TALHOES": "4", "FAZ_tAL": "400534004", "ID_LINHA": 95968 }, "geometry": { "type": "MultiLineString", "coordinates": [ [ [ 424789.357741399609949, 7637857.852468445897102 ], [ 424803.403250215400476, 7637855.617085488513112 ], [ 424822.286226293770596, 7637851.833245202898979 ], [ 424833.00402706861496, 7637849.141312038525939 ], [ 424846.080941875174176, 7637845.066393159329891 ], [ 424855.496071784175001, 7637841.294921802356839 ], [ 424863.196059881243855, 7637837.204023215919733 ], [ 424870.16743264865363, 7637832.122699435800314 ], [ 424876.931497426354326, 7637825.677449714392424 ] ] ] } },
{ "type": "Feature", "properties": { "fid": 23.0, "COMPR_M": 143.67, "CLASSE": "02 - Curta", "CD_FAZ": "400534", "TALHOES": "3", "FAZ_tAL": "400534003", "ID_LINHA": 95969 }, "geometry": { "type": "MultiLineString", "coordinates": [ [ [ 424319.830943817913067, 7637932.310053086839616 ], [ 424353.436094038246665, 7637921.231662929058075 ], [ 424383.222478626063094, 7637912.612759036011994 ], [ 424427.391577947943006, 7637901.693028435111046 ], [ 424458.458078918862157, 7637895.247882083058357 ] ] ] } },
{ "type": "Feature", "properties": { "fid": 24.0, "COMPR_M": 102.3, "CLASSE": "02 - Curta", "CD_FAZ": "400534", "TALHOES": "4", "FAZ_tAL": "400534004", "ID_LINHA": 95970 }, "geometry": { "type": "MultiLineString", "coordinates": [ [ [ 424786.877028551883996, 7637861.226701680570841 ], [ 424803.919769370404538, 7637858.572380537167192 ], [ 424822.9588465730194, 7637854.757018441334367 ], [ 424838.630748929805122, 7637850.648710271343589 ], [ 424850.703975356707815, 7637846.553189432248473 ], [ 424859.179394697828684, 7637842.867556201294065 ], [ 424866.572565346141346, 7637838.583992598578334 ], [ 424873.922303190163802, 7637832.845974110998213 ], [ 424880.604835392325185, 7637826.062721480615437 ] ] ] } },
{ "type": "Feature", "properties": { "fid": 25.0, "COMPR_M": 150.83, "CLASSE": "02 - Curta", "CD_FAZ": "400534", "TALHOES": "3", "FAZ_tAL": "400534003", "ID_LINHA": 95971 }, "geometry": { "type": "MultiLineString", "coordinates": [ [ [ 424319.313442666258197, 7637935.679137788712978 ], [ 424354.317847217665985, 7637924.099267739802599 ], [ 424384.009570566995535, 7637915.507764336653054 ], [ 424428.046315761690494, 7637904.620789549313486 ], [ 424464.913487562560476, 7637897.088513366878033 ] ] ] } },
{ "type": "Feature", "properties": { "fid": 26.0, "COMPR_M": 112.06, "CLASSE": "02 - Curta", "CD_FAZ": "400534", "TALHOES": "4", "FAZ_tAL": "400534004", "ID_LINHA": 95972 }, "geometry": { "type": "MultiLineString", "coordinates": [ [ [ 424781.805906885827426, 7637864.948922676965594 ], [ 424804.436288527329452, 7637861.527675591409206 ], [ 424823.63146685186075, 7637857.680791679769754 ], [ 424839.491925682406873, 7637853.522669667378068 ], [ 424851.785418428189587, 7637849.351804759353399 ], [ 424862.67346510256175, 7637844.442969294264913 ], [ 424870.159165308636148, 7637839.732997965998948 ], [ 424877.793022747093346, 7637833.358000319451094 ], [ 424884.192863798118196, 7637826.452755919657648 ] ] ] } },
{ "type": "Feature", "properties": { "fid": 27.0, "COMPR_M": 157.82, "CLASSE": "02 - Curta", "CD_FAZ": "400534", "TALHOES": "3", "FAZ_tAL": "400534003", "ID_LINHA": 95973 }, "geometry": { "type": "MultiLineString", "coordinates": [ [ [ 424318.794275845051743, 7637939.048815930262208 ], [ 424355.199600397259928, 7637926.966872554272413 ], [ 424399.502520385140087, 7637914.529899712651968 ], [ 424428.701053575670812, 7637907.548550665378571 ], [ 424471.202730340650305, 7637898.960336180403829 ] ] ] } },
{ "type": "Feature", "properties": { "fid": 28.0, "COMPR_M": 128.79, "CLASSE": "02 - Curta", "CD_FAZ": "400534", "TALHOES": "4", "FAZ_tAL": "400534004", "ID_LINHA": 95974 }, "geometry": { "type": "MultiLineString", "coordinates": [ [ [ 424769.743712134484667, 7637869.42941128090024 ], [ 424790.397514613345265, 7637866.797710346058011 ], [ 424811.750065108237322, 7637863.239587685093284 ], [ 424830.035491573857144, 7637859.226644534617662 ], [ 424849.094847013533581, 7637853.547589124180377 ], [ 424861.839520367386285, 7637848.24650869704783 ], [ 424869.934358838829212, 7637843.554772265255451 ], [ 424879.862840921850875, 7637835.530167602002621 ], [ 424887.712727084988728, 7637826.848532846197486 ] ] ] } },
{ "type": "Feature", "properties": { "fid": 29.0, "COMPR_M": 164.82, "CLASSE": "02 - Curta", "CD_FAZ": "400534", "TALHOES": "3", "FAZ_tAL": "400534003", "ID_LINHA": 95975 }, "geometry": { "type": "MultiLineString", "coordinates": [ [ [ 424318.273073277552612, 7637942.419219357892871 ], [ 424356.081353577319533, 7637929.834477365016937 ], [ 424400.244199192384258, 7637917.436864816583693 ], [ 424443.796260341361631, 7637907.355995101854205 ], [ 424477.510650576674379, 7637900.896142695099115 ] ] ] } },
{ "type": "Feature", "properties": { "fid": 30.0, "COMPR_M": 146.67, "CLASSE": "02 - Curta", "CD_FAZ": "400534", "TALHOES": "4", "FAZ_tAL": "400534004", "ID_LINHA": 95976 }, "geometry": { "type": "MultiLineString", "coordinates": [ [ [ 424756.476206997293048, 7637873.842161837033927 ], [ 424783.073818466451485, 7637870.836888484656811 ], [ 424812.315031378646381, 7637866.186020586639643 ], [ 424830.767356645315886, 7637862.136174386367202 ], [ 424850.099482059071306, 7637856.374654445797205 ], [ 424863.169583204493392, 7637850.935984943062067 ], [ 424873.686519776296336, 7637844.587677121162415 ], [ 424883.896947993955109, 7637835.767672398127615 ], [ 424891.179317364119925, 7637827.251027343794703 ] ] ] } },
{ "type": "Feature", "properties": { "fid": 31.0, "COMPR_M": 171.75, "CLASSE": "02 - Curta", "CD_FAZ": "400534", "TALHOES": "3", "FAZ_tAL": "400534003", "ID_LINHA": 95977 }, "geometry": { "type": "MultiLineString", "coordinates": [ [ [ 424317.749083736969624, 7637945.790615713223815 ], [ 424356.963106757670175, 7637932.702082175761461 ], [ 424400.985877999628428, 7637920.343829918652773 ], [ 424444.409485353215132, 7637910.292726362124085 ], [ 424483.755251828464679, 7637902.851344562135637 ] ] ] } },
{ "type": "Feature", "properties": { "fid": 32.0, "COMPR_M": 158.28, "CLASSE": "02 - Curta", "CD_FAZ": "400534", "TALHOES": "4", "FAZ_tAL": "400534004", "ID_LINHA": 95978 }, "geometry": { "type": "MultiLineString", "coordinates": [ [ [ 424749.402056368649937, 7637877.524834115058184 ], [ 424783.465625846467447, 7637873.811250525526702 ], [ 424805.98584599676542, 7637870.393560744822025 ], [ 424831.499221717298497, 7637865.045704240910709 ], [ 424851.104117103677709, 7637859.201719769276679 ], [ 424864.499646038922947, 7637853.625461190007627 ], [ 424875.450197010417469, 7637847.015016698278487 ], [ 424886.037431433564052, 7637837.870240228250623 ], [ 424894.586999993538484, 7637827.658943170681596 ] ] ] } },
{ "type": "Feature", "properties": { "fid": 33.0, "COMPR_M": 178.71, "CLASSE": "02 - Curta", "CD_FAZ": "400534", "TALHOES": "3", "FAZ_tAL": "400534003", "ID_LINHA": 95979 }, "geometry": { "type": "MultiLineString", "coordinates": [ [ [ 424317.221439529093914, 7637949.163314137607813 ], [ 424357.844859937671572, 7637935.569686986505985 ], [ 424401.72755680809496, 7637923.250795023515821 ], [ 424445.022710366465617, 7637913.229457620531321 ], [ 424490.024250131624285, 7637904.834033085033298 ] ] ] } },
{ "type": "Feature", "properties": { "fid": 34.0, "COMPR_M": 167.44, "CLASSE": "02 - Curta", "CD_FAZ": "400534", "TALHOES": "4", "FAZ_tAL": "400534004", "ID_LINHA": 95980 }, "geometry": { "type": "MultiLineString", "coordinates": [ [ [ 424744.729832752258517, 7637880.941476166248322 ], [ 424775.753836650867015, 7637877.802262950688601 ], [ 424806.502365153282881, 7637873.348855796270072 ], [ 424832.231086787942331, 7637867.955234091728926 ], [ 424852.108752150670625, 7637862.028785090893507 ], [ 424865.829708875331562, 7637856.314937436953187 ], [ 424877.213874243199825, 7637849.442356275394559 ], [ 424888.177914873813279, 7637839.97280805837363 ], [ 424893.993872685008682, 7637833.434399040415883 ], [ 424897.944801977020688, 7637828.072739466093481 ] ] ] } },
{ "type": "Feature", "properties": { "fid": 35.0, "COMPR_M": 185.75, "CLASSE": "02 - Curta", "CD_FAZ": "400534", "TALHOES": "3", "FAZ_tAL": "400534003", "ID_LINHA": 95981 }, "geometry": { "type": "MultiLineString", "coordinates": [ [ [ 424316.689266362285707, 7637952.537626118399203 ], [ 424358.72661311738193, 7637938.437291799113154 ], [ 424402.469235613942146, 7637926.157760126516223 ], [ 424445.635935377911665, 7637916.166188878938556 ], [ 424473.976664245012216, 7637910.649219350889325 ], [ 424496.374563565594144, 7637906.843522721901536 ] ] ] } },
{ "type": "Feature", "properties": { "fid": 36.0, "COMPR_M": 175.31, "CLASSE": "02 - Curta", "CD_FAZ": "400534", "TALHOES": "4", "FAZ_tAL": "400534004", "ID_LINHA": 95982 }, "geometry": { "type": "MultiLineString", "coordinates": [ [ [ 424741.323799275211059, 7637884.248260954394937 ], [ 424776.110553513339255, 7637880.781027333810925 ], [ 424807.018884309683926, 7637876.304150845855474 ], [ 424832.962951858586166, 7637870.864763943478465 ], [ 424853.113387196732219, 7637864.855850411579013 ], [ 424860.888239904015791, 7637861.856986143626273 ], [ 424869.763928537489846, 7637857.663755169138312 ], [ 424881.303895621676929, 7637850.119011788628995 ], [ 424888.142113625595812, 7637844.2188367433846 ], [ 424892.41767219058238, 7637839.866346675902605 ], [ 424901.276621586759575, 7637828.494933816604316 ] ] ] } },
{ "type": "Feature", "properties": { "fid": 37.0, "COMPR_M": 192.84, "CLASSE": "02 - Curta", "CD_FAZ": "400534", "TALHOES": "3", "FAZ_tAL": "400534003", "ID_LINHA": 95983 }, "geometry": { "type": "MultiLineString", "coordinates": [ [ [ 424316.15168349200394, 7637955.91386544611305 ], [ 424359.608366297441535, 7637941.304896611720324 ], [ 424403.210914421710186, 7637929.064725231379271 ], [ 424446.249160391453188, 7637919.102920137345791 ], [ 424474.51138806930976, 7637913.601241428405046 ], [ 424502.772622828080785, 7637908.850861940532923 ] ] ] } },
{ "type": "Feature", "properties": { "fid": 38.0, "COMPR_M": 182.26, "CLASSE": "02 - Curta", "CD_FAZ": "400534", "TALHOES": "4", "FAZ_tAL": "400534004", "ID_LINHA": 95984 }, "geometry": { "type": "MultiLineString", "coordinates": [ [ [ 424738.802461729384959, 7637887.463062157854438 ], [ 424776.467270374996588, 7637883.759791714139283 ], [ 424807.535403466026764, 7637879.259445898234844 ], [ 424833.69481693248963, 7637873.774293793365359 ], [ 424854.118022242502775, 7637867.682915735989809 ], [ 424862.049674955545925, 7637864.62339574098587 ], [ 424871.182021224056371, 7637860.307912345975637 ], [ 424883.147769987932406, 7637852.485999228432775 ], [ 424890.211931802681647, 7637846.391004026867449 ], [ 424894.626580998767167, 7637841.896911688148975 ], [ 424900.527595507970545, 7637834.801989026367664 ], [ 424904.55153051862726, 7637828.921259611845016 ] ] ] } },
{ "type": "Feature", "properties": { "fid": 39.0, "COMPR_M": 200.16, "CLASSE": "02 - Curta", "CD_FAZ": "400534", "TALHOES": "3", "FAZ_tAL": "400534003", "ID_LINHA": 95985 }, "geometry": { "type": "MultiLineString", "coordinates": [ [ [ 424315.603941818815656, 7637959.315425733104348 ], [ 424331.28620319289621, 7637953.706520741805434 ], [ 424360.490119476453401, 7637944.172501420602202 ], [ 424403.952593229420017, 7637931.971690334379673 ], [ 424432.629480460425839, 7637925.115117356181145 ], [ 424461.008269562909845, 7637919.188352049328387 ], [ 424509.390018307138234, 7637910.889270689338446 ] ] ] } },
{ "type": "Feature", "properties": { "fid": 40.0, "COMPR_M": 188.61, "CLASSE": "02 - Curta", "CD_FAZ": "400534", "TALHOES": "4", "FAZ_tAL": "400534004", "ID_LINHA": 95986 }, "geometry": { "type": "MultiLineString", "coordinates": [ [ [ 424736.861738925101236, 7637890.627812308259308 ], [ 424776.823987236362882, 7637886.738556095398962 ], [ 424808.051922622835264, 7637882.214740950614214 ], [ 424834.426682003075257, 7637876.683823647908866 ], [ 424855.122657286701724, 7637870.50998105481267 ], [ 424863.211110005329829, 7637867.389805337414145 ], [ 424872.600113912194502, 7637862.952069522812963 ], [ 424880.019739319337532, 7637858.467111259698868 ], [ 424884.991644354420714, 7637854.852986665442586 ], [ 424892.281749978021253, 7637848.563171312212944 ], [ 424896.835489805554971, 7637843.927476700395346 ], [ 424902.92853729869239, 7637836.601443830877542 ], [ 424907.815489088126924, 7637829.357523120939732 ] ] ] } },
{ "type": "Feature", "properties": { "fid": 41.0, "COMPR_M": 207.65, "CLASSE": "02 - Curta", "CD_FAZ": "400534", "TALHOES": "3", "FAZ_tAL": "400534003", "ID_LINHA": 95987 }, "geometry": { "type": "MultiLineString", "coordinates": [ [ [ 424315.046699715370778, 7637962.732109440490603 ], [ 424332.267603143816814, 7637956.541583915241063 ], [ 424361.371872656513005, 7637947.040106235072017 ], [ 424404.694272036431357, 7637934.878655437380075 ], [ 424433.284218274231534, 7637928.042878471314907 ], [ 424461.581416540022474, 7637922.133161595091224 ], [ 424489.462542862922419, 7637917.081841923296452 ], [ 424516.164279293210711, 7637912.904084946960211 ] ] ] } },
{ "type": "Feature", "properties": { "fid": 42.0, "COMPR_M": 194.48, "CLASSE": "02 - Curta", "CD_FAZ": "400534", "TALHOES": "4", "FAZ_tAL": "400534004", "ID_LINHA": 95988 }, "geometry": { "type": "MultiLineString", "coordinates": [ [ [ 424735.357674054335803, 7637893.757648328319192 ], [ 424777.180704096856061, 7637889.71732047572732 ], [ 424808.568441778363194, 7637885.170036001130939 ], [ 424835.158547073544469, 7637879.593353498727083 ], [ 424856.127292333869264, 7637873.337046377360821 ], [ 424864.372545054706279, 7637870.156214937567711 ], [ 424874.018206598469988, 7637865.596226699650288 ], [ 424881.700636065623257, 7637860.952501092106104 ], [ 424886.835518722480629, 7637857.219974106177688 ], [ 424894.351568152895197, 7637850.735338599421084 ], [ 424901.251902915653773, 7637843.475301073864102 ], [ 424907.180218134250026, 7637835.842767069116235 ], [ 424911.031244024576154, 7637829.79719522036612 ] ] ] } },
{ "type": "Feature", "properties": { "fid": 43.0, "COMPR_M": 215.7, "CLASSE": "02 - Curta", "CD_FAZ": "400534", "TALHOES": "3", "FAZ_tAL": "400534003", "ID_LINHA": 95989 }, "geometry": { "type": "MultiLineString", "coordinates": [ [ [ 424314.481066079693846, 7637966.151959305629134 ], [ 424333.249003095668741, 7637959.376647082157433 ], [ 424362.25362583756214, 7637949.907711045816541 ], [ 424391.093398049764801, 7637941.562812043353915 ], [ 424419.719513484335039, 7637934.258242031559348 ], [ 424448.088835428236052, 7637927.913113918155432 ], [ 424476.115559538593516, 7637922.45730766095221 ], [ 424523.481271850061603, 7637914.905720001086593 ] ] ] } },
{ "type": "Feature", "properties": { "fid": 44.0, "COMPR_M": 199.99, "CLASSE": "02 - Curta", "CD_FAZ": "400534", "TALHOES": "4", "FAZ_tAL": "400534004", "ID_LINHA": 95990 }, "geometry": { "type": "MultiLineString", "coordinates": [ [ [ 424734.216165989462752, 7637896.858495162799954 ], [ 424777.537420958513394, 7637892.696084856987 ], [ 424809.084960935055278, 7637888.125331051647663 ], [ 424835.890412145352457, 7637882.502883350476623 ], [ 424857.131927380105481, 7637876.164111700840294 ], [ 424865.533980106993113, 7637872.922624535858631 ], [ 424875.436299285618588, 7637868.240383874624968 ], [ 424883.381532813131344, 7637863.437890926375985 ], [ 424888.679393090074882, 7637859.586961545050144 ], [ 424896.421386329340748, 7637852.907505881041288 ], [ 424903.527025525458157, 7637845.431396605446935 ], [ 424909.640730754123069, 7637837.55988178960979 ], [ 424914.236601910903119, 7637830.24416999425739 ] ] ] } },
{ "type": "Feature", "properties": { "fid": 45.0, "COMPR_M": 224.63, "CLASSE": "02 - Curta", "CD_FAZ": "400534", "TALHOES": "3", "FAZ_tAL": "400534003", "ID_LINHA": 95991 }, "geometry": { "type": "MultiLineString", "coordinates": [ [ [ 424313.906084261543583, 7637969.575336270965636 ], [ 424334.230403047113214, 7637962.211710252799094 ], [ 424363.135379016282968, 7637952.77531585842371 ], [ 424391.880489991453942, 7637944.457817343994975 ], [ 424420.417072401265614, 7637937.176102706231177 ], [ 424448.702060439623892, 7637930.849845176562667 ], [ 424476.650283360970207, 7637925.409329739399254 ], [ 424504.149029334599618, 7637920.778817411512136 ], [ 424531.671074960031547, 7637916.798662978224456 ] ] ] } },
{ "type": "Feature", "properties": { "fid": 46.0, "COMPR_M": 205.18, "CLASSE": "02 - Curta", "CD_FAZ": "400534", "TALHOES": "4", "FAZ_tAL": "400534004", "ID_LINHA": 95992 }, "geometry": { "type": "MultiLineString", "coordinates": [ [ [ 424733.375515941472258, 7637899.935286103747785 ], [ 424777.894137819879688, 7637895.674849238246679 ], [ 424809.601480091689155, 7637891.080626102164388 ], [ 424836.622277217800729, 7637885.412413202226162 ], [ 424848.103693202428985, 7637882.262263608165085 ], [ 424862.599849137710407, 7637877.337958024814725 ], [ 424870.428846978000365, 7637874.056508800014853 ], [ 424879.640185359574389, 7637869.329509074799716 ], [ 424887.795937645540107, 7637864.006393743678927 ], [ 424893.226367744908202, 7637859.774868122301996 ], [ 424901.020815517054871, 7637852.588215036317706 ], [ 424905.802148135320749, 7637847.387492137029767 ], [ 424912.101243371958844, 7637839.276996506378055 ], [ 424917.41648066311609, 7637830.695242570713162 ] ] ] } },
{ "type": "Feature", "properties": { "fid": 47.0, "COMPR_M": 235.33, "CLASSE": "02 - Curta", "CD_FAZ": "400534", "TALHOES": "3", "FAZ_tAL": "400534003", "ID_LINHA": 95993 }, "geometry": { "type": "MultiLineString", "coordinates": [ [ [ 424313.32078300655121, 7637973.002606796100736 ], [ 424335.211802997335326, 7637965.046773422509432 ], [ 424364.017132197332103, 7637955.642920669168234 ], [ 424392.667581933317706, 7637947.352822644636035 ], [ 424421.114631318137981, 7637940.093963378109038 ], [ 424449.315285453165416, 7637933.78657643776387 ], [ 424477.185007184452843, 7637928.361351817846298 ], [ 424504.612239961745217, 7637923.742890826426446 ], [ 424541.614238709327765, 7637918.541037143208086 ] ] ] } },
{ "type": "Feature", "properties": { "fid": 48.0, "COMPR_M": 210.04, "CLASSE": "02 - Curta", "CD_FAZ": "400534", "TALHOES": "4", "FAZ_tAL": "400534004", "ID_LINHA": 95994 }, "geometry": { "type": "MultiLineString", "coordinates": [ [ [ 424732.835845873749349, 7637902.988011399284005 ], [ 424778.250854679732583, 7637898.653613619506359 ], [ 424810.117999246867839, 7637894.03592115547508 ], [ 424837.354142289492302, 7637888.321943055838346 ], [ 424848.964869954565074, 7637885.136223002336919 ], [ 424863.681292206863873, 7637880.136573350988328 ], [ 424871.673244910489302, 7637876.786641051061451 ], [ 424881.147526031592861, 7637871.923847958445549 ], [ 424889.559614881523885, 7637866.433733320795 ], [ 424895.147945669246837, 7637862.079215511679649 ], [ 424903.161298957886174, 7637854.690782867372036 ], [ 424910.367825038789306, 7637846.588000781834126 ], [ 424916.448853265144862, 7637838.18954208213836 ], [ 424920.571595325949602, 7637831.1496028508991 ] ] ] } },
{ "type": "Feature", "properties": { "fid": 49.0, "COMPR_M": 247.81, "CLASSE": "02 - Curta", "CD_FAZ": "400534", "TALHOES": "3", "FAZ_tAL": "400534003", "ID_LINHA": 95995 }, "geometry": { "type": "MultiLineString", "coordinates": [ [ [ 424312.724174807721283, 7637976.434143469668925 ], [ 424336.193202947848476, 7637967.88183659221977 ], [ 424364.898885376751423, 7637958.510525481775403 ], [ 424393.454673877276946, 7637950.24782794341445 ], [ 424421.81219023372978, 7637943.011824050918221 ], [ 424449.928510466124862, 7637936.723307697102427 ], [ 424491.454825634369627, 7637928.915525585412979 ], [ 424518.578286997741088, 7637924.675972506403923 ], [ 424553.321746625355445, 7637920.134554353542626 ] ] ] } },
{ "type": "Feature", "properties": { "fid": 50.0, "COMPR_M": 214.65, "CLASSE": "02 - Curta", "CD_FAZ": "400534", "TALHOES": "4", "FAZ_tAL": "400534004", "ID_LINHA": 95996 }, "geometry": { "type": "MultiLineString", "coordinates": [ [ [ 424732.552528170926962, 7637906.018417489714921 ], [ 424778.6075715420302, 7637901.632377998903394 ], [ 424810.634518403909169, 7637896.991216206923127 ], [ 424838.086007360485382, 7637891.231472906656563 ], [ 424849.826046707225032, 7637888.010182395577431 ], [ 424864.76273527869489, 7637882.935188677161932 ], [ 424872.917642843793146, 7637879.516773300245404 ], [ 424882.654866700468119, 7637874.518186841160059 ], [ 424891.323292114189826, 7637868.861072899773717 ], [ 424899.881600560387596, 7637861.958364591002464 ], [ 424905.301782398018986, 7637856.793350693769753 ], [ 424912.706961089163087, 7637848.467086743563414 ], [ 424918.966653458133806, 7637839.82151706609875 ], [ 424923.723859276447911, 7637831.609335232526064 ] ] ] } },
{ "type": "Feature", "properties": { "fid": 51.0, "COMPR_M": 260.92, "CLASSE": "02 - Curta", "CD_FAZ": "400534", "TALHOES": "3", "FAZ_tAL": "400534003", "ID_LINHA": 95997 }, "geometry": { "type": "MultiLineString", "coordinates": [ [ [ 424312.115254559612367, 7637979.870325521565974 ], [ 424337.17460290051531, 7637970.716899760998785 ], [ 424365.780638556461781, 7637961.378130290657282 ], [ 424394.241765819431748, 7637953.142833245918155 ], [ 424436.557907346927095, 7637942.681684051640332 ], [ 424464.44715141953202, 7637936.857209315523505 ], [ 424491.952896326198243, 7637931.873946500942111 ], [ 424532.359246441279538, 7637925.784455481916666 ], [ 424565.642129438521806, 7637921.749333245679736 ] ] ] } },
{ "type": "Feature", "properties": { "fid": 52.0, "COMPR_M": 219.0, "CLASSE": "02 - Curta", "CD_FAZ": "400534", "TALHOES": "4", "FAZ_tAL": "400534004", "ID_LINHA": 95998 }, "geometry": { "type": "MultiLineString", "coordinates": [ [ [ 424732.513296519173309, 7637909.029601096175611 ], [ 424778.964288403396495, 7637904.611142380163074 ], [ 424811.151037560892291, 7637899.946511255577207 ], [ 424838.817872432817239, 7637894.141002756543458 ], [ 424850.68722345889546, 7637890.88414179161191 ], [ 424865.844178349943832, 7637885.733804005198181 ], [ 424874.162040775176138, 7637882.24690555036068 ], [ 424884.162207372137345, 7637877.112525723874569 ], [ 424893.08696934877662, 7637871.288412479683757 ], [ 424901.878469589166343, 7637864.19777924194932 ], [ 424907.442265838733874, 7637858.895918525755405 ], [ 424915.046097140177153, 7637850.346172707155347 ], [ 424921.484453651937656, 7637841.453492049127817 ], [ 424926.847870458499528, 7637832.06948709487915 ] ] ] } },
{ "type": "Feature", "properties": { "fid": 53.0, "COMPR_M": 272.8, "CLASSE": "02 - Curta", "CD_FAZ": "400534", "TALHOES": "3", "FAZ_tAL": "400534003", "ID_LINHA": 95999 }, "geometry": { "type": "MultiLineString", "coordinates": [ [ [ 424311.493128477421124, 7637983.311490180902183 ], [ 424338.156002851435915, 7637973.551962931640446 ], [ 424366.662391737219878, 7637964.245735105127096 ], [ 424395.028857761062682, 7637956.037838546559215 ], [ 424437.212645159626845, 7637945.609445162117481 ], [ 424465.020298394083511, 7637939.802018858492374 ], [ 424506.001871842308901, 7637932.635111076757312 ], [ 424545.957837701193057, 7637927.05534977093339 ], [ 424576.745447076391429, 7637923.583791621029377 ] ] ] } },
{ "type": "Feature", "properties": { "fid": 54.0, "COMPR_M": 223.15, "CLASSE": "02 - Curta", "CD_FAZ": "400534", "TALHOES": "4", "FAZ_tAL": "400534004", "ID_LINHA": 96000 }, "geometry": { "type": "MultiLineString", "coordinates": [ [ [ 424732.662804660445545, 7637912.026761801913381 ], [ 424779.321005264588166, 7637907.589906762354076 ], [ 424811.66755671845749, 7637902.901806309819221 ], [ 424826.22576769295847, 7637900.112734450027347 ], [ 424845.719620378338732, 7637895.429554073140025 ], [ 424857.028599068115, 7637892.044827783480287 ], [ 424871.341155359637924, 7637886.754672527313232 ], [ 424879.130337229929864, 7637883.209699907340109 ], [ 424888.723046255472582, 7637877.861686393618584 ], [ 424897.89876492699841, 7637871.421898743137717 ], [ 424906.770477208483499, 7637863.76834230683744 ], [ 424912.297851457144134, 7637858.141431786119938 ], [ 424919.735129838401917, 7637849.197627477347851 ], [ 424925.906185906147584, 7637840.034434594213963 ], [ 424929.95845657796599, 7637832.531276225112379 ] ] ] } },
{ "type": "Feature", "properties": { "fid": 55.0, "COMPR_M": 283.27, "CLASSE": "02 - Curta", "CD_FAZ": "400534", "TALHOES": "3", "FAZ_tAL": "400534003", "ID_LINHA": 96001 }, "geometry": { "type": "MultiLineString", "coordinates": [ [ [ 424310.857466895831749, 7637986.757761832326651 ], [ 424339.137402802531142, 7637976.387026102282107 ], [ 424367.544144916930236, 7637967.113339917734265 ], [ 424395.815949705429375, 7637958.932843846268952 ], [ 424437.867382974480279, 7637948.537206281907856 ], [ 424465.593445370323025, 7637942.746828403323889 ], [ 424506.465082467591856, 7637935.599184493534267 ], [ 424546.327369512931909, 7637930.032538400962949 ], [ 424586.434471773682162, 7637925.623232938349247 ] ] ] } },
{ "type": "Feature", "properties": { "fid": 56.0, "COMPR_M": 227.14, "CLASSE": "02 - Curta", "CD_FAZ": "400534", "TALHOES": "4", "FAZ_tAL": "400534004", "ID_LINHA": 96002 }, "geometry": { "type": "MultiLineString", "coordinates": [ [ [ 424732.972170041175559, 7637915.012045505456626 ], [ 424779.677722125547007, 7637910.568671140819788 ], [ 424812.184075873228721, 7637905.857101361267269 ], [ 424826.842759573599324, 7637903.04873120598495 ], [ 424846.514344960043672, 7637898.322569200769067 ], [ 424857.95977262861561, 7637894.896904091350734 ], [ 424872.502590409421828, 7637889.521082125604153 ], [ 424880.460400064883288, 7637885.899176154285669 ], [ 424890.318482904462144, 7637880.402790344320238 ], [ 424899.742639294010587, 7637873.788886181078851 ], [ 424908.840295383473858, 7637865.940509591251612 ], [ 424914.506760264455806, 7637860.171996796503663 ], [ 424922.136071628658101, 7637850.997082279995084 ], [ 424928.478919817251153, 7637841.578378831036389 ], [ 424933.067759288358502, 7637832.995709413662553 ] ] ] } },
{ "type": "Feature", "properties": { "fid": 57.0, "COMPR_M": 292.94, "CLASSE": "02 - Curta", "CD_FAZ": "400534", "TALHOES": "3", "FAZ_tAL": "400534003", "ID_LINHA": 96003 }, "geometry": { "type": "MultiLineString", "coordinates": [ [ [ 424310.201279832923319, 7637990.245453435927629 ], [ 424340.118802753160708, 7637979.222089271061122 ], [ 424368.425898095709272, 7637969.980944727547467 ], [ 424396.603041645372286, 7637961.827849145978689 ], [ 424438.522120788285974, 7637951.464967396110296 ], [ 424466.166592345573008, 7637945.691637948155403 ], [ 424506.928293095435947, 7637938.563257912173867 ], [ 424546.696901325136423, 7637933.009727030992508 ], [ 424595.295894189737737, 7637927.803128172643483 ] ] ] } },
{ "type": "Feature", "properties": { "fid": 58.0, "COMPR_M": 230.99, "CLASSE": "02 - Curta", "CD_FAZ": "400534", "TALHOES": "4", "FAZ_tAL": "400534004", "ID_LINHA": 96004 }, "geometry": { "type": "MultiLineString", "coordinates": [ [ [ 424733.410726722504478, 7637917.987730611115694 ], [ 424780.034438986913301, 7637913.547435522079468 ], [ 424804.901753256097436, 7637910.112099044956267 ], [ 424820.224559175141621, 7637907.436081200838089 ], [ 424847.309069541632198, 7637901.215584327466786 ], [ 424858.890946189349052, 7637897.748980400152504 ], [ 424873.664025460195262, 7637892.287491722032428 ], [ 424881.790462900593411, 7637888.588652401231229 ], [ 424891.913919553451706, 7637882.943894289433956 ], [ 424901.586513661197387, 7637876.15587362088263 ], [ 424910.910113559337333, 7637868.112676875665784 ], [ 424916.71566907101078, 7637862.202561811544001 ], [ 424924.537013421533629, 7637852.796537088230252 ], [ 424931.05165373015916, 7637843.122323068790138 ], [ 424936.162150533869863, 7637833.459745700471103 ] ] ] } },
{ "type": "Feature", "properties": { "fid": 59.0, "COMPR_M": 302.05, "CLASSE": "03 - Média", "CD_FAZ": "400534", "TALHOES": "3", "FAZ_tAL": "400534003", "ID_LINHA": 96005 }, "geometry": { "type": "MultiLineString", "coordinates": [ [ [ 424309.530084796366282, 7637993.743715517222881 ], [ 424341.100202704663388, 7637982.057152438908815 ], [ 424369.307651276059914, 7637972.848549540154636 ], [ 424397.390133589389734, 7637964.722854448482394 ], [ 424439.176858601684216, 7637954.392728512175381 ], [ 424480.393350121681578, 7637946.073484282940626 ], [ 424520.729086197097786, 7637939.521195800974965 ], [ 424560.060960550443269, 7637934.437095874920487 ], [ 424603.592069617821835, 7637930.073742448352277 ] ] ] } },
{ "type": "Feature", "properties": { "fid": 60.0, "COMPR_M": 234.74, "CLASSE": "02 - Curta", "CD_FAZ": "400534", "TALHOES": "4", "FAZ_tAL": "400534004", "ID_LINHA": 96006 }, "geometry": { "type": "MultiLineString", "coordinates": [ [ [ 424733.943427398509812, 7637920.956421053037047 ], [ 424780.391155848104972, 7637916.526199903339148 ], [ 424805.373364033701364, 7637913.074878225103021 ], [ 424820.789525445725303, 7637910.382514102384448 ], [ 424848.103794122347608, 7637904.10859945602715 ], [ 424859.822119750315323, 7637900.601056704297662 ], [ 424874.825460511783604, 7637895.053901322185993 ], [ 424883.120525736187119, 7637891.278128647245467 ], [ 424893.509356201742776, 7637885.484998237341642 ], [ 424903.430388029315509, 7637878.522861059755087 ], [ 424912.979931736073922, 7637870.284844161942601 ], [ 424921.72800640395144, 7637861.080160858109593 ], [ 424929.324831700418144, 7637851.29679954610765 ], [ 424935.526644818426576, 7637841.367754892446101 ], [ 424939.236178945749998, 7637833.921952947974205 ] ] ] } },
{ "type": "Feature", "properties": { "fid": 61.0, "COMPR_M": 310.76, "CLASSE": "03 - Média", "CD_FAZ": "400534", "TALHOES": "3", "FAZ_tAL": "400534003", "ID_LINHA": 96007 }, "geometry": { "type": "MultiLineString", "coordinates": [ [ [ 424308.844727895979304, 7637997.247631911188364 ], [ 424342.081602657679468, 7637984.892215612344444 ], [ 424384.20142831990961, 7637971.537230961024761 ], [ 424412.111060109687969, 7637963.948306477628648 ], [ 424453.607860540156253, 7637954.343695253133774 ], [ 424494.443249789241236, 7637946.666051080450416 ], [ 424534.353899448236916, 7637940.651439245790243 ], [ 424573.252443033095915, 7637936.001418560743332 ], [ 424611.478920354624279, 7637932.402179541066289 ] ] ] } },
{ "type": "Feature", "properties": { "fid": 62.0, "COMPR_M": 238.43, "CLASSE": "02 - Curta", "CD_FAZ": "400534", "TALHOES": "4", "FAZ_tAL": "400534004", "ID_LINHA": 96008 }, "geometry": { "type": "MultiLineString", "coordinates": [ [ [ 424734.543366410711315, 7637923.918503988534212 ], [ 424780.747872709762305, 7637919.504964282736182 ], [ 424805.844974811421707, 7637916.037657404318452 ], [ 424821.354491717764176, 7637913.328947001136839 ], [ 424848.898518705624156, 7637907.001614583656192 ], [ 424860.753293310757726, 7637903.453133014030755 ], [ 424875.986895561683923, 7637897.820310922339559 ], [ 424884.450588571140543, 7637893.967604896984994 ], [ 424895.104792849975638, 7637888.026102187111974 ], [ 424905.27426239696797, 7637880.889848502352834 ], [ 424915.049749911006074, 7637872.457011446356773 ], [ 424924.003129014046863, 7637863.036256389692426 ], [ 424931.785344318661373, 7637853.01391426473856 ], [ 424938.151864764397033, 7637842.820688391104341 ], [ 424942.309639412153047, 7637834.385451617650688 ] ] ] } },
{ "type": "Feature", "properties": { "fid": 63.0, "COMPR_M": 319.28, "CLASSE": "03 - Média", "CD_FAZ": "400534", "TALHOES": "3", "FAZ_tAL": "400534003", "ID_LINHA": 96009 }, "geometry": { "type": "MultiLineString", "coordinates": [ [ [ 424308.145129593438469, 7638000.757234372198582 ], [ 424343.063002608949319, 7637987.727278782054782 ], [ 424385.035216692311224, 7637974.419140720739961 ], [ 424412.852738916873932, 7637966.855271579697728 ], [ 424454.221085552650038, 7637957.280426513403654 ], [ 424494.941320482175797, 7637949.62447199691087 ], [ 424534.752830049837939, 7637943.624835995957255 ], [ 424573.568690659187268, 7637938.984729294665158 ], [ 424619.160437873681076, 7637934.794072961434722 ] ] ] } },
{ "type": "Feature", "properties": { "fid": 64.0, "COMPR_M": 242.07, "CLASSE": "02 - Curta", "CD_FAZ": "400534", "TALHOES": "4", "FAZ_tAL": "400534004", "ID_LINHA": 96010 }, "geometry": { "type": "MultiLineString", "coordinates": [ [ [ 424735.179460042971186, 7637926.877218006178737 ], [ 424781.104589569789823, 7637922.483728663995862 ], [ 424806.316585589258466, 7637919.000436585396528 ], [ 424821.919457987882197, 7637916.275379904545844 ], [ 424836.411252162011806, 7637913.232483202591538 ], [ 424855.854283971770201, 7637908.127898153848946 ], [ 424867.178277837694623, 7637904.434764917008579 ], [ 424881.628428373252973, 7637898.627699049189687 ], [ 424893.206251395225991, 7637892.678559025749564 ], [ 424903.669032751990017, 7637885.852449944242835 ], [ 424913.859683759044856, 7637877.634267154149711 ], [ 424920.285166480112821, 7637871.511325502768159 ], [ 424926.278251622337848, 7637864.992351922206581 ], [ 424934.245856936846394, 7637854.73102898336947 ], [ 424940.777084710658528, 7637844.273621886968613 ], [ 424945.382312563539017, 7637834.850740510970354 ] ] ] } },
{ "type": "Feature", "properties": { "fid": 65.0, "COMPR_M": 327.64, "CLASSE": "03 - Média", "CD_FAZ": "400534", "TALHOES": "3", "FAZ_tAL": "400534003", "ID_LINHA": 96011 }, "geometry": { "type": "MultiLineString", "coordinates": [ [ [ 424307.431208858033642, 7638004.272555252537131 ], [ 424344.044402559753507, 7637990.562341950833797 ], [ 424371.952910816529766, 7637981.451363975182176 ], [ 424413.594417724059895, 7637969.762236686423421 ], [ 424454.834310565318447, 7637960.217157771810889 ], [ 424495.439391175168566, 7637952.582892909646034 ], [ 424535.151760650449432, 7637946.598232747986913 ], [ 424573.884938285802491, 7637941.968040026724339 ], [ 424626.662850331515074, 7637937.216256170533597 ] ] ] } },
{ "type": "Feature", "properties": { "fid": 66.0, "COMPR_M": 245.7, "CLASSE": "02 - Curta", "CD_FAZ": "400534", "TALHOES": "4", "FAZ_tAL": "400534004", "ID_LINHA": 96012 }, "geometry": { "type": "MultiLineString", "coordinates": [ [ [ 424735.819658485066611, 7637929.835603810846806 ], [ 424781.461306432262063, 7637925.462493045255542 ], [ 424806.78819636721164, 7637921.963215766474605 ], [ 424822.484424259397201, 7637919.221812803298235 ], [ 424837.083872440038249, 7637916.156256439164281 ], [ 424856.71546072390629, 7637911.001857549883425 ], [ 424868.182912883465178, 7637907.261830241419375 ], [ 424882.872826306847855, 7637901.357831296510994 ], [ 424894.713592065440025, 7637895.272897910326719 ], [ 424905.432709985761903, 7637888.279789523221552 ], [ 424915.856552787765395, 7637879.873681805096567 ], [ 424922.425649921991862, 7637873.613893335685134 ], [ 424928.553374233364593, 7637866.948447454720736 ], [ 424936.706369555671699, 7637856.448143702931702 ], [ 424943.402304657269269, 7637845.726555382832885 ], [ 424948.435672965017147, 7637835.315158287994564 ] ] ] } },
{ "type": "Feature", "properties": { "fid": 67.0, "COMPR_M": 344.27, "CLASSE": "03 - Média", "CD_FAZ": "400534", "TALHOES": "3", "FAZ_tAL": "400534003", "ID_LINHA": 96013 }, "geometry": { "type": "MultiLineString", "coordinates": [ [ [ 424305.960007793735713, 7638011.320508906617761 ], [ 424346.007202461303677, 7637996.232468288391829 ], [ 424373.716417176299728, 7637987.186573596671224 ], [ 424415.07777533819899, 7637975.576166895218194 ], [ 424456.060760589723941, 7637966.09062029235065 ], [ 424496.435532559873536, 7637958.499734743498266 ], [ 424535.949621853360441, 7637952.545026255771518 ], [ 424587.151750053802971, 7637946.648434519767761 ], [ 424641.551980918389745, 7637942.144109985791147 ] ] ] } },
{ "type": "Feature", "properties": { "fid": 68.0, "COMPR_M": 253.08, "CLASSE": "02 - Curta", "CD_FAZ": "400534", "TALHOES": "4", "FAZ_tAL": "400534004", "ID_LINHA": 96014 }, "geometry": { "type": "MultiLineString", "coordinates": [ [ [ 424736.980348946817685, 7637935.761946860700846 ], [ 424782.174740154587198, 7637931.420021807774901 ], [ 424807.731417923409026, 7637927.888774126768112 ], [ 424823.614356801379472, 7637925.114678607322276 ], [ 424838.429112999408972, 7637922.003802914172411 ], [ 424858.43781422812026, 7637916.749776337295771 ], [ 424870.192182975471951, 7637912.915960885584354 ], [ 424885.361622171592899, 7637906.818095797672868 ], [ 424897.728273407672532, 7637900.461575675755739 ], [ 424908.960064454586245, 7637893.134468676522374 ], [ 424919.850290844449773, 7637884.352511111646891 ], [ 424926.706616803072393, 7637877.819028994068503 ], [ 424936.098321594879963, 7637867.257946376688778 ], [ 424944.144655385520309, 7637856.141266904771328 ], [ 424950.624944856332149, 7637844.915860695764422 ], [ 424954.516567607235629, 7637836.247508377768099 ] ] ] } },
{ "type": "Feature", "properties": { "fid": 69.0, "COMPR_M": 352.71, "CLASSE": "03 - Média", "CD_FAZ": "400534", "TALHOES": "3", "FAZ_tAL": "400534003", "ID_LINHA": 96015 }, "geometry": { "type": "MultiLineString", "coordinates": [ [ [ 424305.200890724954661, 7638014.860941084101796 ], [ 424333.164361048606224, 7638003.992768066003919 ], [ 424374.598170356650371, 7637990.054178410209715 ], [ 424415.819454145908821, 7637978.483131997287273 ], [ 424456.673985602101311, 7637969.027351550757885 ], [ 424496.933603252167813, 7637961.45815565995872 ], [ 424549.283624015632086, 7637953.850047448650002 ], [ 424599.941960327909328, 7637948.458860734477639 ], [ 424649.090546092018485, 7637944.624985191971064 ] ] ] } },
{ "type": "Feature", "properties": { "fid": 70.0, "COMPR_M": 256.88, "CLASSE": "02 - Curta", "CD_FAZ": "400534", "TALHOES": "4", "FAZ_tAL": "400534004", "ID_LINHA": 96016 }, "geometry": { "type": "MultiLineString", "coordinates": [ [ [ 424737.43963725399226, 7637938.734797812066972 ], [ 424782.531457015720662, 7637934.398786187171936 ], [ 424808.203028699033894, 7637930.851553305983543 ], [ 424824.179323071846738, 7637928.061111507937312 ], [ 424839.101733279996552, 7637924.927576154470444 ], [ 424859.298990980198141, 7637919.623735730536282 ], [ 424871.196818020369392, 7637915.74302620626986 ], [ 424886.606020103499759, 7637909.548228048719466 ], [ 424899.235614079691004, 7637903.055914559401572 ], [ 424910.723741688882001, 7637895.561808256432414 ], [ 424921.847159872530028, 7637886.591925761662424 ], [ 424928.847100243554451, 7637879.921596823260188 ], [ 424938.437457643914968, 7637869.137032341212034 ], [ 424946.662455577403307, 7637857.77324188593775 ], [ 424953.300244421232492, 7637846.274420414119959 ], [ 424957.555343743704725, 7637836.717930749058723 ] ] ] } },
{ "type": "Feature", "properties": { "fid": 71.0, "COMPR_M": 361.41, "CLASSE": "03 - Média", "CD_FAZ": "400534", "TALHOES": "3", "FAZ_tAL": "400534003", "ID_LINHA": 96017 }, "geometry": { "type": "MultiLineString", "coordinates": [ [ [ 424304.41816113027744, 7638018.447862487286329 ], [ 424334.197385378065519, 7638006.809438742697239 ], [ 424375.479923536709975, 7637992.921783220022917 ], [ 424416.561132953502238, 7637981.390097101218998 ], [ 424457.287210613954812, 7637971.964082810096443 ], [ 424497.431673945917282, 7637964.416576576419175 ], [ 424549.653155827429146, 7637956.827236080542207 ], [ 424600.212291666888632, 7637951.446674874052405 ], [ 424656.854554049554281, 7637947.114244932308793 ] ] ] } },
{ "type": "Feature", "properties": { "fid": 72.0, "COMPR_M": 260.81, "CLASSE": "02 - Curta", "CD_FAZ": "400534", "TALHOES": "4", "FAZ_tAL": "400534004", "ID_LINHA": 96018 }, "geometry": { "type": "MultiLineString", "coordinates": [ [ [ 424737.77525329211494, 7637941.717537304386497 ], [ 424782.888173877960071, 7637937.377550566568971 ], [ 424808.674639477394521, 7637933.81433248706162 ], [ 424824.744289343128912, 7637931.007544408552349 ], [ 424839.774353559478186, 7637927.851349391043186 ], [ 424860.160167732043192, 7637922.497695126570761 ], [ 424872.201453067013063, 7637918.570091527886689 ], [ 424887.850418036163319, 7637912.278360296040773 ], [ 424900.742954749905039, 7637905.650253443047404 ], [ 424912.48741892259568, 7637897.989147833548486 ], [ 424923.84402890119236, 7637888.831340415403247 ], [ 424930.987583684036508, 7637882.024164653383195 ], [ 424940.77659369551111, 7637871.016118304803967 ], [ 424949.180255771381781, 7637859.40521686989814 ], [ 424955.97554398549255, 7637847.63298013433814 ], [ 424960.592905690777116, 7637837.191438982263207 ] ] ] } },
{ "type": "Feature", "properties": { "fid": 73.0, "COMPR_M": 370.44, "CLASSE": "03 - Média", "CD_FAZ": "400534", "TALHOES": "3", "FAZ_tAL": "400534003", "ID_LINHA": 96019 }, "geometry": { "type": "MultiLineString", "coordinates": [ [ [ 424303.62017942260718, 7638022.041223587468266 ], [ 424321.507160295383073, 7638014.803938958793879 ], [ 424348.951402315346058, 7638004.737657800316811 ], [ 424390.037946924858261, 7637991.710599272511899 ], [ 424430.880456146784127, 7637980.944012814201415 ], [ 424471.324915126373526, 7637972.194923846051097 ], [ 424511.097188735613599, 7637965.239918663166463 ], [ 424562.796717010671273, 7637958.280903091654181 ], [ 424612.825331501895562, 7637953.361701178364456 ], [ 424664.927914779575076, 7637949.593108998611569 ] ] ] } },
{ "type": "Feature", "properties": { "fid": 74.0, "COMPR_M": 264.87, "CLASSE": "02 - Curta", "CD_FAZ": "400534", "TALHOES": "4", "FAZ_tAL": "400534004", "ID_LINHA": 96020 }, "geometry": { "type": "MultiLineString", "coordinates": [ [ [ 424737.958497355808504, 7637944.712460100650787 ], [ 424783.244890738686081, 7637940.35631494782865 ], [ 424809.14625025523128, 7637936.777111666277051 ], [ 424825.309255614469294, 7637933.953977310098708 ], [ 424840.446973838435952, 7637930.775122629478574 ], [ 424861.021344484295696, 7637925.371654519811273 ], [ 424873.206088111968711, 7637921.397156853228807 ], [ 424889.09481596830301, 7637915.008492547087371 ], [ 424902.250295419595204, 7637908.244592328555882 ], [ 424914.251096156891435, 7637900.416487410664558 ], [ 424925.840897929156199, 7637891.070755066350102 ], [ 424933.128067124460358, 7637884.12673248257488 ], [ 424943.115729746350553, 7637872.89520426467061 ], [ 424951.698055963614024, 7637861.037191854789853 ], [ 424958.650843549869023, 7637848.991539853625 ], [ 424963.605388352065347, 7637837.664678253233433 ] ] ] } },
{ "type": "Feature", "properties": { "fid": 75.0, "COMPR_M": 379.61, "CLASSE": "03 - Média", "CD_FAZ": "400534", "TALHOES": "3", "FAZ_tAL": "400534003", "ID_LINHA": 96021 }, "geometry": { "type": "MultiLineString", "coordinates": [ [ [ 424302.806569188425783, 7638025.641183312050998 ], [ 424336.263434036052786, 7638012.442780090495944 ], [ 424377.243429895723239, 7637998.656992845237255 ], [ 424418.044490567990579, 7637987.204027308151126 ], [ 424445.06949893059209, 7637980.742578549310565 ], [ 424471.898062101739924, 7637975.139733390882611 ], [ 424511.560399362933822, 7637968.203992078080773 ], [ 424563.138686568650883, 7637961.261378992348909 ], [ 424613.075470164534636, 7637956.351270399987698 ], [ 424673.125057330005802, 7637952.073301685974002 ] ] ] } },
{ "type": "Feature", "properties": { "fid": 76.0, "COMPR_M": 269.14, "CLASSE": "02 - Curta", "CD_FAZ": "400534", "TALHOES": "4", "FAZ_tAL": "400534004", "ID_LINHA": 96022 }, "geometry": { "type": "MultiLineString", "coordinates": [ [ [ 424737.940781955257989, 7637947.723451135680079 ], [ 424765.231504381226841, 7637945.335141541436315 ], [ 424792.477195597370155, 7637942.221577454358339 ], [ 424817.865786594571546, 7637938.365346927195787 ], [ 424833.629670267459005, 7637935.344695487990975 ], [ 424848.332118362654001, 7637931.964890832081437 ], [ 424868.202681796858087, 7637926.269743468612432 ], [ 424879.902938273036852, 7637922.115803249180317 ], [ 424895.091091254842468, 7637915.483414873480797 ], [ 424907.868286037060898, 7637908.354933775961399 ], [ 424920.025257333763875, 7637899.825748017057776 ], [ 424931.608295318961609, 7637889.834349727258086 ], [ 424938.804757145117037, 7637882.508211930282414 ], [ 424945.454865795210935, 7637874.774290228262544 ], [ 424954.215856156661175, 7637862.669166836887598 ], [ 424961.326143115642481, 7637850.350099572911859 ], [ 424966.615019163640682, 7637838.141609586775303 ] ] ] } },
{ "type": "Feature", "properties": { "fid": 77.0, "COMPR_M": 388.44, "CLASSE": "03 - Média", "CD_FAZ": "400534", "TALHOES": "3", "FAZ_tAL": "400534003", "ID_LINHA": 96023 }, "geometry": { "type": "MultiLineString", "coordinates": [ [ [ 424301.976527032034937, 7638029.248080861754715 ], [ 424337.296458364638966, 7638015.259450767189264 ], [ 424378.125183076015674, 7638001.524597655981779 ], [ 424418.786169375409372, 7637990.110992413014174 ], [ 424445.724236744455993, 7637983.670339664444327 ], [ 424472.471209078095853, 7637978.08454293385148 ], [ 424512.023609990195837, 7637971.168065496720374 ], [ 424563.480656125815585, 7637964.24185489024967 ], [ 424613.325608827755786, 7637959.34083962161094 ], [ 424680.971303875732701, 7637954.583973418921232 ] ] ] } },
{ "type": "Feature", "properties": { "fid": 78.0, "COMPR_M": 273.69, "CLASSE": "02 - Curta", "CD_FAZ": "400534", "TALHOES": "4", "FAZ_tAL": "400534004", "ID_LINHA": 96024 }, "geometry": { "type": "MultiLineString", "coordinates": [ [ [ 424737.633295570558403, 7637950.75761157553643 ], [ 424765.527828915626742, 7637948.320501551032066 ], [ 424792.86900297657121, 7637945.195939497090876 ], [ 424818.382305750739761, 7637941.320641975849867 ], [ 424834.246662149322219, 7637938.280692240223289 ], [ 424849.063983433647081, 7637934.874420683830976 ], [ 424869.133855356660206, 7637929.121819775551558 ], [ 424880.984381344518624, 7637924.914418574422598 ], [ 424896.421154090261552, 7637918.172891122289002 ], [ 424909.463722684944514, 7637910.896037723869085 ], [ 424921.869131701416336, 7637902.192735456861556 ], [ 424933.678113495698199, 7637892.006517010740936 ], [ 424941.01366595266154, 7637884.538776941597462 ], [ 424950.94737312477082, 7637872.590539958328009 ], [ 424959.351726762193721, 7637860.105709685944021 ], [ 424965.97472840960836, 7637847.643326729536057 ], [ 424969.623293154058047, 7637838.622459001839161 ] ] ] } },
{ "type": "Feature", "properties": { "fid": 79.0, "COMPR_M": 396.87, "CLASSE": "03 - Média", "CD_FAZ": "400534", "TALHOES": "3", "FAZ_tAL": "400534003", "ID_LINHA": 96025 }, "geometry": { "type": "MultiLineString", "coordinates": [ [ [ 424301.129109698929824, 7638032.862314501777291 ], [ 424338.329482693981845, 7638018.076121442019939 ], [ 424379.006936256657355, 7638004.392202468588948 ], [ 424419.527848182187881, 7637993.017957517877221 ], [ 424446.378974559251219, 7637986.598100780509412 ], [ 424473.044356053462252, 7637981.02935248054564 ], [ 424512.486820616642945, 7637974.132138912566006 ], [ 424563.822625684202649, 7637967.222330796532333 ], [ 424613.575747491384391, 7637962.330408841371536 ], [ 424688.397398315020837, 7637957.121388548985124 ] ] ] } },
{ "type": "Feature", "properties": { "fid": 80.0, "COMPR_M": 278.67, "CLASSE": "02 - Curta", "CD_FAZ": "400534", "TALHOES": "4", "FAZ_tAL": "400534004", "ID_LINHA": 96026 }, "geometry": { "type": "MultiLineString", "coordinates": [ [ [ 424736.895528557477519, 7637953.826176230795681 ], [ 424765.824153451190796, 7637951.305861560627818 ], [ 424793.260810357518494, 7637948.170301536098123 ], [ 424818.898824908246752, 7637944.275937028229237 ], [ 424834.863654029788449, 7637941.216688992455602 ], [ 424849.795848505920731, 7637937.783950535580516 ], [ 424870.065028918033931, 7637931.973896080628037 ], [ 424882.065824415360112, 7637927.713033902458847 ], [ 424897.751216925040353, 7637920.862367367371917 ], [ 424911.059159332711715, 7637913.437141673639417 ], [ 424923.713006068021059, 7637904.559722896665335 ], [ 424935.747931670572143, 7637894.178684295155108 ], [ 424943.222574759565759, 7637886.569341953843832 ], [ 424953.348314915318042, 7637874.389994764700532 ], [ 424961.924460674927104, 7637861.649653926491737 ], [ 424968.69820301188156, 7637848.902636986225843 ], [ 424972.63009165180847, 7637839.107569184154272 ] ] ] } },
{ "type": "Feature", "properties": { "fid": 81.0, "COMPR_M": 405.67, "CLASSE": "03 - Média", "CD_FAZ": "400534", "TALHOES": "3", "FAZ_tAL": "400534003", "ID_LINHA": 96027 }, "geometry": { "type": "MultiLineString", "coordinates": [ [ [ 424300.263348809035961, 7638036.484293096698821 ], [ 424339.362507024139632, 7638020.892792119644582 ], [ 424379.888689436367713, 7638007.259807279333472 ], [ 424420.269526989548467, 7637995.924922620877624 ], [ 424447.033712373580784, 7637989.525861896574497 ], [ 424473.617503029818181, 7637983.974162025377154 ], [ 424499.922027408785652, 7637979.208681156858802 ], [ 424525.891004275763407, 7637975.14973171427846 ], [ 424576.731166922487319, 7637968.817836622707546 ], [ 424625.968730901717208, 7637964.34337808098644 ], [ 424696.174383147270419, 7637959.635370079427958 ] ] ] } },
{ "type": "Feature", "properties": { "fid": 82.0, "COMPR_M": 284.23, "CLASSE": "02 - Curta", "CD_FAZ": "400534", "TALHOES": "4", "FAZ_tAL": "400534004", "ID_LINHA": 96028 }, "geometry": { "type": "MultiLineString", "coordinates": [ [ [ 424735.578131308313459, 7637956.934192079119384 ], [ 424766.120477986056358, 7637954.29122157022357 ], [ 424793.652617737534456, 7637951.144663579761982 ], [ 424819.415344064240344, 7637947.231232080608606 ], [ 424835.480645910312887, 7637944.152685744687915 ], [ 424850.527713577495888, 7637940.693480387330055 ], [ 424870.996202478941996, 7637934.825972387567163 ], [ 424883.147267486841884, 7637930.51164922863245 ], [ 424899.081279761099722, 7637923.551843614317477 ], [ 424912.654595981817693, 7637915.978245621547103 ], [ 424925.556880434101913, 7637906.926710336469114 ], [ 424937.81774984637741, 7637896.350851580500603 ], [ 424945.431483567052055, 7637888.599906966090202 ], [ 424955.749256706447341, 7637876.189449571073055 ], [ 424964.497194586263504, 7637863.193598161451519 ], [ 424971.421677614271175, 7637850.161947241984308 ], [ 424975.635181937541347, 7637839.597612152807415 ] ] ] } },
{ "type": "Feature", "properties": { "fid": 83.0, "COMPR_M": 415.92, "CLASSE": "03 - Média", "CD_FAZ": "400534", "TALHOES": "3", "FAZ_tAL": "400534003", "ID_LINHA": 96029 }, "geometry": { "type": "MultiLineString", "coordinates": [ [ [ 424299.373732556938194, 7638040.13272194750607 ], [ 424313.487071619136259, 7638034.157458222471178 ], [ 424340.395531353075057, 7638023.709462793543935 ], [ 424380.770442616310902, 7638010.127412090077996 ], [ 424421.011205796850845, 7637998.831887727603316 ], [ 424447.688450187444687, 7637992.45362301170826 ], [ 424474.19065000518458, 7637986.918971566483378 ], [ 424500.420098100905307, 7637982.167102071456611 ], [ 424526.321164116030559, 7637978.118776373565197 ], [ 424577.047414548578672, 7637971.801147352904081 ], [ 424626.200746722053736, 7637967.334404847584665 ], [ 424705.361806548491586, 7637962.051967343315482 ] ] ] } },
{ "type": "Feature", "properties": { "fid": 84.0, "COMPR_M": 290.6, "CLASSE": "02 - Curta", "CD_FAZ": "400534", "TALHOES": "4", "FAZ_tAL": "400534004", "ID_LINHA": 96030 }, "geometry": { "type": "MultiLineString", "coordinates": [ [ [ 424733.441860809805803, 7637960.101180539466441 ], [ 424766.416802520863712, 7637957.276581580750644 ], [ 424794.044425118598156, 7637954.119025617837906 ], [ 424819.931863218836952, 7637950.186527129262686 ], [ 424836.097637792059686, 7637947.088682498782873 ], [ 424851.25957864895463, 7637943.603010239079595 ], [ 424871.927376039442606, 7637937.678048696368933 ], [ 424884.228710557043087, 7637933.310264554806054 ], [ 424900.411342595820315, 7637926.241319861263037 ], [ 424914.250032628886402, 7637918.519349569454789 ], [ 424927.400754802394658, 7637909.293697776272893 ], [ 424939.8875680223573, 7637898.523018864914775 ], [ 424947.640392373199575, 7637890.630471979267895 ], [ 424958.150198498799, 7637877.988904375582933 ], [ 424967.069928498705849, 7637864.73754240013659 ], [ 424974.145152216777205, 7637851.421257499605417 ], [ 424978.638641327968799, 7637840.092364639975131 ] ] ] } },
{ "type": "Feature", "properties": { "fid": 85.0, "COMPR_M": 424.86, "CLASSE": "03 - Média", "CD_FAZ": "400534", "TALHOES": "3", "FAZ_tAL": "400534003", "ID_LINHA": 96031 }, "geometry": { "type": "MultiLineString", "coordinates": [ [ [ 424298.453847350901924, 7638043.828325938433409 ], [ 424314.626834004477132, 7638036.932671659626067 ], [ 424341.428555682126898, 7638026.526133470237255 ], [ 424381.652195795904845, 7638012.995016903616488 ], [ 424421.752884604793508, 7638001.738852829672396 ], [ 424448.34318800229812, 7637995.381384126842022 ], [ 424474.763796980958432, 7637989.863781113177538 ], [ 424500.918168793898076, 7637985.125522986985743 ], [ 424526.751323955773842, 7637981.087821031920612 ], [ 424577.363662175834179, 7637974.784458085894585 ], [ 424626.43276254151715, 7637970.325431616045535 ], [ 424713.188006334647071, 7637964.539971192367375 ] ] ] } },
{ "type": "Feature", "properties": { "fid": 86.0, "COMPR_M": 297.46, "CLASSE": "02 - Curta", "CD_FAZ": "400534", "TALHOES": "4", "FAZ_tAL": "400534004", "ID_LINHA": 96032 }, "geometry": { "type": "MultiLineString", "coordinates": [ [ [ 424730.8151955162175, 7637963.304604131728411 ], [ 424757.088665405986831, 7637961.173496834933758 ], [ 424785.385191906010732, 7637958.228901234455407 ], [ 424811.975914922310039, 7637954.553786749020219 ], [ 424836.714629672525916, 7637950.024679252877831 ], [ 424851.991443720413372, 7637946.512540092691779 ], [ 424872.858549599477556, 7637940.530125001445413 ], [ 424885.310153629281558, 7637936.108879880979657 ], [ 424901.741405431181192, 7637928.930796109139919 ], [ 424915.845469278516248, 7637921.060453516431153 ], [ 424929.244629169581458, 7637911.660685217007995 ], [ 424941.957386198511813, 7637900.695186151191592 ], [ 424949.849301181267947, 7637892.661036990582943 ], [ 424960.551140290335752, 7637879.788359181955457 ], [ 424969.642662409809418, 7637866.281486639752984 ], [ 424976.868626818642952, 7637852.680567758157849 ], [ 424981.633007458120119, 7637840.590396574698389 ] ] ] } },
{ "type": "Feature", "properties": { "fid": 87.0, "COMPR_M": 745.32, "CLASSE": "04 - Longa", "CD_FAZ": "400534", "TALHOES": "3, 4", "FAZ_tAL": "400534003, 400534004", "ID_LINHA": 96033 }, "geometry": { "type": "MultiLineString", "coordinates": [ [ [ 424297.511720047099516, 7638047.533854938112199 ], [ 424315.766596390167251, 7638039.707885097712278 ], [ 424342.461580011993647, 7638029.342804147861898 ], [ 424382.53394897520775, 7638015.862621715292335 ], [ 424409.196512727008667, 7638008.147933959960938 ], [ 424435.763368559710216, 7638001.369037529453635 ], [ 424462.193010713614058, 7637995.457932885736227 ], [ 424488.414207465131767, 7637990.353815454058349 ], [ 424539.938927868381143, 7637982.278993779793382 ], [ 424590.075430124241393, 7637976.505852308124304 ], [ 424638.599265311611816, 7637972.424754739739001 ], [ 424737.488344316137955, 7637965.817074310965836 ], [ 424785.741908766445704, 7637961.207665614783764 ], [ 424812.447525699564721, 7637957.516565929166973 ], [ 424829.264019510999788, 7637954.579007618129253 ], [ 424852.72330879047513, 7637949.422069942578673 ], [ 424867.049581749015488, 7637945.489370280876756 ], [ 424886.391596699482761, 7637938.907495206221938 ], [ 424897.805601497413591, 7637934.119418296031654 ], [ 424908.052431085321587, 7637929.0559989111498 ], [ 424917.44090592674911, 7637923.601557467132807 ], [ 424926.59683679533191, 7637917.407864456996322 ], [ 424939.818981129967142, 7637906.746657628566027 ], [ 424952.058209988637827, 7637894.691602003760636 ], [ 424959.489682100596838, 7637886.048806007951498 ], [ 424966.23252097517252, 7637877.053520336747169 ], [ 424972.215396321378648, 7637867.825430875644088 ], [ 424977.377940505859442, 7637858.501457892358303 ], [ 424981.508316542371176, 7637849.582712882198393 ], [ 424984.614231835585088, 7637841.091052011586726 ] ] ] } },
{ "type": "Feature", "properties": { "fid": 88.0, "COMPR_M": 750.67, "CLASSE": "04 - Longa", "CD_FAZ": "400534", "TALHOES": "3, 4", "FAZ_tAL": "400534003, 400534004", "ID_LINHA": 96034 }, "geometry": { "type": "MultiLineString", "coordinates": [ [ [ 424296.546199093339965, 7638051.249822797253728 ], [ 424316.906358774926048, 7638042.483098533935845 ], [ 424343.494604340638034, 7638032.15947482176125 ], [ 424383.415702156140469, 7638018.730226526036859 ], [ 424409.983604669221677, 7638011.042939263395965 ], [ 424436.460927476058714, 7638004.286898205056787 ], [ 424462.806235726515297, 7637998.39466414693743 ], [ 424488.948931287392043, 7637993.305837530642748 ], [ 424540.337858471320942, 7637985.252390531823039 ], [ 424590.367798131715972, 7637979.491594091057777 ], [ 424638.815933999430854, 7637975.416928192600608 ], [ 424737.719041022006422, 7637968.808202902786434 ], [ 424786.09862562926719, 7637964.186429996974766 ], [ 424812.919136476935819, 7637960.479345108382404 ], [ 424829.828985781117808, 7637957.525440516881645 ], [ 424853.455173863796517, 7637952.331599794328213 ], [ 424867.910758501384407, 7637948.363329675979912 ], [ 424887.473039770324249, 7637941.706110533326864 ], [ 424899.049999429727904, 7637936.849550546146929 ], [ 424909.470523773226887, 7637931.70015608612448 ], [ 424919.036342574283481, 7637926.142661415040493 ], [ 424928.360514031373896, 7637919.835204031318426 ], [ 424941.815850157814566, 7637908.98607228230685 ], [ 424954.267118796007708, 7637896.722167016938329 ], [ 424961.828818150912412, 7637887.927891971543431 ], [ 424968.69303359487094, 7637878.770635054446757 ], [ 424974.788130234170239, 7637869.369375115260482 ], [ 424980.053240071458276, 7637859.86001761071384 ], [ 424984.278313337417785, 7637850.736239152029157 ], [ 424987.594387642864604, 7637841.595291680656374 ] ] ] } },
{ "type": "Feature", "properties": { "fid": 89.0, "COMPR_M": 756.04, "CLASSE": "04 - Longa", "CD_FAZ": "400534", "TALHOES": "3, 4", "FAZ_tAL": "400534003, 400534004", "ID_LINHA": 96035 }, "geometry": { "type": "MultiLineString", "coordinates": [ [ [ 424295.555899704631884, 7638054.976847439073026 ], [ 424318.04612115805503, 7638045.258311972953379 ], [ 424344.52762866881676, 7638034.976145498454571 ], [ 424384.297455336083658, 7638021.59783133957535 ], [ 424410.770696611492895, 7638013.937944563105702 ], [ 424437.15848639246542, 7638007.204758876934648 ], [ 424463.419460738194175, 7638001.331395404413342 ], [ 424489.483655110641848, 7637996.257859608158469 ], [ 424540.736789072572719, 7637988.225787285715342 ], [ 424590.660166139074136, 7637982.477335867471993 ], [ 424639.032602690102067, 7637978.409101646393538 ], [ 424737.94973772787489, 7637971.799331499263644 ], [ 424786.455342490575276, 7637967.165194377303123 ], [ 424813.390747255005408, 7637963.442124290391803 ], [ 424830.393952052574605, 7637960.471873419359326 ], [ 424854.187038935080636, 7637955.241129647009075 ], [ 424868.771935253520496, 7637951.237289068289101 ], [ 424888.554482842504513, 7637944.504725861363113 ], [ 424900.294397362158634, 7637939.579682797193527 ], [ 424910.888616460724734, 7637934.344313262030482 ], [ 424920.63177922309842, 7637928.683765362948179 ], [ 424930.124191265320405, 7637922.262543609365821 ], [ 424943.812719186302274, 7637911.225486934185028 ], [ 424956.476027602679096, 7637898.752732027322054 ], [ 424964.167954201227985, 7637889.806977931410074 ], [ 424971.153546213172376, 7637880.487749775871634 ], [ 424977.360864146845415, 7637870.913319351151586 ], [ 424982.72853963583475, 7637861.218577329069376 ], [ 424987.048310132231563, 7637851.889765419065952 ], [ 424990.573585237143561, 7637842.102745415642858 ] ] ] } },
{ "type": "Feature", "properties": { "fid": 90.0, "COMPR_M": 761.44, "CLASSE": "04 - Longa", "CD_FAZ": "400534", "TALHOES": "3, 4", "FAZ_tAL": "400534003, 400534004", "ID_LINHA": 96036 }, "geometry": { "type": "MultiLineString", "coordinates": [ [ [ 424294.538638933736365, 7638058.715902961790562 ], [ 424332.365342087636236, 7638042.771452693268657 ], [ 424358.765401828684844, 7638033.088289496488869 ], [ 424385.179208516259678, 7638024.465436150319874 ], [ 424411.55778855457902, 7638016.832949864678085 ], [ 424437.856045308813918, 7638010.122619550675154 ], [ 424464.032685752026737, 7638004.268126666545868 ], [ 424490.018378932960331, 7637999.209881687536836 ], [ 424541.135719674814027, 7637991.199184035882354 ], [ 424590.9525341456756, 7637985.463077647611499 ], [ 424639.249271378968842, 7637981.401275100186467 ], [ 424738.180434433743358, 7637974.790460092015564 ], [ 424786.812059352290817, 7637970.143958757631481 ], [ 424813.862358033191413, 7637966.404903470538557 ], [ 424830.958918323507532, 7637963.418306320905685 ], [ 424854.918904006306548, 7637958.150659498758614 ], [ 424869.633112005423754, 7637954.111248462460935 ], [ 424889.635925913462415, 7637947.303341187536716 ], [ 424901.538795295287855, 7637942.30981504637748 ], [ 424912.306709147640504, 7637936.988470437005162 ], [ 424922.227215871214867, 7637931.224869310855865 ], [ 424931.887868499266915, 7637924.68988318555057 ], [ 424945.809588215430267, 7637913.464901586994529 ], [ 424958.684936410631053, 7637900.783297038637102 ], [ 424966.507090250728652, 7637891.686063898727298 ], [ 424973.614058831357397, 7637882.204864494502544 ], [ 424979.933598059345968, 7637872.45726359076798 ], [ 424985.403839200967923, 7637862.577137049287558 ], [ 424989.818306928733364, 7637853.043291686102748 ], [ 424993.551854966790415, 7637842.613311432301998 ] ] ] } },
{ "type": "Feature", "properties": { "fid": 91.0, "COMPR_M": 766.9, "CLASSE": "04 - Longa", "CD_FAZ": "400534", "TALHOES": "3, 4", "FAZ_tAL": "400534003, 400534004", "ID_LINHA": 96037 }, "geometry": { "type": "MultiLineString", "coordinates": [ [ [ 424293.48644732485991, 7638062.487399800680578 ], [ 424307.224791694083251, 7638056.340136574581265 ], [ 424333.451160264608916, 7638045.568204065784812 ], [ 424359.746801779954694, 7638035.923352665267885 ], [ 424386.060961696202867, 7638027.333040961995721 ], [ 424412.344880496559199, 7638019.727955164387822 ], [ 424438.553604223765433, 7638013.040480225346982 ], [ 424464.645910763298161, 7638007.204857923090458 ], [ 424490.553102756210137, 7638002.161903763189912 ], [ 424541.534650276065804, 7637994.172580789774656 ], [ 424591.244902152742725, 7637988.44881942588836 ], [ 424639.465940066147596, 7637984.393448551185429 ], [ 424738.411131139611825, 7637977.78158868290484 ], [ 424787.168776212492958, 7637973.122723137028515 ], [ 424814.333968810853548, 7637969.367682649753988 ], [ 424831.52388459444046, 7637966.364739222452044 ], [ 424855.650769077474251, 7637961.060189351439476 ], [ 424870.494288757094182, 7637956.985207855701447 ], [ 424890.717368985002395, 7637950.101956510916352 ], [ 424902.783193227893207, 7637945.039947297424078 ], [ 424913.724801834090613, 7637939.632627610117197 ], [ 424923.82265251991339, 7637933.765973262488842 ], [ 424933.651545733155217, 7637927.117222763597965 ], [ 424947.806457243917976, 7637915.704316236078739 ], [ 424956.6733849690645, 7637907.254978609271348 ], [ 424964.955335991107859, 7637898.245975958183408 ], [ 424972.555849245865829, 7637888.785633213818073 ], [ 424979.39385808276711, 7637878.988916675560176 ], [ 424985.405823798209894, 7637868.973491330631077 ], [ 424990.485999829368666, 7637858.977119045332074 ], [ 424994.379599652253091, 7637849.644231325946748 ], [ 424996.529438420548104, 7637843.126179374754429 ] ] ] } },
{ "type": "Feature", "properties": { "fid": 92.0, "COMPR_M": 772.41, "CLASSE": "04 - Longa", "CD_FAZ": "400534", "TALHOES": "3, 4", "FAZ_tAL": "400534003, 400534004", "ID_LINHA": 96038 }, "geometry": { "type": "MultiLineString", "coordinates": [ [ [ 424292.387220849865116, 7638066.32209974527359 ], [ 424308.419610092940275, 7638059.092104451730847 ], [ 424334.536978444841225, 7638048.364955438300967 ], [ 424360.728201730700675, 7638038.758415836840868 ], [ 424386.942714875680394, 7638030.20064577460289 ], [ 424413.131972438539378, 7638022.622960466891527 ], [ 424439.251163141336292, 7638015.958340900950134 ], [ 424465.259135775384493, 7638010.141589183360338 ], [ 424491.087826579168905, 7638005.113925840705633 ], [ 424541.93358087760862, 7637997.145977539941669 ], [ 424591.537270158412866, 7637991.434561205096543 ], [ 424639.682608755421825, 7637987.385622005909681 ], [ 424738.641827845422085, 7637980.772717276588082 ], [ 424787.525493075023405, 7637976.101487519219518 ], [ 424814.805579588515684, 7637972.330461830832064 ], [ 424840.416580960853025, 7637967.640659771859646 ], [ 424863.998285762500018, 7637961.968901999294758 ], [ 424878.44559096347075, 7637957.642582843080163 ], [ 424898.054161521606147, 7637950.382093287073076 ], [ 424909.721782443346456, 7637945.067653592675924 ], [ 424920.338383469555993, 7637939.376658925786614 ], [ 424930.446641720132902, 7637933.028806243091822 ], [ 424940.307875371887349, 7637925.862609852105379 ], [ 424954.376295254216529, 7637913.72818985953927 ], [ 424967.230458601261489, 7637900.202071490697563 ], [ 424974.956791037286166, 7637890.585088020190597 ], [ 424981.911658275290392, 7637880.620891661383212 ], [ 424988.03104374470422, 7637870.426424825564027 ], [ 424993.209474432456773, 7637860.236429300159216 ], [ 424997.194063852191903, 7637850.684743485413492 ], [ 424999.506448346772231, 7637843.640971065498888 ] ] ] } },
{ "type": "Feature", "properties": { "fid": 93.0, "COMPR_M": 777.96, "CLASSE": "04 - Longa", "CD_FAZ": "400534", "TALHOES": "3, 4", "FAZ_tAL": "400534003, 400534004", "ID_LINHA": 96039 }, "geometry": { "type": "MultiLineString", "coordinates": [ [ [ 424291.250361274462193, 7638070.174538437277079 ], [ 424309.614428490982391, 7638061.844072327017784 ], [ 424335.622796624375042, 7638051.161706812679768 ], [ 424361.709601683018263, 7638041.593479005619884 ], [ 424387.8244680542266, 7638033.068250583484769 ], [ 424413.919064381392673, 7638025.517965765669942 ], [ 424439.948722058266867, 7638018.876201575621963 ], [ 424465.872360787529033, 7638013.078320444561541 ], [ 424491.622550402360503, 7638008.065947920084 ], [ 424542.332511478860397, 7638000.119374295696616 ], [ 424591.829638166527729, 7637994.420302985236049 ], [ 424639.899277444987092, 7637990.377795457839966 ], [ 424738.872524551232345, 7637983.763845871202648 ], [ 424787.882209936098661, 7637979.080251898616552 ], [ 424815.27719036641065, 7637975.293241012841463 ], [ 424841.033572842541616, 7637970.576656522229314 ], [ 424864.793010342749767, 7637964.861917128786445 ], [ 424879.37676452496089, 7637960.494659150950611 ], [ 424899.21559657168109, 7637953.148502884432673 ], [ 424911.051845279114787, 7637947.757129838690162 ], [ 424921.845724141923711, 7637941.97099781036377 ], [ 424932.12753846711712, 7637935.514196079224348 ], [ 424942.151749738608487, 7637928.229597294703126 ], [ 424956.446113429730758, 7637915.900357143953443 ], [ 424969.50558121164795, 7637902.158167023211718 ], [ 424977.357732827833388, 7637892.384542825631797 ], [ 424984.429458468046505, 7637882.252866644412279 ], [ 424990.656263690791093, 7637871.879358323290944 ], [ 424995.932949033565819, 7637861.495739560574293 ], [ 425000.008528051606845, 7637851.725255649536848 ], [ 425002.48296345747076, 7637844.157422479242086 ] ] ] } },
{ "type": "Feature", "properties": { "fid": 94.0, "COMPR_M": 783.55, "CLASSE": "04 - Longa", "CD_FAZ": "400534", "TALHOES": "3, 4", "FAZ_tAL": "400534003, 400534004", "ID_LINHA": 96040 }, "geometry": { "type": "MultiLineString", "coordinates": [ [ [ 424290.073483910178766, 7638074.045839928090572 ], [ 424310.809246889664792, 7638064.596040204167366 ], [ 424336.708614803268574, 7638053.9584581842646 ], [ 424362.691001634171698, 7638044.428542177192867 ], [ 424388.706221235101111, 7638035.935855397023261 ], [ 424414.70615632366389, 7638028.412971070036292 ], [ 424440.646280972461682, 7638021.794062247499824 ], [ 424466.485585801128764, 7638016.015051702968776 ], [ 424492.157274224678986, 7638011.017969999462366 ], [ 424542.731442081101704, 7638003.092771047726274 ], [ 424592.122006173187401, 7637997.406044764444232 ], [ 424640.115946134668775, 7637993.36996890977025 ], [ 424739.10322125768289, 7637986.75497446488589 ], [ 424788.238926796882879, 7637982.05901627894491 ], [ 424815.748801144363824, 7637978.256020191125572 ], [ 424841.650564723531716, 7637973.512653276324272 ], [ 424865.58773492614273, 7637967.754932252690196 ], [ 424880.307938085403293, 7637963.346735455095768 ], [ 424900.377031622570939, 7637955.914912484586239 ], [ 424912.381908112904057, 7637950.446606086567044 ], [ 424923.353064811788499, 7637944.565336693078279 ], [ 424933.808435214043129, 7637937.999585910700262 ], [ 424943.995624105504248, 7637930.596584733575583 ], [ 424958.515931606059894, 7637918.07252443023026 ], [ 424971.780703820171766, 7637904.11426255479455 ], [ 424979.758674618322402, 7637894.183997632935643 ], [ 424986.947258660336956, 7637883.884841628372669 ], [ 424993.281483637227211, 7637873.332291818223894 ], [ 424998.656423635489773, 7637862.755049816332757 ], [ 425002.822992249857634, 7637852.765767810866237 ], [ 425005.459174477786291, 7637844.674893882125616 ] ] ] } },
{ "type": "Feature", "properties": { "fid": 95.0, "COMPR_M": 789.19, "CLASSE": "04 - Longa", "CD_FAZ": "400534", "TALHOES": "3, 4", "FAZ_tAL": "400534003, 400534004", "ID_LINHA": 96041 }, "geometry": { "type": "MultiLineString", "coordinates": [ [ [ 424288.853199020493776, 7638077.937602005898952 ], [ 424312.004065289511345, 7638067.348008079454303 ], [ 424337.794432982802391, 7638056.755209557712078 ], [ 424376.628527972730808, 7638042.908822484314442 ], [ 424402.544772506749723, 7638034.939245652407408 ], [ 424428.427993869641796, 7638027.901538764126599 ], [ 424454.235828329110518, 7638021.731234164908528 ], [ 424479.922119762282819, 7638016.367067009210587 ], [ 424505.400805026642047, 7638011.751311231404543 ], [ 424530.622762514685746, 7638007.809222966432571 ], [ 424555.565664832131006, 7638004.462254175916314 ], [ 424592.414374180370942, 7638000.39178654551506 ], [ 424640.33261482330272, 7637996.36214236356318 ], [ 424739.33391796349315, 7637989.746103055775166 ], [ 424788.595643657492474, 7637985.037780662067235 ], [ 424816.22041192103643, 7637981.218799373134971 ], [ 424842.267556605103891, 7637976.448650032281876 ], [ 424866.382459508022293, 7637970.647947379387915 ], [ 424881.239111645321827, 7637966.198811762034893 ], [ 424901.538466672995128, 7637958.681322082877159 ], [ 424913.71197094861418, 7637953.136082333512604 ], [ 424924.860405483748764, 7637947.159675577655435 ], [ 424935.489331960794516, 7637940.484975742176175 ], [ 424945.839498472516425, 7637932.963572174310684 ], [ 424960.5857497806428, 7637920.244691714644432 ], [ 424974.05582643148955, 7637906.070358088240027 ], [ 424982.159616411256138, 7637895.983452438376844 ], [ 424989.465058853500523, 7637885.516816613264382 ], [ 424995.906703583314084, 7637874.785225316882133 ], [ 425001.379898238170426, 7637864.014360075816512 ], [ 425005.637456451659091, 7637853.806279972195625 ], [ 425008.435195534664672, 7637845.193002475425601 ] ] ] } },
{ "type": "Feature", "properties": { "fid": 96.0, "COMPR_M": 794.89, "CLASSE": "04 - Longa", "CD_FAZ": "400534", "TALHOES": "3, 4", "FAZ_tAL": "400534003, 400534004", "ID_LINHA": 96042 }, "geometry": { "type": "MultiLineString", "coordinates": [ [ [ 424287.585019243881106, 7638081.854216452687979 ], [ 424326.024457852763589, 7638064.684806033968925 ], [ 424351.758798974566162, 7638054.692840227857232 ], [ 424377.559493877110071, 7638045.760837426409125 ], [ 424403.378560877288692, 7638037.821155411191285 ], [ 424429.169672677642666, 7638030.808503869920969 ], [ 424454.890566144953482, 7638024.658995281904936 ], [ 424480.495266737358179, 7638019.311876554042101 ], [ 424505.898875719984062, 7638014.70973214879632 ], [ 424531.052922354487237, 7638010.778267625719309 ], [ 424555.935196643462405, 7638007.439442809671164 ], [ 424592.706742187496275, 7638003.377528320997953 ], [ 424640.54928351205308, 7637999.354315816424787 ], [ 424739.564614669245202, 7637992.737231651321054 ], [ 424788.952360518509522, 7637988.016545042395592 ], [ 424816.692022699222434, 7637984.181578552350402 ], [ 424842.884548484697007, 7637979.384646784514189 ], [ 424867.177184089727234, 7637973.540962507016957 ], [ 424882.170285206113476, 7637969.050888072699308 ], [ 424902.699901722371578, 7637961.447731680236757 ], [ 424915.042033785022795, 7637955.825558578595519 ], [ 424926.367746154603083, 7637949.754014460369945 ], [ 424937.170228707429487, 7637942.970365574583411 ], [ 424947.683372840518132, 7637935.330559613183141 ], [ 424962.655567957321182, 7637922.416859 ], [ 424976.330949041759595, 7637908.026453614234924 ], [ 424984.560558201395907, 7637897.78290724568069 ], [ 424991.982859046082012, 7637887.148791594430804 ], [ 424998.531923529691994, 7637876.23815881088376 ], [ 425004.103372840909287, 7637865.273670330643654 ], [ 425008.451920650317334, 7637854.846792133525014 ], [ 425011.411192497762386, 7637845.71119188144803 ] ] ] } },
{ "type": "Feature", "properties": { "fid": 97.0, "COMPR_M": 800.71, "CLASSE": "04 - Longa", "CD_FAZ": "400534", "TALHOES": "3, 4", "FAZ_tAL": "400534003, 400534004", "ID_LINHA": 96043 }, "geometry": { "type": "MultiLineString", "coordinates": [ [ [ 424286.235498088179156, 7638085.876877577975392 ], [ 424301.66261835914338, 7638078.532886719331145 ], [ 424327.164220236300025, 7638067.460019471123815 ], [ 424352.791823302395642, 7638057.509510906413198 ], [ 424378.490459781663958, 7638048.612852372229099 ], [ 424404.212349251611158, 7638040.703065167181194 ], [ 424429.911351484945044, 7638033.715468972921371 ], [ 424455.545303958409932, 7638027.586756395176053 ], [ 424481.068413713481277, 7638022.25668609701097 ], [ 424506.396946412161924, 7638017.668153066188097 ], [ 424531.483082195161842, 7638013.747312285006046 ], [ 424556.304728457296733, 7638010.416631439700723 ], [ 424592.999110194388777, 7638006.363270102068782 ], [ 424640.765952201734763, 7638002.346489269286394 ], [ 424739.795311373658478, 7637995.728360244072974 ], [ 424789.309077381214593, 7637990.995309421792626 ], [ 424817.163633477466647, 7637987.144357733428478 ], [ 424843.501540367607959, 7637982.320643536746502 ], [ 424867.971908672014251, 7637976.433977633714676 ], [ 424883.101458766497672, 7637971.902964375913143 ], [ 424903.861336773319636, 7637964.214141279459 ], [ 424916.372096620034426, 7637958.515034828335047 ], [ 424927.875086824933533, 7637952.348353343084455 ], [ 424938.851125453948043, 7637945.455755406990647 ], [ 424949.527247207355686, 7637937.697547050192952 ], [ 424964.725386133650318, 7637924.589026283472776 ], [ 424978.606071651447564, 7637909.982549151405692 ], [ 424986.961499992758036, 7637899.582362051121891 ], [ 424994.500659238314256, 7637888.780766578391194 ], [ 425001.157143475022167, 7637877.691092308610678 ], [ 425006.826847443706356, 7637866.532980587333441 ], [ 425011.266384850488976, 7637855.887304295785725 ], [ 425014.387389394571073, 7637846.228710663504899 ] ] ] } },
{ "type": "Feature", "properties": { "fid": 98.0, "COMPR_M": 806.59, "CLASSE": "04 - Longa", "CD_FAZ": "400534", "TALHOES": "3, 4", "FAZ_tAL": "400534003, 400534004", "ID_LINHA": 96044 }, "geometry": { "type": "MultiLineString", "coordinates": [ [ [ 424284.827414437255356, 7638089.928684875369072 ], [ 424302.91355132299941, 7638081.25981480628252 ], [ 424328.303982622222975, 7638070.235232909210026 ], [ 424353.824847632960882, 7638060.326181581243873 ], [ 424379.421425686450675, 7638051.46486731339246 ], [ 424405.046137623139657, 7638043.584974927827716 ], [ 424430.653030292131007, 7638036.622434076853096 ], [ 424456.20004177337978, 7638030.514517512172461 ], [ 424481.641560689196922, 7638025.201495642773807 ], [ 424506.895017104572617, 7638020.626573978923261 ], [ 424531.913242033333518, 7638016.716356945224106 ], [ 424556.674260270199738, 7638013.39382007252425 ], [ 424593.291478201164864, 7638009.34901187941432 ], [ 424640.982620888971724, 7638005.338662721216679 ], [ 424740.026008081389591, 7637998.719488834962249 ], [ 424789.665794242464472, 7637993.974073803052306 ], [ 424817.635244255128782, 7637990.107136914506555 ], [ 424844.118532248481642, 7637985.256640288047493 ], [ 424868.76663325476693, 7637979.326992761343718 ], [ 424884.03263232705649, 7637974.755040684714913 ], [ 424905.022771824500524, 7637966.98055087774992 ], [ 424917.702159455628134, 7637961.204511075280607 ], [ 424929.382427496020682, 7637954.942692229524255 ], [ 424940.532022201048676, 7637947.941145241260529 ], [ 424951.371121573785786, 7637940.064534490928054 ], [ 424966.795204309397377, 7637926.761193566955626 ], [ 424980.881194260029588, 7637911.938644681125879 ], [ 424989.362441785284318, 7637901.381816858425736 ], [ 424997.018459432001691, 7637890.412741562351584 ], [ 425003.782363422040362, 7637879.144025806337595 ], [ 425009.550322044698987, 7637867.792290845885873 ], [ 425014.080849050136749, 7637856.927816458046436 ], [ 425017.356738302274607, 7637846.743639391846955 ] ] ] } },
{ "type": "Feature", "properties": { "fid": 99.0, "COMPR_M": 812.54, "CLASSE": "04 - Longa", "CD_FAZ": "400534", "TALHOES": "3, 4", "FAZ_tAL": "400534003, 400534004", "ID_LINHA": 96045 }, "geometry": { "type": "MultiLineString", "coordinates": [ [ [ 424283.356020062055904, 7638094.012001506984234 ], [ 424304.164484286564402, 7638083.986742896959186 ], [ 424329.443745005817618, 7638073.010446348227561 ], [ 424354.857871962303761, 7638063.14285225700587 ], [ 424380.35239158954937, 7638054.316882258281112 ], [ 424405.87992599507561, 7638046.466884687542915 ], [ 424431.394709097978193, 7638039.529399182647467 ], [ 424456.854779587301891, 7638033.442278627306223 ], [ 424482.214707664621528, 7638028.146305185742676 ], [ 424507.393087797798216, 7638023.58499489352107 ], [ 424532.343401875637937, 7638019.685401603579521 ], [ 424581.474881317000836, 7638013.567497607320547 ], [ 424629.448968194599729, 7638009.208779606036842 ], [ 424750.510177105024923, 7638000.890774080529809 ], [ 424799.529728445922956, 7637995.760094184428453 ], [ 424827.163131410896312, 7637991.560657848604023 ], [ 424844.735524129995611, 7637988.192637041211128 ], [ 424869.561357836006209, 7637982.220007888972759 ], [ 424884.963805888488423, 7637977.607116991654038 ], [ 424906.184206873876974, 7637969.746960477903485 ], [ 424919.032222291221842, 7637963.893987322226167 ], [ 424930.889768167282455, 7637957.537031111307442 ], [ 424942.212918947334401, 7637950.42653507180512 ], [ 424953.21499594161287, 7637942.431521931663156 ], [ 424968.865022484678775, 7637928.933360852301121 ], [ 424983.156316870707087, 7637913.894740212708712 ], [ 424991.763383576413617, 7637903.181271663866937 ], [ 424999.536259624583181, 7637892.044716547243297 ], [ 425006.407583367370535, 7637880.596959302201867 ], [ 425012.273796647728886, 7637869.05160110257566 ], [ 425016.895313250017352, 7637857.96832862123847 ], [ 425020.320920516096521, 7637847.255218335427344 ] ] ] } },
{ "type": "Feature", "properties": { "fid": 100.0, "COMPR_M": 818.57, "CLASSE": "04 - Longa", "CD_FAZ": "400534", "TALHOES": "3, 4", "FAZ_tAL": "400534003, 400534004", "ID_LINHA": 96046 }, "geometry": { "type": "MultiLineString", "coordinates": [ [ [ 424281.816369501699228, 7638098.129288805648685 ], [ 424305.415417250071187, 7638086.713670982047915 ], [ 424330.583507391856983, 7638075.78565978538245 ], [ 424355.890896290482488, 7638065.959522932767868 ], [ 424381.283357494801749, 7638057.168897199444473 ], [ 424406.713714366196655, 7638049.348794446326792 ], [ 424432.136387907085009, 7638042.436364285647869 ], [ 424457.509517400118057, 7638036.370039741508663 ], [ 424482.787854640395381, 7638031.091114731505513 ], [ 424507.891158490499947, 7638026.54341581184417 ], [ 424532.773561714682728, 7638022.654446264728904 ], [ 424581.791128943033982, 7638016.550808343105018 ], [ 424629.680984014354181, 7638012.199806373566389 ], [ 424750.759390835184604, 7638003.880422096699476 ], [ 424799.92153582588071, 7637998.73445622716099 ], [ 424827.679650567180943, 7637994.515952899120748 ], [ 424845.352516010170802, 7637991.128633795306087 ], [ 424870.356082417769358, 7637985.113023017533123 ], [ 424885.894979448756203, 7637980.459193299524486 ], [ 424907.345641925465316, 7637972.51337007433176 ], [ 424920.36228512681555, 7637966.583463570103049 ], [ 424932.39710883673979, 7637960.13136999681592 ], [ 424943.89381569478428, 7637952.911924906075001 ], [ 424955.058870308450423, 7637944.798509370535612 ], [ 424970.934840661473572, 7637931.105528138577938 ], [ 424985.431439480918925, 7637915.850835746154189 ], [ 424994.164325367310084, 7637904.980726473033428 ], [ 425002.054059816640802, 7637893.676691531203687 ], [ 425009.032803314970806, 7637882.049892796203494 ], [ 425014.997271250176709, 7637870.310911361128092 ], [ 425019.709777448792011, 7637859.008840780705214 ], [ 425023.285811191541143, 7637847.763950032182038 ] ] ] } },
{ "type": "Feature", "properties": { "fid": 101.0, "COMPR_M": 824.73, "CLASSE": "04 - Longa", "CD_FAZ": "400534", "TALHOES": "3, 4", "FAZ_tAL": "400534003, 400534004", "ID_LINHA": 96047 }, "geometry": { "type": "MultiLineString", "coordinates": [ [ [ 424280.192082645662595, 7638102.333589255809784 ], [ 424294.21168960025534, 7638095.311231627129018 ], [ 424319.172975679393858, 7638083.859815334901214 ], [ 424344.309342057036702, 7638073.535717798396945 ], [ 424369.560801293468103, 7638064.273984363302588 ], [ 424394.878493494354188, 7638056.009089079685509 ], [ 424420.21579991991166, 7638048.678008174523711 ], [ 424445.529193387599662, 7638042.219086963683367 ], [ 424483.361001615761779, 7638034.035924276337028 ], [ 424508.389229183376301, 7638029.501836727373302 ], [ 424533.203721554600634, 7638025.623490922152996 ], [ 424582.107376568252221, 7638019.534119077026844 ], [ 424629.912999833934009, 7638015.190833141095936 ], [ 424751.008604564121924, 7638006.870070111006498 ], [ 424800.31334320694441, 7638001.708818266168237 ], [ 424828.196169722708873, 7637997.471247951500118 ], [ 424854.571999708598014, 7637992.174360626377165 ], [ 424879.106056278222241, 7637985.724801798351109 ], [ 424894.303424075595103, 7637980.765528609976172 ], [ 424908.507076975307427, 7637975.279779671691358 ], [ 424921.692347962292843, 7637969.272939816117287 ], [ 424939.777019003115129, 7637959.177012746222317 ], [ 424951.288318076345604, 7637951.390618542209268 ], [ 424962.403173028083984, 7637942.731374178081751 ], [ 424978.078219374176115, 7637928.280656907707453 ], [ 424992.23758680728497, 7637912.356009492650628 ], [ 425000.679697634128388, 7637901.093126409687102 ], [ 425008.233671090099961, 7637889.440650207921863 ], [ 425014.832134415628389, 7637877.52129396609962 ], [ 425020.288271681813058, 7637865.732080632820725 ], [ 425024.427536801202223, 7637854.553225060924888 ], [ 425026.251586769649293, 7637848.269125387072563 ] ] ] } },
{ "type": "Feature", "properties": { "fid": 102.0, "COMPR_M": 831.0, "CLASSE": "04 - Longa", "CD_FAZ": "400534", "TALHOES": "3, 4", "FAZ_tAL": "400534003, 400534004", "ID_LINHA": 96048 }, "geometry": { "type": "MultiLineString", "coordinates": [ [ [ 424278.480635229672771, 7638106.621361312456429 ], [ 424295.519732763350476, 7638098.011240232735872 ], [ 424320.367794079240412, 7638086.611783212050796 ], [ 424345.395160235173535, 7638076.3324691709131 ], [ 424370.542201244097669, 7638067.109047532081604 ], [ 424395.760246674413793, 7638058.876693888567388 ], [ 424421.002891863812692, 7638051.573013475164771 ], [ 424446.226752304239199, 7638045.136947639286518 ], [ 424483.934148592234123, 7638036.980733819305897 ], [ 424508.887299875786994, 7638032.460257641971111 ], [ 424533.633881394634955, 7638028.592535581439734 ], [ 424582.423624196031597, 7638022.517429806292057 ], [ 424630.145015653339215, 7638018.181859908625484 ], [ 424751.257818293059245, 7638009.859718128107488 ], [ 424800.705150587018579, 7638004.683180304244161 ], [ 424828.712688878760673, 7638000.426543002016842 ], [ 424855.244619988196064, 7637995.09813386388123 ], [ 424879.967233030474745, 7637988.598761193454266 ], [ 424895.30805912183132, 7637983.592593933455646 ], [ 424909.668512026662938, 7637978.046189270913601 ], [ 424923.022410797071643, 7637971.962416063994169 ], [ 424941.372455651173368, 7637961.718116695061326 ], [ 424953.051995310466737, 7637953.817958118394017 ], [ 424964.324750952830072, 7637945.035721568390727 ], [ 424980.218702813843265, 7637930.38322473783046 ], [ 424994.576722858590074, 7637914.235095456242561 ], [ 425003.140210253186524, 7637902.810241131111979 ], [ 425010.806405002484098, 7637890.984594445675611 ], [ 425017.507433980354108, 7637878.879853685386479 ], [ 425023.058268478489481, 7637866.885606902651489 ], [ 425027.283789018634707, 7637855.473066346719861 ], [ 425029.218547740310896, 7637848.769536745734513 ] ] ] } },
{ "type": "Feature", "properties": { "fid": 103.0, "COMPR_M": 837.35, "CLASSE": "04 - Longa", "CD_FAZ": "400534", "TALHOES": "3, 4", "FAZ_tAL": "400534003, 400534004", "ID_LINHA": 96049 }, "geometry": { "type": "MultiLineString", "coordinates": [ [ [ 424276.705613439262379, 7638110.942529462277889 ], [ 424296.827775925165042, 7638100.711248842068017 ], [ 424321.562612478330266, 7638089.363751087337732 ], [ 424346.480978415871505, 7638079.129220543429255 ], [ 424371.523601195542142, 7638069.944110702723265 ], [ 424396.641999854706228, 7638061.744298703968525 ], [ 424421.789983805909287, 7638054.468018775805831 ], [ 424446.924311220063828, 7638048.054808311164379 ], [ 424484.507295567600522, 7638039.925543364137411 ], [ 424509.385370568255894, 7638035.418678557500243 ], [ 424534.064041233505122, 7638031.561580242589116 ], [ 424582.739871821657289, 7638025.50074053928256 ], [ 424630.377031471929513, 7638021.172886680811644 ], [ 424751.507032021530904, 7638012.849366143345833 ], [ 424801.096957967441995, 7638007.657542346045375 ], [ 424829.229208036675118, 7638003.38183805346489 ], [ 424855.917240267328452, 7637998.021907102316618 ], [ 424880.828409782494418, 7637991.472720585763454 ], [ 424896.312694167194422, 7637986.419659253209829 ], [ 424910.829947075690143, 7637980.812598869204521 ], [ 424924.35247363121016, 7637974.651892311871052 ], [ 424942.967892299755476, 7637964.259220643900335 ], [ 424954.815672545111738, 7637956.245297696441412 ], [ 424966.246328876935877, 7637947.340068959631026 ], [ 424982.359186254790984, 7637932.485792566090822 ], [ 424996.915858909138478, 7637916.114181416109204 ], [ 425005.600722870323807, 7637904.527355846948922 ], [ 425013.379138913995121, 7637892.528538684360683 ], [ 425020.182733545778319, 7637880.238413404673338 ], [ 425025.828265274350997, 7637868.039133169688284 ], [ 425030.140041236474644, 7637856.392907630652189 ], [ 425032.186758311232552, 7637849.264926067553461 ] ] ] } },
{ "type": "Feature", "properties": { "fid": 104.0, "COMPR_M": 843.77, "CLASSE": "04 - Longa", "CD_FAZ": "400534", "TALHOES": "3, 4", "FAZ_tAL": "400534003, 400534004", "ID_LINHA": 96050 }, "geometry": { "type": "MultiLineString", "coordinates": [ [ [ 424274.864881271671038, 7638115.298215762712061 ], [ 424298.135819087037817, 7638103.411257449537516 ], [ 424322.75743087666342, 7638092.115718964487314 ], [ 424347.566796594590414, 7638081.925971917808056 ], [ 424372.505001147219446, 7638072.779173873364925 ], [ 424397.523753034649417, 7638064.611903513781726 ], [ 424422.577075748762581, 7638057.363024076446891 ], [ 424447.621870135888457, 7638050.97266898676753 ], [ 424472.617835924087558, 7638045.382364297285676 ], [ 424497.50451245350996, 7638040.538190776482224 ], [ 424522.214243776048534, 7638036.377680665813386 ], [ 424546.720748096064199, 7638032.826738573610783 ], [ 424583.056119447166566, 7638028.484051272273064 ], [ 424630.609047292382456, 7638024.163913447409868 ], [ 424751.756245750701055, 7638015.8390141595155 ], [ 424801.488765348272864, 7638010.631904385983944 ], [ 424829.745727193774655, 7638006.337133105844259 ], [ 424856.589860546635464, 7638000.945680340752006 ], [ 424881.689586534281261, 7637994.346679979935288 ], [ 424897.317329212208278, 7637989.24672457575798 ], [ 424911.991382127511315, 7637983.579008467495441 ], [ 424925.682536467269529, 7637977.341368557885289 ], [ 424944.563328949036077, 7637966.800324592739344 ], [ 424956.579349779058248, 7637958.672637272626162 ], [ 424968.167906802264042, 7637949.644416350871325 ], [ 424984.499669695622288, 7637934.588360397145152 ], [ 424999.254994959628675, 7637917.993267379701138 ], [ 425008.061235488625243, 7637906.244470568373799 ], [ 425015.951872824749444, 7637894.072482921183109 ], [ 425022.85803310998017, 7637881.59697312489152 ], [ 425028.598262069979683, 7637869.192659437656403 ], [ 425032.996293454023544, 7637857.312748918309808 ], [ 425035.156417009304278, 7637849.754495495930314 ] ] ] } },
{ "type": "Feature", "properties": { "fid": 105.0, "COMPR_M": 850.35, "CLASSE": "05 - Muito longa", "CD_FAZ": "400534", "TALHOES": "3, 4", "FAZ_tAL": "400534003, 400534004", "ID_LINHA": 96051 }, "geometry": { "type": "MultiLineString", "coordinates": [ [ [ 424272.927213643619325, 7638119.770488730631769 ], [ 424287.28202175127808, 7638112.164135154336691 ], [ 424311.670082069875207, 7638100.348311421461403 ], [ 424336.282319314836059, 7638089.661726970225573 ], [ 424361.056017937720753, 7638080.042876310646534 ], [ 424385.938187019259203, 7638071.428971918299794 ], [ 424410.88265622779727, 7638063.758343237452209 ], [ 424435.844781942956615, 7638056.971189803443849 ], [ 424473.231060937570874, 7638048.319095558486879 ], [ 424498.039236276759766, 7638043.490212853997946 ], [ 424522.677454403834417, 7638039.341754080727696 ], [ 424547.119678697839845, 7638035.80013532564044 ], [ 424583.372367075178772, 7638031.467362004332244 ], [ 424630.841063111962285, 7638027.154940216802061 ], [ 424752.005459479289129, 7638018.828662175685167 ], [ 424801.880572728812695, 7638013.606266427785158 ], [ 424830.262246349477209, 7638009.292428156360984 ], [ 424857.262480826757383, 7638003.869453576393425 ], [ 424882.550763286475558, 7637997.220639375038445 ], [ 424898.321964258910157, 7637992.073789896443486 ], [ 424913.15281717752805, 7637986.345418066717684 ], [ 424927.012599302572198, 7637980.030844803899527 ], [ 424946.158765596861485, 7637969.341428541578352 ], [ 424958.343027013703249, 7637961.099976850673556 ], [ 424970.089484726311639, 7637951.948763741180301 ], [ 424986.640153135813307, 7637936.690928226336837 ], [ 425001.594131010002457, 7637919.872353346087039 ], [ 425010.521748108207248, 7637907.961585287936032 ], [ 425018.524606738705188, 7637895.616427159868181 ], [ 425025.533332675579004, 7637882.955532845109701 ], [ 425031.368258866074029, 7637870.346185705624521 ], [ 425035.852545670582913, 7637858.232590205967426 ], [ 425038.12785394320963, 7637850.236918350681663 ] ] ] } },
{ "type": "Feature", "properties": { "fid": 106.0, "COMPR_M": 857.04, "CLASSE": "05 - Muito longa", "CD_FAZ": "400534", "TALHOES": "3, 4", "FAZ_tAL": "400534003, 400534004", "ID_LINHA": 96052 }, "geometry": { "type": "MultiLineString", "coordinates": [ [ [ 424270.910029854276218, 7638124.31857993081212 ], [ 424288.648097631754354, 7638114.835261255502701 ], [ 424312.921015034196898, 7638103.075239513069391 ], [ 424337.422081700409763, 7638092.436940407380462 ], [ 424362.089042265899479, 7638082.859546988271177 ], [ 424386.869152923871297, 7638074.280986862257123 ], [ 424411.71644459979143, 7638066.640252998098731 ], [ 424436.586460750317201, 7638059.878154909238219 ], [ 424473.844285949831828, 7638051.255826816894114 ], [ 424498.573960099602118, 7638046.442234933376312 ], [ 424523.140665031387471, 7638042.305827500298619 ], [ 424547.518609299324453, 7638038.77353207860142 ], [ 424583.688614701037295, 7638034.450672737322748 ], [ 424631.07307893136749, 7638030.145966984331608 ], [ 424752.254673207353335, 7638021.818310192786157 ], [ 424802.272380109643564, 7638016.580628469586372 ], [ 424830.778765505063348, 7638012.247723208740354 ], [ 424857.935101105773356, 7638006.793226814828813 ], [ 424883.411940037796739, 7638000.094598768278956 ], [ 424899.326599304564297, 7637994.900855218991637 ], [ 424914.314252229116391, 7637989.111827664077282 ], [ 424928.34266213857336, 7637982.720321051776409 ], [ 424947.754202244628686, 7637971.882532487623394 ], [ 424960.106704247475136, 7637963.527316428720951 ], [ 424972.011062649078667, 7637954.253111131489277 ], [ 424988.780636577226687, 7637938.793496055528522 ], [ 425003.933267061016522, 7637921.751439307816327 ], [ 425012.982260726508684, 7637909.678700005635619 ], [ 425021.097340649866965, 7637897.16037139762193 ], [ 425028.208632240595762, 7637884.314092563465238 ], [ 425034.138255662634037, 7637871.499711973592639 ], [ 425038.708797889587004, 7637859.1524314917624 ], [ 425041.101060128188692, 7637850.712230730801821 ] ] ] } },
{ "type": "Feature", "properties": { "fid": 107.0, "COMPR_M": 863.81, "CLASSE": "05 - Muito longa", "CD_FAZ": "400534", "TALHOES": "3, 4", "FAZ_tAL": "400534003, 400534004", "ID_LINHA": 96053 }, "geometry": { "type": "MultiLineString", "coordinates": [ [ [ 424268.83281862270087, 7638128.89994291216135 ], [ 424290.01417351339478, 7638117.506387354806066 ], [ 424314.171947997645475, 7638105.802167599089444 ], [ 424338.561844084295444, 7638095.212153847329319 ], [ 424363.122066596231889, 7638085.676217662170529 ], [ 424387.80011882877443, 7638077.133001806214452 ], [ 424412.550232972251251, 7638069.522162755951285 ], [ 424437.328139557619579, 7638062.785120012238622 ], [ 424474.457510962267406, 7638054.192558076232672 ], [ 424499.108683922153432, 7638049.394257011823356 ], [ 424523.60387565754354, 7638045.269900916144252 ], [ 424547.917539901158307, 7638041.746928830631077 ], [ 424584.004862326080911, 7638037.433983473107219 ], [ 424631.305094751296565, 7638033.136993750929832 ], [ 424752.503886936116032, 7638024.807958208955824 ], [ 424802.664187489659525, 7638019.554990507662296 ], [ 424831.295284662570339, 7638015.203018261119723 ], [ 424858.607721385546029, 7638009.717000052332878 ], [ 424884.273116790805943, 7638002.968558164313436 ], [ 424900.331234349985607, 7637997.727920541539788 ], [ 424915.475687279016711, 7637991.878237262368202 ], [ 424929.672724973177537, 7637985.409797299653292 ], [ 424949.349638893036172, 7637974.42363643553108 ], [ 424961.87038148130523, 7637965.954656006768346 ], [ 424973.932640574988909, 7637956.55745852086693 ], [ 424990.921120017301291, 7637940.896063886582851 ], [ 425006.272403111273888, 7637923.630525269545615 ], [ 425015.442773344751913, 7637911.395814727991819 ], [ 425023.670074562251102, 7637898.704315634444356 ], [ 425030.883931804390159, 7637885.672652282752097 ], [ 425036.90825245634187, 7637872.653238240629435 ], [ 425041.565050106320996, 7637860.072272777557373 ], [ 425044.076154931681231, 7637851.179952924139798 ] ] ] } },
{ "type": "Feature", "properties": { "fid": 108.0, "COMPR_M": 870.68, "CLASSE": "05 - Muito longa", "CD_FAZ": "400534", "TALHOES": "3, 4", "FAZ_tAL": "400534003, 400534004", "ID_LINHA": 96054 }, "geometry": { "type": "MultiLineString", "coordinates": [ [ [ 424266.681901419535279, 7638133.551424656994641 ], [ 424291.380249394103885, 7638120.177513456903398 ], [ 424315.422880961559713, 7638108.529095687903464 ], [ 424339.701606469985563, 7638097.987367283552885 ], [ 424364.15509092528373, 7638088.49288833886385 ], [ 424388.731084733153693, 7638079.985016748309135 ], [ 424413.384021343896165, 7638072.404072511941195 ], [ 424438.069818365504034, 7638065.692085118032992 ], [ 424475.070735975401476, 7638057.129289335571229 ], [ 424499.6434077443555, 7638052.346279088407755 ], [ 424524.067086284223478, 7638048.233974331989884 ], [ 424548.316470501944423, 7638044.72032558079809 ], [ 424584.321109953045379, 7638040.417294202372432 ], [ 424631.537110569654033, 7638036.128020520322025 ], [ 424752.753100665635429, 7638027.797606224194169 ], [ 424803.055994869908318, 7638022.529352549463511 ], [ 424831.811803817283362, 7638018.158313310705125 ], [ 424859.28034166485304, 7638012.640773290768266 ], [ 424885.134293542883825, 7638005.842517556622624 ], [ 424901.335869396396447, 7638000.554985864087939 ], [ 424916.63712232967373, 7637994.644646860659122 ], [ 424931.002787809004076, 7637988.099273547530174 ], [ 424950.94507554062875, 7637976.964740388095379 ], [ 424963.634058716357686, 7637968.381995585747063 ], [ 424975.854218499618582, 7637958.861805913038552 ], [ 424993.061603457957972, 7637942.998631716705859 ], [ 425008.611539160774555, 7637925.509611235931516 ], [ 425017.903285963577218, 7637913.112929444760084 ], [ 425026.242808474460617, 7637900.248259873129427 ], [ 425033.559231370221823, 7637887.031212002970278 ], [ 425039.678249252494425, 7637873.806764512322843 ], [ 425044.421302326023579, 7637860.992114063352346 ], [ 425047.053291272954084, 7637851.639470349997282 ] ] ] } },
{ "type": "Feature", "properties": { "fid": 109.0, "COMPR_M": 877.74, "CLASSE": "05 - Muito longa", "CD_FAZ": "400534", "TALHOES": "3, 4", "FAZ_tAL": "400534003, 400534004", "ID_LINHA": 96055 }, "geometry": { "type": "MultiLineString", "coordinates": [ [ [ 424264.413472422224004, 7638138.35159482806921 ], [ 424292.746325274580158, 7638122.848639557138085 ], [ 424316.673813925357535, 7638111.256023775786161 ], [ 424340.841368854686152, 7638100.762580721639097 ], [ 424365.18811525386991, 7638091.309559013694525 ], [ 424389.662050637125503, 7638082.837031689472497 ], [ 424414.217809716006741, 7638075.285982271656394 ], [ 424438.811497172689997, 7638068.599050218239427 ], [ 424475.683960986032616, 7638060.066020594909787 ], [ 424500.178131568187382, 7638055.298301167786121 ], [ 424524.530296910088509, 7638051.198047749698162 ], [ 424548.715401104418561, 7638047.693722333759069 ], [ 424584.637357579893433, 7638043.40060493350029 ], [ 424631.769126389874145, 7638039.119047286920249 ], [ 424753.00231439457275, 7638030.787254239432514 ], [ 424803.447802251263056, 7638025.503714588470757 ], [ 424832.328322975139599, 7638021.113608362153172 ], [ 424859.952961944392882, 7638015.564546527341008 ], [ 424885.995470294088591, 7638008.716476951725781 ], [ 424902.340504442458041, 7638003.382051184773445 ], [ 424917.798557381262071, 7637997.411056458950043 ], [ 424932.332850644888822, 7637990.788749793544412 ], [ 424952.540512190200388, 7637979.505844333209097 ], [ 424965.397735950071365, 7637970.809335161931813 ], [ 424977.775796423549764, 7637961.16615330055356 ], [ 424995.202086899254937, 7637945.101199544966221 ], [ 425005.907542969449423, 7637933.455695529468358 ], [ 425015.772801489452831, 7637921.175819728523493 ], [ 425028.815542386553716, 7637901.792204112745821 ], [ 425036.234530935471412, 7637888.389771722257137 ], [ 425042.448246049752925, 7637874.960290778428316 ], [ 425047.277554544096347, 7637861.911955351009965 ], [ 425050.032313791685738, 7637852.091407388448715 ] ] ] } },
{ "type": "Feature", "properties": { "fid": 110.0, "COMPR_M": 884.91, "CLASSE": "05 - Muito longa", "CD_FAZ": "400534", "TALHOES": "3, 4", "FAZ_tAL": "400534003, 400534004", "ID_LINHA": 96056 }, "geometry": { "type": "MultiLineString", "coordinates": [ [ [ 424262.06366444635205, 7638143.199318051338196 ], [ 424294.112401154241525, 7638125.519765655510128 ], [ 424317.924746888224036, 7638113.982951862737536 ], [ 424341.981131239735987, 7638103.537794159725308 ], [ 424366.221139583853073, 7638094.126229690387845 ], [ 424390.593016542610712, 7638085.689046634361148 ], [ 424415.051598088582978, 7638078.167892032302916 ], [ 424439.553175979817752, 7638071.506015323102474 ], [ 424476.297185999341309, 7638063.002751855179667 ], [ 424500.712855391029734, 7638058.25032324437052 ], [ 424524.993507538572885, 7638054.162121165543795 ], [ 424549.114331705786753, 7638050.667119087651372 ], [ 424584.953605206508655, 7638046.383915670216084 ], [ 424632.001142209279351, 7638042.110074056312442 ], [ 424753.25152812351007, 7638033.776902256533504 ], [ 424803.839609630987979, 7638028.478076629340649 ], [ 424832.844842131598853, 7638024.06890341360122 ], [ 424860.62558222404914, 7638018.488319767639041 ], [ 424886.856647046981379, 7638011.590436345897615 ], [ 424903.345139488228597, 7638006.209116507321596 ], [ 424918.959992429125123, 7638000.17746605630964 ], [ 424933.662913479318377, 7637993.478226039558649 ], [ 424954.135948836337775, 7637982.046948283910751 ], [ 424967.16141318436712, 7637973.23667474091053 ], [ 424979.697374349460006, 7637963.470500691793859 ], [ 424997.342570338514633, 7637947.203767374157906 ], [ 425008.182665580010507, 7637935.411791060119867 ], [ 425018.173743279709015, 7637922.975274531170726 ], [ 425031.388276297890116, 7637903.336148349568248 ], [ 425038.909830499440432, 7637889.748331442475319 ], [ 425045.218242844799533, 7637876.113817047327757 ], [ 425050.133806761936285, 7637862.831796636804938 ], [ 425053.0133208539919, 7637852.53536871727556 ] ] ] } },
{ "type": "Feature", "properties": { "fid": 111.0, "COMPR_M": 892.23, "CLASSE": "05 - Muito longa", "CD_FAZ": "400534", "TALHOES": "3, 4", "FAZ_tAL": "400534003, 400534004", "ID_LINHA": 96057 }, "geometry": { "type": "MultiLineString", "coordinates": [ [ [ 424259.594238231016789, 7638148.148050629533827 ], [ 424283.743586971366312, 7638134.355317084118724 ], [ 424307.292121222359128, 7638122.311317701824009 ], [ 424331.121159666683525, 7638111.379494097083807 ], [ 424355.167523847601842, 7638101.503231531009078 ], [ 424379.374800806574058, 7638092.62461606040597 ], [ 424403.696025293669663, 7638084.685137197375298 ], [ 424428.086719346058089, 7638077.628061179071665 ], [ 424464.711633358849213, 7638068.575412010774016 ], [ 424489.092471372801811, 7638063.484019720926881 ], [ 424525.45671816484537, 7638057.12619458232075 ], [ 424549.513262307504192, 7638053.640515841543674 ], [ 424585.26985283108661, 7638049.367226401343942 ], [ 424632.233158028509934, 7638045.101100825704634 ], [ 424753.500741851283237, 7638036.766550274565816 ], [ 424784.266704602399841, 7638033.842739258892834 ], [ 424814.05285396851832, 7638030.096982848830521 ], [ 424842.823210013157222, 7638025.293397244997323 ], [ 424870.288070508162491, 7638019.250786386430264 ], [ 424896.137888615485281, 7638011.832032673060894 ], [ 424912.346230407827534, 7638006.074263041839004 ], [ 424927.671151879476383, 7637999.642592296004295 ], [ 424942.086655574734323, 7637992.515771124511957 ], [ 424962.383679907652549, 7637980.251213068142533 ], [ 424975.34148834698135, 7637970.835371205583215 ], [ 424987.743837814137805, 7637960.492609276436269 ], [ 425005.072021362488158, 7637943.425162294879556 ], [ 425015.628947312827222, 7637931.14686912484467 ], [ 425025.284823819180019, 7637918.264273603446782 ], [ 425037.910222724429332, 7637898.032161263749003 ], [ 425047.988239640370011, 7637877.267343314364552 ], [ 425052.9900589788449, 7637863.751637920737267 ], [ 425055.996440835413523, 7637852.970838416367769 ] ] ] } },
{ "type": "Feature", "properties": { "fid": 112.0, "COMPR_M": 899.83, "CLASSE": "05 - Muito longa", "CD_FAZ": "400534", "TALHOES": "3, 4", "FAZ_tAL": "400534003, 400534004", "ID_LINHA": 96058 }, "geometry": { "type": "MultiLineString", "coordinates": [ [ [ 424256.932380949147046, 7638153.308052126318216 ], [ 424285.168518528575078, 7638136.995525859296322 ], [ 424308.60016438504681, 7638125.011326313018799 ], [ 424332.315978066180833, 7638114.131461974233389 ], [ 424356.253342028125189, 7638104.299982903525233 ], [ 424380.356200756970793, 7638095.459679230116308 ], [ 424404.577778474718798, 7638087.552742009051144 ], [ 424428.87381128850393, 7638080.52306648157537 ], [ 424465.366371173120569, 7638071.503173126839101 ], [ 424489.665618348517455, 7638066.428829262964427 ], [ 424525.919928789720871, 7638060.090267999097705 ], [ 424549.912192908348516, 7638056.613912591710687 ], [ 424585.586100458807778, 7638052.3505371324718 ], [ 424632.465173848846462, 7638048.092127595096827 ], [ 424753.74995558115188, 7638039.756198287010193 ], [ 424784.591580169799272, 7638036.825135381892323 ], [ 424814.482951047830284, 7638033.066060531884432 ], [ 424843.38817628385732, 7638028.239830145612359 ], [ 424871.019935580028687, 7638022.160316240042448 ], [ 424897.069062176859006, 7638014.684108981862664 ], [ 424913.427673479309306, 7638008.872878367081285 ], [ 424928.915549812023528, 7638002.372724546119571 ], [ 424943.504748260951601, 7637995.159928299486637 ], [ 424964.064576654229313, 7637982.736602900549769 ], [ 424977.185362712771166, 7637973.202358647249639 ], [ 424989.740706841344945, 7637962.732023927383125 ], [ 425007.280930169508792, 7637945.455727307125926 ], [ 425017.968083364015911, 7637933.025955088436604 ], [ 425027.745336437190417, 7637919.981388323009014 ], [ 425040.535442670457996, 7637899.485094758681953 ], [ 425050.758236435707659, 7637878.420869582332671 ], [ 425055.846311197441537, 7637864.671479208394885 ], [ 425058.9815262084594, 7637853.398409368470311 ] ] ] } },
{ "type": "Feature", "properties": { "fid": 113.0, "COMPR_M": 907.63, "CLASSE": "05 - Muito longa", "CD_FAZ": "400534", "TALHOES": "3, 4", "FAZ_tAL": "400534003, 400534004", "ID_LINHA": 96059 }, "geometry": { "type": "MultiLineString", "coordinates": [ [ [ 424254.118990615708753, 7638158.561283119022846 ], [ 424275.076078543323092, 7638146.019538941793144 ], [ 424298.210628797707614, 7638133.533143958076835 ], [ 424321.677545781014487, 7638122.163736127316952 ], [ 424357.33916020730976, 7638107.096734279766679 ], [ 424381.337600709579419, 7638098.294742399826646 ], [ 424405.459531652741134, 7638090.420346819795668 ], [ 424429.660903231066186, 7638083.41807178221643 ], [ 424466.021108986926265, 7638074.430934241041541 ], [ 424490.238765322545078, 7638069.373638806864619 ], [ 424526.383139417099301, 7638063.054341414943337 ], [ 424550.311123510706238, 7638059.587309347465634 ], [ 424585.902348085073754, 7638055.333847866393626 ], [ 424632.697189667727798, 7638051.083154362626374 ], [ 424753.999169310380239, 7638042.745846304111183 ], [ 424784.916455740807578, 7638039.807531502097845 ], [ 424814.913048125919886, 7638036.03513821028173 ], [ 424843.953142554033548, 7638031.186263043433428 ], [ 424871.751800651778467, 7638025.069846091791987 ], [ 424898.000235737126786, 7638017.536185286939144 ], [ 424914.509116550209001, 7638011.671493694186211 ], [ 424930.159947743290104, 7638005.102856796234846 ], [ 424944.922840948682278, 7637997.804085474461317 ], [ 424965.745473401271738, 7637985.221992732957006 ], [ 424979.029237080132589, 7637975.569346088916063 ], [ 424991.737575869774446, 7637964.971438579261303 ], [ 425009.489838977111503, 7637947.486292319372296 ], [ 425020.307219415146392, 7637934.905041048303246 ], [ 425030.205849055782892, 7637921.698503045365214 ], [ 425043.160662616777699, 7637900.938028254546225 ], [ 425053.528233231510967, 7637879.574395848438144 ], [ 425058.702563415106852, 7637865.591320495121181 ], [ 425061.968690486100968, 7637853.817625381052494 ] ] ] } },
{ "type": "Feature", "properties": { "fid": 114.0, "COMPR_M": 915.79, "CLASSE": "05 - Muito longa", "CD_FAZ": "400534", "TALHOES": "3, 4", "FAZ_tAL": "400534003, 400534004", "ID_LINHA": 96060 }, "geometry": { "type": "MultiLineString", "coordinates": [ [ [ 424251.040763174009044, 7638164.07303667254746 ], [ 424276.560230975737795, 7638148.626922996714711 ], [ 424299.57670467835851, 7638136.204270057380199 ], [ 424322.92847874504514, 7638124.890664214268327 ], [ 424346.54018077836372, 7638114.638647907413542 ], [ 424370.353236900235061, 7638105.392912392504513 ], [ 424406.341284833732061, 7638093.287951631471515 ], [ 424430.447995173744857, 7638086.31307708285749 ], [ 424466.675846800906584, 7638077.358695358037949 ], [ 424490.811912299541291, 7638072.318448351696134 ], [ 424526.846350044303108, 7638066.01841483451426 ], [ 424550.710054112074431, 7638062.560706097632647 ], [ 424586.218595711805392, 7638058.317158597521484 ], [ 424632.929205487133004, 7638054.074181130155921 ], [ 424754.248383038444445, 7638045.735494319349527 ], [ 424785.241331310768146, 7638042.789927624166012 ], [ 424815.343145205930341, 7638039.004215897060931 ], [ 424844.518108826188836, 7638034.132695946842432 ], [ 424872.483665723528247, 7638027.979375943541527 ], [ 424898.931409298209473, 7638020.388261595740914 ], [ 424915.590559620992281, 7638014.470109021291137 ], [ 424931.404345676070079, 7638007.832989046350121 ], [ 424946.340933635190595, 7638000.448242649435997 ], [ 424967.426370147557463, 7637987.707382565364242 ], [ 424980.873111447668634, 7637977.936333525925875 ], [ 424993.734444899542723, 7637967.210853230208158 ], [ 425011.698747784015723, 7637949.516857330687344 ], [ 425022.646355465520173, 7637936.784127013757825 ], [ 425032.666361672396306, 7637923.415617762133479 ], [ 425045.785882563388441, 7637902.390961752273142 ], [ 425056.298230028420221, 7637880.727922118268907 ], [ 425061.558815633761697, 7637866.511161780916154 ], [ 425064.958042344194837, 7637854.228049700148404 ] ] ] } },
{ "type": "Feature", "properties": { "fid": 115.0, "COMPR_M": 924.3, "CLASSE": "05 - Muito longa", "CD_FAZ": "400534", "TALHOES": "3, 4", "FAZ_tAL": "400534003, 400534004", "ID_LINHA": 96061 }, "geometry": { "type": "MultiLineString", "coordinates": [ [ [ 424247.70296403800603, 7638169.806066507473588 ], [ 424278.044383406348061, 7638151.234307052567601 ], [ 424300.942780559591483, 7638138.875396156683564 ], [ 424324.179411708959378, 7638127.617592304944992 ], [ 424347.679943163238931, 7638117.413861346431077 ], [ 424371.386261230101809, 7638108.209583068266511 ], [ 424407.223038013733458, 7638096.155556444078684 ], [ 424431.23508711589966, 7638089.208082383498549 ], [ 424467.330584615818225, 7638080.286456473171711 ], [ 424491.38505927490769, 7638075.263257896527648 ], [ 424527.3095606713905, 7638068.982488251291215 ], [ 424551.10898471379187, 7638065.534102849662304 ], [ 424586.534843337140046, 7638061.30046933144331 ], [ 424633.161221306945663, 7638057.065207898616791 ], [ 424754.497596767847426, 7638048.725142335519195 ], [ 424785.566206880263053, 7638045.772323748096824 ], [ 424815.773242285416927, 7638041.973293577320874 ], [ 424845.08307509648148, 7638037.079128848388791 ], [ 424873.215530794521328, 7638030.888905793428421 ], [ 424899.862582858826499, 7638023.240337900817394 ], [ 424916.672002693114337, 7638017.268724348396063 ], [ 424932.648743609490339, 7638010.563121297396719 ], [ 424947.759026322513819, 7638003.092399824410677 ], [ 424969.10726689430885, 7637990.192772395908833 ], [ 424982.716985814739019, 7637980.303320966660976 ], [ 424995.731313928612508, 7637969.450267884880304 ], [ 425013.907656590163242, 7637951.54742234479636 ], [ 425024.985491515137255, 7637938.663212976418436 ], [ 425035.126874292269349, 7637925.132732480764389 ], [ 425048.411102509649936, 7637903.843895247206092 ], [ 425059.068226823175792, 7637881.88144838809967 ], [ 425064.415067851485219, 7637867.43100306764245 ], [ 425067.949440505122766, 7637854.630250101909041 ] ] ] } },
{ "type": "Feature", "properties": { "fid": 116.0, "COMPR_M": 933.24, "CLASSE": "05 - Muito longa", "CD_FAZ": "400534", "TALHOES": "3, 4", "FAZ_tAL": "400534003, 400534004", "ID_LINHA": 96062 }, "geometry": { "type": "MultiLineString", "coordinates": [ [ [ 424244.049223114969209, 7638175.81835972238332 ], [ 424268.316008082474582, 7638160.393627593293786 ], [ 424290.86824475415051, 7638147.556360958144069 ], [ 424313.832337033760268, 7638135.811360743828118 ], [ 424348.819705547881313, 7638120.189074783585966 ], [ 424372.419285558746196, 7638111.026253745891154 ], [ 424408.104791193385608, 7638099.023161254823208 ], [ 424432.022179058811162, 7638092.103087684139609 ], [ 424467.985322430264205, 7638083.214217588305473 ], [ 424491.958206249866635, 7638078.208067439496517 ], [ 424527.7727712970227, 7638071.946561666205525 ], [ 424551.507915315101855, 7638068.507499601691961 ], [ 424586.851090963638853, 7638064.283780064433813 ], [ 424633.393237125943415, 7638060.056234668008983 ], [ 424754.746810496028047, 7638051.714790353551507 ], [ 424785.891082449408714, 7638048.754719868302345 ], [ 424816.203339363564737, 7638044.942371258512139 ], [ 424845.648041368112899, 7638040.025561751797795 ], [ 424873.947395864757709, 7638033.798435647971928 ], [ 424900.793756418977864, 7638026.092414210550487 ], [ 424917.753445763955824, 7638020.067339674569666 ], [ 424933.893141541746445, 7638013.293253544718027 ], [ 424949.177119009313174, 7638005.736556999385357 ], [ 424970.788163641642313, 7637992.678162230178714 ], [ 424984.56086018064525, 7637982.670308405533433 ], [ 424997.728182956983801, 7637971.689682534895837 ], [ 425016.116565398930106, 7637953.577987354248762 ], [ 425027.32462756667519, 7637940.542298939079046 ], [ 425037.587386910105124, 7637926.849847201257944 ], [ 425051.036322454921901, 7637905.296828743070364 ], [ 425058.572864885791205, 7637890.459875475615263 ], [ 425061.838223619677592, 7637883.034974653273821 ], [ 425067.271320067695342, 7637868.350844355300069 ], [ 425070.943009274022188, 7637855.023727014660835 ] ] ] } },
{ "type": "Feature", "properties": { "fid": 117.0, "COMPR_M": 942.71, "CLASSE": "05 - Muito longa", "CD_FAZ": "400534", "TALHOES": "3, 4", "FAZ_tAL": "400534003, 400534004", "ID_LINHA": 96063 }, "geometry": { "type": "MultiLineString", "coordinates": [ [ [ 424240.005133519938681, 7638182.195723137818277 ], [ 424269.859001003962476, 7638162.966628759168088 ], [ 424292.293176310951822, 7638150.196569733321667 ], [ 424315.140380195807666, 7638138.511369351297617 ], [ 424338.290070059942082, 7638127.891301356256008 ], [ 424361.68243292364059, 7638118.2837397698313 ], [ 424397.109777874778956, 7638105.653151239268482 ], [ 424420.888116692076437, 7638098.341260341927409 ], [ 424456.690136048069689, 7638088.904857747256756 ], [ 424480.589761084644124, 7638083.559870672412217 ], [ 424516.358360265032388, 7638076.83657138235867 ], [ 424540.086278993461747, 7638073.128205473534763 ], [ 424575.449590637697838, 7638068.558511454612017 ], [ 424633.625252945465036, 7638063.047261436469853 ], [ 424754.996024225605652, 7638054.704438367858529 ], [ 424786.215958019485697, 7638051.737115988507867 ], [ 424816.633436443749815, 7638047.911448940634727 ], [ 424846.21300763724139, 7638042.971994651481509 ], [ 424874.679260936914943, 7638036.707965499721467 ], [ 424901.724929979362059, 7638028.94449051655829 ], [ 424918.834888835437596, 7638022.86595500074327 ], [ 424935.137539474642836, 7638016.023385795764625 ], [ 424950.595211696228944, 7638008.380714175291359 ], [ 424972.469060388102662, 7637995.163552064448595 ], [ 424986.40473454882158, 7637985.037295845337212 ], [ 424999.725051985296886, 7637973.929097190499306 ], [ 425018.325474206299987, 7637955.608552368357778 ], [ 425029.663763615477365, 7637942.421384900808334 ], [ 425040.047899528522976, 7637928.566961921751499 ], [ 425053.661542401125189, 7637906.749762240797281 ], [ 425061.296339487773366, 7637891.719185734167695 ], [ 425064.608220415306278, 7637884.188500922173262 ], [ 425070.127572286874056, 7637869.270685641095042 ], [ 425073.938802554330323, 7637855.408263821154833 ] ] ] } },
{ "type": "Feature", "properties": { "fid": 118.0, "COMPR_M": 952.82, "CLASSE": "05 - Muito longa", "CD_FAZ": "400534", "TALHOES": "3, 4", "FAZ_tAL": "400534003, 400534004", "ID_LINHA": 96064 }, "geometry": { "type": "MultiLineString", "coordinates": [ [ [ 424235.499410571588669, 7638189.005748763680458 ], [ 424260.448966496391222, 7638172.278392127715051 ], [ 424282.49684070283547, 7638159.056459221988916 ], [ 424305.041008201660588, 7638146.888774460181594 ], [ 424339.484888456761837, 7638130.643269231542945 ], [ 424362.768251103290822, 7638121.08049114048481 ], [ 424398.040743780089542, 7638108.505166181363165 ], [ 424421.721905065758619, 7638101.223170099779963 ], [ 424457.387694964651018, 7638091.822718420997262 ], [ 424481.202986098767724, 7638086.496601931750774 ], [ 424516.856430957384873, 7638079.794992297887802 ], [ 424540.516438832390122, 7638076.0972501328215 ], [ 424575.791560195793863, 7638071.538987356238067 ], [ 424633.857268765510526, 7638066.038288202136755 ], [ 424755.24523795460118, 7638057.694086385890841 ], [ 424786.540833589155227, 7638054.719512109644711 ], [ 424817.063533522654325, 7638050.880526622757316 ], [ 424846.777973909745924, 7638045.918427553027868 ], [ 424875.411126009712461, 7638039.617495349608362 ], [ 424902.65610353986267, 7638031.796566821634769 ], [ 424919.916331906220876, 7638025.664570327848196 ], [ 424936.381937407073565, 7638018.7535180458799 ], [ 424952.013304383319337, 7638011.024871351197362 ], [ 424974.149957134504803, 7637997.648941896855831 ], [ 424988.248608915775549, 7637987.404283287003636 ], [ 425001.721921013551764, 7637976.168511840514839 ], [ 425020.534383013669867, 7637957.639117380604148 ], [ 425032.002899666200392, 7637944.300470866262913 ], [ 425042.508412147639319, 7637930.284076640382409 ], [ 425051.970147594460286, 7637915.687702251598239 ], [ 425056.286762348259799, 7637908.202695738524199 ], [ 425064.019814090512227, 7637892.978495991788805 ], [ 425067.37821721076034, 7637885.342027191072702 ], [ 425072.983824505063239, 7637870.190526926890016 ], [ 425076.936613733822014, 7637855.784690849483013 ] ] ] } },
{ "type": "Feature", "properties": { "fid": 120.0, "COMPR_M": 963.37, "CLASSE": "05 - Muito longa", "CD_FAZ": "400534", "TALHOES": "3, 4", "FAZ_tAL": "400534003, 400534004", "ID_LINHA": 96065 }, "geometry": { "type": "MultiLineString", "coordinates": [ [ [ 424230.679713417019229, 7638196.132600786164403 ], [ 424262.050068283337168, 7638174.81564227771014 ], [ 424283.980993135948665, 7638161.663843276910484 ], [ 424306.407084082544316, 7638149.559900561347604 ], [ 424340.679706856841221, 7638133.395237106829882 ], [ 424363.85406928230077, 7638123.877242516726255 ], [ 424398.971709684876259, 7638111.357181124389172 ], [ 424422.555693437287118, 7638104.105079857632518 ], [ 424458.085253880475648, 7638094.7405790919438 ], [ 424481.816211111086886, 7638089.433333192020655 ], [ 424517.354501649853773, 7638082.753413215279579 ], [ 424540.946598673413973, 7638079.06629479303956 ], [ 424576.133529752376489, 7638074.519463257864118 ], [ 424634.089284584624693, 7638069.029314970597625 ], [ 424755.494451683072839, 7638060.683734402060509 ], [ 424786.865709157718811, 7638057.7019082326442 ], [ 424817.493630600976758, 7638053.849604305811226 ], [ 424847.342940180329606, 7638048.864860452711582 ], [ 424876.142991081054788, 7638042.527025204151869 ], [ 424903.587277101236396, 7638034.648643128573895 ], [ 424920.997774977586232, 7638028.463185653090477 ], [ 424937.626335340784863, 7638021.483650295063853 ], [ 424953.431397069827653, 7638013.669028527103364 ], [ 424975.83085388073232, 7638000.134331729263067 ], [ 424990.092483281623572, 7637989.771270725876093 ], [ 425003.718790042446926, 7637978.407926491461694 ], [ 425022.743291820283048, 7637959.669682392850518 ], [ 425034.342035716865212, 7637946.179556828923523 ], [ 425044.968924765940756, 7637932.001191360875964 ], [ 425054.542881506611593, 7637917.231646491214633 ], [ 425058.911982295103371, 7637909.655629234388471 ], [ 425066.743288692727219, 7637894.237806247547269 ], [ 425073.184597243613098, 7637878.778571852482855 ], [ 425075.840076722379308, 7637871.110368212684989 ], [ 425079.936495323083363, 7637856.152797091752291 ] ] ] } },
{ "type": "Feature", "properties": { "fid": 121.0, "COMPR_M": 25.45, "CLASSE": "01 - Muito curta", "CD_FAZ": "400534", "TALHOES": "1", "FAZ_tAL": "400534001", "ID_LINHA": 96066 }, "geometry": { "type": "MultiLineString", "coordinates": [ [ [ 424066.767389969027136, 7638391.66808825917542 ], [ 424079.395934835833032, 7638369.58453431725502 ] ] ] } },
{ "type": "Feature", "properties": { "fid": 122.0, "COMPR_M": 974.27, "CLASSE": "05 - Muito longa", "CD_FAZ": "400534", "TALHOES": "3, 4", "FAZ_tAL": "400534003, 400534004", "ID_LINHA": 96067 }, "geometry": { "type": "MultiLineString", "coordinates": [ [ [ 424225.697545029222965, 7638203.59937840513885 ], [ 424252.961197524389718, 7638184.269977345131338 ], [ 424274.487979765224736, 7638170.685632246546447 ], [ 424296.56797098001698, 7638158.117196056991816 ], [ 424330.434076528646983, 7638141.252232742495835 ], [ 424353.378755085868761, 7638131.289928533136845 ], [ 424388.20740036846837, 7638118.140184585936368 ], [ 424411.631803913449403, 7638110.493580501526594 ], [ 424446.969964051619172, 7638100.575666362419724 ], [ 424470.604273687116802, 7638094.9252620479092 ], [ 424506.060093620035332, 7638087.770544023253024 ], [ 424541.376758514670655, 7638082.035339452326298 ], [ 424576.475499310181476, 7638077.499939160421491 ], [ 424634.321300404262729, 7638072.020341741852462 ], [ 424755.743665411544498, 7638063.673382417298853 ], [ 424787.190584727271926, 7638060.684304352849722 ], [ 424817.923727681278251, 7638056.818681986071169 ], [ 424847.90790645161178, 7638051.811293356120586 ], [ 424876.874856152338907, 7638045.436555054038763 ], [ 424904.518450661562383, 7638037.500719437375665 ], [ 424930.574342935753521, 7638027.841562036424875 ], [ 424954.849489757849369, 7638016.313185701146722 ], [ 424962.543922254524659, 7638012.01814766228199 ], [ 424977.511750628123991, 7638002.619721559807658 ], [ 424991.936357649625279, 7637992.138258164748549 ], [ 425005.715659070643596, 7637980.647341143339872 ], [ 425024.952200627536513, 7637961.700247406028211 ], [ 425036.681171769392677, 7637948.058642791584134 ], [ 425047.429437383660115, 7637933.718306079506874 ], [ 425057.1156154180062, 7637918.775590728968382 ], [ 425061.537202240258921, 7637911.108562731184065 ], [ 425069.466763295000419, 7637895.497116506099701 ], [ 425075.999061443493702, 7637879.819084011018276 ], [ 425080.999814901850186, 7637864.303778835572302 ], [ 425082.931228102534078, 7637856.51174796000123 ] ] ] } },
{ "type": "Feature", "properties": { "fid": 123.0, "COMPR_M": 39.39, "CLASSE": "01 - Muito curta", "CD_FAZ": "400534", "TALHOES": "1", "FAZ_tAL": "400534001", "ID_LINHA": 96068 }, "geometry": { "type": "MultiLineString", "coordinates": [ [ [ 424068.215820565761533, 7638395.274195393547416 ], [ 424087.97082870057784, 7638361.220213176682591 ] ] ] } },
{ "type": "Feature", "properties": { "fid": 124.0, "COMPR_M": 984.8, "CLASSE": "06 - Acima do limite", "CD_FAZ": "400534", "TALHOES": "3, 4", "FAZ_tAL": "400534003, 400534004", "ID_LINHA": 96069 }, "geometry": { "type": "MultiLineString", "coordinates": [ [ [ 424221.064264776185155, 7638210.914325088262558 ], [ 424244.139442359446548, 7638193.895728631876409 ], [ 424265.252271855890285, 7638179.890142574906349 ], [ 424286.949297999904957, 7638166.878611391410232 ], [ 424320.372552845394239, 7638149.311403783038259 ], [ 424343.069343654555269, 7638138.899172858335078 ], [ 424377.584407204936724, 7638125.109607124701142 ], [ 424412.513557093916461, 7638113.361185313202441 ], [ 424447.711642859969288, 7638103.482631469145417 ], [ 424471.259011501329951, 7638097.853023163974285 ], [ 424506.594817443052307, 7638090.722566101700068 ], [ 424541.806918353307992, 7638085.00438410975039 ], [ 424576.817468867753632, 7638080.480415063910186 ], [ 424634.55331622378435, 7638075.01136850938201 ], [ 424755.992879141471349, 7638066.663030432537198 ], [ 424787.515460297698155, 7638063.666700474917889 ], [ 424818.35382476093946, 7638059.78775966912508 ], [ 424848.472872722311877, 7638054.7577262558043 ], [ 424877.606721224205103, 7638048.346084906719625 ], [ 424905.449624221306294, 7638040.35279574431479 ], [ 424931.735777985944878, 7638030.607971635647118 ], [ 424948.293604667647742, 7638023.062464760616422 ], [ 424964.051262925378978, 7638014.6124865449965 ], [ 424971.68575196841266, 7638009.999091719277203 ], [ 424986.561862762435339, 7637999.937410093843937 ], [ 425000.834731517301407, 7637988.818321987986565 ], [ 425014.401022355363239, 7637976.721041118726134 ], [ 425027.161109434673563, 7637963.730812417343259 ], [ 425033.209014289022889, 7637956.928841909393668 ], [ 425044.584102983877528, 7637942.769277401268482 ], [ 425054.927863862947561, 7637927.948166191577911 ], [ 425064.162422187044285, 7637912.56149622797966 ], [ 425068.338125714682974, 7637904.692488357424736 ], [ 425075.688207597937435, 7637888.802605996839702 ], [ 425078.813525644305628, 7637880.85959617421031 ], [ 425083.894429943698924, 7637865.094942238181829 ], [ 425085.920106842415407, 7637856.862330369651318 ] ] ] } },
{ "type": "Feature", "properties": { "fid": 125.0, "COMPR_M": 54.13, "CLASSE": "01 - Muito curta", "CD_FAZ": "400534", "TALHOES": "1", "FAZ_tAL": "400534001", "ID_LINHA": 96070 }, "geometry": { "type": "MultiLineString", "coordinates": [ [ [ 424069.664251163834706, 7638398.880302531644702 ], [ 424085.762421198538505, 7638370.59350161254406 ], [ 424097.14209197240416, 7638352.274167608469725 ] ] ] } },
{ "type": "Feature", "properties": { "fid": 126.0, "COMPR_M": 995.11, "CLASSE": "06 - Acima do limite", "CD_FAZ": "400534", "TALHOES": "3, 4", "FAZ_tAL": "400534003, 400534004", "ID_LINHA": 96071 }, "geometry": { "type": "MultiLineString", "coordinates": [ [ [ 424216.679681219509803, 7638218.175556905567646 ], [ 424245.854605855944101, 7638196.357311922125518 ], [ 424266.853373640857171, 7638182.427392724901438 ], [ 424288.433450432086829, 7638169.485995445400476 ], [ 424321.680596007499844, 7638152.011412389576435 ], [ 424344.264162052888423, 7638141.651140734553337 ], [ 424378.617431533522904, 7638127.926277799531817 ], [ 424413.395310273976065, 7638116.228790123015642 ], [ 424448.453321666806005, 7638106.389596571214497 ], [ 424471.913749315135647, 7638100.780784277245402 ], [ 424507.129541265778244, 7638093.674588177353144 ], [ 424542.237078193458728, 7638087.973428769037127 ], [ 424577.159438424510881, 7638083.460890963673592 ], [ 424634.78533204307314, 7638078.002395275980234 ], [ 424756.242092870175838, 7638069.65267845056951 ], [ 424787.840335867716931, 7638066.649096596986055 ], [ 424818.783921839378309, 7638062.756837349385023 ], [ 424849.037838993070181, 7638057.704159155488014 ], [ 424878.338586295314599, 7638051.255614758469164 ], [ 424906.380797781981528, 7638043.204872051253915 ], [ 424932.897213036310859, 7638033.374381236732006 ], [ 424949.623667504056357, 7638025.751941006630659 ], [ 424965.558603596466128, 7638017.206825430504978 ], [ 424973.281188616296276, 7638012.540195668116212 ], [ 424988.325539995334111, 7638002.364749671891332 ], [ 425002.756309440825135, 7637991.122669380158186 ], [ 425016.470840531459544, 7637978.893208403140306 ], [ 425029.370018242509104, 7637965.761377428658307 ], [ 425035.484136898245197, 7637958.88493743725121 ], [ 425046.985044775705319, 7637944.568732208572328 ], [ 425057.445664055936504, 7637929.580141174606979 ], [ 425066.787642133480404, 7637914.014429723843932 ], [ 425071.013425280223601, 7637906.051048079505563 ], [ 425078.458204393275082, 7637889.956132262945175 ], [ 425081.627989843254909, 7637881.900108338333666 ], [ 425086.7890449858387, 7637865.886105639860034 ], [ 425088.910513957205694, 7637857.205202655866742 ] ] ] } },
{ "type": "Feature", "properties": { "fid": 127.0, "COMPR_M": 69.95, "CLASSE": "01 - Muito curta", "CD_FAZ": "400534", "TALHOES": "1", "FAZ_tAL": "400534001", "ID_LINHA": 96072 }, "geometry": { "type": "MultiLineString", "coordinates": [ [ [ 424071.112681763363071, 7638402.486409669741988 ], [ 424088.336014329048339, 7638372.135337606072426 ], [ 424107.097103148465976, 7638342.563620546832681 ] ] ] } },
{ "type": "Feature", "properties": { "fid": 128.0, "COMPR_M": 1006.88, "CLASSE": "06 - Acima do limite", "CD_FAZ": "400534", "TALHOES": "3, 4", "FAZ_tAL": "400534003, 400534004", "ID_LINHA": 96073 }, "geometry": { "type": "MultiLineString", "coordinates": [ [ [ 424211.269146037870087, 7638226.47919456101954 ], [ 424237.360166467202362, 7638206.107580265961587 ], [ 424268.454475427395664, 7638184.964642873965204 ], [ 424289.917602864385117, 7638172.093379501253366 ], [ 424322.988639167626388, 7638154.711420997977257 ], [ 424345.458980451105163, 7638144.403108611702919 ], [ 424379.650455864262767, 7638130.742948476225138 ], [ 424414.277063452347647, 7638119.096394937485456 ], [ 424449.195000474341214, 7638109.296561676077545 ], [ 424472.568487129872665, 7638103.708545397035778 ], [ 424507.664265088853426, 7638096.626610254868865 ], [ 424542.66723803372588, 7638090.94247343018651 ], [ 424577.501407983072568, 7638086.441366866230965 ], [ 424635.017347862827592, 7638080.993422047235072 ], [ 424756.491306598880328, 7638072.642326466739178 ], [ 424788.165211437386461, 7638069.631492717191577 ], [ 424819.214018919796217, 7638065.725915029644966 ], [ 424849.602805263944902, 7638060.650592058897018 ], [ 424879.070451367064379, 7638054.165144611150026 ], [ 424907.311971344111953, 7638046.056948357261717 ], [ 424934.058648086211178, 7638036.140790834091604 ], [ 424950.953730339184403, 7638028.441417253576219 ], [ 424967.065944267553277, 7638019.801164312288165 ], [ 424974.876625266100746, 7638015.081299616023898 ], [ 424990.089217229513451, 7638004.792089249938726 ], [ 425004.677887367026415, 7637993.427016770467162 ], [ 425018.540658707614057, 7637981.065375690348446 ], [ 425031.578927049587946, 7637967.791942440904677 ], [ 425037.759259507700335, 7637960.84103297162801 ], [ 425049.385986566718202, 7637946.368187015876174 ], [ 425059.963464248459786, 7637931.212116159498692 ], [ 425069.412862078926992, 7637915.467363220639527 ], [ 425073.688724844600074, 7637907.409607799723744 ], [ 425081.228201189718675, 7637891.109658529050648 ], [ 425084.442454043077305, 7637882.940620498731732 ], [ 425089.683660027454607, 7637866.677269041538239 ], [ 425091.902438222139608, 7637857.540421450510621 ] ] ] } },
{ "type": "Feature", "properties": { "fid": 129.0, "COMPR_M": 87.36, "CLASSE": "01 - Muito curta", "CD_FAZ": "400534", "TALHOES": "1", "FAZ_tAL": "400534001", "ID_LINHA": 96074 }, "geometry": { "type": "MultiLineString", "coordinates": [ [ [ 424072.569677170948125, 7638406.113840315490961 ], [ 424084.794820798793808, 7638384.081811994314194 ], [ 424097.225581908423919, 7638363.333541875705123 ], [ 424118.212216265616007, 7638331.721460038796067 ] ] ] } },
{ "type": "Feature", "properties": { "fid": 130.0, "COMPR_M": 1024.71, "CLASSE": "06 - Acima do limite", "CD_FAZ": "400534", "TALHOES": "3, 4", "FAZ_tAL": "400534003, 400534004", "ID_LINHA": 96075 }, "geometry": { "type": "MultiLineString", "coordinates": [ [ [ 424201.374178163707256, 7638238.853978311643004 ], [ 424229.140730747836642, 7638216.013892007991672 ], [ 424259.595140993944369, 7638194.270453494042158 ], [ 424280.659951447043568, 7638180.977636898867786 ], [ 424313.23746348626446, 7638162.915531060658395 ], [ 424335.437808384071104, 7638152.159945097751915 ], [ 424369.283160177932587, 7638137.860999383963645 ], [ 424403.626539207529277, 7638125.61725584231317 ], [ 424438.318914598727133, 7638115.263130091130733 ], [ 424461.573048462392762, 7638109.329882464371622 ], [ 424496.543382056173868, 7638101.766543793492019 ], [ 424531.478456311393529, 7638095.659149000421166 ], [ 424566.282087399915326, 7638090.800724480301142 ], [ 424600.893046381359454, 7638086.97829813696444 ], [ 424635.249363682465628, 7638083.984448811039329 ], [ 424735.241221051313914, 7638077.289975434541702 ], [ 424767.390304492844734, 7638074.707977286539972 ], [ 424798.940432637406047, 7638071.42194770462811 ], [ 424829.897124475915916, 7638067.139395602047443 ], [ 424860.160321160336025, 7638061.592555867508054 ], [ 424889.429472384508699, 7638054.545386066660285 ], [ 424917.410030130005907, 7638045.788031010888517 ], [ 424935.220083136984613, 7638038.907200433313847 ], [ 424952.283793174836319, 7638031.130893501453102 ], [ 424968.573284936835989, 7638022.395503195002675 ], [ 424976.472061914450023, 7638017.622403563000262 ], [ 424991.8528944629943, 7638007.219428826123476 ], [ 425006.599465290491935, 7637995.731364158913493 ], [ 425020.610476883361116, 7637983.237542974762619 ], [ 425033.787835856608581, 7637969.822507453151047 ], [ 425040.034382117912173, 7637962.797128504142165 ], [ 425051.786928358254954, 7637948.167641822248697 ], [ 425062.481264441099484, 7637932.844091143459082 ], [ 425072.038082025304902, 7637916.920296717435122 ], [ 425076.364024410373531, 7637908.768167517147958 ], [ 425083.998197985929437, 7637892.263184800744057 ], [ 425087.256918243132532, 7637883.981132660061121 ], [ 425092.578275069303345, 7637867.468432445079088 ], [ 425094.895884366240352, 7637857.867962881922722 ] ] ] } },
{ "type": "Feature", "properties": { "fid": 131.0, "COMPR_M": 111.3, "CLASSE": "02 - Curta", "CD_FAZ": "400534", "TALHOES": "1", "FAZ_tAL": "400534001", "ID_LINHA": 96076 }, "geometry": { "type": "MultiLineString", "coordinates": [ [ [ 424074.035825065220706, 7638409.764057587832212 ], [ 424087.393432416196447, 7638385.581077692098916 ], [ 424099.77216699096607, 7638364.919608782976866 ], [ 424119.907567776739597, 7638334.501153976656497 ], [ 424133.567803412675858, 7638315.918351478874683 ] ] ] } },
{ "type": "Feature", "properties": { "fid": 132.0, "COMPR_M": 1027.62, "CLASSE": "06 - Acima do limite", "CD_FAZ": "400534", "TALHOES": "3, 4", "FAZ_tAL": "400534003, 400534004", "ID_LINHA": 96077 }, "geometry": { "type": "MultiLineString", "coordinates": [ [ [ 424202.847498713177629, 7638241.545771866105497 ], [ 424230.967184005305171, 7638218.394074409268796 ], [ 424261.253626862890087, 7638196.770572531968355 ], [ 424282.202944366727024, 7638183.550638061948121 ], [ 424314.603539365809411, 7638165.586657160893083 ], [ 424336.688741348567419, 7638154.886873183771968 ], [ 424370.368978357408196, 7638140.657750755548477 ], [ 424404.557505112956278, 7638128.469270785339177 ], [ 424439.106006540590897, 7638118.158135390840471 ], [ 424462.270607378624845, 7638112.24774313904345 ], [ 424497.116529030783568, 7638104.711353335529566 ], [ 424531.941666937142145, 7638098.623222416266799 ], [ 424566.651619213342201, 7638093.777913112193346 ], [ 424601.185414388892241, 7638089.964039914309978 ], [ 424635.481379502511118, 7638086.975475584156811 ], [ 424735.456779044994619, 7638080.282228799536824 ], [ 424767.661400259356014, 7638077.69572677090764 ], [ 424799.297149498190265, 7638074.40071208588779 ], [ 424830.368735253519844, 7638070.10217478312552 ], [ 424860.77731304243207, 7638064.528552619740367 ], [ 424890.224196966039017, 7638057.438401194289327 ], [ 424918.41466517560184, 7638048.615096338093281 ], [ 424936.381518186652102, 7638041.673610030673444 ], [ 424953.613856010488234, 7638033.820369747467339 ], [ 424970.080625607632101, 7638024.989842078648508 ], [ 424978.067498562741093, 7638020.163507511839271 ], [ 424993.616571698337793, 7638009.646768403239548 ], [ 425008.521043214597739, 7637998.035711551085114 ], [ 425022.680295059224591, 7637985.409710258245468 ], [ 425035.996744664211292, 7637971.853072468191385 ], [ 425042.309504728997126, 7637964.753224037587643 ], [ 425054.187870148976799, 7637949.967096626758575 ], [ 425064.999064633331727, 7637934.476066125556827 ], [ 425074.663301972672343, 7637918.373230215162039 ], [ 425079.039323974924628, 7637910.126727236434817 ], [ 425086.768194781965576, 7637893.416711065918207 ], [ 425090.071382442722097, 7637885.021644823253155 ], [ 425095.472890111326706, 7637868.259595846757293 ], [ 425097.891181222978048, 7637858.186168120242655 ] ] ] } },
{ "type": "Feature", "properties": { "fid": 133.0, "COMPR_M": 155.61, "CLASSE": "02 - Curta", "CD_FAZ": "400534", "TALHOES": "1", "FAZ_tAL": "400534001", "ID_LINHA": 96078 }, "geometry": { "type": "MultiLineString", "coordinates": [ [ [ 424075.501972960133571, 7638413.414274863898754 ], [ 424096.056793722847942, 7638376.76084559597075 ], [ 424115.463060210458934, 7638346.229432237334549 ], [ 424136.839691204950213, 7638316.559728748165071 ], [ 424152.282650050532538, 7638297.406104492023587 ], [ 424162.941303821397014, 7638285.240730023011565 ] ] ] } },
{ "type": "Feature", "properties": { "fid": 134.0, "COMPR_M": 1029.17, "CLASSE": "06 - Acima do limite", "CD_FAZ": "400534", "TALHOES": "1, 3, 4", "FAZ_tAL": "400534001, 400534003, 400534004", "ID_LINHA": 96079 }, "geometry": { "type": "MultiLineString", "coordinates": [ [ [ 424205.352102157601621, 7638243.346345386467874 ], [ 424232.793637261725962, 7638220.774256815202534 ], [ 424262.912112731544767, 7638199.270691570825875 ], [ 424283.745937286061235, 7638186.123639224097133 ], [ 424315.969615247740876, 7638168.257783262059093 ], [ 424337.939674311550334, 7638157.613801272585988 ], [ 424371.454796535486821, 7638143.454502128995955 ], [ 424405.488471017917618, 7638131.321285730227828 ], [ 424439.893098483269569, 7638121.053140690550208 ], [ 424462.968166294100229, 7638115.165603812783957 ], [ 424497.68967600830365, 7638107.656162882223725 ], [ 424532.404877564113121, 7638101.587295832112432 ], [ 424567.021151026536245, 7638096.755101742222905 ], [ 424601.477782395086251, 7638092.949781693518162 ], [ 424635.713395321159624, 7638089.966502349823713 ], [ 424735.672337038442492, 7638083.274482160806656 ], [ 424767.932496023888234, 7638080.683476258069277 ], [ 424799.653866360080428, 7638077.37947646714747 ], [ 424830.840346030483488, 7638073.064953966066241 ], [ 424861.394304923131131, 7638067.464549373835325 ], [ 424891.018921548617072, 7638060.331416320987046 ], [ 424919.419300222187303, 7638051.442161656916142 ], [ 424937.542953238473274, 7638044.44001963082701 ], [ 424954.943918846081942, 7638036.509845992550254 ], [ 424971.587966279766988, 7638027.584180964156985 ], [ 424979.662935210973956, 7638022.704611459746957 ], [ 424995.380248931585811, 7638012.074107982218266 ], [ 425010.44262114004232, 7638000.340058941394091 ], [ 425024.750113235320896, 7637987.581877544522285 ], [ 425038.205653471115511, 7637973.883637477643788 ], [ 425044.58462733757915, 7637966.70931956730783 ], [ 425056.588811940164305, 7637951.766551433131099 ], [ 425067.516864825738594, 7637936.108041109517217 ], [ 425077.288521918992046, 7637919.826163711026311 ], [ 425081.714623540232424, 7637911.485286955721676 ], [ 425089.538191575848032, 7637894.570237334817648 ], [ 425092.885846641846001, 7637886.062156984582543 ], [ 425098.367505152185913, 7637869.050759248435497 ], [ 425100.888575524440967, 7637858.493792466819286 ] ] ] } },
{ "type": "Feature", "properties": { "fid": 135.0, "COMPR_M": 165.74, "CLASSE": "02 - Curta", "CD_FAZ": "400534", "TALHOES": "1", "FAZ_tAL": "400534001", "ID_LINHA": 96080 }, "geometry": { "type": "MultiLineString", "coordinates": [ [ [ 424076.968120856385212, 7638417.064492136240005 ], [ 424086.739166790968738, 7638398.912480203434825 ], [ 424098.630386854987592, 7638378.302681594155729 ], [ 424111.302558109629899, 7638357.956982065923512 ], [ 424124.812310492852703, 7638337.95762385148555 ], [ 424146.77279836346861, 7638308.795675471425056 ], [ 424170.768496896373108, 7638281.095430713146925 ] ] ] } },
{ "type": "Feature", "properties": { "fid": 136.0, "COMPR_M": 1030.73, "CLASSE": "06 - Acima do limite", "CD_FAZ": "400534", "TALHOES": "1, 3, 4", "FAZ_tAL": "400534001, 400534003, 400534004", "ID_LINHA": 96081 }, "geometry": { "type": "MultiLineString", "coordinates": [ [ [ 424207.856705602549482, 7638245.146918908692896 ], [ 424234.620090519194491, 7638223.154439217410982 ], [ 424264.57059859787114, 7638201.770810608752072 ], [ 424285.288930207141675, 7638188.696640389040112 ], [ 424317.335691128100734, 7638170.92890936229378 ], [ 424339.190607276279479, 7638160.340729355812073 ], [ 424372.540614715486299, 7638146.251253502443433 ], [ 424406.419436922413297, 7638134.173300670459867 ], [ 424440.680190425366163, 7638123.948145993053913 ], [ 424463.665725210274104, 7638118.083464484661818 ], [ 424498.262822983495425, 7638110.60097242705524 ], [ 424532.868088191607967, 7638104.551369251683354 ], [ 424567.390682838857174, 7638099.732290374115109 ], [ 424601.770150402386207, 7638095.935523471795022 ], [ 424635.945411141554359, 7638092.957529118284583 ], [ 424735.887895031715743, 7638086.266735523939133 ], [ 424768.203591789817438, 7638083.671225743368268 ], [ 424800.010583220981061, 7638080.358240846544504 ], [ 424831.311956808203831, 7638076.027733143419027 ], [ 424862.01129680511076, 7638070.400546126067638 ], [ 424891.813646131078713, 7638063.224431447684765 ], [ 424920.423935267084744, 7638054.269226980395615 ], [ 424938.704388289246708, 7638047.206429228186607 ], [ 424956.273981680918951, 7638039.199322242289782 ], [ 424973.095306951436214, 7638030.17851984873414 ], [ 424981.25837185914861, 7638025.245715408585966 ], [ 424997.143926166812889, 7638014.501447559334338 ], [ 425012.364199064730201, 7638002.644406331703067 ], [ 425026.819931410835125, 7637989.75404482986778 ], [ 425040.414562278660014, 7637975.914202490821481 ], [ 425046.859749948314857, 7637968.665415096096694 ], [ 425058.98975373065332, 7637953.566006239503622 ], [ 425070.034665018320084, 7637937.740016094408929 ], [ 425079.913741865020711, 7637921.27909720595926 ], [ 425084.389923104259651, 7637912.843846675008535 ], [ 425092.308188373513985, 7637895.723763601854444 ], [ 425095.700310841784813, 7637887.102669145911932 ], [ 425101.262120194616728, 7637869.841922651976347 ], [ 425103.888164940581191, 7637858.790343230590224 ] ] ] } },
{ "type": "Feature", "properties": { "fid": 137.0, "COMPR_M": 167.83, "CLASSE": "02 - Curta", "CD_FAZ": "400534", "TALHOES": "1", "FAZ_tAL": "400534001", "ID_LINHA": 96082 }, "geometry": { "type": "MultiLineString", "coordinates": [ [ [ 424078.434268750541378, 7638420.714709411375225 ], [ 424089.360926050227135, 7638400.370870558544993 ], [ 424101.203979984798934, 7638379.844517591409385 ], [ 424120.435265929962043, 7638349.588084976188838 ], [ 424134.31532107439125, 7638329.892908086068928 ], [ 424149.108439867617562, 7638310.678746272809803 ], [ 424164.868140672508162, 7638292.038703935220838 ], [ 424173.198115536186378, 7638282.887524863705039 ] ] ] } },
{ "type": "Feature", "properties": { "fid": 138.0, "COMPR_M": 1032.31, "CLASSE": "06 - Acima do limite", "CD_FAZ": "400534", "TALHOES": "1, 3, 4", "FAZ_tAL": "400534001, 400534003, 400534004", "ID_LINHA": 96083 }, "geometry": { "type": "MultiLineString", "coordinates": [ [ [ 424210.361309048719704, 7638246.947492426261306 ], [ 424236.446543775033206, 7638225.534621620550752 ], [ 424266.22908446600195, 7638204.270929647609591 ], [ 424286.831923128454946, 7638191.269641550257802 ], [ 424318.701767008868046, 7638173.600035460665822 ], [ 424340.44154024013551, 7638163.067657446488738 ], [ 424373.626432894787285, 7638149.048004876822233 ], [ 424407.350402827141806, 7638137.02531561255455 ], [ 424441.467282368219458, 7638126.843151293694973 ], [ 424464.363284126273356, 7638121.001325159333646 ], [ 424498.835969959036447, 7638113.545781970955431 ], [ 424533.33129881892819, 7638107.515442665666342 ], [ 424567.760214651585557, 7638102.709479004144669 ], [ 424602.062518410210032, 7638098.921265251934528 ], [ 424636.177426959795412, 7638095.948555884882808 ], [ 424736.10345302533824, 7638089.258988886140287 ], [ 424768.474687555164564, 7638086.658975226804614 ], [ 424800.367300083045848, 7638083.337005225941539 ], [ 424831.78356758801965, 7638078.990512323565781 ], [ 424862.628288686391897, 7638073.336542880162597 ], [ 424892.60837071260903, 7638066.117446575313807 ], [ 424921.428570311691146, 7638057.096292302012444 ], [ 424939.865823339496274, 7638049.972838826477528 ], [ 424957.604044516396243, 7638041.888798488304019 ], [ 424974.602647621824872, 7638032.772858729586005 ], [ 424982.853808507148642, 7638027.786819357424974 ], [ 424998.907603401923552, 7638016.9287871401757 ], [ 425014.285776989359874, 7638004.948753722012043 ], [ 425028.889749587222468, 7637991.92621211335063 ], [ 425042.623471085447818, 7637977.944767501205206 ], [ 425049.134872558468487, 7637970.621510629542172 ], [ 425061.390695522248279, 7637955.365461045876145 ], [ 425072.552465210435912, 7637939.371991079300642 ], [ 425082.538961811282206, 7637922.7320307046175 ], [ 425087.065222670324147, 7637914.202406395226717 ], [ 425095.078185168968048, 7637896.877289869822562 ], [ 425098.514775041374378, 7637888.143181307241321 ], [ 425104.156735235883389, 7637870.633086053654552 ], [ 425106.890356012154371, 7637859.073769545182586 ] ] ] } },
{ "type": "Feature", "properties": { "fid": 139.0, "COMPR_M": 169.96, "CLASSE": "02 - Curta", "CD_FAZ": "400534", "TALHOES": "1", "FAZ_tAL": "400534001", "ID_LINHA": 96084 }, "geometry": { "type": "MultiLineString", "coordinates": [ [ [ 424079.915273385646287, 7638424.401914998888969 ], [ 424091.982685310824309, 7638401.829260911792517 ], [ 424103.777573117695283, 7638381.386353589594364 ], [ 424122.921368789160624, 7638351.267411345615983 ], [ 424136.731459055736195, 7638331.671469200402498 ], [ 424151.444081371999346, 7638312.561817077919841 ], [ 424167.111894089262933, 7638294.030416587367654 ], [ 424175.632047514547594, 7638284.682800544425845 ] ] ] } },
{ "type": "Feature", "properties": { "fid": 140.0, "COMPR_M": 1043.75, "CLASSE": "06 - Acima do limite", "CD_FAZ": "400534", "TALHOES": "1, 3, 4", "FAZ_tAL": "400534001, 400534003, 400534004", "ID_LINHA": 96085 }, "geometry": { "type": "MultiLineString", "coordinates": [ [ [ 424205.516866067657247, 7638255.293850639835 ], [ 424228.725112253974658, 7638235.418172432109714 ], [ 424257.860750331659801, 7638213.588394943624735 ], [ 424278.061086143483408, 7638200.188143773004413 ], [ 424309.392354986048304, 7638181.879075031727552 ], [ 424341.692473203816917, 7638165.794585533440113 ], [ 424374.71225107338978, 7638151.844756251201034 ], [ 424408.28136873076437, 7638139.877330559305847 ], [ 424442.254374309210107, 7638129.738156594336033 ], [ 424465.060843044309877, 7638123.919185834005475 ], [ 424499.409116934228223, 7638116.490591514855623 ], [ 424533.794509444851428, 7638110.479516085237265 ], [ 424568.129746464721393, 7638105.686667636036873 ], [ 424602.354886415880173, 7638101.907007032074034 ], [ 424636.409442779840901, 7638098.939582656137645 ], [ 424736.319011018087622, 7638092.251242244616151 ], [ 424768.745783321210183, 7638089.64672471024096 ], [ 424800.724016944179311, 7638086.315769608132541 ], [ 424832.255178364575841, 7638081.953291503712535 ], [ 424863.245280567673035, 7638076.27253963239491 ], [ 424893.403095294721425, 7638069.010461702942848 ], [ 424922.43320535926614, 7638059.923357623629272 ], [ 424950.070314666023478, 7638048.784972793422639 ], [ 424967.612323940382339, 7638040.110600281506777 ], [ 424976.109988292388152, 7638035.367197612300515 ], [ 424984.449245155788958, 7638030.327923305332661 ], [ 425000.671280635753646, 7638019.356126714497805 ], [ 425016.207354912650771, 7638007.253101112321019 ], [ 425030.959567763784435, 7637994.098379397764802 ], [ 425044.832379892817698, 7637979.975332516245544 ], [ 425051.409995168214664, 7637972.577606161125004 ], [ 425063.7916373143089, 7637957.164915855973959 ], [ 425075.07026540406514, 7637941.003966061398387 ], [ 425085.16418175859144, 7637924.184964201413095 ], [ 425089.740522235166281, 7637915.560966115444899 ], [ 425097.84818196418928, 7637898.03081613779068 ], [ 425101.329239240381867, 7637889.183693467639387 ], [ 425107.051350278721657, 7637871.424249455332756 ], [ 425109.895354647887871, 7637859.343032674863935 ] ] ] } },
{ "type": "Feature", "properties": { "fid": 141.0, "COMPR_M": 172.08, "CLASSE": "02 - Curta", "CD_FAZ": "400534", "TALHOES": "1", "FAZ_tAL": "400534001", "ID_LINHA": 96086 }, "geometry": { "type": "MultiLineString", "coordinates": [ [ [ 424081.399314995971508, 7638428.09668162278831 ], [ 424100.386490506643895, 7638393.077406169846654 ], [ 424112.505092399544083, 7638372.849943332374096 ], [ 424125.407471649814397, 7638352.946737717837095 ], [ 424139.14759703486925, 7638333.45003030821681 ], [ 424153.779722875915468, 7638314.444887882098556 ], [ 424169.355647509044502, 7638296.022129236720502 ], [ 424178.065979493549094, 7638286.478076227009296 ] ] ] } },
{ "type": "Feature", "properties": { "fid": 142.0, "COMPR_M": 1070.47, "CLASSE": "06 - Acima do limite", "CD_FAZ": "400534", "TALHOES": "1, 3, 4", "FAZ_tAL": "400534001, 400534003, 400534004", "ID_LINHA": 96087 }, "geometry": { "type": "MultiLineString", "coordinates": [ [ [ 424189.81242384534562, 7638274.380314517766237 ], [ 424212.142750320141204, 7638253.33802867308259 ], [ 424240.099450288398657, 7638230.294986426830292 ], [ 424269.546056201856118, 7638209.27116772159934 ], [ 424300.306669887388125, 7638190.345067892223597 ], [ 424332.144941305043176, 7638173.611481253057718 ], [ 424364.77637893462088, 7638159.042062906548381 ], [ 424398.02139988145791, 7638146.490816286765039 ], [ 424431.727365529513918, 7638135.806087201461196 ], [ 424465.758401959610637, 7638126.837046507745981 ], [ 424499.982263909711037, 7638119.435401057824492 ], [ 424534.257720071240328, 7638113.443589501082897 ], [ 424568.499278275645338, 7638108.663856267929077 ], [ 424602.64725442341296, 7638104.892748809419572 ], [ 424636.641458599129692, 7638101.930609423667192 ], [ 424736.534569011942949, 7638095.243495610542595 ], [ 424769.016879085975233, 7638092.634474198333919 ], [ 424801.080733805778436, 7638089.294533990323544 ], [ 424832.726789141248446, 7638084.916070684790611 ], [ 424863.862272448837757, 7638079.208536384627223 ], [ 424894.197819875262212, 7638071.90347683057189 ], [ 424923.437840405211318, 7638062.7504229452461 ], [ 424951.31471259862883, 7638051.515105042606592 ], [ 424969.030416627647355, 7638042.754757457412779 ], [ 424977.617328963067848, 7638037.96153649687767 ], [ 424986.044681804254651, 7638032.869027255102992 ], [ 425002.434957869409118, 7638021.783466292545199 ], [ 425018.128932837862521, 7638009.55744850076735 ], [ 425033.029385938483756, 7637996.270546682178974 ], [ 425047.041288699489087, 7637982.005897526629269 ], [ 425053.685117778135464, 7637974.533701694570482 ], [ 425066.19257910567103, 7637958.964370658621192 ], [ 425077.588065597228706, 7637942.635941047221422 ], [ 425087.789401703514159, 7637925.637897696346045 ], [ 425092.415821799484547, 7637916.919525834731758 ], [ 425100.618178760632873, 7637899.184342406690121 ], [ 425104.143703440960962, 7637890.224205629900098 ], [ 425109.945965321036056, 7637872.215412857010961 ], [ 425112.903240247862414, 7637859.597732070833445 ] ] ] } },
{ "type": "Feature", "properties": { "fid": 143.0, "COMPR_M": 1263.22, "CLASSE": "06 - Acima do limite", "CD_FAZ": "400534", "TALHOES": "1, 3, 4", "FAZ_tAL": "400534001, 400534003, 400534004", "ID_LINHA": 96088 }, "geometry": { "type": "MultiLineString", "coordinates": [ [ [ 424082.883356605248991, 7638431.791448253206909 ], [ 424102.985102123173419, 7638394.576671868562698 ], [ 424115.051677481504157, 7638374.436010241508484 ], [ 424127.893574510118924, 7638354.626064085401595 ], [ 424141.563735014467966, 7638335.228591419756413 ], [ 424156.115364379948005, 7638316.327958685345948 ], [ 424179.692295464279596, 7638289.118574162013829 ], [ 424205.226908960728906, 7638263.653716161847115 ], [ 424223.220100113248918, 7638247.730156552046537 ], [ 424241.925903544703033, 7638232.675168829038739 ], [ 424271.204542069637682, 7638211.771286763250828 ], [ 424291.460901890008245, 7638198.988645037636161 ], [ 424312.242218100000173, 7638187.159492578357458 ], [ 424333.452984466508497, 7638176.311489859595895 ], [ 424355.017527640797198, 7638166.418851620517671 ], [ 424376.883887431817129, 7638157.438258996233344 ], [ 424399.002799833018798, 7638149.3258794574067 ], [ 424421.331088892475236, 7638142.037233429960907 ], [ 424443.828558194159996, 7638135.528167197480798 ], [ 424466.455960876191966, 7638129.754907179623842 ], [ 424489.174911259848159, 7638124.674108304083347 ], [ 424534.720930697512813, 7638116.407662918791175 ], [ 424557.491874339000788, 7638113.108450891450047 ], [ 424591.594805358152371, 7638109.033441051840782 ], [ 424636.873474418767728, 7638104.921636193990707 ], [ 424758.4850164296804, 7638096.559510593302548 ], [ 424790.76421599520836, 7638093.490661690011621 ], [ 424822.654795551905409, 7638089.478536486625671 ], [ 424854.122535431291908, 7638084.222055265679955 ], [ 424884.925371939432807, 7638077.441383425146341 ], [ 424914.761359829397406, 7638068.873558811843395 ], [ 424943.350128490827046, 7638058.272067623212934 ], [ 424961.594233023002744, 7638049.957227231934667 ], [ 424979.124669634504244, 7638040.555875380523503 ], [ 424987.640118452720344, 7638035.410131202079356 ], [ 425004.19863510428695, 7638024.210805871523917 ], [ 425020.050510762433987, 7638011.861795894801617 ], [ 425035.099204114754684, 7637998.442713968455791 ], [ 425049.250197507441044, 7637984.036462539806962 ], [ 425055.960240387474187, 7637976.489797225221992 ], [ 425068.593520896800328, 7637960.763825468719006 ], [ 425080.105865789286327, 7637944.267916029319167 ], [ 425090.414621650066692, 7637927.090831194072962 ], [ 425095.091121365199797, 7637918.278085554018617 ], [ 425103.388175556785427, 7637900.337868675589561 ], [ 425106.958167641074397, 7637891.264717792160809 ], [ 425112.840580361662433, 7637873.006576261483133 ], [ 425115.914495329139754, 7637859.835433594882488 ] ] ] } },
{ "type": "Feature", "properties": { "fid": 144.0, "COMPR_M": 1267.04, "CLASSE": "06 - Acima do limite", "CD_FAZ": "400534", "TALHOES": "1, 3, 4", "FAZ_tAL": "400534001, 400534003, 400534004", "ID_LINHA": 96089 }, "geometry": { "type": "MultiLineString", "coordinates": [ [ [ 424084.367398214060813, 7638435.486214882694185 ], [ 424094.284254981088452, 7638416.388508835807443 ], [ 424105.583713741856627, 7638396.075937563553452 ], [ 424117.598262563347816, 7638376.022077152505517 ], [ 424130.379677368677221, 7638356.305390454828739 ], [ 424143.979872994474135, 7638337.00715253315866 ], [ 424158.451005885493942, 7638318.211029490455985 ], [ 424181.886655203823466, 7638291.164577648974955 ], [ 424207.267808365344536, 7638265.852806691080332 ], [ 424234.368357309955172, 7638242.429927590303123 ], [ 424263.00624082115246, 7638220.973144812509418 ], [ 424282.864391501410864, 7638207.799894224852324 ], [ 424303.274974751402624, 7638195.559836007654667 ], [ 424324.166070531704463, 7638184.284539863467216 ], [ 424345.445272095501423, 7638173.975369797088206 ], [ 424367.055903703556396, 7638164.592489782720804 ], [ 424388.947674826486036, 7638156.092984557151794 ], [ 424411.074266445473768, 7638148.433375389315188 ], [ 424433.39494227420073, 7638141.569906720891595 ], [ 424455.870109740120824, 7638135.45924761146307 ], [ 424489.788136272749398, 7638127.610839563421905 ], [ 424535.184141325007658, 7638119.371736332774162 ], [ 424557.890804940077942, 7638116.081847643479705 ], [ 424591.911052985000424, 7638112.016751788556576 ], [ 424637.105490237649065, 7638107.912662960588932 ], [ 424758.734230158501305, 7638099.549158610403538 ], [ 424791.08909156388836, 7638096.473057812079787 ], [ 424823.084892631391995, 7638092.447614166885614 ], [ 424854.687501702806912, 7638087.168488167226315 ], [ 424885.657237009727396, 7638080.350913275964558 ], [ 424915.692533388617449, 7638071.725635119713843 ], [ 424944.511563541891519, 7638061.038477219641209 ], [ 424962.924295857548714, 7638052.646703478880227 ], [ 424980.632010304718278, 7638043.150214264169335 ], [ 424989.235555101069622, 7638037.95123515278101 ], [ 425005.962312337826006, 7638026.638145448639989 ], [ 425021.972088686947245, 7638014.166143283247948 ], [ 425037.16902229108382, 7638000.614881251938641 ], [ 425051.459106314694509, 7637986.067027552053332 ], [ 425058.235362997686025, 7637978.445892754942179 ], [ 425070.994462687871419, 7637962.563280272297561 ], [ 425082.623665981460363, 7637945.899891012348235 ], [ 425093.03984159626998, 7637928.543764691799879 ], [ 425097.766420930915046, 7637919.636645275168121 ], [ 425106.158172352123074, 7637901.491394944489002 ], [ 425109.772631841362454, 7637892.305229953490198 ], [ 425115.735195403744001, 7637873.797739663161337 ], [ 425118.929277106362861, 7637860.055344170890749 ] ] ] } },
{ "type": "Feature", "properties": { "fid": 145.0, "COMPR_M": 1270.89, "CLASSE": "06 - Acima do limite", "CD_FAZ": "400534", "TALHOES": "1, 3, 4", "FAZ_tAL": "400534001, 400534003, 400534004", "ID_LINHA": 96090 }, "geometry": { "type": "MultiLineString", "coordinates": [ [ [ 424085.858556539053097, 7638439.198699751868844 ], [ 424096.92745179409394, 7638417.807658871635795 ], [ 424108.182325360015966, 7638397.575203258544207 ], [ 424126.407342568621971, 7638367.748472183942795 ], [ 424139.526538639387581, 7638348.327033488079906 ], [ 424153.480589666694868, 7638329.37119987141341 ], [ 424176.086907763849013, 7638301.997267192229629 ], [ 424200.700029158906545, 7638276.233740104362369 ], [ 424218.107684192480519, 7638260.078266276046634 ], [ 424236.249438994796947, 7638244.76717930752784 ], [ 424264.72140431770822, 7638223.434728099033237 ], [ 424284.465493288007565, 7638210.337144372984767 ], [ 424304.759127184341196, 7638198.167220061644912 ], [ 424325.532146412646398, 7638186.955665966495872 ], [ 424346.696205059648491, 7638176.702297884970903 ], [ 424368.195666089537553, 7638167.367703221738338 ], [ 424389.980699155537877, 7638158.90965523198247 ], [ 424412.005232349270955, 7638151.285390332341194 ], [ 424434.228730646893382, 7638144.451816478744149 ], [ 424456.611788546782918, 7638138.366212716326118 ], [ 424490.40136128506856, 7638130.547570824623108 ], [ 424535.647351951687597, 7638122.33580975048244 ], [ 424558.289735542144626, 7638119.055244397372007 ], [ 424592.227300611091778, 7638115.000062517821789 ], [ 424637.337506057694554, 7638110.903689728118479 ], [ 424758.983443888020702, 7638102.538806625641882 ], [ 424791.413967133499682, 7638099.455453933216631 ], [ 424823.514989710820373, 7638095.416691850870848 ], [ 424855.252467973681632, 7638090.114921068772674 ], [ 424886.389102082699537, 7638083.26044312864542 ], [ 424916.62370694859419, 7638074.577711425721645 ], [ 424945.672998591791838, 7638063.804886817932129 ], [ 424964.254358693317045, 7638055.336179726757109 ], [ 424982.139350975048728, 7638045.744553145952523 ], [ 424990.830991749302484, 7638040.492339102551341 ], [ 425007.725989572587423, 7638029.065485026687384 ], [ 425023.893666611344088, 7638016.470490675419569 ], [ 425039.238840466947295, 7638002.787048537284136 ], [ 425053.668015121133067, 7637988.097592562437057 ], [ 425060.510485607315786, 7637980.401988288387656 ], [ 425073.395404478709679, 7637964.362735078670084 ], [ 425085.141466173867229, 7637947.531865997239947 ], [ 425095.665061542822514, 7637929.996698187664151 ], [ 425100.441720494767651, 7637920.99520499445498 ], [ 425108.928169147926383, 7637902.644921211525798 ], [ 425112.587096039904281, 7637893.345742112025619 ], [ 425118.6298104460584, 7637874.588903063908219 ], [ 425121.947650962334592, 7637860.257133945822716 ] ] ] } },
{ "type": "Feature", "properties": { "fid": 146.0, "COMPR_M": 1274.78, "CLASSE": "06 - Acima do limite", "CD_FAZ": "400534", "TALHOES": "1, 3, 4", "FAZ_tAL": "400534001, 400534003, 400534004", "ID_LINHA": 96091 }, "geometry": { "type": "MultiLineString", "coordinates": [ [ [ 424087.360709761560429, 7638442.938558236695826 ], [ 424105.091481609852053, 7638409.121212688274682 ], [ 424116.645538772572763, 7638389.095533568412066 ], [ 424128.924806644208729, 7638369.380387204699218 ], [ 424141.978909998026211, 7638350.055268425494432 ], [ 424155.85786087543238, 7638331.201410032808781 ], [ 424178.330661182990298, 7638303.9889798425138 ], [ 424202.792814280022867, 7638278.383517514914274 ], [ 424220.095995484502055, 7638262.325012143701315 ], [ 424238.130520679871552, 7638247.104431026615202 ], [ 424266.43656781304162, 7638225.896311389282346 ], [ 424286.066595072858036, 7638212.874394522048533 ], [ 424306.243279615999199, 7638200.774604119360447 ], [ 424326.898222293937579, 7638189.626792063936591 ], [ 424347.947138023562729, 7638179.429225973784924 ], [ 424369.335428474587388, 7638170.142916658893228 ], [ 424391.013723484647926, 7638161.726325907744467 ], [ 424412.936198255163617, 7638154.1374052753672 ], [ 424435.062519018712919, 7638147.333726236596704 ], [ 424457.353467353386804, 7638141.27317781932652 ], [ 424491.014586297504138, 7638133.484302083030343 ], [ 424536.110562578891404, 7638125.299883168190718 ], [ 424558.688666143862065, 7638122.028641150332987 ], [ 424592.543548237765208, 7638117.983373250812292 ], [ 424637.569521876866929, 7638113.894716497510672 ], [ 424759.232657616958022, 7638105.528454642742872 ], [ 424791.738842703285627, 7638102.437850054353476 ], [ 424823.945086789666675, 7638098.385769533924758 ], [ 424855.817434245254844, 7638093.061353970319033 ], [ 424887.120967152877711, 7638086.169972980394959 ], [ 424917.554880510782823, 7638077.429787734523416 ], [ 424946.834433641924988, 7638066.571296418085694 ], [ 424965.584421528386883, 7638058.025655971840024 ], [ 424983.646691647532862, 7638048.338892033323646 ], [ 424992.426428398175631, 7638043.033443046733737 ], [ 425009.489666806650348, 7638031.492824604734778 ], [ 425025.815244535100646, 7638018.774838066659868 ], [ 425041.308658642985392, 7638004.959215824492276 ], [ 425055.876923928910401, 7637990.128157577477396 ], [ 425062.785608216538094, 7637982.358083818107843 ], [ 425075.7963462707703, 7637966.16218988597393 ], [ 425087.659266367787495, 7637949.16384098213166 ], [ 425098.290281488967594, 7637931.449631681665778 ], [ 425103.117020060017239, 7637922.353764714673162 ], [ 425111.698165944195352, 7637903.798447478562593 ], [ 425115.401560239959508, 7637894.386254277080297 ], [ 425121.52442548784893, 7637875.380066465586424 ], [ 425124.970022397115827, 7637860.438757326453924 ] ] ] } },
{ "type": "Feature", "properties": { "fid": 147.0, "COMPR_M": 1278.68, "CLASSE": "06 - Acima do limite", "CD_FAZ": "400534", "TALHOES": "1, 3, 4", "FAZ_tAL": "400534001, 400534003, 400534004", "ID_LINHA": 96092 }, "geometry": { "type": "MultiLineString", "coordinates": [ [ [ 424088.862862984999083, 7638446.678416717797518 ], [ 424107.713240870682057, 7638410.579603042453527 ], [ 424119.219131905352697, 7638390.637369564734399 ], [ 424131.442270720377564, 7638371.012302223592997 ], [ 424144.431281356897671, 7638351.783503364771605 ], [ 424158.235132084169891, 7638333.031620193272829 ], [ 424180.574414600501768, 7638305.980692492797971 ], [ 424204.885599399742205, 7638280.53329492919147 ], [ 424222.084306775243022, 7638264.571758013218641 ], [ 424240.011602365644649, 7638249.441682744771242 ], [ 424268.151731309073512, 7638228.35789467766881 ], [ 424287.667696859920397, 7638215.411644672043622 ], [ 424307.72743204649305, 7638203.381988173350692 ], [ 424328.264298174413852, 7638192.297918164171278 ], [ 424349.198070985963568, 7638182.156154061667621 ], [ 424370.475190859287977, 7638172.918130096048117 ], [ 424392.046747812535614, 7638164.542996583506465 ], [ 424413.867164160008542, 7638156.989420220255852 ], [ 424435.896307391638402, 7638150.215635998174548 ], [ 424458.095146162610035, 7638144.180142922326922 ], [ 424491.627811310056131, 7638136.421033343300223 ], [ 424536.573773205222096, 7638128.26395658403635 ], [ 424559.087596745230258, 7638125.002037903293967 ], [ 424592.8597958641476, 7638120.966683983802795 ], [ 424648.999362383096013, 7638116.049080481752753 ], [ 424759.481871345371474, 7638108.518102657981217 ], [ 424792.063718272023834, 7638105.42024617549032 ], [ 424824.375183869153261, 7638101.354847216047347 ], [ 424856.38240051624598, 7638096.007786872796714 ], [ 424887.852832225675229, 7638089.079502831213176 ], [ 424918.486054071108811, 7638080.281864039599895 ], [ 424947.995868692290969, 7638069.337706014513969 ], [ 424966.914484364679083, 7638060.715132219716907 ], [ 424985.154032317455858, 7638050.933230916038156 ], [ 424994.021865045535378, 7638045.574546996504068 ], [ 425011.25334404129535, 7638033.920164181850851 ], [ 425027.736822460778058, 7638021.079185456968844 ], [ 425043.378476818557829, 7638007.131383107975125 ], [ 425058.085832737269811, 7637992.158722586929798 ], [ 425065.060730825876817, 7637984.314179351553321 ], [ 425078.197288062656298, 7637967.961644691415131 ], [ 425090.177066560543608, 7637950.795815965160728 ], [ 425100.91550143546192, 7637932.902565179392695 ], [ 425105.792319624742959, 7637923.712324434891343 ], [ 425114.468162739591207, 7637904.951973745599389 ], [ 425118.216024439549074, 7637895.426766437478364 ], [ 425124.419040528591722, 7637876.171229868195951 ], [ 425127.995991440664511, 7637860.602232014760375 ] ] ] } },
{ "type": "Feature", "properties": { "fid": 148.0, "COMPR_M": 1282.6, "CLASSE": "06 - Acima do limite", "CD_FAZ": "400534", "TALHOES": "1, 3, 4", "FAZ_tAL": "400534001, 400534003, 400534004", "ID_LINHA": 96093 }, "geometry": { "type": "MultiLineString", "coordinates": [ [ [ 424090.365016208146699, 7638450.418275201693177 ], [ 424110.335000130115077, 7638412.037993396632373 ], [ 424121.792725035862532, 7638392.179205561056733 ], [ 424133.95973479776876, 7638372.644217243418097 ], [ 424146.883652713382617, 7638353.511738304048777 ], [ 424160.612403293605894, 7638334.861830351874232 ], [ 424182.818168019060977, 7638307.97240514587611 ], [ 424206.97838451951975, 7638282.683072337880731 ], [ 424224.072618066216819, 7638266.818503879942 ], [ 424241.892684050952084, 7638251.77893446572125 ], [ 424269.866894806618802, 7638230.819477964192629 ], [ 424289.268798645760398, 7638217.948894822970033 ], [ 424309.211584478383884, 7638205.989372229203582 ], [ 424329.630374055937864, 7638194.969044264405966 ], [ 424350.449003950110637, 7638184.883082148618996 ], [ 424371.614953242999036, 7638175.693343533203006 ], [ 424393.079772143159062, 7638167.359667260199785 ], [ 424414.798130064387806, 7638159.841435162350535 ], [ 424436.730095762410201, 7638153.097545756027102 ], [ 424458.836824969679583, 7638147.08710802718997 ], [ 424492.241036322026048, 7638139.357764601707458 ], [ 424537.036983832134865, 7638131.228030000813305 ], [ 424559.486527346307412, 7638127.975434651598334 ], [ 424593.176043490471784, 7638123.949994717724621 ], [ 424649.216031069867313, 7638119.041253935545683 ], [ 424759.731085073784925, 7638111.507750675082207 ], [ 424792.388593841751572, 7638108.402642295695841 ], [ 424824.805280948057771, 7638104.323924894444644 ], [ 424856.947366786014754, 7638098.954219770617783 ], [ 424888.584697296377271, 7638091.989032683894038 ], [ 424919.417227632366121, 7638083.133940346539021 ], [ 424949.157303743413649, 7638072.10411561280489 ], [ 424968.244547199574299, 7638063.404608467593789 ], [ 424986.661372988775838, 7638053.527569797821343 ], [ 424995.617301694874186, 7638048.115650947205722 ], [ 425013.017021275183652, 7638036.347503757104278 ], [ 425029.658400385116693, 7638023.383532846346498 ], [ 425045.448294994886965, 7638009.303550390526652 ], [ 425060.294741543591954, 7637994.189287601038814 ], [ 425067.335853438009508, 7637986.270274882204831 ], [ 425080.598229853087105, 7637969.761099495925009 ], [ 425092.694866752193775, 7637952.427790949121118 ], [ 425103.540721381548792, 7637934.35549867618829 ], [ 425108.46761919016717, 7637925.070884151384234 ], [ 425117.238159534870647, 7637906.105500012636185 ], [ 425121.03048863937147, 7637896.467278598807752 ], [ 425127.313655572128482, 7637876.962393270805478 ], [ 425131.025122025981545, 7637860.749757830053568 ] ] ] } },
{ "type": "Feature", "properties": { "fid": 149.0, "COMPR_M": 1286.55, "CLASSE": "06 - Acima do limite", "CD_FAZ": "400534", "TALHOES": "1, 3, 4", "FAZ_tAL": "400534001, 400534003, 400534004", "ID_LINHA": 96094 }, "geometry": { "type": "MultiLineString", "coordinates": [ [ [ 424091.869923874386586, 7638454.164991325698793 ], [ 424102.20033043337753, 7638433.530105276964605 ], [ 424112.956759389431681, 7638413.496383752673864 ], [ 424124.366318167420104, 7638393.72104155831039 ], [ 424136.477198873704765, 7638374.276132264174521 ], [ 424149.336024072137661, 7638355.239973241463304 ], [ 424162.989674501703121, 7638336.692040513269603 ], [ 424185.061921437270939, 7638309.964117797091603 ], [ 424209.071169639239088, 7638284.832849750295281 ], [ 424226.060929356724955, 7638269.065249745734036 ], [ 424243.773765736317728, 7638254.116186183877289 ], [ 424271.582058301602956, 7638233.281061254441738 ], [ 424290.86990043183323, 7638220.486144972965121 ], [ 424310.695736911089625, 7638208.596756286919117 ], [ 424330.996449935890269, 7638197.640170365571976 ], [ 424351.699936914665159, 7638187.610010238364339 ], [ 424372.754715627699625, 7638178.46855697222054 ], [ 424394.112796472618356, 7638170.176337936893106 ], [ 424415.729095967661124, 7638162.693450104445219 ], [ 424437.56388413492823, 7638155.979455513879657 ], [ 424459.578503776690923, 7638149.994073130190372 ], [ 424492.854261334054172, 7638142.294495861977339 ], [ 424537.500194458873011, 7638134.192103417590261 ], [ 424559.885457947617397, 7638130.948831407353282 ], [ 424593.492291115981061, 7638126.933305447921157 ], [ 424649.43269976018928, 7638122.033427385613322 ], [ 424759.980298802955076, 7638114.497398689389229 ], [ 424792.71346941171214, 7638111.385038416832685 ], [ 424825.23537802696228, 7638107.293002577498555 ], [ 424857.512333057122305, 7638101.900652674026787 ], [ 424889.316562368941959, 7638094.898562535643578 ], [ 424920.348401191120502, 7638085.986016653478146 ], [ 424950.318738794187084, 7638074.870525212958455 ], [ 424969.574610033829231, 7638066.094084713608027 ], [ 424988.168713659571949, 7638056.121908681467175 ], [ 424997.212738342117518, 7638050.656754894182086 ], [ 425014.780698510294314, 7638038.77484333794564 ], [ 425031.579978309455328, 7638025.687880235724151 ], [ 425047.518113170110155, 7638011.47571767680347 ], [ 425062.503650351194665, 7637996.219852611422539 ], [ 425069.610976046998985, 7637988.226370414718986 ], [ 425082.999171644740272, 7637971.560554303228855 ], [ 425095.212666945997626, 7637954.059765933081508 ], [ 425106.165941327344626, 7637935.808432172983885 ], [ 425111.142918755009305, 7637926.429443873465061 ], [ 425120.008156330499332, 7637907.259026281535625 ], [ 425123.844952839310281, 7637897.507790761068463 ], [ 425130.208270614617504, 7637877.75355667527765 ], [ 425134.057333968754392, 7637860.881739265285432 ] ] ] } },
{ "type": "Feature", "properties": { "fid": 150.0, "COMPR_M": 1290.54, "CLASSE": "06 - Acima do limite", "CD_FAZ": "400534", "TALHOES": "1, 3, 4", "FAZ_tAL": "400534001, 400534003, 400534004", "ID_LINHA": 96095 }, "geometry": { "type": "MultiLineString", "coordinates": [ [ [ 424093.390368220745586, 7638457.950388581492007 ], [ 424104.863578998483717, 7638434.911247710697353 ], [ 424115.57851864938857, 7638414.954774108715355 ], [ 424126.939911298744846, 7638395.262877557426691 ], [ 424138.994662950804923, 7638375.908047283999622 ], [ 424151.788395428447984, 7638356.968208180740476 ], [ 424165.366945710440632, 7638338.522250672802329 ], [ 424187.305674855189864, 7638311.955830448307097 ], [ 424211.16395475959871, 7638286.982627160847187 ], [ 424228.049240647349507, 7638271.311995616182685 ], [ 424245.654847421857994, 7638256.453437902033329 ], [ 424273.297221797984093, 7638235.742644542828202 ], [ 424292.4710022181971, 7638223.023395121097565 ], [ 424312.17988934321329, 7638211.204140340909362 ], [ 424332.362525816308334, 7638200.311296466737986 ], [ 424352.950869879045058, 7638190.336938327178359 ], [ 424373.894478013447952, 7638181.243770405650139 ], [ 424395.145820801379159, 7638172.993008609861135 ], [ 424416.660061873728409, 7638165.545465047471225 ], [ 424438.397672507970128, 7638158.861365271732211 ], [ 424460.320182584226131, 7638152.90103823505342 ], [ 424493.467486346838996, 7638145.231227122247219 ], [ 424537.963405084912665, 7638137.156176836229861 ], [ 424560.284388549858704, 7638133.922228158451617 ], [ 424593.808538743294775, 7638129.916616182774305 ], [ 424649.649368449347094, 7638125.025600839406252 ], [ 424760.229512532241642, 7638117.487046709284186 ], [ 424793.038344982487615, 7638114.367434540763497 ], [ 424825.665475105284713, 7638110.262080258689821 ], [ 424858.077299329044763, 7638104.847085574641824 ], [ 424890.04842744016787, 7638097.808092385530472 ], [ 424921.279574753309134, 7638088.838092962279916 ], [ 424951.480173844378442, 7638077.63693480938673 ], [ 424970.9046728698886, 7638068.783560961484909 ], [ 424989.676054330426268, 7638058.716247565113008 ], [ 424998.808174990525004, 7638053.197858843021095 ], [ 425016.544375744706485, 7638041.20218291413039 ], [ 425033.501556232920848, 7638027.992227627895772 ], [ 425049.587931346148252, 7638013.647884962148964 ], [ 425064.712559158040676, 7637998.250417625531554 ], [ 425071.88609865680337, 7637990.182465946301818 ], [ 425085.400113434880041, 7637973.360009109601378 ], [ 425097.730467138695531, 7637955.691740915179253 ], [ 425108.791161274071783, 7637937.261365670710802 ], [ 425113.818218319909647, 7637927.78800359275192 ], [ 425122.778153126651887, 7637908.412552552297711 ], [ 425126.659417038899846, 7637898.548302921466529 ], [ 425133.102885653963313, 7637878.544720076024532 ], [ 425137.092188368609641, 7637861.000390414148569 ] ] ] } },
{ "type": "Feature", "properties": { "fid": 151.0, "COMPR_M": 1294.53, "CLASSE": "06 - Acima do limite", "CD_FAZ": "400534", "TALHOES": "1, 3, 4", "FAZ_tAL": "400534001, 400534003, 400534004", "ID_LINHA": 96096 }, "geometry": { "type": "MultiLineString", "coordinates": [ [ [ 424094.910812566522509, 7638461.735785836353898 ], [ 424107.526827561785467, 7638436.292390144430101 ], [ 424118.200277909927536, 7638416.413164462894201 ], [ 424129.513504430535249, 7638396.804713552817702 ], [ 424141.512127026508097, 7638377.5399623028934 ], [ 424154.240766788308974, 7638358.696443120017648 ], [ 424167.744216919178143, 7638340.352460833266377 ], [ 424189.549428274098318, 7638313.947543099522591 ], [ 424213.256739878677763, 7638289.13240457419306 ], [ 424230.037551938090473, 7638273.558741481974721 ], [ 424247.535929106757976, 7638258.790689620189369 ], [ 424275.012385295820422, 7638238.204227833077312 ], [ 424294.072104004037101, 7638225.560645271092653 ], [ 424313.664041776151862, 7638213.811524396762252 ], [ 424333.728601696435362, 7638202.982422566972673 ], [ 424354.201802843192127, 7638193.063866413198411 ], [ 424375.034240398206748, 7638184.018983844667673 ], [ 424396.178845129674301, 7638175.809679287485778 ], [ 424417.59102777868975, 7638168.397479993291199 ], [ 424439.231460879440419, 7638161.743275031447411 ], [ 424461.061861391819548, 7638155.808003338053823 ], [ 424494.080711359041743, 7638148.167958380654454 ], [ 424538.426615712698549, 7638140.120250253006816 ], [ 424560.683319151867181, 7638136.895624912343919 ], [ 424594.124786367930938, 7638132.899926912039518 ], [ 424649.866037137981039, 7638128.017774293199182 ], [ 424760.478726260887925, 7638120.476694723591208 ], [ 424793.363220551633276, 7638117.349830662831664 ], [ 424826.095572184945922, 7638113.231157942675054 ], [ 424858.64226559898816, 7638107.793518476188183 ], [ 424890.780292511917651, 7638100.717622237280011 ], [ 424922.210748313751537, 7638091.690169267356396 ], [ 424952.64160889480263, 7638080.403344409540296 ], [ 424972.234735705249477, 7638071.473037209361792 ], [ 424991.183395000814926, 7638061.310586446896195 ], [ 425000.403611638175789, 7638055.738962793722749 ], [ 425018.308052977023181, 7638043.629522492177784 ], [ 425035.423134158481844, 7638030.296575018204749 ], [ 425051.657749520963989, 7638015.820052246563137 ], [ 425066.92146796482848, 7638000.280982636846602 ], [ 425074.161221266142093, 7637992.13856147788465 ], [ 425087.801055226183962, 7637975.159463915973902 ], [ 425100.248267330869567, 7637957.323715901002288 ], [ 425111.416381219809409, 7637938.714299164712429 ], [ 425116.493517884984612, 7637929.146563310176134 ], [ 425125.548149922629818, 7637909.566078816540539 ], [ 425129.473881238605827, 7637899.588815085589886 ], [ 425135.997500697441865, 7637879.335883477702737 ], [ 425140.129276565567125, 7637861.107772830873728 ] ] ] } },
{ "type": "Feature", "properties": { "fid": 152.0, "COMPR_M": 1298.54, "CLASSE": "06 - Acima do limite", "CD_FAZ": "400534", "TALHOES": "1, 3, 4", "FAZ_tAL": "400534001, 400534003, 400534004", "ID_LINHA": 96097 }, "geometry": { "type": "MultiLineString", "coordinates": [ [ [ 424096.431256912997924, 7638465.521183089353144 ], [ 424110.190076124679763, 7638437.673532579094172 ], [ 424120.822037168429233, 7638417.87155481800437 ], [ 424132.087097562034614, 7638398.346549547277391 ], [ 424144.029591102618724, 7638379.171877322718501 ], [ 424156.693138145143166, 7638360.424678058363497 ], [ 424170.121488127973862, 7638342.182670991867781 ], [ 424191.793181692017242, 7638315.939255752600729 ], [ 424215.349524997058325, 7638291.282181985676289 ], [ 424232.025863228423987, 7638275.805487349629402 ], [ 424249.417010791890789, 7638261.127941342070699 ], [ 424276.727548791794106, 7638240.665811122395098 ], [ 424295.673205790051725, 7638228.097895422950387 ], [ 424315.148194207868073, 7638216.418908452615142 ], [ 424335.094677577610128, 7638205.653548666276038 ], [ 424355.45273580646608, 7638195.790794502943754 ], [ 424376.174002783256583, 7638186.794197281822562 ], [ 424397.211869459308218, 7638178.626349964179099 ], [ 424418.521993683185428, 7638171.249494938179851 ], [ 424440.065249251958448, 7638164.625184788368642 ], [ 424461.803540197899565, 7638158.71496844291687 ], [ 424494.693936372059397, 7638151.104689640924335 ], [ 424538.889826339029241, 7638143.084323667921126 ], [ 424561.082249753409997, 7638139.869021665304899 ], [ 424594.441033995593898, 7638135.883237646892667 ], [ 424650.082705826906022, 7638131.009947745129466 ], [ 424760.727939989650622, 7638123.466342739760876 ], [ 424793.688096121011768, 7638120.332226783037186 ], [ 424826.525669264665339, 7638116.200235622003675 ], [ 424859.207231870968826, 7638110.739951376803219 ], [ 424891.512157583609223, 7638103.627152090892196 ], [ 424923.141921874310356, 7638094.542245574295521 ], [ 424943.70807947247522, 7638087.234107507392764 ], [ 424953.803043946158141, 7638083.169754005037248 ], [ 424973.564798540552147, 7638074.162513455376029 ], [ 424992.690735670621507, 7638063.904925331473351 ], [ 425001.999048286466859, 7638058.28006673976779 ], [ 425020.071730211260729, 7638046.056862068362534 ], [ 425037.344712082587648, 7638032.60092241037637 ], [ 425053.727567697933409, 7638017.992219531908631 ], [ 425069.130376772838645, 7638002.311547650024295 ], [ 425076.436343875597231, 7637994.094657009467483 ], [ 425090.201997017953545, 7637976.958918722346425 ], [ 425102.766067523276433, 7637958.955690883100033 ], [ 425114.041601165896282, 7637940.167232660576701 ], [ 425119.168817450059578, 7637930.505123032256961 ], [ 425128.318146718374919, 7637910.719605088233948 ], [ 425132.288345438544638, 7637900.629327245987952 ], [ 425138.892115739232395, 7637880.127046879380941 ], [ 425143.168424135772511, 7637861.204766432754695 ] ] ] } },
{ "type": "Feature", "properties": { "fid": 153.0, "COMPR_M": 1302.56, "CLASSE": "06 - Acima do limite", "CD_FAZ": "400534", "TALHOES": "1, 3, 4", "FAZ_tAL": "400534001, 400534003, 400534004", "ID_LINHA": 96098 }, "geometry": { "type": "MultiLineString", "coordinates": [ [ [ 424097.953271277830936, 7638469.310489162802696 ], [ 424107.779766366817057, 7638449.009083135053515 ], [ 424118.073026292899158, 7638429.160859160125256 ], [ 424128.971218303311616, 7638409.569328823126853 ], [ 424140.517528300581034, 7638390.296679338440299 ], [ 424152.754603108216543, 7638371.419327780604362 ], [ 424165.725114812143147, 7638353.01420253328979 ], [ 424179.471779424289707, 7638335.158666724339128 ], [ 424194.03693511034362, 7638317.930968401953578 ], [ 424217.442310118116438, 7638293.431959396228194 ], [ 424234.014174518175423, 7638278.052233219146729 ], [ 424251.298092477722093, 7638263.465193060226738 ], [ 424278.442712289222982, 7638243.12739440985024 ], [ 424297.274307575658895, 7638230.635145572945476 ], [ 424316.632346639642492, 7638219.026292508468032 ], [ 424336.460753458552063, 7638208.324674766510725 ], [ 424356.703668771544471, 7638198.517722588963807 ], [ 424377.313765167375095, 7638189.569410718977451 ], [ 424398.244893788418267, 7638181.443020639941096 ], [ 424419.452959587913938, 7638174.101509878411889 ], [ 424440.899037624301855, 7638167.507094547152519 ], [ 424462.545219005201943, 7638161.621933546848595 ], [ 424495.307161384494975, 7638154.04142089933157 ], [ 424539.353036965243518, 7638146.048397084698081 ], [ 424561.481180354719982, 7638142.842418417334557 ], [ 424594.757281621859875, 7638138.86654837988317 ], [ 424650.299374515307136, 7638134.002121198922396 ], [ 424760.977153718471527, 7638126.455990755930543 ], [ 424794.01297169062309, 7638123.31462290417403 ], [ 424826.955766344326548, 7638119.169313305988908 ], [ 424859.772198141028639, 7638113.686384277418256 ], [ 424892.244022654485889, 7638106.53668194450438 ], [ 424924.073095433763228, 7638097.394321881234646 ], [ 424944.789522542036138, 7638090.032722836360335 ], [ 424954.964478996291291, 7638085.936163603328168 ], [ 424974.894861375098117, 7638076.851989704184234 ], [ 424994.198076341825072, 7638066.499264216050506 ], [ 425003.594484935281798, 7638060.821170689538121 ], [ 425021.835407446022145, 7638048.484201647341251 ], [ 425039.266290006053168, 7638034.905269801616669 ], [ 425055.797385873738676, 7638020.164386818185449 ], [ 425071.339285580208525, 7638004.342112662270665 ], [ 425078.711466486507561, 7637996.050752540118992 ], [ 425092.602938808966428, 7637978.758373527787626 ], [ 425105.283867716498207, 7637960.587665867060423 ], [ 425116.666821113554761, 7637941.620166160166264 ], [ 425121.844117014552467, 7637931.863682750612497 ], [ 425131.088143513945397, 7637911.873131354339421 ], [ 425138.677625515498221, 7637891.346876511350274 ], [ 425141.786730780499056, 7637880.918210282921791 ], [ 425146.209243179997429, 7637861.293328022584319 ] ] ] } },
{ "type": "Feature", "properties": { "fid": 154.0, "COMPR_M": 1307.7, "CLASSE": "06 - Acima do limite", "CD_FAZ": "400534", "TALHOES": "1, 3, 4", "FAZ_tAL": "400534001, 400534003, 400534004", "ID_LINHA": 96099 }, "geometry": { "type": "MultiLineString", "coordinates": [ [ [ 424099.492145956377499, 7638473.141771777532995 ], [ 424110.461957577732392, 7638450.353059770539403 ], [ 424120.716223106137477, 7638430.580009194090962 ], [ 424131.569829921121709, 7638411.068594518117607 ], [ 424143.064113381435163, 7638391.882746247574687 ], [ 424155.240705969219562, 7638373.098654150031507 ], [ 424168.141252793080639, 7638354.792763648554683 ], [ 424181.807420928846113, 7638337.041737526655197 ], [ 424196.280688528961036, 7638319.922681052237749 ], [ 424219.535095237777568, 7638295.581736809574068 ], [ 424236.002485810080543, 7638280.29897908680141 ], [ 424253.179174163087737, 7638265.802444778382778 ], [ 424280.157875785429496, 7638245.588977698236704 ], [ 424298.875409360800404, 7638233.172395722940564 ], [ 424318.116499071591534, 7638221.633676566183567 ], [ 424337.826829338620882, 7638210.995800866745412 ], [ 424357.954601734993048, 7638201.244650677777827 ], [ 424378.453527552541345, 7638192.34462415613234 ], [ 424399.277918117586523, 7638184.259691314771771 ], [ 424420.383925492176786, 7638176.953524824231863 ], [ 424441.732825995830353, 7638170.389004305936396 ], [ 424463.28689781378489, 7638164.528898651711643 ], [ 424495.920386396930553, 7638156.978152158670127 ], [ 424539.816247593262233, 7638149.012470502406359 ], [ 424561.880110954924021, 7638145.815815169364214 ], [ 424595.073529247951228, 7638141.849859111011028 ], [ 424650.516043205221649, 7638136.994294652715325 ], [ 424761.226367446652148, 7638129.44563877210021 ], [ 424794.337847259885166, 7638126.297019024379551 ], [ 424827.385863423405681, 7638122.138390988111496 ], [ 424860.337164411146659, 7638116.63281717710197 ], [ 424892.975887726061046, 7638109.446211795322597 ], [ 424925.004268996010069, 7638100.246398190036416 ], [ 424945.870965614216402, 7638092.831338161602616 ], [ 424956.12591404595878, 7638088.702573202550411 ], [ 424976.224924211623147, 7638079.541465949267149 ], [ 424995.705417012562975, 7638069.093603098765016 ], [ 425005.189921583980322, 7638063.362274635583162 ], [ 425023.599084680783562, 7638050.911541223526001 ], [ 425041.187867932021618, 7638037.209617190994322 ], [ 425057.867204049718566, 7638022.336554100736976 ], [ 425073.548194386763498, 7638006.372677675448358 ], [ 425080.986589094914962, 7637998.006848070770502 ], [ 425095.003880599222612, 7637980.557828333228827 ], [ 425107.80166790925432, 7637962.219640851952136 ], [ 425119.292041059525218, 7637943.073099656030536 ], [ 425124.519416579860263, 7637933.222242470830679 ], [ 425133.858140310039744, 7637913.026657622307539 ], [ 425141.533877735142596, 7637892.266717797145247 ], [ 425147.333194017410278, 7637871.051824770867825 ], [ 425149.4630532998126, 7637860.307423526421189 ] ] ] } },
{ "type": "Feature", "properties": { "fid": 158.0, "COMPR_M": 113.22, "CLASSE": "02 - Curta", "CD_FAZ": "400534", "TALHOES": "1", "FAZ_tAL": "400534001", "ID_LINHA": 96100 }, "geometry": { "type": "MultiLineString", "coordinates": [ [ [ 424469.631332981865853, 7638568.005111907608807 ], [ 424476.947664972394705, 7638560.004358436912298 ], [ 424486.670639930700418, 7638551.619610849767923 ], [ 424498.221953224448953, 7638543.770800872705877 ], [ 424508.730768200824969, 7638538.112643303349614 ], [ 424522.38352343859151, 7638532.20294301956892 ], [ 424534.892731768486556, 7638527.751362857408822 ], [ 424549.298878488712944, 7638523.458877502940595 ], [ 424569.11882955103647, 7638518.677576857618988 ] ] ] } },
{ "type": "Feature", "properties": { "fid": 159.0, "COMPR_M": 130.11, "CLASSE": "02 - Curta", "CD_FAZ": "400534", "TALHOES": "1", "FAZ_tAL": "400534001", "ID_LINHA": 96101 }, "geometry": { "type": "MultiLineString", "coordinates": [ [ [ 424463.685849602567032, 7638570.746327443048358 ], [ 424471.542140824953094, 7638561.237037736922503 ], [ 424480.579841340135317, 7638552.67068409267813 ], [ 424491.783162491279654, 7638544.2871188018471 ], [ 424504.488086790661328, 7638536.87318510748446 ], [ 424521.297705258242786, 7638529.406191647052765 ], [ 424538.604261820204556, 7638523.428673385642469 ], [ 424559.231296740006655, 7638517.830376805737615 ], [ 424577.284846197813749, 7638513.945856777951121 ] ] ] } },
{ "type": "Feature", "properties": { "fid": 160.0, "COMPR_M": 146.14, "CLASSE": "02 - Curta", "CD_FAZ": "400534", "TALHOES": "1", "FAZ_tAL": "400534001", "ID_LINHA": 96102 }, "geometry": { "type": "MultiLineString", "coordinates": [ [ [ 424458.116495531518012, 7638573.314125370234251 ], [ 424467.774852143949829, 7638560.919911848381162 ], [ 424476.588151984266005, 7638552.155229098163545 ], [ 424490.124676622333936, 7638541.786999762989581 ], [ 424503.122010909661185, 7638534.202059008181095 ], [ 424520.211887080396991, 7638526.609440272673965 ], [ 424537.722508641774766, 7638520.561068577691913 ], [ 424558.533737825171556, 7638514.912516131997108 ], [ 424584.994220198539551, 7638509.478733900003135 ] ] ] } },
{ "type": "Feature", "properties": { "fid": 161.0, "COMPR_M": 161.57, "CLASSE": "02 - Curta", "CD_FAZ": "400534", "TALHOES": "1", "FAZ_tAL": "400534001", "ID_LINHA": 96103 }, "geometry": { "type": "MultiLineString", "coordinates": [ [ [ 424452.820138713344932, 7638575.756055599078536 ], [ 424463.875450240739156, 7638560.839993672445416 ], [ 424474.599840693525039, 7638549.908483234234154 ], [ 424481.191280160215683, 7638544.479063639417291 ], [ 424488.46619075560011, 7638539.286880725063384 ], [ 424501.755935029592365, 7638531.530932907946408 ], [ 424519.126068901736289, 7638523.812688902020454 ], [ 424541.787430649448652, 7638516.21817534044385 ], [ 424563.577043313183822, 7638510.667340433225036 ], [ 424592.398929774295539, 7638505.188145903870463 ] ] ] } },
{ "type": "Feature", "properties": { "fid": 162.0, "COMPR_M": 176.57, "CLASSE": "02 - Curta", "CD_FAZ": "400534", "TALHOES": "1", "FAZ_tAL": "400534001", "ID_LINHA": 96104 }, "geometry": { "type": "MultiLineString", "coordinates": [ [ [ 424447.700999194232281, 7638578.116278291679919 ], [ 424459.74875993974274, 7638561.12716319411993 ], [ 424470.543831479037181, 7638549.535484868101776 ], [ 424477.027894715371076, 7638543.935399331152439 ], [ 424484.26233186351601, 7638538.517389071173966 ], [ 424492.049981542513706, 7638533.478796220384538 ], [ 424500.389859148534015, 7638528.85980680771172 ], [ 424518.040250722900964, 7638521.015937527641654 ], [ 424540.953642276290338, 7638513.33626558072865 ], [ 424568.894162873039022, 7638506.449172040447593 ], [ 424599.552270136773586, 7638501.043211391195655 ] ] ] } },
{ "type": "Feature", "properties": { "fid": 163.0, "COMPR_M": 191.21, "CLASSE": "02 - Curta", "CD_FAZ": "400534", "TALHOES": "1", "FAZ_tAL": "400534001", "ID_LINHA": 96105 }, "geometry": { "type": "MultiLineString", "coordinates": [ [ [ 424442.722874657367356, 7638580.411484827287495 ], [ 424455.39403318380937, 7638561.80789021961391 ], [ 424461.043591889436357, 7638554.944773893803358 ], [ 424466.48373937420547, 7638549.25547138042748 ], [ 424475.146813028841279, 7638541.598147613927722 ], [ 424482.547168367076665, 7638536.055805783718824 ], [ 424490.506988622539211, 7638530.905795058235526 ], [ 424499.023783267824911, 7638526.188680706545711 ], [ 424509.149101070710458, 7638521.422707645222545 ], [ 424521.174788965261541, 7638516.626831052824855 ], [ 424545.363418775959872, 7638508.983850997872651 ], [ 424574.491370746516623, 7638502.260641811415553 ], [ 424606.497287855716422, 7638497.018987435847521 ] ] ] } },
{ "type": "Feature", "properties": { "fid": 164.0, "COMPR_M": 205.57, "CLASSE": "02 - Curta", "CD_FAZ": "400534", "TALHOES": "1", "FAZ_tAL": "400534001", "ID_LINHA": 96106 }, "geometry": { "type": "MultiLineString", "coordinates": [ [ [ 424437.856927114480641, 7638582.654971212148666 ], [ 424450.829396429646295, 7638562.884413678199053 ], [ 424457.002079648431391, 7638555.028951998800039 ], [ 424464.39095425355481, 7638547.105693968012929 ], [ 424473.265731343068182, 7638539.26089589484036 ], [ 424480.832004869997036, 7638533.59422249160707 ], [ 424488.963995700876694, 7638528.332793893292546 ], [ 424497.657707387348637, 7638523.517554605379701 ], [ 424507.954282671737019, 7638518.670739769935608 ], [ 424520.141764636500739, 7638513.810160380788147 ], [ 424534.195495922118425, 7638509.090649330988526 ], [ 424550.063318267581053, 7638504.643815811723471 ], [ 424580.386705001001246, 7638498.101612847298384 ], [ 424613.268922329531051, 7638493.095228742808104 ] ] ] } },
{ "type": "Feature", "properties": { "fid": 165.0, "COMPR_M": 219.69, "CLASSE": "02 - Curta", "CD_FAZ": "400534", "TALHOES": "1", "FAZ_tAL": "400534001", "ID_LINHA": 96107 }, "geometry": { "type": "MultiLineString", "coordinates": [ [ [ 424433.083879518671893, 7638584.855625282973051 ], [ 424446.072958385630045, 7638564.356400841847062 ], [ 424452.74183542910032, 7638555.477950781583786 ], [ 424460.281946147733834, 7638546.96630278415978 ], [ 424468.96962745138444, 7638538.913968564942479 ], [ 424476.465304516837932, 7638533.025584235787392 ], [ 424487.421002781426068, 7638525.759792728349566 ], [ 424496.291631505941041, 7638520.846428507007658 ], [ 424506.759464272530749, 7638515.918771892786026 ], [ 424519.108740305760875, 7638510.993489704094827 ], [ 424533.313742742000613, 7638506.223044517450035 ], [ 424549.321639460278675, 7638501.736850710585713 ], [ 424579.85198117827531, 7638495.149590767920017 ], [ 424600.738816425960977, 7638491.763502437621355 ], [ 424619.895623271819204, 7638489.255450392141938 ] ] ] } },
{ "type": "Feature", "properties": { "fid": 166.0, "COMPR_M": 233.58, "CLASSE": "02 - Curta", "CD_FAZ": "400534", "TALHOES": "1", "FAZ_tAL": "400534001", "ID_LINHA": 96108 }, "geometry": { "type": "MultiLineString", "coordinates": [ [ [ 424428.414285912294872, 7638587.008581018075347 ], [ 424435.921397792350035, 7638574.280440855771303 ], [ 424443.620587028213777, 7638562.628165900707245 ], [ 424450.406193924020045, 7638553.594879977405071 ], [ 424458.137998538324609, 7638544.867539749480784 ], [ 424467.034591803676449, 7638536.621182644739747 ], [ 424474.694155346951447, 7638530.603969391435385 ], [ 424485.878009860869497, 7638523.186791567131877 ], [ 424494.925555626105051, 7638518.175302404910326 ], [ 424505.564645873790141, 7638513.166804016567767 ], [ 424518.075715977640357, 7638508.176819026470184 ], [ 424532.431989561475348, 7638503.355439708568156 ], [ 424548.579960653441958, 7638498.829885605722666 ], [ 424566.441262823645957, 7638494.702247002162039 ], [ 424586.088257230818272, 7638491.015499614179134 ], [ 424626.400587071781047, 7638485.486211465671659 ] ] ] } },
{ "type": "Feature", "properties": { "fid": 167.0, "COMPR_M": 247.32, "CLASSE": "02 - Curta", "CD_FAZ": "400534", "TALHOES": "1", "FAZ_tAL": "400534001", "ID_LINHA": 96109 }, "geometry": { "type": "MultiLineString", "coordinates": [ [ [ 424423.804889907827601, 7638589.133782138116658 ], [ 424430.623900787904859, 7638577.199525143019855 ], [ 424438.656431998184416, 7638564.541860274970531 ], [ 424445.884948348568287, 7638554.487049581483006 ], [ 424453.987262907903641, 7638544.869009852409363 ], [ 424462.669972949079238, 7638536.428008023649454 ], [ 424472.923006176482886, 7638528.182354548946023 ], [ 424484.335016939905472, 7638520.613790404982865 ], [ 424493.559479745279532, 7638515.504176305606961 ], [ 424508.386439416732173, 7638508.718956025317311 ], [ 424521.677793746930547, 7638503.708775673061609 ], [ 424536.78470041701803, 7638498.926716788671911 ], [ 424553.650825411372352, 7638494.487491416744888 ], [ 424572.198782844585367, 7638490.481403635814786 ], [ 424592.622259038093034, 7638486.916840015910566 ], [ 424632.802711716794875, 7638481.776561697944999 ] ] ] } },
{ "type": "Feature", "properties": { "fid": 168.0, "COMPR_M": 260.91, "CLASSE": "02 - Curta", "CD_FAZ": "400534", "TALHOES": "1", "FAZ_tAL": "400534001", "ID_LINHA": 96110 }, "geometry": { "type": "MultiLineString", "coordinates": [ [ [ 424419.242765555391088, 7638591.237188262864947 ], [ 424428.050307657103986, 7638575.657689144834876 ], [ 424436.170329139335081, 7638562.86253390647471 ], [ 424443.50767713971436, 7638552.656839419156313 ], [ 424451.792903168825433, 7638542.823006368242204 ], [ 424460.681661658803932, 7638534.181262155994773 ], [ 424471.151857005315833, 7638525.760739701800048 ], [ 424482.792024019814562, 7638518.040789242833853 ], [ 424492.193403864162974, 7638512.833050206303596 ], [ 424507.246677033195738, 7638505.943742588162422 ], [ 424520.696393795195036, 7638500.873712500557303 ], [ 424535.950912044732831, 7638496.044807028025389 ], [ 424552.953266493568663, 7638491.569630741141737 ], [ 424571.625635868345853, 7638487.536594091914594 ], [ 424592.159048411704134, 7638483.952766597270966 ], [ 424614.690754867566284, 7638480.812435157597065 ], [ 424639.116107195732184, 7638478.118325198069215 ] ] ] } },
{ "type": "Feature", "properties": { "fid": 169.0, "COMPR_M": 274.33, "CLASSE": "02 - Curta", "CD_FAZ": "400534", "TALHOES": "1", "FAZ_tAL": "400534001", "ID_LINHA": 96111 }, "geometry": { "type": "MultiLineString", "coordinates": [ [ [ 424414.760620558576193, 7638593.303719226270914 ], [ 424425.476714526070282, 7638574.11585315130651 ], [ 424433.684226279961877, 7638561.183207537978888 ], [ 424441.130405930802226, 7638550.826629258692265 ], [ 424449.598543429630809, 7638540.777002884075046 ], [ 424458.693350368004758, 7638531.934516287408769 ], [ 424469.380707834847271, 7638523.339124858379364 ], [ 424481.249031099316198, 7638515.467788080684841 ], [ 424490.827327983977739, 7638510.161924103274941 ], [ 424506.106914648553357, 7638503.168529151007533 ], [ 424519.714993844158016, 7638498.038649333640933 ], [ 424540.640867120760959, 7638491.613819194026291 ], [ 424558.339140798489098, 7638487.245251507498324 ], [ 424577.713085886556655, 7638483.341502458788455 ], [ 424599.018177065416239, 7638479.887323800474405 ], [ 424622.299420014081988, 7638476.883709994144738 ], [ 424645.325093554914929, 7638474.520587559789419 ] ] ] } },
{ "type": "Feature", "properties": { "fid": 170.0, "COMPR_M": 287.65, "CLASSE": "02 - Curta", "CD_FAZ": "400534", "TALHOES": "1", "FAZ_tAL": "400534001", "ID_LINHA": 96112 }, "geometry": { "type": "MultiLineString", "coordinates": [ [ [ 424410.316543626482598, 7638595.352698586881161 ], [ 424420.015719513117801, 7638577.487086752429605 ], [ 424428.50303174322471, 7638563.578274570405483 ], [ 424436.332568551704753, 7638552.213047008030117 ], [ 424445.337317961675581, 7638541.002785336226225 ], [ 424454.216636247118004, 7638531.942760643549263 ], [ 424464.753200850915164, 7638523.057422013953328 ], [ 424476.597707608656492, 7638514.807162348181009 ], [ 424489.461252102104481, 7638507.490798003971577 ], [ 424504.967152264202014, 7638500.393315711989999 ], [ 424518.73359389253892, 7638495.203586162999272 ], [ 424539.853775178547949, 7638488.718813892453909 ], [ 424557.684402984275948, 7638484.317490395158529 ], [ 424577.178362063830718, 7638480.389480380341411 ], [ 424598.588017225614749, 7638476.918279141187668 ], [ 424621.957450456684455, 7638473.90323409345001 ], [ 424651.470890518743545, 7638470.959464411251247 ] ] ] } },
{ "type": "Feature", "properties": { "fid": 171.0, "COMPR_M": 300.87, "CLASSE": "03 - Média", "CD_FAZ": "400534", "TALHOES": "1", "FAZ_tAL": "400534001", "ID_LINHA": 96113 }, "geometry": { "type": "MultiLineString", "coordinates": [ [ [ 424405.915035418409389, 7638597.382051274180412 ], [ 424417.417107895249501, 7638575.98782105743885 ], [ 424425.985567665426061, 7638561.946359550580382 ], [ 424433.916430571931414, 7638550.434485897421837 ], [ 424443.093564542301465, 7638539.011072684079409 ], [ 424452.17573684360832, 7638529.743670114316046 ], [ 424462.926747594377957, 7638520.677239609882236 ], [ 424474.996605822059792, 7638512.269912199117243 ], [ 424488.095176221802831, 7638504.819671902805567 ], [ 424503.827389879385009, 7638497.618102276697755 ], [ 424517.752193941734731, 7638492.368522994220257 ], [ 424539.066683235636447, 7638485.823808591812849 ], [ 424557.02966517029563, 7638481.389729278162122 ], [ 424583.597903768182732, 7638476.22339503467083 ], [ 424605.762477129581384, 7638472.889457947574556 ], [ 424629.860768141574226, 7638470.014039698988199 ], [ 424657.562355199363083, 7638467.429823587648571 ] ] ] } },
{ "type": "Feature", "properties": { "fid": 172.0, "COMPR_M": 313.99, "CLASSE": "03 - Média", "CD_FAZ": "400534", "TALHOES": "1", "FAZ_tAL": "400534001", "ID_LINHA": 96114 }, "geometry": { "type": "MultiLineString", "coordinates": [ [ [ 424401.570445223303977, 7638599.385161430574954 ], [ 424411.837315020035021, 7638579.752884225919843 ], [ 424420.641887301346287, 7638564.764039397239685 ], [ 424431.500292591867037, 7638548.65592478774488 ], [ 424440.849811124557164, 7638537.019360035657883 ], [ 424450.134837439691182, 7638527.544579585082829 ], [ 424461.100294337491505, 7638518.297057205811143 ], [ 424473.395504034939222, 7638509.732662049122155 ], [ 424486.729100341268349, 7638502.148545800708234 ], [ 424502.687627494859044, 7638494.842888839542866 ], [ 424521.859209102171008, 7638487.823153652250767 ], [ 424544.129887809336651, 7638481.38809498026967 ], [ 424562.761912750254851, 7638477.081859447062016 ], [ 424583.099833074491471, 7638473.26497412007302 ], [ 424605.363546528038569, 7638469.916061195544899 ], [ 424629.544520514784381, 7638467.030728965066373 ], [ 424663.593617115227971, 7638463.935066672973335 ] ] ] } },
{ "type": "Feature", "properties": { "fid": 173.0, "COMPR_M": 327.02, "CLASSE": "03 - Média", "CD_FAZ": "400534", "TALHOES": "1", "FAZ_tAL": "400534001", "ID_LINHA": 96115 }, "geometry": { "type": "MultiLineString", "coordinates": [ [ [ 424397.243795252288692, 7638601.380000093951821 ], [ 424406.181478838494513, 7638583.848213072866201 ], [ 424418.095302219502628, 7638563.177972488105297 ], [ 424426.453987521876115, 7638550.530521329492331 ], [ 424436.381967871333472, 7638537.595826983451843 ], [ 424448.093938036006875, 7638525.345489054918289 ], [ 424459.273841080197599, 7638515.916874803602695 ], [ 424471.794402249855921, 7638507.195411900058389 ], [ 424485.363024460966699, 7638499.477419704198837 ], [ 424501.547865109227132, 7638492.067675402387977 ], [ 424520.928243198664859, 7638484.971138708293438 ], [ 424543.388209000811912, 7638478.481129878200591 ], [ 424562.148687737819273, 7638474.14512818865478 ], [ 424589.842995277489536, 7638469.132399512454867 ], [ 424612.843095803167671, 7638465.926492002792656 ], [ 424637.731415257556364, 7638463.181762297637761 ], [ 424669.56671833206201, 7638460.474010421894491 ] ] ] } },
{ "type": "Feature", "properties": { "fid": 174.0, "COMPR_M": 339.97, "CLASSE": "03 - Média", "CD_FAZ": "400534", "TALHOES": "1", "FAZ_tAL": "400534001", "ID_LINHA": 96116 }, "geometry": { "type": "MultiLineString", "coordinates": [ [ [ 424392.983051827352028, 7638603.344451982527971 ], [ 424403.538282025023364, 7638582.429063038900495 ], [ 424412.60874886950478, 7638566.406673168763518 ], [ 424424.001616164227016, 7638548.802286392077804 ], [ 424434.090844340156764, 7638535.658813088200986 ], [ 424446.053038631391246, 7638523.146398527547717 ], [ 424457.447387824533507, 7638513.536692400462925 ], [ 424470.19330046424875, 7638504.658161750994623 ], [ 424483.996948579791933, 7638496.806293603032827 ], [ 424500.408102723944467, 7638489.292461964301765 ], [ 424519.997277293936349, 7638482.119123764336109 ], [ 424542.646530194091611, 7638475.57416477240622 ], [ 424561.535462725441903, 7638471.2083969283849 ], [ 424589.37978465197375, 7638466.168326096609235 ], [ 424612.473563990206458, 7638462.949303368106484 ], [ 424646.168619649717584, 7638459.375078625977039 ], [ 424675.510593765182421, 7638457.029888769611716 ] ] ] } },
{ "type": "Feature", "properties": { "fid": 175.0, "COMPR_M": 352.87, "CLASSE": "03 - Média", "CD_FAZ": "400534", "TALHOES": "1", "FAZ_tAL": "400534001", "ID_LINHA": 96117 }, "geometry": { "type": "MultiLineString", "coordinates": [ [ [ 424388.727927764644846, 7638605.306313022039831 ], [ 424397.820921031059697, 7638586.836915508843958 ], [ 424410.035155738238245, 7638564.864837171509862 ], [ 424421.549244806170464, 7638547.074051452800632 ], [ 424431.799720809620339, 7638533.721799198538065 ], [ 424444.012139227648731, 7638520.947307997383177 ], [ 424455.620934567705262, 7638511.15650999546051 ], [ 424468.592198676778935, 7638502.120911602862179 ], [ 424482.630872698849998, 7638494.13516750279814 ], [ 424499.268340338836424, 7638486.517248528078198 ], [ 424519.066311387927271, 7638479.267108824104071 ], [ 424541.90485138783697, 7638472.667199669405818 ], [ 424560.922237713006325, 7638468.27166566811502 ], [ 424581.605620997375809, 7638464.389711369760334 ], [ 424612.104032178875059, 7638459.972114738076925 ], [ 424645.898288308992051, 7638456.387264486402273 ], [ 424681.415112217655405, 7638453.608572142198682 ] ] ] } },
{ "type": "Feature", "properties": { "fid": 176.0, "COMPR_M": 365.7, "CLASSE": "03 - Média", "CD_FAZ": "400534", "TALHOES": "1", "FAZ_tAL": "400534001", "ID_LINHA": 96118 }, "geometry": { "type": "MultiLineString", "coordinates": [ [ [ 424384.535442065738607, 7638607.239294108003378 ], [ 424395.157672469213139, 7638585.455773072317243 ], [ 424407.461562606040388, 7638563.323001173324883 ], [ 424419.096873447706457, 7638545.345816513523459 ], [ 424429.50859727920033, 7638531.784785307943821 ], [ 424441.971239823556971, 7638518.748217470012605 ], [ 424453.794481311168056, 7638508.776327593252063 ], [ 424466.991096892044879, 7638499.583661452867091 ], [ 424481.264796818257309, 7638491.46404140163213 ], [ 424498.128577955299988, 7638483.742035089991987 ], [ 424518.135345484071877, 7638476.415093878284097 ], [ 424541.163172579486854, 7638469.76023456454277 ], [ 424567.040460063377395, 7638463.978117734193802 ], [ 424588.453363397682551, 7638460.24017926491797 ], [ 424619.905633111600764, 7638456.020378686487675 ], [ 424654.598488223215099, 7638452.619761120527983 ], [ 424687.291039659408852, 7638450.203822302632034 ] ] ] } },
{ "type": "Feature", "properties": { "fid": 177.0, "COMPR_M": 378.5, "CLASSE": "03 - Média", "CD_FAZ": "400534", "TALHOES": "1", "FAZ_tAL": "400534001", "ID_LINHA": 96119 }, "geometry": { "type": "MultiLineString", "coordinates": [ [ [ 424380.343309326097369, 7638609.172112463973463 ], [ 424392.494423903583083, 7638584.074630638584495 ], [ 424404.887969475588761, 7638561.781165178865194 ], [ 424416.644502090057358, 7638543.617581576108932 ], [ 424427.21747374755796, 7638529.847771416418254 ], [ 424439.930340419756249, 7638516.549126943573356 ], [ 424451.968028054921888, 7638506.396145191043615 ], [ 424465.389995106088463, 7638497.04641130194068 ], [ 424479.898720937955659, 7638488.792915303260088 ], [ 424496.988815570715815, 7638480.966821651905775 ], [ 424517.204379579750821, 7638473.563078933395445 ], [ 424540.421493772999384, 7638466.853269461542368 ], [ 424566.467313087487128, 7638461.033308192156255 ], [ 424587.990152770245913, 7638457.276105849072337 ], [ 424619.563663552806247, 7638453.039902782067657 ], [ 424654.348349559819326, 7638449.630191901698709 ], [ 424693.153884484898299, 7638446.806653060019016 ] ] ] } },
{ "type": "Feature", "properties": { "fid": 178.0, "COMPR_M": 391.23, "CLASSE": "03 - Média", "CD_FAZ": "400534", "TALHOES": "1", "FAZ_tAL": "400534001", "ID_LINHA": 96120 }, "geometry": { "type": "MultiLineString", "coordinates": [ [ [ 424376.210913821938448, 7638611.07738845422864 ], [ 424386.727652366214897, 7638588.782653311267495 ], [ 424399.226826568017714, 7638565.492961188778281 ], [ 424411.30930054053897, 7638546.069270210340619 ], [ 424422.378495873243082, 7638530.998030330054462 ], [ 424435.091962575097568, 7638517.008810203522444 ], [ 424446.930587749346159, 7638506.539371829479933 ], [ 424463.78889331954997, 7638494.509161153808236 ], [ 424478.532645056664478, 7638486.121789202094078 ], [ 424495.849053184385411, 7638478.191608213819563 ], [ 424516.273413674789481, 7638470.711063990369439 ], [ 424539.679814964300022, 7638463.946304358541965 ], [ 424565.894166111829691, 7638458.088498648256063 ], [ 424595.146738506504335, 7638453.165921866893768 ], [ 424627.647034756897483, 7638449.130864568054676 ], [ 424663.323277841322124, 7638445.898687787353992 ], [ 424698.989715767209418, 7638443.425136556848884 ] ] ] } },
{ "type": "Feature", "properties": { "fid": 179.0, "COMPR_M": 403.96, "CLASSE": "03 - Média", "CD_FAZ": "400534", "TALHOES": "1", "FAZ_tAL": "400534001", "ID_LINHA": 96121 }, "geometry": { "type": "MultiLineString", "coordinates": [ [ [ 424372.078518318070564, 7638612.982664450071752 ], [ 424384.045461153786164, 7638587.43867667298764 ], [ 424396.628214951022528, 7638563.993695491924882 ], [ 424408.823197678895667, 7638544.38994384277612 ], [ 424420.042854367115069, 7638529.114959525875747 ], [ 424432.99917745712446, 7638514.859032792970538 ], [ 424445.049506064038724, 7638504.202120109461248 ], [ 424462.187791534524877, 7638491.971911001950502 ], [ 424477.166569175722543, 7638483.450663101859391 ], [ 424494.709290800266899, 7638475.416394775733352 ], [ 424515.342447769944556, 7638467.859049048274755 ], [ 424538.938136158161797, 7638461.039339252747595 ], [ 424565.321019135823008, 7638455.143689101561904 ], [ 424594.716578664840199, 7638450.196877205744386 ], [ 424627.330787129525561, 7638446.147553836926818 ], [ 424663.091262021916918, 7638442.907661017030478 ], [ 424704.821878393122461, 7638440.045745816081762 ] ] ] } },
{ "type": "Feature", "properties": { "fid": 180.0, "COMPR_M": 416.63, "CLASSE": "03 - Média", "CD_FAZ": "400534", "TALHOES": "1", "FAZ_tAL": "400534001", "ID_LINHA": 96122 }, "geometry": { "type": "MultiLineString", "coordinates": [ [ [ 424367.994743117422331, 7638614.865523639135063 ], [ 424381.363269942637999, 7638586.094700037501752 ], [ 424394.029603332746774, 7638562.494429796934128 ], [ 424406.337094820803031, 7638542.710617472417653 ], [ 424417.707212863722816, 7638527.231888723559678 ], [ 424430.906392337055877, 7638512.70925538148731 ], [ 424443.168424379313365, 7638501.864868391305208 ], [ 424460.586689748219214, 7638489.434660853818059 ], [ 424475.800493295071647, 7638480.779537001624703 ], [ 424493.569528416497633, 7638472.641181338578463 ], [ 424514.411481865274254, 7638465.007034105248749 ], [ 424538.196457351150457, 7638458.13237414881587 ], [ 424564.747872160747647, 7638452.19887956045568 ], [ 424594.286418825853616, 7638447.227832547388971 ], [ 424627.014539504656568, 7638443.164243103936315 ], [ 424662.85924620233709, 7638439.916634247638285 ], [ 424710.643853035056964, 7638436.672258412465453 ] ] ] } },
{ "type": "Feature", "properties": { "fid": 182.0, "COMPR_M": 429.3, "CLASSE": "03 - Média", "CD_FAZ": "400534", "TALHOES": "1", "FAZ_tAL": "400534001", "ID_LINHA": 96123 }, "geometry": { "type": "MultiLineString", "coordinates": [ [ [ 424363.91823726129951, 7638616.745031237602234 ], [ 424375.558077813824639, 7638591.091486393474042 ], [ 424388.241481680888683, 7638566.627371029928327 ], [ 424400.810926901991479, 7638545.627209354192019 ], [ 424406.835016658529639, 7638536.704641819000244 ], [ 424415.371571359806694, 7638525.34881791844964 ], [ 424428.813607216870878, 7638510.559477968141437 ], [ 424441.287342693423852, 7638499.527616672217846 ], [ 424458.985587962088175, 7638486.897410701960325 ], [ 424474.434417414711788, 7638478.108410900458694 ], [ 424487.64236989535857, 7638471.887285875156522 ], [ 424497.409705318394117, 7638467.877661434933543 ], [ 424519.205691861745436, 7638460.341367532499135 ], [ 424543.88500058313366, 7638453.637441981583834 ], [ 424571.296400012273807, 7638447.917237522080541 ], [ 424601.773171113105491, 7638443.155490422621369 ], [ 424635.392471201135777, 7638439.295828066766262 ], [ 424672.182912102842238, 7638436.211639946326613 ], [ 424716.465580018935725, 7638433.298914507962763 ] ] ] } },
{ "type": "Feature", "properties": { "fid": 184.0, "COMPR_M": 441.95, "CLASSE": "03 - Média", "CD_FAZ": "400534", "TALHOES": "1", "FAZ_tAL": "400534001", "ID_LINHA": 96124 }, "geometry": { "type": "MultiLineString", "coordinates": [ [ [ 424359.873974048125092, 7638618.609673090279102 ], [ 424372.85797771147918, 7638589.783870945684612 ], [ 424385.619722421979532, 7638565.168980676680803 ], [ 424398.293462825356983, 7638543.995294332504272 ], [ 424404.382645300705917, 7638534.976406881585717 ], [ 424413.035929855366703, 7638523.465747115202248 ], [ 424418.412276941293385, 7638517.102233522571623 ], [ 424426.720822097326163, 7638508.409700555726886 ], [ 424439.40626100753434, 7638497.190364953130484 ], [ 424449.959061934845522, 7638489.28572329506278 ], [ 424457.384486174676567, 7638484.360160553827882 ], [ 424473.068341534060892, 7638475.437284801155329 ], [ 424486.447551495628431, 7638469.13531799800694 ], [ 424496.323887138802093, 7638465.080910061486065 ], [ 424518.323938682500739, 7638457.473762718960643 ], [ 424543.187441666261293, 7638450.719581307843328 ], [ 424570.76167618931504, 7638444.965215442702174 ], [ 424601.374240510980599, 7638440.182093668729067 ], [ 424635.100103194534313, 7638436.310086287558079 ], [ 424671.966243413218763, 7638433.219466492533684 ], [ 424722.287006549420767, 7638429.925744699314237 ] ] ] } },
{ "type": "Feature", "properties": { "fid": 186.0, "COMPR_M": 454.58, "CLASSE": "03 - Média", "CD_FAZ": "400534", "TALHOES": "1", "FAZ_tAL": "400534001", "ID_LINHA": 96125 }, "geometry": { "type": "MultiLineString", "coordinates": [ [ [ 424355.849462453625165, 7638620.465208293870091 ], [ 424367.037286724138539, 7638595.030831520445645 ], [ 424379.749510714376811, 7638569.656712714582682 ], [ 424392.629451400600374, 7638547.317303392104805 ], [ 424398.878786239831243, 7638537.672638364136219 ], [ 424407.84860900696367, 7638525.203687014058232 ], [ 424413.470732562826015, 7638518.225688070058823 ], [ 424421.690889182151295, 7638509.188568199984729 ], [ 424430.856992298795376, 7638500.480074138380587 ], [ 424437.525179323041812, 7638494.853113234043121 ], [ 424448.243898438115139, 7638486.824140002951026 ], [ 424455.783384389360435, 7638481.822910403832793 ], [ 424471.702265653759241, 7638472.766158696264029 ], [ 424485.252733097120654, 7638466.383350121788681 ], [ 424495.23806895915186, 7638462.284158686175942 ], [ 424517.44218550279038, 7638454.606157910078764 ], [ 424542.489882749912795, 7638447.801720634102821 ], [ 424570.226952365890611, 7638442.013193367049098 ], [ 424600.975309909728821, 7638437.208696918562055 ], [ 424634.80773518641945, 7638433.32434450648725 ], [ 424671.749574723071419, 7638430.227293038740754 ], [ 424728.11589250707766, 7638426.548252595588565 ] ] ] } },
{ "type": "Feature", "properties": { "fid": 187.0, "COMPR_M": 37.36, "CLASSE": "01 - Muito curta", "CD_FAZ": "400534", "TALHOES": "4", "FAZ_tAL": "400534004", "ID_LINHA": 96126 }, "geometry": { "type": "MultiLineString", "coordinates": [ [ [ 425406.774821014900226, 7638022.369273287244141 ], [ 425413.734765410074033, 7638004.680543411523104 ], [ 425419.735008909890894, 7637987.353695502504706 ] ] ] } },
{ "type": "Feature", "properties": { "fid": 188.0, "COMPR_M": 467.21, "CLASSE": "03 - Média", "CD_FAZ": "400534", "TALHOES": "1", "FAZ_tAL": "400534001", "ID_LINHA": 96127 }, "geometry": { "type": "MultiLineString", "coordinates": [ [ [ 424351.837235078332014, 7638622.315079754218459 ], [ 424364.320280114712659, 7638593.758726973086596 ], [ 424377.106313903001137, 7638568.237562680616975 ], [ 424390.082866319455206, 7638545.731236482970417 ], [ 424396.392683380632661, 7638535.993311992846429 ], [ 424405.471337798866443, 7638523.373476856388152 ], [ 424411.179609031649306, 7638516.288674179464579 ], [ 424419.546941572043579, 7638507.089805169031024 ], [ 424428.868681007763371, 7638498.233328269794583 ], [ 424435.644097638549283, 7638492.515861514955759 ], [ 424446.528734941966832, 7638484.362556716427207 ], [ 424454.182282604859211, 7638479.28566025197506 ], [ 424470.336189772409853, 7638470.095032598823309 ], [ 424484.057914697681554, 7638463.631382245570421 ], [ 424494.152250780607574, 7638459.487407312728465 ], [ 424516.560432323312853, 7638451.738553096540272 ], [ 424541.792323834146373, 7638444.883859961293638 ], [ 424569.692228543455712, 7638439.061171287670732 ], [ 424600.576379308768082, 7638434.235300166532397 ], [ 424634.515367180109024, 7638430.338602729141712 ], [ 424671.532906035077758, 7638427.23511958681047 ], [ 424733.950074021937326, 7638423.167692033573985 ] ] ] } },
{ "type": "Feature", "properties": { "fid": 189.0, "COMPR_M": 48.5, "CLASSE": "01 - Muito curta", "CD_FAZ": "400534", "TALHOES": "4", "FAZ_tAL": "400534004", "ID_LINHA": 96128 }, "geometry": { "type": "MultiLineString", "coordinates": [ [ [ 425400.879187044862192, 7638028.712930316105485 ], [ 425410.920301209960598, 7638003.64003124833107 ], [ 425417.946908041834831, 7637983.349363405257463 ] ] ] } },
{ "type": "Feature", "properties": { "fid": 190.0, "COMPR_M": 479.83, "CLASSE": "03 - Média", "CD_FAZ": "400534", "TALHOES": "1, 4", "FAZ_tAL": "400534001, 400534004", "ID_LINHA": 96129 }, "geometry": { "type": "MultiLineString", "coordinates": [ [ [ 424347.86109933257103, 7638624.148310858756304 ], [ 424361.603273503249511, 7638592.486622426658869 ], [ 424374.463117090752348, 7638566.818412644788623 ], [ 424387.536281237611547, 7638544.145169572904706 ], [ 424393.90658052166691, 7638534.31398562528193 ], [ 424403.094066590070724, 7638521.543266696855426 ], [ 424408.88848550117109, 7638514.351660287939012 ], [ 424417.402993963623885, 7638504.991042135283351 ], [ 424426.880369716905989, 7638495.986582404002547 ], [ 424433.763015952077694, 7638490.178609795868397 ], [ 424444.813571444596164, 7638481.900973429903388 ], [ 424452.581180817156564, 7638476.748410101979971 ], [ 424468.970113891467918, 7638467.423906499519944 ], [ 424482.863096300046891, 7638460.879414370283484 ], [ 424493.066432601364795, 7638456.690655941143632 ], [ 424515.678679143369664, 7638448.870948283001781 ], [ 424541.094764917565044, 7638441.965999284759164 ], [ 424569.157504720555153, 7638436.109149212017655 ], [ 424600.177448708098382, 7638431.261903412640095 ], [ 424634.222999172983691, 7638427.352860949933529 ], [ 424671.316237345337868, 7638424.242946134880185 ], [ 424739.801786099851597, 7638419.776973556727171 ] ] ] } },
{ "type": "Feature", "properties": { "fid": 191.0, "COMPR_M": 60.16, "CLASSE": "01 - Muito curta", "CD_FAZ": "400534", "TALHOES": "4", "FAZ_tAL": "400534004", "ID_LINHA": 96130 }, "geometry": { "type": "MultiLineString", "coordinates": [ [ [ 425394.657979879761115, 7638035.406901612877846 ], [ 425399.777832705993205, 7638023.765179351903498 ], [ 425408.105837010079995, 7638002.599519087001681 ], [ 425416.123383439262398, 7637979.265702230855823 ] ] ] } },
{ "type": "Feature", "properties": { "fid": 192.0, "COMPR_M": 492.46, "CLASSE": "03 - Média", "CD_FAZ": "400534", "TALHOES": "1, 4", "FAZ_tAL": "400534001, 400534004", "ID_LINHA": 96131 }, "geometry": { "type": "MultiLineString", "coordinates": [ [ [ 424343.884963585762307, 7638625.981541967019439 ], [ 424358.886266893707216, 7638591.214517881162465 ], [ 424371.819920278852805, 7638565.399262608960271 ], [ 424384.989696155651473, 7638542.559102661907673 ], [ 424391.42047766095493, 7638532.634659254923463 ], [ 424400.716795380634721, 7638519.713056536391377 ], [ 424406.597361971391365, 7638512.414646399207413 ], [ 424415.259046354040038, 7638502.892279102467 ], [ 424424.892058426048607, 7638493.739836532622576 ], [ 424431.881934267003089, 7638487.841358077712357 ], [ 424443.09840794862248, 7638479.439390139654279 ], [ 424450.98007903090911, 7638474.211159952916205 ], [ 424467.604038010817021, 7638464.752780398353934 ], [ 424481.668277900840621, 7638458.127446493133903 ], [ 424491.980614422587678, 7638453.893904568627477 ], [ 424514.796925963019021, 7638446.003343472257257 ], [ 424533.746384507452603, 7638440.690583528019488 ], [ 424547.208597955992445, 7638437.473312547430396 ], [ 424576.12684337887913, 7638431.847081294283271 ], [ 424608.039182237174828, 7638427.223039796575904 ], [ 424642.924643558624666, 7638423.5213089492172 ], [ 424681.045226435584482, 7638420.553504152223468 ], [ 424745.66222089540679, 7638416.381200780160725 ] ] ] } },
{ "type": "Feature", "properties": { "fid": 193.0, "COMPR_M": 71.91, "CLASSE": "01 - Muito curta", "CD_FAZ": "400534", "TALHOES": "4", "FAZ_tAL": "400534004", "ID_LINHA": 96132 }, "geometry": { "type": "MultiLineString", "coordinates": [ [ [ 425388.436772713961545, 7638042.100872913375497 ], [ 425397.007835909549613, 7638022.611653082072735 ], [ 425405.291372811130714, 7638001.559006925672293 ], [ 425414.246192774735391, 7637975.061859504319727 ] ] ] } },
{ "type": "Feature", "properties": { "fid": 194.0, "COMPR_M": 505.09, "CLASSE": "03 - Média", "CD_FAZ": "400534", "TALHOES": "1, 4", "FAZ_tAL": "400534001, 400534004", "ID_LINHA": 96133 }, "geometry": { "type": "MultiLineString", "coordinates": [ [ [ 424339.943451198982075, 7638627.798809681087732 ], [ 424353.022094506013673, 7638596.778793394565582 ], [ 424369.176723465323448, 7638563.980112573131919 ], [ 424382.443111073574983, 7638540.973035752773285 ], [ 424388.934374801116064, 7638530.955332885496318 ], [ 424398.339524172479287, 7638517.882846374064684 ], [ 424404.306238439748995, 7638510.477632505819201 ], [ 424413.115098744805437, 7638500.79351606965065 ], [ 424422.90374713530764, 7638491.493090664967895 ], [ 424430.000852582044899, 7638485.504106357693672 ], [ 424441.383244452648796, 7638476.977806848473847 ], [ 424449.378977246058639, 7638471.673909801989794 ], [ 424466.237962129176594, 7638462.08165429905057 ], [ 424480.473459502100013, 7638455.375478616915643 ], [ 424490.894796241773292, 7638451.097153190523386 ], [ 424513.915172783483285, 7638443.13573866058141 ], [ 424533.004705699451733, 7638437.783618422225118 ], [ 424546.553860141779296, 7638434.545551432296634 ], [ 424575.628772685420699, 7638428.888660378754139 ], [ 424607.669650425901636, 7638424.2458511646837 ], [ 424642.654312216793187, 7638420.533494809642434 ], [ 424680.840582642355002, 7638417.560487659648061 ], [ 424751.551158713176847, 7638412.968912203796208 ] ] ] } },
{ "type": "Feature", "properties": { "fid": 195.0, "COMPR_M": 82.15, "CLASSE": "01 - Muito curta", "CD_FAZ": "400534", "TALHOES": "4", "FAZ_tAL": "400534004", "ID_LINHA": 96134 }, "geometry": { "type": "MultiLineString", "coordinates": [ [ [ 425382.607384798233397, 7638047.30943020619452 ], [ 425394.237839114968665, 7638021.458126815967262 ], [ 425402.476908609736711, 7638000.518494762480259 ], [ 425412.369002113002352, 7637970.858016779646277 ] ] ] } },
{ "type": "Feature", "properties": { "fid": 196.0, "COMPR_M": 517.72, "CLASSE": "03 - Média", "CD_FAZ": "400534", "TALHOES": "1, 4", "FAZ_tAL": "400534001, 400534004", "ID_LINHA": 96135 }, "geometry": { "type": "MultiLineString", "coordinates": [ [ [ 424336.01232461805921, 7638629.61128893122077 ], [ 424350.289151008357294, 7638595.541307495906949 ], [ 424366.533526652958244, 7638562.560962535440922 ], [ 424379.896525992022362, 7638539.38696884457022 ], [ 424386.448271941510029, 7638529.276006513275206 ], [ 424395.962252964265645, 7638516.052636214531958 ], [ 424402.015114908863325, 7638508.540618614293635 ], [ 424410.971151135105174, 7638498.694753037765622 ], [ 424420.915435844683088, 7638489.246344797313213 ], [ 424428.119770896388218, 7638483.166854639537632 ], [ 424439.668080954696052, 7638474.516223561018705 ], [ 424447.777875459985808, 7638469.13665965385735 ], [ 424464.871886249806266, 7638459.41052819788456 ], [ 424479.278641103825066, 7638452.623510740697384 ], [ 424489.808978064043913, 7638448.300401819869876 ], [ 424513.033419603540096, 7638440.268133847042918 ], [ 424532.263026892615017, 7638434.876653319224715 ], [ 424545.89912232698407, 7638431.617790315300226 ], [ 424575.130701992078684, 7638425.930239462293684 ], [ 424607.300118613056839, 7638421.268662536516786 ], [ 424642.383980876067653, 7638417.545680668205023 ], [ 424680.635938848834485, 7638414.567471167072654 ], [ 424757.451751052634791, 7638409.549870525486767 ] ] ] } },
{ "type": "Feature", "properties": { "fid": 197.0, "COMPR_M": 89.61, "CLASSE": "01 - Muito curta", "CD_FAZ": "400534", "TALHOES": "4", "FAZ_tAL": "400534004", "ID_LINHA": 96136 }, "geometry": { "type": "MultiLineString", "coordinates": [ [ [ 425377.967710327764507, 7638049.99784511141479 ], [ 425391.467842318175826, 7638020.304600549861789 ], [ 425399.662444412009791, 7637999.47798260115087 ], [ 425407.165334000717849, 7637977.811957424506545 ], [ 425410.491811447660439, 7637966.654174054041505 ] ] ] } },
{ "type": "Feature", "properties": { "fid": 198.0, "COMPR_M": 530.39, "CLASSE": "03 - Média", "CD_FAZ": "400534", "TALHOES": "1, 4", "FAZ_tAL": "400534001, 400534004", "ID_LINHA": 96137 }, "geometry": { "type": "MultiLineString", "coordinates": [ [ [ 424332.088079793320503, 7638631.420595288276672 ], [ 424344.419002477603499, 7638601.349071007221937 ], [ 424360.535441137093585, 7638567.500921424478292 ], [ 424374.004851899691857, 7638543.279133220203221 ], [ 424380.671214289206546, 7638532.571889193728566 ], [ 424390.425946935487445, 7638518.420385891571641 ], [ 424396.686439325276297, 7638510.284251488745213 ], [ 424405.711348638869822, 7638499.856933170929551 ], [ 424415.439547572226729, 7638490.160040600225329 ], [ 424422.528771892073564, 7638483.887106450274587 ], [ 424433.957724419655278, 7638474.906827975064516 ], [ 424442.028586456086487, 7638469.283547664061189 ], [ 424454.658522815559991, 7638461.513009716756642 ], [ 424463.505810368806124, 7638456.73940209671855 ], [ 424478.083822705317289, 7638449.871542863547802 ], [ 424488.72315988491755, 7638445.503650447353721 ], [ 424512.15166642377153, 7638437.400529039092362 ], [ 424531.521348084323108, 7638431.969688210636377 ], [ 424545.244384513061959, 7638428.690029202029109 ], [ 424574.632631300773937, 7638422.971818547695875 ], [ 424606.930586800619494, 7638418.291473902761936 ], [ 424642.113649535167497, 7638414.557866528630257 ], [ 424680.43129505449906, 7638411.574454674497247 ], [ 424763.39168604160659, 7638406.108032125979662 ] ] ] } },
{ "type": "Feature", "properties": { "fid": 199.0, "COMPR_M": 97.06, "CLASSE": "01 - Muito curta", "CD_FAZ": "400534", "TALHOES": "4", "FAZ_tAL": "400534004", "ID_LINHA": 96138 }, "geometry": { "type": "MultiLineString", "coordinates": [ [ [ 425373.328035857586656, 7638052.686260014772415 ], [ 425379.942867949372157, 7638039.058485835790634 ], [ 425388.697845523245633, 7638019.151074279099703 ], [ 425396.847980211779941, 7637998.437470439821482 ], [ 425404.309081782936119, 7637976.892116135917604 ], [ 425408.614620782551356, 7637962.45033132750541 ] ] ] } },
{ "type": "Feature", "properties": { "fid": 200.0, "COMPR_M": 543.04, "CLASSE": "03 - Média", "CD_FAZ": "400534", "TALHOES": "1, 4", "FAZ_tAL": "400534001, 400534004", "ID_LINHA": 96139 }, "geometry": { "type": "MultiLineString", "coordinates": [ [ [ 424328.198824732622597, 7638633.213769317604601 ], [ 424341.671057896921411, 7638600.145273177884519 ], [ 424357.87219257268589, 7638566.119778991676867 ], [ 424371.431258769356646, 7638541.737297222018242 ], [ 424378.153750214143656, 7638530.939974173903465 ], [ 424388.009808955306653, 7638516.641824781894684 ], [ 424394.35079782048706, 7638508.401180684566498 ], [ 424403.516988899325952, 7638497.810929683968425 ], [ 424413.3986481676111, 7638487.960950072854757 ], [ 424420.593736242735758, 7638481.5943205319345 ], [ 424432.186575248430017, 7638472.485213130712509 ], [ 424440.370100588886999, 7638466.783428627997637 ], [ 424453.174370381690096, 7638458.905625661835074 ], [ 424462.139734487514943, 7638454.068275997415185 ], [ 424476.88900430657668, 7638447.119574988260865 ], [ 424487.637341705674771, 7638442.70689907297492 ], [ 424511.269913243595511, 7638434.532924223691225 ], [ 424530.779669277195353, 7638429.06272310949862 ], [ 424544.589646698615979, 7638425.762268084101379 ], [ 424574.134560608305037, 7638420.013397632166743 ], [ 424606.561054987891112, 7638415.314285272732377 ], [ 424641.843318194034509, 7638411.570052388124168 ], [ 424680.226651261211373, 7638408.581438180990517 ], [ 424769.346969203150366, 7638402.657300373539329 ] ] ] } },
{ "type": "Feature", "properties": { "fid": 201.0, "COMPR_M": 104.51, "CLASSE": "02 - Curta", "CD_FAZ": "400534", "TALHOES": "4", "FAZ_tAL": "400534004", "ID_LINHA": 96140 }, "geometry": { "type": "MultiLineString", "coordinates": [ [ [ 425368.688361386419274, 7638055.37467491813004 ], [ 425377.219393346575089, 7638037.799175578169525 ], [ 425385.927848727500532, 7638017.99754801299423 ], [ 425394.033516010502353, 7637997.396958280354738 ], [ 425401.452829564339481, 7637975.972274849191308 ], [ 425406.737430118955672, 7637958.246488601900637 ] ] ] } },
{ "type": "Feature", "properties": { "fid": 202.0, "COMPR_M": 555.75, "CLASSE": "03 - Média", "CD_FAZ": "400534", "TALHOES": "1, 4", "FAZ_tAL": "400534001, 400534004", "ID_LINHA": 96141 }, "geometry": { "type": "MultiLineString", "coordinates": [ [ [ 424324.309569670644123, 7638635.006943350657821 ], [ 424338.923113315016963, 7638598.941475347615778 ], [ 424355.208944008569233, 7638564.738636558875442 ], [ 424368.857665638672188, 7638540.195461226627231 ], [ 424375.63628613750916, 7638529.308059152215719 ], [ 424385.593670976231806, 7638514.863263671286404 ], [ 424392.015156316570938, 7638506.518109880387783 ], [ 424401.322629159723874, 7638495.764926201663911 ], [ 424411.357748763286509, 7638485.761859542690217 ], [ 424418.658700595318805, 7638479.301534609869123 ], [ 424430.41542607860174, 7638470.063598288223147 ], [ 424438.71161472069798, 7638464.283309588208795 ], [ 424451.690217951079831, 7638456.298241605982184 ], [ 424460.773658607155085, 7638451.39714989811182 ], [ 424475.694185906380881, 7638444.367607111111283 ], [ 424486.551523526955862, 7638439.910147700458765 ], [ 424510.388160064292606, 7638431.665319412946701 ], [ 424530.037990469892975, 7638426.155758006498218 ], [ 424543.934908883704338, 7638422.834506971761584 ], [ 424573.63648991525406, 7638417.054976716637611 ], [ 424606.191523174929898, 7638412.33709663990885 ], [ 424641.572986852144822, 7638408.582238249480724 ], [ 424775.351692061172798, 7638399.177921265363693 ] ] ] } },
{ "type": "Feature", "properties": { "fid": 203.0, "COMPR_M": 112.12, "CLASSE": "02 - Curta", "CD_FAZ": "400534", "TALHOES": "4", "FAZ_tAL": "400534004", "ID_LINHA": 96142 }, "geometry": { "type": "MultiLineString", "coordinates": [ [ [ 425363.880697989952751, 7638058.160429395735264 ], [ 425374.495918743312359, 7638036.539865319617093 ], [ 425383.157851930242032, 7638016.844021743163466 ], [ 425391.219051813473925, 7637996.356446117162704 ], [ 425398.596577346208505, 7637975.05243356525898 ], [ 425404.860239455592819, 7637954.042645877227187 ] ] ] } },
{ "type": "Feature", "properties": { "fid": 204.0, "COMPR_M": 568.47, "CLASSE": "03 - Média", "CD_FAZ": "400534", "TALHOES": "1, 4", "FAZ_tAL": "400534001, 400534004", "ID_LINHA": 96143 }, "geometry": { "type": "MultiLineString", "coordinates": [ [ [ 424320.437369540566579, 7638636.792254058644176 ], [ 424333.036410155531485, 7638605.022062171250582 ], [ 424349.17697540379595, 7638569.966980400495231 ], [ 424359.402129820839036, 7638550.585077125579119 ], [ 424366.284072506357916, 7638538.653625231236219 ], [ 424373.118822060117964, 7638527.676144134253263 ], [ 424383.177532995585352, 7638513.084702556952834 ], [ 424389.679514812072739, 7638504.635039074346423 ], [ 424399.128269420063589, 7638493.718922715634108 ], [ 424409.316849360533524, 7638483.562769016250968 ], [ 424416.723664946679492, 7638477.008748688735068 ], [ 424428.644276907551102, 7638467.641983441077173 ], [ 424437.053128852741793, 7638461.78319055121392 ], [ 424450.206065517908428, 7638453.690857550129294 ], [ 424459.407582725863904, 7638448.726023797877133 ], [ 424474.499367509211879, 7638441.615639236755669 ], [ 424485.465705347480252, 7638437.113396330736578 ], [ 424509.506406883883756, 7638428.797714604064822 ], [ 424529.296311663812958, 7638423.248792902566493 ], [ 424543.280171070247889, 7638419.906745855696499 ], [ 424573.138419222319499, 7638414.096555797383189 ], [ 424605.821991362317931, 7638409.359908008016646 ], [ 424641.30265551188495, 7638405.594424109905958 ], [ 424781.377074005664326, 7638395.686571447178721 ] ] ] } },
{ "type": "Feature", "properties": { "fid": 205.0, "COMPR_M": 119.97, "CLASSE": "02 - Curta", "CD_FAZ": "400534", "TALHOES": "4", "FAZ_tAL": "400534004", "ID_LINHA": 96144 }, "geometry": { "type": "MultiLineString", "coordinates": [ [ [ 425358.976540277828462, 7638061.002096578478813 ], [ 425371.772444142086897, 7638035.280555061995983 ], [ 425380.387855135544669, 7638015.690495477057993 ], [ 425388.404587612661999, 7637995.315933955833316 ], [ 425395.740325129125267, 7637974.132592277601361 ], [ 425402.910725671681575, 7637949.676840368658304 ] ] ] } },
{ "type": "Feature", "properties": { "fid": 206.0, "COMPR_M": 581.23, "CLASSE": "03 - Média", "CD_FAZ": "400534", "TALHOES": "1, 4", "FAZ_tAL": "400534001, 400534004", "ID_LINHA": 96145 }, "geometry": { "type": "MultiLineString", "coordinates": [ [ [ 424316.587056936288718, 7638638.567473340779543 ], [ 424330.274365740071516, 7638603.850987026467919 ], [ 424346.494784192997031, 7638568.623003765940666 ], [ 424356.780370561988093, 7638549.12668677046895 ], [ 424363.710479375207797, 7638537.111789233982563 ], [ 424370.601357984531205, 7638526.044229112565517 ], [ 424380.761395015288144, 7638511.306141447275877 ], [ 424387.343873307749163, 7638502.751968272030354 ], [ 424396.933909679646604, 7638491.672919228672981 ], [ 424407.275949956150725, 7638481.363678487949073 ], [ 424414.788629298622254, 7638474.715962766669691 ], [ 424426.873127737140749, 7638465.220368598587811 ], [ 424435.394642985716928, 7638459.283071513287723 ], [ 424448.721913087414578, 7638451.083473492413759 ], [ 424458.041506845562253, 7638446.054897697642446 ], [ 424473.304549109889194, 7638438.86367136053741 ], [ 424484.37988716783002, 7638434.316644955426455 ], [ 424508.624653703009244, 7638425.930109791457653 ], [ 424528.554632855579257, 7638420.341827798634768 ], [ 424542.625433256966062, 7638416.978984737768769 ], [ 424572.640348530199844, 7638411.138134881854057 ], [ 424605.452459548774641, 7638406.382719377055764 ], [ 424641.032324170868378, 7638402.606609972193837 ], [ 424787.461087921343278, 7638392.1612478941679 ] ] ] } },
{ "type": "Feature", "properties": { "fid": 207.0, "COMPR_M": 127.89, "CLASSE": "02 - Curta", "CD_FAZ": "400534", "TALHOES": "4", "FAZ_tAL": "400534004", "ID_LINHA": 96146 }, "geometry": { "type": "MultiLineString", "coordinates": [ [ [ 425354.072382566635497, 7638063.843763762153685 ], [ 425369.048969539697282, 7638034.021244807168841 ], [ 425377.617858340614475, 7638014.536969205364585 ], [ 425385.590123412781395, 7637994.275421794503927 ], [ 425392.88407291052863, 7637973.212750993669033 ], [ 425400.925477489945479, 7637945.23101007565856 ] ] ] } },
{ "type": "Feature", "properties": { "fid": 208.0, "COMPR_M": 594.02, "CLASSE": "03 - Média", "CD_FAZ": "400534", "TALHOES": "1, 4", "FAZ_tAL": "400534001, 400534004", "ID_LINHA": 96147 }, "geometry": { "type": "MultiLineString", "coordinates": [ [ [ 424312.736744333931711, 7638640.34269261918962 ], [ 424327.512321324553341, 7638602.679911883547902 ], [ 424343.812592980801128, 7638567.279027130454779 ], [ 424354.15861130238045, 7638547.668296417221427 ], [ 424361.136886244465131, 7638535.569953237660229 ], [ 424368.083893907547463, 7638524.412314093671739 ], [ 424378.34525703615509, 7638509.527580335736275 ], [ 424385.008231802843511, 7638500.868897467851639 ], [ 424394.739549941907171, 7638489.626915745437145 ], [ 424405.235050552058965, 7638479.164587959647179 ], [ 424412.853593650623225, 7638472.423176843672991 ], [ 424425.101978566148318, 7638462.798753753304482 ], [ 424433.736157116363756, 7638456.782952476292849 ], [ 424447.237760654999875, 7638448.476089437492192 ], [ 424456.675430964911357, 7638443.383771596476436 ], [ 424472.109730710973963, 7638436.111703485250473 ], [ 424483.294068989402149, 7638431.519893582910299 ], [ 424507.742900525045116, 7638423.062504978850484 ], [ 424527.812954047927633, 7638417.43486269377172 ], [ 424541.970695442461874, 7638414.051223624497652 ], [ 424572.142277837498114, 7638408.179713968187571 ], [ 424605.082927736337297, 7638403.405530747026205 ], [ 424640.761992828338407, 7638399.618795832619071 ], [ 424793.573128905263729, 7638388.61968432366848 ] ] ] } },
{ "type": "Feature", "properties": { "fid": 209.0, "COMPR_M": 135.8, "CLASSE": "02 - Curta", "CD_FAZ": "400534", "TALHOES": "4", "FAZ_tAL": "400534004", "ID_LINHA": 96148 }, "geometry": { "type": "MultiLineString", "coordinates": [ [ [ 425349.168224854511209, 7638066.685430945828557 ], [ 425357.270478733058553, 7638051.416938081383705 ], [ 425366.325494937424082, 7638032.761934550479054 ], [ 425374.847861544869374, 7638013.383442941121757 ], [ 425382.775659212493338, 7637993.234909631311893 ], [ 425390.027820692979731, 7637972.292909706011415 ], [ 425396.512854465225246, 7637950.5405896846205 ], [ 425398.940229309722781, 7637940.78517978079617 ] ] ] } },
{ "type": "Feature", "properties": { "fid": 210.0, "COMPR_M": 606.86, "CLASSE": "04 - Longa", "CD_FAZ": "400534", "TALHOES": "1, 4", "FAZ_tAL": "400534001, 400534004", "ID_LINHA": 96149 }, "geometry": { "type": "MultiLineString", "coordinates": [ [ [ 424308.907763316703495, 7638642.10807679221034 ], [ 424324.750276908220258, 7638601.508836741559207 ], [ 424341.130401769187301, 7638565.935050494968891 ], [ 424351.536852042772807, 7638546.209906062111259 ], [ 424358.563293113431428, 7638534.028117240406573 ], [ 424365.566429830389097, 7638522.780399071983993 ], [ 424375.929119056672789, 7638507.749019224196672 ], [ 424382.67259029939305, 7638498.985826665535569 ], [ 424392.545190201490186, 7638487.580912258476019 ], [ 424403.194151147559751, 7638476.965497430413961 ], [ 424410.918558001925703, 7638470.130390921607614 ], [ 424423.330829395796172, 7638460.377138908952475 ], [ 424432.077671248582192, 7638454.282833438366652 ], [ 424445.753608222585171, 7638445.868705380707979 ], [ 424455.309355084609706, 7638440.712645493447781 ], [ 424470.914912313222885, 7638433.359735608100891 ], [ 424482.208250810217578, 7638428.723142208531499 ], [ 424500.446993295743596, 7638422.22680995427072 ], [ 424513.438625998503994, 7638418.233243547379971 ], [ 424541.315957626851741, 7638411.12346250936389 ], [ 424556.150667525129393, 7638408.02673639729619 ], [ 424579.652361490414478, 7638403.9227843452245 ], [ 424613.408211519534234, 7638399.391336551867425 ], [ 424649.84585362643702, 7638395.817945919930935 ], [ 424757.659252363198902, 7638388.484325148165226 ], [ 424799.752430980850477, 7638385.039146960712969 ] ] ] } },
{ "type": "Feature", "properties": { "fid": 211.0, "COMPR_M": 143.82, "CLASSE": "02 - Curta", "CD_FAZ": "400534", "TALHOES": "4", "FAZ_tAL": "400534004", "ID_LINHA": 96150 }, "geometry": { "type": "MultiLineString", "coordinates": [ [ [ 425344.160207242588513, 7638069.587278753519058 ], [ 425354.595179168565664, 7638050.058378361165524 ], [ 425363.60202033596579, 7638031.502624290063977 ], [ 425372.077864748949651, 7638012.229916673153639 ], [ 425379.961195014417171, 7637992.19439747184515 ], [ 425387.171568475314416, 7637971.373068420216441 ], [ 425393.618239422503393, 7637949.749426279217005 ], [ 425396.954981128277723, 7637936.339349485002458 ] ] ] } },
{ "type": "Feature", "properties": { "fid": 212.0, "COMPR_M": 619.73, "CLASSE": "04 - Longa", "CD_FAZ": "400534", "TALHOES": "1, 4", "FAZ_tAL": "400534001, 400534004", "ID_LINHA": 96151 }, "geometry": { "type": "MultiLineString", "coordinates": [ [ [ 424305.09365422395058, 7638643.866604136303067 ], [ 424312.672210918914061, 7638623.395560732111335 ], [ 424321.988232492469251, 7638600.337761599570513 ], [ 424331.716200797818601, 7638578.493472412228584 ], [ 424338.448210558155552, 7638564.591073857620358 ], [ 424348.915092781069688, 7638544.751515706069767 ], [ 424355.989699981524609, 7638532.486281244084239 ], [ 424363.048965755035169, 7638521.14848405495286 ], [ 424373.512981076317374, 7638505.970458113588393 ], [ 424380.336948794778436, 7638497.102755861356854 ], [ 424390.350830462935846, 7638485.534908773377538 ], [ 424401.153251744050067, 7638474.766406899318099 ], [ 424408.983522353228182, 7638467.837605002336204 ], [ 424421.559680224221665, 7638457.95552406553179 ], [ 424430.419185381033458, 7638451.782714398577809 ], [ 424444.269455790810753, 7638443.261321326717734 ], [ 424453.943279202678241, 7638438.041519395075738 ], [ 424469.720093913958408, 7638430.607767730951309 ], [ 424481.122432630916592, 7638425.926390834152699 ], [ 424499.516027391131502, 7638419.374795010313392 ], [ 424512.604837625753134, 7638415.351333787664771 ], [ 424540.661219812056515, 7638408.195701393298805 ], [ 424555.577520549530163, 7638405.081926852464676 ], [ 424579.189150862861425, 7638400.958710928447545 ], [ 424613.066241960856132, 7638396.410860649310052 ], [ 424649.595714963157661, 7638392.82837669737637 ], [ 424757.443694369518198, 7638385.492071787826717 ], [ 424805.969165114453062, 7638381.43691995088011 ] ] ] } },
{ "type": "Feature", "properties": { "fid": 213.0, "COMPR_M": 152.03, "CLASSE": "02 - Curta", "CD_FAZ": "400534", "TALHOES": "4", "FAZ_tAL": "400534004", "ID_LINHA": 96152 }, "geometry": { "type": "MultiLineString", "coordinates": [ [ [ 425338.959031802543905, 7638072.601050011813641 ], [ 425351.919879602210131, 7638048.699818640016019 ], [ 425360.878545733285137, 7638030.243314037099481 ], [ 425369.307867953612003, 7638011.076390404254198 ], [ 425377.146730814012699, 7637991.153885310515761 ], [ 425384.315316257358063, 7637970.453227133490145 ], [ 425390.723624381411355, 7637948.958262875676155 ], [ 425394.969732946367003, 7637931.893519191071391 ] ] ] } },
{ "type": "Feature", "properties": { "fid": 214.0, "COMPR_M": 632.69, "CLASSE": "04 - Longa", "CD_FAZ": "400534", "TALHOES": "1, 4", "FAZ_tAL": "400534001, 400534004", "ID_LINHA": 96153 }, "geometry": { "type": "MultiLineString", "coordinates": [ [ [ 424301.279545133351348, 7638645.625131479464471 ], [ 424316.063558342691977, 7638606.748703656718135 ], [ 424332.356476184912026, 7638570.169639242812991 ], [ 424342.744755342253484, 7638549.788612212985754 ], [ 424349.853205828811042, 7638537.006912966258824 ], [ 424356.977260256011505, 7638525.112366657704115 ], [ 424367.59707493102178, 7638509.052882798947394 ], [ 424374.566812084638514, 7638499.580744774080813 ], [ 424384.755975666688755, 7638487.226543754339218 ], [ 424395.329045299265999, 7638476.163039384409785 ], [ 424403.020634228829294, 7638469.025631988421082 ], [ 424415.438962923013605, 7638458.792497127316892 ], [ 424428.760699512495194, 7638449.282595362514257 ], [ 424442.785303358454257, 7638440.653937269002199 ], [ 424452.577203321037814, 7638435.370393294841051 ], [ 424468.525275515799876, 7638427.855799857527018 ], [ 424480.036614451440983, 7638423.129639461636543 ], [ 424498.585061485995539, 7638416.522780066356063 ], [ 424511.771049252711236, 7638412.469424029812217 ], [ 424540.006481998716481, 7638405.267940279096365 ], [ 424555.004373573639896, 7638402.137117305770516 ], [ 424578.725940237112809, 7638397.994637512601912 ], [ 424612.72427240468096, 7638393.430384747684002 ], [ 424649.345576300227549, 7638389.838807476684451 ], [ 424757.22813637618674, 7638382.499818423762918 ], [ 424812.262169038876891, 7638377.790499140508473 ] ] ] } },
{ "type": "Feature", "properties": { "fid": 215.0, "COMPR_M": 160.24, "CLASSE": "02 - Curta", "CD_FAZ": "400534", "TALHOES": "4", "FAZ_tAL": "400534004", "ID_LINHA": 96154 }, "geometry": { "type": "MultiLineString", "coordinates": [ [ [ 425333.757856360578444, 7638075.614821271970868 ], [ 425349.244580037833657, 7638047.34125892072916 ], [ 425358.155071130720899, 7638028.984003778547049 ], [ 425366.537871156062465, 7638009.922864137217402 ], [ 425374.332266613084357, 7637990.113373147323728 ], [ 425381.459064039168879, 7637969.533385847695172 ], [ 425387.829009339853656, 7637948.167099475860596 ], [ 425392.984484765911475, 7637927.447688894346356 ] ] ] } },
{ "type": "Feature", "properties": { "fid": 216.0, "COMPR_M": 645.67, "CLASSE": "04 - Longa", "CD_FAZ": "400534", "TALHOES": "1, 4", "FAZ_tAL": "400534001, 400534004", "ID_LINHA": 96155 }, "geometry": { "type": "MultiLineString", "coordinates": [ [ [ 424297.486217070894782, 7638647.374077552929521 ], [ 424313.288280339387711, 7638605.609354415908456 ], [ 424329.656376084836666, 7638568.862023798748851 ], [ 424340.101558529946487, 7638548.369462176226079 ], [ 424347.254594209895004, 7638535.507647272199392 ], [ 424354.430675173993222, 7638523.526299748569727 ], [ 424365.144703573547304, 7638507.324647860601544 ], [ 424372.189540875493549, 7638497.750534612685442 ], [ 424382.512222248711623, 7638485.234831102192402 ], [ 424393.236260181176476, 7638474.013261971995234 ], [ 424401.032322937797289, 7638466.778886120766401 ], [ 424413.612509665777907, 7638456.412314724177122 ], [ 424427.102213645528536, 7638446.782476321794093 ], [ 424441.301150926854461, 7638438.046553213149309 ], [ 424451.211127441725694, 7638432.699267195537686 ], [ 424467.330457116127945, 7638425.103831980377436 ], [ 424478.950796272605658, 7638420.332888087257743 ], [ 424497.654095581034198, 7638413.670765125192702 ], [ 424510.937260880717076, 7638409.587514271959662 ], [ 424539.351744184910785, 7638402.340179163962603 ], [ 424554.431226597982459, 7638399.192307762801647 ], [ 424578.262729609850794, 7638395.030564097687602 ], [ 424603.60480048583122, 7638391.496776222251356 ], [ 424639.680667465378065, 7638387.667539271526039 ], [ 424678.589500915724784, 7638384.637306245043874 ], [ 424769.324489730235655, 7638378.592820195481181 ], [ 424818.603484963066876, 7638374.116084406152368 ] ] ] } },
{ "type": "Feature", "properties": { "fid": 217.0, "COMPR_M": 168.61, "CLASSE": "02 - Curta", "CD_FAZ": "400534", "TALHOES": "4", "FAZ_tAL": "400534004", "ID_LINHA": 96156 }, "geometry": { "type": "MultiLineString", "coordinates": [ [ [ 425328.55668092193082, 7638078.628592532128096 ], [ 425337.185296602663584, 7638063.666579876095057 ], [ 425346.569280472991522, 7638045.982699202373624 ], [ 425355.431596528971568, 7638027.724693519994617 ], [ 425363.767874361015856, 7638008.769337868317962 ], [ 425371.517802414426114, 7637989.072860985063016 ], [ 425378.602811822143849, 7637968.613544560968876 ], [ 425384.93439429794671, 7637947.375936073251069 ], [ 425390.916828217450529, 7637922.817310579121113 ] ] ] } },
{ "type": "Feature", "properties": { "fid": 218.0, "COMPR_M": 658.74, "CLASSE": "04 - Longa", "CD_FAZ": "400534", "TALHOES": "1, 4", "FAZ_tAL": "400534001, 400534004", "ID_LINHA": 96157 }, "geometry": { "type": "MultiLineString", "coordinates": [ [ [ 424293.70574591687182, 7638649.117095840163529 ], [ 424301.221991205587983, 7638628.201829399913549 ], [ 424310.513002336025238, 7638604.470005177892745 ], [ 424326.956275983015075, 7638567.55440835095942 ], [ 424337.458361718046945, 7638546.950312140397727 ], [ 424344.65598259109538, 7638534.008381577208638 ], [ 424351.884090091334656, 7638521.940232838504016 ], [ 424362.692332214966882, 7638505.59641292039305 ], [ 424369.812269666348584, 7638495.920324452221394 ], [ 424380.268468830385245, 7638483.243118450045586 ], [ 424391.143475060991477, 7638471.863484560512006 ], [ 424399.044011647521984, 7638464.532140251249075 ], [ 424411.786056408891454, 7638454.032132321037352 ], [ 424425.443727778154425, 7638444.282357286661863 ], [ 424439.816998495254666, 7638435.439169158227742 ], [ 424449.84505155950319, 7638430.028141094371676 ], [ 424466.135638718144037, 7638422.351864103227854 ], [ 424477.864978092897218, 7638417.536136717535555 ], [ 424496.723129676829558, 7638410.81875018030405 ], [ 424510.103472509770654, 7638406.705604514107108 ], [ 424538.697006369940937, 7638399.412418046966195 ], [ 424553.858079623256344, 7638396.247498217970133 ], [ 424577.799518981773872, 7638392.066490679048002 ], [ 424603.235268673975952, 7638388.519587593153119 ], [ 424639.410336123837624, 7638384.679725132882595 ], [ 424678.384857122960966, 7638381.644289751537144 ], [ 424769.093793023901526, 7638375.601691599935293 ], [ 424825.03215477312915, 7638370.391053297556937 ] ] ] } },
{ "type": "Feature", "properties": { "fid": 219.0, "COMPR_M": 177.25, "CLASSE": "02 - Curta", "CD_FAZ": "400534", "TALHOES": "4", "FAZ_tAL": "400534004", "ID_LINHA": 96158 }, "geometry": { "type": "MultiLineString", "coordinates": [ [ [ 425323.185254355892539, 7638081.741014176048338 ], [ 425334.560076656576712, 7638062.213646380230784 ], [ 425343.893980908207595, 7638044.624139482155442 ], [ 425352.708121925301384, 7638026.465383262373507 ], [ 425360.997877566434909, 7638007.615811599418521 ], [ 425368.703338214661926, 7637988.032348825596273 ], [ 425375.746559603489004, 7637967.693703275173903 ], [ 425382.039779256272595, 7637946.584772670641541 ], [ 425388.798726014676504, 7637918.073962604627013 ] ] ] } },
{ "type": "Feature", "properties": { "fid": 220.0, "COMPR_M": 671.88, "CLASSE": "04 - Longa", "CD_FAZ": "400534", "TALHOES": "1, 4", "FAZ_tAL": "400534001, 400534004", "ID_LINHA": 96159 }, "geometry": { "type": "MultiLineString", "coordinates": [ [ [ 424289.92527476552641, 7638650.860114127397537 ], [ 424298.411858719482552, 7638627.15141074359417 ], [ 424307.737724331323989, 7638603.330655939877033 ], [ 424324.256175882124808, 7638566.24679290316999 ], [ 424334.815164906496648, 7638545.531162105500698 ], [ 424342.05737097322708, 7638532.509115878492594 ], [ 424349.337505011120811, 7638520.354165928438306 ], [ 424360.239960857259575, 7638503.868177983909845 ], [ 424367.434998458484188, 7638494.09011429361999 ], [ 424378.02471541299019, 7638481.25140580162406 ], [ 424389.050689940806478, 7638469.713707148097456 ], [ 424397.055700356606394, 7638462.285394384525716 ], [ 424409.959603152878117, 7638451.651949916034937 ], [ 424423.785241910431068, 7638441.782238248735666 ], [ 424438.332846063014586, 7638432.831785103306174 ], [ 424448.478975679608993, 7638427.357014995068312 ], [ 424464.940820319461636, 7638419.599896227940917 ], [ 424476.779159914411139, 7638414.739385342225432 ], [ 424495.792163772101048, 7638407.966735238209367 ], [ 424509.269684137310833, 7638403.823694752529263 ], [ 424538.042268556426279, 7638396.484656933695078 ], [ 424553.284932645503432, 7638393.302688674069941 ], [ 424577.336308356840163, 7638389.102417260408401 ], [ 424602.865736860665493, 7638385.542398961260915 ], [ 424639.140004783403128, 7638381.691910991445184 ], [ 424678.180213329324033, 7638378.65127325989306 ], [ 424768.863096317567397, 7638372.610563007183373 ], [ 424807.309588344534859, 7638369.256262939423323 ], [ 424831.520255350566003, 7638366.631585602648556 ] ] ] } },
{ "type": "Feature", "properties": { "fid": 221.0, "COMPR_M": 186.06, "CLASSE": "02 - Curta", "CD_FAZ": "400534", "TALHOES": "4", "FAZ_tAL": "400534004", "ID_LINHA": 96160 }, "geometry": { "type": "MultiLineString", "coordinates": [ [ [ 425317.646203119657002, 7638084.950564323924482 ], [ 425331.934856710082386, 7638060.760712882503867 ], [ 425341.218681342899799, 7638043.265579761937261 ], [ 425349.984647323726676, 7638025.206073008477688 ], [ 425358.227880769758485, 7638006.462285332381725 ], [ 425365.888874014548492, 7637986.991836663335562 ], [ 425372.890307384717744, 7637966.773861988447607 ], [ 425379.145164214191027, 7637945.793609267100692 ], [ 425384.556660298199859, 7637924.045273772440851 ], [ 425386.680623811902478, 7637913.330614631064236 ] ] ] } },
{ "type": "Feature", "properties": { "fid": 222.0, "COMPR_M": 685.11, "CLASSE": "04 - Longa", "CD_FAZ": "400534", "TALHOES": "1, 4", "FAZ_tAL": "400534001, 400534004", "ID_LINHA": 96161 }, "geometry": { "type": "MultiLineString", "coordinates": [ [ [ 424286.161162734264508, 7638652.595589904114604 ], [ 424301.795521239575464, 7638610.030652644112706 ], [ 424318.131167748942971, 7638572.132949681952596 ], [ 424328.576458369381726, 7638550.92721221037209 ], [ 424339.458759355475195, 7638531.00985018350184 ], [ 424346.790919927530922, 7638518.768099019303918 ], [ 424357.787589499144815, 7638502.139943042770028 ], [ 424365.057727248000447, 7638492.259904131293297 ], [ 424375.780961993325036, 7638479.259693147614598 ], [ 424386.957904821145348, 7638467.563929736614227 ], [ 424395.06738906580722, 7638460.038648515939713 ], [ 424408.133149895875249, 7638449.271767516620457 ], [ 424422.126756042358465, 7638439.282119208015501 ], [ 424436.848693631472997, 7638430.224401043727994 ], [ 424447.11289979936555, 7638424.685888892039657 ], [ 424463.746001921128482, 7638416.847928350791335 ], [ 424475.69334173516836, 7638411.942633969709277 ], [ 424494.86119786684867, 7638405.114720292389393 ], [ 424508.43589576514205, 7638400.941784994676709 ], [ 424537.387530741107184, 7638393.556895818561316 ], [ 424552.711785670602694, 7638390.357879132032394 ], [ 424576.873097729752772, 7638386.138343843631446 ], [ 424602.496205046307296, 7638382.565210331231356 ], [ 424638.869673442095518, 7638378.704096855595708 ], [ 424677.975569536094554, 7638375.658256767317653 ], [ 424768.632399611757137, 7638369.619434414431453 ], [ 424807.013263809436467, 7638366.270902929827571 ], [ 424838.111545925610699, 7638362.81232544966042 ] ] ] } },
{ "type": "Feature", "properties": { "fid": 223.0, "COMPR_M": 194.88, "CLASSE": "02 - Curta", "CD_FAZ": "400534", "TALHOES": "4", "FAZ_tAL": "400534004", "ID_LINHA": 96162 }, "geometry": { "type": "MultiLineString", "coordinates": [ [ [ 425312.107151885691565, 7638088.160114476457238 ], [ 425329.309636763937306, 7638059.307779386639595 ], [ 425338.543381778290495, 7638041.907020041719079 ], [ 425347.261172722326592, 7638023.946762748062611 ], [ 425355.457883974886499, 7638005.308759063482285 ], [ 425363.074409813969396, 7637985.951324502006173 ], [ 425370.034055167634506, 7637965.854020701721311 ], [ 425376.250549173040781, 7637945.002445867285132 ], [ 425381.627975529641844, 7637923.391033660620451 ], [ 425384.562521610641852, 7637908.587266655638814 ] ] ] } },
{ "type": "Feature", "properties": { "fid": 224.0, "COMPR_M": 698.4, "CLASSE": "04 - Longa", "CD_FAZ": "400534", "TALHOES": "1, 4", "FAZ_tAL": "400534001, 400534004", "ID_LINHA": 96163 }, "geometry": { "type": "MultiLineString", "coordinates": [ [ [ 424282.411922114202753, 7638654.324209088459611 ], [ 424289.751600142451935, 7638633.308682881295681 ], [ 424299.007840718724765, 7638608.922004365362227 ], [ 424315.414161140273791, 7638570.860845132730901 ], [ 424325.913209806778468, 7638549.546069777570665 ], [ 424336.860147738538217, 7638529.51058448664844 ], [ 424344.24433484650217, 7638517.182032108306885 ], [ 424355.335218141321093, 7638500.411708103492856 ], [ 424362.680456040077843, 7638490.429693972691894 ], [ 424373.537208574591205, 7638477.267980497330427 ], [ 424384.865119701426011, 7638465.414152326062322 ], [ 424393.07907777512446, 7638457.791902649216354 ], [ 424406.30669663916342, 7638446.891585109755397 ], [ 424420.468270174518693, 7638436.782000171020627 ], [ 424435.364541199349333, 7638427.617016986943781 ], [ 424445.746823918772861, 7638422.014762792736292 ], [ 424462.551183521922212, 7638414.095960475504398 ], [ 424474.60752355447039, 7638409.145882597193122 ], [ 424493.930231962411199, 7638402.262705350294709 ], [ 424507.602107393438928, 7638398.05987523496151 ], [ 424536.732792927999981, 7638390.629134701564908 ], [ 424552.138638696051203, 7638387.413069584406912 ], [ 424576.409887103131041, 7638383.174270427785814 ], [ 424602.126673235034104, 7638379.588021697476506 ], [ 424638.599342101311777, 7638375.716282714158297 ], [ 424780.914252028102055, 7638365.627832042053342 ], [ 424820.00301726127509, 7638361.906312623992562 ], [ 424844.771513479703572, 7638358.953271081671119 ] ] ] } },
{ "type": "Feature", "properties": { "fid": 225.0, "COMPR_M": 203.71, "CLASSE": "02 - Curta", "CD_FAZ": "400534", "TALHOES": "4", "FAZ_tAL": "400534004", "ID_LINHA": 96164 }, "geometry": { "type": "MultiLineString", "coordinates": [ [ [ 425306.550170604838058, 7638091.380054017528892 ], [ 425316.961740528931841, 7638074.713958757929504 ], [ 425326.684416818083264, 7638057.854845890775323 ], [ 425335.868082213099115, 7638040.548460321500897 ], [ 425344.537698119063862, 7638022.687452491372824 ], [ 425352.687887178442907, 7638004.155232797376812 ], [ 425360.259945615660399, 7637984.910812338814139 ], [ 425367.177802950376645, 7637964.934179414995015 ], [ 425373.355934130144306, 7637944.211282463744283 ], [ 425378.6992907600943, 7637922.736793548800051 ], [ 425382.444419407576788, 7637903.843918681144714 ] ] ] } },
{ "type": "Feature", "properties": { "fid": 226.0, "COMPR_M": 711.82, "CLASSE": "04 - Longa", "CD_FAZ": "400534", "TALHOES": "1, 4", "FAZ_tAL": "400534001, 400534004", "ID_LINHA": 96165 }, "geometry": { "type": "MultiLineString", "coordinates": [ [ [ 424278.662681495305151, 7638656.05282827373594 ], [ 424286.931349083548412, 7638632.28575121704489 ], [ 424296.220160196651705, 7638607.813356084749103 ], [ 424312.697154529567342, 7638569.588740589097142 ], [ 424323.249961241614074, 7638548.164927342906594 ], [ 424330.562777962244581, 7638534.542783221229911 ], [ 424337.974548062833492, 7638521.69342926889658 ], [ 424349.156729040958453, 7638504.086110973730683 ], [ 424356.600015217787586, 7638493.520530333742499 ], [ 424367.64826194755733, 7638479.485410248860717 ], [ 424378.811936997517478, 7638467.213307553902268 ], [ 424386.866955916106235, 7638459.372773199342191 ], [ 424399.903545617009513, 7638448.108078855089843 ], [ 424413.940628509095404, 7638437.592474227771163 ], [ 424428.787271805398632, 7638427.985748540610075 ], [ 424439.06112661480438, 7638422.138073528185487 ], [ 424455.527372920012567, 7638413.945041535422206 ], [ 424467.354993564658798, 7638408.811272276565433 ], [ 424486.347395499586128, 7638401.646501561626792 ], [ 424499.807121905265376, 7638397.254061670973897 ], [ 424528.538704424980097, 7638389.444507155567408 ], [ 424543.751937365159392, 7638386.043190402910113 ], [ 424567.659641604113858, 7638381.553925723768771 ], [ 424601.757141422189306, 7638376.610833067446947 ], [ 424638.329010760935489, 7638372.72846857458353 ], [ 424780.665038298582658, 7638362.638184025883675 ], [ 424819.67814169137273, 7638358.923916501924396 ], [ 424851.55925304495031, 7638355.020180447027087 ] ] ] } },
{ "type": "Feature", "properties": { "fid": 227.0, "COMPR_M": 212.99, "CLASSE": "02 - Curta", "CD_FAZ": "400534", "TALHOES": "4", "FAZ_tAL": "400534004", "ID_LINHA": 96166 }, "geometry": { "type": "MultiLineString", "coordinates": [ [ [ 425300.623580325685907, 7638094.814159953966737 ], [ 425314.389006617304403, 7638073.170014521107078 ], [ 425324.059196871938184, 7638056.401912393048406 ], [ 425333.192782648082357, 7638039.189900601282716 ], [ 425341.814223516557831, 7638021.428142234683037 ], [ 425349.91789038258139, 7638003.001706527546048 ], [ 425357.445481416187249, 7637983.870300177484751 ], [ 425364.321550732187461, 7637964.014338128268719 ], [ 425370.461319088819437, 7637943.420119062066078 ], [ 425375.770605991478078, 7637922.082553440704942 ], [ 425380.290735355752986, 7637899.020887536928058 ] ] ] } },
{ "type": "Feature", "properties": { "fid": 228.0, "COMPR_M": 725.32, "CLASSE": "04 - Longa", "CD_FAZ": "400534", "TALHOES": "1, 4", "FAZ_tAL": "400534001, 400534004", "ID_LINHA": 96167 }, "geometry": { "type": "MultiLineString", "coordinates": [ [ [ 424274.922362259821966, 7638657.777334177866578 ], [ 424284.11109802487772, 7638631.262819552794099 ], [ 424293.432479673880152, 7638606.704707802273333 ], [ 424309.980147920781747, 7638568.316636042669415 ], [ 424320.586712677439209, 7638546.783784907311201 ], [ 424327.941018702753354, 7638533.084392866119742 ], [ 424335.400954930228181, 7638520.151593272574246 ], [ 424346.670626182400156, 7638502.406784603372216 ], [ 424354.183877238014247, 7638491.741969224065542 ], [ 424365.357138415798545, 7638477.548396360129118 ], [ 424376.667989387526177, 7638465.114544520154595 ], [ 424384.826056511723436, 7638457.173682672902942 ], [ 424398.022463931469247, 7638445.770827136933804 ], [ 424412.225465011724737, 7638435.130890939384699 ], [ 424427.244278885715175, 7638425.412747376598418 ], [ 424437.636195057537407, 7638419.497864753007889 ], [ 424454.276439956563991, 7638411.218113447539508 ], [ 424466.215231181296986, 7638406.036058839410543 ], [ 424485.365995548083447, 7638398.811438392847776 ], [ 424498.925368724856526, 7638394.386456863954663 ], [ 424527.841145508282352, 7638386.526646481826901 ], [ 424543.138712352665607, 7638383.106459143571556 ], [ 424567.161570911179297, 7638378.595504807308316 ], [ 424592.597767277213279, 7638374.767365112900734 ], [ 424628.668007041909732, 7638370.623767147772014 ], [ 424667.199532255297527, 7638367.391650529578328 ], [ 424780.415824571158737, 7638359.648536009714007 ], [ 424819.353266121819615, 7638355.941520379856229 ], [ 424858.419756436371244, 7638351.044927509501576 ] ] ] } },
{ "type": "Feature", "properties": { "fid": 229.0, "COMPR_M": 222.54, "CLASSE": "02 - Curta", "CD_FAZ": "400534", "TALHOES": "4", "FAZ_tAL": "400534004", "ID_LINHA": 96168 }, "geometry": { "type": "MultiLineString", "coordinates": [ [ [ 425294.69699004793074, 7638098.248265889473259 ], [ 425311.816272704862058, 7638071.626070283353329 ], [ 425321.43397692538565, 7638054.948978897184134 ], [ 425330.517483082425315, 7638037.831340882927179 ], [ 425339.090748915506992, 7638020.168831975199282 ], [ 425347.147893586545251, 7638001.848180260509253 ], [ 425354.631017215666361, 7637982.829788018018007 ], [ 425361.465298514463939, 7637963.094496843405068 ], [ 425367.566704047145322, 7637942.628955659456551 ], [ 425372.841921223793179, 7637921.428313326090574 ], [ 425378.006658377300482, 7637893.905850171111524 ] ] ] } },
{ "type": "Feature", "properties": { "fid": 230.0, "COMPR_M": 738.99, "CLASSE": "04 - Longa", "CD_FAZ": "400534", "TALHOES": "1, 4", "FAZ_tAL": "400534001, 400534004", "ID_LINHA": 96169 }, "geometry": { "type": "MultiLineString", "coordinates": [ [ [ 424271.202089087979402, 7638659.492597673088312 ], [ 424278.265869144466706, 7638638.705736665055156 ], [ 424287.478627210075501, 7638613.684584522619843 ], [ 424303.829111550468951, 7638574.504047209396958 ], [ 424314.308489653514698, 7638552.495284131728113 ], [ 424325.319259443203919, 7638531.626002511940897 ], [ 424332.827361800009385, 7638518.60975727532059 ], [ 424344.184523322794121, 7638500.727458233013749 ], [ 424351.767739258008078, 7638489.96340810880065 ], [ 424363.066014885436743, 7638475.611382467672229 ], [ 424374.524041779106483, 7638463.015781487338245 ], [ 424382.785157108330168, 7638454.97459214553237 ], [ 424396.141382244764827, 7638443.433575417846441 ], [ 424410.510301516333129, 7638432.669307651929557 ], [ 424425.701285964925773, 7638422.839746214449406 ], [ 424436.211263501143549, 7638416.857655977830291 ], [ 424453.025506992125884, 7638408.491185361519456 ], [ 424465.075468796188943, 7638403.260845404118299 ], [ 424484.384595595300198, 7638395.976375224068761 ], [ 424498.043615544680506, 7638391.518852049484849 ], [ 424527.143586592108477, 7638383.608785807155073 ], [ 424542.525487340171821, 7638380.169727882370353 ], [ 424566.663500219001435, 7638375.637083893641829 ], [ 424592.198836675495841, 7638371.793968362733722 ], [ 424628.375639033271, 7638367.638025369495153 ], [ 424666.982863567071036, 7638364.399477076716721 ], [ 424755.503672429244034, 7638358.561791522428393 ], [ 424792.873306446592323, 7638355.556428927928209 ], [ 424832.471817603101954, 7638351.425799498334527 ], [ 424865.447177697496954, 7638346.972955612465739 ] ] ] } },
{ "type": "Feature", "properties": { "fid": 231.0, "COMPR_M": 232.09, "CLASSE": "02 - Curta", "CD_FAZ": "400534", "TALHOES": "4", "FAZ_tAL": "400534004", "ID_LINHA": 96170 }, "geometry": { "type": "MultiLineString", "coordinates": [ [ [ 425288.770399768895004, 7638101.682371823117137 ], [ 425299.154482552607078, 7638086.249739622697234 ], [ 425309.243538793583866, 7638070.08212604559958 ], [ 425318.808756979182363, 7638053.496045399457216 ], [ 425327.842183518223464, 7638036.472781164571643 ], [ 425336.367274313233793, 7638018.909521719440818 ], [ 425344.377896791032981, 7638000.694653991609812 ], [ 425351.816553016018588, 7637981.789275854825974 ], [ 425358.60904629516881, 7637962.174655556678772 ], [ 425364.672089005063754, 7637941.837792254984379 ], [ 425369.913236453721765, 7637920.774073217064142 ], [ 425374.231413970526773, 7637898.990365591831505 ], [ 425375.722581398906186, 7637888.790812805294991 ] ] ] } },
{ "type": "Feature", "properties": { "fid": 232.0, "COMPR_M": 752.72, "CLASSE": "04 - Longa", "CD_FAZ": "400534", "TALHOES": "1, 4", "FAZ_tAL": "400534001, 400534004", "ID_LINHA": 96171 }, "geometry": { "type": "MultiLineString", "coordinates": [ [ [ 424267.481815916136838, 7638661.207861173897982 ], [ 424275.436192707158625, 7638637.709183318540454 ], [ 424284.679340131289791, 7638612.60558716673404 ], [ 424301.096168052055873, 7638573.266561310738325 ], [ 424311.626298442424741, 7638551.151307492516935 ], [ 424322.6975001822575, 7638530.16761215403676 ], [ 424330.253768668859266, 7638517.067921280860901 ], [ 424341.698420462722424, 7638499.048131863586605 ], [ 424349.351601279049646, 7638488.18484699819237 ], [ 424360.774891354492866, 7638473.674368577077985 ], [ 424372.380094170279335, 7638460.917018458247185 ], [ 424380.744257703248877, 7638452.775501614436507 ], [ 424394.260300560039468, 7638441.096323697827756 ], [ 424408.795138019719161, 7638430.207724361680448 ], [ 424424.158293044485617, 7638420.266745051369071 ], [ 424434.786331944982521, 7638414.217447202652693 ], [ 424451.774574028793722, 7638405.764257272705436 ], [ 424463.93570641009137, 7638400.485631965100765 ], [ 424483.403195645310916, 7638393.141312051564455 ], [ 424497.161862365435809, 7638388.651247237809002 ], [ 424526.446027675876394, 7638380.690925135277212 ], [ 424541.912262327736244, 7638377.232996623031795 ], [ 424566.165429526939988, 7638372.678662976250052 ], [ 424591.79990607406944, 7638368.820571610704064 ], [ 424628.083271027833689, 7638364.652283591218293 ], [ 424666.766194876981899, 7638361.407303621992469 ], [ 424755.288114435621537, 7638355.569538161158562 ], [ 424792.602210681303404, 7638352.568679440766573 ], [ 424832.115100741561037, 7638348.447035117074847 ], [ 424872.541390939615667, 7638342.862281741574407 ] ] ] } },
{ "type": "Feature", "properties": { "fid": 233.0, "COMPR_M": 242.08, "CLASSE": "02 - Curta", "CD_FAZ": "400534", "TALHOES": "4", "FAZ_tAL": "400534004", "ID_LINHA": 96172 }, "geometry": { "type": "MultiLineString", "coordinates": [ [ [ 425282.422242519678548, 7638105.360750699415803 ], [ 425296.636682358570397, 7638084.617764639668167 ], [ 425306.67080488090869, 7638068.538181807845831 ], [ 425316.183537031989545, 7638052.043111901730299 ], [ 425325.166883953439537, 7638035.114221444353461 ], [ 425333.643799711135216, 7638017.650211460888386 ], [ 425341.607899995346088, 7637999.541127720847726 ], [ 425349.002088816661853, 7637980.748763692565262 ], [ 425355.752794078318402, 7637961.254814267158508 ], [ 425361.777473963215016, 7637941.046628856100142 ], [ 425366.984551685280167, 7637920.11983310431242 ], [ 425371.273935540346429, 7637898.481379508972168 ], [ 425373.43850442051189, 7637883.675775439478457 ] ] ] } },
{ "type": "Feature", "properties": { "fid": 234.0, "COMPR_M": 766.7, "CLASSE": "04 - Longa", "CD_FAZ": "400534", "TALHOES": "1, 4", "FAZ_tAL": "400534001, 400534004", "ID_LINHA": 96173 }, "geometry": { "type": "MultiLineString", "coordinates": [ [ [ 424263.76154274365399, 7638662.923124668188393 ], [ 424272.606516269850545, 7638636.712629972025752 ], [ 424281.880053051514551, 7638611.526589810848236 ], [ 424298.363224554574117, 7638572.029075413942337 ], [ 424308.944107231218368, 7638549.807330857031047 ], [ 424320.075740923231933, 7638528.709221799857914 ], [ 424327.680175537476316, 7638515.526085281744599 ], [ 424339.212317602883559, 7638497.36880549415946 ], [ 424346.935463297879323, 7638486.40628588758409 ], [ 424358.483767823665403, 7638471.737354684621096 ], [ 424370.236146561102942, 7638458.818255424499512 ], [ 424378.703358299797401, 7638450.576411087065935 ], [ 424392.379218875372317, 7638438.759071979671717 ], [ 424407.079974523105193, 7638427.746141074225307 ], [ 424422.6153001235798, 7638417.693743887357414 ], [ 424433.361400389054324, 7638411.57723842933774 ], [ 424450.523641065112315, 7638403.037329183891416 ], [ 424462.795944026263896, 7638397.710418529808521 ], [ 424482.421795693342574, 7638390.306248882785439 ], [ 424496.280109185026959, 7638385.783642427995801 ], [ 424525.748468758829404, 7638377.773064457811415 ], [ 424541.299037315358873, 7638374.296265361830592 ], [ 424565.667358833714388, 7638369.720242059789598 ], [ 424600.279014171450399, 7638364.702078541740775 ], [ 424637.24768539564684, 7638360.777212016284466 ], [ 424676.747706775728147, 7638357.700157811865211 ], [ 424755.072556442406494, 7638352.577284798957407 ], [ 424805.235316599719226, 7638348.358742870390415 ], [ 424845.371191961690784, 7638343.760452921502292 ], [ 424879.865320850047283, 7638338.618500749580562 ] ] ] } },
{ "type": "Feature", "properties": { "fid": 235.0, "COMPR_M": 252.1, "CLASSE": "02 - Curta", "CD_FAZ": "400534", "TALHOES": "4", "FAZ_tAL": "400534004", "ID_LINHA": 96174 }, "geometry": { "type": "MultiLineString", "coordinates": [ [ [ 425276.046796351613011, 7638109.054941876791418 ], [ 425294.118882166687399, 7638082.985789654776454 ], [ 425304.098070969455875, 7638066.994237570092082 ], [ 425313.558317086310126, 7638050.590178405866027 ], [ 425322.491584388073534, 7638033.75566172413528 ], [ 425330.920325109094847, 7638016.390901206992567 ], [ 425338.837903199426364, 7637998.387601457536221 ], [ 425346.187624616839457, 7637979.708251532167196 ], [ 425352.896541860536672, 7637960.33497298322618 ], [ 425358.882858920900617, 7637940.255465453490615 ], [ 425364.055866916431114, 7637919.465592993423343 ], [ 425368.316457110689953, 7637897.972393430769444 ], [ 425371.154427442175802, 7637878.560738075524569 ] ] ] } },
{ "type": "Feature", "properties": { "fid": 236.0, "COMPR_M": 780.72, "CLASSE": "04 - Longa", "CD_FAZ": "400534", "TALHOES": "1, 4", "FAZ_tAL": "400534001, 400534004", "ID_LINHA": 96175 }, "geometry": { "type": "MultiLineString", "coordinates": [ [ [ 424260.067340019042604, 7638664.626368165947497 ], [ 424275.930798832327127, 7638618.748061493039131 ], [ 424285.535500306054018, 7638594.215862030163407 ], [ 424295.630281056859531, 7638570.791589513421059 ], [ 424306.261916019953787, 7638548.463354220613837 ], [ 424317.453981663449667, 7638527.250831445679069 ], [ 424328.964824355207384, 7638507.665630651637912 ], [ 424336.726214741996955, 7638495.689479125663638 ], [ 424344.519325319037307, 7638484.627724777907133 ], [ 424356.192644293536432, 7638469.800340794026852 ], [ 424364.018513587012421, 7638460.982866948470473 ], [ 424376.662458895356394, 7638448.377320556901395 ], [ 424390.498137190123089, 7638436.421820260584354 ], [ 424405.364811026549432, 7638425.28455778490752 ], [ 424421.072307203663513, 7638415.120742727071047 ], [ 424431.936468831961975, 7638408.937029654160142 ], [ 424449.27270810113987, 7638400.310401095077395 ], [ 424461.656181641330477, 7638394.935205092653632 ], [ 424481.440395742887631, 7638387.471185713075101 ], [ 424495.398356004210655, 7638382.916037613525987 ], [ 424525.050909843062982, 7638374.855203787796199 ], [ 424540.685812302981503, 7638371.359534103423357 ], [ 424565.16928813996492, 7638366.761821145191789 ], [ 424599.909482357266825, 7638361.724889911711216 ], [ 424636.977354054281022, 7638357.789397874847054 ], [ 424676.543062982149422, 7638354.707141321152449 ], [ 424754.85699844895862, 7638349.585031434893608 ], [ 424804.938992064446211, 7638345.373382860794663 ], [ 424844.979384581500199, 7638340.786090880632401 ], [ 424887.239535747037735, 7638334.345582601614296 ] ] ] } },
{ "type": "Feature", "properties": { "fid": 237.0, "COMPR_M": 262.4, "CLASSE": "02 - Curta", "CD_FAZ": "400534", "TALHOES": "4", "FAZ_tAL": "400534004", "ID_LINHA": 96176 }, "geometry": { "type": "MultiLineString", "coordinates": [ [ [ 425269.59178833628539, 7638112.795234404504299 ], [ 425281.178136134112719, 7638096.844204427674413 ], [ 425291.60108197433874, 7638081.353814671747386 ], [ 425301.52533705777023, 7638065.450293332338333 ], [ 425310.933097140397877, 7638049.137244909070432 ], [ 425319.816284824162722, 7638032.397102004848421 ], [ 425328.196850506472401, 7638015.131590945646167 ], [ 425336.067906403448433, 7637997.234075186774135 ], [ 425343.373160417948384, 7637978.667739370837808 ], [ 425350.040289642580319, 7637959.415131697431207 ], [ 425355.988243878935464, 7637939.46430205181241 ], [ 425361.1271821478731, 7637918.811352882534266 ], [ 425365.358978680858854, 7637897.463407353498042 ], [ 425368.780193322745617, 7637873.243799829855561 ] ] ] } },
{ "type": "Feature", "properties": { "fid": 238.0, "COMPR_M": 795.08, "CLASSE": "04 - Longa", "CD_FAZ": "400534", "TALHOES": "1, 4", "FAZ_tAL": "400534001, 400534004", "ID_LINHA": 96177 }, "geometry": { "type": "MultiLineString", "coordinates": [ [ [ 424256.373902882449329, 7638666.329258681274951 ], [ 424263.930724511097651, 7638643.410937174223363 ], [ 424273.120666346803773, 7638617.697642836719751 ], [ 424282.76022230356466, 7638593.076512789353728 ], [ 424292.897337559959851, 7638569.554103613831103 ], [ 424303.579724807932507, 7638547.119377586990595 ], [ 424314.832222403667402, 7638525.792441088706255 ], [ 424326.418239273421932, 7638506.079563740640879 ], [ 424334.240111883322243, 7638494.010152755305171 ], [ 424342.103187338623684, 7638482.849163666367531 ], [ 424353.901520762243308, 7638467.863326902501285 ], [ 424361.824153847293928, 7638458.936863461509347 ], [ 424374.62155949184671, 7638446.178230031393468 ], [ 424388.617055504233576, 7638434.08456854056567 ], [ 424403.649647529993672, 7638422.822974495589733 ], [ 424419.529314283921849, 7638412.547741563990712 ], [ 424430.511537276441231, 7638406.296820880845189 ], [ 424448.02177513751667, 7638397.583473007194698 ], [ 424460.516419257386588, 7638392.15999165456742 ], [ 424480.458995791792404, 7638384.636122546158731 ], [ 424494.516602825606242, 7638380.048432802781463 ], [ 424524.353350927121937, 7638371.937343113124371 ], [ 424540.072587290778756, 7638368.422802844084799 ], [ 424564.671217448252719, 7638363.803400227800012 ], [ 424599.539950546168257, 7638358.747701279819012 ], [ 424636.707022713439073, 7638354.801583735272288 ], [ 424676.33841918775579, 7638351.714124827645719 ], [ 424754.641440455277916, 7638346.592778071761131 ], [ 424804.642667529114988, 7638342.388022850267589 ], [ 424831.044950156763662, 7638339.510741977021098 ], [ 424858.352853125950787, 7638335.911984082311392 ], [ 424894.930971511697862, 7638329.888853867538273 ] ] ] } },
{ "type": "Feature", "properties": { "fid": 239.0, "COMPR_M": 273.42, "CLASSE": "02 - Curta", "CD_FAZ": "400534", "TALHOES": "4", "FAZ_tAL": "400534004", "ID_LINHA": 96178 }, "geometry": { "type": "MultiLineString", "coordinates": [ [ [ 425262.690433624724392, 7638116.794158248230815 ], [ 425278.717623516335152, 7638095.127089707180858 ], [ 425289.08328178152442, 7638079.721839686855674 ], [ 425298.952603144745808, 7638063.906349092721939 ], [ 425308.307877193437889, 7638047.684311411343515 ], [ 425317.140985257050488, 7638031.038542285561562 ], [ 425325.473375904723071, 7638013.872280690819025 ], [ 425333.297909608518239, 7637996.080548919737339 ], [ 425340.558696217311081, 7637977.627227207645774 ], [ 425347.184037424391136, 7637958.495290410704911 ], [ 425353.093628837144934, 7637938.673138646408916 ], [ 425358.198497378267348, 7637918.157112770713866 ], [ 425362.401500250329264, 7637896.954421273432672 ], [ 425366.287041121046059, 7637867.660552511923015 ] ] ] } },
{ "type": "Feature", "properties": { "fid": 240.0, "COMPR_M": 809.55, "CLASSE": "04 - Longa", "CD_FAZ": "400534", "TALHOES": "1, 4", "FAZ_tAL": "400534001, 400534004", "ID_LINHA": 96179 }, "geometry": { "type": "MultiLineString", "coordinates": [ [ [ 424252.680465746321715, 7638668.032149198465049 ], [ 424261.092283084115479, 7638642.439638825133443 ], [ 424270.310533860174473, 7638616.647224176675081 ], [ 424279.984944298979826, 7638591.93716355226934 ], [ 424290.164394062070642, 7638568.316617716103792 ], [ 424300.897533596493304, 7638545.775400947779417 ], [ 424312.210463143128436, 7638524.334050736390054 ], [ 424323.871654190821573, 7638504.493496833369136 ], [ 424331.754009022843093, 7638492.330826386809349 ], [ 424339.687049360014498, 7638481.070602552965283 ], [ 424351.610397230950184, 7638465.926313012838364 ], [ 424359.629794108273927, 7638456.890859976410866 ], [ 424372.580660087289289, 7638443.979139501228929 ], [ 424386.735973819741048, 7638431.74731682240963 ], [ 424401.934484033554327, 7638420.361391207203269 ], [ 424417.986321363248862, 7638409.974740400910378 ], [ 424429.086605719930958, 7638403.656612105667591 ], [ 424446.770842172380071, 7638394.856544921174645 ], [ 424459.376656872336753, 7638389.384778214618564 ], [ 424486.482504725339822, 7638379.446585804224014 ], [ 424500.931800416146871, 7638375.004597167484462 ], [ 424523.655792011122685, 7638369.019482439383864 ], [ 424539.459362277179025, 7638365.486071584746242 ], [ 424564.173146756715141, 7638360.844979313202202 ], [ 424599.17041873279959, 7638355.770512649789453 ], [ 424636.436691372422501, 7638351.813769595697522 ], [ 424676.133775395748671, 7638348.721108336001635 ], [ 424766.556129258591682, 7638342.699277073144913 ], [ 424817.404012705141213, 7638338.047143652103841 ], [ 424857.922756045649294, 7638332.942906402051449 ], [ 424902.723755505983718, 7638325.373399869538844 ] ] ] } },
{ "type": "Feature", "properties": { "fid": 241.0, "COMPR_M": 284.44, "CLASSE": "02 - Curta", "CD_FAZ": "400534", "TALHOES": "4", "FAZ_tAL": "400534004", "ID_LINHA": 96180 }, "geometry": { "type": "MultiLineString", "coordinates": [ [ [ 425255.789078909903765, 7638120.793082093819976 ], [ 425276.257110897218809, 7638093.409974988549948 ], [ 425286.565481588244438, 7638078.089864704757929 ], [ 425296.379869232187048, 7638062.36240485496819 ], [ 425305.682657247467432, 7638046.231377918273211 ], [ 425314.465685693314299, 7638029.679982564412057 ], [ 425322.749901301751379, 7638012.612970434129238 ], [ 425330.52791281149257, 7637994.927022652700543 ], [ 425337.744232017546892, 7637976.586715045385063 ], [ 425344.327785205328837, 7637957.575449123047292 ], [ 425350.199013795645442, 7637937.881975246593356 ], [ 425355.269812608952634, 7637917.502872660756111 ], [ 425359.444021821720526, 7637896.445435189642012 ], [ 425362.610735860827845, 7637874.78518002294004 ], [ 425363.793888919753954, 7637862.077305188402534 ] ] ] } },
{ "type": "Feature", "properties": { "fid": 242.0, "COMPR_M": 824.32, "CLASSE": "04 - Longa", "CD_FAZ": "400534", "TALHOES": "1, 4", "FAZ_tAL": "400534001, 400534004", "ID_LINHA": 96181 }, "geometry": { "type": "MultiLineString", "coordinates": [ [ [ 424248.999839170312043, 7638669.729133294895291 ], [ 424258.2538416570751, 7638641.46834047883749 ], [ 424267.500401374418288, 7638615.596805522218347 ], [ 424277.209666294918861, 7638590.797814312390983 ], [ 424287.431450565112755, 7638567.079131815582514 ], [ 424298.215342383657116, 7638544.431424311362207 ], [ 424309.588703883928247, 7638522.875660379417241 ], [ 424321.325069110142067, 7638502.907429922372103 ], [ 424329.267906163295265, 7638490.651500015519559 ], [ 424337.270911378436722, 7638479.292041443288326 ], [ 424349.31927370041376, 7638463.989299120381474 ], [ 424357.435434368497226, 7638454.844856491312385 ], [ 424370.539760683779605, 7638441.780048972927034 ], [ 424384.854892133385874, 7638429.410065103322268 ], [ 424400.219320537173189, 7638417.89980791695416 ], [ 424416.443328442750499, 7638407.401739235967398 ], [ 424427.6616741635371, 7638401.016403330489993 ], [ 424445.519909209513571, 7638392.129616833291948 ], [ 424458.236894487636164, 7638386.609564777463675 ], [ 424485.551538820203859, 7638376.59457085840404 ], [ 424500.098012044094503, 7638372.12268740683794 ], [ 424522.958233093027957, 7638366.101621763780713 ], [ 424538.84613726567477, 7638362.549340325407684 ], [ 424563.675076063256711, 7638357.886558396741748 ], [ 424598.800886921118945, 7638352.793324017897248 ], [ 424636.166360031813383, 7638348.825955456122756 ], [ 424675.929131602111738, 7638345.728091842494905 ], [ 424766.325432552373968, 7638339.708148481324315 ], [ 424817.07913713454036, 7638335.064747529104352 ], [ 424843.803962440229952, 7638331.863004760816693 ], [ 424871.398872916121036, 7638327.863963475450873 ], [ 424910.800332242681179, 7638320.693504884839058 ] ] ] } },
{ "type": "Feature", "properties": { "fid": 243.0, "COMPR_M": 295.9, "CLASSE": "02 - Curta", "CD_FAZ": "400534", "TALHOES": "4", "FAZ_tAL": "400534004", "ID_LINHA": 96182 }, "geometry": { "type": "MultiLineString", "coordinates": [ [ [ 425248.477753488812596, 7638125.029559535905719 ], [ 425263.069805988459848, 7638106.519664774648845 ], [ 425273.79659827996511, 7638091.692860271781683 ], [ 425284.047681395721156, 7638076.457889720797539 ], [ 425293.807135322131217, 7638060.818460618145764 ], [ 425303.057437300507445, 7638044.778444418683648 ], [ 425311.790386128355749, 7638028.321422847919166 ], [ 425320.026426700176671, 7638011.353660175576806 ], [ 425327.757916016271338, 7637993.77349638286978 ], [ 425334.929767818073742, 7637975.546202881261706 ], [ 425341.471532988653053, 7637956.655607838183641 ], [ 425347.30439875239972, 7637937.090811843052506 ], [ 425352.341127840569243, 7637916.848632549867034 ], [ 425356.486543390958104, 7637895.936449110507965 ], [ 425359.630933458392974, 7637874.42888942733407 ], [ 425361.300736717996188, 7637856.494057869538665 ] ] ] } },
{ "type": "Feature", "properties": { "fid": 244.0, "COMPR_M": 839.38, "CLASSE": "04 - Longa", "CD_FAZ": "400534", "TALHOES": "1, 4", "FAZ_tAL": "400534001, 400534004", "ID_LINHA": 96183 }, "geometry": { "type": "MultiLineString", "coordinates": [ [ [ 424245.33122675208142, 7638671.420578164979815 ], [ 424255.415400229394436, 7638640.49704213347286 ], [ 424264.690268889535218, 7638614.546386865898967 ], [ 424274.434388292720541, 7638589.658465072512627 ], [ 424284.698507066466846, 7638565.841645918786526 ], [ 424295.533151173382066, 7638543.087447674013674 ], [ 424306.966944624553435, 7638521.417270024307072 ], [ 424318.778484028007369, 7638501.321363013237715 ], [ 424326.781803303339984, 7638488.972173646092415 ], [ 424334.854773399943952, 7638477.513480328023434 ], [ 424347.028150169295259, 7638462.05228522978723 ], [ 424355.241074628720526, 7638452.798853006213903 ], [ 424368.498861279862467, 7638439.580958444625139 ], [ 424382.973810449708253, 7638427.072813384234905 ], [ 424398.504157040151767, 7638415.438224628567696 ], [ 424414.900335521902889, 7638404.828738072887063 ], [ 424426.23674260743428, 7638398.376194555312395 ], [ 424444.268976245773956, 7638389.402688743546605 ], [ 424457.097132102586329, 7638383.834351341240108 ], [ 424484.620572915882803, 7638373.742555916309357 ], [ 424499.264223671751097, 7638369.240777648985386 ], [ 424522.26067417813465, 7638363.183761091902852 ], [ 424538.23291225353023, 7638359.612609067931771 ], [ 424563.177005370613188, 7638354.928137481212616 ], [ 424598.431355107924901, 7638349.816135387867689 ], [ 424635.896028690389358, 7638345.838141318410635 ], [ 424675.724487808998674, 7638342.735075350850821 ], [ 424766.094735845457762, 7638336.717019887641072 ], [ 424816.754261564172339, 7638332.082351407967508 ], [ 424843.412155059340876, 7638328.888642719946802 ], [ 424870.927262139099184, 7638324.901184293441474 ], [ 424899.319837105984334, 7638319.936687353998423 ], [ 424919.144980967161246, 7638315.858278160914779 ] ] ] } },
{ "type": "Feature", "properties": { "fid": 245.0, "COMPR_M": 307.76, "CLASSE": "03 - Média", "CD_FAZ": "400534", "TALHOES": "4", "FAZ_tAL": "400534004", "ID_LINHA": 96184 }, "geometry": { "type": "MultiLineString", "coordinates": [ [ [ 425240.951683224644512, 7638129.390468817204237 ], [ 425260.668864196864888, 7638104.720209968276322 ], [ 425271.336085661430843, 7638089.975745549425483 ], [ 425281.529881202790421, 7638074.825914736837149 ], [ 425291.234401409281418, 7638059.274516379460692 ], [ 425300.432217354536988, 7638043.325510920956731 ], [ 425309.115086562815122, 7638026.962863124907017 ], [ 425317.302952096739318, 7638010.094349919818342 ], [ 425324.98791921895463, 7637992.619970114901662 ], [ 425332.115303618134931, 7637974.505690721794963 ], [ 425338.615280771104153, 7637955.735766552388668 ], [ 425344.409783710725605, 7637936.299648441374302 ], [ 425349.412443071778398, 7637916.194392437115312 ], [ 425353.529064961418044, 7637895.427463032305241 ], [ 425356.651131056249142, 7637874.072598835453391 ], [ 425358.732729992771056, 7637850.743178856559098 ] ] ] } },
{ "type": "Feature", "properties": { "fid": 246.0, "COMPR_M": 854.65, "CLASSE": "05 - Muito longa", "CD_FAZ": "400534", "TALHOES": "1, 4", "FAZ_tAL": "400534001, 400534004", "ID_LINHA": 96185 }, "geometry": { "type": "MultiLineString", "coordinates": [ [ [ 424241.662614335131366, 7638673.112023033201694 ], [ 424249.572241852525622, 7638648.432743307203054 ], [ 424258.728838497772813, 7638622.056434575468302 ], [ 424268.343354977318086, 7638596.726873273029923 ], [ 424278.468332527962048, 7638572.457923056557775 ], [ 424289.154874557978474, 7638549.24779209587723 ], [ 424300.453606344293803, 7638527.082211639732122 ], [ 424312.238616750459187, 7638506.275069303810596 ], [ 424320.252076455042697, 7638493.405928716063499 ], [ 424328.359133202582598, 7638481.401123775169253 ], [ 424340.631043221394066, 7638465.090552193112671 ], [ 424353.046714888187125, 7638450.752849519252777 ], [ 424366.457961875654291, 7638437.381867915391922 ], [ 424381.092728763469495, 7638424.735561667010188 ], [ 424396.788993543130346, 7638412.976641341112554 ], [ 424413.357342600647826, 7638402.255736911669374 ], [ 424424.811811050167307, 7638395.735985780134797 ], [ 424443.018043281103019, 7638386.675760654732585 ], [ 424455.957369718409609, 7638381.059137903153896 ], [ 424483.689607010339387, 7638370.890540972352028 ], [ 424498.430435299815144, 7638366.358867892995477 ], [ 424521.563115261844359, 7638360.265900418162346 ], [ 424537.619687240803614, 7638356.675877807661891 ], [ 424562.67893467808608, 7638351.969716565683484 ], [ 424598.061823294381611, 7638346.83894675783813 ], [ 424635.625697348790709, 7638342.850327178835869 ], [ 424675.51984401489608, 7638339.742058859206736 ], [ 424765.864039141160902, 7638333.725891293957829 ], [ 424816.429385995317716, 7638329.099955288693309 ], [ 424843.020347678859252, 7638325.914280678145587 ], [ 424870.45565136015648, 7638321.938405113294721 ], [ 424898.75487083545886, 7638316.990254450589418 ], [ 424927.684115497977473, 7638310.910358500666916 ] ] ] } },
{ "type": "Feature", "properties": { "fid": 247.0, "COMPR_M": 320.36, "CLASSE": "03 - Média", "CD_FAZ": "400534", "TALHOES": "4", "FAZ_tAL": "400534004", "ID_LINHA": 96186 }, "geometry": { "type": "MultiLineString", "coordinates": [ [ [ 425233.099560474860482, 7638133.940306087955832 ], [ 425247.203416319505777, 7638117.176379477605224 ], [ 425258.267922407132573, 7638102.920755160972476 ], [ 425268.875573041383177, 7638088.258630830794573 ], [ 425279.012081010674592, 7638073.193939751945436 ], [ 425288.661667496431619, 7638057.730572141706944 ], [ 425297.806997408159077, 7638041.872577426023781 ], [ 425306.43978699867148, 7638025.604303404688835 ], [ 425314.579477495397441, 7638008.83503966126591 ], [ 425322.217922424024437, 7637991.466443846933544 ], [ 425329.30083941842895, 7637973.465178562328219 ], [ 425335.759028552623931, 7637954.81592526473105 ], [ 425341.515168669982813, 7637935.508485039696097 ], [ 425346.483758301241323, 7637915.54015232808888 ], [ 425350.571586531121284, 7637894.918476953171194 ], [ 425353.67132865433814, 7637873.716308237984776 ], [ 425355.985209925973322, 7637844.590291745960712 ] ] ] } },
{ "type": "Feature", "properties": { "fid": 248.0, "COMPR_M": 870.53, "CLASSE": "05 - Muito longa", "CD_FAZ": "400534", "TALHOES": "1, 4", "FAZ_tAL": "400534001, 400534004", "ID_LINHA": 96187 }, "geometry": { "type": "MultiLineString", "coordinates": [ [ [ 424237.994001916667912, 7638674.803467901423573 ], [ 424246.725663986406289, 7638647.48556412383914 ], [ 424255.90858743962599, 7638621.033502912148833 ], [ 424265.555674454779364, 7638595.618224992416799 ], [ 424275.720387947105337, 7638571.254125224426389 ], [ 424286.454774455400184, 7638547.940176649019122 ], [ 424297.810409531812184, 7638525.663061602972448 ], [ 424309.665023617330007, 7638504.73323330655694 ], [ 424317.734612378582824, 7638491.774013696238399 ], [ 424325.906761845515575, 7638479.672888839617372 ], [ 424338.295401717186905, 7638463.207481390796602 ], [ 424350.852355148992501, 7638448.706846033222973 ], [ 424364.417062472435646, 7638435.18277738429606 ], [ 424379.211647078569513, 7638422.398309947922826 ], [ 424395.0738300482044, 7638410.515058051794767 ], [ 424411.814349681022577, 7638399.682735748589039 ], [ 424423.386879494471941, 7638393.095777006819844 ], [ 424441.767110317421611, 7638383.94883256778121 ], [ 424454.817607333243359, 7638378.28392446693033 ], [ 424482.758641106309369, 7638368.038526031188667 ], [ 424497.596646927588154, 7638363.476958132348955 ], [ 424520.86555634404067, 7638357.34803974442184 ], [ 424537.006462228717282, 7638353.739146547392011 ], [ 424562.180863985617179, 7638349.01129564922303 ], [ 424597.692291482642759, 7638343.861758125945926 ], [ 424635.355366008298006, 7638339.862513037398458 ], [ 424675.315200222597923, 7638336.749042366631329 ], [ 424765.633342434826773, 7638330.734762703068554 ], [ 424803.16104485449614, 7638327.461222803220153 ], [ 424829.261365851096343, 7638324.616920072585344 ], [ 424856.202367729274556, 7638321.066595671698451 ], [ 424883.980238619318698, 7638316.643113495782018 ], [ 424912.604631067719311, 7638311.152279872447252 ], [ 424936.77275852242019, 7638305.644031406380236 ] ] ] } },
{ "type": "Feature", "properties": { "fid": 249.0, "COMPR_M": 318.07, "CLASSE": "03 - Média", "CD_FAZ": "400534", "TALHOES": "4", "FAZ_tAL": "400534004", "ID_LINHA": 96188 }, "geometry": { "type": "MultiLineString", "coordinates": [ [ [ 425224.819039817899466, 7638138.738374419510365 ], [ 425244.864280269190203, 7638115.297293510288 ], [ 425255.866980615188368, 7638101.121300355531275 ], [ 425266.415060424653348, 7638086.541516113094985 ], [ 425276.494280818093102, 7638071.561964768916368 ], [ 425286.08893358532805, 7638056.186627903953195 ], [ 425295.181777462130412, 7638040.419643930159509 ], [ 425303.764487433363684, 7638024.245743687264621 ], [ 425311.856002893531695, 7638007.575729405507445 ], [ 425319.447925627639052, 7637990.312917578965425 ], [ 425326.4863752189558, 7637972.424666400998831 ], [ 425332.902776334609371, 7637953.896083978936076 ], [ 425338.620553628192283, 7637934.717321636155248 ], [ 425343.555073533672839, 7637914.88591221626848 ], [ 425347.614108101348393, 7637894.409490873105824 ], [ 425350.691526252019685, 7637873.360017645172775 ], [ 425352.515265552443452, 7637853.771807497367263 ] ] ] } },
{ "type": "Feature", "properties": { "fid": 250.0, "COMPR_M": 886.76, "CLASSE": "05 - Muito longa", "CD_FAZ": "400534", "TALHOES": "1, 4", "FAZ_tAL": "400534001, 400534004", "ID_LINHA": 96189 }, "geometry": { "type": "MultiLineString", "coordinates": [ [ [ 424234.347028356627561, 7638676.484935991466045 ], [ 424243.879086121160071, 7638646.538384936749935 ], [ 424253.088336381013505, 7638620.010571248829365 ], [ 424262.767993933637626, 7638594.509576711803675 ], [ 424272.972443366365042, 7638570.050327394157648 ], [ 424283.7546743551502, 7638546.632561203092337 ], [ 424295.16721271967981, 7638524.243911568075418 ], [ 424307.091430487809703, 7638503.191397311165929 ], [ 424315.217148302064743, 7638490.142098674550653 ], [ 424323.454390486702323, 7638477.944653900340199 ], [ 424335.959760211175308, 7638461.324410585686564 ], [ 424348.657995411078446, 7638446.660842549055815 ], [ 424362.376163068111055, 7638432.983686858788133 ], [ 424377.330565391748678, 7638420.061058228835464 ], [ 424393.358666551299393, 7638408.053474762476981 ], [ 424410.271356760989875, 7638397.109734584577382 ], [ 424421.961947938369121, 7638390.455568231642246 ], [ 424440.516177352168597, 7638381.221904479898512 ], [ 424453.677844947669655, 7638375.508711026981473 ], [ 424481.827675201115198, 7638365.186511086300015 ], [ 424496.762858556467108, 7638360.595048371702433 ], [ 424520.167997428914532, 7638354.430179066956043 ], [ 424536.393237216165289, 7638350.80241528712213 ], [ 424561.682793292682618, 7638346.052874732762575 ], [ 424597.322759669332299, 7638340.884569493122399 ], [ 424635.085034666350111, 7638336.874698897823691 ], [ 424675.110556429426651, 7638333.756025874055922 ], [ 424765.402645729132928, 7638327.743634108453989 ], [ 424802.864720320445485, 7638324.475862793624401 ], [ 424828.904648989788257, 7638321.638155692256987 ], [ 424855.77227064903127, 7638318.097517991438508 ], [ 424883.463719463325106, 7638313.687818444333971 ], [ 424911.987639186554588, 7638308.216283117420971 ], [ 424946.197461005067453, 7638300.182977881282568 ] ] ] } },
{ "type": "Feature", "properties": { "fid": 251.0, "COMPR_M": 325.13, "CLASSE": "03 - Média", "CD_FAZ": "400534", "TALHOES": "4", "FAZ_tAL": "400534004", "ID_LINHA": 96190 }, "geometry": { "type": "MultiLineString", "coordinates": [ [ [ 425216.110153693764005, 7638143.784655016846955 ], [ 425231.144681349862367, 7638127.109153158031404 ], [ 425242.52514421811793, 7638113.418207549490035 ], [ 425253.466038824408315, 7638099.321845550090075 ], [ 425263.95454780588625, 7638084.824401393532753 ], [ 425273.976480624987744, 7638069.929989781230688 ], [ 425283.516199673409574, 7638054.642683664336801 ], [ 425292.556557514413726, 7638038.966710433363914 ], [ 425301.089187868812587, 7638022.887183967977762 ], [ 425309.132528291200288, 7638006.316419146955013 ], [ 425316.67792883241782, 7637989.15939131192863 ], [ 425323.671911019075196, 7637971.384154235944152 ], [ 425330.046524117002264, 7637952.976242695003748 ], [ 425335.725938585936092, 7637933.926158234477043 ], [ 425340.626388765056618, 7637914.231672102585435 ], [ 425344.656629671459086, 7637893.900504792109132 ], [ 425347.711723849992268, 7637873.003727052360773 ], [ 425349.472038475447334, 7637854.096741385757923 ] ] ] } },
{ "type": "Feature", "properties": { "fid": 252.0, "COMPR_M": 903.46, "CLASSE": "05 - Muito longa", "CD_FAZ": "400534", "TALHOES": "1, 4", "FAZ_tAL": "400534001, 400534004", "ID_LINHA": 96191 }, "geometry": { "type": "MultiLineString", "coordinates": [ [ [ 424230.701338804792613, 7638678.165812078863382 ], [ 424241.032508254167624, 7638645.591205751523376 ], [ 424250.268085322808474, 7638618.987639583647251 ], [ 424259.980313411797397, 7638593.400928432121873 ], [ 424270.224498784984462, 7638568.846529562026262 ], [ 424281.054574253153987, 7638545.324945754371583 ], [ 424292.524015907314606, 7638522.824761528521776 ], [ 424304.517837356193922, 7638501.649561313912272 ], [ 424312.699684226070531, 7638488.510183657519519 ], [ 424321.00201912940247, 7638476.216418957337737 ], [ 424333.624118708539754, 7638459.44133978150785 ], [ 424346.46363567118533, 7638444.614839062094688 ], [ 424360.335263663495425, 7638430.784596330486238 ], [ 424375.449483707663603, 7638417.723806507885456 ], [ 424391.643503055151086, 7638405.591891473159194 ], [ 424402.947025452100206, 7638398.093655458651483 ], [ 424420.537016381858848, 7638387.815359456464648 ], [ 424439.26524438924389, 7638378.494976392947137 ], [ 424452.538082563027274, 7638372.733497591689229 ], [ 424480.896709295397159, 7638362.334496142342687 ], [ 424495.929070183774456, 7638357.713138611987233 ], [ 424519.470438512274995, 7638351.512318395078182 ], [ 424535.780012202914804, 7638347.86568402685225 ], [ 424561.184722600446548, 7638343.094453817233443 ], [ 424596.95322785701137, 7638337.907380862161517 ], [ 424634.814703326090239, 7638333.886884758248925 ], [ 424674.905912635324057, 7638330.763009382411838 ], [ 424765.171949022740591, 7638324.752505513839424 ], [ 424802.568395784939639, 7638321.490502781234682 ], [ 424828.547932127607055, 7638318.659391310065985 ], [ 424869.040819027577527, 7638313.050067573785782 ], [ 424897.059972022543661, 7638308.150955751538277 ], [ 424925.869749336852692, 7638302.094323849305511 ], [ 424956.040348601760343, 7638294.479611 ] ] ] } },
{ "type": "Feature", "properties": { "fid": 253.0, "COMPR_M": 332.74, "CLASSE": "03 - Média", "CD_FAZ": "400534", "TALHOES": "4", "FAZ_tAL": "400534004", "ID_LINHA": 96192 }, "geometry": { "type": "MultiLineString", "coordinates": [ [ [ 425206.899973217747174, 7638149.121405819430947 ], [ 425228.869558739592321, 7638125.153057627379894 ], [ 425240.186008167627733, 7638111.539121584966779 ], [ 425261.494035187643021, 7638083.107286673039198 ], [ 425271.4586804327555, 7638068.298014800995588 ], [ 425280.943465760792606, 7638053.098739430308342 ], [ 425289.931337569665629, 7638037.513776935636997 ], [ 425298.413888302980922, 7638021.528624246828258 ], [ 425306.40905368886888, 7638005.057108888402581 ], [ 425313.907932036381681, 7637988.005865043029189 ], [ 425320.857446818728931, 7637970.343642075546086 ], [ 425327.190271899220534, 7637952.056401407346129 ], [ 425332.831323543970939, 7637933.134994830936193 ], [ 425337.697703996032942, 7637913.577431994490325 ], [ 425341.699151240871288, 7637893.391518712975085 ], [ 425344.731921446276829, 7637872.647436453960836 ], [ 425346.429422802524641, 7637854.4151083631441 ] ] ] } },
{ "type": "Feature", "properties": { "fid": 254.0, "COMPR_M": 921.08, "CLASSE": "05 - Muito longa", "CD_FAZ": "400534", "TALHOES": "1, 4", "FAZ_tAL": "400534001, 400534004", "ID_LINHA": 96193 }, "geometry": { "type": "MultiLineString", "coordinates": [ [ [ 424227.055649254762102, 7638679.846688161604106 ], [ 424235.19566768821096, 7638653.756360113620758 ], [ 424244.309751901892014, 7638626.747096518054605 ], [ 424253.887182264821604, 7638600.736616247333586 ], [ 424263.985299759660847, 7638575.745183598250151 ], [ 424274.659061994869262, 7638551.779276935383677 ], [ 424285.9644813464256, 7638528.828933257609606 ], [ 424297.880973468883894, 7638507.02159905154258 ], [ 424310.182220149261411, 7638486.878268636763096 ], [ 424322.774083499680273, 7638468.62067477311939 ], [ 424335.572532515623607, 7638452.36721577309072 ], [ 424344.269275930593722, 7638442.568835578858852 ], [ 424358.29436426050961, 7638428.585505802184343 ], [ 424373.568402022356167, 7638415.386554790660739 ], [ 424389.928339557722211, 7638403.130308186635375 ], [ 424401.345923665852752, 7638395.556405311450362 ], [ 424419.112084825581405, 7638385.175150683149695 ], [ 424438.014311424747575, 7638375.768048306927085 ], [ 424451.398320177337155, 7638369.958284155465662 ], [ 424479.965743392473087, 7638359.482481201179326 ], [ 424510.75434148061322, 7638350.574665304273367 ], [ 424526.911725712183397, 7638346.712717972695827 ], [ 424552.046342387213372, 7638341.644442720338702 ], [ 424587.411669456865638, 7638336.113207331858575 ], [ 424624.867222951725125, 7638331.809124020859599 ], [ 424664.382839298457839, 7638328.493395639583468 ], [ 424777.17604609526461, 7638320.783111801370978 ], [ 424815.129883716464974, 7638317.170370800420642 ], [ 424841.453118156699929, 7638314.016832517459989 ], [ 424882.430681150290184, 7638307.777228342369199 ], [ 424910.753655423526652, 7638302.344289612956345 ], [ 424939.815252303553279, 7638295.65612231194973 ], [ 424966.703496612200979, 7638288.300952084362507 ] ] ] } },
{ "type": "Feature", "properties": { "fid": 255.0, "COMPR_M": 341.32, "CLASSE": "03 - Média", "CD_FAZ": "400534", "TALHOES": "4", "FAZ_tAL": "400534004", "ID_LINHA": 96194 }, "geometry": { "type": "MultiLineString", "coordinates": [ [ [ 425196.835979844210669, 7638154.952890323475003 ], [ 425214.918358049995732, 7638136.328838450834155 ], [ 425226.594436128856614, 7638123.196962093934417 ], [ 425248.664155241742264, 7638095.722935935482383 ], [ 425259.033522568759508, 7638081.390171955339611 ], [ 425268.940880239999387, 7638066.666039817035198 ], [ 425278.370731848641299, 7638051.554795192554593 ], [ 425287.306117623928003, 7638036.060843439772725 ], [ 425295.738588738604449, 7638020.170064525678754 ], [ 425303.685579086013604, 7638003.797798631712794 ], [ 425311.137935242149979, 7637986.852338775061071 ], [ 425318.042982620652765, 7637969.303129913285375 ], [ 425324.334019681846257, 7637951.136560121551156 ], [ 425329.936708501540124, 7637932.343831431120634 ], [ 425334.769019227300305, 7637912.923191881738603 ], [ 425338.741672812087927, 7637892.882532633841038 ], [ 425341.752119045471773, 7637872.291145860217512 ], [ 425343.387662000022829, 7637854.724293465726078 ] ] ] } },
{ "type": "Feature", "properties": { "fid": 256.0, "COMPR_M": 939.64, "CLASSE": "05 - Muito longa", "CD_FAZ": "400534", "TALHOES": "1, 4", "FAZ_tAL": "400534001, 400534004", "ID_LINHA": 96195 }, "geometry": { "type": "MultiLineString", "coordinates": [ [ [ 424223.415412270696834, 7638681.525050298310816 ], [ 424232.341551191173494, 7638652.832153668627143 ], [ 424241.480075463885441, 7638625.750543173402548 ], [ 424251.087895186850801, 7638599.657618889585137 ], [ 424261.223255343094934, 7638574.574108453467488 ], [ 424271.94205538573442, 7638550.507172388955951 ], [ 424283.30123278289102, 7638527.447790822014213 ], [ 424295.282361852179747, 7638505.522333356551826 ], [ 424307.664756072976161, 7638485.246353616006672 ], [ 424320.35794552101288, 7638466.842113661579788 ], [ 424333.281408984330483, 7638450.430201882496476 ], [ 424342.074916191224474, 7638440.522832092829049 ], [ 424356.253464855253696, 7638426.386415271088481 ], [ 424371.687320337689016, 7638413.049303071573377 ], [ 424388.213176062330604, 7638400.668724894523621 ], [ 424399.744821880420204, 7638393.019155158661306 ], [ 424417.687153268838301, 7638382.534941907972097 ], [ 424430.24817846895894, 7638376.112126835621893 ], [ 424443.434089143236633, 7638370.064474457874894 ], [ 424457.234432688448578, 7638364.397860622033477 ], [ 424479.034777486347593, 7638356.630466256290674 ], [ 424510.012662672961596, 7638347.667700201272964 ], [ 424526.256987899076194, 7638343.784956853836775 ], [ 424551.511618565302342, 7638338.692420642822981 ], [ 424587.01273885415867, 7638333.139810578897595 ], [ 424624.574854944134131, 7638328.823382239788771 ], [ 424664.166170609882101, 7638325.501222187653184 ], [ 424776.926832365978044, 7638317.793463784269989 ], [ 424814.805008147435728, 7638314.18797467648983 ], [ 424841.061310776509345, 7638311.042470476590097 ], [ 424881.914161993190646, 7638304.821933289989829 ], [ 424910.136663542827591, 7638299.408292857930064 ], [ 424939.083387233549729, 7638292.746592463925481 ], [ 424953.802163522457704, 7638288.879611365497112 ], [ 424978.210061906429473, 7638281.633583106100559 ] ] ] } },
{ "type": "Feature", "properties": { "fid": 257.0, "COMPR_M": 350.64, "CLASSE": "03 - Média", "CD_FAZ": "400534", "TALHOES": "4", "FAZ_tAL": "400534004", "ID_LINHA": 96196 }, "geometry": { "type": "MultiLineString", "coordinates": [ [ [ 425186.116980362858158, 7638161.163911842741072 ], [ 425200.688497183960862, 7638146.947711203247309 ], [ 425212.709449243964627, 7638134.29827344045043 ], [ 425235.507736065599602, 7638107.780949658714235 ], [ 425246.263213450438343, 7638093.923481130972505 ], [ 425266.423080047476105, 7638065.034064832143486 ], [ 425275.797997937072068, 7638050.010850951075554 ], [ 425284.680897677782923, 7638034.60790994297713 ], [ 425293.063289172947407, 7638018.811504807323217 ], [ 425300.962104483973235, 7638002.538488375023007 ], [ 425308.367938445764594, 7637985.698812507092953 ], [ 425315.228518420131877, 7637968.262617753818631 ], [ 425321.477767463598866, 7637950.216718832030892 ], [ 425327.042093460680917, 7637931.552668027579784 ], [ 425331.840334458160214, 7637912.268951770849526 ], [ 425335.784194381849375, 7637892.373546553775668 ], [ 425338.77231664158171, 7637871.934855264611542 ], [ 425340.347088227747008, 7637855.02072904445231 ] ] ] } },
{ "type": "Feature", "properties": { "fid": 258.0, "COMPR_M": 959.45, "CLASSE": "05 - Muito longa", "CD_FAZ": "400534", "TALHOES": "1, 4", "FAZ_tAL": "400534001, 400534004", "ID_LINHA": 96197 }, "geometry": { "type": "MultiLineString", "coordinates": [ [ [ 424219.79084341682028, 7638683.196188507601619 ], [ 424229.487434693495743, 7638651.907947221770883 ], [ 424238.650399026460946, 7638624.753989827819169 ], [ 424248.288608107250184, 7638598.578621534630656 ], [ 424258.461210927809589, 7638573.403033312410116 ], [ 424269.225048775901087, 7638549.235067842528224 ], [ 424280.637984218948986, 7638526.06664839014411 ], [ 424292.683750233030878, 7638504.023067660629749 ], [ 424305.147291996574495, 7638483.614438596181571 ], [ 424317.941807540133595, 7638465.063552550971508 ], [ 424330.990285453735851, 7638448.493187992833555 ], [ 424339.880556451214943, 7638438.4768286049366 ], [ 424354.212565452209674, 7638424.187324745580554 ], [ 424369.806238651857711, 7638410.712051352486014 ], [ 424386.498012566298712, 7638398.207141607999802 ], [ 424398.14372009440558, 7638390.48190500959754 ], [ 424416.262221713725012, 7638379.894733132794499 ], [ 424428.94013530598022, 7638373.412118226289749 ], [ 424442.239270744728856, 7638367.312506581656635 ], [ 424456.1486145092058, 7638361.601109250448644 ], [ 424478.103811583074275, 7638353.778451312333345 ], [ 424509.270983867230825, 7638344.760735097341239 ], [ 424525.602250085445121, 7638340.857195740565658 ], [ 424550.976894742401782, 7638335.740398563444614 ], [ 424586.613808253780007, 7638330.166413826867938 ], [ 424624.282486935844645, 7638325.837640462443233 ], [ 424663.94950192142278, 7638322.509048735722899 ], [ 424776.677618636109401, 7638314.803815768100321 ], [ 424814.480132576078176, 7638311.205578556284308 ], [ 424854.051882333413232, 7638306.221207265742123 ], [ 424895.365073209279217, 7638299.311657047830522 ], [ 424923.851888498174958, 7638293.323004135861993 ], [ 424953.007438940112479, 7638285.986596237868071 ], [ 424967.807261741603725, 7638281.742619402706623 ], [ 424990.835507087875158, 7638274.317889902740717 ] ] ] } },
{ "type": "Feature", "properties": { "fid": 259.0, "COMPR_M": 361.32, "CLASSE": "03 - Média", "CD_FAZ": "400534", "TALHOES": "4", "FAZ_tAL": "400534004", "ID_LINHA": 96198 }, "geometry": { "type": "MultiLineString", "coordinates": [ [ [ 425174.200439656386152, 7638168.068837142549455 ], [ 425198.548013743886258, 7638144.845143374055624 ], [ 425210.500540436536539, 7638132.26770842820406 ], [ 425233.168600015400443, 7638105.901863696984947 ], [ 425243.862271659076214, 7638092.124026325531304 ], [ 425263.90527985378867, 7638063.402089849114418 ], [ 425273.225264025328215, 7638048.46690671518445 ], [ 425282.05567773070652, 7638033.154976447112858 ], [ 425290.387989608687349, 7638017.452945089899004 ], [ 425298.238629882049281, 7638001.27917811460793 ], [ 425305.59794164984487, 7637984.54528624098748 ], [ 425312.414054220484104, 7637967.222105590626597 ], [ 425318.621515245700721, 7637949.296877548098564 ], [ 425324.147478418832179, 7637930.76150462590158 ], [ 425328.911649689194746, 7637911.614711660891771 ], [ 425332.826715952833183, 7637891.864560473710299 ], [ 425335.792514239321463, 7637871.578564669936895 ], [ 425337.307919904938899, 7637855.302069121971726 ] ] ] } },
{ "type": "Feature", "properties": { "fid": 260.0, "COMPR_M": 981.18, "CLASSE": "06 - Acima do limite", "CD_FAZ": "400534", "TALHOES": "1, 4", "FAZ_tAL": "400534001, 400534004", "ID_LINHA": 96199 }, "geometry": { "type": "MultiLineString", "coordinates": [ [ [ 424216.166274562478065, 7638684.867326717823744 ], [ 424226.633318195934407, 7638650.98374077770859 ], [ 424235.820722589734942, 7638623.757436480373144 ], [ 424245.489321027998812, 7638597.499624178744853 ], [ 424255.699166511069052, 7638572.231958167627454 ], [ 424266.508042165951338, 7638547.962963296100497 ], [ 424277.974735654541291, 7638524.685505955480039 ], [ 424290.085138616035692, 7638502.523801965638995 ], [ 424302.629827919998206, 7638481.982523577287793 ], [ 424315.525669560884126, 7638463.284991440363228 ], [ 424328.699161923257634, 7638446.556174103170633 ], [ 424337.686196712427773, 7638436.430825120769441 ], [ 424352.171666048816405, 7638421.988234216347337 ], [ 424367.925156966724899, 7638408.374799635261297 ], [ 424384.782849068404175, 7638395.745558315888047 ], [ 424396.542618307983503, 7638387.944654860533774 ], [ 424414.837290156749077, 7638377.254524358548224 ], [ 424427.632092143583577, 7638370.712109621614218 ], [ 424441.044452346803155, 7638364.560538705438375 ], [ 424469.663596326776315, 7638353.450427675619721 ], [ 424500.499178055033553, 7638343.968548852950335 ], [ 424516.680202848801855, 7638339.840875699184835 ], [ 424541.821993133926298, 7638334.406497787684202 ], [ 424577.080025228438899, 7638328.466046173125505 ], [ 424623.990118930640165, 7638322.851898683235049 ], [ 424663.732833232497796, 7638319.51687528192997 ], [ 424776.428404908976518, 7638311.814167752861977 ], [ 424814.155257007514592, 7638308.223182437941432 ], [ 424853.621785253868438, 7638303.252129582688212 ], [ 424894.800106938229874, 7638296.365224146284163 ], [ 424937.619657090457622, 7638286.927532756701112 ], [ 424966.94608499109745, 7638278.868660006672144 ], [ 424981.805856193474028, 7638274.223052907735109 ], [ 425005.145176609919872, 7638266.026289045810699 ] ] ] } },
{ "type": "Feature", "properties": { "fid": 261.0, "COMPR_M": 374.2, "CLASSE": "03 - Média", "CD_FAZ": "400534", "TALHOES": "4", "FAZ_tAL": "400534004", "ID_LINHA": 96200 }, "geometry": { "type": "MultiLineString", "coordinates": [ [ [ 425160.358116763876751, 7638176.089638473466039 ], [ 425184.126112781465054, 7638154.838758477009833 ], [ 425196.407530303811654, 7638142.742575544863939 ], [ 425219.769068299850915, 7638117.328675500117242 ], [ 425230.829463965783361, 7638104.022777734324336 ], [ 425251.651984714262653, 7638076.238827796652913 ], [ 425261.387479661614634, 7638061.770114866085351 ], [ 425270.652530114108231, 7638046.922962477430701 ], [ 425279.430457783280872, 7638031.702042948454618 ], [ 425287.712690041982569, 7638016.094385366886854 ], [ 425295.515155279543251, 7638000.019867859780788 ], [ 425302.827944853808731, 7637983.391759971156716 ], [ 425309.599590020487085, 7637966.181593429297209 ], [ 425315.765263027627952, 7637948.377036262303591 ], [ 425321.252863377158064, 7637929.97034122236073 ], [ 425325.982964920636732, 7637910.960471550934017 ], [ 425329.869237522420008, 7637891.355574393644929 ], [ 425332.812711838632822, 7637871.222274076193571 ], [ 425334.270220505772159, 7637855.567631958052516 ] ] ] } },
{ "type": "Feature", "properties": { "fid": 262.0, "COMPR_M": 1006.05, "CLASSE": "06 - Acima do limite", "CD_FAZ": "400534", "TALHOES": "1, 4", "FAZ_tAL": "400534001, 400534004", "ID_LINHA": 96201 }, "geometry": { "type": "MultiLineString", "coordinates": [ [ [ 424212.541705706971698, 7638686.538464928045869 ], [ 424223.779201697790995, 7638650.059534329921007 ], [ 424232.991046153591014, 7638622.760883135721087 ], [ 424242.690033949678764, 7638596.420626822859049 ], [ 424252.93712209619116, 7638571.060883025638759 ], [ 424263.791035556641873, 7638546.690858746878803 ], [ 424275.311487091006711, 7638523.304363519884646 ], [ 424287.486526996595785, 7638501.024536268785596 ], [ 424300.11236384336371, 7638480.350608559325337 ], [ 424313.109531581460033, 7638461.506430327892303 ], [ 424326.408038392255548, 7638444.619160210713744 ], [ 424335.49183697369881, 7638434.384821636602283 ], [ 424350.130766643153038, 7638419.789143688976765 ], [ 424366.044075280311517, 7638406.037547916173935 ], [ 424383.067685572488699, 7638393.283975029364228 ], [ 424394.941516521619633, 7638385.40740470867604 ], [ 424413.412358598783612, 7638374.614315585233271 ], [ 424426.324048982467502, 7638368.012101013213396 ], [ 424439.849633947305847, 7638361.808570828288794 ], [ 424468.682196376263164, 7638350.615364505909383 ], [ 424499.712086110841483, 7638341.073543552309275 ], [ 424515.982643931754865, 7638336.923015026375651 ], [ 424541.248846157919616, 7638331.461688242852688 ], [ 424576.649865388055332, 7638325.497001517564058 ], [ 424614.04838682571426, 7638320.848503068089485 ], [ 424653.346597602765542, 7638317.284536746330559 ], [ 424752.054744534543715, 7638310.685737720690668 ], [ 424788.535774199408479, 7638307.75243715941906 ], [ 424826.764347821823321, 7638303.765569405630231 ], [ 424866.682765139034018, 7638298.236171670258045 ], [ 424908.285687899740878, 7638290.600302600301802 ], [ 424936.887792018067557, 7638284.018002906814218 ], [ 424951.417989776062313, 7638280.200565982609987 ], [ 424980.874682634545024, 7638271.370976602658629 ], [ 424995.77156370494049, 7638266.299126122146845 ], [ 425022.214956233627163, 7638256.135368842631578 ] ] ] } },
{ "type": "Feature", "properties": { "fid": 263.0, "COMPR_M": 390.14, "CLASSE": "03 - Média", "CD_FAZ": "400534", "TALHOES": "4", "FAZ_tAL": "400534004", "ID_LINHA": 96202 }, "geometry": { "type": "MultiLineString", "coordinates": [ [ [ 425143.845445348415524, 7638185.657747665420175 ], [ 425169.458919409720693, 7638164.279342602938414 ], [ 425182.05629460507771, 7638152.666591191664338 ], [ 425206.082722821389325, 7638128.206578404642642 ], [ 425217.493945690221153, 7638115.372579971328378 ], [ 425239.060388076351956, 7638088.525116711854935 ], [ 425249.191472095088102, 7638074.521713074296713 ], [ 425268.079796201491263, 7638045.379018237814307 ], [ 425276.805237838067114, 7638030.249109450727701 ], [ 425285.037390477256849, 7638014.735825650393963 ], [ 425292.79168067779392, 7637998.760557603091002 ], [ 425300.057948058180045, 7637982.238233704119921 ], [ 425306.785125820024405, 7637965.141081267036498 ], [ 425312.909010809322353, 7637947.457194976508617 ], [ 425318.358248334378004, 7637929.179177820682526 ], [ 425323.054280151613057, 7637910.306231437250972 ], [ 425326.911759091890417, 7637890.846588314510882 ], [ 425329.832909436896443, 7637870.865983480587602 ], [ 425331.233839407679625, 7637855.819035338237882 ] ] ] } },
{ "type": "Feature", "properties": { "fid": 264.0, "COMPR_M": 1038.67, "CLASSE": "06 - Acima do limite", "CD_FAZ": "400534", "TALHOES": "1, 4", "FAZ_tAL": "400534001, 400534004", "ID_LINHA": 96203 }, "geometry": { "type": "MultiLineString", "coordinates": [ [ [ 424208.926103543373756, 7638688.205468969419599 ], [ 424220.925085200346075, 7638649.135327886790037 ], [ 424230.161369715526234, 7638621.764329789206386 ], [ 424239.890746871067677, 7638595.341629464179277 ], [ 424250.175077680498362, 7638569.889807883650064 ], [ 424261.074028946575709, 7638545.418754200451076 ], [ 424272.648238526948262, 7638521.923221085220575 ], [ 424284.887915378669277, 7638499.525270573794842 ], [ 424297.594899767253082, 7638478.718693535774946 ], [ 424310.693393601744901, 7638459.727869217284024 ], [ 424324.116914860671386, 7638442.6821463201195 ], [ 424333.297477233572863, 7638432.338818149641156 ], [ 424348.089867240400054, 7638417.590053157880902 ], [ 424364.162993595935404, 7638403.700296195223927 ], [ 424381.352522076689638, 7638390.822391738183796 ], [ 424393.34041473607067, 7638382.870154560543597 ], [ 424411.987427043030038, 7638371.974106808193028 ], [ 424425.016005819954444, 7638365.312092402949929 ], [ 424438.654815548914485, 7638359.056602952070534 ], [ 424467.700796424527653, 7638347.78030133806169 ], [ 424498.92499416868668, 7638338.178538252599537 ], [ 424532.10066212923266, 7638330.245296471752226 ], [ 424567.145674568950199, 7638323.892802093178034 ], [ 424613.732139199622907, 7638317.865192333236337 ], [ 424653.114581783534959, 7638314.293509976938367 ], [ 424751.839186542900279, 7638307.693484359420836 ], [ 424788.264678433479276, 7638304.764687672257423 ], [ 424839.494081254408229, 7638299.145022315904498 ], [ 424879.848085367761087, 7638293.000753086060286 ], [ 424921.834027659904677, 7638284.551684422418475 ], [ 424950.623265194357373, 7638277.307550856843591 ], [ 424965.223731485020835, 7638273.120741218328476 ], [ 424994.766928658995312, 7638263.472060798667371 ], [ 425009.676106812781654, 7638257.949642420746386 ], [ 425024.650582025700714, 7638251.920739501714706 ], [ 425046.042681490827817, 7638242.328621811233461 ] ] ] } },
{ "type": "Feature", "properties": { "fid": 265.0, "COMPR_M": 414.32, "CLASSE": "03 - Média", "CD_FAZ": "400534", "TALHOES": "4", "FAZ_tAL": "400534004", "ID_LINHA": 96204 }, "geometry": { "type": "MultiLineString", "coordinates": [ [ [ 425120.153129962389357, 7638199.386032741516829 ], [ 425141.290181383257732, 7638183.864240780472755 ], [ 425167.4620503813494, 7638162.039927951991558 ], [ 425192.126563421916217, 7638138.537439884617925 ], [ 425203.873814014950767, 7638126.176013391464949 ], [ 425226.151191865443252, 7638100.26460580714047 ], [ 425236.659446285048034, 7638086.725661907345057 ], [ 425256.351879275753163, 7638058.506164899095893 ], [ 425265.507062289398164, 7638043.835074 ], [ 425274.180017892562319, 7638028.796175954863429 ], [ 425282.362090913346037, 7638013.377265928313136 ], [ 425290.068206074880436, 7637997.501247346401215 ], [ 425297.287951262434945, 7637981.084707437083125 ], [ 425303.970661621075124, 7637964.100569104775786 ], [ 425310.05275859014364, 7637946.537353686988354 ], [ 425315.463633293227758, 7637928.388014420866966 ], [ 425320.125595382880419, 7637909.651991326361895 ], [ 425323.954280661884695, 7637890.337602234445512 ], [ 425326.853107034694403, 7637870.509692886844277 ], [ 425328.19847809971543, 7637856.059485476464033 ] ] ] } },
{ "type": "Feature", "properties": { "fid": 266.0, "COMPR_M": 1540.3, "CLASSE": "06 - Acima do limite", "CD_FAZ": "400534", "TALHOES": "1, 4", "FAZ_tAL": "400534001, 400534004", "ID_LINHA": 96205 }, "geometry": { "type": "MultiLineString", "coordinates": [ [ [ 424205.320943861384876, 7638689.867658415809274 ], [ 424215.083512572688051, 7638657.561942283064127 ], [ 424227.331693278742023, 7638620.767776444554329 ], [ 424237.091459792107344, 7638594.262632110156119 ], [ 424247.413033263466787, 7638568.718732739798725 ], [ 424258.357022337091621, 7638544.146649654954672 ], [ 424269.984989963122644, 7638520.542078651487827 ], [ 424282.289303760859184, 7638498.026004876941442 ], [ 424295.077435690967832, 7638477.086778515949845 ], [ 424308.277255621855147, 7638457.949308106675744 ], [ 424321.825791329785716, 7638440.745132427662611 ], [ 424331.103117494087201, 7638430.292814664542675 ], [ 424346.048967836017255, 7638415.39096263051033 ], [ 424362.281911910395138, 7638401.363044477067888 ], [ 424373.738652614876628, 7638392.571923272684216 ], [ 424391.739312950056046, 7638380.332904409617186 ], [ 424410.562495487451088, 7638369.333898033946753 ], [ 424423.707962658023462, 7638362.612083797343075 ], [ 424437.459997148427647, 7638356.304635076783597 ], [ 424451.805341793457046, 7638350.41410375572741 ], [ 424474.37994796410203, 7638342.370391537435353 ], [ 424490.092551579058636, 7638337.539770305156708 ], [ 424514.587526098533999, 7638331.087293678894639 ], [ 424531.487437117029913, 7638327.308565212413669 ], [ 424557.698227751883678, 7638322.385507406666875 ], [ 424594.366505167854484, 7638317.0670604435727 ], [ 424632.922383938566782, 7638312.972185779362917 ], [ 424673.473406082775909, 7638309.811893934383988 ], [ 424763.557072081370279, 7638303.814605358988047 ], [ 424800.49412404053146, 7638300.592982713133097 ], [ 424826.050914097984787, 7638297.808040644042194 ], [ 424852.331494016572833, 7638294.344896534457803 ], [ 424879.331566211185418, 7638290.045458031818271 ], [ 424907.051704136421904, 7638284.728309094905853 ], [ 424935.424061875557527, 7638278.198943202383816 ], [ 424964.362554734165315, 7638270.246781827881932 ], [ 424993.762293612584472, 7638260.644995477981865 ], [ 425023.489146974869072, 7638249.154329905286431 ], [ 425038.422567878500558, 7638242.624362539499998 ], [ 425068.296904716757126, 7638227.845759741961956 ], [ 425083.13117592362687, 7638219.565258335322142 ], [ 425097.725247185851913, 7638210.746303655207157 ], [ 425125.892364268540405, 7638191.697236727923155 ], [ 425139.44630701537244, 7638181.497253341600299 ], [ 425165.465181352919899, 7638159.800513299182057 ], [ 425189.986079981492367, 7638136.43487205542624 ], [ 425201.664905207173433, 7638124.145448378287256 ], [ 425223.812055814196356, 7638098.385519843548536 ], [ 425234.258504493627697, 7638084.926207099109888 ], [ 425253.834079084102996, 7638056.874189913272858 ], [ 425262.934328376431949, 7638042.291129762306809 ], [ 425271.554797946009785, 7638027.343242461793125 ], [ 425279.686791348911356, 7638012.018706208094954 ], [ 425287.344731473422144, 7637996.241937085986137 ], [ 425294.517954466515221, 7637979.931181167252362 ], [ 425301.156197421019897, 7637963.06005694437772 ], [ 425307.196506373991724, 7637945.617512403056026 ], [ 425312.569018250331283, 7637927.596851017326117 ], [ 425317.19691061245976, 7637908.997751217335463 ], [ 425320.996802231064066, 7637889.828616154380143 ], [ 425323.873304632201325, 7637870.153402293100953 ], [ 425325.163941926672123, 7637856.29107309691608 ] ] ] } },
{ "type": "Feature", "properties": { "fid": 267.0, "COMPR_M": 1541.83, "CLASSE": "06 - Acima do limite", "CD_FAZ": "400534", "TALHOES": "1, 4", "FAZ_tAL": "400534001, 400534004", "ID_LINHA": 96206 }, "geometry": { "type": "MultiLineString", "coordinates": [ [ [ 424201.715784179919865, 7638691.529847864061594 ], [ 424212.222425694286358, 7638656.659553322941065 ], [ 424221.354103098332416, 7638628.841461971402168 ], [ 424234.292172713554464, 7638593.18363475240767 ], [ 424244.650988848938141, 7638567.547657595947385 ], [ 424255.640015727491118, 7638542.874545112252235 ], [ 424267.321741397550795, 7638519.160936216823757 ], [ 424279.690692143980414, 7638496.526739180088043 ], [ 424292.559971614566166, 7638475.45486349798739 ], [ 424305.861117640975863, 7638456.170746994204819 ], [ 424319.534667799656745, 7638438.80811853799969 ], [ 424328.908757753262762, 7638428.246811177581549 ], [ 424344.008068431983702, 7638413.191872103139758 ], [ 424360.400830226193648, 7638399.025792757049203 ], [ 424371.967503444757313, 7638390.150308427400887 ], [ 424390.138211164798122, 7638377.795654261484742 ], [ 424409.137563930824399, 7638366.693689258769155 ], [ 424422.399919494695496, 7638359.912075189873576 ], [ 424436.26517875038553, 7638353.552667198702693 ], [ 424450.719523615029175, 7638347.617352383211255 ], [ 424473.448982059606351, 7638339.518376597203314 ], [ 424489.258763205667492, 7638334.657860545441508 ], [ 424513.889967181836255, 7638328.169433003291488 ], [ 424530.874212104245089, 7638324.371833952143788 ], [ 424557.200157058017794, 7638319.42708649020642 ], [ 424593.996973354194779, 7638314.089871813543141 ], [ 424632.652052597492002, 7638309.984371641650796 ], [ 424673.268762288149446, 7638306.818877443671227 ], [ 424763.326375376607757, 7638300.823476766236126 ], [ 424800.197799505491275, 7638297.6076227016747 ], [ 424825.694197237549815, 7638294.829276263713837 ], [ 424851.901396936387755, 7638291.375818855129182 ], [ 424878.815047054435126, 7638287.090162983164191 ], [ 424906.43471225455869, 7638281.79231234267354 ], [ 424934.692196804098785, 7638275.289413351565599 ], [ 424963.501377983018756, 7638267.372822431847453 ], [ 424992.757658568560146, 7638257.817930154502392 ], [ 425022.327711924852338, 7638246.387920306995511 ], [ 425037.178169946593698, 7638239.89423029217869 ], [ 425066.878812030889094, 7638225.201602566987276 ], [ 425081.62383525230689, 7638216.970919450744987 ], [ 425096.129810537735466, 7638208.205199706368148 ], [ 425124.128687033313327, 7638189.269897150807083 ], [ 425137.602432649582624, 7638179.130265900865197 ], [ 425163.468312324432191, 7638157.561098648235202 ], [ 425187.845596541650593, 7638134.332304222509265 ], [ 425199.455996400560252, 7638122.114883367903531 ], [ 425221.472919762716629, 7638096.506433881819248 ], [ 425231.857562701334246, 7638083.126752292737365 ], [ 425251.316278891288675, 7638055.242214933037758 ], [ 425260.361594465386588, 7638040.747185524553061 ], [ 425268.929577999864705, 7638025.890308964066207 ], [ 425277.011491783778183, 7638010.660146489739418 ], [ 425284.621256871381775, 7637994.982626831158996 ], [ 425291.747957670420874, 7637978.777654901146889 ], [ 425298.3417332219542, 7637962.019544783979654 ], [ 425304.340254155627917, 7637944.697671118192375 ], [ 425309.674403209646698, 7637926.805687615647912 ], [ 425314.268225844250992, 7637908.343511106446385 ], [ 425318.039323801465798, 7637889.319630072452128 ], [ 425320.893502229941078, 7637869.797111697494984 ], [ 425322.129994616145268, 7637856.516335932537913 ] ] ] } },
{ "type": "Feature", "properties": { "fid": 268.0, "COMPR_M": 1543.36, "CLASSE": "06 - Acima do limite", "CD_FAZ": "400534", "TALHOES": "1, 4", "FAZ_tAL": "400534001, 400534004", "ID_LINHA": 96207 }, "geometry": { "type": "MultiLineString", "coordinates": [ [ [ 424198.110624498862308, 7638693.192037308588624 ], [ 424209.361338816815987, 7638655.757164359092712 ], [ 424218.515661671175621, 7638627.870163625106215 ], [ 424231.492885634652339, 7638592.104637396521866 ], [ 424241.888944433070719, 7638566.376582453027368 ], [ 424252.923009117890615, 7638541.602440560236573 ], [ 424264.658492834074423, 7638517.779793780297041 ], [ 424277.092080526577774, 7638495.027473485097289 ], [ 424290.042507537989877, 7638473.822948478162289 ], [ 424303.444979661842808, 7638454.392185881733894 ], [ 424317.243544268305413, 7638436.871104647405446 ], [ 424326.714398015057668, 7638426.200807694345713 ], [ 424341.967169027542695, 7638410.992781572043896 ], [ 424358.519748540071305, 7638396.688541037961841 ], [ 424370.196354272775352, 7638387.72869358304888 ], [ 424388.537109378376044, 7638375.258404112420976 ], [ 424407.712632374488749, 7638364.053480483591557 ], [ 424421.091876333288383, 7638357.212066581472754 ], [ 424435.070360352867283, 7638350.800699321553111 ], [ 424449.633705435262527, 7638344.8206010106951 ], [ 424472.518016154586803, 7638336.666361652314663 ], [ 424488.424974834662862, 7638331.775950786657631 ], [ 424513.192408266302664, 7638325.251572329550982 ], [ 424530.260987092857249, 7638321.435102690942585 ], [ 424556.70208636688767, 7638316.468665574677289 ], [ 424593.627441542223096, 7638311.112683185376227 ], [ 424632.381721255602315, 7638306.996557499282062 ], [ 424662.649489787407219, 7638304.556008016690612 ], [ 424763.095678670448251, 7638297.832348174415529 ], [ 424799.901474970334675, 7638294.622262693010271 ], [ 424825.337480375659652, 7638291.850511884316802 ], [ 424851.471299856842961, 7638288.406741172075272 ], [ 424878.298527898907196, 7638284.134867931716144 ], [ 424905.81772037409246, 7638278.856315587647259 ], [ 424933.960331732581835, 7638272.379883497022092 ], [ 424962.640201230242383, 7638264.498863035812974 ], [ 424991.75302352278959, 7638254.990864831954241 ], [ 425021.166276874311734, 7638243.621510708704591 ], [ 425035.933772013988346, 7638237.164098041132092 ], [ 425065.460719343100209, 7638222.557445392012596 ], [ 425080.116494581627194, 7638214.376580568030477 ], [ 425094.534373889502604, 7638205.66409575752914 ], [ 425122.365009798028041, 7638186.842557572759688 ], [ 425135.758558281289879, 7638176.763278463855386 ], [ 425161.471443295129575, 7638155.321683995425701 ], [ 425185.705113100353628, 7638132.229736395180225 ], [ 425197.247087593190372, 7638120.084318356588483 ], [ 425219.13378371251747, 7638094.627347919158638 ], [ 425229.456620911543723, 7638081.327297488227487 ], [ 425248.798478698066901, 7638053.610239945352077 ], [ 425257.788860553584527, 7638039.203241286799312 ], [ 425266.304358051274903, 7638024.437375467270613 ], [ 425274.336192218819633, 7638009.301586771383882 ], [ 425281.897782268817537, 7637993.723316575400531 ], [ 425288.977960874792188, 7637977.624128632247448 ], [ 425295.527269021724351, 7637960.979032621718943 ], [ 425301.484001937089488, 7637943.777829830534756 ], [ 425306.779788166517392, 7637926.014524213969707 ], [ 425311.33954107563477, 7637907.68927099276334 ], [ 425315.081845371809322, 7637888.810643993318081 ], [ 425317.913699827215169, 7637869.440821103751659 ], [ 425319.096396561595611, 7637856.737847520038486 ] ] ] } },
{ "type": "Feature", "properties": { "fid": 269.0, "COMPR_M": 1541.38, "CLASSE": "06 - Acima do limite", "CD_FAZ": "400534", "TALHOES": "1, 4", "FAZ_tAL": "400534001, 400534004", "ID_LINHA": 96208 }, "geometry": { "type": "MultiLineString", "coordinates": [ [ [ 424195.481917895784136, 7638691.48491913639009 ], [ 424206.500251938996371, 7638654.854775398038328 ], [ 424215.677220243960619, 7638626.89886527787894 ], [ 424228.693598555400968, 7638591.025640041567385 ], [ 424239.126900015631691, 7638565.20550731010735 ], [ 424250.206002508813981, 7638540.330336017534137 ], [ 424261.995244270830881, 7638516.398651346564293 ], [ 424274.493468908010982, 7638493.528207790106535 ], [ 424287.525043461355381, 7638472.191033458337188 ], [ 424301.028841681778431, 7638452.613624772056937 ], [ 424314.952420738292858, 7638434.934090755879879 ], [ 424324.520038274815306, 7638424.154804209247231 ], [ 424339.926269624149427, 7638408.793691045604646 ], [ 424356.638666854647454, 7638394.351289320737123 ], [ 424368.425205102190375, 7638385.307078737765551 ], [ 424386.936007591488305, 7638372.721153960563242 ], [ 424406.287700818327721, 7638361.413271708413959 ], [ 424419.783833171240985, 7638354.512057973071933 ], [ 424433.875541953719221, 7638348.048731447197497 ], [ 424448.547887256718241, 7638342.023849634453654 ], [ 424471.587050250382163, 7638333.814346711151302 ], [ 424487.591186462086625, 7638328.894041028805077 ], [ 424512.494849350070581, 7638322.33371165767312 ], [ 424529.647762079490349, 7638318.498371430672705 ], [ 424556.204015673953108, 7638313.510244659148157 ], [ 424593.257909729378298, 7638308.135494551621377 ], [ 424632.111389915458858, 7638304.008743360638618 ], [ 424662.432821098249406, 7638301.563834563829005 ], [ 424762.864981965627521, 7638294.841219580732286 ], [ 424799.605150435643736, 7638291.636902684345841 ], [ 424824.980763514759019, 7638288.871747503057122 ], [ 424851.041202778695151, 7638285.437663489952683 ], [ 424877.782008741225582, 7638281.179572878405452 ], [ 424905.20072849211283, 7638275.920318837277591 ], [ 424933.228466661530547, 7638269.470353648066521 ], [ 424961.779024477116764, 7638261.62490364164114 ], [ 424990.748388476553373, 7638252.16379951313138 ], [ 425020.004841823887546, 7638240.855101108551025 ], [ 425034.689374081382994, 7638234.433965791016817 ], [ 425064.042626656009816, 7638219.913288217037916 ], [ 425078.609153910307214, 7638211.782241687178612 ], [ 425092.938937241095118, 7638203.122991807758808 ], [ 425120.6013325646054, 7638184.415217994712293 ], [ 425133.91468391509261, 7638174.396291023120284 ], [ 425159.47457426704932, 7638153.082269344478846 ], [ 425183.564629660919309, 7638130.12716856226325 ], [ 425195.038178785762284, 7638118.053753344342113 ], [ 425216.794647662201896, 7638092.748261955566704 ], [ 425227.055679120239802, 7638079.527842680923641 ], [ 425246.280678504961543, 7638051.978264961391687 ], [ 425255.216126641607843, 7638037.659297049045563 ], [ 425271.660892653279006, 7638007.9430270511657 ], [ 425279.174307665671222, 7637992.464006315916777 ], [ 425286.207964078406803, 7637976.470602362416685 ], [ 425292.712804822367616, 7637959.938520459458232 ], [ 425298.627749719540589, 7637942.857988544739783 ], [ 425303.885173125716392, 7637925.223360810428858 ], [ 425308.410856306669302, 7637907.035030880942941 ], [ 425312.124366942676716, 7637888.301657915115356 ], [ 425314.933897424140014, 7637869.08453050814569 ], [ 425316.062929701700341, 7637856.957949979230762 ] ] ] } },
{ "type": "Feature", "properties": { "fid": 270.0, "COMPR_M": 1546.19, "CLASSE": "06 - Acima do limite", "CD_FAZ": "400534", "TALHOES": "1, 4", "FAZ_tAL": "400534001, 400534004", "ID_LINHA": 96209 }, "geometry": { "type": "MultiLineString", "coordinates": [ [ [ 424190.984864671947435, 7638696.303232299163938 ], [ 424200.671404419757891, 7638663.485060718841851 ], [ 424209.720151730347425, 7638635.172234710305929 ], [ 424225.894311477895826, 7638589.946642682887614 ], [ 424236.364855601452291, 7638564.034432168118656 ], [ 424247.488995897700079, 7638539.058231470175087 ], [ 424259.331995707121678, 7638515.017508913762867 ], [ 424267.640555724909063, 7638499.541414700448513 ], [ 424280.579707799886819, 7638477.530359368771315 ], [ 424289.490260404185392, 7638463.782278103753924 ], [ 424303.248675819253549, 7638444.674439965747297 ], [ 424312.661297207174357, 7638432.997076865285635 ], [ 424322.325678535853513, 7638422.108800722286105 ], [ 424337.885370221047197, 7638406.594600515440106 ], [ 424354.757585169398226, 7638392.014037601649761 ], [ 424366.654055931663606, 7638382.885463894344866 ], [ 424379.006123478524387, 7638374.279024223797023 ], [ 424398.260730397945736, 7638362.432415588758886 ], [ 424411.594926900463179, 7638355.236610285937786 ], [ 424432.680723555153236, 7638345.296763570979238 ], [ 424447.462069076718763, 7638339.227098263800144 ], [ 424470.656084345653653, 7638330.962331768125296 ], [ 424486.757398090616334, 7638326.0121312700212 ], [ 424511.797290434362367, 7638319.415850983932614 ], [ 424529.03453706757864, 7638315.561640173196793 ], [ 424555.705944979796186, 7638310.551823742687702 ], [ 424602.465185679669958, 7638304.016107695177197 ], [ 424651.954502686508931, 7638299.338376134634018 ], [ 424750.761396574263927, 7638292.732217542827129 ], [ 424799.30882590089459, 7638288.651542676612735 ], [ 424850.611105699790642, 7638282.468585807830095 ], [ 424890.845343041990418, 7638275.740193837322295 ], [ 424932.496601589082275, 7638266.560823796316981 ], [ 424960.917847725679167, 7638258.750944249331951 ], [ 424975.287641270551831, 7638254.258518762886524 ], [ 425004.268891458224971, 7638243.956565790809691 ], [ 425018.843406772939488, 7638238.08869151212275 ], [ 425048.048317320586648, 7638224.773183297365904 ], [ 425062.624533969035838, 7638217.269131042063236 ], [ 425077.101813239802141, 7638209.187902800738811 ], [ 425105.259903375233989, 7638191.509348850697279 ], [ 425132.07080954767298, 7638172.029303586110473 ], [ 425157.477705238270573, 7638150.842854692600667 ], [ 425181.424146219447721, 7638128.024600736796856 ], [ 425203.84321002982324, 7638103.636006778106093 ], [ 425224.654737328819465, 7638077.72838787548244 ], [ 425234.428396384115331, 7638064.219024759717286 ], [ 425252.643392729456536, 7638036.115352812223136 ], [ 425268.985593088495079, 7638006.584467331878841 ], [ 425276.450833063980099, 7637991.204696061089635 ], [ 425283.437967282428872, 7637975.317076098173857 ], [ 425289.898340621963143, 7637958.898008297197521 ], [ 425295.77149750047829, 7637941.938147259876132 ], [ 425300.990558083809447, 7637924.432197406888008 ], [ 425305.482171537878457, 7637906.380790772847831 ], [ 425309.166888513311278, 7637887.792671835981309 ], [ 425311.95409502327675, 7637868.728239914402366 ], [ 425313.029359577107243, 7637857.179161582142115 ] ] ] } },
{ "type": "Feature", "properties": { "fid": 271.0, "COMPR_M": 1541.31, "CLASSE": "06 - Acima do limite", "CD_FAZ": "400534", "TALHOES": "1, 4", "FAZ_tAL": "400534001, 400534004", "ID_LINHA": 96210 }, "geometry": { "type": "MultiLineString", "coordinates": [ [ [ 424189.141320720897056, 7638691.808271501213312 ], [ 424197.803887136222329, 7638662.60332671366632 ], [ 424206.8735738635296, 7638634.225055523216724 ], [ 424216.42507262021536, 7638606.712459616363049 ], [ 424226.528147148666903, 7638580.097149060107768 ], [ 424237.24916381057119, 7638554.400955585762858 ], [ 424244.771989289205521, 7638537.786126923747361 ], [ 424256.668747142306529, 7638513.636366480961442 ], [ 424265.018796463962644, 7638498.083024345338345 ], [ 424278.03312271804316, 7638475.944292459636927 ], [ 424287.004157544637565, 7638462.102951735258102 ], [ 424300.871404612145852, 7638442.844229805283248 ], [ 424310.370173676754348, 7638431.060062972828746 ], [ 424320.131318796251435, 7638420.062797238118947 ], [ 424335.844470816256944, 7638404.395509988069534 ], [ 424352.876503484207205, 7638389.676785882562399 ], [ 424364.882906761893537, 7638380.463849048130214 ], [ 424377.347637611033861, 7638371.778905185870826 ], [ 424396.776577967859339, 7638359.825031531974673 ], [ 424410.228851019230206, 7638352.565484182909131 ], [ 424431.485905156412628, 7638342.544795695692301 ], [ 424446.376250897999853, 7638336.430346889421344 ], [ 424469.725118441157974, 7638328.110316823236644 ], [ 424485.923609717574436, 7638323.130221512168646 ], [ 424511.099731517257169, 7638316.497990309260786 ], [ 424528.421312054386362, 7638312.624908914789557 ], [ 424555.207874289015308, 7638307.593402824364603 ], [ 424573.63874650769867, 7638304.713688901625574 ], [ 424602.123216122156009, 7638301.035631792619824 ], [ 424651.722486866172403, 7638296.347349368035793 ], [ 424750.545838581107091, 7638289.739964180625975 ], [ 424799.012501365388744, 7638285.666182663291693 ], [ 424850.181008620362263, 7638279.49950812663883 ], [ 424890.280376771232113, 7638272.793760936707258 ], [ 424931.764736517216079, 7638263.651293942704797 ], [ 424960.056670973950531, 7638255.876984853297472 ], [ 424974.356467709876597, 7638251.406442452222109 ], [ 425003.187448386393953, 7638241.157950466498733 ], [ 425017.681971722864546, 7638235.322281911969185 ], [ 425046.718254486098886, 7638222.083707049489021 ], [ 425061.206441282120068, 7638214.624973867088556 ], [ 425075.594472568656784, 7638206.593563918024302 ], [ 425103.579006630054209, 7638189.023959018290043 ], [ 425130.226935180427972, 7638169.662316145375371 ], [ 425155.480836209957488, 7638148.603440040722489 ], [ 425179.283662778500002, 7638125.922032905742526 ], [ 425201.568087421066593, 7638101.679911246523261 ], [ 425222.253795537864789, 7638075.928933067247272 ], [ 425231.967883766454179, 7638062.501910040155053 ], [ 425250.070658817247022, 7638034.57140857540071 ], [ 425266.310293523827568, 7638005.225907611660659 ], [ 425273.727358463103883, 7637989.945385802537203 ], [ 425280.667970486974809, 7637974.163549825549126 ], [ 425287.083876423130278, 7637957.857496136799455 ], [ 425292.915245284500998, 7637941.018305972218513 ], [ 425298.095943042077124, 7637923.641034004278481 ], [ 425302.553486769436859, 7637905.726550659164786 ], [ 425306.209410083247349, 7637887.283685753121972 ], [ 425308.974292621365748, 7637868.371949318796396 ], [ 425309.995463149331044, 7637857.4038778943941 ] ] ] } },
{ "type": "Feature", "properties": { "fid": 272.0, "COMPR_M": 1536.46, "CLASSE": "06 - Acima do limite", "CD_FAZ": "400534", "TALHOES": "1, 4", "FAZ_tAL": "400534001, 400534004", "ID_LINHA": 96211 }, "geometry": { "type": "MultiLineString", "coordinates": [ [ [ 424187.310223980923183, 7638687.348954534158111 ], [ 424204.026995998865459, 7638633.27787633985281 ], [ 424213.604821561952122, 7638605.689527951180935 ], [ 424223.740466627117712, 7638578.988500781357288 ], [ 424234.501219229074195, 7638553.197157755494118 ], [ 424245.953272930695675, 7638528.325944946147501 ], [ 424258.162457347265445, 7638504.375811062753201 ], [ 424266.697634054115042, 7638489.03041070420295 ], [ 424279.972651231917553, 7638467.295288397930562 ], [ 424289.121191476180684, 7638453.749364756979048 ], [ 424303.260779151984025, 7638434.961419330909848 ], [ 424312.955866280710325, 7638423.49173891544342 ], [ 424328.359921467257664, 7638407.37016221228987 ], [ 424339.39467292529298, 7638397.129764217883348 ], [ 424350.995421797677409, 7638387.339534163475037 ], [ 424363.111757589504123, 7638378.042234206572175 ], [ 424375.689151743194088, 7638369.278786146081984 ], [ 424395.29242553585209, 7638357.217647476121783 ], [ 424408.862775138346478, 7638349.894358083605766 ], [ 424430.291086757439189, 7638339.792827817611396 ], [ 424445.290432718466036, 7638333.633595516905189 ], [ 424468.794152536720503, 7638325.258301878347993 ], [ 424485.08982134622056, 7638320.248311752453446 ], [ 424510.40217260143254, 7638313.580129635520279 ], [ 424527.808087043231353, 7638309.688177655451 ], [ 424554.709803595149424, 7638304.634981907904148 ], [ 424573.208586669526994, 7638301.744644239544868 ], [ 424601.781246563070454, 7638298.055155891925097 ], [ 424651.490471047582105, 7638293.356322597712278 ], [ 424750.330280587018933, 7638286.747710819356143 ], [ 424798.716176830464974, 7638282.680822653695941 ], [ 424849.750911540235393, 7638276.530430445447564 ], [ 424889.715410500532016, 7638269.847328035160899 ], [ 424931.032871447154321, 7638260.741764090955257 ], [ 424959.19549422187265, 7638253.003025459125638 ], [ 424973.425294149375986, 7638248.554366149008274 ], [ 425002.106005313864443, 7638238.359335136599839 ], [ 425016.520536672906019, 7638232.555872311815619 ], [ 425045.388191650214139, 7638219.394230802543461 ], [ 425059.788348595262505, 7638211.980816690251231 ], [ 425074.087131897569634, 7638203.999225035309792 ], [ 425101.898109881964047, 7638186.538569185882807 ], [ 425128.383060813939665, 7638167.295328704640269 ], [ 425153.483967181004118, 7638146.364025386050344 ], [ 425177.143179338774644, 7638123.819465074688196 ], [ 425199.292964810505509, 7638099.723815714940429 ], [ 425219.852853746095207, 7638074.129478260874748 ], [ 425229.507371147512458, 7638060.784795319661498 ], [ 425247.4979249042226, 7638033.027464334852993 ], [ 425263.634993958519772, 7638003.8673478923738 ], [ 425271.003883860248607, 7637988.686075545847416 ], [ 425277.8979736926849, 7637973.010023560374975 ], [ 425284.269412222492974, 7637956.816983975470066 ], [ 425290.058993066311814, 7637940.098464684560895 ], [ 425295.20132799865678, 7637922.849870603531599 ], [ 425299.624801999889314, 7637905.072310549207032 ], [ 425303.251931653067004, 7637886.774699674919248 ], [ 425305.994490219047293, 7637868.015658725053072 ], [ 425306.960988655220717, 7637857.634803043678403 ] ] ] } },
{ "type": "Feature", "properties": { "fid": 273.0, "COMPR_M": 1531.59, "CLASSE": "06 - Acima do limite", "CD_FAZ": "400534", "TALHOES": "1, 4", "FAZ_tAL": "400534001, 400534004", "ID_LINHA": 96212 }, "geometry": { "type": "MultiLineString", "coordinates": [ [ [ 424185.479578443861101, 7638682.888080663979053 ], [ 424195.055904427543283, 7638651.245219549164176 ], [ 424204.323454533296172, 7638623.013671893626451 ], [ 424220.952786105568521, 7638577.879852498881519 ], [ 424231.753274646995123, 7638551.993359925225377 ], [ 424243.2531728289905, 7638527.018329500220716 ], [ 424255.519260535191279, 7638502.956661027856171 ], [ 424264.099022436304949, 7638487.531145004555583 ], [ 424277.45518715470098, 7638465.663373378105462 ], [ 424286.668820118182339, 7638452.021129817701876 ], [ 424300.925137648009695, 7638433.078348526731133 ], [ 424310.712112862092908, 7638421.500026265159249 ], [ 424320.925351548648905, 7638410.546705679967999 ], [ 424337.406361634959467, 7638394.883018348366022 ], [ 424349.11434011394158, 7638385.002282444387674 ], [ 424361.340608419151977, 7638375.620619364082813 ], [ 424374.030665875645354, 7638366.778667110018432 ], [ 424393.808273103204556, 7638354.610263422131538 ], [ 424407.496699257171713, 7638347.223231984302402 ], [ 424429.096268358989619, 7638337.040859943255782 ], [ 424444.204614539514296, 7638330.836844141595066 ], [ 424467.863186631817371, 7638322.406286936253309 ], [ 424484.256032972713001, 7638317.366401992738247 ], [ 424509.704613684152719, 7638310.662268958985806 ], [ 424527.194862030097283, 7638306.751446395181119 ], [ 424554.211732903320808, 7638301.676560993306339 ], [ 424572.778426829376258, 7638298.775599581189454 ], [ 424601.43927700642962, 7638295.074679986573756 ], [ 424651.258455226779915, 7638290.365295831114054 ], [ 424750.114722594677005, 7638283.755457457154989 ], [ 424798.419852296065073, 7638279.695462643168867 ], [ 424849.320814462029375, 7638273.561352763324976 ], [ 424889.150444229133427, 7638266.900895136408508 ], [ 424930.301006375579163, 7638257.832234240137041 ], [ 424958.334317469503731, 7638250.129066064953804 ], [ 424972.494120588351507, 7638245.702289839275181 ], [ 425001.024562243896071, 7638235.560719809494913 ], [ 425015.359101621084847, 7638229.789462715387344 ], [ 425044.058128815435339, 7638216.704754555597901 ], [ 425058.370255907764658, 7638209.336659515276551 ], [ 425072.5797912258422, 7638201.404886150732636 ], [ 425100.217213136318605, 7638184.053179351612926 ], [ 425126.539186446287204, 7638164.928341265767813 ], [ 425151.487098151876125, 7638144.124610736966133 ], [ 425175.002695899049286, 7638121.716897245496511 ], [ 425197.017842200701125, 7638097.767720185220242 ], [ 425217.451911955489777, 7638072.330023454502225 ], [ 425227.046858529734891, 7638059.067680601030588 ], [ 425244.925190993759315, 7638031.483520096167922 ], [ 425260.959694394026883, 7638002.508788173086941 ], [ 425268.280409257626161, 7637987.426765287294984 ], [ 425275.1279768961831, 7637971.856497290544212 ], [ 425281.454948022786994, 7637955.776471812278032 ], [ 425287.202740848471876, 7637939.178623398765922 ], [ 425292.30671295808861, 7637922.058707200922072 ], [ 425296.696117229992524, 7637904.418070437386632 ], [ 425300.294453223468736, 7637886.265713595785201 ], [ 425303.014687817019876, 7637867.659368129447103 ], [ 425303.925809680833481, 7637857.873294796794653 ] ] ] } },
{ "type": "Feature", "properties": { "fid": 274.0, "COMPR_M": 1526.73, "CLASSE": "06 - Acima do limite", "CD_FAZ": "400534", "TALHOES": "1, 4", "FAZ_tAL": "400534001, 400534004", "ID_LINHA": 96213 }, "geometry": { "type": "MultiLineString", "coordinates": [ [ [ 424183.652911810204387, 7638678.436902495101094 ], [ 424192.194817549665459, 7638650.342830589041114 ], [ 424201.485013106488623, 7638622.042373544536531 ], [ 424211.297751659818459, 7638594.588432390242815 ], [ 424221.704106227960438, 7638568.010829537175596 ], [ 424232.772580612683669, 7638542.329413833096623 ], [ 424240.55307272693608, 7638525.710714051499963 ], [ 424252.876063722884282, 7638501.537510992027819 ], [ 424261.500410818611272, 7638486.031879307702184 ], [ 424274.937723077950068, 7638464.031458357349038 ], [ 424284.216448759834748, 7638450.292894875630736 ], [ 424298.58949614292942, 7638431.195277722552419 ], [ 424308.468359444465023, 7638419.508313613012433 ], [ 424318.781403939647134, 7638408.447942648082972 ], [ 424329.721772604563739, 7638397.79823840316385 ], [ 424341.257274660398252, 7638387.590097754262388 ], [ 424359.569459248916246, 7638373.199004517868161 ], [ 424372.372180006350391, 7638364.278548073023558 ], [ 424392.324120671371929, 7638352.002879364416003 ], [ 424406.130623377044685, 7638344.552105883136392 ], [ 424427.901449960423633, 7638334.288892067968845 ], [ 424443.118796359165572, 7638328.040092768147588 ], [ 424466.932220726448577, 7638319.554271993227303 ], [ 424483.422244602872524, 7638314.484492236748338 ], [ 424509.007054768037051, 7638307.744408287107944 ], [ 424526.581637017778121, 7638303.814715132117271 ], [ 424553.713662210328039, 7638298.718140077777207 ], [ 424572.34826698875986, 7638295.806554920971394 ], [ 424601.097307449614163, 7638292.09420408681035 ], [ 424651.026439407840371, 7638287.374269062653184 ], [ 424749.89916460152017, 7638280.763204092159867 ], [ 424798.123527760850266, 7638276.710102633573115 ], [ 424848.89071738126222, 7638270.59227508213371 ], [ 424888.585477958491538, 7638263.954462232999504 ], [ 424929.569141302723438, 7638254.922704387456179 ], [ 424957.473140717425849, 7638247.25510667078197 ], [ 424971.562947028083727, 7638242.850213534198701 ], [ 424999.943119173170999, 7638232.762104483321309 ], [ 425014.197666570777074, 7638227.023053117096424 ], [ 425042.728065979317762, 7638214.015278305858374 ], [ 425056.952163221081719, 7638206.692502339370549 ], [ 425071.072450556152035, 7638198.810547269880772 ], [ 425098.536316389800049, 7638181.567789521068335 ], [ 425124.695312079391442, 7638162.561353825032711 ], [ 425149.490229124668986, 7638141.885196081362665 ], [ 425172.862212458450813, 7638119.614329418167472 ], [ 425194.742719591013156, 7638095.811624653637409 ], [ 425215.050970164011233, 7638070.530568649061024 ], [ 425224.586345911317039, 7638057.350565882399678 ], [ 425242.352457081782632, 7638029.939575862139463 ], [ 425258.28439482889371, 7638001.150228453800082 ], [ 425265.556934655760415, 7637986.167455029673874 ], [ 425272.357980100205168, 7637970.702971022576094 ], [ 425278.640483823954128, 7637954.735959650948644 ], [ 425284.346488630515523, 7637938.258782114833593 ], [ 425289.412097915133927, 7637921.267543798312545 ], [ 425293.767432462249417, 7637903.763830326497555 ], [ 425297.336974793695845, 7637885.756727515719831 ], [ 425300.034885414526798, 7637867.303077535703778 ], [ 425300.889985989429988, 7637858.118711242452264 ] ] ] } },
{ "type": "Feature", "properties": { "fid": 275.0, "COMPR_M": 1521.88, "CLASSE": "06 - Acima do limite", "CD_FAZ": "400534", "TALHOES": "1, 4", "FAZ_tAL": "400534001, 400534004", "ID_LINHA": 96214 }, "geometry": { "type": "MultiLineString", "coordinates": [ [ [ 424181.836305729229935, 7638674.010239643976092 ], [ 424198.646571678924374, 7638621.071075199171901 ], [ 424208.487619173072744, 7638593.538013733923435 ], [ 424218.928828226053156, 7638566.871480298228562 ], [ 424230.039637115143705, 7638541.09192793443799 ], [ 424237.852972625056282, 7638524.403098607435822 ], [ 424250.23286691098474, 7638500.118360955268145 ], [ 424258.901799200510141, 7638484.53261361271143 ], [ 424272.420259001257364, 7638462.399543337523937 ], [ 424281.76407740166178, 7638448.564659939147532 ], [ 424296.253854639304336, 7638429.312206921167672 ], [ 424306.224606025789399, 7638417.516600960865617 ], [ 424316.63745633023791, 7638406.349179614335299 ], [ 424327.680873200413771, 7638395.59914787299931 ], [ 424339.322239013505168, 7638385.297311832197011 ], [ 424357.798310078796931, 7638370.777389671653509 ], [ 424370.713694139441941, 7638361.778429035097361 ], [ 424390.839968239539303, 7638349.395495310425758 ], [ 424404.764547495287843, 7638341.880979781970382 ], [ 424426.70663156156661, 7638331.536924189887941 ], [ 424442.0329781807377, 7638325.243341395631433 ], [ 424466.001254822593182, 7638316.702257046476007 ], [ 424482.58845622948138, 7638311.602582477033138 ], [ 424508.309495852561668, 7638304.826547611504793 ], [ 424525.968412004760467, 7638300.877983875572681 ], [ 424553.215591518091969, 7638295.759719163179398 ], [ 424571.918107149540447, 7638292.837510262615979 ], [ 424600.755337891285308, 7638289.113728187046945 ], [ 424650.794423588667996, 7638284.383242294192314 ], [ 424749.68360660795588, 7638277.770950730890036 ], [ 424797.827203226217534, 7638273.724742623046041 ], [ 424848.46062030311441, 7638267.6231973990798 ], [ 424888.020511687267572, 7638261.008029332384467 ], [ 424928.837276230333373, 7638252.013174535706639 ], [ 424956.611963965813629, 7638244.381147278472781 ], [ 424970.631773467350286, 7638239.998137224465609 ], [ 424998.861676101689227, 7638229.963489158079028 ], [ 425013.036231520585716, 7638224.256643518805504 ], [ 425041.398003143665846, 7638211.325802060775459 ], [ 425055.534070533700287, 7638204.048345163464546 ], [ 425069.565109885297716, 7638196.216208385303617 ], [ 425096.85541964310687, 7638179.082399685867131 ], [ 425122.851437712612096, 7638160.194366384297609 ], [ 425147.49336009536637, 7638139.645781432278454 ], [ 425170.721729017794132, 7638117.511761585250497 ], [ 425192.467596982140094, 7638093.855529122054577 ], [ 425212.650028372416273, 7638068.731113843619823 ], [ 425222.125833292782772, 7638055.633451161906123 ], [ 425239.779723168408964, 7638028.395631620660424 ], [ 425255.60909526393516, 7637999.791668731719255 ], [ 425262.833460051915608, 7637984.908144772052765 ], [ 425269.587983304052614, 7637969.549444755539298 ], [ 425275.826019623375032, 7637953.695447489619255 ], [ 425281.490236412850209, 7637937.338940827175975 ], [ 425286.517482875089627, 7637920.476380394771695 ], [ 425290.838747693458572, 7637903.109590215608478 ], [ 425294.379496363108046, 7637885.247741435654461 ], [ 425297.055083012324758, 7637866.946786941960454 ], [ 425297.853678789280821, 7637858.369320908561349 ] ] ] } },
{ "type": "Feature", "properties": { "fid": 276.0, "COMPR_M": 1517.03, "CLASSE": "06 - Acima do limite", "CD_FAZ": "400534", "TALHOES": "1, 4", "FAZ_tAL": "400534001, 400534004", "ID_LINHA": 96215 }, "geometry": { "type": "MultiLineString", "coordinates": [ [ [ 424180.019699648022652, 7638669.583576790057123 ], [ 424189.5298037250177, 7638638.96905698813498 ], [ 424199.034928910201415, 7638610.802242986857891 ], [ 424216.153550221992191, 7638565.732131060212851 ], [ 424227.30669361713808, 7638539.854442034848034 ], [ 424235.152872524107806, 7638523.095483157783747 ], [ 424247.589670098794159, 7638498.699210917577147 ], [ 424256.303187582525425, 7638483.033347917720675 ], [ 424269.902794926252682, 7638460.767628319561481 ], [ 424279.311706044361927, 7638446.83642499987036 ], [ 424293.918213134456892, 7638427.429136116057634 ], [ 424303.980852607463021, 7638415.524888310581446 ], [ 424314.493508721061517, 7638404.250416582450271 ], [ 424325.639973795972764, 7638393.400057347491384 ], [ 424337.387203365331516, 7638383.004525911062956 ], [ 424356.027160907979123, 7638368.355774829164147 ], [ 424369.055208272126038, 7638359.278309995308518 ], [ 424389.355815807823092, 7638346.788111252710223 ], [ 424403.398471615859307, 7638339.209853682667017 ], [ 424425.511813163291663, 7638328.784956311807036 ], [ 424440.947160002193414, 7638322.446590023115277 ], [ 424465.070288917457219, 7638313.850242106243968 ], [ 424481.754667857196182, 7638308.720672719180584 ], [ 424507.611936936329585, 7638301.908686940558255 ], [ 424525.355186992499512, 7638297.941252619028091 ], [ 424552.717520825972315, 7638292.801298245787621 ], [ 424571.487947310379241, 7638289.868465602397919 ], [ 424600.413368334178813, 7638286.133252281695604 ], [ 424650.562407768680714, 7638281.392215525731444 ], [ 424749.468048614973668, 7638274.778697367757559 ], [ 424797.530878690129612, 7638270.739382615312934 ], [ 424848.030523225024808, 7638264.654119716025889 ], [ 424887.45554541668389, 7638258.061596432700753 ], [ 424928.105411160504445, 7638249.103644683025777 ], [ 424955.750787213095464, 7638241.507187884300947 ], [ 424969.700599906034768, 7638237.146060917526484 ], [ 424997.780233031488024, 7638227.164873832836747 ], [ 425011.874796470510773, 7638221.490233920514584 ], [ 425040.067940307955723, 7638208.636325813829899 ], [ 425054.115977845853195, 7638201.404187988489866 ], [ 425068.057769213104621, 7638193.621869501657784 ], [ 425095.174522896879353, 7638176.59700985532254 ], [ 425121.007563345308881, 7638157.827378945425153 ], [ 425145.496491067344323, 7638137.406366778537631 ], [ 425168.581245576380752, 7638115.409193756990135 ], [ 425190.192474371346179, 7638091.899433589540422 ], [ 425210.249086581286974, 7638066.9316590372473 ], [ 425219.665320672909729, 7638053.916336441412568 ], [ 425237.206989257480018, 7638026.851687381975353 ], [ 425252.933795698336326, 7637998.433109013363719 ], [ 425260.109985450922977, 7637983.648834517225623 ], [ 425266.817986509006005, 7637968.39591848757118 ], [ 425273.011555424309336, 7637952.654935329221189 ], [ 425278.633984193729702, 7637936.419099537655711 ], [ 425283.622867833240889, 7637919.685216994956136 ], [ 425287.910062924376689, 7637902.4553501047194 ], [ 425291.422017934382893, 7637884.738755356520414 ], [ 425294.817048824566882, 7637858.623397290706635 ] ] ] } },
{ "type": "Feature", "properties": { "fid": 277.0, "COMPR_M": 1512.2, "CLASSE": "06 - Acima do limite", "CD_FAZ": "400534", "TALHOES": "1, 4", "FAZ_tAL": "400534001, 400534004", "ID_LINHA": 96216 }, "geometry": { "type": "MultiLineString", "coordinates": [ [ [ 424178.210997539805248, 7638665.176174156367779 ], [ 424189.794106669141911, 7638628.541980409994721 ], [ 424199.503566268249415, 7638600.574869628995657 ], [ 424209.802064017392695, 7638573.445259375497699 ], [ 424220.761496322927997, 7638547.178168600425124 ], [ 424232.452772420831025, 7638521.787867713719606 ], [ 424244.946473285031971, 7638497.280060881748796 ], [ 424258.19316099351272, 7638473.896513376384974 ], [ 424272.087540385313332, 7638452.02699351683259 ], [ 424286.607777359429747, 7638431.862968843430281 ], [ 424296.623432491905987, 7638419.437979627400637 ], [ 424306.965160358697176, 7638407.786776321940124 ], [ 424323.599074392463081, 7638391.200966818258166 ], [ 424335.452167715760879, 7638380.711739988066256 ], [ 424354.256011735997163, 7638365.93415998481214 ], [ 424374.127193304186221, 7638352.423152761533856 ], [ 424394.888248367467895, 7638340.29160151258111 ], [ 424409.319487873697653, 7638332.911989111453295 ], [ 424424.316994764725678, 7638326.0329884365201 ], [ 424439.861341821553651, 7638319.649838648736477 ], [ 424464.139323012554087, 7638310.998227163217962 ], [ 424498.145801757345907, 7638301.156258536502719 ], [ 424515.781182870967314, 7638296.940779007971287 ], [ 424542.95603739831131, 7638291.460067396052182 ], [ 424580.629849230463151, 7638285.565462537109852 ], [ 424619.896966833854094, 7638281.051513776183128 ], [ 424660.699471586965956, 7638277.626446941867471 ], [ 424761.01940831693355, 7638270.912190832197666 ], [ 424797.234554155322257, 7638267.75402260478586 ], [ 424822.127028624061495, 7638265.041632456704974 ], [ 424847.60042614559643, 7638261.685042036697268 ], [ 424873.649855490482878, 7638257.537212470546365 ], [ 424900.264793442504015, 7638252.432344812899828 ], [ 424927.373546089162119, 7638246.194114833138883 ], [ 424954.889610461483244, 7638238.633228488266468 ], [ 424982.711308109981474, 7638229.547276936471462 ], [ 425010.713361420028377, 7638218.723824322223663 ], [ 425024.734190621122252, 7638212.592907791957259 ], [ 425052.697885159985162, 7638198.760030811652541 ], [ 425066.550428542308509, 7638191.027530618011951 ], [ 425080.175444054068066, 7638182.794160219840705 ], [ 425106.491914690472186, 7638164.996501374989748 ], [ 425119.163688978180289, 7638155.460391506552696 ], [ 425143.499622037808876, 7638135.166952127590775 ], [ 425166.440762135549448, 7638113.306625926867127 ], [ 425177.366908327559941, 7638101.809233244508505 ], [ 425198.081559256417677, 7638077.715574249625206 ], [ 425207.84814479004126, 7638065.132204229943454 ], [ 425226.138276964717079, 7638038.922465091571212 ], [ 425234.634255345212296, 7638025.307743146084249 ], [ 425250.258496133552399, 7637997.074549295008183 ], [ 425257.386510848067701, 7637982.389524260535836 ], [ 425264.04798971186392, 7637967.242392219603062 ], [ 425270.197091223497409, 7637951.614423166960478 ], [ 425275.77773197699571, 7637935.499258251860738 ], [ 425280.728252790344413, 7637918.894053591415286 ], [ 425284.981378155411221, 7637901.801109995692968 ], [ 425288.464539504260756, 7637884.229769276455045 ], [ 425291.780234649777412, 7637858.879452204331756 ] ] ] } },
{ "type": "Feature", "properties": { "fid": 278.0, "COMPR_M": 1507.38, "CLASSE": "06 - Acima do limite", "CD_FAZ": "400534", "TALHOES": "1, 3, 4", "FAZ_tAL": "400534001, 400534003, 400534004", "ID_LINHA": 96217 }, "geometry": { "type": "MultiLineString", "coordinates": [ [ [ 424176.409079053555615, 7638660.785301686264575 ], [ 424186.947528804186732, 7638627.594801224768162 ], [ 424196.683315209753346, 7638599.551937967538834 ], [ 424207.014383494562935, 7638572.336611095815897 ], [ 424218.01355174172204, 7638545.974370768293738 ], [ 424229.752672321046703, 7638520.480252266861498 ], [ 424242.303276472957805, 7638495.860910847783089 ], [ 424255.619567863002885, 7638472.354677381925285 ], [ 424269.601437525416259, 7638450.347667148336768 ], [ 424284.230506150284782, 7638430.032758684828877 ], [ 424294.332308960787486, 7638417.500965736806393 ], [ 424304.77080061956076, 7638405.740772837772965 ], [ 424321.558174988022074, 7638389.001876288093626 ], [ 424333.517132068926003, 7638378.418954068794847 ], [ 424352.484862565412186, 7638363.512545140460134 ], [ 424372.526091516658198, 7638349.885902611538768 ], [ 424393.463316812179983, 7638337.651392737403512 ], [ 424408.011444710427895, 7638330.211980503052473 ], [ 424423.122176366101485, 7638323.281020562164485 ], [ 424438.775523644173518, 7638316.853087275288999 ], [ 424463.20835710776737, 7638308.146212216466665 ], [ 424497.404122948995791, 7638298.249293431639671 ], [ 424515.126445056928787, 7638294.01301789470017 ], [ 424542.421313575934619, 7638288.508045317605138 ], [ 424580.230918628745712, 7638282.592065785080194 ], [ 424619.604598825564608, 7638278.065771996974945 ], [ 424660.482802896818612, 7638274.634273488074541 ], [ 424760.788711612403858, 7638267.921062240377069 ], [ 424796.938229620980565, 7638264.76866259239614 ], [ 424821.770311762811616, 7638262.062868075445294 ], [ 424847.170329066226259, 7638258.71596435457468 ], [ 424873.133336334023625, 7638254.581917418166995 ], [ 424899.647801561281085, 7638249.49634805880487 ], [ 424926.6416810171213, 7638243.284584981389344 ], [ 424954.028433708939701, 7638235.759269093163311 ], [ 424981.706673063687049, 7638226.720211615785956 ], [ 425009.551926369545981, 7638215.957414725795388 ], [ 425023.489792688051239, 7638209.862775541841984 ], [ 425051.279792472836562, 7638196.115873636677861 ], [ 425065.043087872909382, 7638188.433191734366119 ], [ 425078.580007405718789, 7638180.253056271933019 ], [ 425104.728237456583884, 7638162.569161796942353 ], [ 425117.319814609829336, 7638153.09340406768024 ], [ 425141.502753009553999, 7638132.92753747664392 ], [ 425164.30027869658079, 7638111.20405809674412 ], [ 425175.157999520597514, 7638099.77866823412478 ], [ 425195.742423207790125, 7638075.836488286033273 ], [ 425205.447202998620924, 7638063.332749424502254 ], [ 425223.620476771902759, 7638037.290490109473467 ], [ 425232.061521433352027, 7638023.763798906467855 ], [ 425247.583196568826679, 7637995.715989574790001 ], [ 425254.663036246609408, 7637981.130214001983404 ], [ 425261.277992917166557, 7637966.088865951634943 ], [ 425267.382627025595866, 7637950.573911003768444 ], [ 425272.921479758631904, 7637934.579416966997087 ], [ 425277.833637748961337, 7637918.102890189737082 ], [ 425282.052693386794999, 7637901.146869881078601 ], [ 425285.507061072683427, 7637883.720783196389675 ], [ 425288.743400417035446, 7637859.135722560808063 ] ] ] } },
{ "type": "Feature", "properties": { "fid": 279.0, "COMPR_M": 1502.55, "CLASSE": "06 - Acima do limite", "CD_FAZ": "400534", "TALHOES": "1, 3, 4", "FAZ_tAL": "400534001, 400534003, 400534004", "ID_LINHA": 96218 }, "geometry": { "type": "MultiLineString", "coordinates": [ [ [ 424174.607160567655228, 7638656.394429222680628 ], [ 424187.292805968725588, 7638617.185881811194122 ], [ 424197.24708923016442, 7638589.336339108645916 ], [ 424207.827716213068925, 7638562.314083345234394 ], [ 424219.107863124227151, 7638536.141984337940812 ], [ 424231.160562096862122, 7638510.8320084027946 ], [ 424244.044722386111971, 7638486.415901502594352 ], [ 424257.660442064167, 7638463.255757182836533 ], [ 424267.115334665169939, 7638448.668340778909624 ], [ 424281.853234941721894, 7638428.202548524364829 ], [ 424292.041185429727193, 7638415.563951846212149 ], [ 424302.576440879784059, 7638403.694769351743162 ], [ 424319.517275583872106, 7638386.802785760723054 ], [ 424331.582096420112066, 7638376.126168147660792 ], [ 424350.713713394827209, 7638361.090930297970772 ], [ 424370.924989732564427, 7638347.348652462475002 ], [ 424392.03838525514584, 7638335.011183962225914 ], [ 424406.703401549137197, 7638327.511971896514297 ], [ 424421.927357967302669, 7638320.529052683152258 ], [ 424437.689705464697909, 7638314.056335901841521 ], [ 424462.277391203213483, 7638305.294197277165949 ], [ 424496.662444141809829, 7638295.342328330501914 ], [ 424514.4717072424246, 7638291.085256779566407 ], [ 424541.88658975251019, 7638285.556023238226771 ], [ 424579.831988027261104, 7638279.618669033050537 ], [ 424619.312230819719844, 7638275.080030217766762 ], [ 424660.266134208824951, 7638271.642100034281611 ], [ 424760.558014905196615, 7638264.929933646693826 ], [ 424796.641905084659811, 7638261.783302586525679 ], [ 424821.413594901270699, 7638259.084103693254292 ], [ 424846.740231986739673, 7638255.746886672452092 ], [ 424872.61681717808824, 7638251.626622366718948 ], [ 424899.030809679883532, 7638246.560351305641234 ], [ 424925.909815945546143, 7638240.375055126845837 ], [ 424953.167256957327481, 7638232.885309701785445 ], [ 424980.702038019080646, 7638223.89314629137516 ], [ 425008.390491319354624, 7638213.1910051247105 ], [ 425022.245394754922017, 7638207.132643291726708 ], [ 425049.861699785804376, 7638193.471716460771859 ], [ 425063.535747201589402, 7638185.838852852582932 ], [ 425076.98457075789338, 7638177.71195232309401 ], [ 425102.964560221880674, 7638160.141822217032313 ], [ 425115.475940244272351, 7638150.726416626945138 ], [ 425139.505883981881198, 7638130.688122823834419 ], [ 425162.159795256855432, 7638109.10149026568979 ], [ 425172.949090713576879, 7638097.748103221878409 ], [ 425193.403287156368606, 7638073.957402324303985 ], [ 425203.046261207025964, 7638061.53329461812973 ], [ 425221.102676579263061, 7638035.658515123650432 ], [ 425229.488787520793267, 7638022.219854669645429 ], [ 425244.907897004799452, 7637994.357429857365787 ], [ 425251.939561644569039, 7637979.870903743430972 ], [ 425258.507996121654287, 7637964.935339683666825 ], [ 425264.568162825249601, 7637949.533398842439055 ], [ 425270.065227540733758, 7637933.659575682133436 ], [ 425274.939022707229014, 7637917.311726788058877 ], [ 425279.124008617713116, 7637900.492629772052169 ], [ 425282.54958264430752, 7637883.211797116324306 ], [ 425285.706694176304154, 7637859.39061819575727 ] ] ] } },
{ "type": "Feature", "properties": { "fid": 280.0, "COMPR_M": 1497.76, "CLASSE": "06 - Acima do limite", "CD_FAZ": "400534", "TALHOES": "1, 3, 4", "FAZ_tAL": "400534001, 400534003, 400534004", "ID_LINHA": 96219 }, "geometry": { "type": "MultiLineString", "coordinates": [ [ [ 424172.816848025540821, 7638652.031837848946452 ], [ 424184.454364541568793, 7638616.214583463966846 ], [ 424194.436956744408235, 7638588.285920450463891 ], [ 424205.052438208542299, 7638561.17473410628736 ], [ 424216.374919626745395, 7638534.904498440213501 ], [ 424228.478370884491596, 7638509.488031767308712 ], [ 424241.422963124583475, 7638484.957511147484183 ], [ 424255.113856983371079, 7638461.669690271839499 ], [ 424264.629231805156451, 7638446.989014409482479 ], [ 424279.475963732576929, 7638426.372338362038136 ], [ 424289.750061899481807, 7638413.626937951892614 ], [ 424300.382081139250658, 7638401.648765867576003 ], [ 424317.476376180711668, 7638384.603695231489837 ], [ 424329.647060771996621, 7638373.833382226526737 ], [ 424348.942564223660156, 7638358.66931545175612 ], [ 424369.323887944687158, 7638344.811402313411236 ], [ 424390.613453698460944, 7638332.370975186116993 ], [ 424405.395358386449516, 7638324.811963288113475 ], [ 424420.732539568271022, 7638317.777084806933999 ], [ 424436.603887284523807, 7638311.259584531188011 ], [ 424461.346425298776012, 7638302.442182333208621 ], [ 424495.92076533450745, 7638292.435363223776221 ], [ 424513.816969428677112, 7638288.157495663501322 ], [ 424541.351865930657368, 7638282.604001162573695 ], [ 424579.433057425427251, 7638276.645272281952202 ], [ 424619.019862812419888, 7638272.094288439489901 ], [ 424660.049465519026853, 7638268.649926580488682 ], [ 424760.327318199910223, 7638261.93880505207926 ], [ 424796.345580551424064, 7638258.797942576929927 ], [ 424821.056878040137235, 7638256.105339312925935 ], [ 424846.310134908067994, 7638252.777808989398181 ], [ 424872.100298020755872, 7638248.671327315270901 ], [ 424898.413817797845695, 7638243.624354552477598 ], [ 424925.177950873912778, 7638237.465525276958942 ], [ 424952.306080204783939, 7638230.011350305750966 ], [ 424979.697402972669806, 7638221.066080970689654 ], [ 425007.229056267940905, 7638210.42459552641958 ], [ 425021.000996821792796, 7638204.402511041611433 ], [ 425048.443607098888606, 7638190.827559285797179 ], [ 425062.028406530967914, 7638183.244513967074454 ], [ 425075.389134109893348, 7638175.170848374255002 ], [ 425101.200882987119257, 7638157.714482641778886 ], [ 425113.632065876794513, 7638148.359429188072681 ], [ 425137.509014953509904, 7638128.448708171024919 ], [ 425160.019311814452522, 7638106.998922435566783 ], [ 425170.740181905101053, 7638095.717538210563362 ], [ 425191.064151105529163, 7638072.078316362574697 ], [ 425200.645319415896665, 7638059.733839810825884 ], [ 425218.584876387554687, 7638034.026540139690042 ], [ 425226.916053609340452, 7638020.67591043189168 ], [ 425242.232597438967787, 7637992.998870133422315 ], [ 425249.216087042063009, 7637978.611593486741185 ], [ 425255.737999325268902, 7637963.781813414767385 ], [ 425261.753698624437675, 7637948.492886682040989 ], [ 425267.208975323243067, 7637932.739734394475818 ], [ 425272.044407665671315, 7637916.520563383586705 ], [ 425276.195323848281987, 7637899.838389659300447 ], [ 425279.59210421377793, 7637882.702811036258936 ], [ 425282.670215114776511, 7637859.643073765560985 ] ] ] } },
{ "type": "Feature", "properties": { "fid": 281.0, "COMPR_M": 1492.97, "CLASSE": "06 - Acima do limite", "CD_FAZ": "400534", "TALHOES": "1, 3, 4", "FAZ_tAL": "400534001, 400534003, 400534004", "ID_LINHA": 96220 }, "geometry": { "type": "MultiLineString", "coordinates": [ [ [ 424171.030216463492252, 7638647.678216192871332 ], [ 424181.615923113597091, 7638615.243285118602216 ], [ 424191.626824258884881, 7638587.235501794144511 ], [ 424202.277160205179825, 7638560.035384867340326 ], [ 424213.641976130136754, 7638533.667012541554868 ], [ 424225.796179673459847, 7638508.144055132754147 ], [ 424238.801203864975832, 7638483.49912079423666 ], [ 424252.567271900479682, 7638460.083623362705112 ], [ 424262.143128945375793, 7638445.309688039124012 ], [ 424277.098692524014041, 7638424.542128205299377 ], [ 424287.458938367897645, 7638411.689924063161016 ], [ 424298.187721400754526, 7638399.602762381546199 ], [ 424315.435476775863208, 7638382.404604703187943 ], [ 424327.712025123939384, 7638371.540596305392683 ], [ 424347.171415052609518, 7638356.247700607404113 ], [ 424367.722786160302348, 7638342.274152161553502 ], [ 424389.188522142008878, 7638329.730766411870718 ], [ 424404.087315224984195, 7638322.111954681575298 ], [ 424419.537721169763245, 7638315.025116931647062 ], [ 424435.51806910551386, 7638308.462833155877888 ], [ 424460.415459393872879, 7638299.590167388319969 ], [ 424495.179086525808088, 7638289.528398120775819 ], [ 424513.162231613940094, 7638285.229734547436237 ], [ 424540.817142107815016, 7638279.651979083195329 ], [ 424579.034126823884435, 7638273.671875528991222 ], [ 424618.727494806284085, 7638269.108546658419073 ], [ 424659.832796830800362, 7638265.657753126695752 ], [ 424760.096621493343264, 7638258.947676461189985 ], [ 424796.049256016151048, 7638255.812582564540207 ], [ 424820.700161178770941, 7638253.126574931666255 ], [ 424845.880037828697823, 7638249.808731309138238 ], [ 424871.583778865111526, 7638245.716032262891531 ], [ 424897.796825916972011, 7638240.688357799313962 ], [ 424924.446085802861489, 7638234.555995423346758 ], [ 424951.444903453229927, 7638227.137390911579132 ], [ 424978.692767926608212, 7638218.239015648141503 ], [ 425006.067621218622662, 7638207.658185929991305 ], [ 425019.756598890759051, 7638201.672378791496158 ], [ 425047.025514411972836, 7638188.183402111753821 ], [ 425060.521065860462841, 7638180.650175084359944 ], [ 425073.793697461136617, 7638172.629744426347315 ], [ 425099.437205753521994, 7638155.287143062800169 ], [ 425111.78819151018979, 7638145.99244174733758 ], [ 425135.512145924963988, 7638126.209293520078063 ], [ 425157.87882837455254, 7638104.896354608237743 ], [ 425168.53127309854608, 7638093.686973196454346 ], [ 425188.725015055213589, 7638070.199230397120118 ], [ 425198.244377625291236, 7638057.934385003522038 ], [ 425216.06707619264489, 7638032.394565155729651 ], [ 425224.343319697189145, 7638019.131966193206608 ], [ 425239.557297874533106, 7637991.640310415998101 ], [ 425246.492612438974902, 7637977.352283227257431 ], [ 425252.968002528767101, 7637962.628287145867944 ], [ 425258.939234425895847, 7637947.452374519780278 ], [ 425264.35272310487926, 7637931.819893107749522 ], [ 425269.149792621727102, 7637915.729399982839823 ], [ 425273.266639080422465, 7637899.184149549342692 ], [ 425276.634625783772208, 7637882.193824958987534 ], [ 425279.633943867287599, 7637859.893297273665667 ] ] ] } },
{ "type": "Feature", "properties": { "fid": 282.0, "COMPR_M": 1488.19, "CLASSE": "06 - Acima do limite", "CD_FAZ": "400534", "TALHOES": "1, 3, 4", "FAZ_tAL": "400534001, 400534003, 400534004", "ID_LINHA": 96221 }, "geometry": { "type": "MultiLineString", "coordinates": [ [ [ 424169.243584899930283, 7638643.324594538658857 ], [ 424182.056870288273785, 7638604.822922913357615 ], [ 424192.30286653211806, 7638576.998674407601357 ], [ 424203.220322611450683, 7638549.981530452147126 ], [ 424214.884916583017912, 7638523.792976912111044 ], [ 424227.373012939700857, 7638498.443799698725343 ], [ 424240.711517874558922, 7638474.037753744982183 ], [ 424254.798010466620326, 7638450.976138198748231 ], [ 424264.597477895207703, 7638436.467015367001295 ], [ 424279.904364109330345, 7638416.130711290985346 ], [ 424290.518332098261453, 7638403.574612402357161 ], [ 424301.629823065828532, 7638391.65783838648349 ], [ 424319.511560017999727, 7638374.662305537611246 ], [ 424332.184604945883621, 7638363.967016974464059 ], [ 424352.194742635707371, 7638348.975475829094648 ], [ 424366.121684374054894, 7638339.736902013421059 ], [ 424387.763590585731436, 7638327.090557639487088 ], [ 424402.77927206287859, 7638319.411946073174477 ], [ 424418.342902769742068, 7638312.273149056360126 ], [ 424434.432250927085988, 7638305.66608178243041 ], [ 424459.484493489086162, 7638296.73815244436264 ], [ 424494.43740772025194, 7638286.621433017775416 ], [ 424512.507493799901567, 7638282.30197343416512 ], [ 424540.28241828456521, 7638276.699957007542253 ], [ 424578.635196222632658, 7638270.698478776961565 ], [ 424618.435126798576675, 7638266.122804877348244 ], [ 424659.616128141991794, 7638262.665579676628113 ], [ 424759.865924788638949, 7638255.956547867506742 ], [ 424795.752931481401902, 7638252.827222554944456 ], [ 424820.343444317113608, 7638250.147810551337898 ], [ 424845.449940749327652, 7638246.839653628878295 ], [ 424871.067259708768688, 7638242.760737213306129 ], [ 424897.179834036098327, 7638237.752361047081649 ], [ 424923.714220730995294, 7638231.646465571597219 ], [ 424950.583726700744592, 7638224.263431517407298 ], [ 424977.688132880837657, 7638215.411950326524675 ], [ 425004.906186168198474, 7638204.891776330769062 ], [ 425018.512200957688037, 7638198.942246543243527 ], [ 425045.607421725173481, 7638185.539244934916496 ], [ 425059.013725189957768, 7638178.055836201645434 ], [ 425072.198260813485831, 7638170.088640477508307 ], [ 425097.673528518469539, 7638152.859803486615419 ], [ 425109.944317142944783, 7638143.625454308465123 ], [ 425133.515276896359865, 7638123.969878868199885 ], [ 425155.738344934536144, 7638102.793786778114736 ], [ 425166.322364291234408, 7638091.656408185139298 ], [ 425186.385879003501032, 7638068.32014443539083 ], [ 425195.843435833870899, 7638056.13493019901216 ], [ 425213.54927600058727, 7638030.762590172700584 ], [ 425221.770585785503499, 7638017.588021958246827 ], [ 425236.881998308876064, 7637990.28175069577992 ], [ 425243.769137837283779, 7637976.092972971498966 ], [ 425250.198005732672755, 7637961.474760880693793 ], [ 425256.124770224909298, 7637946.41186235845089 ], [ 425261.496470886224415, 7637930.900051822885871 ], [ 425266.255177580693271, 7637914.938236581161618 ], [ 425270.337954311456997, 7637898.52990944031626 ], [ 425273.677147354290355, 7637881.684838877059519 ], [ 425276.597866441123188, 7637860.141439028084278 ] ] ] } },
{ "type": "Feature", "properties": { "fid": 283.0, "COMPR_M": 1483.44, "CLASSE": "06 - Acima do limite", "CD_FAZ": "400534", "TALHOES": "1, 3, 4", "FAZ_tAL": "400534001, 400534003, 400534004", "ID_LINHA": 96222 }, "geometry": { "type": "MultiLineString", "coordinates": [ [ [ 424167.471867911750451, 7638639.007316372357309 ], [ 424179.227193849859759, 7638603.826369568705559 ], [ 424189.50357945356518, 7638575.91967705078423 ], [ 424200.458278195292223, 7638548.810455309227109 ], [ 424212.167909972253256, 7638522.520872363820672 ], [ 424224.709764375875238, 7638497.06265726312995 ], [ 424238.11290625721449, 7638472.538488049060106 ], [ 424252.280546390684322, 7638449.344223177991807 ], [ 424262.145106538315304, 7638434.738780427724123 ], [ 424277.568722604890354, 7638414.247640488669276 ], [ 424288.274578679527622, 7638401.582899751141667 ], [ 424299.485875456070062, 7638389.559075355529785 ], [ 424317.523248728888575, 7638372.41555966809392 ], [ 424330.303523260285147, 7638361.629765253514051 ], [ 424350.479579140373971, 7638346.513892542570829 ], [ 424364.52058258804027, 7638337.19965186342597 ], [ 424386.338659029104747, 7638324.450348863378167 ], [ 424401.471228899376001, 7638316.711937464773655 ], [ 424417.148084372223821, 7638309.521181181073189 ], [ 424433.346432747901417, 7638302.86933040805161 ], [ 424458.553527583833784, 7638293.886137502267957 ], [ 424475.918149253644515, 7638288.547304408624768 ], [ 424493.695728913357016, 7638283.714467912912369 ], [ 424511.852755984757096, 7638279.374212317168713 ], [ 424539.747694461606443, 7638273.747934927232563 ], [ 424578.236265621730126, 7638267.72508202213794 ], [ 424618.142758790112566, 7638263.137063104659319 ], [ 424659.399459452717565, 7638259.673406224697828 ], [ 424759.635228081955574, 7638252.965419271960855 ], [ 424795.456606946594547, 7638249.841862546280026 ], [ 424819.986727456562221, 7638247.169046171009541 ], [ 424845.019843670655973, 7638243.87057594396174 ], [ 424870.55074055219302, 7638239.805442161858082 ], [ 424896.562842155166436, 7638234.816364294849336 ], [ 424922.982355659652967, 7638228.736935721710324 ], [ 424949.722549947910011, 7638221.389472123235464 ], [ 424976.683497834659647, 7638212.584885007701814 ], [ 425003.744751116610132, 7638202.125366732478142 ], [ 425017.267803025315516, 7638196.212114293128252 ], [ 425044.189329037093557, 7638182.895087759941816 ], [ 425057.506384518288542, 7638175.461497317999601 ], [ 425070.602824163797777, 7638167.547536530531943 ], [ 425095.909851285279728, 7638150.432463907636702 ], [ 425108.100442775990814, 7638141.258466867730021 ], [ 425131.518407867697533, 7638121.730464216321707 ], [ 425153.597861493821256, 7638100.691218947991729 ], [ 425164.113455484563019, 7638089.625843172892928 ], [ 425184.046742954989895, 7638066.441058471798897 ], [ 425193.442494042217731, 7638054.335475390776992 ], [ 425211.03147580800578, 7638029.130615191534162 ], [ 425219.197851873701438, 7638016.044077718630433 ], [ 425234.206698743917514, 7637988.923190977424383 ], [ 425241.045663235068787, 7637974.833662713877857 ], [ 425247.428008937742561, 7637960.321234611794353 ], [ 425253.310306026076432, 7637945.371350197121501 ], [ 425258.640218669374008, 7637929.980210537090898 ], [ 425263.360562539193779, 7637914.147073179483414 ], [ 425267.409269542142283, 7637897.87566932477057 ], [ 425270.719668924692087, 7637881.17585279699415 ], [ 425273.561953689320944, 7637860.387812042608857 ] ] ] } },
{ "type": "Feature", "properties": { "fid": 284.0, "COMPR_M": 1478.69, "CLASSE": "06 - Acima do limite", "CD_FAZ": "400534", "TALHOES": "1, 3, 4", "FAZ_tAL": "400534001, 400534003, 400534004", "ID_LINHA": 96223 }, "geometry": { "type": "MultiLineString", "coordinates": [ [ [ 424165.701072660507634, 7638634.692284267395735 ], [ 424176.397517414123286, 7638602.829816224053502 ], [ 424186.704292373440694, 7638574.840679693967104 ], [ 424197.696233779657632, 7638547.639380168169737 ], [ 424209.45090336271096, 7638521.248767817392945 ], [ 424222.046515810186975, 7638495.681514829397202 ], [ 424235.51429463934619, 7638471.039222352206707 ], [ 424249.763082314690109, 7638447.712308159098029 ], [ 424259.692735179618467, 7638433.010545488446951 ], [ 424275.233081100566778, 7638412.364569684490561 ], [ 424286.030825261143036, 7638399.591187098994851 ], [ 424297.341927845962346, 7638387.460312323644757 ], [ 424315.53493743785657, 7638370.168813802301884 ], [ 424328.422441574803088, 7638359.292513536289334 ], [ 424348.764415643760003, 7638344.052309254184365 ], [ 424370.153540830186103, 7638330.211704349145293 ], [ 424392.469864569546189, 7638317.840844880789518 ], [ 424407.991920291911811, 7638310.321774194017053 ], [ 424424.044022944348399, 7638303.353161656297743 ], [ 424440.598891285248101, 7638296.926518345251679 ], [ 424466.300501068180893, 7638288.285078827291727 ], [ 424502.031465605366975, 7638278.565801547840238 ], [ 424520.449386893596966, 7638274.447402536869049 ], [ 424548.732955284591299, 7638269.133930917829275 ], [ 424587.714932539034635, 7638263.477665085345507 ], [ 424628.056419798987918, 7638259.191531267017126 ], [ 424659.182790762395598, 7638256.681232768110931 ], [ 424759.404531375854276, 7638249.974290680140257 ], [ 424807.332870045676827, 7638245.592863884754479 ], [ 424832.049741025315598, 7638242.63214354403317 ], [ 424857.250549584801774, 7638238.980588061735034 ], [ 424882.935815249453299, 7638234.490133224055171 ], [ 424909.054242348531261, 7638228.999992901459336 ], [ 424935.523498137830757, 7638222.340263441205025 ], [ 424962.251211420807522, 7638214.329450463876128 ], [ 424989.128688461380079, 7638204.775951221585274 ], [ 425002.583316066418774, 7638199.358957132324576 ], [ 425029.42743762594182, 7638187.120515836402774 ], [ 425042.77123635110911, 7638180.250930583104491 ], [ 425055.999043848016299, 7638172.867158435285091 ], [ 425081.727348922868259, 7638156.713891193270683 ], [ 425094.146174052031711, 7638148.005124331451952 ], [ 425118.050984909234103, 7638129.38351281080395 ], [ 425129.521538839559071, 7638119.491049563512206 ], [ 425151.457378053630237, 7638098.588651118800044 ], [ 425171.991493492852896, 7638076.250669335946441 ], [ 425181.707606903742999, 7638064.561972508206964 ], [ 425199.981219726847485, 7638040.179418685846031 ], [ 425208.513675614318345, 7638027.498640206642449 ], [ 425224.300838911964092, 7638001.190439522266388 ], [ 425231.531399179017171, 7637987.564631259068847 ], [ 425244.658012141357176, 7637959.167708342894912 ], [ 425250.495841826195829, 7637944.330838035792112 ], [ 425255.78396645153407, 7637929.060369249433279 ], [ 425260.465947497286834, 7637913.355909775942564 ], [ 425264.480584774340969, 7637897.221429215744138 ], [ 425267.762190495617688, 7637880.666866719722748 ], [ 425270.526180601562373, 7637860.632684972137213 ] ] ] } },
{ "type": "Feature", "properties": { "fid": 285.0, "COMPR_M": 1473.95, "CLASSE": "06 - Acima do limite", "CD_FAZ": "400534", "TALHOES": "1, 3, 4", "FAZ_tAL": "400534001, 400534003, 400534004", "ID_LINHA": 96224 }, "geometry": { "type": "MultiLineString", "coordinates": [ [ [ 424163.931597116286866, 7638630.380467994138598 ], [ 424176.941557799931616, 7638592.391416317783296 ], [ 424187.50061984237982, 7638564.576073128730059 ], [ 424198.777939672756474, 7638537.547785948030651 ], [ 424210.851971608703025, 7638511.326944138854742 ], [ 424223.800898786634207, 7638485.926860596984625 ], [ 424237.604415942623746, 7638461.56182540487498 ], [ 424252.198717506660614, 7638438.592382561415434 ], [ 424262.370634005405009, 7638424.156646989285946 ], [ 424278.294444245344494, 7638403.941868497990072 ], [ 424289.410282443161123, 7638391.418748438358307 ], [ 424301.153714909916744, 7638379.423055861145258 ], [ 424319.971882530546281, 7638362.369452619925141 ], [ 424333.248566374357324, 7638351.684288987889886 ], [ 424354.128835461800918, 7638336.777238654904068 ], [ 424368.610547909280285, 7638327.638703186064959 ], [ 424391.103788688837085, 7638315.169718779623508 ], [ 424406.74098732805578, 7638307.594846107065678 ], [ 424422.904260559473187, 7638300.577948218211532 ], [ 424439.56586695718579, 7638294.109847670421004 ], [ 424465.418747887597419, 7638285.41747401561588 ], [ 424501.333906688960269, 7638275.647940877825022 ], [ 424519.836161880637519, 7638271.510671281255782 ], [ 424548.234884592297021, 7638266.175510004162788 ], [ 424587.345400726073422, 7638260.500476451590657 ], [ 424627.786088457214646, 7638256.203717126511037 ], [ 424658.966122074809391, 7638253.689059315249324 ], [ 424759.173834669811185, 7638246.983162086457014 ], [ 424807.007994475774467, 7638242.610467763617635 ], [ 424831.657933645241428, 7638239.657781503163278 ], [ 424856.778938806906808, 7638236.017808882519603 ], [ 424882.370848977938294, 7638231.543700318783522 ], [ 424908.38162206945708, 7638226.076219661161304 ], [ 424934.728773555601947, 7638219.447248313575983 ], [ 424961.320037860772572, 7638211.477374156937003 ], [ 424988.047245389898308, 7638201.977335894480348 ], [ 425001.421881015761755, 7638196.592547535896301 ], [ 425028.097374790464528, 7638184.431039588525891 ], [ 425041.353143664542586, 7638177.606773409992456 ], [ 425054.491703177045565, 7638170.272819553501904 ], [ 425080.046452174778096, 7638154.228501360863447 ], [ 425092.382496816571802, 7638145.577784752473235 ], [ 425116.129406985128298, 7638127.079165419563651 ], [ 425127.524669810663909, 7638117.251634914427996 ], [ 425149.316894612740725, 7638096.486083289608359 ], [ 425169.716370881302282, 7638074.294573806226254 ], [ 425179.368470852961764, 7638062.68288654088974 ], [ 425197.520707108371425, 7638038.462303967215121 ], [ 425205.995875422842801, 7638025.866665220819414 ], [ 425221.675618965411559, 7637999.737506024539471 ], [ 425228.856099613010883, 7637986.20607153698802 ], [ 425241.888015346077736, 7637958.014182076789439 ], [ 425247.681377625849564, 7637943.290325874462724 ], [ 425252.927714233519509, 7637928.140527961775661 ], [ 425257.571332455554511, 7637912.564746372401714 ], [ 425261.551900004851632, 7637896.567189105786383 ], [ 425264.804712065088097, 7637880.157880637794733 ], [ 425267.490530455601402, 7637860.876237424090505 ] ] ] } },
{ "type": "Feature", "properties": { "fid": 286.0, "COMPR_M": 1469.24, "CLASSE": "06 - Acima do limite", "CD_FAZ": "400534", "TALHOES": "1, 3, 4", "FAZ_tAL": "400534001, 400534003, 400534004", "ID_LINHA": 96225 }, "geometry": { "type": "MultiLineString", "coordinates": [ [ [ 424162.177136764221359, 7638626.105240391567349 ], [ 424174.121306741784792, 7638591.368484653532505 ], [ 424184.712939320364967, 7638563.467424847185612 ], [ 424196.029995091841556, 7638536.343988116830587 ], [ 424208.151871506939642, 7638510.019328691065311 ], [ 424221.157701973221265, 7638484.507710559293628 ], [ 424235.030822812113911, 7638460.019989406690001 ], [ 424249.712614646065049, 7638436.913056192919612 ], [ 424259.954496025107801, 7638422.378085877746344 ], [ 424276.0033207142842, 7638402.004854606464505 ], [ 424287.215922702511307, 7638389.372744954191148 ], [ 424299.060929789324291, 7638377.273278447799385 ], [ 424318.036846881324891, 7638360.076666697859764 ], [ 424331.422113118576817, 7638349.304106581956148 ], [ 424352.470349593670107, 7638334.27711961697787 ], [ 424367.067554989363998, 7638325.065702022053301 ], [ 424389.737712807254866, 7638312.498592680320144 ], [ 424405.490054364548996, 7638304.867918018251657 ], [ 424421.764498173666652, 7638297.802734781056643 ], [ 424438.532842628541403, 7638291.293176991865039 ], [ 424464.536994709284045, 7638282.549869204871356 ], [ 424500.636347773193847, 7638272.73008020222187 ], [ 424519.222936868376564, 7638268.573940020985901 ], [ 424547.736813899537083, 7638263.217089086771011 ], [ 424586.975868912879378, 7638257.523287822492421 ], [ 424627.515757117886096, 7638253.215902984142303 ], [ 424658.74945338681573, 7638250.696885861456394 ], [ 424758.943137964350171, 7638243.992033490911126 ], [ 424806.683118906163145, 7638239.628071641549468 ], [ 424831.26612626487622, 7638236.683419465087354 ], [ 424856.307328029011842, 7638233.055029703304172 ], [ 424881.805882707063574, 7638228.597267420962453 ], [ 424907.709001789160538, 7638223.152446424588561 ], [ 424933.93404897255823, 7638216.554233187809587 ], [ 424960.388864300271962, 7638208.625297849997878 ], [ 424986.965802318358328, 7638199.178720567375422 ], [ 425000.260445963998791, 7638193.826137937605381 ], [ 425026.76731195487082, 7638181.741563341580331 ], [ 425039.935050977335777, 7638174.962616235017776 ], [ 425052.984362506249454, 7638167.678480667993426 ], [ 425078.365555429831147, 7638151.743111527524889 ], [ 425090.618819581752177, 7638143.15044517442584 ], [ 425114.207829060964286, 7638124.774818030185997 ], [ 425125.527800782350823, 7638115.012220260687172 ], [ 425147.176411172375083, 7638094.383515460416675 ], [ 425167.441248272545636, 7638072.338478274643421 ], [ 425177.029334802820813, 7638060.803800581023097 ], [ 425195.060194489196874, 7638036.745189245790243 ], [ 425203.478075230843388, 7638024.234690236859024 ], [ 425219.050399019848555, 7637998.284572526812553 ], [ 425226.180800048983656, 7637984.847511816769838 ], [ 425239.11801854998339, 7637956.860655806958675 ], [ 425244.866913427133113, 7637942.24981371127069 ], [ 425250.071462015912402, 7637927.22068667691201 ], [ 425254.676717413414735, 7637911.77358297072351 ], [ 425258.623215235536918, 7637895.912948993034661 ], [ 425261.847233635140583, 7637879.648894556798041 ], [ 425264.454972695442848, 7637861.11879759747535 ] ] ] } },
{ "type": "Feature", "properties": { "fid": 287.0, "COMPR_M": 1464.53, "CLASSE": "06 - Acima do limite", "CD_FAZ": "400534", "TALHOES": "1, 3, 4", "FAZ_tAL": "400534001, 400534003, 400534004", "ID_LINHA": 96226 }, "geometry": { "type": "MultiLineString", "coordinates": [ [ [ 424160.422676411515567, 7638621.83001278527081 ], [ 424171.301055682590231, 7638590.345552990213037 ], [ 424181.925258798932191, 7638562.35877656750381 ], [ 424193.282050510926638, 7638535.140190285630524 ], [ 424205.451771405525506, 7638508.711713245138526 ], [ 424218.514505162718706, 7638483.088560523465276 ], [ 424232.457229680032469, 7638458.47815341129899 ], [ 424247.226511785760522, 7638435.233729822561145 ], [ 424257.538358045974746, 7638420.599524766206741 ], [ 424273.712197183282115, 7638400.067840717732906 ], [ 424285.021562963200267, 7638387.326741468161345 ], [ 424296.968144670710899, 7638375.123501039110124 ], [ 424316.101811233442277, 7638357.783880775794387 ], [ 424329.595659861108288, 7638346.923924182541668 ], [ 424350.811863725190051, 7638331.777000578120351 ], [ 424365.524562069040257, 7638322.492700859904289 ], [ 424388.371636927360669, 7638309.827466579154134 ], [ 424404.239121400867589, 7638302.14098993036896 ], [ 424420.624735789431725, 7638295.027521342039108 ], [ 424437.499818299897015, 7638288.476506317034364 ], [ 424463.655241528584156, 7638279.68226439319551 ], [ 424499.938788858009502, 7638269.812219524756074 ], [ 424518.609711856173817, 7638265.637208761647344 ], [ 424547.238743206835352, 7638260.258668171241879 ], [ 424586.606337099452503, 7638254.546099191531539 ], [ 424627.24542577698594, 7638250.22808884549886 ], [ 424658.53278469631914, 7638247.70471240952611 ], [ 424758.712441258132458, 7638241.000904900021851 ], [ 424806.358243336784653, 7638236.645675522275269 ], [ 424830.874318883521482, 7638233.709057424217463 ], [ 424855.835717251233291, 7638230.092250523157418 ], [ 424881.24091643630527, 7638225.650834517553449 ], [ 424907.036381510319188, 7638220.228673188015819 ], [ 424933.139324391318951, 7638213.6612180583179 ], [ 424959.457690740528051, 7638205.773221543058753 ], [ 424985.88435924804071, 7638196.380105240270495 ], [ 424999.099010914971586, 7638191.059728339314461 ], [ 425025.437249119917396, 7638179.052087093703449 ], [ 425038.5169582896051, 7638172.318459058180451 ], [ 425051.477021835453343, 7638165.084141784347594 ], [ 425076.684658682672307, 7638149.25772169418633 ], [ 425088.855142348096706, 7638140.723105596378446 ], [ 425112.286251137382351, 7638122.470470638945699 ], [ 425123.530931753339246, 7638112.772805607877672 ], [ 425145.035927731951233, 7638092.2809476274997 ], [ 425165.166125662624836, 7638070.382382741197944 ], [ 425174.690198751923162, 7638058.924714615568519 ], [ 425192.599681871943176, 7638035.028074529021978 ], [ 425200.960275037679821, 7638022.602715252898633 ], [ 425216.425179072655737, 7637996.831639031879604 ], [ 425223.505500483093783, 7637983.488952098414302 ], [ 425236.348021754994988, 7637955.70712953992188 ], [ 425242.052449226554018, 7637941.209301549941301 ], [ 425247.215209798072465, 7637926.300845390185714 ], [ 425251.782102370867506, 7637910.982419568113983 ], [ 425255.69453046657145, 7637895.258708882145584 ], [ 425258.88975520367967, 7637879.139908479526639 ], [ 425261.419486808241345, 7637861.360585796646774 ] ] ] } },
{ "type": "Feature", "properties": { "fid": 288.0, "COMPR_M": 1459.82, "CLASSE": "06 - Acima do limite", "CD_FAZ": "400534", "TALHOES": "1, 3, 4", "FAZ_tAL": "400534001, 400534003, 400534004", "ID_LINHA": 96227 }, "geometry": { "type": "MultiLineString", "coordinates": [ [ [ 424158.67108139663469, 7638617.561767362989485 ], [ 424168.4808046243852, 7638589.322621325030923 ], [ 424179.137578277557623, 7638561.250128285959363 ], [ 424190.534105929429643, 7638533.936392454430461 ], [ 424202.751671302365139, 7638507.40409779921174 ], [ 424215.871308349422179, 7638481.669410487636924 ], [ 424229.88363654963905, 7638456.936317415907979 ], [ 424244.740408925688826, 7638433.554403452202678 ], [ 424255.122220065910369, 7638418.820963654667139 ], [ 424271.42107365175616, 7638398.13082682620734 ], [ 424282.827203224529512, 7638385.280737982131541 ], [ 424294.875359550700523, 7638372.973723627626896 ], [ 424314.166775584919378, 7638355.491094855591655 ], [ 424327.769206605327781, 7638344.543741777539253 ], [ 424349.153377857641317, 7638329.276881542988122 ], [ 424363.981569147726987, 7638319.919699694961309 ], [ 424387.005561047175433, 7638307.156340477988124 ], [ 424402.988188436254859, 7638299.41406184155494 ], [ 424419.484973404847551, 7638292.252307906746864 ], [ 424436.466793970030267, 7638285.659835640341043 ], [ 424462.773488348058891, 7638276.814659580588341 ], [ 424480.821879492141306, 7638271.593416333198547 ], [ 424499.241229940787889, 7638266.894358852878213 ], [ 424517.996486844087485, 7638262.700477503240108 ], [ 424546.740672514308244, 7638257.300247253850102 ], [ 424586.236805288412143, 7638251.568910560570657 ], [ 424626.975094434688799, 7638247.240274704061449 ], [ 424658.316116006637458, 7638244.712538957595825 ], [ 424758.481744552613236, 7638238.009776307269931 ], [ 424806.033367766300216, 7638233.66327939927578 ], [ 424830.482511502574198, 7638230.734695380553603 ], [ 424855.364106473512948, 7638227.129471341148019 ], [ 424880.675950165546965, 7638222.70440161600709 ], [ 424906.363761231070384, 7638217.304899947717786 ], [ 424932.344599809846841, 7638210.768202932551503 ], [ 424958.52651717828121, 7638202.921145237982273 ], [ 424984.802916177024599, 7638193.581489913165569 ], [ 424997.937575864780229, 7638188.293318742886186 ], [ 425024.107186283566989, 7638176.362610846757889 ], [ 425037.098865603271406, 7638169.674301881343126 ], [ 425049.969681163434871, 7638162.489802900701761 ], [ 425075.00376193667762, 7638146.772331861779094 ], [ 425087.091465113044251, 7638138.295766020193696 ], [ 425110.364673213043716, 7638120.166123250499368 ], [ 425121.534062724909745, 7638110.533390956930816 ], [ 425142.895444291410968, 7638090.178379798308015 ], [ 425162.891003052180167, 7638068.426287211477757 ], [ 425172.351062701549381, 7638057.045628652907908 ], [ 425190.139169253350701, 7638033.310959808528423 ], [ 425198.442474844690878, 7638020.970740269869566 ], [ 425213.799959127034526, 7637995.378705535084009 ], [ 425220.830200919299386, 7637982.130392376333475 ], [ 425233.57802495919168, 7637954.553603271022439 ], [ 425239.237985027604736, 7637940.168789388611913 ], [ 425244.358957579941489, 7637925.38100410439074 ], [ 425248.887487329891883, 7637910.191256167367101 ], [ 425252.765845697838813, 7637894.604468772187829 ], [ 425255.93227677536197, 7637878.630922397598624 ], [ 425258.384049290267285, 7637861.601854484528303 ] ] ] } },
{ "type": "Feature", "properties": { "fid": 289.0, "COMPR_M": 1455.15, "CLASSE": "06 - Acima do limite", "CD_FAZ": "400534", "TALHOES": "1, 3, 4", "FAZ_tAL": "400534001, 400534003, 400534004", "ID_LINHA": 96228 }, "geometry": { "type": "MultiLineString", "coordinates": [ [ [ 424156.93340311886277, 7638613.327433925122023 ], [ 424165.660553565830924, 7638588.299689661711454 ], [ 424176.349897754844278, 7638560.141480004414916 ], [ 424187.78616134787444, 7638532.732594623230398 ], [ 424200.051571201416664, 7638506.096482353284955 ], [ 424213.228111537755467, 7638480.250260451808572 ], [ 424227.310043417091947, 7638455.394481418654323 ], [ 424242.254306065791752, 7638431.875077081844211 ], [ 424252.706082086195238, 7638417.042402543127537 ], [ 424269.129950122325681, 7638396.193812935613096 ], [ 424280.632843483239412, 7638383.23473449703306 ], [ 424292.782574430690147, 7638370.823946215212345 ], [ 424312.231739937735256, 7638353.198308935388923 ], [ 424325.942753349198028, 7638342.163559375330806 ], [ 424347.494891989103053, 7638326.776762504130602 ], [ 424362.438576227403246, 7638317.346698534674942 ], [ 424385.639485165360384, 7638304.485214377753437 ], [ 424401.737255472049583, 7638296.687133753672242 ], [ 424418.345211019273847, 7638289.47709446772933 ], [ 424435.43376964086201, 7638282.843164968304336 ], [ 424461.891735168523155, 7638273.947054767981172 ], [ 424480.034787550219335, 7638268.698411032557487 ], [ 424498.543671024730429, 7638263.976498179137707 ], [ 424517.383261830080301, 7638259.763746241107583 ], [ 424546.242601821897551, 7638254.341826336458325 ], [ 424585.867273475159891, 7638248.591721931472421 ], [ 424626.704763093497604, 7638244.252460569143295 ], [ 424658.099447319225874, 7638241.720365503802896 ], [ 424758.251047846977599, 7638235.018647715449333 ], [ 424805.708492197445594, 7638230.680883278138936 ], [ 424830.090704122558236, 7638227.760333342477679 ], [ 424854.89249569515232, 7638224.166692160069942 ], [ 424880.110983894206583, 7638219.757968718186021 ], [ 424905.691140951123089, 7638214.381126713007689 ], [ 424931.549875227501616, 7638207.875187804922462 ], [ 424957.595343617547769, 7638200.069068929180503 ], [ 424983.721473105950281, 7638190.782874587923288 ], [ 424996.776140813424718, 7638185.526909140869975 ], [ 425022.777123449021019, 7638173.673134601674974 ], [ 425035.680772916355636, 7638167.030144708231091 ], [ 425048.462340493511874, 7638159.895464016124606 ], [ 425073.32286519050831, 7638144.286942027509212 ], [ 425085.327787879796233, 7638135.868426442146301 ], [ 425108.443095289287157, 7638117.861775856465101 ], [ 425119.537193696363829, 7638108.293976305983961 ], [ 425140.754960851452779, 7638088.075811968185008 ], [ 425160.615880442492198, 7638066.470191678032279 ], [ 425170.011926651059184, 7638055.166542692109942 ], [ 425187.678656634700019, 7638031.593845089897513 ], [ 425195.92467465257505, 7638019.338765284046531 ], [ 425211.174739181122277, 7637993.925772037357092 ], [ 425218.154901352943853, 7637980.771832657046616 ], [ 425230.808028163213748, 7637953.400077002122998 ], [ 425236.423520828131586, 7637939.128277229145169 ], [ 425241.502705361577682, 7637924.461162818595767 ], [ 425245.992872287810314, 7637909.400092765688896 ], [ 425249.83716092800023, 7637893.950228661298752 ], [ 425252.974798345705494, 7637878.121936317533255 ], [ 425255.348635581380222, 7637861.842867435887456 ] ] ] } },
{ "type": "Feature", "properties": { "fid": 290.0, "COMPR_M": 1450.47, "CLASSE": "06 - Acima do limite", "CD_FAZ": "400534", "TALHOES": "1, 3, 4", "FAZ_tAL": "400534001, 400534003, 400534004", "ID_LINHA": 96229 }, "geometry": { "type": "MultiLineString", "coordinates": [ [ [ 424155.195724842022173, 7638609.093100481666625 ], [ 424166.335631886147894, 7638577.781733887270093 ], [ 424177.299658176023513, 7638549.781241718679667 ], [ 424189.045484651753213, 7638522.529639448970556 ], [ 424197.351471100118943, 7638504.788866905495524 ], [ 424210.584914725273848, 7638478.83111041598022 ], [ 424224.736450286931358, 7638453.852645423263311 ], [ 424239.768203206243925, 7638430.195750711485744 ], [ 424250.289944106305484, 7638415.26384143345058 ], [ 424266.83882659097435, 7638394.256799043156207 ], [ 424278.438483744510449, 7638381.188731011934578 ], [ 424290.689789311320055, 7638368.674168802797794 ], [ 424310.296704287291504, 7638350.905523013323545 ], [ 424324.116300092078745, 7638339.783376969397068 ], [ 424345.836406121612526, 7638324.27664346806705 ], [ 424360.89558330795262, 7638314.773697371594608 ], [ 424384.273409285291564, 7638301.814088275656104 ], [ 424400.486322508193552, 7638293.960205668583512 ], [ 424417.205448634689674, 7638286.701881030574441 ], [ 424434.400745311111677, 7638280.026494292542338 ], [ 424461.009981987881474, 7638271.079449959099293 ], [ 424479.247695607016794, 7638265.803405731916428 ], [ 424497.846112108672969, 7638261.058637505397201 ], [ 424516.770036818750668, 7638256.827014982700348 ], [ 424545.74453112896299, 7638251.383405422791839 ], [ 424585.497741662955377, 7638245.614533298648894 ], [ 424626.43443175277207, 7638241.264646426774561 ], [ 424657.882778630591929, 7638238.728192051872611 ], [ 424758.020351140701678, 7638232.027519119903445 ], [ 424805.383616628067102, 7638227.698487157002091 ], [ 424829.69889674289152, 7638224.785971300676465 ], [ 424854.420884918188676, 7638221.203912980854511 ], [ 424879.546017622866202, 7638216.811535816639662 ], [ 424905.018520672107115, 7638211.457353471778333 ], [ 424930.755150645563845, 7638204.98217267729342 ], [ 424956.664170057629235, 7638197.216992622241378 ], [ 424982.640030034119263, 7638187.984259261749685 ], [ 424995.614705763582606, 7638182.7604995444417 ], [ 425021.447060613660142, 7638170.983658351004124 ], [ 425034.262680227519013, 7638164.385987531393766 ], [ 425046.954999821609817, 7638157.301125131547451 ], [ 425071.641968442127109, 7638141.801552196964622 ], [ 425083.564110645151231, 7638133.441086862236261 ], [ 425106.521517364133615, 7638115.55742846801877 ], [ 425117.54032466839999, 7638106.054561650380492 ], [ 425138.614477410737891, 7638085.973244139924645 ], [ 425158.340757832978852, 7638064.514096146449447 ], [ 425167.67279060051078, 7638053.287456726655364 ], [ 425185.218144017271698, 7638029.876730368472636 ], [ 425193.406874459935352, 7638017.706790301948786 ], [ 425208.54951923416229, 7637992.47283854149282 ], [ 425215.479601788567379, 7637979.41327293869108 ], [ 425228.038031367701478, 7637952.246550736017525 ], [ 425233.609056627552491, 7637938.087765065953135 ], [ 425238.646453143621329, 7637923.541321532800794 ], [ 425243.098257246601861, 7637908.608929362148046 ], [ 425246.908476160431746, 7637893.295988548547029 ], [ 425250.017319914477412, 7637877.612950238399208 ], [ 425252.287365321884863, 7637862.085889024659991 ] ] ] } },
{ "type": "Feature", "properties": { "fid": 291.0, "COMPR_M": 1433.27, "CLASSE": "06 - Acima do limite", "CD_FAZ": "400534", "TALHOES": "1, 3, 4", "FAZ_tAL": "400534001, 400534003, 400534004", "ID_LINHA": 96230 }, "geometry": { "type": "MultiLineString", "coordinates": [ [ [ 424153.461581700714305, 7638604.867381379008293 ], [ 424170.774536710814573, 7638557.924183443188667 ], [ 424182.290272185695358, 7638530.324998959898949 ], [ 424190.43185709574027, 7638512.344035988673568 ], [ 424203.403775863931514, 7638486.01351778768003 ], [ 424212.583611266512889, 7638468.915217243134975 ], [ 424227.101421082334127, 7638444.222954266704619 ], [ 424237.282100346172228, 7638428.516424344852567 ], [ 424247.873806126124691, 7638413.485280321910977 ], [ 424258.883590569952503, 7638399.183074058964849 ], [ 424270.324551333440468, 7638385.649198543280363 ], [ 424282.334294582833536, 7638372.768971096724272 ], [ 424295.026482736691833, 7638360.413699420168996 ], [ 424308.361668640223797, 7638348.612737091258168 ], [ 424322.289846835192293, 7638337.403194569051266 ], [ 424344.177920254354831, 7638321.776524430140853 ], [ 424359.352590386930387, 7638312.200696207582951 ], [ 424374.939206579292659, 7638303.328678667545319 ], [ 424391.006883602356538, 7638295.111868603155017 ], [ 424416.065686249756254, 7638283.926667591556907 ], [ 424433.367720982758328, 7638277.209823614917696 ], [ 424460.128228808171116, 7638268.211845146492124 ], [ 424478.460603665211238, 7638262.908400433138013 ], [ 424506.614853471925016, 7638255.952123396098614 ], [ 424545.246460436203051, 7638248.424984507262707 ], [ 424565.035549710097257, 7638245.332795714959502 ], [ 424595.283824972109869, 7638241.426113756373525 ], [ 424647.082170476554893, 7638236.526813998818398 ], [ 424746.234678714012261, 7638229.894896930083632 ], [ 424781.216188531601802, 7638227.083201050758362 ], [ 424829.30708936159499, 7638221.811609260737896 ], [ 424866.418587300518993, 7638216.163081750273705 ], [ 424904.345900392450858, 7638208.533580234274268 ], [ 424942.833135932509322, 7638198.397796969860792 ], [ 424968.646417467971332, 7638189.968362430110574 ], [ 424981.55858696292853, 7638185.185643935576081 ], [ 425007.312619564705528, 7638174.371056292206049 ], [ 425020.116997778939549, 7638168.294182104989886 ], [ 425045.447659151162952, 7638154.706786248832941 ], [ 425057.839330977818463, 7638147.218704939819872 ], [ 425081.800433410389815, 7638131.013747287914157 ], [ 425104.599939439562149, 7638113.253081075847149 ], [ 425126.171203853795305, 7638094.018074501305819 ], [ 425146.442185026360676, 7638073.381323075853288 ], [ 425165.333654549787752, 7638051.408370766788721 ], [ 425174.23495971102966, 7638039.939836939796805 ], [ 425190.889074267586693, 7638016.074815317057073 ], [ 425198.615980578761082, 7638003.692523813806474 ], [ 425212.804302225005813, 7637978.054713217541575 ], [ 425219.257866417290643, 7637964.759180655702949 ], [ 425230.794592429301701, 7637937.047252902761102 ], [ 425235.790200925432146, 7637922.62148024700582 ], [ 425240.203642204985954, 7637907.817765958607197 ], [ 425243.979791391757317, 7637892.641748438589275 ], [ 425247.409993388340808, 7637874.708932761102915 ] ] ] } },
{ "type": "Feature", "properties": { "fid": 292.0, "COMPR_M": 1428.78, "CLASSE": "06 - Acima do limite", "CD_FAZ": "400534", "TALHOES": "1, 3, 4", "FAZ_tAL": "400534001, 400534003, 400534004", "ID_LINHA": 96231 }, "geometry": { "type": "MultiLineString", "coordinates": [ [ [ 424151.741080909385346, 7638600.674905633553863 ], [ 424160.715366914519109, 7638575.680896572768688 ], [ 424171.74910216871649, 7638547.502543240785599 ], [ 424183.579597656440455, 7638520.05466765165329 ], [ 424191.951270896184724, 7638502.173636011779308 ], [ 424205.298521100659855, 7638475.992810344323516 ], [ 424214.725401695061009, 7638459.045096786692739 ], [ 424224.554836000956129, 7638442.636887358501554 ], [ 424234.79599748639157, 7638426.8370979744941 ], [ 424245.45766814640956, 7638411.706719209440053 ], [ 424256.547949066269211, 7638397.300003252923489 ], [ 424268.080797914299183, 7638383.657485892064869 ], [ 424280.190346973831765, 7638370.670208062976599 ], [ 424292.985583332250826, 7638358.214608889073133 ], [ 424306.426632991875522, 7638346.319951169192791 ], [ 424320.46339357807301, 7638335.023012164048851 ], [ 424342.519434386747889, 7638319.276405392214656 ], [ 424357.809597466140985, 7638309.627695044502616 ], [ 424373.514275022316724, 7638300.688469892367721 ], [ 424389.698840440483764, 7638292.411859994754195 ], [ 424414.925923865754157, 7638281.151454154402018 ], [ 424432.334696653124411, 7638274.393152939155698 ], [ 424459.246475628693588, 7638265.344240334816277 ], [ 424477.673511722183321, 7638260.013395130634308 ], [ 424505.960115657187998, 7638253.024362280033529 ], [ 424544.748389744199812, 7638245.466563591733575 ], [ 424564.605389870121144, 7638242.36375105381012 ], [ 424594.941855414013844, 7638238.445637854747474 ], [ 424646.850154656858649, 7638233.535787230357528 ], [ 424746.019120720971841, 7638226.902643566019833 ], [ 424780.945092766254675, 7638224.09545156173408 ], [ 424828.915281982568558, 7638218.837247222661972 ], [ 424865.902068143943325, 7638213.207786697894335 ], [ 424903.673280112969223, 7638205.609806996770203 ], [ 424941.971959180256817, 7638195.523837579414248 ], [ 424967.641782421153039, 7638187.141297111287713 ], [ 424980.477143890981097, 7638182.387028608471155 ], [ 425006.068221631867345, 7638171.640924042090774 ], [ 425018.786934942705557, 7638165.604705858975649 ], [ 425043.940318480774295, 7638152.112447367981076 ], [ 425056.243894328887109, 7638144.677600990980864 ], [ 425080.03675617557019, 7638128.586407709866762 ], [ 425102.678361514350399, 7638110.948733685538173 ], [ 425124.101385679619852, 7638091.845907215029001 ], [ 425144.23327621887438, 7638071.350758063606918 ], [ 425162.994518499705009, 7638049.529284803196788 ], [ 425171.834017919958569, 7638038.140382137149572 ], [ 425188.371274074655958, 7638014.442840334028006 ], [ 425196.043246665794868, 7638002.148579576984048 ], [ 425210.12900265888311, 7637976.696153499186039 ], [ 425216.534391815366689, 7637963.499870399013162 ], [ 425227.980128228489775, 7637936.006740741431713 ], [ 425232.9339487082907, 7637921.701638959348202 ], [ 425237.309027162904385, 7637907.026602558791637 ], [ 425241.051106620696373, 7637891.987508326768875 ], [ 425244.364825597323943, 7637874.799739999696612 ] ] ] } },
{ "type": "Feature", "properties": { "fid": 293.0, "COMPR_M": 1424.28, "CLASSE": "06 - Acima do limite", "CD_FAZ": "400534", "TALHOES": "1, 3, 4", "FAZ_tAL": "400534001, 400534003, 400534004", "ID_LINHA": 96232 }, "geometry": { "type": "MultiLineString", "coordinates": [ [ [ 424150.020580118347425, 7638596.482429882511497 ], [ 424157.905234428762924, 7638574.630477916449308 ], [ 424168.973824166459963, 7638546.36319400370121 ], [ 424180.846654157969169, 7638518.817181752994657 ], [ 424189.251170793664642, 7638500.866020563989878 ], [ 424202.655324288003612, 7638474.573660309426486 ], [ 424212.126790077541955, 7638457.545831087976694 ], [ 424222.008250918763224, 7638441.050820445641875 ], [ 424232.309894624806475, 7638425.157771604135633 ], [ 424243.041530167101882, 7638409.928158098831773 ], [ 424254.212307561945636, 7638395.416932450607419 ], [ 424265.837044496205635, 7638381.665773239918053 ], [ 424278.046399364422541, 7638368.571445033885539 ], [ 424290.944683928159066, 7638356.015518359839916 ], [ 424304.491597343527246, 7638344.027165248990059 ], [ 424318.636940322467126, 7638332.642829760909081 ], [ 424340.860948517569341, 7638316.776286356151104 ], [ 424356.266604546981398, 7638307.054693883284926 ], [ 424372.08934346633032, 7638298.048261119052768 ], [ 424388.390797278552782, 7638289.711851388216019 ], [ 424413.786161480704322, 7638278.376240717247128 ], [ 424431.301672324188985, 7638271.576482265256345 ], [ 424458.364722448866814, 7638262.47663552314043 ], [ 424476.886419779795688, 7638257.118389830924571 ], [ 424505.305377843265887, 7638250.096601162105799 ], [ 424544.250319050974213, 7638242.50814267527312 ], [ 424564.175230030843522, 7638239.394706395454705 ], [ 424594.599885857664049, 7638235.465161954984069 ], [ 424646.618138837628067, 7638230.544760462827981 ], [ 424745.803562727116514, 7638223.910390201956034 ], [ 424780.673997001023963, 7638221.107702078297734 ], [ 424828.523474601330236, 7638215.862885182723403 ], [ 424865.385548987251241, 7638210.25249164737761 ], [ 424903.000659832265228, 7638202.686033758334816 ], [ 424941.110782427131198, 7638192.649878181517124 ], [ 424966.637147376604844, 7638184.314231786876917 ], [ 424979.395700820314232, 7638179.588413283228874 ], [ 425004.823823698447086, 7638168.910791791975498 ], [ 425017.456872107810341, 7638162.915229612961411 ], [ 425042.43297780980356, 7638149.518108483403921 ], [ 425054.648457681178115, 7638142.136497041210532 ], [ 425066.599278201814741, 7638134.345382697880268 ], [ 425089.661699103424326, 7638117.588592471554875 ], [ 425111.549717582704034, 7638099.336317697539926 ], [ 425132.193027090106625, 7638079.665540650486946 ], [ 425151.515390002576169, 7638058.64580955170095 ], [ 425160.655382448807359, 7638047.650198836810887 ], [ 425177.836606160737574, 7638024.725386210717261 ], [ 425193.470512753352523, 7638000.604635337367654 ], [ 425207.453703094215598, 7637975.337593778967857 ], [ 425213.810917212278582, 7637962.24056014046073 ], [ 425225.165664029249456, 7637934.96622858196497 ], [ 425230.077696489635855, 7637920.781797673553228 ], [ 425234.414412121055648, 7637906.23543915618211 ], [ 425238.122421853127889, 7637891.333268215879798 ], [ 425241.319657807413023, 7637874.890547240152955 ] ] ] } },
{ "type": "Feature", "properties": { "fid": 294.0, "COMPR_M": 1419.79, "CLASSE": "06 - Acima do limite", "CD_FAZ": "400534", "TALHOES": "1, 3, 4", "FAZ_tAL": "400534001, 400534003, 400534004", "ID_LINHA": 96233 }, "geometry": { "type": "MultiLineString", "coordinates": [ [ [ 424148.303227970725857, 7638592.297626674175262 ], [ 424158.711421587853692, 7638564.050706131383777 ], [ 424166.198546163446736, 7638545.223844762891531 ], [ 424178.113710661011282, 7638517.579695853404701 ], [ 424186.551070692657959, 7638499.558405118063092 ], [ 424200.012127475754824, 7638473.154510272666812 ], [ 424209.528178458800539, 7638456.04656539671123 ], [ 424219.461665836512111, 7638439.464753538370132 ], [ 424229.823791766888462, 7638423.478445235639811 ], [ 424240.625392186862882, 7638408.149596989154816 ], [ 424251.876666057796683, 7638393.533861645497382 ], [ 424263.593291078461334, 7638379.674060586839914 ], [ 424275.902451755304355, 7638366.472682000137866 ], [ 424288.903784523019567, 7638353.816427832469344 ], [ 424302.556561695237178, 7638341.734379326924682 ], [ 424316.810487065289635, 7638330.262647358700633 ], [ 424339.202462650660891, 7638314.276167312636971 ], [ 424354.723611625493504, 7638304.481692718341947 ], [ 424370.66441190923797, 7638295.408052342012525 ], [ 424387.082754116563592, 7638287.011842779815197 ], [ 424412.646399096061941, 7638275.601027280092239 ], [ 424430.268647994671483, 7638268.759811587631702 ], [ 424457.482969269272871, 7638259.609030712395906 ], [ 424476.099327837582678, 7638254.223384530283511 ], [ 424504.650640028936323, 7638247.168840046972036 ], [ 424543.75224835856352, 7638239.549721759743989 ], [ 424563.745070189121179, 7638236.42566173709929 ], [ 424594.257916299859062, 7638232.484686050564051 ], [ 424646.386123018222861, 7638227.553733695298433 ], [ 424745.588004732970148, 7638220.918136842548847 ], [ 424780.40290123509476, 7638218.119952592998743 ], [ 424828.131667221023235, 7638212.888523140922189 ], [ 424864.869029831083026, 7638207.297196596860886 ], [ 424902.328039553074632, 7638199.76226052083075 ], [ 424940.249605676275678, 7638189.77591878734529 ], [ 424965.632512330368627, 7638181.487166465260088 ], [ 424978.31425774958916, 7638176.78979795332998 ], [ 425003.579425767064095, 7638166.180659542791545 ], [ 425016.126809272100218, 7638160.225753365084529 ], [ 425040.92563713825075, 7638146.923769600689411 ], [ 425053.053021033294499, 7638139.595393095165491 ], [ 425064.918381455994677, 7638131.859992863610387 ], [ 425087.817824737925548, 7638115.221605030819774 ], [ 425109.552848554449156, 7638097.096903044730425 ], [ 425130.05254364706343, 7638077.562972822226584 ], [ 425149.240267393586691, 7638056.689714020118117 ], [ 425158.316246398491785, 7638045.771112876012921 ], [ 425175.376093541155569, 7638023.008271492086351 ], [ 425190.897778841492254, 7637999.060691098682582 ], [ 425204.77840352896601, 7637973.979034058749676 ], [ 425211.087442609888967, 7637960.981249884702265 ], [ 425222.351199829601683, 7637933.925716418772936 ], [ 425227.221444272028748, 7637919.86195638589561 ], [ 425231.519797078799456, 7637905.444275752641261 ], [ 425235.193737083231099, 7637890.679028104990721 ], [ 425238.274490016046911, 7637874.981354478746653 ] ] ] } },
{ "type": "Feature", "properties": { "fid": 295.0, "COMPR_M": 1415.33, "CLASSE": "06 - Acima do limite", "CD_FAZ": "400534", "TALHOES": "1, 3, 4", "FAZ_tAL": "400534001, 400534003, 400534004", "ID_LINHA": 96234 }, "geometry": { "type": "MultiLineString", "coordinates": [ [ [ 424146.600248196860775, 7638588.147845727391541 ], [ 424155.912134508020245, 7638562.971708776429296 ], [ 424167.31374520494137, 7638534.757553594186902 ], [ 424179.56383065728005, 7638507.255617802031338 ], [ 424188.245502712496091, 7638489.328382223844528 ], [ 424202.096574227092788, 7638463.081655822694302 ], [ 424211.868484630249441, 7638446.143465437926352 ], [ 424222.070977473515086, 7638429.761242941021919 ], [ 424232.716650243441109, 7638413.999961161985993 ], [ 424243.816895599942654, 7638398.919185960665345 ], [ 424255.38320893625496, 7638384.571729591116309 ], [ 424267.466685045568738, 7638370.95871358178556 ], [ 424280.22586371115176, 7638357.925281746312976 ], [ 424293.663513239996973, 7638345.4546092543751 ], [ 424307.730543037410825, 7638333.582744626328349 ], [ 424322.3753266625572, 7638322.345092786476016 ], [ 424337.543976782704704, 7638311.776048278436065 ], [ 424353.18061870499514, 7638301.908691555261612 ], [ 424369.239480354357511, 7638292.767843566834927 ], [ 424385.774710954516195, 7638284.311834171414375 ], [ 424411.506636711710598, 7638272.82581384293735 ], [ 424429.235623665852472, 7638265.943140912801027 ], [ 424456.601216089911759, 7638256.741425898857415 ], [ 424475.312235894787591, 7638251.328379227779806 ], [ 424503.995902215421665, 7638244.241078932769597 ], [ 424543.25417766632745, 7638236.591300841420889 ], [ 424563.314910350716673, 7638233.456617077812552 ], [ 424593.915946742461529, 7638229.504210149869323 ], [ 424646.154107199283317, 7638224.562706926837564 ], [ 424745.372446740511805, 7638217.92588347941637 ], [ 424780.131805469980463, 7638215.132203107699752 ], [ 424827.739859840425197, 7638209.91416110098362 ], [ 424864.352510674740188, 7638204.341901543550193 ], [ 424901.655419274000451, 7638196.838487280532718 ], [ 424939.388428923906758, 7638186.901959394104779 ], [ 424964.627877284423448, 7638178.660101141780615 ], [ 424977.232814678165596, 7638173.991182629019022 ], [ 425002.335027834400535, 7638163.450527291744947 ], [ 425014.796746436913963, 7638157.536277117207646 ], [ 425039.418296468735207, 7638144.329430716112256 ], [ 425051.457584384654183, 7638137.054289144463837 ], [ 425063.237484709301498, 7638129.374603032134473 ], [ 425085.973950369225349, 7638112.854617591947317 ], [ 425107.555979525437579, 7638094.857488390989602 ], [ 425127.912060207920149, 7638075.460404990240932 ], [ 425146.965144783374853, 7638054.73361849039793 ], [ 425155.977110347419512, 7638043.892026914283633 ], [ 425172.915580924134701, 7638021.291156772524118 ], [ 425188.325044930155855, 7637997.516746861860156 ], [ 425202.103103964414913, 7637972.620474340394139 ], [ 425208.363968008314259, 7637959.721939627081156 ], [ 425219.536735629546456, 7637932.885204257443547 ], [ 425224.36519205418881, 7637918.942115101963282 ], [ 425228.62518203741638, 7637904.653112351894379 ], [ 425232.2650523155462, 7637890.024787992238998 ], [ 425235.22910544089973, 7637875.072168184444308 ] ] ] } },
{ "type": "Feature", "properties": { "fid": 296.0, "COMPR_M": 1410.87, "CLASSE": "06 - Acima do limite", "CD_FAZ": "400534", "TALHOES": "1, 3, 4", "FAZ_tAL": "400534001, 400534003, 400534004", "ID_LINHA": 96235 }, "geometry": { "type": "MultiLineString", "coordinates": [ [ [ 424144.897268423170317, 7638583.998064778745174 ], [ 424153.112847429816611, 7638561.892711417749524 ], [ 424164.551700788666494, 7638533.58647844940424 ], [ 424176.846824047446717, 7638505.983513257466257 ], [ 424185.563311500824057, 7638487.984405588358641 ], [ 424199.474814967252314, 7638461.623265467584133 ], [ 424209.294891497935168, 7638444.601629441604018 ], [ 424219.553513397288043, 7638428.129327921196818 ], [ 424230.264278884336818, 7638412.271726222708821 ], [ 424241.439624390623067, 7638397.088975799269974 ], [ 424253.092085406125989, 7638382.634715697728097 ], [ 424265.272325306781568, 7638368.912710099481046 ], [ 424278.13307859224733, 7638355.77550433203578 ], [ 424291.675201949256007, 7638343.207863387651742 ], [ 424305.84946135233622, 7638331.245492910034955 ], [ 424320.604177492088638, 7638319.923477944917977 ], [ 424335.88549091515597, 7638309.275929238647223 ], [ 424351.637625785544515, 7638299.335690394043922 ], [ 424367.814548796508461, 7638290.127634791657329 ], [ 424384.466667791828513, 7638281.611825563013554 ], [ 424410.366874327010009, 7638270.050600405782461 ], [ 424428.202599335811101, 7638263.12647023703903 ], [ 424455.719462907523848, 7638253.873821088112891 ], [ 424474.525143952690996, 7638248.433373926207423 ], [ 424503.341164399404079, 7638241.313317817635834 ], [ 424542.75610697286902, 7638233.632879927754402 ], [ 424562.884750510507729, 7638230.48757241666317 ], [ 424593.57397718494758, 7638226.52373424731195 ], [ 424645.922091378248297, 7638221.571680156514049 ], [ 424745.156888747180346, 7638214.933630118146539 ], [ 424779.860709705506451, 7638212.144453620538116 ], [ 424827.34805245953612, 7638206.939799059182405 ], [ 424863.835991518339142, 7638201.386606493033469 ], [ 424900.982798993703909, 7638193.914714046753943 ], [ 424938.527252171130385, 7638184.027999999001622 ], [ 424963.623242238769308, 7638175.833035821095109 ], [ 424976.151371607324108, 7638171.192567302845418 ], [ 425001.090629902377259, 7638160.720395041629672 ], [ 425013.466683601611294, 7638154.846800870262086 ], [ 425037.910955796018243, 7638141.735091831535101 ], [ 425049.862147736595944, 7638134.513185195624828 ], [ 425061.556587962433696, 7638126.88921320065856 ], [ 425084.130076003377326, 7638110.487630152143538 ], [ 425105.55911049694987, 7638092.618073741905391 ], [ 425125.771576768020168, 7638073.357837162911892 ], [ 425144.690022172115277, 7638052.777522956952453 ], [ 425153.637974296929315, 7638042.012940948829055 ], [ 425170.45506830571685, 7638019.574042052030563 ], [ 425185.752311017364264, 7637995.972802624106407 ], [ 425199.42780439928174, 7637971.26191462110728 ], [ 425205.640493406215683, 7637958.462629368528724 ], [ 425216.722271428327076, 7637931.844692096114159 ], [ 425221.508939836756326, 7637918.022273814305663 ], [ 425225.730566994927358, 7637903.861948950216174 ], [ 425229.336367546755355, 7637889.370547881349921 ], [ 425232.15254459757125, 7637875.163911566138268 ] ] ] } },
{ "type": "Feature", "properties": { "fid": 297.0, "COMPR_M": 1406.4, "CLASSE": "06 - Acima do limite", "CD_FAZ": "400534", "TALHOES": "1, 3, 4", "FAZ_tAL": "400534001, 400534003, 400534004", "ID_LINHA": 96236 }, "geometry": { "type": "MultiLineString", "coordinates": [ [ [ 424143.195815099286847, 7638579.852003451436758 ], [ 424154.048453579482157, 7638551.272293757647276 ], [ 424161.789656373555772, 7638532.415403307415545 ], [ 424174.129817437496968, 7638504.711408710107207 ], [ 424182.881120289734099, 7638486.640428949147463 ], [ 424196.853055707353633, 7638460.164875111542642 ], [ 424206.721298368647695, 7638443.05979344714433 ], [ 424217.036049320944585, 7638426.497412901371717 ], [ 424227.811907526804134, 7638410.543491283431649 ], [ 424239.062353183224332, 7638395.258765641599894 ], [ 424250.800961875473149, 7638380.697701807133853 ], [ 424263.077965567295905, 7638366.86670661251992 ], [ 424276.040293473226484, 7638353.625726921483874 ], [ 424289.686890659271739, 7638340.961117520928383 ], [ 424303.968379666679539, 7638328.908241189084947 ], [ 424318.833028321736492, 7638317.501863099634647 ], [ 424334.227005047199782, 7638306.775810200721025 ], [ 424350.094632864929736, 7638296.762689227238297 ], [ 424366.389617240871303, 7638287.487426016479731 ], [ 424383.1586246304214, 7638278.911816956475377 ], [ 424409.227111941261683, 7638267.275386968627572 ], [ 424427.169575006526429, 7638260.309799561277032 ], [ 424454.837709729385097, 7638251.006216274574399 ], [ 424473.738052008673549, 7638245.538368627429008 ], [ 424502.686426586296875, 7638238.385556701570749 ], [ 424542.258036280865781, 7638230.67445901222527 ], [ 424562.454590669716708, 7638227.518527757376432 ], [ 424593.232007627142593, 7638223.543258347548544 ], [ 424645.690075558959506, 7638218.580653390847147 ], [ 424744.941330753616057, 7638211.941376753151417 ], [ 424779.589613939111587, 7638209.156704135239124 ], [ 424826.956245078356005, 7638203.965437018312514 ], [ 424863.319472361705266, 7638198.431311441585422 ], [ 424900.310178714920767, 7638190.99094080645591 ], [ 424937.666075418121181, 7638181.154040604829788 ], [ 424962.618607191485353, 7638173.005970499478281 ], [ 424975.069928536424413, 7638168.393951976671815 ], [ 424999.846231969073415, 7638157.990262793377042 ], [ 425012.13662076566834, 7638152.157324623316526 ], [ 425036.403615126677323, 7638139.140752950683236 ], [ 425048.266711088363081, 7638131.972081247717142 ], [ 425059.875691216089763, 7638124.403823367320001 ], [ 425082.286201636306942, 7638108.120642708614469 ], [ 425103.562241468462162, 7638090.378659088164568 ], [ 425123.631093327363487, 7638071.255269331857562 ], [ 425142.414899562834762, 7638050.821427426300943 ], [ 425151.298838246264495, 7638040.133854988031089 ], [ 425167.994555687298998, 7638017.856927333399653 ], [ 425183.179577105736826, 7637994.428858387283981 ], [ 425196.75250483432319, 7637969.903354900889099 ], [ 425202.917018804175314, 7637957.203319112770259 ], [ 425213.907807229959872, 7637930.80417993478477 ], [ 425218.65268761839252, 7637917.102432527579367 ], [ 425222.835951953369658, 7637903.070785545744002 ], [ 425226.407682777615264, 7637888.716307770460844 ], [ 425229.075983756221831, 7637875.25565495248884 ] ] ] } },
{ "type": "Feature", "properties": { "fid": 298.0, "COMPR_M": 1401.97, "CLASSE": "06 - Acima do limite", "CD_FAZ": "400534", "TALHOES": "1, 3, 4", "FAZ_tAL": "400534001, 400534003, 400534004", "ID_LINHA": 96237 }, "geometry": { "type": "MultiLineString", "coordinates": [ [ [ 424141.510648114141077, 7638575.745628288015723 ], [ 424159.02761195768835, 7638531.244328166358173 ], [ 424171.412810828187503, 7638503.439304163679481 ], [ 424180.198929077247158, 7638485.296452313661575 ], [ 424194.231296447396744, 7638458.706484759226441 ], [ 424204.147705237090122, 7638441.517957450821996 ], [ 424214.51858524378622, 7638424.865497881546617 ], [ 424225.359536168863997, 7638408.815256347879767 ], [ 424236.68508197448682, 7638393.4285554792732 ], [ 424248.509838343597949, 7638378.760687915608287 ], [ 424260.88360582786845, 7638364.820703128352761 ], [ 424273.947508353565354, 7638351.475949509069324 ], [ 424287.698579367424827, 7638338.714371653273702 ], [ 424302.087297980440781, 7638326.570989472791553 ], [ 424317.061879150161985, 7638315.08024825528264 ], [ 424340.504055797762703, 7638299.140899616293609 ], [ 424356.704462303488981, 7638289.425662020221353 ], [ 424373.344802238570992, 7638280.445079475641251 ], [ 424390.478858796646819, 7638272.144780963659286 ], [ 424417.059160060307477, 7638260.918059811927378 ], [ 424435.314598029945046, 7638254.223216735757887 ], [ 424453.955956549500115, 7638248.138611463829875 ], [ 424472.950960067391861, 7638242.643363326787949 ], [ 424502.03168877074495, 7638235.457795588299632 ], [ 424541.759965588338673, 7638227.716038094833493 ], [ 424562.024430831079371, 7638224.549483097158372 ], [ 424592.890038069919683, 7638220.562782446853817 ], [ 424645.458059739437886, 7638215.589626621454954 ], [ 424744.72577275976073, 7638208.949123391881585 ], [ 424779.318518174113706, 7638206.168954649940133 ], [ 424826.564437697408721, 7638200.991074977442622 ], [ 424862.802953204954974, 7638195.476016392931342 ], [ 424899.637558435555547, 7638188.067167568020523 ], [ 424936.804898667440284, 7638178.280081210657954 ], [ 424961.613972147111781, 7638170.178905177861452 ], [ 424973.988485465466511, 7638165.595336651429534 ], [ 424998.601834036468063, 7638155.260130541399121 ], [ 425010.806557930831332, 7638149.467848377302289 ], [ 425034.896274455473758, 7638136.546414066106081 ], [ 425046.671274439315312, 7638129.430977300740778 ], [ 425058.194794469454791, 7638121.918433535844088 ], [ 425080.442327268072404, 7638105.753655271604657 ], [ 425101.565372439858038, 7638088.139244437217712 ], [ 425121.490609886008315, 7638069.152701500803232 ], [ 425140.13977695372887, 7638048.865331894718111 ], [ 425148.959702196181752, 7638038.254769025370479 ], [ 425165.534043068764731, 7638016.139812613837421 ], [ 425180.606843192712404, 7637992.884914149530232 ], [ 425194.077205268724356, 7637968.544795180670917 ], [ 425200.19354420225136, 7637955.944008856080472 ], [ 425211.093343030544929, 7637929.763667769730091 ], [ 425215.796435400436167, 7637916.182591240853071 ], [ 425219.941336910706013, 7637902.279622144065797 ], [ 425223.478998008649796, 7637888.062067660503089 ], [ 425225.999422912835144, 7637875.347398336976767 ] ] ] } },
{ "type": "Feature", "properties": { "fid": 299.0, "COMPR_M": 1397.54, "CLASSE": "06 - Acima do limite", "CD_FAZ": "400534", "TALHOES": "1, 3, 4", "FAZ_tAL": "400534001, 400534003, 400534004", "ID_LINHA": 96238 }, "geometry": { "type": "MultiLineString", "coordinates": [ [ [ 424139.825481129577383, 7638571.639253126457334 ], [ 424148.473092535568867, 7638549.054997196421027 ], [ 424160.306715536222328, 7638520.694616311229765 ], [ 424173.050570184190292, 7638493.020327882841229 ], [ 424182.097787352919113, 7638474.96437831223011 ], [ 424196.535120369284414, 7638448.550236917100847 ], [ 424206.728740427643061, 7638431.534418988972902 ], [ 424217.393277465947904, 7638415.08181338943541 ], [ 424228.544702288112603, 7638399.256791431456804 ], [ 424240.198458536120597, 7638384.118507626466453 ], [ 424252.374523985141423, 7638369.715497331693769 ], [ 424265.182713708956726, 7638355.978866837918758 ], [ 424278.699287504598033, 7638342.820975188165903 ], [ 424292.881383453728631, 7638330.270449720323086 ], [ 424307.678220782196149, 7638318.361735343001783 ], [ 424323.036963196995202, 7638307.128559921868145 ], [ 424338.902954011806287, 7638296.603649466298521 ], [ 424355.220309871598147, 7638286.818277966231108 ], [ 424371.978726358676795, 7638277.773953376337886 ], [ 424389.22792583325645, 7638269.417852874845266 ], [ 424415.973341881239321, 7638258.121308436617255 ], [ 424434.333198080887087, 7638251.388153564184904 ], [ 424453.074203369265888, 7638245.271006652154028 ], [ 424472.163868124887813, 7638239.748358025215566 ], [ 424501.376950956648216, 7638232.530034474097192 ], [ 424541.261894895287696, 7638224.757617177441716 ], [ 424561.594270989182405, 7638221.580438436940312 ], [ 424592.548068512580357, 7638217.582306541502476 ], [ 424645.226043919799849, 7638212.59859985485673 ], [ 424744.510214767069556, 7638205.956870026886463 ], [ 424779.047422407777049, 7638203.181205166503787 ], [ 424826.172630316927098, 7638198.016712935641408 ], [ 424862.286434048728552, 7638192.520721340551972 ], [ 424898.964938156306744, 7638185.143394332379103 ], [ 424935.943721915828064, 7638175.406121817417443 ], [ 424960.609337101050187, 7638167.351839856244624 ], [ 424972.907042393810116, 7638162.796721323393285 ], [ 424997.357436103920918, 7638152.529998293146491 ], [ 425009.476495095295832, 7638146.778372127562761 ], [ 425033.388933784328401, 7638133.952075181528926 ], [ 425045.075837791548111, 7638126.889873350039124 ], [ 425056.513897722703405, 7638119.433043700642884 ], [ 425078.598452902690042, 7638103.386667831800878 ], [ 425099.568503411195707, 7638085.899829784408212 ], [ 425119.350126446573995, 7638067.050133671611547 ], [ 425137.864654344157316, 7638046.909236362203956 ], [ 425146.62056614406174, 7638036.375683061778545 ], [ 425163.073530450870749, 7638014.422697894275188 ], [ 425178.034109280793928, 7637991.340969911776483 ], [ 425191.401905705220997, 7637967.186235462315381 ], [ 425197.470069599105045, 7637954.684698598459363 ], [ 425208.278878829325549, 7637928.72315561119467 ], [ 425212.940183183527552, 7637915.262749956920743 ], [ 425217.04672186949756, 7637901.488458743318915 ], [ 425220.550313239975367, 7637887.407827549614012 ], [ 425222.92286206886638, 7637875.439141720533371 ] ] ] } },
{ "type": "Feature", "properties": { "fid": 300.0, "COMPR_M": 1393.11, "CLASSE": "06 - Acima do limite", "CD_FAZ": "400534", "TALHOES": "1, 3, 4", "FAZ_tAL": "400534001, 400534003, 400534004", "ID_LINHA": 96239 }, "geometry": { "type": "MultiLineString", "coordinates": [ [ [ 424138.140314142918214, 7638567.532877964898944 ], [ 424149.546878143213689, 7638538.387749332934618 ], [ 424157.558770954434294, 7638519.490818478167057 ], [ 424170.350470082717948, 7638491.712712435051799 ], [ 424179.434538787696511, 7638473.583235876634717 ], [ 424193.93650875100866, 7638447.050971219316125 ], [ 424204.182155346032232, 7638429.948352077975869 ], [ 424214.90717460680753, 7638413.402487019076943 ], [ 424226.128564308397472, 7638397.478230318054557 ], [ 424237.862817031564191, 7638382.235436823219061 ], [ 424250.130770567979198, 7638367.723784681409597 ], [ 424263.038766100304201, 7638353.880103804171085 ], [ 424276.658388100855518, 7638340.621884660795331 ], [ 424290.946347806311678, 7638327.977663799189031 ], [ 424305.851767526299227, 7638315.981552937999368 ], [ 424321.321799700381234, 7638304.666976628825068 ], [ 424337.301852225966286, 7638294.066399317234755 ], [ 424353.73615743976552, 7638284.210893910378218 ], [ 424370.61265047849156, 7638275.102827275171876 ], [ 424387.976992868352681, 7638266.690924787893891 ], [ 424414.887523703393526, 7638255.324557062238455 ], [ 424433.351798127405345, 7638248.553090397268534 ], [ 424452.192450188565999, 7638242.403401840478182 ], [ 424471.376776181161404, 7638236.853352722711861 ], [ 424500.722213143424597, 7638229.602273356169462 ], [ 424520.615555034019053, 7638225.448544651269913 ], [ 424550.933302633347921, 7638220.15023250784725 ], [ 424571.45444539381424, 7638217.177337229251862 ], [ 424602.663472278800327, 7638213.449316693469882 ], [ 424644.994028101908043, 7638209.607573083601892 ], [ 424744.294656772806775, 7638202.964616665616632 ], [ 424778.776326641556807, 7638200.193455677479506 ], [ 424813.922540813568048, 7638196.53005169890821 ], [ 424849.704777140635997, 7638191.576121176593006 ], [ 424886.073980173561722, 7638184.904419492930174 ], [ 424922.807904825545847, 7638176.052021408453584 ], [ 424947.352434451226145, 7638168.696229552850127 ], [ 424959.604702055337839, 7638164.52477453276515 ], [ 424984.000355257536285, 7638155.096403561532497 ], [ 424996.113038172072265, 7638149.799866043031216 ], [ 425020.081753359176219, 7638137.944415777921677 ], [ 425043.480401143548079, 7638124.348769403994083 ], [ 425054.833000975777395, 7638116.947653867304325 ], [ 425076.754578535445035, 7638101.019680391997099 ], [ 425097.571634383115452, 7638083.660415133461356 ], [ 425117.209643005684484, 7638064.947565842419863 ], [ 425135.589531733421609, 7638044.953140831552446 ], [ 425144.281430095143151, 7638034.496597098186612 ], [ 425160.613017832220066, 7638012.705583174712956 ], [ 425175.461375369515736, 7637989.797025671228766 ], [ 425188.726606139098294, 7637965.827675742097199 ], [ 425194.746594998112414, 7637953.425388341769576 ], [ 425205.464414630259853, 7637927.682643450796604 ], [ 425210.083930965105537, 7637914.342908669263124 ], [ 425214.152106827299576, 7637900.697295339778066 ], [ 425217.621628470835276, 7637886.753587435930967 ], [ 425219.846301227458753, 7637875.530885105952621 ] ] ] } },
{ "type": "Feature", "properties": { "fid": 301.0, "COMPR_M": 1388.7, "CLASSE": "06 - Acima do limite", "CD_FAZ": "400534", "TALHOES": "1, 3, 4", "FAZ_tAL": "400534001, 400534003, 400534004", "ID_LINHA": 96240 }, "geometry": { "type": "MultiLineString", "coordinates": [ [ [ 424136.471691930608358, 7638563.466818710789084 ], [ 424146.771600140607916, 7638537.248400093987584 ], [ 424154.810826373344753, 7638518.287020647898316 ], [ 424167.65036998083815, 7638490.405096990987659 ], [ 424176.771290225209668, 7638472.202093442901969 ], [ 424191.337897134246305, 7638445.551705523394048 ], [ 424201.635570264363196, 7638428.362285170704126 ], [ 424212.421071747143287, 7638411.723160649649799 ], [ 424223.712426327809226, 7638395.699669206514955 ], [ 424235.5271755278809, 7638380.352366018109024 ], [ 424247.887017149827443, 7638365.732072032988071 ], [ 424260.894818490720354, 7638351.781340770423412 ], [ 424274.617488696123473, 7638338.422794132493436 ], [ 424289.011312156333588, 7638325.684877878054976 ], [ 424304.025314269354567, 7638313.601370537653565 ], [ 424319.606636203825474, 7638302.20539334230125 ], [ 424335.700750440300908, 7638291.529149167239666 ], [ 424352.252005008049309, 7638281.603509852662683 ], [ 424369.246574595337734, 7638272.431701174005866 ], [ 424386.726059904438443, 7638263.963996699079871 ], [ 424413.801705523510464, 7638252.527805691584945 ], [ 424432.370398177299649, 7638245.718027226626873 ], [ 424451.310697009437717, 7638239.535797029733658 ], [ 424470.589684239414055, 7638233.958347423002124 ], [ 424500.067475328454748, 7638226.6745122410357 ], [ 424520.04240805876907, 7638222.503735107369721 ], [ 424550.470092006202321, 7638217.186159089207649 ], [ 424571.055514792271424, 7638214.203940477222204 ], [ 424602.347224653000012, 7638210.466005960479379 ], [ 424644.762012281862553, 7638206.61654631793499 ], [ 424744.079098780232016, 7638199.97236330062151 ], [ 424778.505230877373833, 7638197.205706194043159 ], [ 424813.565823952318169, 7638193.55128731764853 ], [ 424849.233166363148484, 7638188.613341996446252 ], [ 424885.456988292164169, 7638181.968422739766538 ], [ 424922.013180243957322, 7638173.159006278961897 ], [ 424946.421260890318081, 7638165.844153246842325 ], [ 424958.600067009916529, 7638161.697709211148322 ], [ 424982.838920208101626, 7638152.329993963241577 ], [ 424994.868640238943044, 7638147.06973379291594 ], [ 425018.663660672609694, 7638135.300258602015674 ], [ 425041.884964494849555, 7638121.807665454223752 ], [ 425053.152104227920063, 7638114.462264036759734 ], [ 425074.910704168258235, 7638098.652692953124642 ], [ 425095.574765354278497, 7638081.421000481583178 ], [ 425115.069159565377049, 7638062.844998011365533 ], [ 425133.314409124082886, 7638042.997045299969614 ], [ 425141.942294044070877, 7638032.617511133663356 ], [ 425158.152505212870892, 7638010.988468455150723 ], [ 425172.888641456724145, 7637988.253081433475018 ], [ 425186.05130657448899, 7637964.46911602281034 ], [ 425192.023120394500438, 7637952.166078082285821 ], [ 425202.649950431485195, 7637926.64213128760457 ], [ 425207.227678747032769, 7637913.423067378811538 ], [ 425211.257491785276216, 7637899.906131936237216 ], [ 425216.769740384072065, 7637875.62262849137187 ] ] ] } },
{ "type": "Feature", "properties": { "fid": 302.0, "COMPR_M": 1384.31, "CLASSE": "06 - Acima do limite", "CD_FAZ": "400534", "TALHOES": "1, 3, 4", "FAZ_tAL": "400534001, 400534003, 400534004", "ID_LINHA": 96241 }, "geometry": { "type": "MultiLineString", "coordinates": [ [ [ 424134.804578089446295, 7638559.404435024596751 ], [ 424152.062881792313419, 7638517.083222813904285 ], [ 424164.95026987924939, 7638489.09748154412955 ], [ 424174.108041661034804, 7638470.820951009169221 ], [ 424188.739285516261589, 7638444.052439827471972 ], [ 424199.088985181297176, 7638426.776218261569738 ], [ 424209.934968887129799, 7638410.043834279291332 ], [ 424221.296288348326925, 7638393.921108096837997 ], [ 424233.191534022334963, 7638378.469295212998986 ], [ 424245.643263732083142, 7638363.740359377115965 ], [ 424258.750870882009622, 7638349.68257774040103 ], [ 424272.576589292497374, 7638336.223703604191542 ], [ 424287.076276508392766, 7638323.392091955989599 ], [ 424302.198861012759153, 7638311.221188131719828 ], [ 424317.891472708026413, 7638299.743810053914785 ], [ 424334.099648654111661, 7638288.991899017244577 ], [ 424350.76785257505253, 7638278.996125796809793 ], [ 424367.880498715967406, 7638269.760575076565146 ], [ 424385.475126941630151, 7638261.237068612128496 ], [ 424412.715887344267685, 7638249.731054315343499 ], [ 424431.388998226029798, 7638242.882964055985212 ], [ 424450.428943829261698, 7638236.668192218057811 ], [ 424469.802592297783121, 7638231.063342122361064 ], [ 424499.412737514299806, 7638223.746751125901937 ], [ 424519.469261082413141, 7638219.558925565332174 ], [ 424550.006881380220875, 7638214.222085671499372 ], [ 424570.656584190961439, 7638211.230543723329902 ], [ 424602.030977026326582, 7638207.482695229351521 ], [ 424644.529996463039424, 7638203.625519547611475 ], [ 424743.863540785445366, 7638196.980109941214323 ], [ 424778.234135111910291, 7638194.217956706881523 ], [ 424813.20910709083546, 7638190.572522938251495 ], [ 424848.761555585078895, 7638185.650562817230821 ], [ 424884.839996411348693, 7638179.032425986602902 ], [ 424921.218455662252381, 7638170.2659911531955 ], [ 424945.490087330224924, 7638162.992076938971877 ], [ 424957.59543196472805, 7638158.870643889531493 ], [ 424981.67748515761923, 7638149.563584365881979 ], [ 424993.624242305813823, 7638144.339601542800665 ], [ 425017.245567985577509, 7638132.656101426109672 ], [ 425040.289527846674901, 7638119.266561505384743 ], [ 425051.471207482623868, 7638111.976874203421175 ], [ 425073.066829801304266, 7638096.285705513320863 ], [ 425093.57789632602362, 7638079.181585831567645 ], [ 425112.928676124953199, 7638060.742430184036493 ], [ 425131.039286514220294, 7638041.040949769318104 ], [ 425139.603157992940396, 7638030.738425171002746 ], [ 425155.691992595500778, 7638009.271353736519814 ], [ 425170.315907545154914, 7637986.709137199446559 ], [ 425183.376007009239402, 7637963.110556301660836 ], [ 425189.299645792343654, 7637950.906767826527357 ], [ 425199.835486232244875, 7637925.601619126275182 ], [ 425204.371426528086886, 7637912.503226095810533 ], [ 425208.36287674412597, 7637899.114968536421657 ], [ 425213.693179541965947, 7637875.714371873997152 ] ] ] } },
{ "type": "Feature", "properties": { "fid": 303.0, "COMPR_M": 1379.91, "CLASSE": "06 - Acima do limite", "CD_FAZ": "400534", "TALHOES": "1, 3, 4", "FAZ_tAL": "400534001, 400534003, 400534004", "ID_LINHA": 96242 }, "geometry": { "type": "MultiLineString", "coordinates": [ [ [ 424133.137464250437915, 7638555.342051338404417 ], [ 424141.221044132951647, 7638534.969701616093516 ], [ 424153.51721918315161, 7638506.442322757095098 ], [ 424171.444793097034562, 7638469.439808573573828 ], [ 424186.140673898509704, 7638442.553174130618572 ], [ 424196.542400100035593, 7638425.190151350572705 ], [ 424207.44886602734914, 7638408.364507911726832 ], [ 424218.880150368553586, 7638392.14254698343575 ], [ 424230.855892518244218, 7638376.586224411614239 ], [ 424243.399510313291103, 7638361.748646728694439 ], [ 424256.606923273007851, 7638347.583814708516002 ], [ 424270.535689889104106, 7638334.024613074958324 ], [ 424285.141240860510152, 7638321.099306032992899 ], [ 424300.372407756512985, 7638308.841005728580058 ], [ 424316.176309211004991, 7638297.282226761803031 ], [ 424332.498546868213452, 7638286.454648865386844 ], [ 424349.283700142172165, 7638276.388741742819548 ], [ 424366.514422834967263, 7638267.089448973536491 ], [ 424384.22419397730846, 7638258.510140522383153 ], [ 424411.630069165606983, 7638246.934302942827344 ], [ 424430.407598274876364, 7638240.047900883480906 ], [ 424449.547190650075208, 7638233.800587405450642 ], [ 424469.015500354929827, 7638228.168336821720004 ], [ 424498.757999699038919, 7638220.818990010768175 ], [ 424518.896114106406458, 7638216.614116018638015 ], [ 424549.543670752784237, 7638211.258012251928449 ], [ 424570.257653589360416, 7638208.257146973162889 ], [ 424601.714729398896452, 7638204.499384498223662 ], [ 424644.297980642586481, 7638200.634492780081928 ], [ 424743.647982793743722, 7638193.987856578081846 ], [ 424777.963039346504956, 7638191.230207221582532 ], [ 424812.852390230458695, 7638187.593758556991816 ], [ 424848.28994480764959, 7638182.687783638015389 ], [ 424884.223004529136233, 7638176.096429233439267 ], [ 424920.423731080256402, 7638167.372976023703814 ], [ 424944.558913769607898, 7638160.140000633895397 ], [ 424956.590796917909756, 7638156.043578567914665 ], [ 424980.51605010725325, 7638146.797174766659737 ], [ 424992.379844373383094, 7638141.609469290822744 ], [ 425015.827475297905039, 7638130.011944248341024 ], [ 425038.69409119838383, 7638116.725457554683089 ], [ 425049.790310735756066, 7638109.491484371945262 ], [ 425071.22295543452492, 7638093.918718073517084 ], [ 425091.58102729707025, 7638076.942171176895499 ], [ 425110.788192684529349, 7638058.639862352982163 ], [ 425128.764163904474117, 7638039.084854237735271 ], [ 425137.264021943090484, 7638028.85933920647949 ], [ 425153.231479977373965, 7638007.554239016026258 ], [ 425167.743173632072285, 7637985.165192959830165 ], [ 425180.700707444048021, 7637961.751996582373977 ], [ 425186.576171190943569, 7637949.64745756983757 ], [ 425197.021022031258326, 7637924.561106963083148 ], [ 425201.515174311469309, 7637911.583384810946882 ], [ 425205.468261701927986, 7637898.323805132880807 ], [ 425210.616618699161336, 7637875.806115258485079 ] ] ] } },
{ "type": "Feature", "properties": { "fid": 304.0, "COMPR_M": 1375.54, "CLASSE": "06 - Acima do limite", "CD_FAZ": "400534", "TALHOES": "1, 3, 4", "FAZ_tAL": "400534001, 400534003, 400534004", "ID_LINHA": 96243 }, "geometry": { "type": "MultiLineString", "coordinates": [ [ [ 424131.482464108557906, 7638551.30918602924794 ], [ 424142.45534546271665, 7638524.217877307906747 ], [ 424150.784275685669854, 7638505.20483686029911 ], [ 424164.105781807680614, 7638477.232592498883605 ], [ 424173.580159352335613, 7638458.963009915314615 ], [ 424183.542062280233949, 7638441.053908437490463 ], [ 424193.995815018715803, 7638423.604084441438317 ], [ 424204.962763166520745, 7638406.68518153950572 ], [ 424216.464012387907133, 7638390.363985873758793 ], [ 424228.52025101298932, 7638374.703153606504202 ], [ 424241.155756894848309, 7638359.756934076547623 ], [ 424254.462975664238911, 7638345.485051676630974 ], [ 424268.494790484721307, 7638331.825522545725107 ], [ 424283.206205211288761, 7638318.806520112790167 ], [ 424298.545954498578794, 7638306.460823327302933 ], [ 424314.461145714740269, 7638294.820643475279212 ], [ 424330.897445081092883, 7638283.9173987172544 ], [ 424347.799547710106708, 7638273.781357686966658 ], [ 424365.148346953094006, 7638264.418322873301804 ], [ 424382.973261011997238, 7638255.783212436363101 ], [ 424410.54425098549109, 7638244.137551570311189 ], [ 424429.426198323257267, 7638237.212837717495859 ], [ 424448.665437468502205, 7638230.932982593774796 ], [ 424468.228408413415309, 7638225.273331521078944 ], [ 424498.103261885931715, 7638217.891228895634413 ], [ 424518.322967131447513, 7638213.669306475669146 ], [ 424549.080460127093829, 7638208.293938837014139 ], [ 424569.858722988050431, 7638205.283750219270587 ], [ 424601.398481772630475, 7638201.516073764301836 ], [ 424644.065964823355898, 7638197.643466012552381 ], [ 424743.432424800470471, 7638190.995603214949369 ], [ 424777.69194358115783, 7638188.242457737214863 ], [ 424812.495673367753625, 7638184.614994172938168 ], [ 424847.818334029056132, 7638179.725004456005991 ], [ 424883.606012647564057, 7638173.160432478412986 ], [ 424919.629006498784292, 7638164.479960897937417 ], [ 424943.627740208467003, 7638157.287924325093627 ], [ 424955.586161872721277, 7638153.216513246297836 ], [ 424979.354615056421608, 7638144.030765166506171 ], [ 424991.135446441010572, 7638138.879337040707469 ], [ 425014.409382610931061, 7638127.367787074297667 ], [ 425037.098654549976345, 7638114.184353610500693 ], [ 425048.109413989412133, 7638107.006094537675381 ], [ 425069.379081067163497, 7638091.551730633713305 ], [ 425089.584158268698957, 7638074.702756524085999 ], [ 425108.647709244629368, 7638056.537294523790479 ], [ 425126.489041293680202, 7638037.128758703358471 ], [ 425134.924885892425664, 7638026.980253245681524 ], [ 425150.77096735854866, 7638005.837124297395349 ], [ 425165.170439722249284, 7637983.621248722076416 ], [ 425178.025407879031263, 7637960.39343686401844 ], [ 425183.852696587680839, 7637948.388147312216461 ], [ 425194.206557831785176, 7637923.520594801753759 ], [ 425198.658922094036825, 7637910.663543524220586 ], [ 425202.57364666054491, 7637897.532641731202602 ], [ 425207.540057856298517, 7637875.897858642041683 ] ] ] } },
{ "type": "Feature", "properties": { "fid": 305.0, "COMPR_M": 1371.17, "CLASSE": "06 - Acima do limite", "CD_FAZ": "400534", "TALHOES": "1, 3, 4", "FAZ_tAL": "400534001, 400534003, 400534004", "ID_LINHA": 96244 }, "geometry": { "type": "MultiLineString", "coordinates": [ [ [ 424129.833592902403325, 7638547.291255561634898 ], [ 424139.693301046732813, 7638523.04680216498673 ], [ 424148.051332187780645, 7638503.967350963503122 ], [ 424161.423590597230941, 7638475.888615859672427 ], [ 424170.936962539795786, 7638457.543859876692295 ], [ 424180.943450662191026, 7638439.554642740637064 ], [ 424191.449229935358744, 7638422.018017534166574 ], [ 424202.476660306507256, 7638405.005855171009898 ], [ 424214.047874409006909, 7638388.585424763150513 ], [ 424226.184609511226881, 7638372.820082804188132 ], [ 424238.912003476754762, 7638357.765221424400806 ], [ 424252.319028053840157, 7638343.386288642883301 ], [ 424266.453891081444453, 7638329.626432018354535 ], [ 424281.271169563522562, 7638316.513734191656113 ], [ 424296.719501242274418, 7638304.080640922300518 ], [ 424312.74598221789347, 7638292.359060188755393 ], [ 424329.296343296184205, 7638281.380148567259312 ], [ 424346.315395278739743, 7638271.1739736283198 ], [ 424363.782271072850563, 7638261.747196773067117 ], [ 424381.72232804982923, 7638253.056284348480403 ], [ 424409.458432806655765, 7638241.340800195932388 ], [ 424428.444798371754587, 7638234.377774546854198 ], [ 424447.783684289082885, 7638228.065377782098949 ], [ 424467.441316469456069, 7638222.378326222300529 ], [ 424497.448524071078282, 7638214.96346777677536 ], [ 424517.749820155382622, 7638210.724496930837631 ], [ 424548.617249500704929, 7638205.329865420237184 ], [ 424569.459792386973277, 7638202.31035346724093 ], [ 424601.082234147528652, 7638198.532763032242656 ], [ 424643.833949003950693, 7638194.652439245022833 ], [ 424743.21686680696439, 7638188.003349851816893 ], [ 424777.420847813831642, 7638185.254708251915872 ], [ 424812.1389565061545, 7638181.636229792609811 ], [ 424847.346723251859657, 7638176.762225275859237 ], [ 424882.989020767854527, 7638170.22443572897464 ], [ 424918.83428191638086, 7638161.586945772171021 ], [ 424942.696566648199223, 7638154.435848019085824 ], [ 424954.58152682648506, 7638150.389447923749685 ], [ 424978.193180006463081, 7638141.264355571009219 ], [ 424989.891048508696258, 7638136.149204790592194 ], [ 425012.991289924131706, 7638124.723629899322987 ], [ 425035.503217901452444, 7638111.643249660730362 ], [ 425046.428517242195085, 7638104.520704705268145 ], [ 425067.535206700034905, 7638089.184743192046881 ], [ 425087.58728924090974, 7638072.46334187220782 ], [ 425106.507225803332403, 7638054.434726694598794 ], [ 425124.213918682944495, 7638035.172663172706962 ], [ 425132.585749841702636, 7638025.101167278364301 ], [ 425148.310454739665147, 7638004.120009575970471 ], [ 425162.597705809632316, 7637982.077304482460022 ], [ 425175.350108314712998, 7637959.034877145662904 ], [ 425181.129221986513585, 7637947.128837055526674 ], [ 425191.392093632486649, 7637922.480082639493048 ], [ 425195.802669874974526, 7637909.743702236562967 ], [ 425199.679031618754379, 7637896.74147832673043 ], [ 425204.463497013493907, 7637875.989602027460933 ] ] ] } },
{ "type": "Feature", "properties": { "fid": 306.0, "COMPR_M": 1366.81, "CLASSE": "06 - Acima do limite", "CD_FAZ": "400534", "TALHOES": "1, 3, 4", "FAZ_tAL": "400534001, 400534003, 400534004", "ID_LINHA": 96245 }, "geometry": { "type": "MultiLineString", "coordinates": [ [ [ 424128.184721696190536, 7638543.27332509867847 ], [ 424145.318388690822758, 7638502.729865062981844 ], [ 424158.741399385384284, 7638474.54463922418654 ], [ 424168.293765726964921, 7638456.124709842726588 ], [ 424183.558960186433978, 7638429.183269480243325 ], [ 424194.378872632572893, 7638411.810177721083164 ], [ 424205.740565305342898, 7638394.989376833662391 ], [ 424217.66691230336437, 7638378.786874196492136 ], [ 424230.180850096570794, 7638363.264576787129045 ], [ 424243.328727911808528, 7638348.452675243839622 ], [ 424264.412991675781086, 7638327.42734149005264 ], [ 424279.336133915057871, 7638314.220948271453381 ], [ 424294.893047986377496, 7638301.700458519160748 ], [ 424311.030818721803371, 7638289.897476899437606 ], [ 424327.695241508714389, 7638278.842898417264223 ], [ 424344.831242847489193, 7638268.56658957246691 ], [ 424362.416195192374289, 7638259.076070672832429 ], [ 424380.471395085391123, 7638250.329356259666383 ], [ 424408.372614627762232, 7638238.544048823416233 ], [ 424427.463398421008606, 7638231.54271137714386 ], [ 424446.901931110012811, 7638225.197772968560457 ], [ 424466.654224526777398, 7638219.48332092165947 ], [ 424496.793786257097963, 7638212.035706661641598 ], [ 424517.17667317960877, 7638207.779687386006117 ], [ 424548.154038873384707, 7638202.365792005322874 ], [ 424569.0608617849648, 7638199.336956715211272 ], [ 424600.765986521611921, 7638195.549452297389507 ], [ 424643.601933184952941, 7638191.661412474699318 ], [ 424743.001308813225478, 7638185.011096488684416 ], [ 424777.149752049881499, 7638182.266958764754236 ], [ 424811.782239645661321, 7638178.657465412281454 ], [ 424846.875112474663183, 7638173.79944609478116 ], [ 424882.372028885467444, 7638167.288438974879682 ], [ 424918.039557333802804, 7638158.693930644541979 ], [ 424941.765393086068798, 7638151.583771712146699 ], [ 424953.576891780598089, 7638147.562382603064179 ], [ 424977.031744954641908, 7638138.497945971786976 ], [ 424988.64665057574166, 7638133.419072543270886 ], [ 425011.573197236750275, 7638122.079472722485662 ], [ 425033.907781253452413, 7638109.102145710960031 ], [ 425044.747620495501906, 7638102.035314871929586 ], [ 425065.691332333022729, 7638086.817755756899714 ], [ 425085.590420211083256, 7638070.223927222192287 ], [ 425104.366742363316007, 7638052.332158863544464 ], [ 425121.938796074944548, 7638033.216567642055452 ], [ 425130.24661379144527, 7638023.222081318497658 ], [ 425145.849942120024934, 7638002.402894857339561 ], [ 425160.024971897481009, 7637980.533360246568918 ], [ 425172.674808748473879, 7637957.676317425444722 ], [ 425178.40574738412397, 7637945.869526797905564 ], [ 425188.577629432140384, 7637921.439570479094982 ], [ 425192.946417658298742, 7637908.823860952630639 ], [ 425196.784416575857904, 7637895.950314925983548 ], [ 425201.386936171271373, 7637876.081345409154892 ] ] ] } },
{ "type": "Feature", "properties": { "fid": 307.0, "COMPR_M": 1362.46, "CLASSE": "06 - Acima do limite", "CD_FAZ": "400534", "TALHOES": "1, 3, 4", "FAZ_tAL": "400534001, 400534003, 400534004", "ID_LINHA": 96246 }, "geometry": { "type": "MultiLineString", "coordinates": [ [ [ 424126.541729233693331, 7638539.26971981767565 ], [ 424138.323158886225428, 7638511.064233656972647 ], [ 424146.959751341200899, 7638491.990363243967295 ], [ 424160.791798840800766, 7638463.915238833986223 ], [ 424170.63546310813399, 7638445.580971563234925 ], [ 424180.985367054701783, 7638427.641433482058346 ], [ 424191.861408556287643, 7638410.178262701258063 ], [ 424203.288193947577383, 7638393.261141897179186 ], [ 424215.289641095208935, 7638376.956664037890732 ], [ 424227.889726566907484, 7638361.327562896534801 ], [ 424241.134368172264658, 7638346.40667175874114 ], [ 424262.372092272504233, 7638325.228250961750746 ], [ 424277.401098266709596, 7638311.928162347525358 ], [ 424293.066594730131328, 7638299.3202761169523 ], [ 424309.315655225131195, 7638287.43589361011982 ], [ 424326.094139723456465, 7638276.305648266337812 ], [ 424343.347090415656567, 7638265.959205517545342 ], [ 424361.050119312363677, 7638256.404944574460387 ], [ 424379.220462121418677, 7638247.602428171783686 ], [ 424407.286796448170207, 7638235.747297450900078 ], [ 424426.481998470437247, 7638228.707648210227489 ], [ 424446.020177929196507, 7638222.330168157815933 ], [ 424465.867132585553918, 7638216.588315619155765 ], [ 424496.139048443292268, 7638209.107945548370481 ], [ 424516.603526204824448, 7638204.834877843037248 ], [ 424547.690828246646561, 7638199.401718589477241 ], [ 424568.661931183829438, 7638196.36355996131897 ], [ 424600.449738894880284, 7638192.566141566261649 ], [ 424643.369917363801505, 7638188.670385707169771 ], [ 424742.785750819835812, 7638182.018843126483262 ], [ 424776.878656284068711, 7638179.279209278523922 ], [ 424811.425522784236819, 7638175.678701032884419 ], [ 424846.403501695662271, 7638170.836666913703084 ], [ 424881.755037003662437, 7638164.352442221716046 ], [ 424917.244832752388902, 7638155.800915516912937 ], [ 424940.834219525451772, 7638148.731695404276252 ], [ 424952.572256734361872, 7638144.735317278653383 ], [ 424975.870309904334135, 7638135.731536373496056 ], [ 424987.402252643485554, 7638130.688940292224288 ], [ 425010.155104549427051, 7638119.435315549373627 ], [ 425032.312344604695681, 7638106.561041763052344 ], [ 425043.066723749274388, 7638099.549925040453672 ], [ 425063.847457966126967, 7638084.450768314301968 ], [ 425083.593551183119416, 7638067.984512569382787 ], [ 425102.226258922542911, 7638050.229591033421457 ], [ 425119.663673463277519, 7638031.260472109541297 ], [ 425127.90747774054762, 7638021.342995353974402 ], [ 425143.389429503004067, 7638000.685780139639974 ], [ 425157.452237985329702, 7637978.989416006021202 ], [ 425169.999509184330236, 7637956.317757705226541 ], [ 425175.682272780511994, 7637944.610216540284455 ], [ 425185.763165233307518, 7637920.399058317765594 ], [ 425190.090165439411066, 7637907.904019664973021 ], [ 425193.889801533194259, 7637895.159151524305344 ], [ 425198.310375328990631, 7637876.173088796436787 ] ] ] } },
{ "type": "Feature", "properties": { "fid": 308.0, "COMPR_M": 1358.13, "CLASSE": "06 - Acima do limite", "CD_FAZ": "400534", "TALHOES": "1, 3, 4", "FAZ_tAL": "400534001, 400534003, 400534004", "ID_LINHA": 96247 }, "geometry": { "type": "MultiLineString", "coordinates": [ [ [ 424124.911240037530661, 7638535.296582205221057 ], [ 424135.575214306009002, 7638509.860435828566551 ], [ 424144.242744731716812, 7638490.718258697539568 ], [ 424158.128550277091563, 7638462.534096400253475 ], [ 424168.013703848235309, 7638444.122581208124757 ], [ 424178.411773923959117, 7638426.099597485736012 ], [ 424189.343944479129277, 7638408.546347681432962 ], [ 424200.835822589404415, 7638391.532906956970692 ], [ 424212.912369886529632, 7638375.126453877426684 ], [ 424225.598603036021814, 7638359.390549005940557 ], [ 424238.940008432022296, 7638344.360668271780014 ], [ 424260.331192868237849, 7638323.029160430654883 ], [ 424275.466062619001605, 7638309.635376427322626 ], [ 424291.240141473535914, 7638296.940093712881207 ], [ 424307.600491728517227, 7638284.974310321733356 ], [ 424324.493037937732879, 7638273.768398119136691 ], [ 424341.862937983241864, 7638263.351821461692452 ], [ 424359.684043430665042, 7638253.733818473294377 ], [ 424377.969529157853685, 7638244.875500085763633 ], [ 424406.20097826916026, 7638232.9505460774526 ], [ 424425.500598517945036, 7638225.872585036791861 ], [ 424445.13842474995181, 7638219.462563347071409 ], [ 424465.080040642409585, 7638213.69331031665206 ], [ 424495.484310628962703, 7638206.180184433236718 ], [ 424516.030379228992388, 7638201.890068296343088 ], [ 424547.227617619093508, 7638196.437645171768963 ], [ 424568.263000581762753, 7638193.390163209289312 ], [ 424600.133491269312799, 7638189.582830833271146 ], [ 424643.137901545851491, 7638185.679358937777579 ], [ 424742.570192826911807, 7638179.02658976521343 ], [ 424776.607560517615639, 7638176.291459794156253 ], [ 424811.06880592321977, 7638172.699936652556062 ], [ 424845.93189091864042, 7638167.873887732625008 ], [ 424881.138045123196207, 7638161.416445468552411 ], [ 424916.450108170742169, 7638152.907900389283895 ], [ 424939.903045966289937, 7638145.879619099199772 ], [ 424951.567621687718201, 7638141.908251956105232 ], [ 424974.70887485484127, 7638132.96512677706778 ], [ 424986.157854710647371, 7638127.958808043971658 ], [ 425008.737011863559019, 7638116.791158372536302 ], [ 425030.716907957103103, 7638104.019937817007303 ], [ 425041.385827001533471, 7638097.064535205252469 ], [ 425062.003583598765545, 7638082.083780876360834 ], [ 425081.596682154457085, 7638065.745097916573286 ], [ 425100.085775482351892, 7638048.12702320329845 ], [ 425117.38855085556861, 7638029.30437657982111 ], [ 425125.568341690173838, 7638019.463909392245114 ], [ 425140.928916884644423, 7637998.968665421009064 ], [ 425148.086470990790986, 7637988.331240594387054 ], [ 425161.295560199941974, 7637966.320035602897406 ], [ 425167.324209620244801, 7637954.959197985939682 ], [ 425178.178089042776264, 7637931.483077911660075 ], [ 425182.948701033368707, 7637919.358546156436205 ], [ 425190.995186492684297, 7637894.367988120764494 ], [ 425195.23381448542932, 7637876.264832181856036 ] ] ] } },
{ "type": "Feature", "properties": { "fid": 309.0, "COMPR_M": 1355.3, "CLASSE": "06 - Acima do limite", "CD_FAZ": "400534", "TALHOES": "1, 3, 4", "FAZ_tAL": "400534001, 400534003, 400534004", "ID_LINHA": 96248 }, "geometry": { "type": "MultiLineString", "coordinates": [ [ [ 424123.280750844278373, 7638531.323444588109851 ], [ 424132.827269723173231, 7638508.656637996435165 ], [ 424141.525738121476024, 7638489.446154149249196 ], [ 424155.465301712858491, 7638461.152953967452049 ], [ 424165.391944588220213, 7638442.664190852083266 ], [ 424175.838180793623906, 7638424.557761490345001 ], [ 424186.826480403193273, 7638406.914432661607862 ], [ 424198.383451231522486, 7638389.80467201769352 ], [ 424210.535098677093629, 7638373.296243716962636 ], [ 424223.307479505834635, 7638357.453535115346313 ], [ 424236.74564869311871, 7638342.314664786681533 ], [ 424250.926872034498956, 7638327.828397981822491 ], [ 424265.82715517032193, 7638314.000167103484273 ], [ 424281.395399442582857, 7638300.861220562830567 ], [ 424297.579238272854127, 7638288.44248496927321 ], [ 424314.325174633180723, 7638276.774381746537983 ], [ 424331.578717818832956, 7638265.886675273999572 ], [ 424349.290438564494252, 7638255.80492072366178 ], [ 424367.462106683698948, 7638246.511713663116097 ], [ 424386.082806007005274, 7638237.970016401261091 ], [ 424414.773283056623768, 7638226.50975145213306 ], [ 424434.348414063046221, 7638219.733748970553279 ], [ 424454.2396515776054, 7638213.617650683969259 ], [ 424474.412079921981785, 7638208.133375210687518 ], [ 424505.118761582823936, 7638201.029121051542461 ], [ 424546.764406993403099, 7638193.473571754992008 ], [ 424567.8640699799289, 7638190.416766457259655 ], [ 424599.817243642290123, 7638186.599520100280643 ], [ 424642.905885725631379, 7638182.688332170248032 ], [ 424742.354634833114687, 7638176.034336399286985 ], [ 424776.336464752501342, 7638173.303710308857262 ], [ 424810.712089061271399, 7638169.721172271296382 ], [ 424845.4602801410947, 7638164.911108554340899 ], [ 424880.521053241332993, 7638158.48044871725142 ], [ 424915.655383588862605, 7638150.014885263517499 ], [ 424938.971872405323666, 7638143.027542792260647 ], [ 424950.562986641423777, 7638139.081186635419726 ], [ 424973.547439803543966, 7638130.198717176914215 ], [ 424984.913456777809188, 7638125.228675791993737 ], [ 425007.318919176468626, 7638114.147001194767654 ], [ 425029.121471308171749, 7638101.478833867236972 ], [ 425039.704930254956707, 7638094.579145373776555 ], [ 425060.159709231578745, 7638079.716793434694409 ], [ 425079.59981312637683, 7638063.505683265626431 ], [ 425097.945292040763889, 7638046.02445537224412 ], [ 425115.113428244774695, 7638027.348281046375632 ], [ 425123.229205640323926, 7638017.584823427721858 ], [ 425138.468404264887795, 7637997.251550700515509 ], [ 425152.306770161783788, 7637975.901527531445026 ], [ 425164.648910053656437, 7637953.600638264790177 ], [ 425170.235323577537201, 7637942.091596025973558 ], [ 425180.134236833604518, 7637918.318033995106816 ], [ 425184.377661002799869, 7637906.064337090589106 ], [ 425188.100571451766882, 7637893.576824717223644 ], [ 425192.446974799095187, 7637874.895032829605043 ] ] ] } },
{ "type": "Feature", "properties": { "fid": 310.0, "COMPR_M": 1363.37, "CLASSE": "06 - Acima do limite", "CD_FAZ": "400534", "TALHOES": "1, 3, 4", "FAZ_tAL": "400534001, 400534003, 400534004", "ID_LINHA": 96249 }, "geometry": { "type": "MultiLineString", "coordinates": [ [ [ 424121.650261648697779, 7638527.350306975655258 ], [ 424134.386614699149504, 7638497.779921466484666 ], [ 424143.349469065316953, 7638478.636557968333364 ], [ 424162.770185328146908, 7638441.205800498835742 ], [ 424173.264587661775295, 7638423.0159254912287 ], [ 424184.309016326558776, 7638405.282517643645406 ], [ 424195.931079873116687, 7638388.076437077485025 ], [ 424208.157827468996402, 7638371.466033556498587 ], [ 424221.016355975181796, 7638355.516521221026778 ], [ 424234.551288953516632, 7638340.268661299720407 ], [ 424256.249394060694613, 7638318.630979374051094 ], [ 424271.595991320558824, 7638305.049804585054517 ], [ 424287.587234958657064, 7638292.179728906601667 ], [ 424304.170164736337028, 7638280.051143741235137 ], [ 424321.2908343662275, 7638268.693897817283869 ], [ 424338.894633119460195, 7638258.137053349986672 ], [ 424356.951891669887118, 7638248.391566270962358 ], [ 424375.467663229967002, 7638239.42164390720427 ], [ 424404.029341910267249, 7638227.357043329626322 ], [ 424423.537798615521751, 7638220.202458698302507 ], [ 424443.374918389017694, 7638213.727353724651039 ], [ 424463.505856758449227, 7638207.903299718163908 ], [ 424494.174835000361782, 7638200.324662202969193 ], [ 424514.884085277619306, 7638196.00044921040535 ], [ 424546.301196366839577, 7638190.509498338215053 ], [ 424567.4651393777458, 7638187.443369705229998 ], [ 424599.5009960164316, 7638183.616209367290139 ], [ 424642.673869905993342, 7638179.697305400855839 ], [ 424742.139076839084737, 7638173.042083039879799 ], [ 424776.065368988085538, 7638170.315960822626948 ], [ 424810.355372199090198, 7638166.742407888174057 ], [ 424844.988669363548979, 7638161.948329375125468 ], [ 424879.904061362030916, 7638155.544451962225139 ], [ 424914.860659005469643, 7638147.121870135888457 ], [ 424949.558351597457658, 7638136.254121316596866 ], [ 424972.386004753760062, 7638127.432307578623295 ], [ 424983.669058845727704, 7638122.498543543741107 ], [ 425005.900826488854364, 7638111.502844022586942 ], [ 425027.526034659007564, 7638098.93772991746664 ], [ 425038.024033509485889, 7638092.093755541369319 ], [ 425058.315834865148645, 7638077.349805995821953 ], [ 425077.602944097598083, 7638061.26626861281693 ], [ 425095.80480860103853, 7638043.921887545846403 ], [ 425112.83830563473748, 7638025.392185516655445 ], [ 425120.890069589077029, 7638015.70573746599257 ], [ 425136.007891647692304, 7637995.534435980953276 ], [ 425149.734036249807104, 7637974.357583293691278 ], [ 425161.973610489803832, 7637952.242078544571996 ], [ 425167.511848974914756, 7637940.832285767421126 ], [ 425177.319772633491084, 7637917.277521831914783 ], [ 425181.521408785774838, 7637905.144495806656778 ], [ 425188.334780780947767, 7637880.211186327971518 ], [ 425191.54781910328893, 7637862.781579781323671 ] ] ] } },
{ "type": "Feature", "properties": { "fid": 311.0, "COMPR_M": 1359.75, "CLASSE": "06 - Acima do limite", "CD_FAZ": "400534", "TALHOES": "1, 3, 4", "FAZ_tAL": "400534001, 400534003, 400534004", "ID_LINHA": 96250 }, "geometry": { "type": "MultiLineString", "coordinates": [ [ [ 424120.035923730232753, 7638523.416526412591338 ], [ 424131.653671202249825, 7638496.542435567826033 ], [ 424140.649368963262532, 7638477.328942522406578 ], [ 424160.148426068015397, 7638439.747410143725574 ], [ 424170.690994530974422, 7638421.474089494906366 ], [ 424181.791552250389941, 7638403.650602622888982 ], [ 424193.478708516340703, 7638386.348202142864466 ], [ 424205.780556260200683, 7638369.635823396965861 ], [ 424218.725232443946879, 7638353.579507333226502 ], [ 424232.356929213972762, 7638338.222657815553248 ], [ 424254.208494656835683, 7638316.431888847611845 ], [ 424269.660955674364232, 7638302.75701866298914 ], [ 424285.76078170305118, 7638289.79954650439322 ], [ 424302.455001239373814, 7638277.589560454711318 ], [ 424319.689732579106931, 7638266.156647669151425 ], [ 424337.410480687336531, 7638255.52966929320246 ], [ 424355.585815789410844, 7638245.72044017072767 ], [ 424374.216730265703518, 7638236.694715821184218 ], [ 424402.943523732363246, 7638224.560291958041489 ], [ 424422.556398664135486, 7638217.367395529523492 ], [ 424442.493165210646112, 7638210.859748912043869 ], [ 424462.718764815595932, 7638205.008294416591525 ], [ 424493.520097185391933, 7638197.396901087835431 ], [ 424514.310938301379792, 7638193.055639665573835 ], [ 424545.837985740217846, 7638187.545424917712808 ], [ 424567.06620877655223, 7638184.469972952269018 ], [ 424599.184748390398454, 7638180.632898634299636 ], [ 424642.44185408676276, 7638176.706278631463647 ], [ 424741.923518846742809, 7638170.049829676747322 ], [ 424775.794273222447373, 7638167.328211339190602 ], [ 424809.998655338655226, 7638163.763643508777022 ], [ 424844.517058586061466, 7638158.985550193116069 ], [ 424879.287069480051287, 7638152.608455209061503 ], [ 424914.065934425219893, 7638144.228855008259416 ], [ 424948.553716551105026, 7638133.427055994048715 ], [ 424971.224569703510497, 7638124.665897980332375 ], [ 424982.424660912947729, 7638119.768411293625832 ], [ 425004.482733802578878, 7638108.858686844818294 ], [ 425025.93059801182244, 7638096.396625969558954 ], [ 425036.34313676255988, 7638089.608365707099438 ], [ 425056.471960497554392, 7638074.982818555086851 ], [ 425075.606075069401413, 7638059.026853961870074 ], [ 425093.664325160672888, 7638041.81931971386075 ], [ 425110.563183024816681, 7638023.43608998414129 ], [ 425118.550933537771925, 7638013.826651504263282 ], [ 425133.547379028517753, 7637993.817321261391044 ], [ 425147.161302337772213, 7637972.813639055937529 ], [ 425159.298310924670659, 7637950.883518826216459 ], [ 425164.788374372990802, 7637939.572975510731339 ], [ 425174.505308434832841, 7637916.237009670585394 ], [ 425178.665156568458769, 7637904.224654519930482 ], [ 425185.406096013146453, 7637879.556946216151118 ], [ 425188.599050489836372, 7637862.213018735870719 ] ] ] } },
{ "type": "Feature", "properties": { "fid": 312.0, "COMPR_M": 1355.61, "CLASSE": "06 - Acima do limite", "CD_FAZ": "400534", "TALHOES": "1, 3, 4", "FAZ_tAL": "400534001, 400534003, 400534004", "ID_LINHA": 96251 }, "geometry": { "type": "MultiLineString", "coordinates": [ [ [ 424118.423906744574197, 7638519.48840144649148 ], [ 424128.920727704942692, 7638495.304949667304754 ], [ 424137.949268861499149, 7638476.021327076479793 ], [ 424147.475556020683143, 7638457.009526661597192 ], [ 424157.526666807185393, 7638438.289019787684083 ], [ 424168.117401399184018, 7638419.932253499515355 ], [ 424179.274088172824122, 7638402.018687602132559 ], [ 424191.026337155839428, 7638384.619967202655971 ], [ 424203.403285052103456, 7638367.805613236501813 ], [ 424216.434108914108947, 7638351.64249343983829 ], [ 424230.162569474428892, 7638336.176654329523444 ], [ 424252.167595251929015, 7638314.232798317447305 ], [ 424267.725920025608502, 7638300.464232742786407 ], [ 424283.934328447154257, 7638287.419364100322127 ], [ 424300.739837742527016, 7638275.127977164462209 ], [ 424318.088630794081837, 7638263.619397518225014 ], [ 424335.926328254688997, 7638252.922285236418247 ], [ 424354.219739909400232, 7638243.049314070492983 ], [ 424372.965797300508711, 7638233.96778773330152 ], [ 424401.857705552421976, 7638221.763540581800044 ], [ 424421.574998711585067, 7638214.532332358881831 ], [ 424441.6114120305283, 7638207.992144102230668 ], [ 424461.931672872160561, 7638202.113289113156497 ], [ 424492.865359370596707, 7638194.469139972701669 ], [ 424513.737791325489525, 7638190.110830120742321 ], [ 424545.374775114003569, 7638184.581351501867175 ], [ 424566.667278175009415, 7638181.496576199308038 ], [ 424598.868500763550401, 7638177.649587903171778 ], [ 424642.209838267357554, 7638173.715251866728067 ], [ 424741.707960853527766, 7638167.0575763117522 ], [ 424775.523177456867415, 7638164.340461852028966 ], [ 424809.641938477288932, 7638160.784879127517343 ], [ 424844.045447808108293, 7638156.022771012037992 ], [ 424878.670077598653734, 7638149.67245845682919 ], [ 424913.271209842176177, 7638141.335839880630374 ], [ 424947.549081505043432, 7638130.599990669637918 ], [ 424970.063134652737062, 7638121.899488382041454 ], [ 424981.180262980924454, 7638117.038279045373201 ], [ 425003.064641115721315, 7638106.214529671706259 ], [ 425024.335161364462692, 7638093.8555220188573 ], [ 425034.662240015401039, 7638087.122975876554847 ], [ 425054.628086130134761, 7638072.615831117145717 ], [ 425073.609206040448043, 7638056.787439310923219 ], [ 425091.523841720132623, 7638039.716751886531711 ], [ 425108.288060415186919, 7638021.479994450695813 ], [ 425116.211797488329466, 7638011.947565540671349 ], [ 425131.086866410565563, 7637992.100206540897489 ], [ 425144.588568425504491, 7637971.269694816321135 ], [ 425156.623011359595694, 7637949.524959105998278 ], [ 425162.064899770601187, 7637938.313665254041553 ], [ 425171.690844234370161, 7637915.19649751111865 ], [ 425175.808904349571094, 7637903.304813232272863 ], [ 425182.477411244239192, 7637878.902706105262041 ], [ 425185.575780042563565, 7637862.154048623517156 ] ] ] } },
{ "type": "Feature", "properties": { "fid": 313.0, "COMPR_M": 1351.48, "CLASSE": "06 - Acima do limite", "CD_FAZ": "400534", "TALHOES": "1, 3, 4", "FAZ_tAL": "400534001, 400534003, 400534004", "ID_LINHA": 96252 }, "geometry": { "type": "MultiLineString", "coordinates": [ [ [ 424116.81188976042904, 7638515.560276474803686 ], [ 424126.187784207286313, 7638494.067463768646121 ], [ 424139.966060905135237, 7638465.136802770197392 ], [ 424149.791388041223399, 7638446.190659590065479 ], [ 424160.154557719477452, 7638427.560517174191773 ], [ 424171.076549280958716, 7638409.329482255503535 ], [ 424182.587837428320199, 7638391.571244214661419 ], [ 424194.718770569190383, 7638374.35693587269634 ], [ 424207.499477474892046, 7638357.755516372621059 ], [ 424227.968209734826814, 7638334.13065084349364 ], [ 424242.555731555563398, 7638319.2292883368209 ], [ 424257.873910006543156, 7638305.013183634728193 ], [ 424273.871072700538207, 7638291.512213687412441 ], [ 424290.494641589059029, 7638278.756025591865182 ], [ 424307.69123116217088, 7638266.773905593901873 ], [ 424325.406746138934977, 7638255.594670625403523 ], [ 424343.59071233792929, 7638245.244085622951388 ], [ 424362.229934035101905, 7638235.711679230444133 ], [ 424381.303532411751803, 7638226.962144894525409 ], [ 424410.641185738844797, 7638215.243068748153746 ], [ 424430.624550443666521, 7638208.325689200311899 ], [ 424450.904498089337721, 7638202.090011650696397 ], [ 424471.445364692015573, 7638196.505514794960618 ], [ 424502.665861533547286, 7638189.282196012325585 ], [ 424544.911564485053532, 7638181.617278086952865 ], [ 424566.268347573757637, 7638178.523179448209703 ], [ 424598.552253137284424, 7638174.666277169249952 ], [ 424641.977822446497157, 7638170.72422509547323 ], [ 424741.492402858100832, 7638164.065322950482368 ], [ 424775.25208169198595, 7638161.35271236859262 ], [ 424809.285221616330091, 7638157.806114747188985 ], [ 424843.573837030155119, 7638153.059991830959916 ], [ 424878.053085718536749, 7638146.736461702734232 ], [ 424912.476485260820482, 7638138.442824754863977 ], [ 424946.544446459389292, 7638127.772925348952413 ], [ 424968.901699601497967, 7638119.133078784681857 ], [ 424979.935865046980325, 7638114.308146794326603 ], [ 425001.646548429096583, 7638103.570372495800257 ], [ 425022.739724713726901, 7638091.314418071880937 ], [ 425032.981343268125784, 7638084.637586042284966 ], [ 425052.784211763588246, 7638070.248843677341938 ], [ 425071.61233701207675, 7638054.548024656251073 ], [ 425089.383358279592358, 7638037.614184055477381 ], [ 425106.012937805615366, 7638019.523898920044303 ], [ 425113.872661436791532, 7638010.068479577079415 ], [ 425128.626353792613372, 7637990.383091822266579 ], [ 425142.015834513877053, 7637969.725750580430031 ], [ 425153.947711793996859, 7637948.166399387642741 ], [ 425159.341425167571288, 7637937.054354998283088 ], [ 425168.876380034838803, 7637914.155985347926617 ], [ 425172.952652130450588, 7637902.384971948340535 ], [ 425179.548726475564763, 7637878.248465994372964 ], [ 425182.552509597851895, 7637862.095078505575657 ] ] ] } },
{ "type": "Feature", "properties": { "fid": 314.0, "COMPR_M": 1347.35, "CLASSE": "06 - Acima do limite", "CD_FAZ": "400534", "TALHOES": "1, 3, 4", "FAZ_tAL": "400534001, 400534003, 400534004", "ID_LINHA": 96253 }, "geometry": { "type": "MultiLineString", "coordinates": [ [ [ 424115.205748465028591, 7638511.646469252184033 ], [ 424127.940705073648132, 7638483.085631418041885 ], [ 424137.283869693172164, 7638463.792826134711504 ], [ 424147.148191228334326, 7638444.771509552374482 ], [ 424157.555946100386791, 7638426.061251476407051 ], [ 424168.529964199929964, 7638407.743415345437825 ], [ 424180.101734567899257, 7638389.89191784337163 ], [ 424192.302632591454312, 7638372.57837475836277 ], [ 424205.163835972547531, 7638355.8724455665797 ], [ 424225.773849995282944, 7638332.084647357463837 ], [ 424240.462946436135098, 7638317.079510921612382 ], [ 424255.88559871702455, 7638302.766437763348222 ], [ 424271.989991016627755, 7638289.174961967393756 ], [ 424288.723492418997921, 7638276.334410747513175 ], [ 424306.032745293923654, 7638264.273786555975676 ], [ 424323.863753218494821, 7638253.021669462323189 ], [ 424342.165780782292131, 7638242.60387684777379 ], [ 424360.921890872530639, 7638233.011670622974634 ], [ 424380.108714012720156, 7638224.210177018307149 ], [ 424409.608161410724279, 7638212.426398072391748 ], [ 424429.69358453922905, 7638205.473674258217216 ], [ 424450.070709717576392, 7638199.208101892843843 ], [ 424470.703685886459425, 7638193.598549691028893 ], [ 424502.052636520762462, 7638186.345464752987027 ], [ 424544.448353859246708, 7638178.653204671107233 ], [ 424565.869416972156614, 7638175.549782695248723 ], [ 424598.236005510785617, 7638171.682966435328126 ], [ 424641.745806626742706, 7638167.73319832701236 ], [ 424741.276844866399188, 7638161.073069587349892 ], [ 424774.980985926522408, 7638158.364962879568338 ], [ 424808.92850475513842, 7638154.827350366860628 ], [ 424843.102226252900437, 7638150.097212652675807 ], [ 424877.436093835043721, 7638143.800464950501919 ], [ 424911.681760679348372, 7638135.549809627234936 ], [ 424945.539811413909774, 7638124.945860028266907 ], [ 424967.740264550491702, 7638116.366669185459614 ], [ 424978.691467113734689, 7638111.578014543280005 ], [ 425000.228455739852507, 7638100.926215317100286 ], [ 425021.144288066134322, 7638088.77331412397325 ], [ 425031.300446520675905, 7638082.152196209877729 ], [ 425050.940337396517862, 7638067.881856236606836 ], [ 425069.615467983006965, 7638052.308610007166862 ], [ 425087.242874837596901, 7638035.511616227217019 ], [ 425103.737815195519943, 7638017.56780338473618 ], [ 425111.533525386475958, 7638008.189393610693514 ], [ 425126.165841174544767, 7637988.665977101773024 ], [ 425139.443100601434708, 7637968.181806340813637 ], [ 425151.272412229795009, 7637946.807839668355882 ], [ 425156.61795056599658, 7637935.795044738799334 ], [ 425166.061915835482068, 7637913.115473186597228 ], [ 425170.09639991435688, 7637901.465130660682917 ], [ 425176.620041706424672, 7637877.594225881621242 ], [ 425179.529251912783366, 7637862.036021091043949 ] ] ] } },
{ "type": "Feature", "properties": { "fid": 315.0, "COMPR_M": 1343.25, "CLASSE": "06 - Acima do limite", "CD_FAZ": "400534", "TALHOES": "1, 3, 4", "FAZ_tAL": "400534001, 400534003, 400534004", "ID_LINHA": 96254 }, "geometry": { "type": "MultiLineString", "coordinates": [ [ [ 424113.612245819764212, 7638507.763459589332342 ], [ 424125.223698464222252, 7638481.813526872545481 ], [ 424134.601678481849376, 7638462.448849496431649 ], [ 424144.504994416492991, 7638443.352359517477453 ], [ 424154.957334482751321, 7638424.561985783278942 ], [ 424165.983379118144512, 7638406.157348437234759 ], [ 424177.615631708409637, 7638388.212591476738453 ], [ 424189.886494610807858, 7638370.799813646823168 ], [ 424202.828194467059802, 7638353.989374762400985 ], [ 424223.579490255680867, 7638330.038643872365355 ], [ 424238.370161316590384, 7638314.929733511991799 ], [ 424253.897287426225375, 7638300.519691895693541 ], [ 424270.108909330854658, 7638286.837710250169039 ], [ 424286.95234324777266, 7638273.912795903161168 ], [ 424304.374259426083881, 7638261.773667518049479 ], [ 424322.320760297705419, 7638250.448668299242854 ], [ 424340.740849226247519, 7638239.963668070733547 ], [ 424359.613847709959373, 7638230.311662014573812 ], [ 424378.913895614910871, 7638221.458209143951535 ], [ 424398.600251014926471, 7638213.373286464251578 ], [ 424418.630798858765047, 7638206.027142850682139 ], [ 424438.966152490465902, 7638199.389329664409161 ], [ 424459.570397045637947, 7638193.428273214027286 ], [ 424490.901145929354243, 7638185.685856625437737 ], [ 424512.018350399448536, 7638181.276401487179101 ], [ 424543.98514323332347, 7638175.689131253398955 ], [ 424565.470486370788421, 7638172.576385943219066 ], [ 424597.919757884868886, 7638168.699655703268945 ], [ 424641.5137908080942, 7638164.742171559482813 ], [ 424741.061286873125937, 7638158.08081622608006 ], [ 424774.709890159138013, 7638155.377213396131992 ], [ 424808.57178789365571, 7638151.848585987463593 ], [ 424842.630615475121886, 7638147.134433474391699 ], [ 424876.819101954810321, 7638140.864468198269606 ], [ 424910.887036095606163, 7638132.656794501468539 ], [ 424944.535176367498934, 7638122.118794705718756 ], [ 424966.578829501522705, 7638113.600259587168694 ], [ 424977.447069181827828, 7638108.847882292233407 ], [ 424998.810363054682966, 7638098.282058143988252 ], [ 425019.548851418483537, 7638086.232210174202919 ], [ 425029.619549775670748, 7638079.666806375607848 ], [ 425049.096463029563893, 7638065.51486879773438 ], [ 425067.618598954519257, 7638050.069195354357362 ], [ 425085.102391398278996, 7638033.409048395231366 ], [ 425101.462692585540935, 7638015.611707856878638 ], [ 425109.194389335461892, 7638006.310307651758194 ], [ 425123.705328555137385, 7637986.948862382210791 ], [ 425136.870366689458024, 7637966.63786210399121 ], [ 425148.597112664370798, 7637945.449279947206378 ], [ 425153.894475963898003, 7637934.535734482109547 ], [ 425163.247451634379104, 7637912.074961025267839 ], [ 425167.240147696051281, 7637900.545289373956621 ], [ 425173.69135693757562, 7637876.939985770732164 ], [ 425176.506049057061318, 7637861.976588661782444 ] ] ] } },
{ "type": "Feature", "properties": { "fid": 316.0, "COMPR_M": 1339.15, "CLASSE": "06 - Acima do limite", "CD_FAZ": "400534", "TALHOES": "1, 3, 4", "FAZ_tAL": "400534001, 400534003, 400534004", "ID_LINHA": 96255 }, "geometry": { "type": "MultiLineString", "coordinates": [ [ [ 424112.018743173219264, 7638503.880449926480651 ], [ 424122.506691853341181, 7638480.541422325186431 ], [ 424131.919487270410173, 7638461.104872860014439 ], [ 424141.861797603662126, 7638441.933209482580423 ], [ 424152.358722864068113, 7638423.062720086425543 ], [ 424163.43679403688293, 7638404.571281526237726 ], [ 424175.129528847755864, 7638386.533265106379986 ], [ 424187.47035663126735, 7638369.021252536214888 ], [ 424200.492552963027265, 7638352.106303959153593 ], [ 424221.385130515438505, 7638327.992640388198197 ], [ 424236.277376195183024, 7638312.779956099577248 ], [ 424251.90897613496054, 7638298.272946029901505 ], [ 424268.227827644499484, 7638284.500458529219031 ], [ 424285.181194077304099, 7638271.491181059740484 ], [ 424302.71577355847694, 7638259.273548481985927 ], [ 424320.777767377207056, 7638247.875667135231197 ], [ 424339.315917670552153, 7638237.323459297418594 ], [ 424358.305804548086599, 7638227.611653408035636 ], [ 424377.719077216926962, 7638218.706241266801953 ], [ 424397.514432836032938, 7638210.5765350908041 ], [ 424417.649398907436989, 7638203.192079680040479 ], [ 424438.084399310755543, 7638196.521724851801991 ], [ 424458.783305101911537, 7638190.533267911523581 ], [ 424490.246408114035148, 7638182.758095511235297 ], [ 424511.445203423441853, 7638178.331591941416264 ], [ 424543.521932606585324, 7638172.725057836622 ], [ 424565.071555768488906, 7638169.602989189326763 ], [ 424597.603510258137248, 7638165.71634497307241 ], [ 424641.28177498804871, 7638161.751144790090621 ], [ 424740.845728879619855, 7638155.088562862947583 ], [ 424774.438794395711739, 7638152.389463908970356 ], [ 424808.215071031998377, 7638148.869821605272591 ], [ 424842.159004698041826, 7638144.171654293313622 ], [ 424876.202110073936637, 7638137.928471443243325 ], [ 424910.092311514366884, 7638129.763779371976852 ], [ 424943.53054132143734, 7638119.291729383170605 ], [ 424965.417394450865686, 7638110.833849987015128 ], [ 424976.202671249338891, 7638106.117750042118132 ], [ 424997.392270366952289, 7638095.637900969013572 ], [ 425017.953414770017844, 7638083.691106226295233 ], [ 425027.938653027871624, 7638077.181416545063257 ], [ 425047.252588661503978, 7638063.147881356999278 ], [ 425065.621729926671833, 7638047.829780701547861 ], [ 425082.961907958087977, 7638031.306480567902327 ], [ 425099.187569975736551, 7638013.655612328089774 ], [ 425106.85525328561198, 7638004.431221686303616 ], [ 425121.244815936312079, 7637985.231747664511204 ], [ 425134.297632778063416, 7637965.093917865306139 ], [ 425145.921813099645078, 7637944.090720226988196 ], [ 425151.171001361857634, 7637933.27642422541976 ], [ 425160.432987435429823, 7637911.034448864869773 ], [ 425164.383895476756152, 7637899.625448088161647 ], [ 425170.762672168260906, 7637876.285745659843087 ], [ 425173.482944948074874, 7637861.916480801999569 ] ] ] } },
{ "type": "Feature", "properties": { "fid": 317.0, "COMPR_M": 1335.05, "CLASSE": "06 - Acima do limite", "CD_FAZ": "400534", "TALHOES": "1, 3, 4", "FAZ_tAL": "400534001, 400534003, 400534004", "ID_LINHA": 96256 }, "geometry": { "type": "MultiLineString", "coordinates": [ [ [ 424110.425240528886206, 7638499.997440265491605 ], [ 424129.23729605821427, 7638459.760896226391196 ], [ 424139.218600791878998, 7638440.514059445820749 ], [ 424149.760111247422174, 7638421.563454391434789 ], [ 424160.890208954922855, 7638402.985214615240693 ], [ 424172.643425987451337, 7638384.853938736952841 ], [ 424185.054218651494011, 7638367.242691425606608 ], [ 424198.156911458529066, 7638350.223233154043555 ], [ 424219.190770775196142, 7638325.946636902168393 ], [ 424234.184591076278593, 7638310.630178689956665 ], [ 424249.920664845150895, 7638296.026200161315501 ], [ 424266.346745960239787, 7638282.163206811994314 ], [ 424283.410044906893745, 7638269.069566218182445 ], [ 424301.057287690637168, 7638256.773429443128407 ], [ 424319.234774457057938, 7638245.302665970288217 ], [ 424337.890986113809049, 7638234.683250524103642 ], [ 424356.997761386097409, 7638224.911644799634814 ], [ 424376.524258816905785, 7638215.954273391515017 ], [ 424396.428614657139406, 7638207.779783718287945 ], [ 424416.66799895564327, 7638200.357016513124108 ], [ 424437.202646130695939, 7638193.654120042920113 ], [ 424457.996213160222396, 7638187.638262611813843 ], [ 424489.591670300927944, 7638179.830334395170212 ], [ 424510.872056447668001, 7638175.386782398447394 ], [ 424543.058721979672555, 7638169.760984420776367 ], [ 424564.672625165781938, 7638166.629592438228428 ], [ 424597.28726263117278, 7638162.733034240081906 ], [ 424641.049759169691242, 7638158.760118024423718 ], [ 424740.630170885822736, 7638152.096309503540397 ], [ 424774.167698630422819, 7638149.401714423671365 ], [ 424807.858354170690291, 7638145.891057223081589 ], [ 424841.687393919739407, 7638141.208875112235546 ], [ 424875.585118190967478, 7638134.992474691942334 ], [ 424909.297586932952981, 7638126.870764246210456 ], [ 424942.525906275666784, 7638116.464664060622454 ], [ 424964.255959401023574, 7638108.06744038965553 ], [ 424974.958273317606654, 7638103.387617792934179 ], [ 424995.974177680036519, 7638092.993743792176247 ], [ 425016.357978122134227, 7638081.150002276524901 ], [ 425026.257756282575428, 7638074.696026713587344 ], [ 425045.408714296179824, 7638060.780893915332854 ], [ 425063.624860898067709, 7638045.590366050601006 ], [ 425080.821424517896958, 7638029.203912736847997 ], [ 425096.912447365466505, 7638011.699516791850328 ], [ 425104.516117235063575, 7638002.552135722711682 ], [ 425118.784303317428567, 7637983.514632945880294 ], [ 425131.72489886591211, 7637963.54997362755239 ], [ 425143.246513533056714, 7637942.73216050863266 ], [ 425148.447526758653112, 7637932.017113966867328 ], [ 425157.618523235432804, 7637909.993936700746417 ], [ 425161.52764325926546, 7637898.705606802366674 ], [ 425167.833987399819307, 7637875.631505550816655 ], [ 425170.459973774035461, 7637861.855463669635355 ] ] ] } },
{ "type": "Feature", "properties": { "fid": 318.0, "COMPR_M": 1330.98, "CLASSE": "06 - Acima do limite", "CD_FAZ": "400534", "TALHOES": "1, 3, 4", "FAZ_tAL": "400534001, 400534003, 400534004", "ID_LINHA": 96257 }, "geometry": { "type": "MultiLineString", "coordinates": [ [ [ 424108.843537998385727, 7638496.143184844404459 ], [ 424121.748668250744231, 7638468.175634395331144 ], [ 424131.496064637380186, 7638448.722672054544091 ], [ 424141.796111249364913, 7638429.538677657954395 ], [ 424152.675842611584812, 7638410.681237520650029 ], [ 424164.169303715636488, 7638392.227197483181953 ], [ 424176.312109009828418, 7638374.250557570718229 ], [ 424195.821269954787567, 7638348.340162351727486 ], [ 424216.996411036292557, 7638323.900633415207267 ], [ 424232.091805957374163, 7638308.480401281267405 ], [ 424247.932353554177098, 7638293.779454292729497 ], [ 424264.465664274757728, 7638279.825955092906952 ], [ 424281.638895735377446, 7638266.647951370105147 ], [ 424299.398801822448149, 7638254.273310406133533 ], [ 424317.691781536559574, 7638242.729664808139205 ], [ 424336.466054557356983, 7638232.043041750788689 ], [ 424355.689718222129159, 7638222.211636193096638 ], [ 424375.32944041932933, 7638213.20230551622808 ], [ 424395.342796477489173, 7638204.983032343909144 ], [ 424415.686599005304743, 7638197.521953340619802 ], [ 424436.320892950170673, 7638190.786515228450298 ], [ 424457.209121217310894, 7638184.743257310241461 ], [ 424488.936932484735735, 7638176.902573279105127 ], [ 424510.298909472301602, 7638172.441972855478525 ], [ 424542.595511351304594, 7638166.796911002136767 ], [ 424564.273694566101767, 7638163.656195685267448 ], [ 424596.971015005430672, 7638159.749723508022726 ], [ 424640.817743350518867, 7638155.769091255962849 ], [ 424740.414612891850993, 7638149.10405614040792 ], [ 424773.896602864493616, 7638146.413964938372374 ], [ 424807.501637308509089, 7638142.912292841821909 ], [ 424841.215783141553402, 7638138.246095929294825 ], [ 424874.968126311257947, 7638132.056477941572666 ], [ 424908.502862351946533, 7638123.977749119512737 ], [ 424941.521271229546983, 7638113.637598738074303 ], [ 424963.094524348736741, 7638105.301030792295933 ], [ 424973.713875385175925, 7638100.657485542818904 ], [ 424994.556084993237164, 7638090.349586616270244 ], [ 425014.762541473493911, 7638078.608898329548538 ], [ 425024.576859535067342, 7638072.21063687838614 ], [ 425043.564839928410947, 7638058.413906478323042 ], [ 425061.627991868066601, 7638043.350951400585473 ], [ 425078.680941076308955, 7638027.101344905793667 ], [ 425094.637324755953159, 7638009.743421262130141 ], [ 425102.176981184398755, 7638000.673049760051072 ], [ 425116.323790699825622, 7637981.797518225386739 ], [ 425129.152164952945895, 7637962.006029391661286 ], [ 425140.571213969844393, 7637941.373600788414478 ], [ 425145.724052157485858, 7637930.757803710177541 ], [ 425154.8040590363089, 7637908.953424538485706 ], [ 425158.671391042124014, 7637897.785765516571701 ], [ 425164.905302630970255, 7637874.977265436202288 ], [ 425167.437188167416025, 7637861.793177253566682 ] ] ] } },
{ "type": "Feature", "properties": { "fid": 319.0, "COMPR_M": 1326.92, "CLASSE": "06 - Acima do limite", "CD_FAZ": "400534", "TALHOES": "1, 3, 4", "FAZ_tAL": "400534001, 400534003, 400534004", "ID_LINHA": 96258 }, "geometry": { "type": "MultiLineString", "coordinates": [ [ [ 424107.268545020138845, 7638492.305279104039073 ], [ 424119.048568149388302, 7638466.868018947541714 ], [ 424128.832816073729191, 7638447.341529620811343 ], [ 424139.174351989349816, 7638428.080287303775549 ], [ 424150.102249478804879, 7638409.139401523396373 ], [ 424161.651839638478123, 7638390.595282463356853 ], [ 424173.859737651713658, 7638372.522322630509734 ], [ 424186.762386590009555, 7638354.994142115116119 ], [ 424200.396244198433124, 7638338.083396205678582 ], [ 424222.303761526069138, 7638314.00360618904233 ], [ 424237.881299425789621, 7638298.839164616540074 ], [ 424254.180670486297458, 7638284.414731292054057 ], [ 424279.867746564559639, 7638264.226336527615786 ], [ 424297.740315955248661, 7638251.773191368207335 ], [ 424316.148788615711965, 7638240.156663646921515 ], [ 424335.041123001195956, 7638229.402832973748446 ], [ 424354.381675060198177, 7638219.511627584695816 ], [ 424374.134622020297684, 7638210.450337639078498 ], [ 424394.256978298537433, 7638202.186280968599021 ], [ 424414.705199053743854, 7638194.686890171840787 ], [ 424435.43913977133343, 7638187.918910418637097 ], [ 424456.422029275156092, 7638181.848252009600401 ], [ 424488.282194671337493, 7638173.974812164902687 ], [ 424509.725762496469542, 7638169.497163310647011 ], [ 424542.132300726079848, 7638163.832837589085102 ], [ 424563.874763963976875, 7638160.682798933237791 ], [ 424596.654767379572149, 7638156.766412775032222 ], [ 424640.585727530531585, 7638152.778064486570656 ], [ 424740.199054898985196, 7638146.111802776344121 ], [ 424773.62550709862262, 7638143.426215453073382 ], [ 424807.144920448074117, 7638139.933528460562229 ], [ 424840.744172364065889, 7638135.283316751942039 ], [ 424874.351134429569356, 7638129.120481185615063 ], [ 424907.708137769484892, 7638121.084733991883695 ], [ 424940.516636184416711, 7638110.810533417388797 ], [ 424961.933089299243875, 7638102.534621192142367 ], [ 424972.469477452163119, 7638097.927353294566274 ], [ 424993.13799230515724, 7638087.705429442226887 ], [ 425013.167104825377464, 7638076.067794380709529 ], [ 425022.895962788083125, 7638069.725247045978904 ], [ 425041.720965560758486, 7638056.046919038519263 ], [ 425059.631122840684839, 7638041.111536745913327 ], [ 425076.540457636700012, 7638024.998777076601982 ], [ 425092.362202145974152, 7638007.787325730547309 ], [ 425099.837845133035444, 7637998.793963799253106 ], [ 425113.863278082222678, 7637980.080403503030539 ], [ 425126.579431041842327, 7637960.462085152044892 ], [ 425137.895914404769428, 7637940.015041070990264 ], [ 425143.000577554397751, 7637929.498493452556431 ], [ 425151.989594836020842, 7637907.91291237808764 ], [ 425155.815138824051246, 7637896.865924227982759 ], [ 425161.976617861713748, 7637874.323025326244533 ], [ 425164.41462948161643, 7637861.729338711127639 ] ] ] } },
{ "type": "Feature", "properties": { "fid": 320.0, "COMPR_M": 1322.86, "CLASSE": "06 - Acima do limite", "CD_FAZ": "400534", "TALHOES": "1, 3, 4", "FAZ_tAL": "400534001, 400534003, 400534004", "ID_LINHA": 96259 }, "geometry": { "type": "MultiLineString", "coordinates": [ [ [ 424105.693552042241208, 7638488.467373363673687 ], [ 424116.348468048265204, 7638465.560403499752283 ], [ 424126.169567509554327, 7638445.960387184284627 ], [ 424136.552592729334719, 7638426.621896946802735 ], [ 424147.528656347712968, 7638407.597565527074039 ], [ 424159.134375561843626, 7638388.963367442600429 ], [ 424171.407366293831728, 7638370.794087693095207 ], [ 424184.38511538063176, 7638353.163931955583394 ], [ 424198.105120666790754, 7638336.146382313221693 ], [ 424220.159813914448023, 7638311.904843155294657 ], [ 424235.840400020417292, 7638296.640074091032147 ], [ 424252.245634837308899, 7638282.121945369057357 ], [ 424278.096597394440323, 7638261.804721682332456 ], [ 424296.081830086419359, 7638249.273072328418493 ], [ 424314.605795695912093, 7638237.583662481978536 ], [ 424333.616191444569267, 7638226.762624198570848 ], [ 424353.073631898208987, 7638216.811618976294994 ], [ 424372.939803621091414, 7638207.698369762860239 ], [ 424393.171160119469278, 7638199.389529597014189 ], [ 424413.72379910107702, 7638191.851827003061771 ], [ 424434.557386591390241, 7638185.05130560696125 ], [ 424455.634937333699781, 7638178.953246707096696 ], [ 424487.627456858172081, 7638171.047051049768925 ], [ 424509.152615520986728, 7638166.552353766746819 ], [ 424541.669090099399909, 7638160.868764170445502 ], [ 424563.475833362201229, 7638157.709402180276811 ], [ 424596.338519752840512, 7638153.783102042041719 ], [ 424640.35371171036968, 7638149.787037717178464 ], [ 424739.98349690582836, 7638143.119549413211644 ], [ 424773.354411333508324, 7638140.438465965911746 ], [ 424806.788203587348107, 7638136.954764081165195 ], [ 424840.2725615859963, 7638132.320537570863962 ], [ 424873.734142549103126, 7638126.184484431520104 ], [ 424906.913413187488914, 7638118.191718863323331 ], [ 424939.512001137598418, 7638107.983468094840646 ], [ 424960.77165424922714, 7638099.768211596645415 ], [ 424971.225079519208521, 7638095.197221044450998 ], [ 424991.719899619231001, 7638085.061272267252207 ], [ 425011.571668176504318, 7638073.526690430939198 ], [ 425021.215066042204853, 7638067.239857213571668 ], [ 425039.877091194037348, 7638053.679931596852839 ], [ 425057.634253811906092, 7638038.872122097760439 ], [ 425074.399974196276162, 7638022.896209246478975 ], [ 425090.08707953611156, 7638005.831230198964477 ], [ 425097.498709082836285, 7637996.914877831935883 ], [ 425111.40276546322275, 7637978.363288786262274 ], [ 425124.00669712992385, 7637958.918140912428498 ], [ 425135.220614838413894, 7637938.65648134984076 ], [ 425140.277102952764835, 7637928.239183195866644 ], [ 425149.175130635965616, 7637906.872400215826929 ], [ 425152.958886607084423, 7637895.946082942187786 ], [ 425159.047933092690073, 7637873.668785214424133 ], [ 425161.39232545736013, 7637861.663758287206292 ] ] ] } },
{ "type": "Feature", "properties": { "fid": 321.0, "COMPR_M": 1318.8, "CLASSE": "06 - Acima do limite", "CD_FAZ": "400534", "TALHOES": "1, 3, 4", "FAZ_tAL": "400534001, 400534003, 400534004", "ID_LINHA": 96260 }, "geometry": { "type": "MultiLineString", "coordinates": [ [ [ 424104.118559064227156, 7638484.629467621445656 ], [ 424113.648367946152575, 7638464.252788053825498 ], [ 424123.506318946252577, 7638444.579244751483202 ], [ 424133.930833469261415, 7638425.163506592623889 ], [ 424144.955063217727002, 7638406.05572953261435 ], [ 424156.616911485732999, 7638387.331452422775328 ], [ 424168.954994935542345, 7638369.065852752886713 ], [ 424182.007844171137549, 7638351.333721794188023 ], [ 424195.813997135963291, 7638334.209368421696126 ], [ 424218.015866306959651, 7638309.806080124340951 ], [ 424233.799500616732985, 7638294.440983559936285 ], [ 424250.310599190357607, 7638279.829159451648593 ], [ 424276.325448222574778, 7638259.383106837980449 ], [ 424294.42334421799751, 7638246.772953293286264 ], [ 424313.062802775064483, 7638235.010661318898201 ], [ 424332.191259888350032, 7638224.122415425255895 ], [ 424351.765588736860082, 7638214.111610367894173 ], [ 424371.744985222467221, 7638204.946401886641979 ], [ 424392.08534193894593, 7638196.592778222635388 ], [ 424412.742399151087739, 7638189.016763832420111 ], [ 424433.675633411097806, 7638182.183700794354081 ], [ 424454.847845389798749, 7638176.058241406455636 ], [ 424486.972719043900725, 7638168.119289932772517 ], [ 424508.579468545154668, 7638163.607544221915305 ], [ 424541.205879471963271, 7638157.904690751805902 ], [ 424563.076902761415113, 7638154.736005427315831 ], [ 424596.02227212669095, 7638150.799791309982538 ], [ 424640.121695892012212, 7638146.796010948717594 ], [ 424739.767938912496902, 7638140.127296051010489 ], [ 424773.083315567753743, 7638137.4507164824754 ], [ 424806.431486725690775, 7638133.975999700836837 ], [ 424839.800950808625203, 7638129.357758391648531 ], [ 424873.117150667938404, 7638123.248487679287791 ], [ 424906.11868860461982, 7638115.298703735694289 ], [ 424938.507366092409939, 7638105.15640277415514 ], [ 424959.610219198802952, 7638097.001801996491849 ], [ 424969.980681587650906, 7638092.467088794335723 ], [ 424990.301806931383908, 7638082.417115090414882 ], [ 425009.976231528853532, 7638070.985586481168866 ], [ 425019.534169295569882, 7638064.754467379301786 ], [ 425038.033216826035641, 7638051.312944162636995 ], [ 425055.637384783069137, 7638036.632707443088293 ], [ 425072.259490755794104, 7638020.793641418218613 ], [ 425087.811956926423591, 7638003.875134667381644 ], [ 425095.159573031880427, 7637995.035791869275272 ], [ 425108.942252844804898, 7637976.646174065768719 ], [ 425121.433963217248674, 7637957.374196676537395 ], [ 425132.54531527479412, 7637937.297921629622579 ], [ 425137.553628349269275, 7637926.979872938245535 ], [ 425146.360666436725296, 7637905.83188805449754 ], [ 425150.10263438714901, 7637895.026241656392813 ], [ 425156.11924832384102, 7637873.014545104466379 ], [ 425158.370337292319164, 7637861.596017397940159 ] ] ] } },
{ "type": "Feature", "properties": { "fid": 322.0, "COMPR_M": 1314.74, "CLASSE": "06 - Acima do limite", "CD_FAZ": "400534", "TALHOES": "1, 3, 4", "FAZ_tAL": "400534001, 400534003, 400534004", "ID_LINHA": 96261 }, "geometry": { "type": "MultiLineString", "coordinates": [ [ [ 424102.569895316672046, 7638480.804337004199624 ], [ 424115.826340001309291, 7638453.041013041511178 ], [ 424126.002616729179863, 7638433.418309265747666 ], [ 424136.767053157265764, 7638414.067125912755728 ], [ 424148.15728354541352, 7638395.054880066774786 ], [ 424160.21291168872267, 7638376.457306887954473 ], [ 424172.973528751113918, 7638358.349885867908597 ], [ 424193.522873605252244, 7638332.272354531101882 ], [ 424215.871918697259389, 7638307.707317093387246 ], [ 424231.75860121275764, 7638292.241893033497036 ], [ 424248.375563542125747, 7638277.536373528651893 ], [ 424274.554299052746501, 7638256.961491994559765 ], [ 424292.764858351205476, 7638244.272834254428744 ], [ 424311.51980985456612, 7638232.437660156749189 ], [ 424330.766328331665136, 7638221.482206651940942 ], [ 424350.457545574870892, 7638211.411601762287319 ], [ 424370.550166822969913, 7638202.194434011355042 ], [ 424390.999523760401644, 7638193.796026850119233 ], [ 424411.760999200050719, 7638186.181700660847127 ], [ 424432.793880231736694, 7638179.316095983609557 ], [ 424454.060753448517062, 7638173.163236107677221 ], [ 424486.317981229163706, 7638165.191528817638755 ], [ 424508.006321569671854, 7638160.662734678015113 ], [ 424540.742668846272863, 7638154.940617336891592 ], [ 424562.677972159639467, 7638151.762608675286174 ], [ 424595.70602450100705, 7638147.816480576992035 ], [ 424639.889680072141346, 7638143.80498418211937 ], [ 424739.552380918816198, 7638137.135042687878013 ], [ 424772.812219802755862, 7638134.462966997176409 ], [ 424806.074769863218535, 7638130.99723532050848 ], [ 424839.32934002939146, 7638126.394979208707809 ], [ 424872.500158785376698, 7638120.312490927986801 ], [ 424905.323964023496956, 7638112.405688608065248 ], [ 424937.502731046872213, 7638102.329337452538311 ], [ 424958.448784146574326, 7638094.235392400063574 ], [ 424968.736283654172439, 7638089.736956544220448 ], [ 424988.883714245632291, 7638079.772957913577557 ], [ 425008.380794880446047, 7638068.44448253698647 ], [ 425017.853272548760287, 7638062.26907754689455 ], [ 425036.189342458965257, 7638048.945956717245281 ], [ 425053.640515755512752, 7638034.393292788416147 ], [ 425070.119007314555347, 7638018.691073587164283 ], [ 425085.536834316211753, 7638001.919039135798812 ], [ 425092.820436982205138, 7637993.156705906614661 ], [ 425106.481740225746762, 7637974.929059347137809 ], [ 425118.861229305737652, 7637955.830252438783646 ], [ 425129.870015709311701, 7637935.939361909404397 ], [ 425134.830153748509474, 7637925.720562681555748 ], [ 425143.546202237717807, 7637904.791375892236829 ], [ 425147.246382170938887, 7637894.106400370597839 ], [ 425153.190563555224799, 7637872.360304993577302 ], [ 425155.338322919677012, 7637861.525604035705328 ] ] ] } },
{ "type": "Feature", "properties": { "fid": 325.0, "COMPR_M": 630.17, "CLASSE": "04 - Longa", "CD_FAZ": "400534", "TALHOES": "2", "FAZ_tAL": "400534002", "ID_LINHA": 96262 }, "geometry": { "type": "MultiLineString", "coordinates": [ [ [ 424063.157541499880608, 7638382.680774438194931 ], [ 424071.941137353889644, 7638366.693117931485176 ], [ 424082.238545388914645, 7638346.4533676430583 ], [ 424096.436271134298295, 7638315.482901068404317 ], [ 424105.080496271373704, 7638294.480662487447262 ], [ 424113.075288461870514, 7638273.234004259109497 ], [ 424123.834141592611559, 7638240.950554030016065 ], [ 424130.167374045820907, 7638219.17571590654552 ], [ 424135.815430581453256, 7638197.21731374412775 ], [ 424142.977110135776456, 7638163.970152288675308 ], [ 424148.531074957340024, 7638130.399020821787417 ], [ 424151.324770653503947, 7638107.867865307256579 ], [ 424153.390579277009238, 7638085.245764867402613 ], [ 424155.128028237028047, 7638051.201284354552627 ], [ 424155.381167743937112, 7638028.470205353572965 ], [ 424154.912059025664348, 7638005.742888431996107 ], [ 424153.722313185164239, 7637983.046392727643251 ], [ 424151.813541319861542, 7637960.407777384854853 ], [ 424147.605734006094281, 7637926.617571925744414 ], [ 424143.906633315840736, 7637904.241041455417871 ], [ 424139.495610377402045, 7637882.009294392541051 ], [ 424131.551398174196947, 7637848.97287898696959 ], [ 424122.023815885884687, 7637816.364398162811995 ], [ 424114.798904248629697, 7637794.893350980244577 ], [ 424107.235903604188934, 7637774.575062155723572 ] ] ] } },
{ "type": "Feature", "properties": { "fid": 328.0, "COMPR_M": 126.01, "CLASSE": "02 - Curta", "CD_FAZ": "400534", "TALHOES": "2", "FAZ_tAL": "400534002", "ID_LINHA": 96263 }, "geometry": { "type": "MultiLineString", "coordinates": [ [ [ 423891.030891419446561, 7637955.989158982411027 ], [ 423887.25841464655241, 7637936.274202726781368 ], [ 423884.011279548052698, 7637922.276952104642987 ], [ 423876.193292328331154, 7637894.695056800730526 ], [ 423866.587411663320381, 7637867.59902935475111 ], [ 423861.104554555669893, 7637854.207228116691113 ], [ 423852.984268515952863, 7637836.334189789369702 ] ] ] } },
{ "type": "Feature", "properties": { "fid": 329.0, "COMPR_M": 139.21, "CLASSE": "02 - Curta", "CD_FAZ": "400534", "TALHOES": "2", "FAZ_tAL": "400534002", "ID_LINHA": 96264 }, "geometry": { "type": "MultiLineString", "coordinates": [ [ [ 423895.938689715985674, 7637968.154858423396945 ], [ 423893.01134666998405, 7637949.85602038167417 ], [ 423890.191405294986907, 7637935.643215419724584 ], [ 423886.922496595652774, 7637921.552109597250819 ], [ 423881.185129121062346, 7637900.671165457926691 ], [ 423874.446048945304938, 7637880.0971874371171 ], [ 423869.381576148385648, 7637866.506684646010399 ], [ 423863.86258045246359, 7637853.026610289700329 ], [ 423855.887397568032611, 7637835.453417615965009 ] ] ] } },
{ "type": "Feature", "properties": { "fid": 330.0, "COMPR_M": 151.16, "CLASSE": "02 - Curta", "CD_FAZ": "400534", "TALHOES": "2", "FAZ_tAL": "400534002", "ID_LINHA": 96265 }, "geometry": { "type": "MultiLineString", "coordinates": [ [ [ 423900.36722858203575, 7637979.132545271888375 ], [ 423898.346435027546249, 7637963.73711996525526 ], [ 423894.600447581207845, 7637942.151328061707318 ], [ 423891.535337179200724, 7637927.903677113354206 ], [ 423886.094566885498352, 7637906.777170020155609 ], [ 423879.649660344002768, 7637885.971863090991974 ], [ 423874.782215758576058, 7637872.241598321124911 ], [ 423866.620606353040785, 7637851.845992461778224 ], [ 423858.790526619530283, 7637834.572645448148251 ] ] ] } },
{ "type": "Feature", "properties": { "fid": 331.0, "COMPR_M": 162.12, "CLASSE": "02 - Curta", "CD_FAZ": "400534", "TALHOES": "2", "FAZ_tAL": "400534002", "ID_LINHA": 96266 }, "geometry": { "type": "MultiLineString", "coordinates": [ [ [ 423904.408086551818997, 7637989.149229040369391 ], [ 423902.341080228099599, 7637970.593418078497052 ], [ 423898.914765179739334, 7637948.782726760953665 ], [ 423896.057386590866372, 7637934.381240805611014 ], [ 423890.919156584539451, 7637913.013008983805776 ], [ 423884.768775708973408, 7637891.962591964751482 ], [ 423877.593470302235801, 7637871.194018376991153 ], [ 423869.378632252628449, 7637850.665374633856118 ], [ 423861.693655669863801, 7637833.691873280331492 ] ] ] } },
{ "type": "Feature", "properties": { "fid": 332.0, "COMPR_M": 172.4, "CLASSE": "02 - Curta", "CD_FAZ": "400534", "TALHOES": "2", "FAZ_tAL": "400534002", "ID_LINHA": 96267 }, "geometry": { "type": "MultiLineString", "coordinates": [ [ [ 423908.187721387017518, 7637998.518379649147391 ], [ 423906.233260149194393, 7637977.572254919447005 ], [ 423903.131640827283263, 7637955.536133121699095 ], [ 423898.990377238311339, 7637933.75025350227952 ], [ 423893.818340218043886, 7637912.241441152989864 ], [ 423887.627270168624818, 7637891.051770355552435 ], [ 423880.404724845429882, 7637870.146438431926072 ], [ 423872.136658151342999, 7637849.484756806865335 ], [ 423864.596784722351003, 7637832.811101110652089 ] ] ] } },
{ "type": "Feature", "properties": { "fid": 333.0, "COMPR_M": 182.12, "CLASSE": "02 - Curta", "CD_FAZ": "400534", "TALHOES": "2", "FAZ_tAL": "400534002", "ID_LINHA": 96268 }, "geometry": { "type": "MultiLineString", "coordinates": [ [ [ 423911.742493646219373, 7638007.330129494890571 ], [ 423910.020089938247111, 7637984.670079309493303 ], [ 423907.248552847886458, 7637962.411421819590032 ], [ 423903.428642565442715, 7637940.399706861004233 ], [ 423898.567364793387242, 7637918.652739558368921 ], [ 423892.676413543289527, 7637897.212878121994436 ], [ 423885.756771548243705, 7637876.087595132179558 ], [ 423877.784225820098072, 7637855.205027706921101 ], [ 423867.499913774314336, 7637831.930328940972686 ] ] ] } },
{ "type": "Feature", "properties": { "fid": 334.0, "COMPR_M": 191.32, "CLASSE": "02 - Curta", "CD_FAZ": "400534", "TALHOES": "2", "FAZ_tAL": "400534002", "ID_LINHA": 96269 }, "geometry": { "type": "MultiLineString", "coordinates": [ [ [ 423915.097088760521729, 7638015.645670080557466 ], [ 423913.698740856605582, 7637991.883042919449508 ], [ 423911.26323472202057, 7637969.410069290548563 ], [ 423907.769892942684237, 7637947.172786327078938 ], [ 423901.478581842326093, 7637917.927897049114108 ], [ 423895.549234647362027, 7637896.348306288942695 ], [ 423888.584452199691441, 7637875.085197055712342 ], [ 423880.56064476352185, 7637854.068336691707373 ], [ 423870.403042824473232, 7637831.049556771293283 ] ] ] } },
{ "type": "Feature", "properties": { "fid": 335.0, "COMPR_M": 200.15, "CLASSE": "02 - Curta", "CD_FAZ": "400534", "TALHOES": "2", "FAZ_tAL": "400534002", "ID_LINHA": 96270 }, "geometry": { "type": "MultiLineString", "coordinates": [ [ [ 423918.299996558693238, 7638023.585200447589159 ], [ 423917.266477924538776, 7637999.207303911447525 ], [ 423915.173141756269615, 7637976.531268673017621 ], [ 423912.011411727755331, 7637954.068189652636647 ], [ 423906.147766705136746, 7637924.513779161497951 ], [ 423898.42205575434491, 7637895.483734454028308 ], [ 423891.412132850498892, 7637874.082798981107771 ], [ 423883.337063707935158, 7637852.931645672768354 ], [ 423873.306171877367888, 7637830.168784601613879 ] ] ] } },
{ "type": "Feature", "properties": { "fid": 336.0, "COMPR_M": 208.64, "CLASSE": "02 - Curta", "CD_FAZ": "400534", "TALHOES": "2", "FAZ_tAL": "400534002", "ID_LINHA": 96271 }, "geometry": { "type": "MultiLineString", "coordinates": [ [ [ 423921.371295888267923, 7638031.198493068106472 ], [ 423920.720655525045004, 7638006.639032708480954 ], [ 423918.153102292737458, 7637976.184273257851601 ], [ 423914.971335363341495, 7637953.578875163570046 ], [ 423909.070252610428724, 7637923.835799571126699 ], [ 423901.294876860280056, 7637894.6191626181826 ], [ 423894.239813501480967, 7637873.080400904640555 ], [ 423886.113482651417144, 7637851.794954657554626 ], [ 423876.20930092909839, 7637829.288012431003153 ] ] ] } },
{ "type": "Feature", "properties": { "fid": 337.0, "COMPR_M": 216.85, "CLASSE": "02 - Curta", "CD_FAZ": "400534", "TALHOES": "2", "FAZ_tAL": "400534002", "ID_LINHA": 96272 }, "geometry": { "type": "MultiLineString", "coordinates": [ [ [ 423924.327889020496514, 7638038.527446138672531 ], [ 423924.058712812722661, 7638014.174417389556766 ], [ 423921.960507290088572, 7637983.471940942108631 ], [ 423919.118043275142554, 7637960.64382429420948 ], [ 423913.655330478330143, 7637930.595316968858242 ], [ 423906.299263026448898, 7637901.050140016712248 ], [ 423899.553697160154115, 7637879.274256938137114 ], [ 423888.889901595830452, 7637850.658263640478253 ], [ 423879.112429980305023, 7637828.407240262255073 ] ] ] } },
{ "type": "Feature", "properties": { "fid": 338.0, "COMPR_M": 224.82, "CLASSE": "02 - Curta", "CD_FAZ": "400534", "TALHOES": "2", "FAZ_tAL": "400534002", "ID_LINHA": 96273 }, "geometry": { "type": "MultiLineString", "coordinates": [ [ [ 423927.184121719270479, 7638045.607620680704713 ], [ 423927.278168972581625, 7638021.809668687172234 ], [ 423925.656689053808805, 7637990.874798715114594 ], [ 423922.085415881418157, 7637960.201924910768867 ], [ 423916.588321125716902, 7637929.964329664595425 ], [ 423909.185648190497886, 7637900.231992874294519 ], [ 423902.397130991390441, 7637878.317456062883139 ], [ 423891.666320538613945, 7637849.52157262340188 ], [ 423882.015559032384772, 7637827.526468090713024 ] ] ] } },
{ "type": "Feature", "properties": { "fid": 339.0, "COMPR_M": 232.55, "CLASSE": "02 - Curta", "CD_FAZ": "400534", "TALHOES": "2", "FAZ_tAL": "400534002", "ID_LINHA": 96274 }, "geometry": { "type": "MultiLineString", "coordinates": [ [ [ 423929.946110146061983, 7638052.454177735373378 ], [ 423930.27762456034543, 7638021.747757066041231 ], [ 423928.646176103327889, 7637990.622737664729357 ], [ 423926.133492210006807, 7637967.437821307219565 ], [ 423921.08503253251547, 7637936.896464463323355 ], [ 423914.112625653098803, 7637906.840466333553195 ], [ 423905.240564822393935, 7637877.360655181109905 ], [ 423894.442739483085461, 7637848.384881604462862 ], [ 423884.918688082601875, 7637826.645695922896266 ] ] ] } },
{ "type": "Feature", "properties": { "fid": 340.0, "COMPR_M": 240.07, "CLASSE": "02 - Curta", "CD_FAZ": "400534", "TALHOES": "2", "FAZ_tAL": "400534002", "ID_LINHA": 96275 }, "geometry": { "type": "MultiLineString", "coordinates": [ [ [ 423932.618891820195131, 7638059.07960456609726 ], [ 423933.376678994100075, 7638029.526747057214379 ], [ 423932.232037118752487, 7637998.184461431577802 ], [ 423929.107543708058074, 7637967.043371709994972 ], [ 423924.027764194353949, 7637936.312590729445219 ], [ 423918.945884136133827, 7637913.578841993585229 ], [ 423910.495225848571863, 7637883.765197456814349 ], [ 423900.117385487945285, 7637854.490892862901092 ], [ 423887.821306286670733, 7637825.765078739263117 ] ] ] } },
{ "type": "Feature", "properties": { "fid": 341.0, "COMPR_M": 247.41, "CLASSE": "02 - Curta", "CD_FAZ": "400534", "TALHOES": "2", "FAZ_tAL": "400534002", "ID_LINHA": 96276 }, "geometry": { "type": "MultiLineString", "coordinates": [ [ [ 423935.220956601726357, 7638065.529734777286649 ], [ 423936.351634194259532, 7638037.398163205012679 ], [ 423935.700559982040431, 7638005.853780401870608 ], [ 423933.052904971991666, 7637974.449296176433563 ], [ 423928.431857726478484, 7637943.416258649900556 ], [ 423921.857101186062209, 7637912.853999482467771 ], [ 423913.353720308747143, 7637882.854375846683979 ], [ 423902.911549973476212, 7637853.398548156023026 ], [ 423890.717921228613704, 7637824.886282864958048 ] ] ] } },
{ "type": "Feature", "properties": { "fid": 342.0, "COMPR_M": 254.61, "CLASSE": "02 - Curta", "CD_FAZ": "400534", "TALHOES": "2", "FAZ_tAL": "400534002", "ID_LINHA": 96277 }, "geometry": { "type": "MultiLineString", "coordinates": [ [ [ 423937.760774053633213, 7638071.825563145801425 ], [ 423938.922889794106595, 7638053.27459897659719 ], [ 423939.351543036988005, 7638037.431571459397674 ], [ 423938.696540872799233, 7638005.69672994222492 ], [ 423936.032865507353563, 7637974.102300763130188 ], [ 423931.383566980948672, 7637942.879611840471625 ], [ 423924.76831823552493, 7637912.12915697414428 ], [ 423916.212214768747799, 7637881.943554231896996 ], [ 423905.705714458425064, 7637852.306203447282314 ], [ 423893.614536169567145, 7637824.007486993446946 ] ] ] } },
{ "type": "Feature", "properties": { "fid": 343.0, "COMPR_M": 261.68, "CLASSE": "02 - Curta", "CD_FAZ": "400534", "TALHOES": "2", "FAZ_tAL": "400534002", "ID_LINHA": 96278 }, "geometry": { "type": "MultiLineString", "coordinates": [ [ [ 423940.245748866116628, 7638077.98544480279088 ], [ 423942.199214213702362, 7638045.439469521865249 ], [ 423942.047285244625527, 7638013.517415132373571 ], [ 423939.871133317588829, 7637981.674733391031623 ], [ 423935.690800801326986, 7637950.153673734515905 ], [ 423929.52765394654125, 7637919.089942440390587 ], [ 423921.404624598973896, 7637888.567159782163799 ], [ 423911.328524817770813, 7637858.623059026896954 ], [ 423905.548415258934256, 7637843.838117538020015 ], [ 423896.51115111017134, 7637823.128691121935844 ] ] ] } },
{ "type": "Feature", "properties": { "fid": 344.0, "COMPR_M": 268.58, "CLASSE": "02 - Curta", "CD_FAZ": "400534", "TALHOES": "2", "FAZ_tAL": "400534002", "ID_LINHA": 96279 }, "geometry": { "type": "MultiLineString", "coordinates": [ [ [ 423942.664371447870508, 7638083.980849180370569 ], [ 423944.50945945433341, 7638061.530284153297544 ], [ 423945.198211595066823, 7638045.520621845498681 ], [ 423945.045380649506114, 7638013.407914757728577 ], [ 423942.856237656087615, 7637981.375198801979423 ], [ 423938.650724435516167, 7637949.66435924731195 ], [ 423932.450139851367567, 7637918.411962851881981 ], [ 423924.277445703861304, 7637887.702587949112058 ], [ 423914.139779361139517, 7637857.57547908090055 ], [ 423908.324834203114733, 7637842.701426519080997 ], [ 423899.407766051823273, 7637822.249895252287388 ] ] ] } },
{ "type": "Feature", "properties": { "fid": 345.0, "COMPR_M": 275.36, "CLASSE": "02 - Curta", "CD_FAZ": "400534", "TALHOES": "2", "FAZ_tAL": "400534002", "ID_LINHA": 96280 }, "geometry": { "type": "MultiLineString", "coordinates": [ [ [ 423945.028999064292293, 7638089.842408101074398 ], [ 423946.96584493201226, 7638069.734928710386157 ], [ 423947.914857382827904, 7638053.661481464281678 ], [ 423948.274358093563933, 7638021.376287333667278 ], [ 423946.58309839933645, 7637989.110371354036033 ], [ 423944.972747115825769, 7637973.061314513906837 ], [ 423941.610648069821764, 7637949.175044756382704 ], [ 423935.372625755320769, 7637917.73398326151073 ], [ 423927.150266809621826, 7637886.838016115128994 ], [ 423916.951033903402276, 7637856.527899135835469 ], [ 423911.101253146887757, 7637841.564735503867269 ], [ 423902.304380991787184, 7637821.371099377050996 ] ] ] } },
{ "type": "Feature", "properties": { "fid": 346.0, "COMPR_M": 281.96, "CLASSE": "02 - Curta", "CD_FAZ": "400534", "TALHOES": "2", "FAZ_tAL": "400534002", "ID_LINHA": 96281 }, "geometry": { "type": "MultiLineString", "coordinates": [ [ [ 423947.35556816670578, 7638095.609625641256571 ], [ 423950.499218595738057, 7638061.883963644504547 ], [ 423951.377042947337031, 7638029.441081515513361 ], [ 423950.190708151319996, 7637996.957050453871489 ], [ 423948.826446333085187, 7637980.776129618287086 ], [ 423945.824396737501957, 7637956.666729861870408 ], [ 423940.052246311679482, 7637924.916431214660406 ], [ 423936.413186431163922, 7637909.229786937125027 ], [ 423930.023087916313671, 7637885.973444280214608 ], [ 423919.762288447062019, 7637855.480319190770388 ], [ 423913.877672091068234, 7637840.42804448492825 ], [ 423905.238112354185432, 7637820.573620511218905 ] ] ] } },
{ "type": "Feature", "properties": { "fid": 347.0, "COMPR_M": 288.36, "CLASSE": "02 - Curta", "CD_FAZ": "400534", "TALHOES": "2", "FAZ_tAL": "400534002", "ID_LINHA": 96282 }, "geometry": { "type": "MultiLineString", "coordinates": [ [ [ 423949.634643449797295, 7638101.259113090112805 ], [ 423952.274963450152427, 7638078.286811016499996 ], [ 423953.494098167284392, 7638062.060803389176726 ], [ 423954.377103605133016, 7638029.426803925074637 ], [ 423953.183819989732001, 7637996.752481959760189 ], [ 423951.811550670943689, 7637980.476595027372241 ], [ 423948.791769344650675, 7637956.224830480292439 ], [ 423942.985236959473696, 7637924.285443907603621 ], [ 423939.324403479928151, 7637908.504944426938891 ], [ 423932.895909021317493, 7637885.108872443437576 ], [ 423922.573542990314309, 7637854.432739246636629 ], [ 423916.654091034899466, 7637839.291353467851877 ], [ 423908.212878223683219, 7637819.866042644716799 ] ] ] } },
{ "type": "Feature", "properties": { "fid": 348.0, "COMPR_M": 294.63, "CLASSE": "02 - Curta", "CD_FAZ": "400534", "TALHOES": "2", "FAZ_tAL": "400534002", "ID_LINHA": 96283 }, "geometry": { "type": "MultiLineString", "coordinates": [ [ [ 423951.864482527191285, 7638106.786551339551806 ], [ 423954.454664306889754, 7638086.684928353875875 ], [ 423955.940833382657729, 7638070.40931289177388 ], [ 423956.906824971956667, 7638054.048363951034844 ], [ 423957.377164263976738, 7638029.412526331841946 ], [ 423956.17693182756193, 7637996.547913464717567 ], [ 423954.796655010140967, 7637980.177060433663428 ], [ 423951.759141951333731, 7637955.782931100577116 ], [ 423945.918227607617155, 7637923.654456601478159 ], [ 423942.235620528808795, 7637907.780101915821433 ], [ 423935.76873012795113, 7637884.244300611317158 ], [ 423925.384797533100937, 7637853.38515929877758 ], [ 423919.430509979720227, 7637838.154662451706827 ], [ 423911.187644091667607, 7637819.15846477728337 ] ] ] } },
{ "type": "Feature", "properties": { "fid": 349.0, "COMPR_M": 300.85, "CLASSE": "03 - Média", "CD_FAZ": "400534", "TALHOES": "2", "FAZ_tAL": "400534002", "ID_LINHA": 96284 }, "geometry": { "type": "MultiLineString", "coordinates": [ [ [ 423954.069187640270684, 7638112.251686241477728 ], [ 423958.250294695026241, 7638078.832473134621978 ], [ 423959.483857308223378, 7638062.414482878521085 ], [ 423960.350904935214203, 7638037.665429241023958 ], [ 423959.668407112942077, 7638004.597376711666584 ], [ 423958.541046597121749, 7637988.102127149701118 ], [ 423955.874007186386734, 7637963.493325335904956 ], [ 423950.512349145370536, 7637931.057727131992579 ], [ 423947.062569377594627, 7637915.022064901888371 ], [ 423940.935884981940035, 7637891.232374293729663 ], [ 423936.221675988170318, 7637875.56780294701457 ], [ 423928.196052076062188, 7637852.337579354643822 ], [ 423922.206928922911175, 7637837.017971433699131 ], [ 423914.162409960117657, 7637818.450886907055974 ] ] ] } },
{ "type": "Feature", "properties": { "fid": 350.0, "COMPR_M": 306.96, "CLASSE": "03 - Média", "CD_FAZ": "400534", "TALHOES": "2", "FAZ_tAL": "400534002", "ID_LINHA": 96285 }, "geometry": { "type": "MultiLineString", "coordinates": [ [ [ 423956.225502985995263, 7638117.596870134584606 ], [ 423959.471897161449306, 7638095.519835790619254 ], [ 423961.237960317404941, 7638079.105304194614291 ], [ 423962.478736878954805, 7638062.591322623193264 ], [ 423963.350813778175507, 7638037.698837496340275 ], [ 423962.664388003759086, 7638004.440326251089573 ], [ 423961.530533647688571, 7637987.850066097453237 ], [ 423958.848058682167903, 7637963.09887574147433 ], [ 423953.455080806568731, 7637930.473853396251798 ], [ 423949.985055283061229, 7637914.344085311517119 ], [ 423943.822270143951755, 7637890.414227150380611 ], [ 423939.080170448170975, 7637874.656981336884201 ], [ 423931.007306617859285, 7637851.289999409578741 ], [ 423924.98334786714986, 7637835.881280416622758 ], [ 423917.137175829033367, 7637817.743309039622545 ] ] ] } },
{ "type": "Feature", "properties": { "fid": 351.0, "COMPR_M": 313.0, "CLASSE": "03 - Média", "CD_FAZ": "400534", "TALHOES": "2", "FAZ_tAL": "400534002", "ID_LINHA": 96286 }, "geometry": { "type": "MultiLineString", "coordinates": [ [ [ 423958.3532575359568, 7638122.871256079524755 ], [ 423961.363616429676767, 7638104.098706841468811 ], [ 423963.403305503888987, 7638087.647789125330746 ], [ 423964.915821832080837, 7638071.083697071298957 ], [ 423966.191193258971907, 7638046.088688094168901 ], [ 423966.377346240216866, 7638029.36969356238842 ], [ 423965.660368896089494, 7638004.283275790512562 ], [ 423964.520020696916617, 7637987.598005046136677 ], [ 423961.822110180975869, 7637962.704426144249737 ], [ 423956.39781246765051, 7637929.889979667030275 ], [ 423952.907541187712923, 7637913.666105722077191 ], [ 423946.708655307651497, 7637889.596080007962883 ], [ 423941.938664908055216, 7637873.746159723028541 ], [ 423933.818561161810067, 7637850.242419462651014 ], [ 423927.759766810340807, 7637834.74458940140903 ], [ 423920.111941699055023, 7637817.035731171257794 ] ] ] } },
{ "type": "Feature", "properties": { "fid": 352.0, "COMPR_M": 318.99, "CLASSE": "03 - Média", "CD_FAZ": "400534", "TALHOES": "2", "FAZ_tAL": "400534002", "ID_LINHA": 96287 }, "geometry": { "type": "MultiLineString", "coordinates": [ [ [ 423960.454157901345752, 7638128.079074498265982 ], [ 423964.334528469247743, 7638104.516172143630683 ], [ 423966.386185903626028, 7638087.968742715194821 ], [ 423967.907484649331309, 7638071.308491799980402 ], [ 423969.190190639463253, 7638046.169840415939689 ], [ 423969.030143893091008, 7638012.531911749392748 ], [ 423968.149379183771089, 7637995.729639480821788 ], [ 423965.832470867433585, 7637970.632346604019403 ], [ 423963.628632378997281, 7637954.015333573333919 ], [ 423959.340544128441252, 7637929.306105932220817 ], [ 423955.830027093470562, 7637912.98812613170594 ], [ 423949.59504047036171, 7637888.777932865545154 ], [ 423944.79715936712455, 7637872.835338112898171 ], [ 423936.629815704014618, 7637849.194839516654611 ], [ 423930.536185754579492, 7637833.607898380607367 ], [ 423923.086707567505073, 7637816.328153302893043 ] ] ] } },
{ "type": "Feature", "properties": { "fid": 353.0, "COMPR_M": 324.88, "CLASSE": "03 - Média", "CD_FAZ": "400534", "TALHOES": "2", "FAZ_tAL": "400534002", "ID_LINHA": 96288 }, "geometry": { "type": "MultiLineString", "coordinates": [ [ [ 423962.515434486500453, 7638133.188671493902802 ], [ 423966.073179809201974, 7638113.213688211515546 ], [ 423968.403793047589716, 7638096.627335786819458 ], [ 423970.20095718477387, 7638079.923797372728586 ], [ 423971.89343762001954, 7638054.69316809438169 ], [ 423972.350540306535549, 7638037.799062261357903 ], [ 423972.028239298262633, 7638012.422411371953785 ], [ 423971.142491022357717, 7637995.525070985779166 ], [ 423968.812431403261144, 7637970.285351188853383 ], [ 423966.5960049846326, 7637953.573434188961983 ], [ 423962.283275789173786, 7637928.722232198342681 ], [ 423958.752512998355087, 7637912.310146542266011 ], [ 423952.481425634177867, 7637887.959785720333457 ], [ 423947.655653827998322, 7637871.924516501836479 ], [ 423939.441070247674361, 7637848.147259572520852 ], [ 423926.061473437119275, 7637815.620575436390936 ] ] ] } },
{ "type": "Feature", "properties": { "fid": 354.0, "COMPR_M": 330.75, "CLASSE": "03 - Média", "CD_FAZ": "400534", "TALHOES": "2", "FAZ_tAL": "400534002", "ID_LINHA": 96289 }, "geometry": { "type": "MultiLineString", "coordinates": [ [ [ 423964.564498592750169, 7638138.26799556799233 ], [ 423969.036911715229508, 7638113.679399696178734 ], [ 423971.38109167519724, 7638096.996502449735999 ], [ 423973.188622807443608, 7638080.1966284327209 ], [ 423974.890760149457492, 7638054.822128923609853 ], [ 423975.350449147983454, 7638037.832470517605543 ], [ 423975.02633470389992, 7638012.312910996377468 ], [ 423974.135602861759253, 7637995.320502487011254 ], [ 423971.792391939961817, 7637969.938355774618685 ], [ 423969.563377592363395, 7637953.131534811109304 ], [ 423965.226007450954057, 7637928.138358465395868 ], [ 423961.674998903647065, 7637911.63216695189476 ], [ 423955.367810795665719, 7637887.141638576984406 ], [ 423950.514148287416901, 7637871.013694886118174 ], [ 423942.252324790868443, 7637847.099679626524448 ], [ 423929.036239305220079, 7637814.912997568026185 ] ] ] } },
{ "type": "Feature", "properties": { "fid": 355.0, "COMPR_M": 336.51, "CLASSE": "03 - Média", "CD_FAZ": "400534", "TALHOES": "2", "FAZ_tAL": "400534002", "ID_LINHA": 96290 }, "geometry": { "type": "MultiLineString", "coordinates": [ [ [ 423966.568465292977635, 7638143.235529907979071 ], [ 423970.617053654859774, 7638122.506580844521523 ], [ 423973.247264590521809, 7638105.76856804639101 ], [ 423975.334827101207338, 7638088.931603483855724 ], [ 423977.45313473243732, 7638063.475521345622838 ], [ 423978.187182780937292, 7638046.413297383114696 ], [ 423978.268913981271908, 7638020.757171116769314 ], [ 423977.644292461453006, 7638003.655073946341872 ], [ 423975.692385375732556, 7637978.080318292602897 ], [ 423973.718316171551123, 7637961.126627756282687 ], [ 423969.755787291040178, 7637935.90320329554379 ], [ 423966.449162143864669, 7637919.237545457668602 ], [ 423960.499563791090623, 7637894.495381032116711 ], [ 423953.372642747999635, 7637870.102873275056481 ], [ 423947.965745860827155, 7637854.034837461076677 ], [ 423938.865442585956771, 7637830.197825331240892 ], [ 423932.011005174426828, 7637814.205419702455401 ] ] ] } },
{ "type": "Feature", "properties": { "fid": 356.0, "COMPR_M": 342.27, "CLASSE": "03 - Média", "CD_FAZ": "400534", "TALHOES": "2", "FAZ_tAL": "400534002", "ID_LINHA": 96291 }, "geometry": { "type": "MultiLineString", "coordinates": [ [ [ 423968.568769166944548, 7638148.19398464821279 ], [ 423973.572849709540606, 7638123.020251178182662 ], [ 423976.218176630325615, 7638106.186033349484205 ], [ 423978.317707501584664, 7638089.252557076513767 ], [ 423980.448014303343371, 7638063.652361092157662 ], [ 423981.186180162301753, 7638046.494449703022838 ], [ 423981.268369570316281, 7638020.695259496569633 ], [ 423980.640273352793884, 7638003.498023484833539 ], [ 423978.677489713067189, 7637977.780783700756729 ], [ 423976.692367669311352, 7637960.732178161852062 ], [ 423972.707496545859613, 7637935.36655648611486 ], [ 423969.382152792066336, 7637918.60655815154314 ], [ 423963.398747424769681, 7637893.723813202232122 ], [ 423956.23113720776746, 7637869.192051662132144 ], [ 423950.793426512973383, 7637853.032439384609461 ], [ 423944.824017254752107, 7637837.013377541676164 ], [ 423934.982061923015863, 7637813.498724084347486 ] ] ] } },
{ "type": "Feature", "properties": { "fid": 357.0, "COMPR_M": 347.93, "CLASSE": "03 - Média", "CD_FAZ": "400534", "TALHOES": "2", "FAZ_tAL": "400534002", "ID_LINHA": 96292 }, "geometry": { "type": "MultiLineString", "coordinates": [ [ [ 423970.523664387175813, 7638153.039878107607365 ], [ 423974.990458674612455, 7638131.979955395683646 ], [ 423979.189088671002537, 7638106.603498649783432 ], [ 423981.30058790021576, 7638089.57351066544652 ], [ 423983.442893874365836, 7638063.829200835898519 ], [ 423984.18517754226923, 7638046.57560202293098 ], [ 423984.26782515947707, 7638020.633347873575985 ], [ 423983.636254244251177, 7638003.340973023325205 ], [ 423981.662594051100314, 7637977.481249110773206 ], [ 423979.666419166140258, 7637960.337728563696146 ], [ 423975.659205799631309, 7637934.829909674823284 ], [ 423972.315143439918756, 7637917.975570847280324 ], [ 423966.297931058565155, 7637892.952245369553566 ], [ 423959.089631668641232, 7637868.281230051070452 ], [ 423953.62110716389725, 7637852.030041307210922 ], [ 423947.618181740283035, 7637835.921032832935452 ], [ 423937.947954723087605, 7637812.793256764300168 ] ] ] } },
{ "type": "Feature", "properties": { "fid": 358.0, "COMPR_M": 353.59, "CLASSE": "03 - Média", "CD_FAZ": "400534", "TALHOES": "2", "FAZ_tAL": "400534002", "ID_LINHA": 96293 }, "geometry": { "type": "MultiLineString", "coordinates": [ [ [ 423972.478559607057832, 7638157.885771570727229 ], [ 423977.937592911534011, 7638132.541186917573214 ], [ 423980.891839339223225, 7638115.542245636694133 ], [ 423983.290286189876497, 7638098.473169113509357 ], [ 423985.857461548992433, 7638072.657260160893202 ], [ 423986.880050269304775, 7638055.337972238659859 ], [ 423987.377770852064714, 7638029.269750425592065 ], [ 423987.018716325284913, 7638011.874909493140876 ], [ 423985.446430042618886, 7637985.833577686920762 ], [ 423983.712234083737712, 7637968.550374109297991 ], [ 423980.089655311545357, 7637942.813956391066313 ], [ 423976.99693409568863, 7637925.802863534539938 ], [ 423971.347791019477881, 7637900.531676823273301 ], [ 423964.496941183693707, 7637875.598582269623876 ], [ 423959.265807609248441, 7637859.181438480503857 ], [ 423950.412346225173678, 7637834.828688124194741 ], [ 423940.913847523857839, 7637812.087789446115494 ] ] ] } },
{ "type": "Feature", "properties": { "fid": 359.0, "COMPR_M": 359.16, "CLASSE": "03 - Média", "CD_FAZ": "400534", "TALHOES": "2", "FAZ_tAL": "400534002", "ID_LINHA": 96294 }, "geometry": { "type": "MultiLineString", "coordinates": [ [ [ 423974.391113287827466, 7638162.626706678420305 ], [ 423979.18968705937732, 7638141.629979630932212 ], [ 423983.855571244261228, 7638116.007957119494677 ], [ 423986.267584818357136, 7638098.842335779219866 ], [ 423988.849124365253374, 7638072.882054885849357 ], [ 423989.877372797811404, 7638055.466933066956699 ], [ 423990.377831509860698, 7638029.255472837947309 ], [ 423990.016811731038615, 7638011.765409115701914 ], [ 423988.435917092370801, 7637985.581516636535525 ], [ 423986.692194619274233, 7637968.203378695994616 ], [ 423983.049578944977839, 7637942.324641901999712 ], [ 423979.939665757236071, 7637925.218989800661802 ], [ 423974.259008068707772, 7637899.806834314949811 ], [ 423967.369762288115453, 7637874.73401043843478 ], [ 423962.109241439495236, 7637858.224637603387237 ], [ 423953.206510711461306, 7637833.73634341545403 ], [ 423943.879740323522128, 7637811.382322126068175 ] ] ] } },
{ "type": "Feature", "properties": { "fid": 360.0, "COMPR_M": 364.72, "CLASSE": "03 - Média", "CD_FAZ": "400534", "TALHOES": "2", "FAZ_tAL": "400534002", "ID_LINHA": 96295 }, "geometry": { "type": "MultiLineString", "coordinates": [ [ [ 423976.303144737612456, 7638167.366347252391279 ], [ 423982.127448429644573, 7638142.238365017808974 ], [ 423986.819303150405176, 7638116.473668603226542 ], [ 423989.244883446022868, 7638099.211502445861697 ], [ 423991.840787182096392, 7638073.106849613599479 ], [ 423992.874695328064263, 7638055.595893894322217 ], [ 423993.37789216946112, 7638029.241195246577263 ], [ 423993.014907135860994, 7638011.655908739194274 ], [ 423991.425404142064508, 7637985.329455584287643 ], [ 423989.67215515562566, 7637967.85638327896595 ], [ 423986.009502578526735, 7637941.835327411070466 ], [ 423982.882397418608889, 7637924.635116066783667 ], [ 423977.170225118054077, 7637899.081991807557642 ], [ 423970.242583394167013, 7637873.869438602589071 ], [ 423964.95267527148826, 7637857.267836725339293 ], [ 423956.000675196526572, 7637832.643998708575964 ], [ 423946.845633123244625, 7637810.676854805089533 ] ] ] } },
{ "type": "Feature", "properties": { "fid": 361.0, "COMPR_M": 370.21, "CLASSE": "03 - Média", "CD_FAZ": "400534", "TALHOES": "2", "FAZ_tAL": "400534002", "ID_LINHA": 96296 }, "geometry": { "type": "MultiLineString", "coordinates": [ [ [ 423978.179828194261063, 7638172.018365427851677 ], [ 423983.211186619475484, 7638151.452558215707541 ], [ 423988.351829981955234, 7638125.588602833449841 ], [ 423991.072736830916256, 7638108.273359854705632 ], [ 423994.10228216444375, 7638082.106445851735771 ], [ 423995.422412156593055, 7638064.536559813655913 ], [ 423996.349811046617106, 7638038.066328298300505 ], [ 423996.013002540450543, 7638011.546408363617957 ], [ 423994.414891191758215, 7637985.077394535765052 ], [ 423992.652115691511426, 7637967.509387862868607 ], [ 423988.969426213472616, 7637941.34601292386651 ], [ 423985.825129079748876, 7637924.051242332905531 ], [ 423980.081442166352645, 7637898.357149293646216 ], [ 423973.115404500509612, 7637873.00486676953733 ], [ 423967.796109101967886, 7637856.311035845428705 ], [ 423958.794839682232123, 7637831.55165399890393 ], [ 423949.811525925120804, 7637809.97138748690486 ] ] ] } },
{ "type": "Feature", "properties": { "fid": 362.0, "COMPR_M": 375.69, "CLASSE": "03 - Média", "CD_FAZ": "400534", "TALHOES": "2", "FAZ_tAL": "400534002", "ID_LINHA": 96297 }, "geometry": { "type": "MultiLineString", "coordinates": [ [ [ 423980.051503209630027, 7638176.657968431711197 ], [ 423986.138878312718589, 7638152.107683956623077 ], [ 423991.307626035413705, 7638126.102273166179657 ], [ 423994.04364887077827, 7638108.690825156867504 ], [ 423997.08994778629858, 7638082.379276910796762 ], [ 423998.417291727673728, 7638064.713399559259415 ], [ 423999.349719890509732, 7638038.099736552685499 ], [ 423999.265103103127331, 7638020.323789763264358 ], [ 423998.080497570685111, 7637993.683954520151019 ], [ 423996.588115742255468, 7637975.983576150611043 ], [ 423993.302358447574079, 7637949.596339759416878 ], [ 423988.76786074147094, 7637923.467368599958718 ], [ 423982.992659215989988, 7637897.632306788116693 ], [ 423975.988225605804473, 7637872.140294936485589 ], [ 423970.639542932796758, 7637855.354234967380762 ], [ 423961.589004167995881, 7637830.459309293888509 ], [ 423952.777418725832831, 7637809.265920166857541 ] ] ] } },
{ "type": "Feature", "properties": { "fid": 363.0, "COMPR_M": 381.12, "CLASSE": "03 - Média", "CD_FAZ": "400534", "TALHOES": "2", "FAZ_tAL": "400534002", "ID_LINHA": 96298 }, "geometry": { "type": "MultiLineString", "coordinates": [ [ [ 423981.897901514486875, 7638181.234914235770702 ], [ 423987.051534229714889, 7638161.443502030335367 ], [ 423992.673264091834426, 7638135.347344541922212 ], [ 423997.014560909592547, 7638109.108290457166731 ], [ 423999.197870295261964, 7638091.499232207424939 ], [ 424000.815775630937424, 7638073.781233794987202 ], [ 424002.179161825682968, 7638047.062515949830413 ], [ 424002.264558691880666, 7638020.261878144927323 ], [ 424001.073609409737401, 7637993.479386022314429 ], [ 423999.573220079066232, 7637975.684041559696198 ], [ 423996.269731054315343, 7637949.154440375976264 ], [ 423991.710592401621398, 7637922.883494867011905 ], [ 423985.903876265161671, 7637896.907464276999235 ], [ 423978.861046711332165, 7637871.275723103433847 ], [ 423973.482976764149498, 7637854.397434088401496 ], [ 423964.383168651838787, 7637829.366964586079121 ], [ 423955.743311526020989, 7637808.560452844947577 ] ] ] } },
{ "type": "Feature", "properties": { "fid": 364.0, "COMPR_M": 386.52, "CLASSE": "03 - Média", "CD_FAZ": "400534", "TALHOES": "2", "FAZ_tAL": "400534002", "ID_LINHA": 96299 }, "geometry": { "type": "MultiLineString", "coordinates": [ [ [ 423983.731527772790287, 7638185.78020004183054 ], [ 423989.96847337402869, 7638162.144949316047132 ], [ 423995.620398327358998, 7638135.908576065674424 ], [ 423999.985472951317206, 7638109.525755757465959 ], [ 424002.180750694475137, 7638091.820185796357691 ], [ 424003.807438447605819, 7638074.006028521806002 ], [ 424005.178159207571298, 7638047.143668273463845 ], [ 424005.264014280634001, 7638020.199966521933675 ], [ 424004.066721246868838, 7637993.27481752820313 ], [ 424002.558324417972472, 7637975.384506966918707 ], [ 423999.237103659950662, 7637948.712540994398296 ], [ 423994.653324063576292, 7637922.299621134996414 ], [ 423988.815093313809484, 7637896.182621765881777 ], [ 423981.733867817209102, 7637870.411151265725493 ], [ 423976.326410594512708, 7637853.440633209422231 ], [ 423967.177333138417453, 7637828.274619879201055 ], [ 423958.709204327082261, 7637807.854985527694225 ] ] ] } },
{ "type": "Feature", "properties": { "fid": 365.0, "COMPR_M": 391.89, "CLASSE": "03 - Média", "CD_FAZ": "400534", "TALHOES": "2", "FAZ_tAL": "400534002", "ID_LINHA": 96300 }, "geometry": { "type": "MultiLineString", "coordinates": [ [ [ 423985.552621990558691, 7638190.294420791789889 ], [ 423990.707434698590077, 7638171.598539156839252 ], [ 423996.81625528272707, 7638145.280291942879558 ], [ 424001.637962679262273, 7638118.80222602467984 ], [ 424005.163631093106233, 7638092.141139387153089 ], [ 424006.79910126485629, 7638074.230823248624802 ], [ 424008.177156587364152, 7638047.224820597097278 ], [ 424008.263469868863467, 7638020.138054899871349 ], [ 424007.059833087376319, 7637993.070249032229185 ], [ 424005.543428756820504, 7637975.084972376003861 ], [ 424002.204476267681457, 7637948.270641615614295 ], [ 423997.596055724774487, 7637921.715747402049601 ], [ 423991.726310363330413, 7637895.457779257558286 ], [ 423984.606688922678586, 7637869.546579433605075 ], [ 423979.16984442609828, 7637852.483832329511642 ], [ 423969.971497623657342, 7637827.182275172322989 ], [ 423961.675097127561457, 7637807.149518208578229 ] ] ] } },
{ "type": "Feature", "properties": { "fid": 366.0, "COMPR_M": 397.21, "CLASSE": "03 - Média", "CD_FAZ": "400534", "TALHOES": "2", "FAZ_tAL": "400534002", "ID_LINHA": 96301 }, "geometry": { "type": "MultiLineString", "coordinates": [ [ [ 423987.350327951251529, 7638194.750665545463562 ], [ 423993.612952023511752, 7638172.345884704962373 ], [ 423999.754016652994324, 7638145.888677328824997 ], [ 424004.601694586803205, 7638119.267937509343028 ], [ 424007.108675217838027, 7638101.426502438262105 ], [ 424009.04061027651187, 7638083.470601147040725 ], [ 424010.858630505972542, 7638056.369658865965903 ], [ 424011.378256122057792, 7638029.155529702082276 ], [ 424010.6000822664937, 7638001.927518870681524 ], [ 424008.528533093747683, 7637974.785437786020339 ], [ 424005.17184887570329, 7637947.828742231242359 ], [ 424002.224589092540555, 7637930.000088376924396 ], [ 423996.744829765462782, 7637903.496411873027682 ], [ 423990.004432752088178, 7637877.323872852139175 ], [ 423982.013278256694321, 7637851.527031451463699 ], [ 423972.765662109595723, 7637826.089930463582277 ], [ 423964.640989928157069, 7637806.444050886668265 ] ] ] } },
{ "type": "Feature", "properties": { "fid": 367.0, "COMPR_M": 402.53, "CLASSE": "03 - Média", "CD_FAZ": "400534", "TALHOES": "2", "FAZ_tAL": "400534002", "ID_LINHA": 96302 }, "geometry": { "type": "MultiLineString", "coordinates": [ [ [ 423989.148033911595121, 7638199.20691029727459 ], [ 423996.518469347851351, 7638173.093230253085494 ], [ 424002.691778024192899, 7638146.497062712907791 ], [ 424007.565426493471023, 7638119.733648993074894 ], [ 424010.085973845503759, 7638101.795669103041291 ], [ 424012.028275899763685, 7638083.743432207964361 ], [ 424013.855953035934363, 7638056.498619697988033 ], [ 424014.37831678049406, 7638029.141252111643553 ], [ 424013.596063158009201, 7638001.770468408241868 ], [ 424011.513637432013638, 7637974.485903192311525 ], [ 424008.13922148256097, 7637947.386842850595713 ], [ 424005.176298347418196, 7637929.463441566564143 ], [ 423999.667315670696553, 7637902.818432280793786 ], [ 423992.890817914623767, 7637876.505725709721446 ], [ 423984.856712087756023, 7637850.570230572484434 ], [ 423975.559826595010236, 7637824.997585756704211 ], [ 423967.606882728985511, 7637805.738583568483591 ] ] ] } },
{ "type": "Feature", "properties": { "fid": 368.0, "COMPR_M": 407.79, "CLASSE": "03 - Média", "CD_FAZ": "400534", "TALHOES": "2", "FAZ_tAL": "400534002", "ID_LINHA": 96303 }, "geometry": { "type": "MultiLineString", "coordinates": [ [ [ 423990.914329943014309, 7638203.585294516757131 ], [ 423997.069158486032393, 7638182.706142152659595 ], [ 424003.705028475611471, 7638156.038438402116299 ], [ 424009.042402364197187, 7638129.18429515697062 ], [ 424013.063272475032136, 7638102.164835765957832 ], [ 424015.015941522084177, 7638084.016263267025352 ], [ 424016.853275565605145, 7638056.627580525353551 ], [ 424017.378377439337783, 7638029.126974522136152 ], [ 424016.59204404958291, 7638001.613417949527502 ], [ 424014.498741770337801, 7637974.18636860139668 ], [ 424011.106594088894781, 7637946.944943470880389 ], [ 424008.128007600549608, 7637928.92679475620389 ], [ 424002.589801575697493, 7637902.14045269228518 ], [ 423995.777203076286241, 7637875.687578562647104 ], [ 423987.700145918584894, 7637849.613429693505168 ], [ 423978.353991080366541, 7637823.905241048894823 ], [ 423970.572775529290084, 7637805.03311624750495 ] ] ] } },
{ "type": "Feature", "properties": { "fid": 369.0, "COMPR_M": 413.04, "CLASSE": "03 - Média", "CD_FAZ": "400534", "TALHOES": "2", "FAZ_tAL": "400534002", "ID_LINHA": 96304 }, "geometry": { "type": "MultiLineString", "coordinates": [ [ [ 423992.678082789760083, 7638207.957374571822584 ], [ 423999.962597955134697, 7638183.49895897321403 ], [ 424006.632720171124674, 7638156.693564143031836 ], [ 424011.998198418936227, 7638129.697965487837791 ], [ 424016.040571102523245, 7638102.534002434462309 ], [ 424018.003607144171838, 7638084.289094327017665 ], [ 424019.850598094984889, 7638056.756541356444359 ], [ 424020.378438097890466, 7638029.112696930766106 ], [ 424019.588024940807372, 7638001.456367487087846 ], [ 424017.483846106682904, 7637973.886834009550512 ], [ 424014.073966696858406, 7637946.503044087439775 ], [ 424011.079716856474988, 7637928.390147943049669 ], [ 424005.51228748052381, 7637901.462473101913929 ], [ 423998.663588240277022, 7637874.869431421160698 ], [ 423990.543579749239143, 7637848.65662881359458 ], [ 423981.148155565839261, 7637822.812896342948079 ], [ 423973.538668329652864, 7637804.327648926526308 ] ] ] } },
{ "type": "Feature", "properties": { "fid": 370.0, "COMPR_M": 418.27, "CLASSE": "03 - Média", "CD_FAZ": "400534", "TALHOES": "2", "FAZ_tAL": "400534002", "ID_LINHA": 96305 }, "geometry": { "type": "MultiLineString", "coordinates": [ [ [ 423994.42936213966459, 7638212.298534682020545 ], [ 424000.334060439025052, 7638193.221311986446381 ], [ 424007.470108236942906, 7638166.35363305080682 ], [ 424013.303203745104838, 7638139.27596521191299 ], [ 424017.810945192119107, 7638112.03054756578058 ], [ 424020.078033088881057, 7638093.74590733833611 ], [ 424022.376328294107225, 7638066.128117516636848 ], [ 424023.348990632803179, 7638038.367002588696778 ], [ 424022.995861190021969, 7638010.56090497598052 ], [ 424021.320274635509122, 7637982.808845072053373 ], [ 424018.329088635277003, 7637955.20988380536437 ], [ 424014.031426110537723, 7637927.853501133620739 ], [ 424008.434773385175504, 7637900.784493509680033 ], [ 424001.549973402696196, 7637874.051284275949001 ], [ 423993.387013580242638, 7637847.699827934615314 ], [ 423983.94232004933292, 7637821.720551633276045 ], [ 423976.50456113088876, 7637803.622181609272957 ] ] ] } },
{ "type": "Feature", "properties": { "fid": 371.0, "COMPR_M": 423.45, "CLASSE": "03 - Média", "CD_FAZ": "400534", "TALHOES": "2", "FAZ_tAL": "400534002", "ID_LINHA": 96306 }, "geometry": { "type": "MultiLineString", "coordinates": [ [ [ 423996.160983554902487, 7638216.590965710580349 ], [ 424003.214778850204311, 7638194.059170117601752 ], [ 424010.387047383526806, 7638167.055080337449908 ], [ 424016.250337981327903, 7638139.837196737527847 ], [ 424020.781857231573667, 7638112.44801286701113 ], [ 424023.060913488618098, 7638094.066860928200185 ], [ 424025.371207863325253, 7638066.304957261309028 ], [ 424026.348899475182407, 7638038.400410843081772 ], [ 424025.993956595484633, 7638010.451404601335526 ], [ 424024.309761685726698, 7637982.556784020736814 ], [ 424021.303140132396948, 7637954.815434208139777 ], [ 424016.98313536553178, 7637927.316854322329164 ], [ 424011.357259291573428, 7637900.106513921171427 ], [ 424004.4363585668616, 7637873.233137135393918 ], [ 423996.230447411071509, 7637846.743027056567371 ], [ 423986.736484536202624, 7637820.628206925466657 ], [ 423979.470453929621726, 7637802.916714288294315 ] ] ] } },
{ "type": "Feature", "properties": { "fid": 372.0, "COMPR_M": 428.64, "CLASSE": "03 - Média", "CD_FAZ": "400534", "TALHOES": "2", "FAZ_tAL": "400534002", "ID_LINHA": 96307 }, "geometry": { "type": "MultiLineString", "coordinates": [ [ [ 423997.892604971188121, 7638220.883396737277508 ], [ 424006.095497260335833, 7638194.897028246894479 ], [ 424013.303986526443623, 7638167.756527626886964 ], [ 424019.197472217143513, 7638140.398428259417415 ], [ 424023.752769271959551, 7638112.86547816824168 ], [ 424026.043793886492494, 7638094.387814516201615 ], [ 424028.366087435279042, 7638066.481797007843852 ], [ 424029.348808317794465, 7638038.433819096535444 ], [ 424028.992052000772674, 7638010.341904226690531 ], [ 424027.299248734605499, 7637982.304722970351577 ], [ 424024.277191629982553, 7637954.420984612777829 ], [ 424019.934844620001968, 7637926.780207512900233 ], [ 424014.279745196457952, 7637899.428534332662821 ], [ 424007.322743729397189, 7637872.414989991113544 ], [ 424001.967048567545135, 7637854.618905870243907 ], [ 423992.854906564345583, 7637828.243240604177117 ], [ 423982.43634673114866, 7637802.211246969178319 ] ] ] } },
{ "type": "Feature", "properties": { "fid": 373.0, "COMPR_M": 433.78, "CLASSE": "03 - Média", "CD_FAZ": "400534", "TALHOES": "2", "FAZ_tAL": "400534002", "ID_LINHA": 96308 }, "geometry": { "type": "MultiLineString", "coordinates": [ [ [ 423999.601908767130226, 7638225.120505722239614 ], [ 424006.272112707607448, 7638204.769399303942919 ], [ 424013.951573295053095, 7638177.577303547412157 ], [ 424020.318346248357557, 7638150.147375026717782 ], [ 424025.34781792818103, 7638122.527917901054025 ], [ 424029.026674286520574, 7638094.708768109790981 ], [ 424031.360967006126884, 7638066.658636750653386 ], [ 424032.34871716046473, 7638038.467227351851761 ], [ 424031.990147405769676, 7638010.232403852045536 ], [ 424030.288735785521567, 7637982.05266191624105 ], [ 424027.251243127393536, 7637954.026535012759268 ], [ 424024.488509819610044, 7637935.474239044822752 ], [ 424019.242993808700703, 7637907.879773948341608 ], [ 424012.684869196207728, 7637880.60716006718576 ], [ 424004.825543027371168, 7637853.70808425731957 ], [ 423995.666161107132211, 7637827.195660656318069 ], [ 423985.394967272120994, 7637801.507509427145123 ] ] ] } },
{ "type": "Feature", "properties": { "fid": 374.0, "COMPR_M": 438.91, "CLASSE": "03 - Média", "CD_FAZ": "400534", "TALHOES": "2", "FAZ_tAL": "400534002", "ID_LINHA": 96309 }, "geometry": { "type": "MultiLineString", "coordinates": [ [ [ 424001.303088842018042, 7638229.33747720811516 ], [ 424009.139479266887065, 7638205.651866491883993 ], [ 424016.857090620673262, 7638178.324649097397923 ], [ 424023.256107618508395, 7638150.755760413594544 ], [ 424028.311549833510071, 7638122.993629383854568 ], [ 424032.009554686781485, 7638095.029721696861088 ], [ 424034.355846577091143, 7638066.83547649718821 ], [ 424035.348626002611127, 7638038.500635606236756 ], [ 424034.988242811290547, 7638010.122903473675251 ], [ 424033.278222834342159, 7637981.800600866787136 ], [ 424030.225294626550749, 7637953.632085419259965 ], [ 424027.448433455138002, 7637934.984924558550119 ], [ 424022.175984455272555, 7637907.248786639422178 ], [ 424015.584052829537541, 7637879.835592236369848 ], [ 424007.684037487080786, 7637852.797262646257877 ], [ 423998.47741565015167, 7637826.14808071218431 ], [ 423988.352755496685859, 7637800.803969864733517 ] ] ] } },
{ "type": "Feature", "properties": { "fid": 375.0, "COMPR_M": 444.04, "CLASSE": "03 - Média", "CD_FAZ": "400534", "TALHOES": "2", "FAZ_tAL": "400534002", "ID_LINHA": 96310 }, "geometry": { "type": "MultiLineString", "coordinates": [ [ [ 424003.004268916556612, 7638233.554448695853353 ], [ 424012.006845824653283, 7638206.53433368075639 ], [ 424019.762607944488991, 7638179.071994649246335 ], [ 424026.19386898772791, 7638151.364145797677338 ], [ 424031.275281740003265, 7638123.459340868517756 ], [ 424033.904362871951889, 7638104.749002425931394 ], [ 424036.715729431190994, 7638076.478770518675447 ], [ 424038.167130393791012, 7638048.036343812011182 ], [ 424038.258025757211726, 7638019.51893868111074 ], [ 424036.990951475163456, 7637991.024564072489738 ], [ 424034.371563194552436, 7637962.651452044025064 ], [ 424030.408357089443598, 7637934.495610069483519 ], [ 424025.108975105395075, 7637906.617799335159361 ], [ 424018.483236464264337, 7637879.064024405553937 ], [ 424010.542531947256066, 7637851.886441031470895 ], [ 424001.288670192763675, 7637825.100500767119229 ], [ 423991.31054371962091, 7637800.100430298596621 ] ] ] } },
{ "type": "Feature", "properties": { "fid": 376.0, "COMPR_M": 449.11, "CLASSE": "03 - Média", "CD_FAZ": "400534", "TALHOES": "2", "FAZ_tAL": "400534002", "ID_LINHA": 96311 }, "geometry": { "type": "MultiLineString", "coordinates": [ [ [ 424004.677892139181495, 7638237.70311085972935 ], [ 424011.985212887171656, 7638216.551781438291073 ], [ 424020.216674234892707, 7638189.0486767180264 ], [ 424027.126562027318869, 7638161.279444328509271 ], [ 424032.688770801585633, 7638133.293657811358571 ], [ 424036.881661500781775, 7638105.118169089779258 ], [ 424039.707392248034012, 7638076.703565244562924 ], [ 424041.166127773874905, 7638048.117496132850647 ], [ 424041.257481346023269, 7638019.457027061842382 ], [ 424039.984063314215746, 7637990.819995574653149 ], [ 424037.35152373049641, 7637962.304456626996398 ], [ 424033.368280723807402, 7637934.006295578554273 ], [ 424028.041965752665419, 7637905.986812026239932 ], [ 424021.382420097186696, 7637878.292456575669348 ], [ 424013.401026407955214, 7637850.975619422271848 ], [ 424004.09992473613238, 7637824.052920821122825 ], [ 423994.268331942264922, 7637799.396890734322369 ] ] ] } },
{ "type": "Feature", "properties": { "fid": 377.0, "COMPR_M": 454.18, "CLASSE": "03 - Média", "CD_FAZ": "400534", "TALHOES": "2", "FAZ_tAL": "400534002", "ID_LINHA": 96312 }, "geometry": { "type": "MultiLineString", "coordinates": [ [ [ 424006.35020169254858, 7638241.848516633734107 ], [ 424014.838608756603207, 7638217.478423777036369 ], [ 424023.110113704344258, 7638189.841493539512157 ], [ 424030.054253720038105, 7638161.934570072218776 ], [ 424035.64456685615005, 7638133.807328144088387 ], [ 424039.858960129495244, 7638105.487335759215057 ], [ 424042.69905506412033, 7638076.928359972313046 ], [ 424044.165125154482666, 7638048.198648455552757 ], [ 424044.256936934951227, 7638019.395115439780056 ], [ 424042.977175152045675, 7637990.615427079610527 ], [ 424040.331484266556799, 7637961.9574612127617 ], [ 424036.328204357007053, 7637933.516981087625027 ], [ 424030.974956400925294, 7637905.355824722908437 ], [ 424024.281603729585186, 7637877.520888744853437 ], [ 424016.259520867257379, 7637850.064797811210155 ], [ 424006.911179279792123, 7637823.005340874195099 ], [ 423997.226120163861196, 7637798.693351170048118 ] ] ] } },
{ "type": "Feature", "properties": { "fid": 378.0, "COMPR_M": 459.24, "CLASSE": "03 - Média", "CD_FAZ": "400534", "TALHOES": "2", "FAZ_tAL": "400534002", "ID_LINHA": 96313 }, "geometry": { "type": "MultiLineString", "coordinates": [ [ [ 424008.021234694810119, 7638245.990758026950061 ], [ 424017.692004624928813, 7638218.405066112056375 ], [ 424026.003553172864486, 7638190.63431035913527 ], [ 424032.981945414911024, 7638162.589695811271667 ], [ 424038.600362910539843, 7638134.320998474955559 ], [ 424042.836258758790791, 7638105.856502423062921 ], [ 424045.690717880963348, 7638077.153154699131846 ], [ 424047.16412253503222, 7638048.279800775460899 ], [ 424047.256392523297109, 7638019.333203816786408 ], [ 424045.970286990632303, 7637990.410858582705259 ], [ 424043.311444801569451, 7637961.610465795733035 ], [ 424039.288127991603687, 7637933.027666598558426 ], [ 424033.90794704889413, 7637904.724837417714298 ], [ 424027.180787363438867, 7637876.749320913106203 ], [ 424019.118015327025205, 7637849.153976198285818 ], [ 424009.722433822229505, 7637821.957760928198695 ], [ 424000.183908388542477, 7637797.989811604842544 ] ] ] } },
{ "type": "Feature", "properties": { "fid": 379.0, "COMPR_M": 464.26, "CLASSE": "03 - Média", "CD_FAZ": "400534", "TALHOES": "2", "FAZ_tAL": "400534002", "ID_LINHA": 96314 }, "geometry": { "type": "MultiLineString", "coordinates": [ [ [ 424009.666132033802569, 7638250.068213012069464 ], [ 424020.545400493429042, 7638219.331708449870348 ], [ 424028.896992641733959, 7638191.427127182483673 ], [ 424035.909637109201867, 7638163.244821552187204 ], [ 424041.556158964755014, 7638134.834668807685375 ], [ 424045.813557386689354, 7638106.225669086910784 ], [ 424048.682380697631743, 7638077.377949424088001 ], [ 424050.163119916105643, 7638048.360953097231686 ], [ 424050.25584811164299, 7638019.271292194724083 ], [ 424048.963398829218931, 7637990.206290085799992 ], [ 424046.291405338677578, 7637961.263470381498337 ], [ 424042.248051625618245, 7637932.538352109491825 ], [ 424036.840937697212212, 7637904.093850110657513 ], [ 424030.079970998049248, 7637875.977753082290292 ], [ 424021.976509786618408, 7637848.243154585361481 ], [ 424012.533688365598209, 7637820.910180984064937 ], [ 424003.141696611535735, 7637797.28627203963697 ] ] ] } },
{ "type": "Feature", "properties": { "fid": 380.0, "COMPR_M": 469.27, "CLASSE": "03 - Média", "CD_FAZ": "400534", "TALHOES": "2", "FAZ_tAL": "400534002", "ID_LINHA": 96315 }, "geometry": { "type": "MultiLineString", "coordinates": [ [ [ 424011.311029372736812, 7638254.145667997188866 ], [ 424020.307675831252709, 7638229.532994633540511 ], [ 424029.141244546219241, 7638201.599893294274807 ], [ 424036.639499680139124, 7638173.368105934932828 ], [ 424042.774546105763875, 7638144.888280456885695 ], [ 424047.520065593824256, 7638116.205200579948723 ], [ 424050.867928991909139, 7638087.290235981345177 ], [ 424052.821145922061987, 7638058.175110470503569 ], [ 424053.379105344647542, 7638028.955643434077501 ], [ 424052.543814746080898, 7637999.728812413290143 ], [ 424050.319993826560676, 7637970.591953502036631 ], [ 424046.715065372176468, 7637941.642150892876089 ], [ 424041.737030642107129, 7637912.957641404122114 ], [ 424035.394566098926589, 7637884.585141617804766 ], [ 424027.699005506176036, 7637856.578001921996474 ], [ 424018.657762126415037, 7637828.974885564297438 ], [ 424006.099484834237956, 7637796.582732476294041 ] ] ] } },
{ "type": "Feature", "properties": { "fid": 381.0, "COMPR_M": 474.28, "CLASSE": "03 - Média", "CD_FAZ": "400534", "TALHOES": "2", "FAZ_tAL": "400534002", "ID_LINHA": 96316 }, "geometry": { "type": "MultiLineString", "coordinates": [ [ [ 424012.955797152826563, 7638258.222801831550896 ], [ 424023.146493657899555, 7638230.503377141430974 ], [ 424032.021962957107462, 7638202.437751425430179 ], [ 424039.556438823405188, 7638174.069553222507238 ], [ 424045.721680342801847, 7638145.449511983431876 ], [ 424050.490977633162402, 7638116.622665879316628 ], [ 424053.85559461498633, 7638087.56306704133749 ], [ 424055.818468451849185, 7638058.304071299731731 ], [ 424056.379166003433056, 7638028.9413658445701 ], [ 424055.539795635733753, 7637999.571761952713132 ], [ 424053.305098164069932, 7637970.292418908327818 ], [ 424049.682437977869995, 7637941.200251510366797 ], [ 424044.679762304469477, 7637912.373767672106624 ], [ 424038.305783148331102, 7637883.860299108549953 ], [ 424030.571826612344012, 7637855.713430091738701 ], [ 424021.485442777746357, 7637827.972487486898899 ], [ 424009.057273057289422, 7637795.879192911088467 ] ] ] } },
{ "type": "Feature", "properties": { "fid": 382.0, "COMPR_M": 479.25, "CLASSE": "03 - Média", "CD_FAZ": "400534", "TALHOES": "2", "FAZ_tAL": "400534002", "ID_LINHA": 96317 }, "geometry": { "type": "MultiLineString", "coordinates": [ [ [ 424014.574455748312175, 7638262.235214887186885 ], [ 424025.985311486234423, 7638231.473759647458792 ], [ 424034.902681368228514, 7638203.27560955658555 ], [ 424042.473377968242858, 7638174.771000511012971 ], [ 424048.668814578675665, 7638146.010743508115411 ], [ 424053.461889673373662, 7638117.0401311814785 ], [ 424056.843260235851631, 7638087.835898101329803 ], [ 424058.815790981287137, 7638058.433032127097249 ], [ 424059.37922666274244, 7638028.927088252268732 ], [ 424058.535776528937276, 7637999.414711490273476 ], [ 424056.290202502859756, 7637969.992884319275618 ], [ 424052.649810585658997, 7637940.758352128788829 ], [ 424047.622493966016918, 7637911.789893936365843 ], [ 424041.217000197269954, 7637883.135456597432494 ], [ 424033.444647718220949, 7637854.848858255892992 ], [ 424024.313123428495601, 7637826.970089411363006 ], [ 424012.015061279351357, 7637795.175653345882893 ] ] ] } },
{ "type": "Feature", "properties": { "fid": 383.0, "COMPR_M": 484.21, "CLASSE": "03 - Média", "CD_FAZ": "400534", "TALHOES": "2", "FAZ_tAL": "400534002", "ID_LINHA": 96318 }, "geometry": { "type": "MultiLineString", "coordinates": [ [ [ 424016.193114342575427, 7638266.247627942822874 ], [ 424028.824129312881269, 7638232.444142151623964 ], [ 424037.783399778883904, 7638204.113467685878277 ], [ 424045.390317112789489, 7638175.472447798587382 ], [ 424051.615948814840522, 7638146.571975030004978 ], [ 424056.432801713235676, 7638117.45759648270905 ], [ 424059.830925859801937, 7638088.108729161322117 ], [ 424061.813113511074334, 7638058.561992958188057 ], [ 424062.379287321760785, 7638028.912810660898685 ], [ 424061.531757419696078, 7637999.257661029696465 ], [ 424059.275306841009296, 7637969.69334972742945 ], [ 424055.617183191061486, 7637940.31645274721086 ], [ 424050.56522562680766, 7637911.206020204350352 ], [ 424044.128217245684937, 7637882.410614090040326 ], [ 424036.317468823748641, 7637853.984286421909928 ], [ 424027.140804079419468, 7637825.967691333964467 ], [ 424014.972849502461031, 7637794.472113780677319 ] ] ] } },
{ "type": "Feature", "properties": { "fid": 384.0, "COMPR_M": 489.17, "CLASSE": "03 - Média", "CD_FAZ": "400534", "TALHOES": "2", "FAZ_tAL": "400534002", "ID_LINHA": 96319 }, "geometry": { "type": "MultiLineString", "coordinates": [ [ [ 424017.811772938119248, 7638270.260041002184153 ], [ 424031.662947141157929, 7638233.414524655789137 ], [ 424040.664118189190049, 7638204.951325818896294 ], [ 424048.307256256928667, 7638176.173895088024437 ], [ 424054.563083051180001, 7638147.133206554688513 ], [ 424059.403713753272314, 7638117.8750617839396 ], [ 424062.818591481540352, 7638088.38156022131443 ], [ 424064.810436040628701, 7638058.690953784622252 ], [ 424065.379347980604507, 7638028.898533072322607 ], [ 424064.527738311327994, 7637999.100610569119453 ], [ 424062.26041117857676, 7637969.393815133720636 ], [ 424058.584555799316149, 7637939.874553365632892 ], [ 424053.507957286667079, 7637910.622146472334862 ], [ 424047.039434294914827, 7637881.685771580785513 ], [ 424039.190289928170387, 7637853.11971458978951 ], [ 424029.96848473045975, 7637824.965293258428574 ], [ 424017.930637726560235, 7637793.76857421733439 ] ] ] } },
{ "type": "Feature", "properties": { "fid": 385.0, "COMPR_M": 494.1, "CLASSE": "03 - Média", "CD_FAZ": "400534", "TALHOES": "2", "FAZ_tAL": "400534002", "ID_LINHA": 96320 }, "geometry": { "type": "MultiLineString", "coordinates": [ [ [ 424019.409455857065041, 7638274.220458490774035 ], [ 424031.189628834894393, 7638243.837076491676271 ], [ 424040.680511405458674, 7638215.359005564823747 ], [ 424048.817781189340167, 7638186.545450139790773 ], [ 424055.571482694940642, 7638157.447999648749828 ], [ 424060.912600799521897, 7638128.116455713286996 ], [ 424064.821239077136852, 7638098.560211190953851 ], [ 424067.299521855078638, 7638068.780713686719537 ], [ 424068.157104199810419, 7638048.847867028787732 ], [ 424068.379408638458699, 7638028.884255481883883 ], [ 424067.523719202494249, 7637998.943560104817152 ], [ 424065.245515516842715, 7637969.094280542805791 ], [ 424061.55192840640666, 7637939.432653985917568 ], [ 424056.450688949029427, 7637910.038272737525403 ], [ 424049.950651343679056, 7637880.9609290715307 ], [ 424042.063111034920439, 7637852.255142755806446 ], [ 424032.796165380917955, 7637823.962895184755325 ], [ 424020.888425949728116, 7637793.065034650266171 ] ] ] } },
{ "type": "Feature", "properties": { "fid": 386.0, "COMPR_M": 499.01, "CLASSE": "03 - Média", "CD_FAZ": "400534", "TALHOES": "2", "FAZ_tAL": "400534002", "ID_LINHA": 96321 }, "geometry": { "type": "MultiLineString", "coordinates": [ [ [ 424021.002729895757511, 7638278.169947019778192 ], [ 424034.013272271025926, 7638244.850763656198978 ], [ 424043.547877963050269, 7638216.241472752764821 ], [ 424051.723298514611088, 7638187.29279568605125 ], [ 424058.509244065731764, 7638158.056385032832623 ], [ 424063.876332705898676, 7638128.582167197018862 ], [ 424067.804119476350024, 7638098.881164782680571 ], [ 424070.294401426101103, 7638068.957553432323039 ], [ 424071.347532116109505, 7638038.901534661650658 ], [ 424070.965387674921658, 7638008.808898961171508 ], [ 424069.915181700431276, 7637988.774310616776347 ], [ 424068.230619855166879, 7637968.794745950959623 ], [ 424064.519301013089716, 7637938.9907546043396 ], [ 424059.393420610576868, 7637909.45439900457859 ], [ 424052.861868393258192, 7637880.236086560413241 ], [ 424044.935932139982469, 7637851.390570918098092 ], [ 424035.623846030794084, 7637822.960497106425464 ], [ 424023.846214172546752, 7637792.361495086923242 ] ] ] } },
{ "type": "Feature", "properties": { "fid": 387.0, "COMPR_M": 503.93, "CLASSE": "03 - Média", "CD_FAZ": "400534", "TALHOES": "2", "FAZ_tAL": "400534002", "ID_LINHA": 96322 }, "geometry": { "type": "MultiLineString", "coordinates": [ [ [ 424022.596003933693282, 7638282.119435547851026 ], [ 424036.836915705935098, 7638245.864450819790363 ], [ 424046.41524452297017, 7638217.123939941637218 ], [ 424054.628815837320872, 7638188.040141236968338 ], [ 424061.447005435591564, 7638158.664770418778062 ], [ 424066.840064611460548, 7638129.04787868168205 ], [ 424070.786999875039328, 7638099.202118372544646 ], [ 424073.289280996541493, 7638069.13439317792654 ], [ 424074.347440958837979, 7638038.934942916035652 ], [ 424073.963483081432059, 7638008.699398586526513 ], [ 424072.908293538843282, 7637988.569742120802402 ], [ 424071.215724192850757, 7637968.495211359113455 ], [ 424067.486673619947396, 7637938.548855221830308 ], [ 424062.336152271251194, 7637908.870525270700455 ], [ 424055.773085442371666, 7637879.511244051158428 ], [ 424047.808753246616106, 7637850.525999087840319 ], [ 424038.451526682823896, 7637821.958099031820893 ], [ 424026.804002395714633, 7637791.657955519855022 ] ] ] } },
{ "type": "Feature", "properties": { "fid": 388.0, "COMPR_M": 508.82, "CLASSE": "03 - Média", "CD_FAZ": "400534", "TALHOES": "2", "FAZ_tAL": "400534002", "ID_LINHA": 96323 }, "geometry": { "type": "MultiLineString", "coordinates": [ [ [ 424024.176891649956815, 7638286.038220232352614 ], [ 424036.154212967085186, 7638256.415675039403141 ], [ 424046.225963305914775, 7638227.671489480882883 ], [ 424052.18699183256831, 7638208.302758341655135 ], [ 424057.534333163523115, 7638188.787486787885427 ], [ 424064.384766806382686, 7638159.273155804723501 ], [ 424069.803796516847797, 7638129.513590168207884 ], [ 424073.769880274543539, 7638099.523071960546076 ], [ 424076.28416056727292, 7638069.31123292259872 ], [ 424077.347349801158998, 7638038.968351170420647 ], [ 424076.961578486429062, 7638008.589898209087551 ], [ 424075.901405378011987, 7637988.365173622965813 ], [ 424074.20082852995256, 7637968.195676768198609 ], [ 424070.454046227736399, 7637938.106955839321017 ], [ 424065.278883933206089, 7637908.286651538684964 ], [ 424058.684302491601557, 7637878.786401542834938 ], [ 424050.681574350979645, 7637849.66142725199461 ], [ 424041.279207332292572, 7637820.955700956285 ], [ 424029.761790617951192, 7637790.954415958374739 ] ] ] } },
{ "type": "Feature", "properties": { "fid": 389.0, "COMPR_M": 513.69, "CLASSE": "03 - Média", "CD_FAZ": "400534", "TALHOES": "2", "FAZ_tAL": "400534002", "ID_LINHA": 96324 }, "geometry": { "type": "MultiLineString", "coordinates": [ [ [ 424025.745585160795599, 7638289.926777305081487 ], [ 424038.962094926973805, 7638257.472234651446342 ], [ 424049.079359174706042, 7638228.598131815902889 ], [ 424057.831387328333221, 7638199.355295388028026 ], [ 424065.186554047162645, 7638169.796078963205218 ], [ 424071.114119510748424, 7638139.971372127532959 ], [ 424075.586543671728577, 7638109.917335741221905 ], [ 424078.599008863267954, 7638079.625896696001291 ], [ 424079.797048689157236, 7638059.335757930763066 ], [ 424080.347258643538225, 7638039.001759425736964 ], [ 424079.95967389177531, 7638008.480397833511233 ], [ 424078.894517217297107, 7637988.160605126060545 ], [ 424077.185932869033422, 7637967.896142176352441 ], [ 424073.421418833662756, 7637937.665056461468339 ], [ 424068.221615594869945, 7637907.702777805738151 ], [ 424061.595519539085217, 7637878.061559034511447 ], [ 424053.55439545691479, 7637848.796855418011546 ], [ 424044.106887983856723, 7637819.953302877955139 ], [ 424032.719578841817565, 7637790.250876393169165 ] ] ] } },
{ "type": "Feature", "properties": { "fid": 390.0, "COMPR_M": 518.56, "CLASSE": "03 - Média", "CD_FAZ": "400534", "TALHOES": "2", "FAZ_tAL": "400534002", "ID_LINHA": 96325 }, "geometry": { "type": "MultiLineString", "coordinates": [ [ [ 424027.314278672682121, 7638293.815334375947714 ], [ 424041.769976888899691, 7638258.528794268146157 ], [ 424051.93275504373014, 7638229.524774151854217 ], [ 424060.724826798134018, 7638200.148112209513783 ], [ 424068.114245741220657, 7638170.45120470225811 ], [ 424074.069915564963594, 7638140.485042460262775 ], [ 424078.563842300034594, 7638110.286502407863736 ], [ 424081.590671679703519, 7638079.850691420957446 ], [ 424082.794371218944434, 7638059.464718757197261 ], [ 424083.34716748748906, 7638039.035167679190636 ], [ 424082.957769297645427, 7638008.370897457003593 ], [ 424081.887629055941943, 7637987.956036631949246 ], [ 424080.171037206891924, 7637967.596607584506273 ], [ 424076.388791441218928, 7637937.223157078027725 ], [ 424071.164347255136818, 7637907.118904070928693 ], [ 424064.506736588082276, 7637877.336716523393989 ], [ 424056.427216561860405, 7637847.93228358309716 ], [ 424046.934568634256721, 7637818.950904801487923 ], [ 424035.677367064752616, 7637789.547336827963591 ] ] ] } },
{ "type": "Feature", "properties": { "fid": 391.0, "COMPR_M": 523.42, "CLASSE": "03 - Média", "CD_FAZ": "400534", "TALHOES": "2", "FAZ_tAL": "400534002", "ID_LINHA": 96326 }, "geometry": { "type": "MultiLineString", "coordinates": [ [ [ 424028.882327367202379, 7638297.702293043024838 ], [ 424040.876408772543073, 7638269.200006725266576 ], [ 424048.131489447201602, 7638249.919199477881193 ], [ 424054.786150912404992, 7638230.45141648966819 ], [ 424063.618266266305, 7638200.940929032862186 ], [ 424071.0419374347548, 7638171.106330441311002 ], [ 424077.025711620983202, 7638140.998712791129947 ], [ 424081.541140928282402, 7638110.655669072642922 ], [ 424084.582334496779367, 7638080.075486149638891 ], [ 424086.151088482525665, 7638049.334780956618488 ], [ 424086.249315177439712, 7638018.528352736495435 ], [ 424085.499604550888762, 7637998.00125733949244 ], [ 424084.099502674653195, 7637977.515562994405627 ], [ 424080.784170085331425, 7637946.92644227296114 ], [ 424076.017320459650364, 7637916.583918105810881 ], [ 424072.036825472780038, 7637896.522002438083291 ], [ 424067.417953637195751, 7637876.611874015070498 ], [ 424059.300037667737342, 7637847.067711750045419 ], [ 424049.762249284656718, 7637817.948506727814674 ], [ 424038.635155287338421, 7637788.843797264620662 ] ] ] } },
{ "type": "Feature", "properties": { "fid": 392.0, "COMPR_M": 528.25, "CLASSE": "03 - Média", "CD_FAZ": "400534", "TALHOES": "2", "FAZ_tAL": "400534002", "ID_LINHA": 96327 }, "geometry": { "type": "MultiLineString", "coordinates": [ [ [ 424030.427217606687918, 7638301.531845357269049 ], [ 424043.667890837939922, 7638270.299165673553944 ], [ 424054.373489763587713, 7638241.177584700286388 ], [ 424063.70986547449138, 7638211.654190866276622 ], [ 424071.642769409809262, 7638181.785473397001624 ], [ 424078.140156939974986, 7638151.623058751225471 ], [ 424083.17101007461315, 7638121.214784192852676 ], [ 424086.719916460744571, 7638090.564208696596324 ], [ 424088.263678850489669, 7638070.018591902218759 ], [ 424089.150085864588618, 7638049.415933279320598 ], [ 424089.248770766018424, 7638018.466441113501787 ], [ 424088.495585441647563, 7637997.844206877052784 ], [ 424087.088989722891711, 7637977.263501941226423 ], [ 424083.758221582917031, 7637946.531992676667869 ], [ 424078.96902971342206, 7637916.04727129265666 ], [ 424074.969816121214535, 7637895.891015129163861 ], [ 424070.329170687764417, 7637875.887031505815685 ], [ 424062.172858773963526, 7637846.203139916062355 ], [ 424052.589929935929831, 7637816.946108651347458 ], [ 424041.592943510971963, 7637788.14025770034641 ] ] ] } },
{ "type": "Feature", "properties": { "fid": 393.0, "COMPR_M": 532.92, "CLASSE": "03 - Média", "CD_FAZ": "400534", "TALHOES": "2", "FAZ_tAL": "400534002", "ID_LINHA": 96328 }, "geometry": { "type": "MultiLineString", "coordinates": [ [ [ 424031.972107844834682, 7638305.361397671513259 ], [ 424046.459372902521864, 7638271.398324616253376 ], [ 424057.212307591631543, 7638242.147967209108174 ], [ 424066.590583885554224, 7638212.492048995569348 ], [ 424074.559708554355893, 7638182.486920683644712 ], [ 424081.087291175674181, 7638152.184290276840329 ], [ 424086.141922113718465, 7638121.632249496877193 ], [ 424089.707582083006855, 7638090.837039756588638 ], [ 424091.258558421395719, 7638070.195431646890938 ], [ 424092.149083243217319, 7638049.497085596434772 ], [ 424092.248226354073267, 7638018.404529492370784 ], [ 424091.491566332580987, 7637997.687156416475773 ], [ 424090.078476773807779, 7637977.011440893635154 ], [ 424086.732273079629522, 7637946.137543078511953 ], [ 424081.920738968765363, 7637915.51062448322773 ], [ 424075.651949203631375, 7637885.190962942317128 ], [ 424067.936832150793634, 7637855.233899973332882 ], [ 424058.785991691285744, 7637825.693407721817493 ], [ 424051.891251967172138, 7637806.244061744771898 ], [ 424044.599385507928673, 7637787.578396899625659 ] ] ] } },
{ "type": "Feature", "properties": { "fid": 394.0, "COMPR_M": 537.6, "CLASSE": "03 - Média", "CD_FAZ": "400534", "TALHOES": "2", "FAZ_tAL": "400534002", "ID_LINHA": 96329 }, "geometry": { "type": "MultiLineString", "coordinates": [ [ [ 424033.516998085018713, 7638309.19094998575747 ], [ 424041.312432940932922, 7638291.785146305337548 ], [ 424049.250854968209751, 7638272.497483564540744 ], [ 424060.051125418161973, 7638243.118349712342024 ], [ 424069.471302296209615, 7638213.32990712672472 ], [ 424077.476647698553279, 7638183.188367972150445 ], [ 424084.034425412246492, 7638152.745521800592542 ], [ 424089.112834154453594, 7638122.049714798107743 ], [ 424092.695247707015369, 7638091.109870815649629 ], [ 424094.253437991836108, 7638070.372271389700472 ], [ 424095.148080624465365, 7638049.57823792193085 ], [ 424095.247681944165379, 7638018.342617872171104 ], [ 424094.487547225086018, 7637997.530105955898762 ], [ 424093.067963823443279, 7637976.759379839524627 ], [ 424089.706324578088243, 7637945.743093483150005 ], [ 424084.872448221663944, 7637914.973977671936154 ], [ 424078.574435110203922, 7637884.5129833528772 ], [ 424070.823217314144131, 7637854.415752831846476 ], [ 424061.629425522347447, 7637824.736606841906905 ], [ 424054.702506510191597, 7637805.196481797844172 ], [ 424047.605827505933121, 7637787.01653609983623 ] ] ] } },
{ "type": "Feature", "properties": { "fid": 395.0, "COMPR_M": 542.26, "CLASSE": "03 - Média", "CD_FAZ": "400534", "TALHOES": "2", "FAZ_tAL": "400534002", "ID_LINHA": 96330 }, "geometry": { "type": "MultiLineString", "coordinates": [ [ [ 424035.053044370608404, 7638312.998579456470907 ], [ 424048.128274074406363, 7638283.319043439812958 ], [ 424059.426063188642729, 7638253.973948136903346 ], [ 424066.199734385125339, 7638234.157985839061439 ], [ 424072.352020707796328, 7638214.167765256017447 ], [ 424080.393586841761135, 7638183.889815259724855 ], [ 424086.981559648411348, 7638153.306753324344754 ], [ 424092.08374619478127, 7638122.467180097475648 ], [ 424095.682913328811992, 7638091.382701875641942 ], [ 424097.248317563091405, 7638070.549111135303974 ], [ 424098.147078006295487, 7638049.659390243701637 ], [ 424098.247137532453053, 7638018.280706247314811 ], [ 424097.483528116426896, 7637997.373055493459105 ], [ 424096.057450871099718, 7637976.50731878913939 ], [ 424092.680376075732056, 7637945.348643885925412 ], [ 424087.824157477298286, 7637914.437330862507224 ], [ 424081.496921015204862, 7637883.835003761574626 ], [ 424073.709602475981228, 7637853.597605688497424 ], [ 424064.472859353176318, 7637823.779805960133672 ], [ 424057.513761053385679, 7637804.148901853710413 ], [ 424050.612269503064454, 7637786.454675301909447 ] ] ] } },
{ "type": "Feature", "properties": { "fid": 396.0, "COMPR_M": 546.89, "CLASSE": "03 - Média", "CD_FAZ": "400534", "TALHOES": "2", "FAZ_tAL": "400534002", "ID_LINHA": 96331 }, "geometry": { "type": "MultiLineString", "coordinates": [ [ [ 424036.574884554429445, 7638316.770994121208787 ], [ 424050.902566423057579, 7638284.460901066660881 ], [ 424062.249706625123508, 7638254.987635299563408 ], [ 424069.053130252868868, 7638235.0846281722188 ], [ 424075.232739118975587, 7638215.005623387172818 ], [ 424083.310525986657012, 7638184.591262549161911 ], [ 424089.92869388347026, 7638153.867984848096967 ], [ 424095.054658234003, 7638122.884645396843553 ], [ 424098.67057895171456, 7638091.655532935634255 ], [ 424100.24319713388104, 7638070.725950881838799 ], [ 424101.146075384749565, 7638049.740542564541101 ], [ 424101.246593121381011, 7638018.218794625252485 ], [ 424100.479509008058812, 7637997.216005031019449 ], [ 424099.046937920735218, 7637976.255257736891508 ], [ 424095.654427573201247, 7637944.954194287769496 ], [ 424090.775866731943097, 7637913.900684049353004 ], [ 424084.419406920787878, 7637883.15702416934073 ], [ 424076.595987638807856, 7637852.779458543285728 ], [ 424067.316293183830567, 7637822.823005083948374 ], [ 424060.325015595532022, 7637803.101321905851364 ], [ 424053.618711501185317, 7637785.892814505845308 ] ] ] } },
{ "type": "Feature", "properties": { "fid": 397.0, "COMPR_M": 551.52, "CLASSE": "03 - Média", "CD_FAZ": "400534", "TALHOES": "2", "FAZ_tAL": "400534002", "ID_LINHA": 96332 }, "geometry": { "type": "MultiLineString", "coordinates": [ [ [ 424038.096724738948978, 7638320.543408792465925 ], [ 424053.676858771592379, 7638285.602758697234094 ], [ 424065.073350060964003, 7638256.001322464086115 ], [ 424071.90652612154372, 7638236.01127050910145 ], [ 424078.113457529630978, 7638215.84348151832819 ], [ 424086.227465130505152, 7638185.292709839530289 ], [ 424092.87582812004257, 7638154.429216373711824 ], [ 424098.025570276193321, 7638123.302110701799393 ], [ 424101.658244573744014, 7638091.928363994695246 ], [ 424103.238076704903506, 7638070.902790625579655 ], [ 424104.145072766463272, 7638049.821694887243211 ], [ 424104.246048710425384, 7638018.15688300691545 ], [ 424103.475489899225067, 7637997.058954572305083 ], [ 424102.036424971709494, 7637976.003196686506271 ], [ 424098.628479071077891, 7637944.559744691476226 ], [ 424093.727575986762531, 7637913.364037239924073 ], [ 424087.341892826720141, 7637882.479044580832124 ], [ 424079.482372800761368, 7637851.961311401799321 ], [ 424070.159727014251985, 7637821.86620420217514 ], [ 424056.625153498491272, 7637785.33095370605588 ] ] ] } },
{ "type": "Feature", "properties": { "fid": 398.0, "COMPR_M": 556.16, "CLASSE": "03 - Média", "CD_FAZ": "400534", "TALHOES": "2", "FAZ_tAL": "400534002", "ID_LINHA": 96333 }, "geometry": { "type": "MultiLineString", "coordinates": [ [ [ 424039.618564923526719, 7638324.315823457203805 ], [ 424048.07460704294499, 7638306.229673235677183 ], [ 424056.451151119545102, 7638286.744616323150694 ], [ 424067.896993496280629, 7638257.015009626746178 ], [ 424077.956276661076117, 7638226.831079013645649 ], [ 424086.589506408607122, 7638196.260942276567221 ], [ 424091.53577929205494, 7638175.692210629582405 ], [ 424095.822962355567142, 7638154.990447897464037 ], [ 424100.99648231593892, 7638123.71957600209862 ], [ 424104.645910196180921, 7638092.201195055618882 ], [ 424106.772951455437578, 7638060.49640539009124 ], [ 424107.380197203019634, 7638028.698646804317832 ], [ 424106.471470790624153, 7637996.901904109865427 ], [ 424105.025912020704709, 7637975.751135636121035 ], [ 424102.910655521554872, 7637954.670557483099401 ], [ 424098.486600671079941, 7637923.241376807913184 ], [ 424094.706200545304455, 7637902.447914206422865 ], [ 424090.264378730556928, 7637881.801064991392195 ], [ 424082.368757963762619, 7637851.143164256587625 ], [ 424073.003160845721141, 7637820.909403326921165 ], [ 424059.631595496146474, 7637784.769092906266451 ] ] ] } },
{ "type": "Feature", "properties": { "fid": 399.0, "COMPR_M": 560.77, "CLASSE": "03 - Média", "CD_FAZ": "400534", "TALHOES": "2", "FAZ_tAL": "400534002", "ID_LINHA": 96334 }, "geometry": { "type": "MultiLineString", "coordinates": [ [ [ 424041.127908105438109, 7638328.057259920984507 ], [ 424055.093392489128746, 7638297.709584997035563 ], [ 424067.040914534823969, 7638268.037830796092749 ], [ 424074.245214557740837, 7638247.970262240618467 ], [ 424080.823643219307996, 7638227.713546203449368 ], [ 424089.495023733004928, 7638197.00828782748431 ], [ 424094.463470985530876, 7638176.347336369566619 ], [ 424098.770096593245398, 7638155.551679423078895 ], [ 424103.967394355335273, 7638124.137041302397847 ], [ 424107.633575819083489, 7638092.474026111885905 ], [ 424109.770273985282984, 7638060.625366216525435 ], [ 424110.380257861630525, 7638028.684369212947786 ], [ 424109.467451682256069, 7637996.744853649288416 ], [ 424108.015399070456624, 7637975.499074582010508 ], [ 424105.890616057324223, 7637954.323562066070735 ], [ 424101.446524304745253, 7637922.752062318846583 ], [ 424097.648932206153404, 7637901.864040473476052 ], [ 424093.186864635557868, 7637881.123085401952267 ], [ 424085.255143128451891, 7637850.325017111375928 ], [ 424075.846594676433597, 7637819.952602446079254 ], [ 424062.638037494150922, 7637784.207232108339667 ] ] ] } },
{ "type": "Feature", "properties": { "fid": 400.0, "COMPR_M": 565.36, "CLASSE": "03 - Média", "CD_FAZ": "400534", "TALHOES": "2", "FAZ_tAL": "400534002", "ID_LINHA": 96335 }, "geometry": { "type": "MultiLineString", "coordinates": [ [ [ 424042.627429941901937, 7638331.774350735358894 ], [ 424057.849584399256855, 7638298.894472735002637 ], [ 424069.848796495527495, 7638269.094390409067273 ], [ 424077.084032385610044, 7638248.94064474478364 ], [ 424083.691009778063744, 7638228.59601339045912 ], [ 424092.400541057577357, 7638197.755633375607431 ], [ 424097.391162678599358, 7638177.002462112344801 ], [ 424101.717230829875916, 7638156.112910944968462 ], [ 424106.938306395022664, 7638124.554506605491042 ], [ 424110.621241441112943, 7638092.746857170946896 ], [ 424112.767596515477635, 7638060.754327047616243 ], [ 424113.380318520590663, 7638028.670091619715095 ], [ 424112.463432573422324, 7637996.587803188711405 ], [ 424111.004886119451839, 7637975.247013534419239 ], [ 424108.870576592627913, 7637953.976566649973392 ], [ 424104.406447939109057, 7637922.262747826054692 ], [ 424100.591663867468014, 7637901.280166739597917 ], [ 424096.109350540966261, 7637880.44510580971837 ], [ 424088.141528289648704, 7637849.506869967095554 ], [ 424078.690028506855015, 7637818.995801566168666 ], [ 424065.644479491340462, 7637783.645371310412884 ] ] ] } },
{ "type": "Feature", "properties": { "fid": 401.0, "COMPR_M": 569.95, "CLASSE": "03 - Média", "CD_FAZ": "400534", "TALHOES": "2", "FAZ_tAL": "400534002", "ID_LINHA": 96336 }, "geometry": { "type": "MultiLineString", "coordinates": [ [ [ 424044.126951777550858, 7638335.491441549733281 ], [ 424060.605776308686472, 7638300.079360472038388 ], [ 424072.656678455648944, 7638270.150950023904443 ], [ 424079.92285021324642, 7638249.91102725174278 ], [ 424086.558376335771754, 7638229.478480581194162 ], [ 424095.306058382382616, 7638198.502978924661875 ], [ 424100.318854372366332, 7638177.657587852329016 ], [ 424104.664365065400489, 7638156.674142471514642 ], [ 424109.909218435641378, 7638124.971971906721592 ], [ 424113.608907063491642, 7638093.019688232801855 ], [ 424115.764919045497663, 7638060.883287875913084 ], [ 424116.380379179376177, 7638028.655814031139016 ], [ 424115.459413464181125, 7637996.430752726271749 ], [ 424113.994373169203755, 7637974.994952483102679 ], [ 424111.850537128106225, 7637953.62957123387605 ], [ 424107.366371574229561, 7637921.773433338850737 ], [ 424103.534395528608002, 7637900.696293009445071 ], [ 424099.031836445559748, 7637879.767126221209764 ], [ 424091.027913452533539, 7637848.68872282654047 ], [ 424081.533462338440586, 7637818.039000689983368 ], [ 424068.65092148957774, 7637783.0835105124861 ] ] ] } },
{ "type": "Feature", "properties": { "fid": 402.0, "COMPR_M": 574.55, "CLASSE": "03 - Média", "CD_FAZ": "400534", "TALHOES": "2", "FAZ_tAL": "400534002", "ID_LINHA": 96337 }, "geometry": { "type": "MultiLineString", "coordinates": [ [ [ 424045.626473612966947, 7638339.208532361313701 ], [ 424054.531367709801998, 7638320.943079536780715 ], [ 424063.361968218639959, 7638301.26424821279943 ], [ 424075.464560415945016, 7638271.207509638741612 ], [ 424082.761668041173834, 7638250.881409756839275 ], [ 424089.425742894643918, 7638230.360947769135237 ], [ 424098.211575706722215, 7638199.250324474647641 ], [ 424103.246546067064628, 7638178.312713593244553 ], [ 424107.611499301798176, 7638157.235373995266855 ], [ 424112.880130475852638, 7638125.389437206089497 ], [ 424116.596572686394211, 7638093.292519291862845 ], [ 424118.76224157382967, 7638061.012248702347279 ], [ 424119.380439837870654, 7638028.641536440700293 ], [ 424118.455394356511533, 7637996.273702265694737 ], [ 424116.98386021895567, 7637974.742891427129507 ], [ 424114.830497665156145, 7637953.282575818710029 ], [ 424110.326295206905343, 7637921.284118848852813 ], [ 424106.477127189689782, 7637900.11241927370429 ], [ 424101.954322351957671, 7637879.089146628975868 ], [ 424093.914298617164604, 7637847.870575683191419 ], [ 424084.376896169094834, 7637817.082199809141457 ], [ 424071.657363487582188, 7637782.521649714559317 ] ] ] } },
{ "type": "Feature", "properties": { "fid": 403.0, "COMPR_M": 579.12, "CLASSE": "03 - Média", "CD_FAZ": "400534", "TALHOES": "2", "FAZ_tAL": "400534002", "ID_LINHA": 96338 }, "geometry": { "type": "MultiLineString", "coordinates": [ [ [ 424047.114321861823555, 7638342.896686095744371 ], [ 424061.760308681405149, 7638312.370992966927588 ], [ 424070.32261285756249, 7638292.453904453665018 ], [ 424078.272442377055995, 7638272.26406925264746 ], [ 424085.60048586881021, 7638251.851792262867093 ], [ 424092.293109452584758, 7638231.243414955213666 ], [ 424101.117093031236436, 7638199.997670022770762 ], [ 424106.174237760598771, 7638178.967839332297444 ], [ 424110.55863353778841, 7638157.796605519019067 ], [ 424115.851042515016161, 7638125.806902507320046 ], [ 424119.584238308365457, 7638093.565350351855159 ], [ 424121.75956410454819, 7638061.141209531575441 ], [ 424122.380500497471076, 7638028.627258853055537 ], [ 424121.451375247735996, 7637996.116651803255081 ], [ 424119.9733472680673, 7637974.49083037674427 ], [ 424117.810458201740403, 7637952.935580403544009 ], [ 424113.2862188416766, 7637920.794804360717535 ], [ 424109.419858851179015, 7637899.5285455416888 ], [ 424104.876808256201912, 7637878.411167038604617 ], [ 424096.800683780224063, 7637847.052428537979722 ], [ 424087.22032999957446, 7637816.125398930162191 ], [ 424074.663805483956821, 7637781.959788914769888 ] ] ] } },
{ "type": "Feature", "properties": { "fid": 404.0, "COMPR_M": 583.67, "CLASSE": "03 - Média", "CD_FAZ": "400534", "TALHOES": "2", "FAZ_tAL": "400534002", "ID_LINHA": 96339 }, "geometry": { "type": "MultiLineString", "coordinates": [ [ [ 424048.592237883422058, 7638346.560219321399927 ], [ 424064.497449009446427, 7638313.599256913177669 ], [ 424077.165675620199181, 7638283.489073026925325 ], [ 424084.838854108238593, 7638263.097132615745068 ], [ 424091.880297198717017, 7638242.497766867280006 ], [ 424101.23297935933806, 7638211.247547701001167 ], [ 424106.646039140061475, 7638190.20284085907042 ], [ 424111.38894873688696, 7638169.007321966812015 ], [ 424117.223507012939081, 7638136.964973917230964 ], [ 424121.495966661372222, 7638104.658329407684505 ], [ 424124.202233699499629, 7638072.140668837353587 ], [ 424125.345891284465324, 7638039.502883244305849 ], [ 424125.242237831931561, 7638017.723501652479172 ], [ 424124.447356139135081, 7637995.959601343609393 ], [ 424122.962834317819215, 7637974.238769326359034 ], [ 424120.790418735879939, 7637952.588584988377988 ], [ 424116.246142475225497, 7637920.305489868856966 ], [ 424112.362590511911549, 7637898.944671805948019 ], [ 424107.799294162192382, 7637877.733187450096011 ], [ 424099.687068942992482, 7637846.234281394630671 ], [ 424090.063763831160031, 7637815.168598051182926 ], [ 424077.6702474814374, 7637781.397928116843104 ] ] ] } },
{ "type": "Feature", "properties": { "fid": 405.0, "COMPR_M": 588.23, "CLASSE": "03 - Média", "CD_FAZ": "400534", "TALHOES": "2", "FAZ_tAL": "400534002", "ID_LINHA": 96340 }, "geometry": { "type": "MultiLineString", "coordinates": [ [ [ 424050.070153904322069, 7638350.223752543330193 ], [ 424067.234589338419028, 7638314.827520862221718 ], [ 424079.95715768559603, 7638284.588231971487403 ], [ 424087.662497542973142, 7638264.110819779336452 ], [ 424094.733693065936677, 7638243.424409204162657 ], [ 424104.126418827683665, 7638212.04036452062428 ], [ 424109.562978283327539, 7638190.904288147576153 ], [ 424114.326710106921382, 7638169.615707354620099 ], [ 424120.187238918675575, 7638137.43068540096283 ], [ 424124.478847060992848, 7638104.979282994754612 ], [ 424127.197113269299734, 7638072.317508583888412 ], [ 424128.345800127484836, 7638039.536291500553489 ], [ 424128.24169342033565, 7638017.661590031348169 ], [ 424127.443337030184921, 7637995.802550880238414 ], [ 424125.952321366989054, 7637973.986708275042474 ], [ 424123.770379273570143, 7637952.241589572280645 ], [ 424119.206066109589301, 7637919.816175378859043 ], [ 424115.305322173167951, 7637898.360798075795174 ], [ 424110.721780067426153, 7637877.055207861587405 ], [ 424102.573454105586279, 7637845.416134252212942 ], [ 424092.907197662512772, 7637814.211797174066305 ], [ 424080.676689480023924, 7637780.836067319847643 ] ] ] } },
{ "type": "Feature", "properties": { "fid": 406.0, "COMPR_M": 592.78, "CLASSE": "03 - Média", "CD_FAZ": "400534", "TALHOES": "2", "FAZ_tAL": "400534002", "ID_LINHA": 96341 }, "geometry": { "type": "MultiLineString", "coordinates": [ [ [ 424051.548069925804157, 7638353.887285768054426 ], [ 424060.670196939841844, 7638335.925068579614162 ], [ 424069.971729665179737, 7638316.055784805677831 ], [ 424082.748639750760049, 7638285.687390917912126 ], [ 424090.48614097974496, 7638265.12450694385916 ], [ 424097.587088934727944, 7638244.351051541045308 ], [ 424107.0198582970188, 7638212.833181342110038 ], [ 424112.479917428339832, 7638191.605735437013209 ], [ 424117.264471477246843, 7638170.224092738702893 ], [ 424123.15097082417924, 7638137.896396885626018 ], [ 424127.461727458925452, 7638105.30023658555001 ], [ 424130.191992841952015, 7638072.494348326697946 ], [ 424131.345708970038686, 7638039.569699753075838 ], [ 424131.241149007459171, 7638017.599678410217166 ], [ 424130.439317922049668, 7637995.645500421524048 ], [ 424128.941808416158892, 7637973.73464722558856 ], [ 424126.750339809455909, 7637951.89459415525198 ], [ 424122.165989742730744, 7637919.326860891655087 ], [ 424118.248053834948223, 7637897.776924341917038 ], [ 424113.644265972427092, 7637876.377228271216154 ], [ 424105.459839267889038, 7637844.597987107932568 ], [ 424095.750631493050605, 7637813.254996291361749 ], [ 424083.683131477679126, 7637780.274206519126892 ] ] ] } },
{ "type": "Feature", "properties": { "fid": 407.0, "COMPR_M": 597.33, "CLASSE": "03 - Média", "CD_FAZ": "400534", "TALHOES": "2", "FAZ_tAL": "400534002", "ID_LINHA": 96342 }, "geometry": { "type": "MultiLineString", "coordinates": [ [ [ 424053.01956467772834, 7638357.53490162268281 ], [ 424068.116881504363846, 7638327.302992228418589 ], [ 424077.142927766544744, 7638307.188686901703477 ], [ 424085.54012181510916, 7638286.786549864336848 ], [ 424093.309784413315356, 7638266.138194106519222 ], [ 424100.440484803752042, 7638245.277693876996636 ], [ 424109.913297765539028, 7638213.62599816173315 ], [ 424115.396856572944671, 7638192.307182723656297 ], [ 424120.202232848620042, 7638170.83247812371701 ], [ 424126.114702729566488, 7638138.362108370289207 ], [ 424130.444607858313248, 7638105.621190177276731 ], [ 424133.186872412101366, 7638072.671188071370125 ], [ 424134.345617812708952, 7638039.603108007460833 ], [ 424134.24060459737666, 7638017.537766787223518 ], [ 424133.435298813565169, 7637995.488449959084392 ], [ 424131.931295466027223, 7637973.482586171478033 ], [ 424129.730300344177522, 7637951.547598741017282 ], [ 424125.125913377269171, 7637918.837546400725842 ], [ 424121.190785495215096, 7637897.193050608038902 ], [ 424116.566751877253409, 7637875.699248680844903 ], [ 424108.346224431239534, 7637843.779839964583516 ], [ 424098.594065323995892, 7637812.298195415176451 ], [ 424086.689573475741781, 7637779.712345723062754 ] ] ] } },
{ "type": "Feature", "properties": { "fid": 408.0, "COMPR_M": 601.85, "CLASSE": "04 - Longa", "CD_FAZ": "400534", "TALHOES": "2", "FAZ_tAL": "400534002", "ID_LINHA": 96343 }, "geometry": { "type": "MultiLineString", "coordinates": [ [ [ 424054.476570408209227, 7638361.146601354703307 ], [ 424070.833984262251761, 7638328.574974766001105 ], [ 424084.194074599072337, 7638298.16319258697331 ], [ 424092.311852180631831, 7638277.54686732031405 ], [ 424099.794575007050298, 7638256.703704788349569 ], [ 424109.801360047305934, 7638225.059920957311988 ], [ 424115.644679653574713, 7638203.734397768974304 ], [ 424120.812696231296286, 7638182.243468040600419 ], [ 424127.27424454910215, 7638149.731108432635665 ], [ 424132.155217610648833, 7638116.931502384133637 ], [ 424134.522566420957446, 7638094.929505648091435 ], [ 424136.181751983182039, 7638072.848027816042304 ], [ 424137.345526655612048, 7638039.636516261845827 ], [ 424137.240060186013579, 7638017.47585516795516 ], [ 424136.431279705255292, 7637995.33139949850738 ], [ 424134.920782514556777, 7637973.230525122955441 ], [ 424132.710260881169233, 7637951.200603326782584 ], [ 424128.085837011341937, 7637918.348231909796596 ], [ 424124.133517157344613, 7637896.609176874160767 ], [ 424119.489237782603595, 7637875.021269092336297 ], [ 424111.232609594415408, 7637842.961692821234465 ], [ 424101.437499154708348, 7637811.341394536197186 ], [ 424089.696015472931322, 7637779.150484923273325 ] ] ] } },
{ "type": "Feature", "properties": { "fid": 409.0, "COMPR_M": 606.37, "CLASSE": "04 - Longa", "CD_FAZ": "400534", "TALHOES": "2", "FAZ_tAL": "400534002", "ID_LINHA": 96344 }, "geometry": { "type": "MultiLineString", "coordinates": [ [ [ 424055.933576137642376, 7638364.75830108858645 ], [ 424073.551087021944113, 7638329.846957304514945 ], [ 424086.968366946210153, 7638299.305050211027265 ], [ 424095.119734140636865, 7638278.603426936082542 ], [ 424102.633392833464313, 7638257.674087295308709 ], [ 424112.682078457728494, 7638225.897779086604714 ], [ 424118.550196978671011, 7638204.481743317097425 ], [ 424123.740387923840899, 7638182.898593780584633 ], [ 424130.230040603433736, 7638150.244778765365481 ], [ 424135.132516240351833, 7638117.300669047981501 ], [ 424137.510232043627184, 7638095.202336709946394 ], [ 424139.176631554379128, 7638073.024867562577128 ], [ 424140.345435498631559, 7638039.669924517162144 ], [ 424140.239515774068423, 7638017.413943545892835 ], [ 424139.427260595839471, 7637995.174349036067724 ], [ 424137.910269565123599, 7637972.978464071638882 ], [ 424135.690221415716223, 7637950.853607907891273 ], [ 424131.04576064547291, 7637917.85891742259264 ], [ 424127.076248818659224, 7637896.025303141213953 ], [ 424122.411723687080666, 7637874.343289501033723 ], [ 424114.118994757300243, 7637842.143545676022768 ], [ 424104.280932985944673, 7637810.384593658149242 ], [ 424092.7024574711686, 7637778.588624123483896 ] ] ] } },
{ "type": "Feature", "properties": { "fid": 410.0, "COMPR_M": 610.88, "CLASSE": "04 - Longa", "CD_FAZ": "400534", "TALHOES": "2", "FAZ_tAL": "400534002", "ID_LINHA": 96345 }, "geometry": { "type": "MultiLineString", "coordinates": [ [ [ 424057.39058186870534, 7638368.370000822469592 ], [ 424066.478009115555324, 7638351.175255952402949 ], [ 424076.268189780996181, 7638331.118939843028784 ], [ 424089.742659295210615, 7638300.446907837875187 ], [ 424097.927616101340391, 7638279.659986550919712 ], [ 424105.472210662264843, 7638258.644469801336527 ], [ 424115.562796869664453, 7638226.735637218691409 ], [ 424121.45571430324344, 7638205.229088868014514 ], [ 424126.668079616560135, 7638183.553719520568848 ], [ 424133.185836658230983, 7638150.758449097163975 ], [ 424138.109814869298134, 7638117.669835716485977 ], [ 424140.497897665482014, 7638095.47516776714474 ], [ 424142.171511124470271, 7638073.201707307249308 ], [ 424143.345344340545125, 7638039.703332772478461 ], [ 424143.238971364218742, 7638017.352031923830509 ], [ 424142.423241487354971, 7637995.017298575490713 ], [ 424140.899756614351645, 7637972.726403018459678 ], [ 424138.670181953115389, 7637950.506612495519221 ], [ 424134.005684279138222, 7637917.369602929800749 ], [ 424130.018980479799211, 7637895.441429410129786 ], [ 424125.334209592663683, 7637873.665309910662472 ], [ 424117.005379920592532, 7637841.325398534536362 ], [ 424107.124366817588452, 7637809.427792778238654 ], [ 424095.708899467252195, 7637778.026763325557113 ] ] ] } },
{ "type": "Feature", "properties": { "fid": 411.0, "COMPR_M": 615.73, "CLASSE": "04 - Longa", "CD_FAZ": "400534", "TALHOES": "2", "FAZ_tAL": "400534002", "ID_LINHA": 96346 }, "geometry": { "type": "MultiLineString", "coordinates": [ [ [ 424058.847587600699626, 7638371.98170055821538 ], [ 424074.150414721632842, 7638342.505255494266748 ], [ 424083.657431304513011, 7638322.197104537859559 ], [ 424092.516951642930508, 7638301.5887654684484 ], [ 424100.735498062218539, 7638280.716546164825559 ], [ 424108.311028488795273, 7638259.614852305501699 ], [ 424118.44351527991239, 7638227.573495348915458 ], [ 424124.361231627408415, 7638205.976434418000281 ], [ 424129.595771312073339, 7638184.208845262415707 ], [ 424136.141632712911814, 7638151.272119426168501 ], [ 424141.087113497545943, 7638118.039002381265163 ], [ 424143.485563288326375, 7638095.747998827137053 ], [ 424145.166390694794245, 7638073.378547052852809 ], [ 424146.34525318199303, 7638039.736741025932133 ], [ 424146.238426951807924, 7638017.290120302699506 ], [ 424145.419222378404811, 7637994.860248116776347 ], [ 424143.889243663637899, 7637972.474341968074441 ], [ 424141.650142490048893, 7637950.15961707662791 ], [ 424136.965607912279665, 7637916.880288440734148 ], [ 424130.696638434368651, 7637883.902256310917437 ], [ 424122.85384727246128, 7637851.287582479417324 ], [ 424113.448332505591679, 7637819.096862995997071 ], [ 424106.315862296847627, 7637797.900545209646225 ], [ 424098.590650502068456, 7637777.163838030770421 ] ] ] } },
{ "type": "Feature", "properties": { "fid": 412.0, "COMPR_M": 620.55, "CLASSE": "04 - Longa", "CD_FAZ": "400534", "TALHOES": "2", "FAZ_tAL": "400534002", "ID_LINHA": 96347 }, "geometry": { "type": "MultiLineString", "coordinates": [ [ [ 424060.287596138135996, 7638375.551266787573695 ], [ 424076.846458277083002, 7638343.821292878128588 ], [ 424090.923887315613683, 7638313.113125591538846 ], [ 424099.497532142617274, 7638292.282344594597816 ], [ 424107.428001591993961, 7638271.206629931926727 ], [ 424118.099408475798555, 7638239.185619654133916 ], [ 424124.380495109013282, 7638217.590082267299294 ], [ 424129.981552292243578, 7638195.814419167116284 ], [ 424137.082841662806459, 7638162.847689239308238 ], [ 424142.589250877150334, 7638129.564090218394995 ], [ 424145.359009854553733, 7638107.225958126597106 ], [ 424147.407253646058962, 7638084.796175415627658 ], [ 424149.130033475754317, 7638051.038979711011052 ], [ 424149.381046424736269, 7638028.498760535381734 ], [ 424148.915868215844966, 7638005.961889183148742 ], [ 424147.736089508107398, 7637983.455529717728496 ], [ 424145.843332643504255, 7637961.006846567615867 ], [ 424141.670988792669959, 7637927.501370687037706 ], [ 424138.003214806434698, 7637905.314335074275732 ], [ 424133.62962908227928, 7637883.271269005723298 ], [ 424125.753030905383639, 7637850.516014646738768 ], [ 424116.306826966057997, 7637818.186041385866702 ], [ 424109.143542947771493, 7637796.898147132247686 ], [ 424101.47240153606981, 7637776.30091273970902 ] ] ] } },
{ "type": "Feature", "properties": { "fid": 413.0, "COMPR_M": 625.36, "CLASSE": "04 - Longa", "CD_FAZ": "400534", "TALHOES": "2", "FAZ_tAL": "400534002", "ID_LINHA": 96348 }, "geometry": { "type": "MultiLineString", "coordinates": [ [ [ 424061.724372096476145, 7638379.112819937989116 ], [ 424079.542501833057031, 7638345.137330261990428 ], [ 424093.680079225625377, 7638314.29801332950592 ], [ 424102.289014206733555, 7638293.381503541022539 ], [ 424110.25164502626285, 7638272.220317095518112 ], [ 424120.966775034670718, 7638240.06808684207499 ], [ 424127.273934577242471, 7638218.382899085059762 ], [ 424132.898491436964832, 7638196.51586645655334 ], [ 424140.029975898563862, 7638163.408920764923096 ], [ 424145.560162917070556, 7638129.98155552148819 ], [ 424148.341890253941528, 7638107.546911715529859 ], [ 424150.398916461563203, 7638085.020970140583813 ], [ 424152.129030855780002, 7638051.120132030919194 ], [ 424152.381107083405368, 7638028.484482944011688 ], [ 424151.913963620841969, 7638005.852388808503747 ], [ 424150.729201345238835, 7637983.250961223617196 ], [ 424148.828436982003041, 7637960.707311976701021 ], [ 424144.638361399294809, 7637927.059471305459738 ], [ 424140.954924060031772, 7637904.777688262984157 ], [ 424136.56261973065557, 7637882.640281699597836 ], [ 424128.652214539702982, 7637849.744446815922856 ], [ 424119.1653214256512, 7637817.275219775736332 ], [ 424111.971223598113284, 7637795.895749058574438 ], [ 424104.354152569896542, 7637775.437987446784973 ] ] ] } },
{ "type": "Feature", "properties": { "fid": 415.0, "COMPR_M": 27.3, "CLASSE": "01 - Muito curta", "CD_FAZ": "400534", "TALHOES": "2", "FAZ_tAL": "400534002", "ID_LINHA": 96349 }, "geometry": { "type": "MultiLineString", "coordinates": [ [ [ 424317.607480745355133, 7637930.975563411600888 ], [ 424314.066387509868946, 7637903.915775990113616 ] ] ] } },
{ "type": "Feature", "properties": { "fid": 416.0, "COMPR_M": 42.73, "CLASSE": "01 - Muito curta", "CD_FAZ": "400534", "TALHOES": "2", "FAZ_tAL": "400534002", "ID_LINHA": 96350 }, "geometry": { "type": "MultiLineString", "coordinates": [ [ [ 424315.836041149916127, 7637942.473337703384459 ], [ 424310.463341524358839, 7637900.098700553178787 ] ] ] } },
{ "type": "Feature", "properties": { "fid": 417.0, "COMPR_M": 58.4, "CLASSE": "01 - Muito curta", "CD_FAZ": "400534", "TALHOES": "2", "FAZ_tAL": "400534002", "ID_LINHA": 96351 }, "geometry": { "type": "MultiLineString", "coordinates": [ [ [ 424313.95336166000925, 7637954.460335357114673 ], [ 424311.507893037749454, 7637930.380878383293748 ], [ 424306.864991549693514, 7637896.524226053617895 ] ] ] } },
{ "type": "Feature", "properties": { "fid": 418.0, "COMPR_M": 74.14, "CLASSE": "01 - Muito curta", "CD_FAZ": "400534", "TALHOES": "2", "FAZ_tAL": "400534002", "ID_LINHA": 96352 }, "geometry": { "type": "MultiLineString", "coordinates": [ [ [ 424311.94313628342934, 7637966.778602513484657 ], [ 424308.52793250256218, 7637930.727873798459768 ], [ 424303.304049162426963, 7637893.187862880527973 ] ] ] } },
{ "type": "Feature", "properties": { "fid": 419.0, "COMPR_M": 90.03, "CLASSE": "01 - Muito curta", "CD_FAZ": "400534", "TALHOES": "2", "FAZ_tAL": "400534002", "ID_LINHA": 96353 }, "geometry": { "type": "MultiLineString", "coordinates": [ [ [ 424309.779957561986521, 7637979.295900674536824 ], [ 424308.311031383345835, 7637958.610984145663679 ], [ 424305.547971966851037, 7637931.074869214557111 ], [ 424299.749323821510188, 7637889.898362156935036 ] ] ] } },
{ "type": "Feature", "properties": { "fid": 420.0, "COMPR_M": 106.04, "CLASSE": "02 - Curta", "CD_FAZ": "400534", "TALHOES": "2", "FAZ_tAL": "400534002", "ID_LINHA": 96354 }, "geometry": { "type": "MultiLineString", "coordinates": [ [ [ 424307.446511772868689, 7637991.873691944405437 ], [ 424306.371016961173154, 7637972.613399432040751 ], [ 424304.053862560889684, 7637945.131513210013509 ], [ 424300.863980907597579, 7637917.737172110006213 ], [ 424296.122305853990838, 7637886.543792401440442 ] ] ] } },
{ "type": "Feature", "properties": { "fid": 421.0, "COMPR_M": 122.1, "CLASSE": "02 - Curta", "CD_FAZ": "400534", "TALHOES": "2", "FAZ_tAL": "400534002", "ID_LINHA": 96355 }, "geometry": { "type": "MultiLineString", "coordinates": [ [ [ 424304.937336261791643, 7638004.48404847830534 ], [ 424303.377905122877564, 7637972.81796792615205 ], [ 424301.068758222390898, 7637945.431047800928354 ], [ 424297.889929409429897, 7637918.131621707230806 ], [ 424292.490701907605398, 7637883.162797642871737 ] ] ] } },
{ "type": "Feature", "properties": { "fid": 422.0, "COMPR_M": 138.26, "CLASSE": "02 - Curta", "CD_FAZ": "400534", "TALHOES": "2", "FAZ_tAL": "400534002", "ID_LINHA": 96356 }, "geometry": { "type": "MultiLineString", "coordinates": [ [ [ 424302.249037821777165, 7638017.134706147015095 ], [ 424301.21022873010952, 7637986.693624127656221 ], [ 424298.083653884066734, 7637945.730582392774522 ], [ 424294.915877911786083, 7637918.5260713044554 ], [ 424288.849237634218298, 7637879.724986402317882 ] ] ] } },
{ "type": "Feature", "properties": { "fid": 423.0, "COMPR_M": 154.59, "CLASSE": "02 - Curta", "CD_FAZ": "400534", "TALHOES": "2", "FAZ_tAL": "400534002", "ID_LINHA": 96357 }, "geometry": { "type": "MultiLineString", "coordinates": [ [ [ 424299.377583771885838, 7638029.825164263136685 ], [ 424298.214247837546282, 7637986.850674588233232 ], [ 424295.098549546499271, 7637946.030116983689368 ], [ 424290.039619137591217, 7637905.40640161652118 ], [ 424285.146903014567215, 7637876.158025273121893 ] ] ] } },
{ "type": "Feature", "properties": { "fid": 424.0, "COMPR_M": 171.0, "CLASSE": "02 - Curta", "CD_FAZ": "400534", "TALHOES": "2", "FAZ_tAL": "400534002", "ID_LINHA": 96358 }, "geometry": { "type": "MultiLineString", "coordinates": [ [ [ 424296.320396596973296, 7638042.470438314601779 ], [ 424295.82254307763651, 7638000.596370754763484 ], [ 424293.363596136507113, 7637959.87128940038383 ], [ 424288.96777491614921, 7637919.314970497041941 ], [ 424284.961789613240398, 7637892.414563963189721 ], [ 424281.391107063158415, 7637872.46474786195904 ] ] ] } },
{ "type": "Feature", "properties": { "fid": 425.0, "COMPR_M": 187.32, "CLASSE": "02 - Curta", "CD_FAZ": "400534", "TALHOES": "2", "FAZ_tAL": "400534002", "ID_LINHA": 96359 }, "geometry": { "type": "MultiLineString", "coordinates": [ [ [ 424293.081907743122429, 7638054.934291144832969 ], [ 424293.211750802409369, 7638014.256450839340687 ], [ 424292.222286055737641, 7637987.164775513112545 ], [ 424290.374109085532837, 7637960.123350452631712 ], [ 424285.993723419436719, 7637919.709420096129179 ], [ 424282.001865979458671, 7637892.903878452256322 ], [ 424277.619374858564697, 7637868.687637271359563 ] ] ] } },
{ "type": "Feature", "properties": { "fid": 426.0, "COMPR_M": 203.5, "CLASSE": "02 - Curta", "CD_FAZ": "400534", "TALHOES": "2", "FAZ_tAL": "400534002", "ID_LINHA": 96360 }, "geometry": { "type": "MultiLineString", "coordinates": [ [ [ 424289.65312655386515, 7638067.121288874186575 ], [ 424290.340877633425407, 7638041.340337246656418 ], [ 424290.212295213132165, 7638014.318362459540367 ], [ 424289.226305163989309, 7637987.321825970895588 ], [ 424287.384622036537621, 7637960.375411504879594 ], [ 424284.688248213380575, 7637933.503837124444544 ], [ 424281.137501316086855, 7637906.732099762186408 ], [ 424273.791571464971639, 7637864.794140204787254 ] ] ] } },
{ "type": "Feature", "properties": { "fid": 427.0, "COMPR_M": 219.24, "CLASSE": "02 - Curta", "CD_FAZ": "400534", "TALHOES": "2", "FAZ_tAL": "400534002", "ID_LINHA": 96361 }, "geometry": { "type": "MultiLineString", "coordinates": [ [ [ 424286.076436935167294, 7638078.736359287053347 ], [ 424287.083912983245682, 7638054.771986503154039 ], [ 424287.383836728986353, 7638027.84199136774987 ], [ 424286.828256862412672, 7638000.924871881492436 ], [ 424285.419234089844394, 7637974.045378902927041 ], [ 424283.158132193319034, 7637947.228255352005363 ], [ 424280.045620424323715, 7637920.498319286853075 ], [ 424276.082018711022101, 7637893.882507429458201 ], [ 424269.8989365354646, 7637860.783693387173116 ] ] ] } },
{ "type": "Feature", "properties": { "fid": 428.0, "COMPR_M": 234.32, "CLASSE": "02 - Curta", "CD_FAZ": "400534", "TALHOES": "2", "FAZ_tAL": "400534002", "ID_LINHA": 96362 }, "geometry": { "type": "MultiLineString", "coordinates": [ [ [ 424282.385978755657561, 7638089.636064108461142 ], [ 424284.084915601066314, 7638054.690834179520607 ], [ 424284.383776069851592, 7638027.856268958188593 ], [ 424283.830161456775386, 7638001.034372258931398 ], [ 424282.426122251141351, 7637974.249947400763631 ], [ 424280.173027855635155, 7637947.527789943851531 ], [ 424277.071568926505279, 7637920.892768886871636 ], [ 424273.122095077007543, 7637894.371821923181415 ], [ 424265.995857911882922, 7637856.722734401002526 ] ] ] } },
{ "type": "Feature", "properties": { "fid": 429.0, "COMPR_M": 248.75, "CLASSE": "02 - Curta", "CD_FAZ": "400534", "TALHOES": "2", "FAZ_tAL": "400534002", "ID_LINHA": 96363 }, "geometry": { "type": "MultiLineString", "coordinates": [ [ [ 424278.617779035586864, 7638099.766207594424486 ], [ 424280.617658178613055, 7638067.976133456453681 ], [ 424281.341151105472818, 7638041.240112482570112 ], [ 424281.21392844687216, 7638014.504097322933376 ], [ 424279.433010412496515, 7637974.454515893943608 ], [ 424275.748366606771015, 7637934.544823371805251 ], [ 424272.235383496270515, 7637908.057797905988991 ], [ 424267.878422011097427, 7637881.701875393278897 ], [ 424262.022399461478926, 7637852.560647470876575 ] ] ] } },
{ "type": "Feature", "properties": { "fid": 430.0, "COMPR_M": 262.67, "CLASSE": "02 - Curta", "CD_FAZ": "400534", "TALHOES": "2", "FAZ_tAL": "400534002", "ID_LINHA": 96364 }, "geometry": { "type": "MultiLineString", "coordinates": [ [ [ 424274.789124874281697, 7638109.298506820574403 ], [ 424276.941091808956116, 7638081.159495818428695 ], [ 424278.341242261929438, 7638041.206704227253795 ], [ 424278.214472858118825, 7638014.566008945927024 ], [ 424276.439898574026302, 7637974.659084391780198 ], [ 424272.768406071932986, 7637934.891818786039948 ], [ 424269.268010889063589, 7637908.499697286635637 ], [ 424264.926712755346671, 7637882.23852220736444 ], [ 424258.004388676257804, 7637848.3378677777946 ] ] ] } },
{ "type": "Feature", "properties": { "fid": 431.0, "COMPR_M": 276.28, "CLASSE": "02 - Curta", "CD_FAZ": "400534", "TALHOES": "2", "FAZ_tAL": "400534002", "ID_LINHA": 96365 }, "geometry": { "type": "MultiLineString", "coordinates": [ [ [ 424270.857983807218261, 7638118.513723282143474 ], [ 424273.946212238573935, 7638080.982656073756516 ], [ 424275.341333419957664, 7638041.1732959728688 ], [ 424275.215017269540112, 7638014.627920568920672 ], [ 424273.446786735032219, 7637974.863652888685465 ], [ 424269.788445534766652, 7637935.238814202137291 ], [ 424266.300638281507418, 7637908.941596667282283 ], [ 424261.975003501807805, 7637882.775169017724693 ], [ 424253.985107142361812, 7637844.109403481706977 ] ] ] } },
{ "type": "Feature", "properties": { "fid": 432.0, "COMPR_M": 289.8, "CLASSE": "02 - Curta", "CD_FAZ": "400534", "TALHOES": "2", "FAZ_tAL": "400534002", "ID_LINHA": 96366 }, "geometry": { "type": "MultiLineString", "coordinates": [ [ [ 424266.833227324241307, 7638127.501387603580952 ], [ 424270.065429123875219, 7638094.012759217992425 ], [ 424272.088926081021782, 7638054.366224893368781 ], [ 424272.383533434418496, 7638027.913379321806133 ], [ 424271.250419816467911, 7637988.264128740876913 ], [ 424268.232610503910109, 7637948.725928308442235 ], [ 424263.333265675464645, 7637909.383496049791574 ], [ 424256.556441911379807, 7637870.334858884103596 ], [ 424249.860275904473383, 7637839.767916090786457 ] ] ] } },
{ "type": "Feature", "properties": { "fid": 433.0, "COMPR_M": 303.13, "CLASSE": "03 - Média", "CD_FAZ": "400534", "TALHOES": "2", "FAZ_tAL": "400534002", "ID_LINHA": 96367 }, "geometry": { "type": "MultiLineString", "coordinates": [ [ [ 424262.746831681230105, 7638136.271876830607653 ], [ 424265.979853809345514, 7638106.934072270989418 ], [ 424268.628368059056811, 7638067.460290141403675 ], [ 424269.383472777029965, 7638027.927656912244856 ], [ 424268.254438925301656, 7637988.421179201453924 ], [ 424265.247506166051608, 7637949.025462900288403 ], [ 424260.365893068432342, 7637909.825395429506898 ], [ 424253.613710251112934, 7637870.918732617050409 ], [ 424245.729121768148616, 7637835.419500697404146 ] ] ] } },
{ "type": "Feature", "properties": { "fid": 434.0, "COMPR_M": 316.28, "CLASSE": "03 - Média", "CD_FAZ": "400534", "TALHOES": "2", "FAZ_tAL": "400534002", "ID_LINHA": 96368 }, "geometry": { "type": "MultiLineString", "coordinates": [ [ [ 424258.593049314105883, 7638144.799879780039191 ], [ 424262.992188187898137, 7638106.661241211928427 ], [ 424265.631045529618859, 7638067.331329312175512 ], [ 424266.383412118244451, 7638027.941934501752257 ], [ 424265.258458033727948, 7637988.578229662030935 ], [ 424262.262401827669237, 7637949.324997492134571 ], [ 424257.39852046163287, 7637910.267294811084867 ], [ 424250.67097859014757, 7637871.502606347203255 ], [ 424241.550503924721852, 7637831.02268744725734 ] ] ] } },
{ "type": "Feature", "properties": { "fid": 435.0, "COMPR_M": 329.27, "CLASSE": "03 - Média", "CD_FAZ": "400534", "TALHOES": "2", "FAZ_tAL": "400534002", "ID_LINHA": 96369 }, "geometry": { "type": "MultiLineString", "coordinates": [ [ [ 424254.347040774824563, 7638153.066838344559073 ], [ 424257.201760006719269, 7638132.436502330005169 ], [ 424260.004522565053776, 7638106.388410151936114 ], [ 424262.633723000530154, 7638067.20236848294735 ], [ 424263.383351459226105, 7638027.956212091259658 ], [ 424262.262477142445277, 7637988.735280124470592 ], [ 424259.277297489985358, 7637949.624532083049417 ], [ 424254.431147854425944, 7637910.709194193594158 ], [ 424247.72824692830909, 7637872.08648008108139 ], [ 424242.233645799278747, 7637846.546126309782267 ], [ 424237.302324823627714, 7637826.556154110468924 ] ] ] } },
{ "type": "Feature", "properties": { "fid": 436.0, "COMPR_M": 341.78, "CLASSE": "03 - Média", "CD_FAZ": "400534", "TALHOES": "2", "FAZ_tAL": "400534002", "ID_LINHA": 96370 }, "geometry": { "type": "MultiLineString", "coordinates": [ [ [ 424250.106655895477161, 7638160.851710446178913 ], [ 424255.725584624917246, 7638119.101240963675082 ], [ 424258.97181438485859, 7638080.098457349464297 ], [ 424260.341789206548128, 7638041.006254700012505 ], [ 424260.217739325889852, 7638014.937478678300977 ], [ 424259.266496250755154, 7637988.892330586910248 ], [ 424257.489751542569138, 7637962.896022018045187 ], [ 424254.888642853708006, 7637936.973791280761361 ], [ 424249.44270600634627, 7637898.286337838508189 ], [ 424242.150283060327638, 7637859.924738677218556 ], [ 424233.056052266329061, 7637822.097023813053966 ] ] ] } },
{ "type": "Feature", "properties": { "fid": 437.0, "COMPR_M": 354.04, "CLASSE": "03 - Média", "CD_FAZ": "400534", "TALHOES": "2", "FAZ_tAL": "400534002", "ID_LINHA": 96371 }, "geometry": { "type": "MultiLineString", "coordinates": [ [ [ 424245.844268082990311, 7638168.234185363166034 ], [ 424249.542084321787115, 7638144.592841064557433 ], [ 424252.742704225936905, 7638118.780287375673652 ], [ 424255.976934813894331, 7638079.921617605723441 ], [ 424257.341880363877863, 7638040.972846444696188 ], [ 424257.218283737427555, 7638014.999390296638012 ], [ 424256.2705153580755, 7637989.049381045624614 ], [ 424254.500264493690338, 7637963.148083070293069 ], [ 424251.908682319335639, 7637937.320786696858704 ], [ 424246.482782371109352, 7637898.775652325712144 ], [ 424239.21729241166031, 7637860.555725981481373 ], [ 424233.357325434859376, 7637835.295850979164243 ], [ 424228.689164088456891, 7637817.518872286193073 ] ] ] } },
{ "type": "Feature", "properties": { "fid": 438.0, "COMPR_M": 365.99, "CLASSE": "03 - Média", "CD_FAZ": "400534", "TALHOES": "2", "FAZ_tAL": "400534002", "ID_LINHA": 96372 }, "geometry": { "type": "MultiLineString", "coordinates": [ [ [ 424241.541070228908211, 7638175.305781520903111 ], [ 424244.663978968106676, 7638156.990567745640874 ], [ 424248.269864121568389, 7638131.329002334736288 ], [ 424251.041525697160978, 7638105.569916971027851 ], [ 424252.982055242464412, 7638079.744777861051261 ], [ 424254.341971520043444, 7638040.939438192173839 ], [ 424254.218828149023466, 7638015.061301918700337 ], [ 424253.274534467549529, 7637989.20643150806427 ], [ 424251.510777444113046, 7637963.400144120678306 ], [ 424248.928721783799119, 7637937.667782114818692 ], [ 424243.522858737385832, 7637899.264966817572713 ], [ 424236.284301763400435, 7637861.186713289469481 ], [ 424230.446108385454863, 7637836.020693487487733 ], [ 424224.322924850974232, 7637812.951173985376954 ] ] ] } },
{ "type": "Feature", "properties": { "fid": 439.0, "COMPR_M": 377.65, "CLASSE": "03 - Média", "CD_FAZ": "400534", "TALHOES": "2", "FAZ_tAL": "400534002", "ID_LINHA": 96373 }, "geometry": { "type": "MultiLineString", "coordinates": [ [ [ 424237.272650456405245, 7638181.993731267750263 ], [ 424243.600260240782518, 7638143.757910462096334 ], [ 424246.776943427277729, 7638118.138380193151534 ], [ 424249.1237894090591, 7638092.439196129329503 ], [ 424250.644432880042586, 7638066.686525169759989 ], [ 424251.342062677664217, 7638040.906029935926199 ], [ 424251.219372558174655, 7638015.123213540762663 ], [ 424250.278553576674312, 7637989.363481968641281 ], [ 424248.521290394652169, 7637963.652205171063542 ], [ 424245.948761247214861, 7637938.014777528122067 ], [ 424240.562935101857875, 7637899.754281308501959 ], [ 424235.95732028328348, 7637874.421975014731288 ], [ 424230.54370217822725, 7637849.258044669404626 ], [ 424219.874352144252043, 7637808.309512094594538 ] ] ] } },
{ "type": "Feature", "properties": { "fid": 440.0, "COMPR_M": 389.24, "CLASSE": "03 - Média", "CD_FAZ": "400534", "TALHOES": "2", "FAZ_tAL": "400534002", "ID_LINHA": 96374 }, "geometry": { "type": "MultiLineString", "coordinates": [ [ [ 424232.909664621925913, 7638188.555494191125035 ], [ 424236.638698569033295, 7638168.736910712905228 ], [ 424240.629348201036919, 7638143.340445160865784 ], [ 424243.794063027016819, 7638117.817426603287458 ], [ 424246.132126591925044, 7638092.214401402510703 ], [ 424247.647110351826996, 7638066.557564338669181 ], [ 424248.342153835634235, 7638040.872621679678559 ], [ 424248.21991696942132, 7638015.185125162824988 ], [ 424247.282572685391642, 7637989.520532432943583 ], [ 424245.5318033452495, 7637963.904266223311424 ], [ 424242.968800710921641, 7637938.361772945150733 ], [ 424237.603011468483601, 7637900.243595796637237 ], [ 424233.014588622259907, 7637875.005848746746778 ], [ 424227.621216273866594, 7637849.936024259775877 ], [ 424221.426090815628413, 7637825.054276213049889 ], [ 424215.384406905563083, 7637803.639273410663009 ] ] ] } },
{ "type": "Feature", "properties": { "fid": 441.0, "COMPR_M": 400.78, "CLASSE": "03 - Média", "CD_FAZ": "400534", "TALHOES": "2", "FAZ_tAL": "400534002", "ID_LINHA": 96375 }, "geometry": { "type": "MultiLineString", "coordinates": [ [ [ 424228.539481201732997, 7638195.013386745005846 ], [ 424233.682902514061425, 7638168.223240382038057 ], [ 424237.65843616030179, 7638142.922979859635234 ], [ 424240.811182627687231, 7638117.496473014354706 ], [ 424243.140463775489479, 7638091.989606676623225 ], [ 424244.649787822621875, 7638066.428603512234986 ], [ 424245.342244992381893, 7638040.83921342715621 ], [ 424245.2204613807844, 7638015.247036785818636 ], [ 424244.28659179440001, 7637989.677582891657948 ], [ 424242.542316295905039, 7637964.156327274627984 ], [ 424239.988840175501537, 7637938.708768358454108 ], [ 424236.626912212581374, 7637913.360590482130647 ], [ 424232.457910954428371, 7637888.141637125052512 ], [ 424227.485329819028266, 7637863.079675206914544 ], [ 424221.7124572385801, 7637838.19522101432085 ], [ 424210.843186855025124, 7637798.932795784436166 ] ] ] } },
{ "type": "Feature", "properties": { "fid": 442.0, "COMPR_M": 412.75, "CLASSE": "03 - Média", "CD_FAZ": "400534", "TALHOES": "2", "FAZ_tAL": "400534002", "ID_LINHA": 96376 }, "geometry": { "type": "MultiLineString", "coordinates": [ [ [ 424224.00914494675817, 7638201.797246246598661 ], [ 424228.444002983625978, 7638180.245866497047246 ], [ 424232.809051344753243, 7638155.127721808850765 ], [ 424236.36066960869357, 7638129.85233567468822 ], [ 424239.090863207471557, 7638104.478592731058598 ], [ 424241.002536959655117, 7638079.037418881431222 ], [ 424242.098952274071053, 7638053.554701676592231 ], [ 424242.382926847436465, 7638028.056155227124691 ], [ 424241.856825782801025, 7638002.567377524450421 ], [ 424240.522556508774869, 7637977.113906344398856 ], [ 424238.381567123811692, 7637951.721274227835238 ], [ 424235.43484795949189, 7637926.415063238702714 ], [ 424231.683164201502223, 7637901.222224775701761 ], [ 424227.12912529980531, 7637876.17359621450305 ], [ 424221.776244462758768, 7637851.291983442381024 ], [ 424215.627723549026996, 7637826.597411875613034 ], [ 424206.226584895979613, 7637794.168033331632614 ] ] ] } },
{ "type": "Feature", "properties": { "fid": 443.0, "COMPR_M": 425.47, "CLASSE": "03 - Média", "CD_FAZ": "400534", "TALHOES": "2", "FAZ_tAL": "400534002", "ID_LINHA": 96377 }, "geometry": { "type": "MultiLineString", "coordinates": [ [ [ 424219.247101901331916, 7638209.287136442027986 ], [ 424225.496868747053668, 7638179.684634974226356 ], [ 424229.845319438958541, 7638154.662010323256254 ], [ 424233.383370978524908, 7638129.483169007115066 ], [ 424236.103197584394366, 7638104.205761674791574 ], [ 424238.007657388690859, 7638078.860579136759043 ], [ 424239.099954892124515, 7638053.473549355752766 ], [ 424239.382866188883781, 7638028.07043281942606 ], [ 424238.858730376698077, 7638002.676877902820706 ], [ 424236.563342195353471, 7637964.660449378192425 ], [ 424234.028919104719535, 7637939.402759192511439 ], [ 424230.692166998051107, 7637914.244389247149229 ], [ 424226.554492445080541, 7637889.21493074670434 ], [ 424221.619348523498047, 7637864.341649819165468 ], [ 424215.890023139014374, 7637839.644906034693122 ], [ 424209.369705132965464, 7637815.144689938053489 ], [ 424201.581069604901131, 7637789.394174812361598 ] ] ] } },
{ "type": "Feature", "properties": { "fid": 444.0, "COMPR_M": 439.2, "CLASSE": "03 - Média", "CD_FAZ": "400534", "TALHOES": "2", "FAZ_tAL": "400534002", "ID_LINHA": 96378 }, "geometry": { "type": "MultiLineString", "coordinates": [ [ [ 424214.209308665711433, 7638217.617019893601537 ], [ 424220.086119449406397, 7638191.517581221647561 ], [ 424224.815514350426383, 7638166.682229386642575 ], [ 424228.745700038620271, 7638141.67058395780623 ], [ 424231.862541430979036, 7638116.533612243831158 ], [ 424234.165475326240994, 7638091.31522249430418 ], [ 424235.65782023180509, 7638066.04172102548182 ], [ 424236.342518464662135, 7638040.738988661207259 ], [ 424235.86063497106079, 7638002.786378276534379 ], [ 424233.573855148162693, 7637964.912510429508984 ], [ 424231.048958568077069, 7637939.749754605814815 ], [ 424227.724794392473996, 7637914.686288626864552 ], [ 424223.602783190144692, 7637889.75157755613327 ], [ 424218.686357875005342, 7637864.972637124359608 ], [ 424212.97880609089043, 7637840.36974854581058 ], [ 424206.483319971361198, 7637815.96283708140254 ], [ 424196.831512154603843, 7637784.531685795634985 ] ] ] } },
{ "type": "Feature", "properties": { "fid": 445.0, "COMPR_M": 452.19, "CLASSE": "03 - Média", "CD_FAZ": "400534", "TALHOES": "2", "FAZ_tAL": "400534002", "ID_LINHA": 96379 }, "geometry": { "type": "MultiLineString", "coordinates": [ [ [ 424209.230545310070738, 7638225.200955150648952 ], [ 424217.148358078906313, 7638190.909195836633444 ], [ 424221.859718296909705, 7638166.168559052050114 ], [ 424225.774788000446279, 7638141.253118654713035 ], [ 424228.87966103060171, 7638116.21265865303576 ], [ 424231.173812509863637, 7638091.090427769348025 ], [ 424232.66049770230893, 7638065.912760196253657 ], [ 424233.342609621526208, 7638040.705580411478877 ], [ 424232.862539565889165, 7638002.895878652110696 ], [ 424230.584368097712286, 7637965.164571478962898 ], [ 424228.068998031609226, 7637940.09675002284348 ], [ 424224.757421785790939, 7637915.128188008442521 ], [ 424220.651073936081957, 7637890.288224367424846 ], [ 424213.008786748629063, 7637853.325922209769487 ], [ 424206.930172648688313, 7637828.91211536899209 ], [ 424200.068271843076218, 7637804.703691884875298 ], [ 424192.060667886747979, 7637779.662322071380913 ] ] ] } },
{ "type": "Feature", "properties": { "fid": 446.0, "COMPR_M": 463.73, "CLASSE": "03 - Média", "CD_FAZ": "400534", "TALHOES": "2", "FAZ_tAL": "400534002", "ID_LINHA": 96380 }, "geometry": { "type": "MultiLineString", "coordinates": [ [ [ 424204.571774592390284, 7638231.208876131102443 ], [ 424211.571138740400784, 7638202.552366007119417 ], [ 424216.655466038908344, 7638178.000940401107073 ], [ 424222.80387595994398, 7638140.835653353482485 ], [ 424225.896780632436275, 7638115.891705064103007 ], [ 424228.182149693486281, 7638090.865633042529225 ], [ 424229.66317517333664, 7638065.783799367025495 ], [ 424230.342700779321603, 7638040.672172155231237 ], [ 424229.864444160601124, 7638003.005379028618336 ], [ 424227.594881048542447, 7637965.416632533073425 ], [ 424225.089037496072706, 7637940.443745438009501 ], [ 424221.790049178758636, 7637915.570087388157845 ], [ 424217.699364682252053, 7637890.824871182441711 ], [ 424210.086300842638593, 7637854.003901802003384 ], [ 424204.030989014485385, 7637829.683683203533292 ], [ 424197.195450737548526, 7637805.568263716995716 ], [ 424187.163969321816694, 7637774.675998141989112 ] ] ] } },
{ "type": "Feature", "properties": { "fid": 447.0, "COMPR_M": 474.84, "CLASSE": "03 - Média", "CD_FAZ": "400534", "TALHOES": "2", "FAZ_tAL": "400534002", "ID_LINHA": 96381 }, "geometry": { "type": "MultiLineString", "coordinates": [ [ [ 424199.994299509329721, 7638236.756194679066539 ], [ 424208.643447046342772, 7638201.89724026620388 ], [ 424213.708331801404711, 7638177.439708875492215 ], [ 424219.832963919674512, 7638140.418188052251935 ], [ 424222.913900233106688, 7638115.57075147330761 ], [ 424225.190486875188071, 7638090.64083831384778 ], [ 424226.665852643374819, 7638065.654838539659977 ], [ 424227.342791936651338, 7638040.638763898983598 ], [ 424226.866348755138461, 7638003.11487940326333 ], [ 424224.605393998906948, 7637965.668693580664694 ], [ 424222.109076960070524, 7637940.790740853175521 ], [ 424216.883546030323487, 7637903.66879722289741 ], [ 424212.41546699416358, 7637879.092964882031083 ], [ 424204.245154944364913, 7637842.54427607357502 ], [ 424197.824164481775369, 7637818.417278512381017 ], [ 424190.627682923863176, 7637794.504679470323026 ], [ 424182.238819897174835, 7637769.668381960131228 ] ] ] } },
{ "type": "Feature", "properties": { "fid": 448.0, "COMPR_M": 480.81, "CLASSE": "03 - Média", "CD_FAZ": "400534", "TALHOES": "2", "FAZ_tAL": "400534002", "ID_LINHA": 96382 }, "geometry": { "type": "MultiLineString", "coordinates": [ [ [ 424196.77722414303571, 7638237.181817295961082 ], [ 424205.715755351877306, 7638201.242114525288343 ], [ 424210.761197566811461, 7638176.87847735080868 ], [ 424215.02665990893729, 7638152.333452900871634 ], [ 424218.49687783740228, 7638127.637335680425167 ], [ 424221.164869472850114, 7638102.841606374830008 ], [ 424223.668530113180168, 7638065.525877712294459 ], [ 424224.342883093515411, 7638040.605355644598603 ], [ 424223.868253349442966, 7638003.22437977977097 ], [ 424221.61590694921324, 7637965.920754635706544 ], [ 424219.129116422380321, 7637941.137736271135509 ], [ 424213.923622396832798, 7637904.158111711964011 ], [ 424209.472735333431046, 7637879.676838614046574 ], [ 424201.333937893738039, 7637843.269118582829833 ], [ 424194.93777931923978, 7637819.235425654798746 ], [ 424187.769188465201296, 7637795.415501082316041 ], [ 424177.177027007681318, 7637764.525601256638765 ] ] ] } },
{ "type": "Feature", "properties": { "fid": 449.0, "COMPR_M": 488.48, "CLASSE": "03 - Média", "CD_FAZ": "400534", "TALHOES": "2", "FAZ_tAL": "400534002", "ID_LINHA": 96383 }, "geometry": { "type": "MultiLineString", "coordinates": [ [ [ 424194.170886436535511, 7638235.308106444776058 ], [ 424202.788063658284955, 7638200.586988784372807 ], [ 424207.814063329133205, 7638176.317245827056468 ], [ 424213.891139840125106, 7638139.583257449790835 ], [ 424216.948139435378835, 7638114.928844293579459 ], [ 424219.207161243248265, 7638090.19124886021018 ], [ 424221.105970610165969, 7638052.98663542792201 ], [ 424221.382502236170694, 7638028.156098361127079 ], [ 424220.318744663207326, 7637990.933986581861973 ], [ 424217.485836756241042, 7637953.818016367964447 ], [ 424214.61648747685831, 7637929.176210416480899 ], [ 424208.844236918259412, 7637892.434811612591147 ], [ 424204.021404633997008, 7637868.127573656849563 ], [ 424195.333438112982549, 7637831.998386696912348 ], [ 424188.576987419684883, 7637808.161979218944907 ], [ 424181.053646420536097, 7637784.550969926640391 ], [ 424170.634426353673916, 7637755.590705711394548 ] ] ] } },
{ "type": "Feature", "properties": { "fid": 450.0, "COMPR_M": 485.68, "CLASSE": "03 - Média", "CD_FAZ": "400534", "TALHOES": "2", "FAZ_tAL": "400534002", "ID_LINHA": 96384 }, "geometry": { "type": "MultiLineString", "coordinates": [ [ [ 424191.564548732887488, 7638233.434395591728389 ], [ 424199.860371964168735, 7638199.93186304345727 ], [ 424204.866929094365332, 7638175.756014302372932 ], [ 424210.920227800146677, 7638139.165792148560286 ], [ 424213.965259036107454, 7638114.607890702784061 ], [ 424216.215498426288832, 7638089.96645413339138 ], [ 424218.106973229208961, 7638052.905483108013868 ], [ 424218.38244157761801, 7638028.170375951565802 ], [ 424217.32276377058588, 7637991.091037044301629 ], [ 424214.500732419954147, 7637954.11755096167326 ], [ 424211.642435980436858, 7637929.570660011842847 ], [ 424205.89252766338177, 7637892.9714584229514 ], [ 424201.088413987250533, 7637868.75856096111238 ], [ 424192.434254480758682, 7637832.769954526796937 ], [ 424185.704166314797476, 7637809.026551054790616 ], [ 424178.210212588193826, 7637785.507770804688334 ], [ 424167.75267531897407, 7637756.453631005249918 ] ] ] } },
{ "type": "Feature", "properties": { "fid": 451.0, "COMPR_M": 482.89, "CLASSE": "03 - Média", "CD_FAZ": "400534", "TALHOES": "2", "FAZ_tAL": "400534002", "ID_LINHA": 96385 }, "geometry": { "type": "MultiLineString", "coordinates": [ [ [ 424188.958211027551442, 7638231.560684736818075 ], [ 424196.93268027092563, 7638199.276737302541733 ], [ 424201.919794857909437, 7638175.194782776758075 ], [ 424207.949315759120509, 7638138.748326846398413 ], [ 424210.982378637127113, 7638114.286937111988664 ], [ 424213.223835608689114, 7638089.741659404709935 ], [ 424215.107975849008653, 7638052.824330782517791 ], [ 424215.382380918134004, 7638028.184653541073203 ], [ 424214.326782880234532, 7637991.24808750487864 ], [ 424211.515628081804607, 7637954.41708555072546 ], [ 424208.668384482502006, 7637929.965109610930085 ], [ 424202.940818408795167, 7637893.508105236105621 ], [ 424198.155423338292167, 7637869.389548268169165 ], [ 424189.535070846148301, 7637833.541522357612848 ], [ 424182.831345210317522, 7637809.891122886911035 ], [ 424175.366778759518638, 7637786.4645716836676 ], [ 424164.870924284739885, 7637757.316556299105287 ] ] ] } },
{ "type": "Feature", "properties": { "fid": 452.0, "COMPR_M": 486.6, "CLASSE": "03 - Média", "CD_FAZ": "400534", "TALHOES": "2", "FAZ_tAL": "400534002", "ID_LINHA": 96386 }, "geometry": { "type": "MultiLineString", "coordinates": [ [ [ 424184.656272278865799, 7638235.961609589867294 ], [ 424191.237274320330471, 7638210.544812226668 ], [ 424198.972660621046089, 7638174.633551254868507 ], [ 424204.978403719025664, 7638138.330861544236541 ], [ 424207.999498237040825, 7638113.965983521193266 ], [ 424210.232172793126665, 7638089.516864680685103 ], [ 424212.10897846869193, 7638052.743178461678326 ], [ 424212.382320259814151, 7638028.198931133374572 ], [ 424211.330801988719031, 7637991.405137967318296 ], [ 424208.530523743713275, 7637954.716620143502951 ], [ 424205.694332984392531, 7637930.359559208154678 ], [ 424199.989109154383186, 7637894.044752044603229 ], [ 424195.222432690963615, 7637870.020535575225949 ], [ 424186.635887213633396, 7637834.313090187497437 ], [ 424179.958524103451055, 7637810.755694720894098 ], [ 424172.523344927409198, 7637787.421372562646866 ], [ 424161.989173250331078, 7637758.179481592029333 ] ] ] } },
{ "type": "Feature", "properties": { "fid": 453.0, "COMPR_M": 491.72, "CLASSE": "03 - Média", "CD_FAZ": "400534", "TALHOES": "2", "FAZ_tAL": "400534002", "ID_LINHA": 96387 }, "geometry": { "type": "MultiLineString", "coordinates": [ [ [ 424179.914880498778075, 7638241.711817210540175 ], [ 424188.320335175143555, 7638209.843364938162267 ], [ 424193.646267113625072, 7638186.04211275652051 ], [ 424200.208000379381701, 7638150.004895478487015 ], [ 424203.610384694649838, 7638125.791502353735268 ], [ 424206.226541360490955, 7638101.477451080456376 ], [ 424208.681917465815786, 7638064.881073568016291 ], [ 424209.343338880105875, 7638040.438314370810986 ], [ 424208.877776323119178, 7638003.77188166230917 ], [ 424206.66847170231631, 7637967.181059889495373 ], [ 424204.229313744581304, 7637942.872713346034288 ], [ 424199.124004227516707, 7637906.604684161022305 ], [ 424194.759077026043087, 7637882.596207279711962 ], [ 424186.777852650149725, 7637846.893331128172576 ], [ 424180.505853505048435, 7637823.326161373406649 ], [ 424169.679911097045988, 7637788.378173440694809 ], [ 424159.107422217726707, 7637759.04240688495338 ] ] ] } },
{ "type": "Feature", "properties": { "fid": 455.0, "COMPR_M": 496.97, "CLASSE": "03 - Média", "CD_FAZ": "400534", "TALHOES": "2", "FAZ_tAL": "400534002", "ID_LINHA": 96388 }, "geometry": { "type": "MultiLineString", "coordinates": [ [ [ 424175.09052484575659, 7638247.562640751712024 ], [ 424182.471578118333127, 7638220.923345398157835 ], [ 424190.708505743183196, 7638185.43372737057507 ], [ 424197.244268472597469, 7638149.539183995686471 ], [ 424200.633086066110991, 7638125.422335687093437 ], [ 424203.238875737937633, 7638101.204620018601418 ], [ 424205.684594936145004, 7638064.752112736925483 ], [ 424206.343430036911741, 7638040.404906116425991 ], [ 424205.879680916375946, 7638003.881382036954165 ], [ 424203.678984652971849, 7637967.433120941743255 ], [ 424201.249353208229877, 7637943.219708763062954 ], [ 424196.164080592861865, 7637907.093998650088906 ], [ 424191.816345365252346, 7637883.180081009864807 ], [ 424183.866635599406436, 7637847.61817363742739 ], [ 424177.619468341814354, 7637824.144308517687023 ], [ 424166.836477264529094, 7637789.334974320605397 ], [ 424156.22567118355073, 7637759.905332177877426 ] ] ] } },
{ "type": "Feature", "properties": { "fid": 456.0, "COMPR_M": 10.17, "CLASSE": "01 - Muito curta", "CD_FAZ": "400534", "TALHOES": "2", "FAZ_tAL": "400534002", "ID_LINHA": 96389 }, "geometry": { "type": "MultiLineString", "coordinates": [ [ [ 424159.793706605036277, 7638285.057797586545348 ], [ 424163.115608393971343, 7638275.450636714696884 ] ] ] } },
{ "type": "Feature", "properties": { "fid": 457.0, "COMPR_M": 502.35, "CLASSE": "03 - Média", "CD_FAZ": "400534", "TALHOES": "2", "FAZ_tAL": "400534002", "ID_LINHA": 96390 }, "geometry": { "type": "MultiLineString", "coordinates": [ [ [ 424170.174585822038352, 7638253.524533657357097 ], [ 424179.566060793236829, 7638220.175999848172069 ], [ 424187.770744372508489, 7638184.825341984629631 ], [ 424194.280536567035597, 7638149.073472509160638 ], [ 424197.655787437513936, 7638125.053169023245573 ], [ 424200.251210115849972, 7638100.931788960471749 ], [ 424202.687272406881675, 7638064.623151909559965 ], [ 424203.343521194474306, 7638040.371497860178351 ], [ 424202.881585512135644, 7638003.990882413461804 ], [ 424200.689497604267672, 7637967.685181993059814 ], [ 424198.26939267211128, 7637943.566704180091619 ], [ 424193.204156959080137, 7637907.583313141949475 ], [ 424188.873613703646697, 7637883.763954745605588 ], [ 424180.955418551457115, 7637848.343016147613525 ], [ 424174.733083178929519, 7637824.962455661036074 ], [ 424163.993043435155414, 7637790.291775200515985 ], [ 424153.343920149258338, 7637760.76825746987015 ] ] ] } },
{ "type": "Feature", "properties": { "fid": 458.0, "COMPR_M": 17.77, "CLASSE": "01 - Muito curta", "CD_FAZ": "400534", "TALHOES": "2", "FAZ_tAL": "400534002", "ID_LINHA": 96391 }, "geometry": { "type": "MultiLineString", "coordinates": [ [ [ 424154.72813895548461, 7638290.348265687935054 ], [ 424160.577361150411889, 7638273.578417774289846 ] ] ] } },
{ "type": "Feature", "properties": { "fid": 459.0, "COMPR_M": 507.94, "CLASSE": "03 - Média", "CD_FAZ": "400534", "TALHOES": "2", "FAZ_tAL": "400534002", "ID_LINHA": 96392 }, "geometry": { "type": "MultiLineString", "coordinates": [ [ [ 424165.112960817757994, 7638259.6631098408252 ], [ 424173.568966077116784, 7638231.067968219518661 ], [ 424182.294221802207176, 7638196.001108596101403 ], [ 424189.345961695828009, 7638160.518185401335359 ], [ 424193.094755558529869, 7638136.661000341176987 ], [ 424196.06797664106125, 7638112.682169161736965 ], [ 424199.074222968774848, 7638076.561662456020713 ], [ 424200.343612352211494, 7638040.338089609518647 ], [ 424199.883490107022226, 7638004.100382790900767 ], [ 424197.700010553700849, 7637967.937243042513728 ], [ 424195.289432136283722, 7637943.913699597120285 ], [ 424190.244233325356618, 7637908.072627631947398 ], [ 424185.930882043205202, 7637884.347828477621078 ], [ 424178.044201502460055, 7637849.067858657799661 ], [ 424171.846698014531285, 7637825.780602805316448 ], [ 424161.149609602929559, 7637791.248576079495251 ], [ 424150.462169116071891, 7637761.631182762794197 ] ] ] } },
{ "type": "Feature", "properties": { "fid": 460.0, "COMPR_M": 25.53, "CLASSE": "01 - Muito curta", "CD_FAZ": "400534", "TALHOES": "2", "FAZ_tAL": "400534002", "ID_LINHA": 96393 }, "geometry": { "type": "MultiLineString", "coordinates": [ [ [ 424149.539668850076851, 7638295.767092844471335 ], [ 424158.039113906328566, 7638271.706198833882809 ] ] ] } },
{ "type": "Feature", "properties": { "fid": 461.0, "COMPR_M": 513.63, "CLASSE": "03 - Média", "CD_FAZ": "400534", "TALHOES": "2", "FAZ_tAL": "400534002", "ID_LINHA": 96394 }, "geometry": { "type": "MultiLineString", "coordinates": [ [ [ 424159.976943258778192, 7638265.891906928271055 ], [ 424167.415728262276389, 7638241.817083572968841 ], [ 424176.652578599692788, 7638207.037575783208013 ], [ 424184.236989441036712, 7638171.827393632382154 ], [ 424188.353072755446192, 7638148.142049541696906 ], [ 424191.701190180261619, 7638124.314835693687201 ], [ 424195.273858711472712, 7638088.392891043797135 ], [ 424197.113991565245669, 7638052.337416853755713 ], [ 424197.22917196014896, 7638016.237622733227909 ], [ 424195.625878927763551, 7637980.182433783076704 ], [ 424192.309471600630786, 7637944.260695012286305 ], [ 424187.284309689886868, 7637908.561942119151354 ], [ 424182.988150381366722, 7637884.931702211499214 ], [ 424175.132984453579411, 7637849.792701166123152 ], [ 424168.960312853159849, 7637826.598749947734177 ], [ 424158.306175773090217, 7637792.205376958474517 ], [ 424147.580418082070537, 7637762.494108054786921 ] ] ] } },
{ "type": "Feature", "properties": { "fid": 462.0, "COMPR_M": 550.38, "CLASSE": "03 - Média", "CD_FAZ": "400534", "TALHOES": "2", "FAZ_tAL": "400534002", "ID_LINHA": 96395 }, "geometry": { "type": "MultiLineString", "coordinates": [ [ [ 424144.247808114159852, 7638301.293900961056352 ], [ 424153.732113733771257, 7638275.140972395427525 ], [ 424164.53500985231949, 7638240.979225442744792 ], [ 424173.735639455611818, 7638206.336128493770957 ], [ 424181.289855203649495, 7638171.266162108629942 ], [ 424187.152931478340179, 7638135.826069736853242 ], [ 424191.288213248422835, 7638100.113295782357454 ], [ 424193.69530481682159, 7638064.236269421875477 ], [ 424194.381956306984648, 7638028.284596676938236 ], [ 424193.354916640731972, 7637992.347440734505653 ], [ 424190.619897714292165, 7637956.513827694579959 ], [ 424186.181577895884402, 7637920.872879966162145 ], [ 424182.278853625699412, 7637897.264632911421359 ], [ 424175.016469981055707, 7637862.139656879007816 ], [ 424166.073927690275013, 7637827.416897092014551 ], [ 424155.4627419411554, 7637793.16217783652246 ], [ 424144.698667047196068, 7637763.357033349573612 ] ] ] } },
{ "type": "Feature", "properties": { "fid": 463.0, "COMPR_M": 555.58, "CLASSE": "03 - Média", "CD_FAZ": "400534", "TALHOES": "2", "FAZ_tAL": "400534002", "ID_LINHA": 96396 }, "geometry": { "type": "MultiLineString", "coordinates": [ [ [ 424138.871511007135268, 7638306.908894242718816 ], [ 424150.893295905494597, 7638274.170589888468385 ], [ 424161.654291440616362, 7638240.141367312520742 ], [ 424170.818700309842825, 7638205.634681205265224 ], [ 424178.342720967892092, 7638170.704930583015084 ], [ 424184.182019438361749, 7638135.408604437485337 ], [ 424187.119335443596356, 7638111.719308389350772 ], [ 424190.089584255591035, 7638076.031143222004175 ], [ 424191.343885822687298, 7638040.237864848226309 ], [ 424190.889203890576027, 7638004.428883917629719 ], [ 424188.73154940479435, 7637968.693426197394729 ], [ 424184.875972500594798, 7637933.12070638500154 ], [ 424179.327144371636678, 7637897.801279720850289 ], [ 424172.093984075705521, 7637862.817636473104358 ], [ 424163.187542527157348, 7637828.235044235363603 ], [ 424152.619308112247381, 7637794.118978717364371 ], [ 424141.816916013485752, 7637764.219958640635014 ] ] ] } },
{ "type": "Feature", "properties": { "fid": 464.0, "COMPR_M": 561.02, "CLASSE": "03 - Média", "CD_FAZ": "400534", "TALHOES": "2", "FAZ_tAL": "400534002", "ID_LINHA": 96397 }, "geometry": { "type": "MultiLineString", "coordinates": [ [ [ 424133.314426236669533, 7638312.7127017788589 ], [ 424144.135366252390668, 7638284.384563067927957 ], [ 424155.375173732347321, 7638250.657693101093173 ], [ 424165.038474171073176, 7638216.439272103831172 ], [ 424173.081937518494669, 7638181.783415056765079 ], [ 424179.461877037596423, 7638146.744915086776018 ], [ 424184.136455044033937, 7638111.398354800418019 ], [ 424187.094704684335738, 7638075.854303477331996 ], [ 424188.343976981181186, 7638040.204456591047347 ], [ 424187.891108485346194, 7638004.538384293206036 ], [ 424185.742062356264796, 7637968.945487249642611 ], [ 424181.901921003183816, 7637933.515155982226133 ], [ 424176.375435117108282, 7637898.337926534004509 ], [ 424169.171498170820996, 7637863.495616061612964 ], [ 424160.301157364388928, 7637829.053191380575299 ], [ 424149.775874279206619, 7637795.075779595412314 ], [ 424138.935164979542606, 7637765.08288393355906 ] ] ] } },
{ "type": "Feature", "properties": { "fid": 465.0, "COMPR_M": 566.58, "CLASSE": "03 - Média", "CD_FAZ": "400534", "TALHOES": "2", "FAZ_tAL": "400534002", "ID_LINHA": 96398 }, "geometry": { "type": "MultiLineString", "coordinates": [ [ [ 424127.66630035371054, 7638318.611592456698418 ], [ 424141.311722817539703, 7638283.370875900611281 ], [ 424152.507807173009496, 7638249.775225912220776 ], [ 424162.132956846617162, 7638215.69192655198276 ], [ 424170.144176149973646, 7638181.175029673613608 ], [ 424176.498145130462945, 7638146.279203604906797 ], [ 424181.153574644704349, 7638111.077401211485267 ], [ 424184.099825114535633, 7638075.677463732659817 ], [ 424185.34406813851092, 7638040.171048334799707 ], [ 424184.893013079999946, 7638004.647884668782353 ], [ 424182.752575305872597, 7637969.19754830095917 ], [ 424178.927869504317641, 7637933.909605577588081 ], [ 424173.423725862172432, 7637898.87457334343344 ], [ 424166.249012265820056, 7637864.173595649190247 ], [ 424157.414772200805601, 7637829.871338522061706 ], [ 424146.932440448610578, 7637796.032580473460257 ], [ 424136.05341394606512, 7637765.945809226483107 ] ] ] } },
{ "type": "Feature", "properties": { "fid": 466.0, "COMPR_M": 572.35, "CLASSE": "03 - Média", "CD_FAZ": "400534", "TALHOES": "2", "FAZ_tAL": "400534002", "ID_LINHA": 96399 }, "geometry": { "type": "MultiLineString", "coordinates": [ [ [ 424121.86152837012196, 7638324.674083990044892 ], [ 424134.430081589031033, 7638293.395261534489691 ], [ 424146.09481869568117, 7638260.103971265256405 ], [ 424156.20832926518051, 7638226.311067294329405 ], [ 424164.728071638324764, 7638192.070354152470827 ], [ 424171.611185367102735, 7638157.436163406819105 ], [ 424176.814697038265876, 7638122.469002364203334 ], [ 424180.315544627374038, 7638087.268917409703135 ], [ 424182.119004662032239, 7638051.931655246764421 ], [ 424182.231894017953891, 7638016.547180842608213 ], [ 424180.660319733840879, 7637981.205276262015104 ], [ 424177.409668920619879, 7637945.99567208904773 ], [ 424172.484691520978231, 7637911.008514567278326 ], [ 424165.8925262108678, 7637876.330408634617925 ], [ 424157.644050876784604, 7637842.028768502175808 ], [ 424147.750266025366727, 7637808.167003652080894 ], [ 424140.248030104674399, 7637785.871768296696246 ], [ 424133.171662910375744, 7637766.808734520338476 ] ] ] } },
{ "type": "Feature", "properties": { "fid": 467.0, "COMPR_M": 577.86, "CLASSE": "03 - Média", "CD_FAZ": "400534", "TALHOES": "2", "FAZ_tAL": "400534002", "ID_LINHA": 96400 }, "geometry": { "type": "MultiLineString", "coordinates": [ [ [ 424116.072983904741704, 7638330.455462360754609 ], [ 424131.622199629084207, 7638292.338701918721199 ], [ 424143.241422827413771, 7638259.177328929305077 ], [ 424153.314889796311036, 7638225.518250474706292 ], [ 424161.800379944615997, 7638191.41522841155529 ], [ 424168.655389313586056, 7638156.922493077814579 ], [ 424173.837398410658352, 7638122.099835699424148 ], [ 424177.323881811229512, 7638087.044122685678303 ], [ 424179.120007281191647, 7638051.850502923130989 ], [ 424179.232438429142348, 7638016.609092462807894 ], [ 424177.667207895719912, 7637981.409844759851694 ], [ 424174.429708383628167, 7637946.342667507007718 ], [ 424169.524767887603957, 7637911.497829057276249 ], [ 424162.959535562607925, 7637876.961395943537354 ], [ 424154.7448672427563, 7637842.800336334854364 ], [ 424144.891771565598901, 7637809.077825265005231 ], [ 424137.420349453110248, 7637786.874166373163462 ], [ 424130.289911875908729, 7637767.671659811399877 ] ] ] } },
{ "type": "Feature", "properties": { "fid": 468.0, "COMPR_M": 583.24, "CLASSE": "03 - Média", "CD_FAZ": "400534", "TALHOES": "2", "FAZ_tAL": "400534002", "ID_LINHA": 96401 }, "geometry": { "type": "MultiLineString", "coordinates": [ [ [ 424110.286122420220636, 7638336.100216528400779 ], [ 424124.620870728860609, 7638302.174775110557675 ], [ 424136.69920676748734, 7638269.318677362054586 ], [ 424143.90570749953622, 7638247.127824349328876 ], [ 424150.421450327849016, 7638224.725433651357889 ], [ 424158.872688250499777, 7638190.760102670639753 ], [ 424165.699593257391825, 7638156.408822745084763 ], [ 424170.860099780373275, 7638121.730669031850994 ], [ 424174.332218993804418, 7638086.819327956065536 ], [ 424176.121009900409263, 7638051.769350603222847 ], [ 424176.232982839108445, 7638016.671004084870219 ], [ 424174.674096056376584, 7637981.614413256756961 ], [ 424171.449747847625986, 7637946.689662920311093 ], [ 424166.564844253007323, 7637911.98714354634285 ], [ 424160.026544914755505, 7637877.592383250594139 ], [ 424151.845683609659318, 7637843.571904165670276 ], [ 424142.033277105772868, 7637809.988646876998246 ], [ 424134.592668803583365, 7637787.876564448699355 ], [ 424127.408160842547659, 7637768.534585107117891 ] ] ] } },
{ "type": "Feature", "properties": { "fid": 469.0, "COMPR_M": 588.86, "CLASSE": "03 - Média", "CD_FAZ": "400534", "TALHOES": "2", "FAZ_tAL": "400534002", "ID_LINHA": 96402 }, "geometry": { "type": "MultiLineString", "coordinates": [ [ [ 424104.317692880460527, 7638341.922079997137189 ], [ 424112.973422593786381, 7638322.592227498069406 ], [ 424121.829388662590645, 7638301.075616165995598 ], [ 424133.860388940083794, 7638268.348294857889414 ], [ 424144.369980977324303, 7638235.114218526519835 ], [ 424153.31706544617191, 7638201.425997477024794 ], [ 424160.659915552416351, 7638167.337541434913874 ], [ 424166.356547197967302, 7638132.903812628239393 ], [ 424170.374553890083916, 7638098.203478365205228 ], [ 424172.714047107903752, 7638063.333543621003628 ], [ 424173.3815316951368, 7638028.384539810940623 ], [ 424172.900631458556745, 7638005.085886176675558 ], [ 424171.680984217207879, 7637981.818981751799583 ], [ 424168.469787311158143, 7637947.036658336408436 ], [ 424163.604920619924087, 7637912.476458037272096 ], [ 424157.093554266612045, 7637878.223370554856956 ], [ 424148.946499975980259, 7637844.343471996486187 ], [ 424139.174782645772211, 7637810.899468488991261 ], [ 424131.764988152892329, 7637788.878962526097894 ], [ 424124.526409809011966, 7637769.39751039724797 ] ] ] } },
{ "type": "Feature", "properties": { "fid": 470.0, "COMPR_M": 594.73, "CLASSE": "03 - Média", "CD_FAZ": "400534", "TALHOES": "2", "FAZ_tAL": "400534002", "ID_LINHA": 96403 }, "geometry": { "type": "MultiLineString", "coordinates": [ [ [ 424098.158248825930059, 7638347.930267263203859 ], [ 424114.711290424806066, 7638310.723626479506493 ], [ 424127.193505638337228, 7638278.302440080791712 ], [ 424138.170974383421708, 7638245.362889973446727 ], [ 424147.60537022294011, 7638211.955198807641864 ], [ 424153.017304862732999, 7638189.449851187877357 ], [ 424157.712781315669417, 7638166.776309912092984 ], [ 424163.385635157348588, 7638132.486347327940166 ], [ 424167.386888268403709, 7638097.930647306144238 ], [ 424169.716724580444861, 7638063.204582791775465 ], [ 424170.381471036584117, 7638028.398817402310669 ], [ 424169.902536052919459, 7638005.195386552251875 ], [ 424168.687872378039174, 7637982.023550245910883 ], [ 424165.489826776261907, 7637947.383653751574457 ], [ 424160.644996984978206, 7637912.965772526338696 ], [ 424154.160563618235756, 7637878.854357862845063 ], [ 424146.047316341893747, 7637845.115039827302098 ], [ 424136.316288185014855, 7637811.810290100052953 ], [ 424128.937307500978932, 7637789.881360601633787 ], [ 424121.644658774603158, 7637770.260435691103339 ] ] ] } },
{ "type": "Feature", "properties": { "fid": 471.0, "COMPR_M": 600.81, "CLASSE": "04 - Longa", "CD_FAZ": "400534", "TALHOES": "2", "FAZ_tAL": "400534002", "ID_LINHA": 96404 }, "geometry": { "type": "MultiLineString", "coordinates": [ [ [ 424091.837589772592764, 7638354.095710588619113 ], [ 424107.461038773122709, 7638320.222452020272613 ], [ 424120.390671785920858, 7638288.112463463097811 ], [ 424128.182753284287173, 7638266.407529843971133 ], [ 424135.303607825306244, 7638244.480422782711685 ], [ 424144.699852899007965, 7638211.207853259518743 ], [ 424150.089613168442156, 7638188.794725447893143 ], [ 424154.765647080552299, 7638166.215078387409449 ], [ 424160.414723117020912, 7638132.068882026709616 ], [ 424164.399222645908594, 7638097.657816245220602 ], [ 424166.719402050017379, 7638063.075621963478625 ], [ 424167.381410378497094, 7638028.413094990886748 ], [ 424166.904440647689626, 7638005.304886925965548 ], [ 424165.69476054032566, 7637982.228118743747473 ], [ 424162.509866241540294, 7637947.730649165809155 ], [ 424157.685073350847233, 7637913.45508701633662 ], [ 424151.227572970848996, 7637879.485345168039203 ], [ 424143.148132708563935, 7637845.88660765811801 ], [ 424133.457793726760428, 7637812.721111711114645 ], [ 424126.109626851859502, 7637790.883758677169681 ], [ 424118.762907741242088, 7637771.123360984027386 ] ] ] } },
{ "type": "Feature", "properties": { "fid": 472.0, "COMPR_M": 607.16, "CLASSE": "04 - Longa", "CD_FAZ": "400534", "TALHOES": "2", "FAZ_tAL": "400534002", "ID_LINHA": 96405 }, "geometry": { "type": "MultiLineString", "coordinates": [ [ [ 424085.315248448168859, 7638360.457883493974805 ], [ 424100.080273271247279, 7638329.566688218154013 ], [ 424113.454942466982175, 7638297.77813932672143 ], [ 424121.546218768751714, 7638276.275065751746297 ], [ 424128.974443485261872, 7638254.544117245823145 ], [ 424138.847692452603951, 7638221.554166371002793 ], [ 424144.566248014220037, 7638199.321655608713627 ], [ 424149.579846554610413, 7638176.916331975720823 ], [ 424155.752021790132858, 7638143.019223213195801 ], [ 424160.273411850212142, 7638108.830726077780128 ], [ 424163.135668119881302, 7638074.439585518091917 ], [ 424164.344706238131039, 7638039.937190553173423 ], [ 424163.906345242343377, 7638005.414387301541865 ], [ 424162.701648701389786, 7637982.432687239721417 ], [ 424160.768854333960917, 7637959.509173607453704 ], [ 424156.507851827249397, 7637925.291873781010509 ], [ 424152.761761079891585, 7637902.631101020611823 ], [ 424148.294582322589122, 7637880.116332475095987 ], [ 424140.248949074710254, 7637846.658175489865243 ], [ 424130.599299265712034, 7637813.631933325901628 ], [ 424123.281946200877428, 7637791.886156750842929 ], [ 424115.881156707066111, 7637771.98628627602011 ] ] ] } },
{ "type": "Feature", "properties": { "fid": 473.0, "COMPR_M": 613.92, "CLASSE": "04 - Longa", "CD_FAZ": "400534", "TALHOES": "2", "FAZ_tAL": "400534002", "ID_LINHA": 96406 }, "geometry": { "type": "MultiLineString", "coordinates": [ [ [ 424078.474942039581947, 7638367.130213252268732 ], [ 424087.630632500804495, 7638349.085442412644625 ], [ 424097.34313294372987, 7638328.338424268178642 ], [ 424110.663460402167402, 7638296.678980378434062 ], [ 424118.722575333435088, 7638275.261378586292267 ], [ 424126.121047617809381, 7638253.617474908940494 ], [ 424135.954252984840423, 7638220.76134954765439 ], [ 424141.649308870080858, 7638198.620208321139216 ], [ 424146.642085184343159, 7638176.307946590706706 ], [ 424152.788289884338155, 7638142.553511729463935 ], [ 424157.290531452628784, 7638108.50977248698473 ], [ 424160.140788549091667, 7638074.26274577435106 ], [ 424161.344797397614457, 7638039.903782295994461 ], [ 424160.908249836764298, 7638005.523887678980827 ], [ 424159.708536863210611, 7637982.637255735695362 ], [ 424157.783749996509869, 7637959.80870820209384 ], [ 424153.540479219751433, 7637925.733773162588477 ], [ 424149.810051824781112, 7637903.167747830972075 ], [ 424145.361591674678493, 7637880.747319782152772 ], [ 424137.349765441089403, 7637847.429743323475122 ], [ 424127.740804804605432, 7637814.542754935100675 ], [ 424120.454265550011769, 7637792.888554828241467 ], [ 424112.999405672773719, 7637772.849211567081511 ] ] ] } },
{ "type": "Feature", "properties": { "fid": 474.0, "COMPR_M": 621.05, "CLASSE": "04 - Longa", "CD_FAZ": "400534", "TALHOES": "2", "FAZ_tAL": "400534002", "ID_LINHA": 96407 }, "geometry": { "type": "MultiLineString", "coordinates": [ [ [ 424071.362187118735164, 7638374.068301032297313 ], [ 424079.847641069965903, 7638357.977354826405644 ], [ 424089.853703574568499, 7638337.47885253559798 ], [ 424103.614121034916025, 7638306.156195972114801 ], [ 424111.967025903984904, 7638284.94278462138027 ], [ 424119.666299800970592, 7638263.49638232588768 ], [ 424129.966388922650367, 7638230.924927871674299 ], [ 424135.983300925465301, 7638208.965816613286734 ], [ 424141.306538088014349, 7638186.829348225146532 ], [ 424147.964816931227688, 7638153.326800754293799 ], [ 424152.996308011293877, 7638119.515669041313231 ], [ 424155.436225778365042, 7638096.839323067106307 ], [ 424157.145908977196086, 7638074.085906028747559 ], [ 424158.344888554012869, 7638039.870374044403434 ], [ 424157.910154431650881, 7638005.633388053625822 ], [ 424156.715425024507567, 7637982.841824230737984 ], [ 424154.798645657137968, 7637960.10824279487133 ], [ 424150.573106612428091, 7637926.175672542303801 ], [ 424146.858342570485547, 7637903.704394642263651 ], [ 424142.428601026535034, 7637881.378307086415589 ], [ 424134.450581806886476, 7637848.201311152428389 ], [ 424124.882310345943552, 7637815.45357655081898 ], [ 424117.626584899262525, 7637793.890952903777361 ], [ 424110.11765463888878, 7637773.71213686093688 ] ] ] } },
{ "type": "Feature", "properties": { "fid": 475.0, "COMPR_M": 588.1, "CLASSE": "03 - Média", "CD_FAZ": "400534", "TALHOES": "5", "FAZ_tAL": "400534005", "ID_LINHA": 96408 }, "geometry": { "type": "MultiLineString", "coordinates": [ [ [ 425287.295679021801334, 7637692.301385521888733 ], [ 425256.51859139779117, 7637704.055862424895167 ], [ 425241.058440923283342, 7637709.030940180644393 ], [ 425220.186249973718077, 7637714.816097598522902 ], [ 425204.363891090266407, 7637718.51272184215486 ], [ 425183.082055900245905, 7637722.57818607147783 ], [ 425161.633232943422627, 7637725.649466840550303 ], [ 425145.466461792413611, 7637727.295587697066367 ], [ 425113.016122423112392, 7637728.883029128424823 ], [ 425096.772666723001748, 7637728.821212608367205 ], [ 425075.13912692759186, 7637727.853492297232151 ], [ 425053.575209438917227, 7637725.876504085958004 ], [ 425037.47534761892166, 7637723.733104359358549 ], [ 425021.459368494572118, 7637721.026141859591007 ], [ 425000.268023552082013, 7637716.548011945560575 ], [ 424979.304528529057279, 7637711.087000114843249 ], [ 424963.758489858242683, 7637706.352843649685383 ], [ 424943.302164820604958, 7637699.198522359132767 ], [ 424928.190326844982337, 7637693.209721150808036 ], [ 424908.389633543149102, 7637684.409130061045289 ], [ 424893.828589668439236, 7637677.207494588568807 ], [ 424865.544364417088218, 7637661.293395206332207 ], [ 424851.852821462205611, 7637652.600066101178527 ], [ 424834.07331854471704, 7637640.273775511421263 ], [ 424821.097673805896193, 7637630.49477556347847 ], [ 424804.27848854882177, 7637616.768822976388037 ], [ 424788.029938669351395, 7637602.284182428382337 ], [ 424776.269359324825928, 7637590.936063822358847 ], [ 424764.92224112781696, 7637579.181908424943686 ], [ 424752.590864682686515, 7637565.336404301226139 ] ] ] } },
{ "type": "Feature", "properties": { "fid": 478.0, "COMPR_M": 60.97, "CLASSE": "01 - Muito curta", "CD_FAZ": "400534", "TALHOES": "5", "FAZ_tAL": "400534005", "ID_LINHA": 96409 }, "geometry": { "type": "MultiLineString", "coordinates": [ [ [ 425173.808476944221184, 7637440.510932726785541 ], [ 425159.041816320619546, 7637445.471230723895133 ], [ 425144.122226382780354, 7637449.140372939407825 ], [ 425128.880142178095412, 7637451.595061220228672 ], [ 425114.373255218961276, 7637452.759447060525417 ] ] ] } },
{ "type": "Feature", "properties": { "fid": 479.0, "COMPR_M": 72.35, "CLASSE": "01 - Muito curta", "CD_FAZ": "400534", "TALHOES": "5", "FAZ_tAL": "400534005", "ID_LINHA": 96410 }, "geometry": { "type": "MultiLineString", "coordinates": [ [ [ 425175.04296726314351, 7637443.249857207760215 ], [ 425157.737621975364164, 7637448.959137942641973 ], [ 425140.317753898445517, 7637452.921218909323215 ], [ 425122.567639824061189, 7637455.252975011244416 ], [ 425104.265964429127052, 7637455.904564326629043 ] ] ] } },
{ "type": "Feature", "properties": { "fid": 480.0, "COMPR_M": 82.3, "CLASSE": "01 - Muito curta", "CD_FAZ": "400534", "TALHOES": "5", "FAZ_tAL": "400534005", "ID_LINHA": 96411 }, "geometry": { "type": "MultiLineString", "coordinates": [ [ [ 425176.277457579155453, 7637445.988781688734889 ], [ 425156.357087312673684, 7637452.441226422786713 ], [ 425136.354814058926422, 7637456.624495880678296 ], [ 425116.058701334346551, 7637458.692436099983752 ], [ 425095.590455764438957, 7637458.604149473831058 ] ] ] } },
{ "type": "Feature", "properties": { "fid": 481.0, "COMPR_M": 91.34, "CLASSE": "01 - Muito curta", "CD_FAZ": "400534", "TALHOES": "5", "FAZ_tAL": "400534005", "ID_LINHA": 96412 }, "geometry": { "type": "MultiLineString", "coordinates": [ [ [ 425177.511947896215133, 7637448.727706165984273 ], [ 425165.93065006082179, 7637452.789562536403537 ], [ 425154.900314978091046, 7637455.916161892935634 ], [ 425143.647453928075265, 7637458.407024441286922 ], [ 425132.239305256516673, 7637460.244258879683912 ], [ 425120.779985468776431, 7637461.411309035494924 ], [ 425109.347411277703941, 7637461.903662585653365 ], [ 425087.841109875647817, 7637461.015537654981017 ] ] ] } },
{ "type": "Feature", "properties": { "fid": 482.0, "COMPR_M": 99.77, "CLASSE": "01 - Muito curta", "CD_FAZ": "400534", "TALHOES": "5", "FAZ_tAL": "400534005", "ID_LINHA": 96413 }, "geometry": { "type": "MultiLineString", "coordinates": [ [ [ 425178.746438213565852, 7637451.466630646958947 ], [ 425166.832907017203979, 7637455.650723315775394 ], [ 425155.633864809002262, 7637458.825149934738874 ], [ 425141.903544900938869, 7637461.780564642511308 ], [ 425130.304189602611586, 7637463.510470158420503 ], [ 425118.672891268390231, 7637464.558171501383185 ], [ 425104.735008926596493, 7637464.912915157154202 ], [ 425093.093560874345712, 7637464.460221977904439 ], [ 425080.734559137083124, 7637463.226905261166394 ] ] ] } },
{ "type": "Feature", "properties": { "fid": 483.0, "COMPR_M": 107.74, "CLASSE": "02 - Curta", "CD_FAZ": "400534", "TALHOES": "5", "FAZ_tAL": "400534005", "ID_LINHA": 96414 }, "geometry": { "type": "MultiLineString", "coordinates": [ [ [ 425179.980928531149402, 7637454.205555126070976 ], [ 425167.735163972189184, 7637458.511884093284607 ], [ 425154.066087489831261, 7637462.300186567939818 ], [ 425140.085471938014962, 7637465.139654512517154 ], [ 425128.298423698230181, 7637466.757648372091353 ], [ 425116.49854199483525, 7637467.681836595758796 ], [ 425102.342215377488174, 7637467.876188822090626 ], [ 425088.174132662185002, 7637467.076525214128196 ], [ 425074.111830993264448, 7637465.287720276042819 ] ] ] } },
{ "type": "Feature", "properties": { "fid": 484.0, "COMPR_M": 115.33, "CLASSE": "02 - Curta", "CD_FAZ": "400534", "TALHOES": "5", "FAZ_tAL": "400534005", "ID_LINHA": 96415 }, "geometry": { "type": "MultiLineString", "coordinates": [ [ [ 425181.215418847161345, 7637456.944479604251683 ], [ 425168.637420929793734, 7637461.373044872656465 ], [ 425154.765637047064956, 7637465.217537527903914 ], [ 425140.579685548553243, 7637468.098718092776835 ], [ 425126.222636583610438, 7637469.984526164829731 ], [ 425111.864845055213664, 7637470.856060151010752 ], [ 425097.479939445795026, 7637470.717039897106588 ], [ 425083.129471902328078, 7637469.570394573733211 ], [ 425067.88608819746878, 7637467.225004120729864 ] ] ] } },
{ "type": "Feature", "properties": { "fid": 485.0, "COMPR_M": 122.64, "CLASSE": "02 - Curta", "CD_FAZ": "400534", "TALHOES": "5", "FAZ_tAL": "400534005", "ID_LINHA": 96416 }, "geometry": { "type": "MultiLineString", "coordinates": [ [ [ 425182.449909163522534, 7637459.683404083363712 ], [ 425167.218824981304351, 7637464.951163996011019 ], [ 425153.086258004885167, 7637468.690676879137754 ], [ 425138.653635173337534, 7637471.447553309611976 ], [ 425121.646788269979879, 7637473.380167388357222 ], [ 425107.081058211275376, 7637473.921914367936552 ], [ 425092.481477899709716, 7637473.439538011327386 ], [ 425077.964418483315967, 7637471.937521834857762 ], [ 425061.96185312489979, 7637469.068466865457594 ] ] ] } },
{ "type": "Feature", "properties": { "fid": 486.0, "COMPR_M": 129.72, "CLASSE": "02 - Curta", "CD_FAZ": "400534", "TALHOES": "5", "FAZ_tAL": "400534005", "ID_LINHA": 96417 }, "geometry": { "type": "MultiLineString", "coordinates": [ [ [ 425183.684399480815046, 7637462.422328565269709 ], [ 425168.087526345509104, 7637467.822690771892667 ], [ 425151.329753994301427, 7637472.152145032770932 ], [ 425136.654625625000335, 7637474.778851393610239 ], [ 425119.399664972093888, 7637476.53634874895215 ], [ 425102.150161975470837, 7637476.874293090775609 ], [ 425087.35245980520267, 7637476.039092833176255 ], [ 425072.672174829989672, 7637474.172039248980582 ], [ 425056.293488711118698, 7637470.832309538498521 ] ] ] } },
{ "type": "Feature", "properties": { "fid": 487.0, "COMPR_M": 136.6, "CLASSE": "02 - Curta", "CD_FAZ": "400534", "TALHOES": "5", "FAZ_tAL": "400534005", "ID_LINHA": 96418 }, "geometry": { "type": "MultiLineString", "coordinates": [ [ [ 425184.918889797816519, 7637465.161253042519093 ], [ 425168.956227708549704, 7637470.694217551499605 ], [ 425151.961112768913154, 7637475.085009045898914 ], [ 425137.079873653361574, 7637477.748610413633287 ], [ 425119.581358397612348, 7637479.530893063172698 ], [ 425102.086144174681976, 7637479.873661180958152 ], [ 425084.586357683641836, 7637478.783443628810346 ], [ 425067.248762153671123, 7637476.268219898454845 ], [ 425050.843034603982233, 7637472.528344376012683 ] ] ] } },
{ "type": "Feature", "properties": { "fid": 488.0, "COMPR_M": 143.32, "CLASSE": "02 - Curta", "CD_FAZ": "400534", "TALHOES": "5", "FAZ_tAL": "400534005", "ID_LINHA": 96419 }, "geometry": { "type": "MultiLineString", "coordinates": [ [ [ 425186.153380114410538, 7637467.900177526287735 ], [ 425169.824929072987288, 7637473.565744327381253 ], [ 425152.592471544980071, 7637478.017873053438962 ], [ 425134.973954587476328, 7637481.06580123398453 ], [ 425117.231609761016443, 7637482.664170757867396 ], [ 425099.48270705313189, 7637482.803983297199011 ], [ 425081.754855042847339, 7637481.491608970798552 ], [ 425064.19683326483937, 7637478.73425423912704 ], [ 425045.578595471160952, 7637474.166496356017888 ] ] ] } },
{ "type": "Feature", "properties": { "fid": 489.0, "COMPR_M": 149.9, "CLASSE": "02 - Curta", "CD_FAZ": "400534", "TALHOES": "5", "FAZ_tAL": "400534005", "ID_LINHA": 96420 }, "geometry": { "type": "MultiLineString", "coordinates": [ [ [ 425187.387870432052296, 7637470.639102004468441 ], [ 425168.227393460168969, 7637477.167640633881092 ], [ 425150.691084024088923, 7637481.480549128726125 ], [ 425132.796272596227936, 7637484.36243580467999 ], [ 425114.813113467709627, 7637485.771083250641823 ], [ 425094.236610910098534, 7637485.572152150794864 ], [ 425076.311202883895021, 7637483.823303742334247 ], [ 425058.554596188943833, 7637480.608019935898483 ], [ 425040.473111567785963, 7637475.755185739137232 ] ] ] } },
{ "type": "Feature", "properties": { "fid": 490.0, "COMPR_M": 156.36, "CLASSE": "02 - Curta", "CD_FAZ": "400534", "TALHOES": "5", "FAZ_tAL": "400534005", "ID_LINHA": 96421 }, "geometry": { "type": "MultiLineString", "coordinates": [ [ [ 425188.622360749286599, 7637473.37802648358047 ], [ 425169.062445926421788, 7637480.049132444895804 ], [ 425151.288252900762018, 7637484.420565146021545 ], [ 425133.152284452749882, 7637487.341288041323423 ], [ 425112.322900008992292, 7637488.850539864040911 ], [ 425094.067551062034909, 7637488.56743604876101 ], [ 425073.318797265179455, 7637486.420616630464792 ], [ 425055.345896151324268, 7637482.949252801015973 ], [ 425035.509659761737566, 7637477.299678551033139 ] ] ] } },
{ "type": "Feature", "properties": { "fid": 491.0, "COMPR_M": 162.71, "CLASSE": "02 - Curta", "CD_FAZ": "400534", "TALHOES": "5", "FAZ_tAL": "400534005", "ID_LINHA": 96422 }, "geometry": { "type": "MultiLineString", "coordinates": [ [ [ 425189.856597355275881, 7637476.116388060152531 ], [ 425169.897498393489514, 7637482.930624254047871 ], [ 425151.885421775979921, 7637487.360581160522997 ], [ 425130.86874508933397, 7637490.620024614967406 ], [ 425109.759626013517845, 7637491.901344220153987 ], [ 425088.618593108782079, 7637491.202813151292503 ], [ 425070.258737611875404, 7637488.976869521662593 ], [ 425049.500582978362218, 7637484.589800076559186 ], [ 425030.677446866990067, 7637478.803333341144025 ] ] ] } },
{ "type": "Feature", "properties": { "fid": 492.0, "COMPR_M": 168.96, "CLASSE": "02 - Curta", "CD_FAZ": "400534", "TALHOES": "5", "FAZ_tAL": "400534005", "ID_LINHA": 96423 }, "geometry": { "type": "MultiLineString", "coordinates": [ [ [ 425191.09039574948838, 7637478.853777393698692 ], [ 425173.299734527361579, 7637485.051851443015039 ], [ 425152.482590652361978, 7637490.300597179681063 ], [ 425131.190035264065955, 7637493.60282164439559 ], [ 425109.800847486359999, 7637494.901112383231521 ], [ 425088.379621575470082, 7637494.193331434391439 ], [ 425067.131704185158014, 7637491.490889068692923 ], [ 425046.143421348708216, 7637486.799239746294916 ], [ 425025.950862574740313, 7637480.274119351059198 ] ] ] } },
{ "type": "Feature", "properties": { "fid": 493.0, "COMPR_M": 175.13, "CLASSE": "02 - Curta", "CD_FAZ": "400534", "TALHOES": "5", "FAZ_tAL": "400534005", "ID_LINHA": 96424 }, "geometry": { "type": "MultiLineString", "coordinates": [ [ [ 425192.324194143526256, 7637481.591166730970144 ], [ 425171.567603328614496, 7637488.693607874214649 ], [ 425150.402436069736723, 7637493.768218955025077 ], [ 425128.801121273485478, 7637496.861583366990089 ], [ 425107.130023749079555, 7637497.922274850308895 ], [ 425085.435223139706068, 7637496.951750604435802 ], [ 425063.938685503730085, 7637493.961563655175269 ], [ 425042.727392835950013, 7637488.960121903568506 ], [ 425021.332009604084305, 7637481.711382265202701 ] ] ] } },
{ "type": "Feature", "properties": { "fid": 494.0, "COMPR_M": 181.23, "CLASSE": "02 - Curta", "CD_FAZ": "400534", "TALHOES": "5", "FAZ_tAL": "400534005", "ID_LINHA": 96425 }, "geometry": { "type": "MultiLineString", "coordinates": [ [ [ 425193.557992540707346, 7637484.328556066378951 ], [ 425172.402655796031468, 7637491.575099685229361 ], [ 425150.965351248043589, 7637496.714985163882375 ], [ 425129.087619573750999, 7637499.847923055291176 ], [ 425118.111291080422234, 7637500.642971751280129 ], [ 425104.38749789155554, 7637500.911852832883596 ], [ 425082.424860083323438, 7637499.672268202528358 ], [ 425060.680672120884992, 7637496.387798288837075 ], [ 425039.253477599821053, 7637491.071455080062151 ], [ 425028.759420527669135, 7637487.674152981489897 ], [ 425016.802183615509421, 7637483.120942376554012 ] ] ] } },
{ "type": "Feature", "properties": { "fid": 495.0, "COMPR_M": 187.26, "CLASSE": "02 - Curta", "CD_FAZ": "400534", "TALHOES": "5", "FAZ_tAL": "400534005", "ID_LINHA": 96426 }, "geometry": { "type": "MultiLineString", "coordinates": [ [ [ 425194.791790936375037, 7637487.065945401787758 ], [ 425173.237708262167871, 7637494.456591496244073 ], [ 425151.52826642699074, 7637499.661751374602318 ], [ 425129.374117872328497, 7637502.834262745454907 ], [ 425118.257904632191639, 7637503.639438584446907 ], [ 425104.358538639789913, 7637503.911764305084944 ], [ 425093.222251826606225, 7637503.543855534866452 ], [ 425079.349275540560484, 7637502.353734165430069 ], [ 425057.35865574690979, 7637498.768513768911362 ], [ 425035.722652223310433, 7637493.132257496938109 ], [ 425025.140121997508686, 7637489.569327294826508 ], [ 425012.351104376954027, 7637484.505998615175486 ] ] ] } },
{ "type": "Feature", "properties": { "fid": 496.0, "COMPR_M": 193.22, "CLASSE": "02 - Curta", "CD_FAZ": "400534", "TALHOES": "5", "FAZ_tAL": "400534005", "ID_LINHA": 96427 }, "geometry": { "type": "MultiLineString", "coordinates": [ [ [ 425196.02558933198452, 7637489.803334737196565 ], [ 425174.072760729119182, 7637497.338083304464817 ], [ 425160.406598386005498, 7637500.869079582393169 ], [ 425149.303902909276076, 7637503.124178053811193 ], [ 425126.845441730925813, 7637506.074122436344624 ], [ 425115.593485839257482, 7637506.756939740851521 ], [ 425101.509983969444875, 7637506.867973987013102 ], [ 425090.23717365541961, 7637506.363696802407503 ], [ 425076.209210532775614, 7637504.995006745681167 ], [ 425053.973628496518359, 7637501.102645814418793 ], [ 425042.983327008201741, 7637498.375883683562279 ], [ 425029.45141400716966, 7637494.255153808742762 ], [ 425007.981736028857995, 7637485.865628619678319 ] ] ] } },
{ "type": "Feature", "properties": { "fid": 497.0, "COMPR_M": 199.14, "CLASSE": "02 - Curta", "CD_FAZ": "400534", "TALHOES": "5", "FAZ_tAL": "400534005", "ID_LINHA": 96428 }, "geometry": { "type": "MultiLineString", "coordinates": [ [ [ 425197.259387727302965, 7637492.540724072605371 ], [ 425174.907813197525684, 7637500.219575116410851 ], [ 425161.072083875304088, 7637503.794388920068741 ], [ 425149.83249990909826, 7637506.077293295413256 ], [ 425138.489932295982726, 7637507.83635569550097 ], [ 425124.247196672833525, 7637509.28674244042486 ], [ 425112.857297458569519, 7637509.844099529087543 ], [ 425098.591217269189656, 7637509.789722396060824 ], [ 425087.184763908968307, 7637509.145922849886119 ], [ 425073.004771684238221, 7637507.594867561012506 ], [ 425050.526582299266011, 7637503.389144228771329 ], [ 425039.432698585966136, 7637500.499180512502789 ], [ 425025.788223382784054, 7637496.169725354760885 ], [ 425003.682579551241361, 7637487.203410579822958 ] ] ] } },
{ "type": "Feature", "properties": { "fid": 498.0, "COMPR_M": 205.01, "CLASSE": "02 - Curta", "CD_FAZ": "400534", "TALHOES": "5", "FAZ_tAL": "400534005", "ID_LINHA": 96429 }, "geometry": { "type": "MultiLineString", "coordinates": [ [ [ 425198.493186123203486, 7637495.278113408945501 ], [ 425175.742865664768033, 7637503.101066926494241 ], [ 425161.737569364369847, 7637506.719698254019022 ], [ 425150.361096910317428, 7637509.030408540740609 ], [ 425138.880596486502327, 7637510.810861745849252 ], [ 425124.463897373003419, 7637512.278957027941942 ], [ 425112.933639949187636, 7637512.843179481104016 ], [ 425098.49216284888098, 7637512.788137852214277 ], [ 425086.945792375016026, 7637512.136441133916378 ], [ 425072.591467786580324, 7637510.566313036717474 ], [ 425058.336564691562671, 7637508.15682765468955 ], [ 425047.018508163106162, 7637505.626971956342459 ], [ 425035.824585462920368, 7637502.571350142359734 ], [ 425022.069914248830173, 7637498.029621955007315 ], [ 425011.277720212237909, 7637493.825472541153431 ], [ 424999.446179922379088, 7637488.5216642934829 ] ] ] } },
{ "type": "Feature", "properties": { "fid": 499.0, "COMPR_M": 210.83, "CLASSE": "02 - Curta", "CD_FAZ": "400534", "TALHOES": "5", "FAZ_tAL": "400534005", "ID_LINHA": 96430 }, "geometry": { "type": "MultiLineString", "coordinates": [ [ [ 425199.726984517532401, 7637498.015502743422985 ], [ 425187.71336519473698, 7637502.471133083105087 ], [ 425173.763827669434249, 7637506.780273059383035 ], [ 425159.537418068444822, 7637510.279377158731222 ], [ 425147.992889678687789, 7637512.484671810641885 ], [ 425136.356391157023609, 7637514.150958154350519 ], [ 425121.76167950819945, 7637515.465424802154303 ], [ 425110.089397801202722, 7637515.899489525705576 ], [ 425095.468910409195814, 7637515.672849480062723 ], [ 425083.791877424810082, 7637514.876885840669274 ], [ 425069.286409181484487, 7637513.118271499872208 ], [ 425054.877555484184995, 7637510.509426355361938 ], [ 425043.450395717285573, 7637507.815104231238365 ], [ 425029.363832706410903, 7637503.704175869002938 ], [ 425018.296781589626335, 7637499.833646033890545 ], [ 425007.427908319048584, 7637495.452760081738234 ], [ 424995.2686260266928, 7637489.821606798097491 ] ] ] } },
{ "type": "Feature", "properties": { "fid": 500.0, "COMPR_M": 216.6, "CLASSE": "02 - Curta", "CD_FAZ": "400534", "TALHOES": "5", "FAZ_tAL": "400534005", "ID_LINHA": 96431 }, "geometry": { "type": "MultiLineString", "coordinates": [ [ [ 425200.960782914422452, 7637500.752892078831792 ], [ 425188.682452887762338, 7637505.310354623012245 ], [ 425174.5651379537303, 7637509.671329814940691 ], [ 425160.168776844046079, 7637513.212241167202592 ], [ 425148.487103288352955, 7637515.443735392764211 ], [ 425136.712403013429139, 7637517.129810389131308 ], [ 425121.943372934532817, 7637518.45996911637485 ], [ 425110.130619274277706, 7637518.899257689714432 ], [ 425095.334841805626638, 7637518.669903452508152 ], [ 425083.517986472230405, 7637517.864408380351961 ], [ 425068.838366060284898, 7637516.084677594713867 ], [ 425054.257280418241862, 7637513.444654503837228 ], [ 425042.694122309621889, 7637510.718267250806093 ], [ 425028.43981379410252, 7637506.558382457122207 ], [ 425017.240519383572973, 7637502.641602038405836 ], [ 425003.529450887814164, 7637497.0218371655792 ], [ 424991.146231437567621, 7637491.104385204613209 ] ] ] } },
{ "type": "Feature", "properties": { "fid": 501.0, "COMPR_M": 222.34, "CLASSE": "02 - Curta", "CD_FAZ": "400534", "TALHOES": "5", "FAZ_tAL": "400534005", "ID_LINHA": 96432 }, "geometry": { "type": "MultiLineString", "coordinates": [ [ [ 425202.194581309799105, 7637503.490281414240599 ], [ 425189.651540580554865, 7637508.149576162919402 ], [ 425175.366448239306919, 7637512.562386570498347 ], [ 425160.800135619239882, 7637516.145105177536607 ], [ 425148.981316896679346, 7637518.402798971161246 ], [ 425137.068414869369008, 7637520.108662623912096 ], [ 425122.125066359410994, 7637521.454513425007463 ], [ 425107.178989286534488, 7637521.922635334543884 ], [ 425092.207892742357217, 7637521.515558918938041 ], [ 425077.287350252212491, 7637520.235555758699775 ], [ 425065.431863175646868, 7637518.58653006516397 ], [ 425050.701508715690579, 7637515.741664299741387 ], [ 425039.03320908267051, 7637512.846688608638942 ], [ 425024.665092774608638, 7637508.471299415454268 ], [ 425013.381148909626063, 7637504.376397032290697 ], [ 424999.583667801169213, 7637498.531971430405974 ], [ 424987.075514446303714, 7637492.371082934550941 ] ] ] } },
{ "type": "Feature", "properties": { "fid": 502.0, "COMPR_M": 228.04, "CLASSE": "02 - Curta", "CD_FAZ": "400534", "TALHOES": "5", "FAZ_tAL": "400534005", "ID_LINHA": 96433 }, "geometry": { "type": "MultiLineString", "coordinates": [ [ [ 425203.428379705641419, 7637506.22767074778676 ], [ 425190.62062827241607, 7637510.988797703757882 ], [ 425176.167758523544762, 7637515.453443324193358 ], [ 425161.431494393211324, 7637519.077969188801944 ], [ 425149.475530505063944, 7637521.361862557008862 ], [ 425137.424426726065576, 7637523.087514857761562 ], [ 425122.306759786210023, 7637524.449057741090655 ], [ 425107.185109978541732, 7637524.922680395655334 ], [ 425092.038832895806991, 7637524.510842816904187 ], [ 425076.94369603676023, 7637523.215859355404973 ], [ 425061.959374881524127, 7637521.042160944081843 ], [ 425047.084215262904763, 7637517.989066677168012 ], [ 425035.314330773311667, 7637514.92300377227366 ], [ 425023.707828528713435, 7637511.314528537914157 ], [ 425009.469776443380397, 7637506.053320535458624 ], [ 424995.591861949476879, 7637499.982438387349248 ], [ 424983.053179932525381, 7637493.622725335881114 ] ] ] } },
{ "type": "Feature", "properties": { "fid": 503.0, "COMPR_M": 233.71, "CLASSE": "02 - Curta", "CD_FAZ": "400534", "TALHOES": "5", "FAZ_tAL": "400534005", "ID_LINHA": 96434 }, "geometry": { "type": "MultiLineString", "coordinates": [ [ [ 425204.662178100668825, 7637508.965060083195567 ], [ 425191.589715966663789, 7637513.828019244596362 ], [ 425176.969068808306474, 7637518.34450008161366 ], [ 425162.062853168114088, 7637522.010833196341991 ], [ 425146.92939118295908, 7637524.810560050420463 ], [ 425134.724227176280692, 7637526.413588974624872 ], [ 425119.430813058919739, 7637527.611173241399229 ], [ 425104.126864616875537, 7637527.911056090146303 ], [ 425088.808980046655051, 7637527.315434213727713 ], [ 425073.559732621593866, 7637525.82756220176816 ], [ 425058.421891086851247, 7637523.450469914823771 ], [ 425043.406391761265695, 7637520.185826292261481 ], [ 425031.538470289320685, 7637516.946218964643776 ], [ 425019.845829092897475, 7637513.160870105028152 ], [ 425005.507762339082547, 7637507.671600917354226 ], [ 424991.555319282400887, 7637501.372519869357347 ], [ 424979.076102855149657, 7637494.860284838825464 ] ] ] } },
{ "type": "Feature", "properties": { "fid": 504.0, "COMPR_M": 239.35, "CLASSE": "02 - Curta", "CD_FAZ": "400534", "TALHOES": "5", "FAZ_tAL": "400534005", "ID_LINHA": 96435 }, "geometry": { "type": "MultiLineString", "coordinates": [ [ [ 425205.895976496161893, 7637511.702449420467019 ], [ 425192.558803659921978, 7637516.667240781709552 ], [ 425177.770379091787618, 7637521.235556835308671 ], [ 425162.694211943075061, 7637524.943697206676006 ], [ 425147.389155406039208, 7637527.775171536020935 ], [ 425135.0455173511873, 7637529.396386005915701 ], [ 425119.577426612144336, 7637530.607640074566007 ], [ 425104.09790536458604, 7637530.910967562347651 ], [ 425088.604952387628146, 7637530.308539558202028 ], [ 425073.181235775933601, 7637528.803641552105546 ], [ 425057.870211644563824, 7637526.399360539391637 ], [ 425042.683968480909243, 7637523.097597160376608 ], [ 425030.681247255182825, 7637519.821192728355527 ], [ 425015.929498748213518, 7637514.950211275368929 ], [ 425001.496450926118996, 7637509.230477942153811 ], [ 424987.475308887776919, 7637502.701502464711666 ], [ 424975.141313191095833, 7637496.084685640409589 ] ] ] } },
{ "type": "Feature", "properties": { "fid": 505.0, "COMPR_M": 244.96, "CLASSE": "02 - Curta", "CD_FAZ": "400534", "TALHOES": "5", "FAZ_tAL": "400534005", "ID_LINHA": 96436 }, "geometry": { "type": "MultiLineString", "coordinates": [ [ [ 425207.129774892120622, 7637514.439838755875826 ], [ 425193.527891352889128, 7637519.506462323479354 ], [ 425178.571689377131406, 7637524.126613594591618 ], [ 425163.325570718327072, 7637527.876561215147376 ], [ 425147.848919627082068, 7637530.739783024415374 ], [ 425135.366807525628246, 7637532.379183037206531 ], [ 425119.72404016694054, 7637533.604106908664107 ], [ 425104.068946112121921, 7637533.910879037342966 ], [ 425088.400924729299732, 7637533.301644900813699 ], [ 425072.802738929865882, 7637531.779720906168222 ], [ 425057.318532202509232, 7637529.348251165822148 ], [ 425041.961545199970715, 7637526.009368024766445 ], [ 425026.815935906779487, 7637521.780136730521917 ], [ 425011.959208342188504, 7637516.681382060982287 ], [ 424997.437170367978979, 7637510.729201197624207 ], [ 424983.353083127993159, 7637503.968675965443254 ], [ 424971.245961312321015, 7637497.296814458444715 ] ] ] } },
{ "type": "Feature", "properties": { "fid": 506.0, "COMPR_M": 250.55, "CLASSE": "02 - Curta", "CD_FAZ": "400534", "TALHOES": "5", "FAZ_tAL": "400534005", "ID_LINHA": 96437 }, "geometry": { "type": "MultiLineString", "coordinates": [ [ [ 425208.363573287322652, 7637517.177228091284633 ], [ 425194.496979044983163, 7637522.345683862455189 ], [ 425179.372999662416987, 7637527.017670349217951 ], [ 425163.95692949363729, 7637530.809425226412714 ], [ 425148.308683850569651, 7637533.704394506290555 ], [ 425132.525599159300327, 7637535.683999324217439 ], [ 425116.708303512248676, 7637536.736734717153013 ], [ 425100.869805964524858, 7637536.861654882319272 ], [ 425085.034020108461846, 7637536.060587394982576 ], [ 425069.285036587098148, 7637534.337876852601767 ], [ 425053.648349835420959, 7637531.694886387325823 ], [ 425038.156481863989029, 7637528.137245366349816 ], [ 425022.895700313558336, 7637523.683621987700462 ], [ 425007.93625457683811, 7637518.353549711406231 ], [ 424993.331232612486929, 7637512.1670285416767 ], [ 424979.189877923869062, 7637505.173331888392568 ], [ 424967.387143480009399, 7637498.497574865818024 ] ] ] } },
{ "type": "Feature", "properties": { "fid": 507.0, "COMPR_M": 256.11, "CLASSE": "02 - Curta", "CD_FAZ": "400534", "TALHOES": "5", "FAZ_tAL": "400534005", "ID_LINHA": 96438 }, "geometry": { "type": "MultiLineString", "coordinates": [ [ [ 425209.597371683630627, 7637519.914617424830794 ], [ 425195.466066738765221, 7637525.184905400499701 ], [ 425180.174309947062284, 7637529.908727104775608 ], [ 425164.588288269238546, 7637533.742289235815406 ], [ 425148.768448074581102, 7637536.669005992822349 ], [ 425132.812097459740471, 7637538.67033901438117 ], [ 425116.819785279512871, 7637539.734714213758707 ], [ 425100.805788162746467, 7637539.861022970639169 ], [ 425084.795048575266264, 7637539.051105679944158 ], [ 425068.871732686529867, 7637537.309322328306735 ], [ 425053.062322977755684, 7637534.637143731117249 ], [ 425037.40020845644176, 7637531.040408386848867 ], [ 425021.971681399911176, 7637526.537828578613698 ], [ 425006.84727571066469, 7637521.148980248719454 ], [ 424992.080745573854074, 7637514.894039964303374 ], [ 424977.781197603035253, 7637507.822092780843377 ], [ 424963.561869141005445, 7637499.687897438183427 ] ] ] } },
{ "type": "Feature", "properties": { "fid": 508.0, "COMPR_M": 261.65, "CLASSE": "02 - Curta", "CD_FAZ": "400534", "TALHOES": "5", "FAZ_tAL": "400534005", "ID_LINHA": 96439 }, "geometry": { "type": "MultiLineString", "coordinates": [ [ [ 425210.831170077144634, 7637522.652006760239601 ], [ 425193.370560125738848, 7637529.050100995227695 ], [ 425177.846380757691804, 7637533.64745170623064 ], [ 425162.037292676279321, 7637537.340853457339108 ], [ 425146.010082258668263, 7637540.113549864850938 ], [ 425129.865066606085747, 7637541.947873558849096 ], [ 425113.697064875450451, 7637542.833979004994035 ], [ 425097.501618643756956, 7637542.77229240629822 ], [ 425081.326858852466103, 7637541.764588692225516 ], [ 425065.254021095053758, 7637539.8159263683483 ], [ 425049.295079890580382, 7637536.926479680463672 ], [ 425033.503043987904675, 7637533.105815500020981 ], [ 425017.964243051304948, 7637528.373903267085552 ], [ 425002.740448486758396, 7637522.748445560224354 ], [ 424987.897547678556293, 7637516.255381770431995 ], [ 424973.546980155981146, 7637508.946664158254862 ], [ 424959.767890449729748, 7637500.868481645360589 ] ] ] } },
{ "type": "Feature", "properties": { "fid": 509.0, "COMPR_M": 267.17, "CLASSE": "02 - Curta", "CD_FAZ": "400534", "TALHOES": "5", "FAZ_tAL": "400534005", "ID_LINHA": 96440 }, "geometry": { "type": "MultiLineString", "coordinates": [ [ [ 425212.064968474383932, 7637525.389396097511053 ], [ 425194.306279260257725, 7637531.900493761524558 ], [ 425178.613855523813982, 7637536.547674037516117 ], [ 425162.63446155161364, 7637540.280869469977915 ], [ 425146.43533028755337, 7637543.083308884873986 ], [ 425130.116702012426686, 7637544.937352820299566 ], [ 425113.773407369561028, 7637545.833058955147862 ], [ 425097.402564223040827, 7637545.770707859657705 ], [ 425081.052967900992371, 7637544.752111230045557 ], [ 425064.805977974843699, 7637542.782332464121282 ], [ 425048.674804825393949, 7637539.861707827076316 ], [ 425032.713020401250105, 7637535.999976484104991 ], [ 425017.006978804653045, 7637531.217132391408086 ], [ 425001.618893827020656, 7637525.530966395512223 ], [ 424986.61516196775483, 7637518.967538999393582 ], [ 424972.107047259691171, 7637511.578566362150013 ], [ 424956.011256089725066, 7637502.037445302121341 ] ] ] } },
{ "type": "Feature", "properties": { "fid": 510.0, "COMPR_M": 272.66, "CLASSE": "02 - Curta", "CD_FAZ": "400534", "TALHOES": "5", "FAZ_tAL": "400534005", "ID_LINHA": 96441 }, "geometry": { "type": "MultiLineString", "coordinates": [ [ [ 425213.298766869469546, 7637528.12678543291986 ], [ 425195.241998396231793, 7637534.750886529684067 ], [ 425179.381330291507766, 7637539.447896368801594 ], [ 425163.231630427355412, 7637543.220885490998626 ], [ 425146.860578316671308, 7637546.053067904897034 ], [ 425130.36833741760347, 7637547.92683207988739 ], [ 425113.849749860644806, 7637548.832138906233013 ], [ 425097.303509802732151, 7637548.769123313948512 ], [ 425080.779076948296279, 7637547.739633769728243 ], [ 425064.357934854284395, 7637545.748738561756909 ], [ 425044.81169311190024, 7637542.091897573322058 ], [ 425028.724942274624482, 7637538.001120988279581 ], [ 425012.913035754521843, 7637532.983872313052416 ], [ 424997.429821317025926, 7637527.056180642917752 ], [ 424982.356245561910328, 7637520.250874594785273 ], [ 424967.803276708116755, 7637512.621522786095738 ], [ 424952.281007890414912, 7637503.198198291473091 ] ] ] } },
{ "type": "Feature", "properties": { "fid": 511.0, "COMPR_M": 278.14, "CLASSE": "02 - Curta", "CD_FAZ": "400534", "TALHOES": "5", "FAZ_tAL": "400534005", "ID_LINHA": 96442 }, "geometry": { "type": "MultiLineString", "coordinates": [ [ [ 425214.532565264438745, 7637530.864174768328667 ], [ 425196.177717531216331, 7637537.60127929225564 ], [ 425180.148805056232959, 7637542.34811870008707 ], [ 425163.828799304261338, 7637546.160901506431401 ], [ 425147.285826344799716, 7637549.02282692771405 ], [ 425130.619972823711578, 7637550.916311339475214 ], [ 425113.926092354697175, 7637551.831218861043453 ], [ 425097.204455381492153, 7637551.767538771033287 ], [ 425077.175508761662059, 7637550.402270750142634 ], [ 425057.304278508410789, 7637547.638305629603565 ], [ 425040.887954592995811, 7637544.26892707683146 ], [ 425024.680686014587991, 7637539.946009083651006 ], [ 425008.765680665033869, 7637534.690898816101253 ], [ 424993.192410575691611, 7637528.519282944500446 ], [ 424978.054770813847426, 7637521.470326339825988 ], [ 424963.461913997365627, 7637513.598729457706213 ], [ 424948.574609355651774, 7637504.351529909297824 ] ] ] } },
{ "type": "Feature", "properties": { "fid": 512.0, "COMPR_M": 283.61, "CLASSE": "02 - Curta", "CD_FAZ": "400534", "TALHOES": "5", "FAZ_tAL": "400534005", "ID_LINHA": 96443 }, "geometry": { "type": "MultiLineString", "coordinates": [ [ [ 425215.766363661154173, 7637533.601564104668796 ], [ 425197.113436667015776, 7637540.451672060415149 ], [ 425180.916279822471552, 7637545.248341035097837 ], [ 425164.425968180352356, 7637549.100917525589466 ], [ 425147.711074373801239, 7637551.992585949599743 ], [ 425130.871608230751008, 7637553.905790600925684 ], [ 425114.002434847061522, 7637554.830298811197281 ], [ 425097.1054009621148, 7637554.765954226255417 ], [ 425076.866723390179686, 7637553.386388547718525 ], [ 425060.122301297145896, 7637551.157156663946807 ], [ 425040.199481186980847, 7637547.188911568373442 ], [ 425023.823462981265038, 7637542.820982847362757 ], [ 425007.742278081655968, 7637537.510997036471963 ], [ 424992.00611909799045, 7637531.27482651732862 ], [ 424973.711983831773978, 7637522.625164125114679 ], [ 424959.079080319788773, 7637514.506508177146316 ], [ 424944.890313857700676, 7637505.49798365496099 ] ] ] } },
{ "type": "Feature", "properties": { "fid": 513.0, "COMPR_M": 289.05, "CLASSE": "02 - Curta", "CD_FAZ": "400534", "TALHOES": "5", "FAZ_tAL": "400534005", "ID_LINHA": 96444 }, "geometry": { "type": "MultiLineString", "coordinates": [ [ [ 425217.000162055715919, 7637536.338953440077603 ], [ 425198.049155803862959, 7637543.302064823918045 ], [ 425181.683754588419106, 7637548.148563362658024 ], [ 425165.02313705754932, 7637552.040933540090919 ], [ 425148.136322402395308, 7637554.962344969622791 ], [ 425131.123243637266569, 7637556.895269862376153 ], [ 425114.078777339775115, 7637557.829378763213754 ], [ 425097.00634654116584, 7637557.764369681477547 ], [ 425076.557938019279391, 7637556.370506346225739 ], [ 425059.639613854466006, 7637554.118122717365623 ], [ 425039.511007779510692, 7637550.108896058052778 ], [ 425022.966239947651047, 7637545.695956616662443 ], [ 425006.718875498103444, 7637540.33109525591135 ], [ 424990.819827618892305, 7637534.030370088294148 ], [ 424972.334683932713233, 7637525.29037672188133 ], [ 424957.546266540535726, 7637517.085422491654754 ], [ 424941.239142850972712, 7637506.634129950776696 ] ] ] } },
{ "type": "Feature", "properties": { "fid": 514.0, "COMPR_M": 294.48, "CLASSE": "02 - Curta", "CD_FAZ": "400534", "TALHOES": "5", "FAZ_tAL": "400534005", "ID_LINHA": 96445 }, "geometry": { "type": "MultiLineString", "coordinates": [ [ [ 425218.233960452780593, 7637539.076342774555087 ], [ 425198.984874938847497, 7637546.152457588352263 ], [ 425182.451229355880059, 7637551.048785696737468 ], [ 425162.223654818488285, 7637555.650309355929494 ], [ 425145.131223527307156, 7637558.402958562597632 ], [ 425127.931108575779945, 7637560.154390435665846 ], [ 425110.707719904952683, 7637560.89601197745651 ], [ 425093.457881370559335, 7637560.628659062087536 ], [ 425072.819845461926889, 7637558.97950254380703 ], [ 425052.353417228499893, 7637555.888266799971461 ], [ 425035.459735677286517, 7637552.215305831283331 ], [ 425018.799891221686266, 7637547.563228039070964 ], [ 425002.452848470420577, 7637541.952986102551222 ], [ 424986.471065432066098, 7637535.402456456795335 ], [ 424967.920435361855198, 7637526.363419029861689 ], [ 424953.085491529374849, 7637517.900458664633334 ], [ 424937.605870215571485, 7637507.764706751331687 ] ] ] } },
{ "type": "Feature", "properties": { "fid": 515.0, "COMPR_M": 299.9, "CLASSE": "02 - Curta", "CD_FAZ": "400534", "TALHOES": "5", "FAZ_tAL": "400534005", "ID_LINHA": 96446 }, "geometry": { "type": "MultiLineString", "coordinates": [ [ [ 425219.45938395569101, 7637541.817095602862537 ], [ 425199.92059407546185, 7637549.002850355580449 ], [ 425183.218704118335154, 7637553.949008027091622 ], [ 425162.786569997435436, 7637558.597075563855469 ], [ 425145.521887718117796, 7637561.377464615739882 ], [ 425128.147809277579654, 7637563.146605021320283 ], [ 425110.748941378667951, 7637563.895780139602721 ], [ 425093.323812766931951, 7637563.625713035464287 ], [ 425072.476191245834343, 7637561.959806141443551 ], [ 425051.801737785746809, 7637558.837157427333295 ], [ 425034.737312398210634, 7637555.127076697535813 ], [ 425014.579530093120411, 7637549.371481284499168 ], [ 424998.135444775107317, 7637543.512424543499947 ], [ 424982.076849270029925, 7637536.710131341591477 ], [ 424963.467449883930385, 7637527.369979591108859 ], [ 424948.576043145963922, 7637518.638432305306196 ], [ 424933.988413467537612, 7637508.89036207459867 ] ] ] } },
{ "type": "Feature", "properties": { "fid": 516.0, "COMPR_M": 305.31, "CLASSE": "03 - Média", "CD_FAZ": "400534", "TALHOES": "5", "FAZ_tAL": "400534005", "ID_LINHA": 96447 }, "geometry": { "type": "MultiLineString", "coordinates": [ [ [ 425220.700993206817657, 7637544.549870038405061 ], [ 425204.187855975236744, 7637550.737899263389409 ], [ 425183.986178885796107, 7637556.849230357445776 ], [ 425163.349485175102018, 7637561.543841774575412 ], [ 425145.912551907589659, 7637564.351970665156841 ], [ 425128.364509977516718, 7637566.138819611631334 ], [ 425110.790162850287743, 7637566.895548305474222 ], [ 425093.189744164701551, 7637566.622767005115747 ], [ 425072.132537030789535, 7637564.940109742805362 ], [ 425051.250058345147409, 7637561.786048052832484 ], [ 425034.014889117213897, 7637558.03884756565094 ], [ 425013.655511180637404, 7637552.225687873549759 ], [ 424997.046465908992104, 7637546.307855079881847 ], [ 424980.82636223139707, 7637539.437142763286829 ], [ 424962.027516988047864, 7637530.001881796866655 ], [ 424946.982781323720701, 7637521.180444614961743 ], [ 424930.401605277555063, 7637510.006480390205979 ] ] ] } },
{ "type": "Feature", "properties": { "fid": 517.0, "COMPR_M": 310.7, "CLASSE": "03 - Média", "CD_FAZ": "400534", "TALHOES": "5", "FAZ_tAL": "400534005", "ID_LINHA": 96448 }, "geometry": { "type": "MultiLineString", "coordinates": [ [ [ 425221.934271441074088, 7637547.286105305887759 ], [ 425205.156943669484463, 7637553.577120802365243 ], [ 425184.753653652092908, 7637559.749452689662576 ], [ 425163.912400354689453, 7637564.490607984364033 ], [ 425146.303216096945107, 7637567.326476715505123 ], [ 425125.032161175389774, 7637569.367222415283322 ], [ 425107.276920360920485, 7637569.923356298357248 ], [ 425089.502935186610557, 7637569.440101276151836 ], [ 425068.260776795563288, 7637567.492673117667437 ], [ 425047.202054405701347, 7637564.059717148542404 ], [ 425029.837474380037747, 7637560.072038581594825 ], [ 425009.348864832369145, 7637553.962965367361903 ], [ 424992.646456551214214, 7637547.791133089922369 ], [ 424976.356076272437349, 7637540.664796845056117 ], [ 424957.505871520319488, 7637530.92395447101444 ], [ 424942.396052066411357, 7637521.821681503206491 ], [ 424926.828045089147054, 7637511.118476282805204 ] ] ] } },
{ "type": "Feature", "properties": { "fid": 518.0, "COMPR_M": 316.09, "CLASSE": "03 - Média", "CD_FAZ": "400534", "TALHOES": "5", "FAZ_tAL": "400534005", "ID_LINHA": 96449 }, "geometry": { "type": "MultiLineString", "coordinates": [ [ [ 425223.167549676727504, 7637550.02234057802707 ], [ 425206.126031360763591, 7637556.416342342272401 ], [ 425185.521128418040462, 7637562.649675022810698 ], [ 425164.475315532356035, 7637567.437374191358685 ], [ 425146.693880287464708, 7637570.30098276771605 ], [ 425125.213854599976912, 7637572.361766723915935 ], [ 425107.283041053509805, 7637572.923401359468699 ], [ 425089.333875338605139, 7637572.435385175049305 ], [ 425067.882279951241799, 7637570.468752468004823 ], [ 425046.616027548559941, 7637567.001974491402507 ], [ 425029.081200973596424, 7637562.97520160023123 ], [ 425008.391600587405264, 7637556.806194487959146 ], [ 424991.524901892407797, 7637550.573653928935528 ], [ 424975.073690560995601, 7637543.376954074949026 ], [ 424956.034813636448234, 7637533.538587567396462 ], [ 424940.773160057317, 7637524.344879404641688 ], [ 424923.271286390256137, 7637512.225244004279375 ] ] ] } },
{ "type": "Feature", "properties": { "fid": 519.0, "COMPR_M": 321.46, "CLASSE": "03 - Média", "CD_FAZ": "400534", "TALHOES": "5", "FAZ_tAL": "400534005", "ID_LINHA": 96450 }, "geometry": { "type": "MultiLineString", "coordinates": [ [ [ 425224.400827909877989, 7637552.758575851097703 ], [ 425207.095119053788949, 7637559.255563884973526 ], [ 425186.28860318363877, 7637565.549897350370884 ], [ 425165.038230711244978, 7637570.384140403941274 ], [ 425147.084544477285817, 7637573.275488819926977 ], [ 425125.395548027125187, 7637575.356311038136482 ], [ 425107.28916174499318, 7637575.923446416854858 ], [ 425089.164815490948968, 7637575.430669074878097 ], [ 425067.503783105872571, 7637573.444831820204854 ], [ 425046.03000069205882, 7637569.944231830537319 ], [ 425028.324927565641701, 7637565.878364619798958 ], [ 425007.434336340636946, 7637559.649423611350358 ], [ 424990.403347231913358, 7637553.35617476888001 ], [ 424973.791304849088192, 7637546.089111305773258 ], [ 424954.563755755254533, 7637536.153220664709806 ], [ 424936.111039228970185, 7637524.888127671554685 ], [ 424919.737483508419245, 7637513.324868492782116 ] ] ] } },
{ "type": "Feature", "properties": { "fid": 520.0, "COMPR_M": 326.82, "CLASSE": "03 - Média", "CD_FAZ": "400534", "TALHOES": "5", "FAZ_tAL": "400534005", "ID_LINHA": 96451 }, "geometry": { "type": "MultiLineString", "coordinates": [ [ [ 425225.634106146462727, 7637555.494811119511724 ], [ 425208.064206747803837, 7637562.094785425812006 ], [ 425187.056077950168401, 7637568.450119683519006 ], [ 425165.601145890192129, 7637573.330906613729894 ], [ 425147.475208666932303, 7637576.249994871206582 ], [ 425125.577241452876478, 7637578.35085534863174 ], [ 425107.295282437407877, 7637578.923491481691599 ], [ 425088.995755643758457, 7637578.425952970981598 ], [ 425067.125286262249574, 7637576.42091117054224 ], [ 425045.443973833578639, 7637572.886489173397422 ], [ 425024.022760965395719, 7637567.835747317411005 ], [ 425003.009045271610375, 7637561.30244689527899 ], [ 424985.889905572170392, 7637554.748437396250665 ], [ 424969.214711672975682, 7637547.219952777028084 ], [ 424949.943489500554278, 7637536.971320884302258 ], [ 424931.404287472018041, 7637525.35147500038147 ], [ 424916.211720001301728, 7637514.421991342678666 ] ] ] } },
{ "type": "Feature", "properties": { "fid": 521.0, "COMPR_M": 332.17, "CLASSE": "03 - Média", "CD_FAZ": "400534", "TALHOES": "5", "FAZ_tAL": "400534005", "ID_LINHA": 96452 }, "geometry": { "type": "MultiLineString", "coordinates": [ [ [ 425226.867384379846044, 7637558.231046391651034 ], [ 425209.033294440247118, 7637564.934006963856518 ], [ 425187.823552715592086, 7637571.350342015735805 ], [ 425166.164061067160219, 7637576.277672819793224 ], [ 425147.865872857859358, 7637579.224500920623541 ], [ 425125.758934877172578, 7637581.345399660989642 ], [ 425107.301403130055405, 7637581.923536540940404 ], [ 425085.136482194066048, 7637581.191330415196717 ], [ 425063.085478088993113, 7637578.90955900773406 ], [ 425041.23150403337786, 7637575.084445591084659 ], [ 425023.232737380720209, 7637570.729908300563693 ], [ 425002.018646221607924, 7637564.134304352104664 ], [ 424984.735913997399621, 7637557.517663069069386 ], [ 424967.900558285589796, 7637549.916860595345497 ], [ 424948.441442335373722, 7637539.568275486119092 ], [ 424929.723338515963405, 7637527.836371215991676 ], [ 424912.711691734322812, 7637515.511106075718999 ] ] ] } },
{ "type": "Feature", "properties": { "fid": 522.0, "COMPR_M": 337.51, "CLASSE": "03 - Média", "CD_FAZ": "400534", "TALHOES": "5", "FAZ_tAL": "400534005", "ID_LINHA": 96453 }, "geometry": { "type": "MultiLineString", "coordinates": [ [ [ 425228.100662616605405, 7637560.967281663790345 ], [ 425210.002382133039646, 7637567.773228504694998 ], [ 425188.591027480666526, 7637574.250564346089959 ], [ 425166.726976246805862, 7637579.224439030513167 ], [ 425148.256537047331221, 7637582.199006970971823 ], [ 425125.940628304029815, 7637584.3399439714849 ], [ 425107.307523821655195, 7637584.923581598326564 ], [ 425084.93245453457348, 7637584.18443575873971 ], [ 425062.672174189763609, 7637581.881004486232996 ], [ 425040.611228969413787, 7637578.019673739559948 ], [ 425018.840859525022097, 7637572.618296815082431 ], [ 425001.028247174574062, 7637566.96616180986166 ], [ 424980.14320431149099, 7637558.830262234434485 ], [ 424963.251068129378837, 7637550.964192429557443 ], [ 424943.75094252434792, 7637540.295651315711439 ], [ 424924.94469687261153, 7637528.19967307895422 ], [ 424909.219160716456827, 7637516.597887869924307 ] ] ] } },
{ "type": "Feature", "properties": { "fid": 523.0, "COMPR_M": 342.85, "CLASSE": "03 - Média", "CD_FAZ": "400534", "TALHOES": "5", "FAZ_tAL": "400534005", "ID_LINHA": 96454 }, "geometry": { "type": "MultiLineString", "coordinates": [ [ [ 425229.333940850163344, 7637563.703516935929656 ], [ 425210.971469825541135, 7637570.612450042739511 ], [ 425189.35850224737078, 7637577.150786677375436 ], [ 425167.289891424356028, 7637582.171205240301788 ], [ 425148.647201237385161, 7637585.173513025045395 ], [ 425126.122321730770636, 7637587.334488283842802 ], [ 425107.313644513487816, 7637587.923626659438014 ], [ 425084.728426875139121, 7637587.177541103214025 ], [ 425062.25887028942816, 7637584.852449961006641 ], [ 425039.990953902597539, 7637580.95490188524127 ], [ 425018.017185962700751, 7637575.503061465919018 ], [ 425000.03784812707454, 7637569.798019271343946 ], [ 424978.956912833498791, 7637561.585805807262659 ], [ 424961.905276975827292, 7637553.645452981814742 ], [ 424942.218128744978458, 7637542.874565629288554 ], [ 424923.235325880523305, 7637530.665103180333972 ], [ 424905.745904918934684, 7637517.678671730682254 ] ] ] } },
{ "type": "Feature", "properties": { "fid": 524.0, "COMPR_M": 348.17, "CLASSE": "03 - Média", "CD_FAZ": "400534", "TALHOES": "5", "FAZ_tAL": "400534005", "ID_LINHA": 96455 }, "geometry": { "type": "MultiLineString", "coordinates": [ [ [ 425230.567219085874967, 7637566.439752206206322 ], [ 425211.940557519730646, 7637573.451671583577991 ], [ 425190.125977011630312, 7637580.051009008660913 ], [ 425167.852806603943463, 7637585.117971450090408 ], [ 425145.256687561399303, 7637588.622264030389488 ], [ 425122.509697677800432, 7637590.536976721137762 ], [ 425103.518720308551565, 7637590.909197021275759 ], [ 425080.732532507507131, 7637589.889916492626071 ], [ 425058.085331165813841, 7637587.278423915617168 ], [ 425035.649757726991083, 7637583.081149328500032 ], [ 425013.536786568001844, 7637577.320668024942279 ], [ 424995.461447079840582, 7637571.352175677195191 ], [ 424974.286504393385258, 7637562.817184523679316 ], [ 424953.83363216300495, 7637552.851027956232429 ], [ 424937.453147401392926, 7637543.506340190768242 ], [ 424918.386800570006017, 7637530.92733714170754 ], [ 424902.28310150152538, 7637518.756203096359968 ] ] ] } },
{ "type": "Feature", "properties": { "fid": 525.0, "COMPR_M": 353.49, "CLASSE": "03 - Média", "CD_FAZ": "400534", "TALHOES": "5", "FAZ_tAL": "400534005", "ID_LINHA": 96456 }, "geometry": { "type": "MultiLineString", "coordinates": [ [ [ 425231.800497320364229, 7637569.175987478345633 ], [ 425212.909645211009774, 7637576.290893122553825 ], [ 425190.893451779498719, 7637582.951231341809034 ], [ 425168.415721782133915, 7637588.064737661741674 ], [ 425145.612699417339172, 7637591.601116264238954 ], [ 425122.656311232130975, 7637593.533443553373218 ], [ 425103.48976105672773, 7637593.909108493477106 ], [ 425080.493560973205604, 7637592.880434775725007 ], [ 425057.637288046069443, 7637590.24483001139015 ], [ 425034.995333770755678, 7637586.008953029289842 ], [ 425012.679563534446061, 7637580.195641790516675 ], [ 424994.438044497044757, 7637574.172273896634579 ], [ 424973.068048289045691, 7637565.558657331392169 ], [ 424952.424951842054725, 7637555.499788847751915 ], [ 424935.889912989572622, 7637546.066928343847394 ], [ 424916.649414234154392, 7637533.373104850761592 ], [ 424898.835613584087696, 7637519.828968686051667 ] ] ] } },
{ "type": "Feature", "properties": { "fid": 526.0, "COMPR_M": 358.8, "CLASSE": "03 - Média", "CD_FAZ": "400534", "TALHOES": "5", "FAZ_tAL": "400534005", "ID_LINHA": 96457 }, "geometry": { "type": "MultiLineString", "coordinates": [ [ [ 425233.033775554969907, 7637571.912222750484943 ], [ 425213.878732905955985, 7637579.130114663392305 ], [ 425191.660926543641835, 7637585.851453672163188 ], [ 425168.978636961081065, 7637591.011503871530294 ], [ 425145.968711272755172, 7637594.579968499019742 ], [ 425122.802924785530195, 7637596.529910385608673 ], [ 425103.460801803448703, 7637596.909019965678453 ], [ 425080.254589440650307, 7637595.870953057892621 ], [ 425057.189244924578816, 7637593.211236107163131 ], [ 425034.340909813065082, 7637588.936756723560393 ], [ 425011.822340499958955, 7637583.07061555609107 ], [ 424993.414641913492233, 7637576.992372116073966 ], [ 424971.849592185462825, 7637568.300130138173699 ], [ 424951.016271522967145, 7637558.148549740202725 ], [ 424931.05016309482744, 7637546.600567761808634 ], [ 424911.733042122796178, 7637533.53332775644958 ], [ 424895.399232326890342, 7637520.898278182372451 ] ] ] } },
{ "type": "Feature", "properties": { "fid": 527.0, "COMPR_M": 364.11, "CLASSE": "03 - Média", "CD_FAZ": "400534", "TALHOES": "5", "FAZ_tAL": "400534005", "ID_LINHA": 96458 }, "geometry": { "type": "MultiLineString", "coordinates": [ [ [ 425234.267053789633792, 7637574.648458020761609 ], [ 425214.84782059857389, 7637581.969336204230785 ], [ 425192.428401310113259, 7637588.751676002517343 ], [ 425169.541552139271516, 7637593.958270081318915 ], [ 425146.324723128927872, 7637597.55882073380053 ], [ 425122.949538339860737, 7637599.526377217844129 ], [ 425103.431842550693545, 7637599.908931438811123 ], [ 425080.01561790658161, 7637598.861471339128911 ], [ 425056.741201804019511, 7637596.177642204798758 ], [ 425033.686485859099776, 7637591.864560419693589 ], [ 425010.965117465006188, 7637585.945589318871498 ], [ 424992.391239330405369, 7637579.812470335513353 ], [ 424970.631136081938166, 7637571.04160294495523 ], [ 424949.607591202366166, 7637560.797310635447502 ], [ 424929.456901271711104, 7637549.142580075189471 ], [ 424909.968048404669389, 7637535.959247022867203 ], [ 424891.976548003847711, 7637521.963325561955571 ] ] ] } },
{ "type": "Feature", "properties": { "fid": 528.0, "COMPR_M": 369.41, "CLASSE": "03 - Média", "CD_FAZ": "400534", "TALHOES": "5", "FAZ_tAL": "400534005", "ID_LINHA": 96459 }, "geometry": { "type": "MultiLineString", "coordinates": [ [ [ 425235.500332023773808, 7637577.384693291038275 ], [ 425215.81690829229774, 7637584.808557742275298 ], [ 425193.195876077516004, 7637591.651898335665464 ], [ 425170.104467318160459, 7637596.90503628924489 ], [ 425146.680734986497555, 7637600.537672968581319 ], [ 425123.096151891804766, 7637602.522844051010907 ], [ 425103.402883298462257, 7637602.908842913806438 ], [ 425079.776646374317352, 7637601.851989621296525 ], [ 425056.293158683169167, 7637599.14404830057174 ], [ 425033.032061901583802, 7637594.792364118620753 ], [ 425010.107894431683235, 7637588.820563085377216 ], [ 424987.665177557617426, 7637581.264370164833963 ], [ 424965.820517773390748, 7637572.161279831081629 ], [ 424944.748322236642707, 7637561.5847082529217 ], [ 424924.544239959621336, 7637549.576858423650265 ], [ 424904.985892587341368, 7637536.016594296321273 ], [ 424888.56347031093901, 7637523.025383614934981 ] ] ] } },
{ "type": "Feature", "properties": { "fid": 529.0, "COMPR_M": 374.7, "CLASSE": "03 - Média", "CD_FAZ": "400534", "TALHOES": "5", "FAZ_tAL": "400534005", "ID_LINHA": 96460 }, "geometry": { "type": "MultiLineString", "coordinates": [ [ [ 425236.733610258030239, 7637580.120928562246263 ], [ 425216.785995985672344, 7637587.647779285907745 ], [ 425193.963350843114313, 7637594.552120666950941 ], [ 425170.667382495710626, 7637599.851802498102188 ], [ 425147.036746841564309, 7637603.516525205224752 ], [ 425123.242765445436817, 7637605.51931088231504 ], [ 425099.39739654987352, 7637605.847120940685272 ], [ 425075.575148853706196, 7637604.502562013454735 ], [ 425051.916614758141804, 7637601.493579589761794 ], [ 425028.495433259929996, 7637596.828647885471582 ], [ 425005.43981674668612, 7637590.535046888515353 ], [ 424986.608915349643212, 7637584.072326170280576 ], [ 424964.570030737086199, 7637574.88829125277698 ], [ 424943.308389340294525, 7637564.216610454954207 ], [ 424922.921347949595656, 7637552.100056326016784 ], [ 424903.193700297502801, 7637538.422489154152572 ], [ 424885.16466365364613, 7637524.083000905811787 ] ] ] } },
{ "type": "Feature", "properties": { "fid": 530.0, "COMPR_M": 379.98, "CLASSE": "03 - Média", "CD_FAZ": "400534", "TALHOES": "5", "FAZ_tAL": "400534005", "ID_LINHA": 96461 }, "geometry": { "type": "MultiLineString", "coordinates": [ [ [ 425237.966888493683655, 7637582.857163833454251 ], [ 425217.755083678755909, 7637590.48700082488358 ], [ 425194.730825607723091, 7637597.452342996373773 ], [ 425171.230297674541362, 7637602.798568706959486 ], [ 425147.392758697387762, 7637606.495377440005541 ], [ 425123.38937899802113, 7637608.515777718275785 ], [ 425099.333378748910036, 7637608.846489029936492 ], [ 425075.301257899729535, 7637607.490084551274776 ], [ 425051.433927314472385, 7637604.454545643180609 ], [ 425027.806959851877764, 7637599.748632374219596 ], [ 425004.549145115306601, 7637593.399834813550115 ], [ 424981.800761774298735, 7637585.443882592022419 ], [ 424959.685062016709708, 7637575.922840841114521 ], [ 424938.382119033136405, 7637564.914184742607176 ], [ 424917.937698141788132, 7637552.43383988365531 ], [ 424898.147845763014629, 7637538.376173803582788 ], [ 424881.771992483059876, 7637525.138708997517824 ] ] ] } },
{ "type": "Feature", "properties": { "fid": 531.0, "COMPR_M": 385.26, "CLASSE": "03 - Média", "CD_FAZ": "400534", "TALHOES": "5", "FAZ_tAL": "400534005", "ID_LINHA": 96462 }, "geometry": { "type": "MultiLineString", "coordinates": [ [ [ 425239.200166728813201, 7637585.593399105593562 ], [ 425218.724171371548437, 7637593.32622236572206 ], [ 425195.49830037454376, 7637600.352565327659249 ], [ 425171.793212852673605, 7637605.745334917679429 ], [ 425147.748770553967915, 7637609.474229676648974 ], [ 425123.535992550896481, 7637611.512244546785951 ], [ 425099.269360948761459, 7637611.845857121050358 ], [ 425075.027366949769203, 7637610.477607090957463 ], [ 425050.951239870628342, 7637607.415511695668101 ], [ 425027.118486445047893, 7637602.668616865761578 ], [ 425003.658473481889814, 7637596.264622736722231 ], [ 424980.711782906553708, 7637588.239313130266964 ], [ 424958.40267630625749, 7637578.634998071938753 ], [ 424936.911061147926375, 7637567.528817839920521 ], [ 424916.285576224152464, 7637554.937995538115501 ], [ 424896.32886416441761, 7637540.761878177523613 ], [ 424878.396249786310364, 7637526.189149403944612 ] ] ] } },
{ "type": "Feature", "properties": { "fid": 532.0, "COMPR_M": 390.54, "CLASSE": "03 - Média", "CD_FAZ": "400534", "TALHOES": "5", "FAZ_tAL": "400534005", "ID_LINHA": 96463 }, "geometry": { "type": "MultiLineString", "coordinates": [ [ [ 425240.433444963360671, 7637588.329634375870228 ], [ 425219.693259064049926, 7637596.165443904697895 ], [ 425196.265775140956976, 7637603.252787661738694 ], [ 425172.35612803150434, 7637608.692101128399372 ], [ 425148.1047824100242, 7637612.453081912361085 ], [ 425123.682606105459854, 7637614.508711378090084 ], [ 425099.205343147506937, 7637614.845225209370255 ], [ 425074.753475994803011, 7637613.465129628777504 ], [ 425050.468552427133545, 7637610.376477752812207 ], [ 425026.430013038683683, 7637605.588601353578269 ], [ 425002.767801851616241, 7637599.129410661756992 ], [ 424979.622804039041512, 7637591.034743666648865 ], [ 424957.120290593418758, 7637581.34715530090034 ], [ 424935.440003266150597, 7637570.143450940027833 ], [ 424914.633454307739157, 7637557.442151192575693 ], [ 424894.509882565122098, 7637543.147582549601793 ], [ 424875.021402428392321, 7637527.239311205223203 ] ] ] } },
{ "type": "Feature", "properties": { "fid": 533.0, "COMPR_M": 395.8, "CLASSE": "03 - Média", "CD_FAZ": "400534", "TALHOES": "5", "FAZ_tAL": "400534005", "ID_LINHA": 96464 }, "geometry": { "type": "MultiLineString", "coordinates": [ [ [ 425241.666723199363332, 7637591.065869646146894 ], [ 425216.763538517407142, 7637600.309920134022832 ], [ 425193.044906212307978, 7637607.183540059253573 ], [ 425168.861991932441015, 7637612.389442070387304 ], [ 425144.362932394258678, 7637615.897499879822135 ], [ 425119.718311231466942, 7637617.682181159034371 ], [ 425095.025258131849114, 7637617.732678788714111 ], [ 425070.38223058352014, 7637616.052862280979753 ], [ 425045.925154039228801, 7637612.651103749871254 ], [ 425021.733693351096008, 7637607.538952304050326 ], [ 424997.947189653466921, 7637600.747199876233935 ], [ 424974.701582001813222, 7637592.311466490849853 ], [ 424952.130717619846109, 7637582.279754411429167 ], [ 424930.416876339470036, 7637570.731730721890926 ], [ 424909.551951043657027, 7637557.655125796794891 ], [ 424889.376052054809406, 7637542.976547225378454 ], [ 424871.668230274808593, 7637528.2827282641083 ] ] ] } },
{ "type": "Feature", "properties": { "fid": 534.0, "COMPR_M": 401.07, "CLASSE": "03 - Média", "CD_FAZ": "400534", "TALHOES": "5", "FAZ_tAL": "400534005", "ID_LINHA": 96465 }, "geometry": { "type": "MultiLineString", "coordinates": [ [ [ 425242.900001432804856, 7637593.802104920148849 ], [ 425217.699257654487155, 7637603.160312901251018 ], [ 425193.778456042229664, 7637610.092528102919459 ], [ 425169.390588932437822, 7637615.34255731664598 ], [ 425144.684222568117548, 7637618.880296907387674 ], [ 425119.829792999196798, 7637620.680160654708743 ], [ 425094.926203710900154, 7637620.731094245798886 ], [ 425070.073445212154184, 7637619.036980076692998 ], [ 425045.407921107718721, 7637615.60623093880713 ], [ 425021.011270070681348, 7637610.450723171234131 ], [ 424997.023170738830231, 7637603.601406465284526 ], [ 424973.58002734213369, 7637595.093987327069044 ], [ 424950.816564231063239, 7637584.97666222974658 ], [ 424928.914829173358157, 7637573.328685320913792 ], [ 424907.871002088126261, 7637560.140022011473775 ], [ 424887.530690479907207, 7637545.341904749162495 ], [ 424868.315058123262133, 7637529.326145322993398 ] ] ] } },
{ "type": "Feature", "properties": { "fid": 535.0, "COMPR_M": 406.32, "CLASSE": "03 - Média", "CD_FAZ": "400534", "TALHOES": "5", "FAZ_tAL": "400534005", "ID_LINHA": 96466 }, "geometry": { "type": "MultiLineString", "coordinates": [ [ [ 425244.133279668283649, 7637596.538340190425515 ], [ 425218.634976789820939, 7637606.010705666616559 ], [ 425194.512005874654278, 7637613.00151614099741 ], [ 425169.919185934588313, 7637618.29567255731672 ], [ 425145.005512742849533, 7637621.863093938678503 ], [ 425119.94127476750873, 7637623.67814015597105 ], [ 425094.82714929105714, 7637623.729509700089693 ], [ 425069.764659840730019, 7637622.021097874268889 ], [ 425044.890688177431002, 7637618.561358125880361 ], [ 425020.288846790266689, 7637613.362494038417935 ], [ 424996.099151825881563, 7637606.455613054335117 ], [ 424972.458472683501896, 7637597.876508162356913 ], [ 424949.502410842629615, 7637587.673570048995316 ], [ 424927.412782007479109, 7637575.92563992459327 ], [ 424906.190053131082095, 7637562.624918225221336 ], [ 424885.685328905412462, 7637547.707262271083891 ], [ 424864.977909271779936, 7637530.364576360210776 ] ] ] } },
{ "type": "Feature", "properties": { "fid": 536.0, "COMPR_M": 411.57, "CLASSE": "03 - Média", "CD_FAZ": "400534", "TALHOES": "5", "FAZ_tAL": "400534005", "ID_LINHA": 96467 }, "geometry": { "type": "MultiLineString", "coordinates": [ [ [ 425245.366557901958004, 7637599.274575461633503 ], [ 425219.570695925329346, 7637608.861098429188132 ], [ 425195.245555706089363, 7637615.910504185594618 ], [ 425170.447782934701536, 7637621.248787802644074 ], [ 425145.326802917115856, 7637624.84589096903801 ], [ 425120.05275653389981, 7637626.676119653508067 ], [ 425094.728094870457426, 7637626.7279251543805 ], [ 425069.455874468607362, 7637625.005215670913458 ], [ 425044.37345524772536, 7637621.516485314816236 ], [ 425019.566423509968445, 7637616.274264906533062 ], [ 424995.175132912467234, 7637609.309819641523063 ], [ 424971.336918021319434, 7637600.659028999507427 ], [ 424948.188257453846745, 7637590.370477865450084 ], [ 424925.910734840435907, 7637578.522594528272748 ], [ 424904.509104174561799, 7637565.109814442694187 ], [ 424883.839967331965454, 7637550.072619793005288 ], [ 424861.64689316728618, 7637531.401099055074155 ] ] ] } },
{ "type": "Feature", "properties": { "fid": 537.0, "COMPR_M": 416.82, "CLASSE": "03 - Média", "CD_FAZ": "400534", "TALHOES": "5", "FAZ_tAL": "400534005", "ID_LINHA": 96468 }, "geometry": { "type": "MultiLineString", "coordinates": [ [ [ 425246.599836137669627, 7637602.010810732841492 ], [ 425220.506415061070584, 7637611.711491198278964 ], [ 425195.97910553670954, 7637618.819492226466537 ], [ 425170.976379934931174, 7637624.20190304517746 ], [ 425145.648093090916518, 7637627.828688001260161 ], [ 425120.164238300931174, 7637629.674099151045084 ], [ 425094.629040450206958, 7637629.726340610533953 ], [ 425069.147089096484706, 7637627.989333466626704 ], [ 425043.856222316622734, 7637624.471612501889467 ], [ 425014.712006229790859, 7637618.135298973880708 ], [ 424990.203579907887615, 7637610.827547805383801 ], [ 424966.272048804210499, 7637601.825273873284459 ], [ 424943.064200830529444, 7637591.183100733906031 ], [ 424920.758735830429941, 7637578.979366021230817 ], [ 424899.304131981101818, 7637565.181124625727534 ], [ 424878.595124419429339, 7637549.755441732704639 ], [ 424858.322644585568924, 7637532.435515874996781 ] ] ] } },
{ "type": "Feature", "properties": { "fid": 538.0, "COMPR_M": 422.06, "CLASSE": "03 - Média", "CD_FAZ": "400534", "TALHOES": "5", "FAZ_tAL": "400534005", "ID_LINHA": 96469 }, "geometry": { "type": "MultiLineString", "coordinates": [ [ [ 425247.833114372799173, 7637604.747046003118157 ], [ 425221.442134197684936, 7637614.561883958987892 ], [ 425196.712655367096886, 7637621.728480266407132 ], [ 425171.504976935859304, 7637627.155018287710845 ], [ 425145.969383264950011, 7637630.8114850288257 ], [ 425120.275720068602823, 7637632.672078647650778 ], [ 425094.529986028384883, 7637632.724756065756083 ], [ 425077.386931040324271, 7637631.757172452285886 ], [ 425064.572144309408031, 7637630.506788919679821 ], [ 425039.113110628037248, 7637626.661641824990511 ], [ 425013.955732821021229, 7637621.038461994379759 ], [ 424989.246315661468543, 7637613.6707769241184 ], [ 424965.118057229788974, 7637604.594499545171857 ], [ 424941.718409676570445, 7637593.864361284300685 ], [ 424919.225922049896326, 7637581.558280335739255 ], [ 424897.594760989304632, 7637567.646554727107286 ], [ 424876.72379190416541, 7637552.100305551663041 ], [ 424855.013373480120208, 7637533.465272109955549 ] ] ] } },
{ "type": "Feature", "properties": { "fid": 539.0, "COMPR_M": 427.31, "CLASSE": "03 - Média", "CD_FAZ": "400534", "TALHOES": "5", "FAZ_tAL": "400534005", "ID_LINHA": 96470 }, "geometry": { "type": "MultiLineString", "coordinates": [ [ [ 425249.06639260740485, 7637607.483281275257468 ], [ 425222.377853332553059, 7637617.4122767271474 ], [ 425197.446205198648386, 7637624.637468308210373 ], [ 425172.033573936787434, 7637630.108133534900844 ], [ 425146.290673439274542, 7637633.794282061979175 ], [ 425120.387201836216263, 7637635.670058147981763 ], [ 425094.430931607726961, 7637635.723171520978212 ], [ 425077.147959507128689, 7637634.747690737247467 ], [ 425064.228490094479639, 7637633.487092517316341 ], [ 425038.561431186215486, 7637629.6105324504897 ], [ 425013.199459414056037, 7637623.941625012084842 ], [ 424988.289051415282302, 7637616.514006046578288 ], [ 424963.964065655425657, 7637607.363725221715868 ], [ 424940.372618523193523, 7637596.545621841214597 ], [ 424917.693108270643279, 7637584.137194650247693 ], [ 424895.885389996343292, 7637570.111984832212329 ], [ 424874.852459389308933, 7637554.445169365033507 ], [ 424851.704102378746029, 7637534.495028339326382 ] ] ] } },
{ "type": "Feature", "properties": { "fid": 540.0, "COMPR_M": 432.54, "CLASSE": "03 - Média", "CD_FAZ": "400534", "TALHOES": "5", "FAZ_tAL": "400534005", "ID_LINHA": 96471 }, "geometry": { "type": "MultiLineString", "coordinates": [ [ [ 425250.299670841486659, 7637610.219516543671489 ], [ 425223.313572468934581, 7637620.262669494375587 ], [ 425198.179755031887908, 7637627.546456350013614 ], [ 425172.562170937191695, 7637633.06124877743423 ], [ 425146.611963613075204, 7637636.777079092338681 ], [ 425120.498683603829704, 7637638.668037646450102 ], [ 425094.33187718881527, 7637638.721586978062987 ], [ 425076.908987973059993, 7637637.738209018483758 ], [ 425063.884835880016908, 7637636.467396114952862 ], [ 425038.009751744568348, 7637632.559423075988889 ], [ 425025.178974429378286, 7637629.92600847966969 ], [ 425008.222289263329003, 7637625.718967013061047 ], [ 424983.201064304856118, 7637617.939596056938171 ], [ 424958.789957698434591, 7637608.430046526715159 ], [ 424935.147586649749428, 7637597.251116763800383 ], [ 424912.44139679800719, 7637584.475750632584095 ], [ 424890.588619211222976, 7637570.059620464220643 ], [ 424869.525925822439604, 7637554.001377245411277 ], [ 424848.41182364866836, 7637535.519497003406286 ] ] ] } },
{ "type": "Feature", "properties": { "fid": 541.0, "COMPR_M": 437.77, "CLASSE": "03 - Média", "CD_FAZ": "400534", "TALHOES": "5", "FAZ_tAL": "400534005", "ID_LINHA": 96472 }, "geometry": { "type": "MultiLineString", "coordinates": [ [ [ 425251.532949076907244, 7637612.955751816742122 ], [ 425224.249291603686288, 7637623.113062258809805 ], [ 425198.913304862275254, 7637630.455444391816854 ], [ 425173.09076793823624, 7637636.014364020898938 ], [ 425146.933253787225112, 7637639.759876117110252 ], [ 425120.610165370861068, 7637641.666017143055797 ], [ 425094.232822767051402, 7637641.720002433285117 ], [ 425076.670016440097243, 7637640.728727303445339 ], [ 425063.541181664040778, 7637639.447699716314673 ], [ 425037.458072302513756, 7637635.508313703350723 ], [ 425024.524550473492127, 7637632.853812178596854 ], [ 425007.432265679351985, 7637628.613127997145057 ], [ 424982.210665257531218, 7637620.77145351562649 ], [ 424957.603666220267769, 7637611.185590100474656 ], [ 424933.770286750455853, 7637599.916329357773066 ], [ 424910.878162384906318, 7637587.036338784731925 ], [ 424888.851232876302674, 7637572.505388171412051 ], [ 424867.629030753276311, 7637556.325609795749187 ], [ 424845.123888762725983, 7637536.542613979429007 ] ] ] } },
{ "type": "Feature", "properties": { "fid": 542.0, "COMPR_M": 443.0, "CLASSE": "03 - Média", "CD_FAZ": "400534", "TALHOES": "5", "FAZ_tAL": "400534005", "ID_LINHA": 96473 }, "geometry": { "type": "MultiLineString", "coordinates": [ [ [ 425252.766227311105467, 7637615.691987089812756 ], [ 425225.185010739194695, 7637625.963455026969314 ], [ 425199.646854693768546, 7637633.36443243175745 ], [ 425173.619364938000217, 7637638.967479266226292 ], [ 425147.254543960792944, 7637642.742673149332404 ], [ 425120.721647138474509, 7637644.663996638730168 ], [ 425094.133768347732257, 7637644.718417884781957 ], [ 425076.431044906959869, 7637643.719245585612953 ], [ 425063.197527449869085, 7637642.428003314882517 ], [ 425036.906392861274071, 7637638.457204328849912 ], [ 425023.870126518013421, 7637635.781615873798728 ], [ 425006.64224209234817, 7637631.507288980297744 ], [ 424981.220266209216788, 7637623.603310974314809 ], [ 424956.417374741402455, 7637613.941133672371507 ], [ 424932.392986850230955, 7637602.581541951745749 ], [ 424909.314927972387522, 7637589.596926936879754 ], [ 424887.113846540043596, 7637574.951155878603458 ], [ 424862.248906039865687, 7637555.77524409070611 ], [ 424841.839522199297789, 7637537.564620587043464 ] ] ] } },
{ "type": "Feature", "properties": { "fid": 543.0, "COMPR_M": 448.22, "CLASSE": "03 - Média", "CD_FAZ": "400534", "TALHOES": "5", "FAZ_tAL": "400534005", "ID_LINHA": 96474 }, "geometry": { "type": "MultiLineString", "coordinates": [ [ [ 425253.999505546758883, 7637618.428222360089421 ], [ 425226.120729874935932, 7637628.813847789540887 ], [ 425200.380404524446931, 7637636.273420475423336 ], [ 425174.147961938520893, 7637641.920594507828355 ], [ 425147.575834134651814, 7637645.725470179691911 ], [ 425120.83312890608795, 7637647.66197613812983 ], [ 425094.034713926841505, 7637647.716833343729377 ], [ 425076.192073372891173, 7637646.709763867780566 ], [ 425062.853873236163054, 7637645.40830691345036 ], [ 425036.354713418986648, 7637641.406094955280423 ], [ 425023.215702562301885, 7637638.709419569931924 ], [ 425005.852218508138321, 7637634.401449967175722 ], [ 424980.229867160494905, 7637626.43516843020916 ], [ 424955.231083261896856, 7637616.696677243337035 ], [ 424931.015686951868702, 7637605.246754546649754 ], [ 424907.751693560567219, 7637592.157515089027584 ], [ 424896.460113221080974, 7637584.987863404676318 ], [ 424881.728148922615219, 7637574.77395529858768 ], [ 424860.326855813385919, 7637558.078716893680394 ], [ 424838.572515839710832, 7637538.581225166097283 ] ] ] } },
{ "type": "Feature", "properties": { "fid": 544.0, "COMPR_M": 453.44, "CLASSE": "03 - Média", "CD_FAZ": "400534", "TALHOES": "5", "FAZ_tAL": "400534005", "ID_LINHA": 96475 }, "geometry": { "type": "MultiLineString", "coordinates": [ [ [ 425255.232783781830221, 7637621.164457632228732 ], [ 425227.056449011608493, 7637631.66424055583775 ], [ 425201.113954355532769, 7637639.182408515363932 ], [ 425174.676558940438554, 7637644.873709753155708 ], [ 425156.85114922770299, 7637647.638140096329153 ], [ 425143.412534520379268, 7637649.16490751132369 ], [ 425116.445394608017523, 7637650.800857282243669 ], [ 425089.435823293053545, 7637650.540278224274516 ], [ 425071.466784567921422, 7637649.315400100313127 ], [ 425058.041361990151927, 7637647.846815599128604 ], [ 425031.379329262068495, 7637643.500665375031531 ], [ 425013.787037267524283, 7637639.568431841209531 ], [ 425000.720041152031627, 7637636.083119158633053 ], [ 424974.993395413155667, 7637627.754140077158809 ], [ 424949.917382313986309, 7637617.646640658378601 ], [ 424925.660025761928409, 7637605.826245807111263 ], [ 424902.371450280770659, 7637592.356789421290159 ], [ 424879.963155204895884, 7637577.199874565005302 ], [ 424858.404805590689648, 7637560.382189698517323 ], [ 424835.305509480880573, 7637539.597829749807715 ] ] ] } },
{ "type": "Feature", "properties": { "fid": 545.0, "COMPR_M": 458.65, "CLASSE": "03 - Média", "CD_FAZ": "400534", "TALHOES": "5", "FAZ_tAL": "400534005", "ID_LINHA": 96476 }, "geometry": { "type": "MultiLineString", "coordinates": [ [ [ 425256.466062015038915, 7637623.900692902505398 ], [ 425227.992168145836331, 7637634.514633322134614 ], [ 425201.847504187724553, 7637642.091396557167172 ], [ 425175.205155940377153, 7637647.826824995689094 ], [ 425157.241813418106176, 7637650.612646147608757 ], [ 425143.699032819597051, 7637652.151247201487422 ], [ 425116.5217371013714, 7637653.799937234260142 ], [ 425089.301754690648522, 7637653.537332197651267 ], [ 425071.192893616855145, 7637652.302922639995813 ], [ 425057.662865145714022, 7637650.822894948534667 ], [ 425030.79330240492709, 7637646.442922715097666 ], [ 425013.064613985887263, 7637642.480202707462013 ], [ 424999.896367589361034, 7637638.967883810400963 ], [ 424973.969992828846443, 7637630.574238298460841 ], [ 424948.698926209355704, 7637620.388113464228809 ], [ 424924.251345441560261, 7637608.475006700493395 ], [ 424900.778188457828946, 7637594.898801734670997 ], [ 424878.198161487234756, 7637579.625793835148215 ], [ 424867.231713164132088, 7637571.360837498679757 ], [ 424852.949501821596641, 7637559.70485720038414 ], [ 424832.047206676157657, 7637540.611726015806198 ] ] ] } },
{ "type": "Feature", "properties": { "fid": 546.0, "COMPR_M": 463.86, "CLASSE": "03 - Média", "CD_FAZ": "400534", "TALHOES": "5", "FAZ_tAL": "400534005", "ID_LINHA": 96477 }, "geometry": { "type": "MultiLineString", "coordinates": [ [ [ 425257.699340250226669, 7637626.636928174644709 ], [ 425241.868986048793886, 7637632.862958081066608 ], [ 425228.927887282916345, 7637637.365026084706187 ], [ 425202.581054019043222, 7637645.000384598970413 ], [ 425175.733752940373961, 7637650.779940240085125 ], [ 425157.632477607752662, 7637653.587152197957039 ], [ 425143.985531118989456, 7637655.137586887925863 ], [ 425116.598079593735747, 7637656.799017185345292 ], [ 425089.167686087603215, 7637656.534386169165373 ], [ 425070.919002663984429, 7637655.290445178747177 ], [ 425057.284368300926872, 7637653.798974299803376 ], [ 425030.207275547611061, 7637649.385180058889091 ], [ 425012.342190706345718, 7637645.391973574645817 ], [ 424999.072694026224781, 7637641.85264846496284 ], [ 424972.946590245061088, 7637633.394336517900229 ], [ 424947.480470107519068, 7637623.129586270079017 ], [ 424922.842665121075697, 7637611.123767593875527 ], [ 424899.184926635236479, 7637597.440814048983157 ], [ 424887.699614614946768, 7637589.958776593208313 ], [ 424872.726431369897909, 7637579.32270170468837 ], [ 424851.002661291160621, 7637561.987415831536055 ], [ 424828.800721097737551, 7637541.621945080347359 ] ] ] } },
{ "type": "Feature", "properties": { "fid": 547.0, "COMPR_M": 469.07, "CLASSE": "03 - Média", "CD_FAZ": "400534", "TALHOES": "5", "FAZ_tAL": "400534005", "ID_LINHA": 96478 }, "geometry": { "type": "MultiLineString", "coordinates": [ [ [ 425258.932618485589046, 7637629.373163446784019 ], [ 425242.904528603772633, 7637635.678621975705028 ], [ 425229.863606418890413, 7637640.215418851003051 ], [ 425203.314603850769345, 7637647.909372640773654 ], [ 425176.262349943048321, 7637653.733055485412478 ], [ 425158.023141797224525, 7637656.561658248305321 ], [ 425144.272029418032616, 7637658.123926578089595 ], [ 425116.674422085750848, 7637659.798097140155733 ], [ 425089.033617485372815, 7637659.531440141610801 ], [ 425070.64511171070626, 7637658.277967717498541 ], [ 425056.905871456430759, 7637656.775053652003407 ], [ 425029.621248690353241, 7637652.327437398955226 ], [ 425011.619767426862381, 7637648.30374444462359 ], [ 424998.249020465300418, 7637644.737413115799427 ], [ 424971.923187662439886, 7637636.214434737339616 ], [ 424946.262014003761578, 7637625.871059076860547 ], [ 424921.433984801755287, 7637613.772528484463692 ], [ 424897.591664811596274, 7637599.982826363295317 ], [ 424886.018665658659302, 7637592.443672809749842 ], [ 424870.934239080292173, 7637581.72859656251967 ], [ 424849.055820758803748, 7637564.269974458962679 ], [ 424838.514787252061069, 7637554.977856603451073 ], [ 424825.554235520248767, 7637542.63216414488852 ] ] ] } },
{ "type": "Feature", "properties": { "fid": 548.0, "COMPR_M": 474.28, "CLASSE": "03 - Média", "CD_FAZ": "400534", "TALHOES": "5", "FAZ_tAL": "400534005", "ID_LINHA": 96479 }, "geometry": { "type": "MultiLineString", "coordinates": [ [ [ 425260.165896720311139, 7637632.109398717060685 ], [ 425243.940071159508079, 7637638.494285872206092 ], [ 425230.79932555439882, 7637643.065811617299914 ], [ 425204.048153682320844, 7637650.818360682576895 ], [ 425176.790946942404844, 7637656.686170727014542 ], [ 425158.413805987976957, 7637659.536164300516248 ], [ 425144.558527716668323, 7637661.110266268253326 ], [ 425116.750764578056987, 7637662.797177091240883 ], [ 425088.899548882560339, 7637662.52849411405623 ], [ 425070.371220757602714, 7637661.265490256249905 ], [ 425056.527374611701816, 7637659.751133002340794 ], [ 425029.035221832338721, 7637655.269694739952683 ], [ 425010.8973441447597, 7637651.215515309944749 ], [ 424997.425346902571619, 7637647.622177770361304 ], [ 424970.899785077723209, 7637639.034532955847681 ], [ 424953.578141485748347, 7637632.286756297573447 ], [ 424940.810777011502068, 7637626.701508276164532 ], [ 424915.949664317129645, 7637614.222752347588539 ], [ 424892.086399764404632, 7637600.040816462598741 ], [ 424880.501051060680766, 7637592.300855761393905 ], [ 424865.40617698803544, 7637581.318852500990033 ], [ 424843.532697318820283, 7637563.468764689750969 ], [ 424822.318744706222787, 7637543.638961933553219 ] ] ] } },
{ "type": "Feature", "properties": { "fid": 549.0, "COMPR_M": 479.48, "CLASSE": "03 - Média", "CD_FAZ": "400534", "TALHOES": "5", "FAZ_tAL": "400534005", "ID_LINHA": 96480 }, "geometry": { "type": "MultiLineString", "coordinates": [ [ [ 425261.399174955207855, 7637634.845633987337351 ], [ 425244.975613714021165, 7637641.309949764981866 ], [ 425231.735044690198265, 7637645.916204381734133 ], [ 425204.781703514279798, 7637653.72734872251749 ], [ 425177.319543943856843, 7637659.639285969547927 ], [ 425158.804470177274197, 7637662.51067035086453 ], [ 425144.84502601553686, 7637664.096605956554413 ], [ 425116.827107071992941, 7637665.796257041394711 ], [ 425088.765480280504562, 7637665.525548085570335 ], [ 425070.097329806012567, 7637664.253012795932591 ], [ 425056.148877767263912, 7637662.72721235267818 ], [ 425028.449194975662977, 7637658.211952081881464 ], [ 425010.174920866149478, 7637654.127286177128553 ], [ 424996.601673340657726, 7637650.506942421197891 ], [ 424969.876382495509461, 7637641.85463117621839 ], [ 424952.424149910453707, 7637635.055981973186135 ], [ 424939.560289974324405, 7637629.428519698791206 ], [ 424914.509731421712786, 7637616.854654548689723 ], [ 424890.463507753564045, 7637602.564014362171292 ], [ 424878.79168006911641, 7637594.766285862773657 ], [ 424863.587195389322005, 7637583.704556870274246 ], [ 424841.56122761865845, 7637565.73008600436151 ], [ 424819.092370980652049, 7637544.642922729253769 ] ] ] } },
{ "type": "Feature", "properties": { "fid": 550.0, "COMPR_M": 484.68, "CLASSE": "03 - Média", "CD_FAZ": "400534", "TALHOES": "5", "FAZ_tAL": "400534005", "ID_LINHA": 96481 }, "geometry": { "type": "MultiLineString", "coordinates": [ [ [ 425262.632453188824002, 7637637.581869259476662 ], [ 425246.011156270513311, 7637644.125613662414253 ], [ 425232.670763826172333, 7637648.766597146168351 ], [ 425205.515253345365636, 7637656.636336765252054 ], [ 425177.848140942747705, 7637662.592401215806603 ], [ 425159.195134367793798, 7637665.485176401212811 ], [ 425145.131524314638227, 7637667.082945646718144 ], [ 425116.903449564939365, 7637668.795336993411183 ], [ 425102.765779736451805, 7637668.906895315274596 ], [ 425083.923960224899929, 7637668.284469895064831 ], [ 425065.132879263721406, 7637666.782864826731384 ], [ 425051.099664993351325, 7637665.081477839499712 ], [ 425023.243527123180684, 7637660.206061855889857 ], [ 425004.880451930919662, 7637655.87641822732985 ], [ 424991.248987674713135, 7637652.069985911250114 ], [ 424964.427408979623578, 7637643.039402268826962 ], [ 424938.309802936273627, 7637632.15553112141788 ], [ 424913.069798525131773, 7637619.486556757241488 ], [ 424888.840615745517425, 7637605.087212265469134 ], [ 424877.082309076329693, 7637597.231715966016054 ], [ 424861.768213790550362, 7637586.090261242352426 ], [ 424839.589757917681709, 7637567.991407319903374 ], [ 424828.944077106250916, 7637558.39627074636519 ], [ 424815.86599725461565, 7637545.646883525885642 ] ] ] } },
{ "type": "Feature", "properties": { "fid": 551.0, "COMPR_M": 489.87, "CLASSE": "03 - Média", "CD_FAZ": "400534", "TALHOES": "5", "FAZ_tAL": "400534005", "ID_LINHA": 96482 }, "geometry": { "type": "MultiLineString", "coordinates": [ [ [ 425263.86573142389534, 7637640.318104529753327 ], [ 425247.046698825783096, 7637646.941277557983994 ], [ 425233.60648296168074, 7637651.616989912465215 ], [ 425206.248803176218644, 7637659.545324807986617 ], [ 425178.376737943617627, 7637665.545516457408667 ], [ 425159.5857985568, 7637668.459682451561093 ], [ 425145.418022613390349, 7637670.069285336881876 ], [ 425116.979792056896258, 7637671.794416947290301 ], [ 425102.736820483754855, 7637671.906806789338589 ], [ 425083.754900377709419, 7637671.279753791168332 ], [ 425055.391884077514987, 7637668.679371053352952 ], [ 425041.297491000383161, 7637666.634832786396146 ], [ 425022.623252059391234, 7637663.141290004365146 ], [ 425004.124178523023147, 7637658.779581246897578 ], [ 424990.39176464168122, 7637654.944959675893188 ], [ 424963.371146772871725, 7637645.847358271479607 ], [ 424937.059315897291526, 7637634.882542544975877 ], [ 424911.629865629423875, 7637622.118458960205317 ], [ 424887.217723734560423, 7637607.610410165973008 ], [ 424875.372938082902692, 7637599.697146069258451 ], [ 424859.949232191778719, 7637588.475965613499284 ], [ 424848.660080053494312, 7637579.567935300990939 ], [ 424834.005097919201944, 7637567.067875171080232 ], [ 424812.649986740318127, 7637546.647619569674134 ] ] ] } },
{ "type": "Feature", "properties": { "fid": 552.0, "COMPR_M": 495.06, "CLASSE": "03 - Média", "CD_FAZ": "400534", "TALHOES": "5", "FAZ_tAL": "400534005", "ID_LINHA": 96483 }, "geometry": { "type": "MultiLineString", "coordinates": [ [ [ 425265.099009659665171, 7637643.054339800029993 ], [ 425248.082241381111089, 7637649.756941452622414 ], [ 425234.542202095442917, 7637654.467382678762078 ], [ 425206.982353008177597, 7637662.454312849789858 ], [ 425178.905334945826326, 7637668.498631700873375 ], [ 425159.976462748483755, 7637671.43418850377202 ], [ 425145.704520911676809, 7637673.055625025182962 ], [ 425117.056134548445698, 7637674.793496899306774 ], [ 425102.707861230941489, 7637674.906718260608613 ], [ 425083.58584053022787, 7637674.275037689134479 ], [ 425055.013387232786044, 7637671.655450407415628 ], [ 425040.814803556539118, 7637669.595798842608929 ], [ 425022.002976992866024, 7637666.076518150046468 ], [ 425003.367905115592293, 7637661.682744264602661 ], [ 424989.534541607601568, 7637657.819933440536261 ], [ 424962.314884565654211, 7637648.655314279720187 ], [ 424944.55445995478658, 7637641.496569387614727 ], [ 424931.472576356376521, 7637635.590299911797047 ], [ 424906.018845590704586, 7637622.436112899333239 ], [ 424881.591015967424028, 7637607.525264304131269 ], [ 424869.739983193168882, 7637599.408832955174148 ], [ 424854.314182144007646, 7637587.918340153992176 ], [ 424832.008960510080215, 7637569.307453084737062 ], [ 424809.44331362680532, 7637547.645450066775084 ] ] ] } },
{ "type": "Feature", "properties": { "fid": 553.0, "COMPR_M": 500.25, "CLASSE": "03 - Média", "CD_FAZ": "400534", "TALHOES": "5", "FAZ_tAL": "400534005", "ID_LINHA": 96484 }, "geometry": { "type": "MultiLineString", "coordinates": [ [ [ 425266.332287894212641, 7637645.790575072169304 ], [ 425249.11778393649729, 7637652.572605350986123 ], [ 425235.477921233396046, 7637657.317775445058942 ], [ 425207.715902839263435, 7637665.363300889730453 ], [ 425179.433931944833603, 7637671.451746946200728 ], [ 425160.367126938595902, 7637674.408694554120302 ], [ 425145.991019210894592, 7637676.041964713484049 ], [ 425117.132477042265236, 7637677.79257685225457 ], [ 425102.678901978011709, 7637677.906629735603929 ], [ 425083.41678068251349, 7637677.270321586169302 ], [ 425054.634890389046632, 7637674.631529755890369 ], [ 425040.332116112462245, 7637672.556764897890389 ], [ 425021.382701926049776, 7637669.011746296659112 ], [ 425002.611631707870401, 7637664.585907286033034 ], [ 424988.677318571251817, 7637660.694907207041979 ], [ 424961.258622355526313, 7637651.463270282372832 ], [ 424943.368168477260042, 7637644.252112962305546 ], [ 424930.19019064476015, 7637638.302457140758634 ], [ 424904.547787707066163, 7637625.050746000371873 ], [ 424879.938894051243551, 7637610.029419959522784 ], [ 424868.002596857608296, 7637601.854600662365556 ], [ 424852.468820569571108, 7637590.283697677776217 ], [ 424830.012823101424146, 7637571.547031000256538 ], [ 424819.266825794649776, 7637561.641520097851753 ], [ 424806.236640512011945, 7637548.643280560150743 ] ] ] } },
{ "type": "Feature", "properties": { "fid": 554.0, "COMPR_M": 505.44, "CLASSE": "03 - Média", "CD_FAZ": "400534", "TALHOES": "5", "FAZ_tAL": "400534005", "ID_LINHA": 96485 }, "geometry": { "type": "MultiLineString", "coordinates": [ [ [ 425267.565566130157094, 7637648.52681034617126 ], [ 425250.153326491301414, 7637655.388269241899252 ], [ 425236.413640368846245, 7637660.16816820949316 ], [ 425208.449452670756727, 7637668.272288933396339 ], [ 425179.96252894581994, 7637674.404862187802792 ], [ 425160.757791128649842, 7637677.383200604468584 ], [ 425146.277517510403413, 7637679.028304401785135 ], [ 425117.208819533174392, 7637680.791656804271042 ], [ 425102.649942725547589, 7637680.906541209667921 ], [ 425083.247720835846849, 7637680.265605482272804 ], [ 425054.256393543735612, 7637677.607609106227756 ], [ 425039.849428670073394, 7637675.517730951309204 ], [ 425020.762426861096174, 7637671.946974446065724 ], [ 425001.855358299915679, 7637667.48907030466944 ], [ 424987.820095538394526, 7637663.569880969822407 ], [ 424960.202360148367006, 7637654.2712262859568 ], [ 424942.181876999035012, 7637647.007656533271074 ], [ 424928.907804932678118, 7637641.014614373445511 ], [ 424903.07672982342774, 7637627.665379095822573 ], [ 424878.286772133607883, 7637612.533575614914298 ], [ 424866.265210522687994, 7637604.300368371419609 ], [ 424850.623458995483816, 7637592.649055203422904 ], [ 424835.427937043190468, 7637580.247884880751371 ], [ 424824.368604836869054, 7637570.49878753349185 ], [ 424803.036685845756438, 7637549.639020456001163 ] ] ] } },
{ "type": "Feature", "properties": { "fid": 555.0, "COMPR_M": 510.62, "CLASSE": "03 - Média", "CD_FAZ": "400534", "TALHOES": "5", "FAZ_tAL": "400534005", "ID_LINHA": 96486 }, "geometry": { "type": "MultiLineString", "coordinates": [ [ [ 425268.798844364180695, 7637651.263045616447926 ], [ 425251.188869046745822, 7637658.203933140262961 ], [ 425237.349359504587483, 7637663.018560974858701 ], [ 425209.183002502075396, 7637671.181276973336935 ], [ 425180.491125946864486, 7637677.357977433130145 ], [ 425161.148455317947082, 7637680.357706655748188 ], [ 425146.564015808166005, 7637682.014644091017544 ], [ 425117.285162026353646, 7637683.790736756287515 ], [ 425102.620983473025262, 7637683.906452680006623 ], [ 425083.0786609883653, 7637683.260889381170273 ], [ 425053.877896699355915, 7637680.583688459359109 ], [ 425039.366741226054728, 7637678.478697006590664 ], [ 425020.14215179393068, 7637674.8822025898844 ], [ 425001.099084891786333, 7637670.392233322374523 ], [ 424986.962872504605912, 7637666.444854736328125 ], [ 424959.146097942139022, 7637657.079182291403413 ], [ 424940.995585520227905, 7637649.763200106099248 ], [ 424927.625419221585616, 7637643.726771602407098 ], [ 424901.605671939265449, 7637630.280012192204595 ], [ 424876.634650217252783, 7637615.03773126937449 ], [ 424864.527824188349769, 7637606.746136076748371 ], [ 424848.778097420581616, 7637595.014412723481655 ], [ 424833.481096512638032, 7637582.530443510040641 ], [ 424822.347721634898335, 7637572.716063380241394 ], [ 424799.849298683111556, 7637550.630849681794643 ] ] ] } },
{ "type": "Feature", "properties": { "fid": 556.0, "COMPR_M": 515.8, "CLASSE": "03 - Média", "CD_FAZ": "400534", "TALHOES": "5", "FAZ_tAL": "400534005", "ID_LINHA": 96487 }, "geometry": { "type": "MultiLineString", "coordinates": [ [ [ 425270.032122598378919, 7637653.999280884861946 ], [ 425252.224411601666361, 7637661.019597035832703 ], [ 425238.285078640503343, 7637665.868953741155565 ], [ 425209.916552333743311, 7637674.090265014208853 ], [ 425181.019722947268747, 7637680.311092677526176 ], [ 425161.539119507127907, 7637683.33221270609647 ], [ 425146.850514108140487, 7637685.000983782112598 ], [ 425117.361504519765731, 7637686.789816707372665 ], [ 425102.592024220328312, 7637686.906364152207971 ], [ 425082.90960114117479, 7637686.256173277273774 ], [ 425053.499399854743388, 7637683.559767809696496 ], [ 425038.884053782443516, 7637681.439663061872125 ], [ 425019.521876728511415, 7637677.817430736497045 ], [ 425000.342811484704725, 7637673.295396342873573 ], [ 424986.105649469827767, 7637669.319828500971198 ], [ 424958.089835732942447, 7637659.887138295918703 ], [ 424939.809294042701367, 7637652.518743675202131 ], [ 424926.343033508688677, 7637646.43892883323133 ], [ 424900.134614053822588, 7637632.894645291380584 ], [ 424874.9825282995007, 7637617.541886924766004 ], [ 424862.790437852672767, 7637609.191903786733747 ], [ 424846.932735845330171, 7637597.379770247265697 ], [ 424831.534255981445312, 7637584.813002141192555 ], [ 424820.326838433044031, 7637574.933339226990938 ], [ 424809.483929274661932, 7637564.708818893879652 ], [ 424796.661911522853188, 7637551.622678908519447 ] ] ] } },
{ "type": "Feature", "properties": { "fid": 557.0, "COMPR_M": 520.99, "CLASSE": "03 - Média", "CD_FAZ": "400534", "TALHOES": "5", "FAZ_tAL": "400534005", "ID_LINHA": 96488 }, "geometry": { "type": "MultiLineString", "coordinates": [ [ [ 425271.265400833915919, 7637656.735516158863902 ], [ 425253.259954157285392, 7637663.83526093326509 ], [ 425239.220797775313258, 7637668.719346504658461 ], [ 425225.01096122484887, 7637673.109083721414208 ], [ 425205.83275477954885, 7637678.184157473966479 ], [ 425191.298567618883681, 7637681.401638300158083 ], [ 425171.756659212929662, 7637684.899580275639892 ], [ 425142.195201511203777, 7637688.43235731497407 ], [ 425112.480243267200422, 7637689.886043003760278 ], [ 425097.604898132267408, 7637689.829427447170019 ], [ 425077.791486488480587, 7637688.943122820928693 ], [ 425048.206537693040445, 7637685.881596181541681 ], [ 425033.511563708423637, 7637683.57415624987334 ], [ 425014.053767175937537, 7637679.698671329766512 ], [ 424994.791888315870892, 7637674.919703751802444 ], [ 424980.501011059735902, 7637670.749108745716512 ], [ 424952.398332369222771, 7637660.920507084578276 ], [ 424934.077452964324038, 7637653.285787144675851 ], [ 424920.591036291094497, 7637647.005542046390474 ], [ 424894.367744349176064, 7637633.058641185984015 ], [ 424869.209176098287571, 7637617.292634958401322 ], [ 424857.018236874835566, 7637608.736825041472912 ], [ 424841.16847411962226, 7637596.652718056924641 ], [ 424825.789470020274166, 7637583.820656518451869 ], [ 424814.624128652620129, 7637573.757039835676551 ], [ 424793.47452435962623, 7637552.614508133381605 ] ] ] } },
{ "type": "Feature", "properties": { "fid": 558.0, "COMPR_M": 526.16, "CLASSE": "03 - Média", "CD_FAZ": "400534", "TALHOES": "5", "FAZ_tAL": "400534005", "ID_LINHA": 96489 }, "geometry": { "type": "MultiLineString", "coordinates": [ [ [ 425272.498679068172351, 7637659.471751429140568 ], [ 425254.295496712322347, 7637666.650924826040864 ], [ 425240.156516910996288, 7637671.569739270955324 ], [ 425225.84601369232405, 7637675.990575531497598 ], [ 425206.532304337713867, 7637681.101508431136608 ], [ 425191.89573649642989, 7637684.341654317453504 ], [ 425172.216423435951583, 7637687.864191761240363 ], [ 425142.4468369174283, 7637691.421836571767926 ], [ 425112.521464740042575, 7637692.885811166837811 ], [ 425097.540880330954678, 7637692.828795535489917 ], [ 425077.587458829453681, 7637691.936228163540363 ], [ 425047.793233794393018, 7637688.853041659109294 ], [ 425032.994330778194126, 7637686.529283437877893 ], [ 425013.399343220226001, 7637682.626475024968386 ], [ 424994.001864732068498, 7637677.813864738680422 ], [ 424979.610339428065345, 7637673.613896668888628 ], [ 424951.309353503223974, 7637663.715937620028853 ], [ 424932.858996860333718, 7637656.027259950526059 ], [ 424919.276882901380304, 7637649.702449863776565 ], [ 424892.865697183297016, 7637635.655595790594816 ], [ 424867.528227142349351, 7637619.777531172148883 ], [ 424855.253243157349061, 7637611.162744305096567 ], [ 424839.297141603310592, 7637598.997581873089075 ], [ 424823.818000319704879, 7637586.081977832131088 ], [ 424812.578421732236166, 7637575.951435420662165 ], [ 424790.305962154467124, 7637553.600479539483786 ] ] ] } },
{ "type": "Feature", "properties": { "fid": 559.0, "COMPR_M": 531.33, "CLASSE": "03 - Média", "CD_FAZ": "400534", "TALHOES": "5", "FAZ_tAL": "400534005", "ID_LINHA": 96490 }, "geometry": { "type": "MultiLineString", "coordinates": [ [ [ 425273.731957303243689, 7637662.207986701279879 ], [ 425255.331039268057793, 7637669.466588723473251 ], [ 425241.092236047552433, 7637674.420132037252188 ], [ 425226.681066158518661, 7637678.872067341580987 ], [ 425207.231853894947562, 7637684.018859391100705 ], [ 425192.492905373102985, 7637687.281670336611569 ], [ 425172.676187657518312, 7637690.828803246840835 ], [ 425142.698472324525937, 7637694.411315832287073 ], [ 425112.562686214863788, 7637695.885579330846667 ], [ 425097.476862531795632, 7637695.82816362567246 ], [ 425077.38343117054319, 7637694.929333506152034 ], [ 425047.379929893999361, 7637691.824487136676908 ], [ 425032.477097846567631, 7637689.484410622157156 ], [ 425012.744919263524935, 7637685.554278725758195 ], [ 424993.211841146578081, 7637680.708025720901787 ], [ 424978.719667796278372, 7637676.478684591129422 ], [ 424950.220374635537155, 7637666.511368156410754 ], [ 424931.640540756518021, 7637658.768732758238912 ], [ 424917.962729513295926, 7637652.399357682093978 ], [ 424891.363650016952306, 7637638.252550393342972 ], [ 424865.847278185654432, 7637622.262427389621735 ], [ 424853.488249439338688, 7637613.588663572445512 ], [ 424837.425809088745154, 7637601.342445692047477 ], [ 424821.846530620241538, 7637588.343299147672951 ], [ 424810.532714810338803, 7637578.145831002853811 ], [ 424799.596296329516917, 7637567.5931411460042 ], [ 424787.13744176045293, 7637554.586437935009599 ] ] ] } },
{ "type": "Feature", "properties": { "fid": 560.0, "COMPR_M": 536.5, "CLASSE": "03 - Média", "CD_FAZ": "400534", "TALHOES": "5", "FAZ_tAL": "400534005", "ID_LINHA": 96491 }, "geometry": { "type": "MultiLineString", "coordinates": [ [ [ 425274.965235537674744, 7637664.944221969693899 ], [ 425256.366581823152956, 7637672.282252617180347 ], [ 425242.027955183002632, 7637677.270524801686406 ], [ 425227.516118625469971, 7637681.753559151664376 ], [ 425207.931403453403618, 7637686.936210348270833 ], [ 425193.090074248262681, 7637690.221686352044344 ], [ 425173.135951881529763, 7637693.793414732441306 ], [ 425142.950107729877345, 7637697.400795094668865 ], [ 425112.603907688288018, 7637698.885347494855523 ], [ 425097.412844729435164, 7637698.827531713992357 ], [ 425077.179403511690907, 7637697.922438852488995 ], [ 425046.966625995235518, 7637694.79593261051923 ], [ 425031.959864917502273, 7637692.439537812024355 ], [ 425012.090495308046229, 7637688.482082420960069 ], [ 424992.421817562601063, 7637683.602186706848443 ], [ 424977.828996164374985, 7637679.343472513370216 ], [ 424949.131395769363735, 7637669.306798693723977 ], [ 424930.422084652120247, 7637661.510205563157797 ], [ 424916.648576124222018, 7637655.096265500411391 ], [ 424889.861602849559858, 7637640.849504996091127 ], [ 424864.166329229483381, 7637624.747323603369296 ], [ 424851.723255722783506, 7637616.014582839794457 ], [ 424835.55447657383047, 7637603.687309507280588 ], [ 424819.875060920603573, 7637590.604620462283492 ], [ 424808.487007887626532, 7637580.340226590633392 ], [ 424797.475665693462361, 7637569.715225024148822 ], [ 424783.968921364401467, 7637555.572396328672767 ] ] ] } },
{ "type": "Feature", "properties": { "fid": 561.0, "COMPR_M": 541.67, "CLASSE": "03 - Média", "CD_FAZ": "400534", "TALHOES": "5", "FAZ_tAL": "400534005", "ID_LINHA": 96492 }, "geometry": { "type": "MultiLineString", "coordinates": [ [ [ 425276.198513772920705, 7637667.68045724183321 ], [ 425257.402124377666041, 7637675.097916515544057 ], [ 425242.963674319325946, 7637680.120917567051947 ], [ 425228.351171093177982, 7637684.635050961747766 ], [ 425208.630953011626843, 7637689.853561306372285 ], [ 425193.687243125168607, 7637693.161702372133732 ], [ 425173.595716104726307, 7637696.758026218041778 ], [ 425143.20174313604366, 7637700.390274357050657 ], [ 425112.64512916165404, 7637701.885115658864379 ], [ 425097.348826929868665, 7637701.826899802312255 ], [ 425076.97537585295504, 7637700.91554419696331 ], [ 425046.553322093503084, 7637697.767378087155521 ], [ 425031.442631986399647, 7637695.394664996303618 ], [ 425011.436071351577993, 7637691.409886118024588 ], [ 424991.631793976237532, 7637686.496347691863775 ], [ 424976.938324532355182, 7637682.208260437473655 ], [ 424948.0424169015605, 7637672.102229230105877 ], [ 424929.203628549119458, 7637664.251678369939327 ], [ 424915.334422734158579, 7637657.793173319660127 ], [ 424888.359555683040526, 7637643.446459600701928 ], [ 424875.2859992904705, 7637635.570998766459525 ], [ 424858.279228156257886, 7637624.35144710354507 ], [ 424845.843547023017891, 7637615.411124544218183 ], [ 424829.691129353363067, 7637602.810260805301368 ], [ 424814.043723828042857, 7637589.463654322549701 ], [ 424802.701965527492575, 7637579.008857387118042 ], [ 424780.808811101189349, 7637556.555737714283168 ] ] ] } },
{ "type": "Feature", "properties": { "fid": 562.0, "COMPR_M": 546.84, "CLASSE": "03 - Média", "CD_FAZ": "400534", "TALHOES": "5", "FAZ_tAL": "400534005", "ID_LINHA": 96493 }, "geometry": { "type": "MultiLineString", "coordinates": [ [ [ 425277.431792006187607, 7637670.416692513972521 ], [ 425258.437666934216395, 7637677.913580411113799 ], [ 425243.899393453844823, 7637682.971310334280133 ], [ 425214.317851322586648, 7637691.54419326595962 ], [ 425199.313020890112966, 7637695.049809765070677 ], [ 425179.128347030258738, 7637698.905677421949804 ], [ 425158.785138094739523, 7637701.818648961372674 ], [ 425143.453378542442806, 7637703.379753613844514 ], [ 425112.686350635020062, 7637704.884883823804557 ], [ 425097.284809129138011, 7637704.826267892494798 ], [ 425076.77134819625644, 7637703.908649541437626 ], [ 425046.140018195321318, 7637700.738823566585779 ], [ 425030.925399056519382, 7637698.349792184308171 ], [ 425010.781647396273911, 7637694.337689812295139 ], [ 424990.841770392144099, 7637689.390508676879108 ], [ 424976.047652900975663, 7637685.073048360645771 ], [ 424956.572148910316173, 7637678.515908037312329 ], [ 424942.176496879023034, 7637673.00457076728344 ], [ 424923.303958478732966, 7637664.879668188281357 ], [ 424909.419421998085454, 7637658.214614572003484 ], [ 424882.438391339033842, 7637643.452223866246641 ], [ 424856.569857163121924, 7637626.816877203993499 ], [ 424844.051354732131585, 7637617.817019402980804 ], [ 424827.794234282860998, 7637605.134493355639279 ], [ 424812.047586418804713, 7637591.703232238069177 ], [ 424800.631357993697748, 7637581.179774546995759 ], [ 424789.60486269928515, 7637570.289214409887791 ], [ 424777.658732652664185, 7637557.535957472398877 ] ] ] } },
{ "type": "Feature", "properties": { "fid": 563.0, "COMPR_M": 552.0, "CLASSE": "03 - Média", "CD_FAZ": "400534", "TALHOES": "5", "FAZ_tAL": "400534005", "ID_LINHA": 96494 }, "geometry": { "type": "MultiLineString", "coordinates": [ [ [ 425278.665070242190268, 7637673.152927786111832 ], [ 425249.734977547137532, 7637684.181311645545065 ], [ 425234.977531375072431, 7637688.930252730846405 ], [ 425215.05140115210088, 7637694.453181307762861 ], [ 425199.944379664608277, 7637697.982673775404692 ], [ 425179.622560639632866, 7637701.864741002209485 ], [ 425159.141149950562976, 7637704.797501197084785 ], [ 425143.705013949016575, 7637706.369232876226306 ], [ 425112.727572109608445, 7637707.884651986882091 ], [ 425097.220791327941697, 7637707.825635980814695 ], [ 425076.567320537695196, 7637706.901754885911942 ], [ 425045.726714294112753, 7637703.71026904322207 ], [ 425030.40816612530034, 7637701.304919371381402 ], [ 425010.127223440736998, 7637697.265493512153625 ], [ 424990.051746805605944, 7637692.284669663757086 ], [ 424975.156981268781237, 7637687.937836283817887 ], [ 424955.548746328335255, 7637681.336006256751716 ], [ 424941.054942218237557, 7637675.787091605365276 ], [ 424922.05347144062398, 7637667.606679610908031 ], [ 424908.073630846105516, 7637660.895875128917396 ], [ 424880.905577559722587, 7637646.031138179823756 ], [ 424854.860486170742661, 7637629.282307308167219 ], [ 424842.259162442467641, 7637620.222914260812104 ], [ 424825.897339212300722, 7637607.458725905045867 ], [ 424810.051449010090437, 7637593.942810153588653 ], [ 424798.560750459204428, 7637583.350691709667444 ], [ 424787.459116439567879, 7637572.385901469737291 ], [ 424774.508654204197228, 7637558.516177229583263 ] ] ] } },
{ "type": "Feature", "properties": { "fid": 564.0, "COMPR_M": 557.17, "CLASSE": "03 - Média", "CD_FAZ": "400534", "TALHOES": "5", "FAZ_tAL": "400534005", "ID_LINHA": 96495 }, "geometry": { "type": "MultiLineString", "coordinates": [ [ [ 425279.89809681562474, 7637675.888604705221951 ], [ 425250.704065240337513, 7637687.020533185452223 ], [ 425235.8462327378802, 7637691.801779512315989 ], [ 425215.784950985340402, 7637697.362169348634779 ], [ 425200.575738440616988, 7637700.915537785738707 ], [ 425180.116774248250294, 7637704.823804587125778 ], [ 425159.497161805862561, 7637707.776353431865573 ], [ 425143.956649354542606, 7637709.358712134882808 ], [ 425112.768793581519276, 7637710.884420149028301 ], [ 425097.156773527502082, 7637710.825004071928561 ], [ 425076.363292877853382, 7637709.894860230386257 ], [ 425045.313410395814572, 7637706.68171451985836 ], [ 425029.890933195245452, 7637704.260046562179923 ], [ 425009.472799484385177, 7637700.193297209218144 ], [ 424989.261723219999112, 7637695.178830645978451 ], [ 424974.266309637227096, 7637690.802624206058681 ], [ 424954.525343744840939, 7637684.156104476191103 ], [ 424939.933387559896801, 7637678.569612445309758 ], [ 424920.802984402340371, 7637670.333691032603383 ], [ 424906.727839691506233, 7637663.57713567931205 ], [ 424879.372763780353125, 7637648.610052492469549 ], [ 424853.15111517655896, 7637631.747737411409616 ], [ 424840.466970154084265, 7637622.628809114918113 ], [ 424824.000444143079221, 7637609.782958458177745 ], [ 424808.055311599920969, 7637596.182388068176806 ], [ 424796.490142926573753, 7637585.521608872339129 ], [ 424785.313370181014761, 7637574.482588531449437 ], [ 424771.358575755089987, 7637559.496396984905005 ] ] ] } },
{ "type": "Feature", "properties": { "fid": 565.0, "COMPR_M": 562.33, "CLASSE": "03 - Média", "CD_FAZ": "400534", "TALHOES": "5", "FAZ_tAL": "400534005", "ID_LINHA": 96496 }, "geometry": { "type": "MultiLineString", "coordinates": [ [ [ 425281.131027184193954, 7637678.624068175442517 ], [ 425251.673152932547964, 7637689.859754724428058 ], [ 425236.714934102725238, 7637694.673306290060282 ], [ 425216.518500815611333, 7637700.271157388575375 ], [ 425201.207097215403337, 7637703.848401796072721 ], [ 425180.610987856925931, 7637707.782868165522814 ], [ 425159.853173661220353, 7637710.755205666646361 ], [ 425144.208284760185052, 7637712.348191395401955 ], [ 425112.810015056631528, 7637713.884188312105834 ], [ 425097.09275572723709, 7637713.824372159317136 ], [ 425076.159265219466761, 7637712.887965576723218 ], [ 425055.293480512162205, 7637710.974986090324819 ], [ 425039.71556322282413, 7637708.901073876768351 ], [ 425024.217765702982433, 7637706.281688725575805 ], [ 425003.710390591528267, 7637701.94808949995786 ], [ 424983.422896341769956, 7637696.663176855072379 ], [ 424968.378584425081499, 7637692.081810707226396 ], [ 424938.811832900624722, 7637681.35213328152895 ], [ 424919.552497364406008, 7637673.060702454298735 ], [ 424905.382048539468087, 7637666.258396236225963 ], [ 424877.839950000925455, 7637651.188966808840632 ], [ 424864.497235598391853, 7637642.935180796310306 ], [ 424847.153960838681087, 7637631.203813155181706 ], [ 424834.483489812002517, 7637621.87582681979984 ], [ 424818.041750871634576, 7637608.75511858612299 ], [ 424802.138889614550862, 7637594.888821849599481 ], [ 424790.623681552358903, 7637584.03020060248673 ], [ 424779.510606092400849, 7637572.79151394777 ], [ 424768.221140109119006, 7637560.472682641819119 ] ] ] } },
{ "type": "Feature", "properties": { "fid": 566.0, "COMPR_M": 567.48, "CLASSE": "03 - Média", "CD_FAZ": "400534", "TALHOES": "5", "FAZ_tAL": "400534005", "ID_LINHA": 96497 }, "geometry": { "type": "MultiLineString", "coordinates": [ [ [ 425282.363957551890053, 7637681.35953164473176 ], [ 425252.642240626330022, 7637692.698976265266538 ], [ 425237.583635466289707, 7637697.54483306966722 ], [ 425217.252050647046417, 7637703.180145431309938 ], [ 425201.838455990364309, 7637706.781265804544091 ], [ 425181.105201464961283, 7637710.741931749507785 ], [ 425160.209185518673621, 7637713.73405790142715 ], [ 425144.459920166118536, 7637715.337670657783747 ], [ 425112.851236529124435, 7637716.883956477046013 ], [ 425097.028737926506437, 7637716.823740249499679 ], [ 425075.955237562535331, 7637715.881070921197534 ], [ 425054.949826297350228, 7637713.955289689823985 ], [ 425039.26752010214841, 7637711.867479973472655 ], [ 425023.666086261626333, 7637709.230579353868961 ], [ 425003.021917183184996, 7637704.868073990568519 ], [ 424982.599222778109834, 7637699.547941504977643 ], [ 424967.454565511608962, 7637694.936017297208309 ], [ 424947.527213652501814, 7637687.966698341071606 ], [ 424932.806293142086361, 7637682.132818451151252 ], [ 424913.519176389905624, 7637673.560501139611006 ], [ 424899.337789265497122, 7637666.54664421081543 ], [ 424871.797302067861892, 7637651.051042598672211 ], [ 424845.416574503236916, 7637633.649580863304436 ], [ 424832.664508212765213, 7637624.261531190946698 ], [ 424816.119700646668207, 7637611.058591390028596 ], [ 424800.118006410310045, 7637597.106097696349025 ], [ 424788.528098472685087, 7637586.177020791918039 ], [ 424777.339681159995962, 7637574.862122161313891 ], [ 424765.089072050992399, 7637561.447298048064113 ] ] ] } },
{ "type": "Feature", "properties": { "fid": 567.0, "COMPR_M": 572.64, "CLASSE": "03 - Média", "CD_FAZ": "400534", "TALHOES": "5", "FAZ_tAL": "400534005", "ID_LINHA": 96498 }, "geometry": { "type": "MultiLineString", "coordinates": [ [ [ 425283.59688791888766, 7637684.094995111227036 ], [ 425253.61132831859868, 7637695.538197806105018 ], [ 425238.452336830552667, 7637700.416359847411513 ], [ 425217.985600478248671, 7637706.089133474975824 ], [ 425202.469814764102921, 7637709.714129813015461 ], [ 425181.599415073636919, 7637713.700995329767466 ], [ 425160.565197375544813, 7637716.712910136207938 ], [ 425144.711555572866928, 7637718.327149918302894 ], [ 425112.892458002897911, 7637719.883724637329578 ], [ 425096.964720126590692, 7637719.823108339682221 ], [ 425075.751209902344272, 7637718.874176263809204 ], [ 425054.606172083644196, 7637716.935593290254474 ], [ 425038.81947697972646, 7637714.833886070176959 ], [ 425023.114406820561271, 7637712.179469980299473 ], [ 425002.333443776122294, 7637707.78805847838521 ], [ 424981.775549216021318, 7637702.432706156745553 ], [ 424966.530546599125955, 7637697.790223885327578 ], [ 424946.470951444702223, 7637690.774654347449541 ], [ 424931.652301566966344, 7637684.902044124901295 ], [ 424912.236790678638499, 7637676.272658370435238 ], [ 424897.96048936637817, 7637669.211856804788113 ], [ 424870.23406765551772, 7637653.611630750820041 ], [ 424843.679188167094253, 7637636.095348569564521 ], [ 424830.845526613527909, 7637626.647235562093556 ], [ 424814.197650422225706, 7637613.362064195796847 ], [ 424798.097123209969141, 7637599.323373544961214 ], [ 424786.43251539056655, 7637588.323840981349349 ], [ 424775.168756228755228, 7637576.932730374857783 ], [ 424761.957003992865793, 7637562.421913456171751 ] ] ] } },
{ "type": "Feature", "properties": { "fid": 568.0, "COMPR_M": 577.8, "CLASSE": "03 - Média", "CD_FAZ": "400534", "TALHOES": "5", "FAZ_tAL": "400534005", "ID_LINHA": 96499 }, "geometry": { "type": "MultiLineString", "coordinates": [ [ [ 425284.82981828681659, 7637686.830458584241569 ], [ 425254.580416012438945, 7637698.377419346012175 ], [ 425239.321038194990251, 7637703.287886625155807 ], [ 425218.719150311197154, 7637708.99812151491642 ], [ 425203.101173540693708, 7637712.646993823349476 ], [ 425182.093628682312556, 7637716.660058911889791 ], [ 425160.921209231833927, 7637719.691762370988727 ], [ 425144.96319097984815, 7637721.316629176028073 ], [ 425112.933679476554971, 7637722.883492802269757 ], [ 425096.900702326092869, 7637722.822476428002119 ], [ 425075.547182243550196, 7637721.867281610146165 ], [ 425054.262517868541181, 7637719.915896888822317 ], [ 425038.371433860971592, 7637717.800292165949941 ], [ 425022.562727377633564, 7637715.128360603936017 ], [ 425001.644970368244685, 7637710.708042969927192 ], [ 424980.951875652186573, 7637705.31747081130743 ], [ 424965.606527684954926, 7637700.644430472515523 ], [ 424945.414689236553386, 7637693.582610351964831 ], [ 424930.498309992603026, 7637687.671269801445305 ], [ 424910.954404966323636, 7637678.98481559753418 ], [ 424896.583189467666671, 7637671.877069400623441 ], [ 424868.670833242475055, 7637656.172218902036548 ], [ 424855.157065295556094, 7637647.591754790395498 ], [ 424837.603305980737787, 7637635.42193697579205 ], [ 424824.788396955176722, 7637625.764060515910387 ], [ 424808.172169610799756, 7637612.203705713152885 ], [ 424792.12135251366999, 7637597.895391261205077 ], [ 424780.510620598332025, 7637586.691896064206958 ], [ 424758.824935935321264, 7637563.396528863348067 ] ] ] } },
{ "type": "Feature", "properties": { "fid": 569.0, "COMPR_M": 582.95, "CLASSE": "03 - Média", "CD_FAZ": "400534", "TALHOES": "5", "FAZ_tAL": "400534005", "ID_LINHA": 96500 }, "geometry": { "type": "MultiLineString", "coordinates": [ [ [ 425286.062748655444011, 7637689.565922051668167 ], [ 425255.549503705289681, 7637701.216640886850655 ], [ 425240.189739558787551, 7637706.159413404762745 ], [ 425219.452700141933747, 7637711.907109554857016 ], [ 425203.732532314723358, 7637715.579857831820846 ], [ 425182.587842290988192, 7637719.619122490286827 ], [ 425161.277221087599173, 7637722.670614605769515 ], [ 425145.214826386363711, 7637724.306108437478542 ], [ 425112.974900948873255, 7637725.88326096534729 ], [ 425096.83668452576967, 7637725.821844520047307 ], [ 425075.343154586851597, 7637724.860386952757835 ], [ 425053.918863653787412, 7637722.896200486458838 ], [ 425037.923390739830211, 7637720.766698263585567 ], [ 425022.011047936393879, 7637718.077251231297851 ], [ 425000.956496961531229, 7637713.628027459606528 ], [ 424980.128202091145795, 7637708.202235460281372 ], [ 424964.682508772413712, 7637703.498637059703469 ], [ 424944.358427027473226, 7637696.390566356480122 ], [ 424929.344318419054616, 7637690.440495475195348 ], [ 424909.672019255580381, 7637681.696972828358412 ], [ 424895.205889568082057, 7637674.542281994596124 ], [ 424867.107598830130883, 7637658.7328070551157 ], [ 424853.50494337757118, 7637650.095910446718335 ], [ 424835.83831226330949, 7637637.847856242209673 ], [ 424822.943035380332731, 7637628.129418039694428 ], [ 424806.225329079141375, 7637614.48626434803009 ], [ 424790.075645590899512, 7637600.089786844328046 ], [ 424778.389989961462561, 7637588.81397994235158 ], [ 424767.118401639396325, 7637577.138082922436297 ], [ 424755.705361749045551, 7637564.367256513796747 ] ] ] } },
{ "type": "Feature", "properties": { "fid": 574.0, "COMPR_M": 17.37, "CLASSE": "01 - Muito curta", "CD_FAZ": "400534", "TALHOES": "5", "FAZ_tAL": "400534005", "ID_LINHA": 96501 }, "geometry": { "type": "MultiLineString", "coordinates": [ [ [ 424350.845542692637537, 7637716.386478393338621 ], [ 424342.355029682978056, 7637701.242146499454975 ] ] ] } },
{ "type": "Feature", "properties": { "fid": 575.0, "COMPR_M": 20.58, "CLASSE": "01 - Muito curta", "CD_FAZ": "400534", "TALHOES": "5", "FAZ_tAL": "400534005", "ID_LINHA": 96502 }, "geometry": { "type": "MultiLineString", "coordinates": [ [ [ 424355.434909105009865, 7637718.356489611789584 ], [ 424345.334686545131262, 7637700.43206337466836 ] ] ] } },
{ "type": "Feature", "properties": { "fid": 576.0, "COMPR_M": 23.62, "CLASSE": "01 - Muito curta", "CD_FAZ": "400534", "TALHOES": "5", "FAZ_tAL": "400534005", "ID_LINHA": 96503 }, "geometry": { "type": "MultiLineString", "coordinates": [ [ [ 424359.977836609061342, 7637720.152269825339317 ], [ 424348.314343407808337, 7637699.62198025174439 ] ] ] } },
{ "type": "Feature", "properties": { "fid": 577.0, "COMPR_M": 26.28, "CLASSE": "01 - Muito curta", "CD_FAZ": "400534", "TALHOES": "5", "FAZ_tAL": "400534005", "ID_LINHA": 96504 }, "geometry": { "type": "MultiLineString", "coordinates": [ [ [ 424364.32908633450279, 7637721.623203277587891 ], [ 424351.294000268506352, 7637698.811897126957774 ] ] ] } },
{ "type": "Feature", "properties": { "fid": 578.0, "COMPR_M": 28.59, "CLASSE": "01 - Muito curta", "CD_FAZ": "400534", "TALHOES": "5", "FAZ_tAL": "400534005", "ID_LINHA": 96505 }, "geometry": { "type": "MultiLineString", "coordinates": [ [ [ 424368.502131858665962, 7637722.792124375700951 ], [ 424354.273657131765503, 7637698.001814002171159 ] ] ] } },
{ "type": "Feature", "properties": { "fid": 579.0, "COMPR_M": 30.7, "CLASSE": "01 - Muito curta", "CD_FAZ": "400534", "TALHOES": "5", "FAZ_tAL": "400534005", "ID_LINHA": 96506 }, "geometry": { "type": "MultiLineString", "coordinates": [ [ [ 424372.607062134658918, 7637723.767273703590035 ], [ 424357.253313993627671, 7637697.191730881109834 ] ] ] } },
{ "type": "Feature", "properties": { "fid": 580.0, "COMPR_M": 32.66, "CLASSE": "01 - Muito curta", "CD_FAZ": "400534", "TALHOES": "5", "FAZ_tAL": "400534005", "ID_LINHA": 96507 }, "geometry": { "type": "MultiLineString", "coordinates": [ [ [ 424376.634725155890919, 7637724.607561394572258 ], [ 424360.232970856071915, 7637696.381647758185863 ] ] ] } },
{ "type": "Feature", "properties": { "fid": 581.0, "COMPR_M": 34.52, "CLASSE": "01 - Muito curta", "CD_FAZ": "400534", "TALHOES": "5", "FAZ_tAL": "400534005", "ID_LINHA": 96508 }, "geometry": { "type": "MultiLineString", "coordinates": [ [ [ 424380.615431532845832, 7637725.370922790840268 ], [ 424363.212627718457952, 7637695.571564631536603 ] ] ] } },
{ "type": "Feature", "properties": { "fid": 582.0, "COMPR_M": 36.35, "CLASSE": "01 - Muito curta", "CD_FAZ": "400534", "TALHOES": "5", "FAZ_tAL": "400534005", "ID_LINHA": 96509 }, "geometry": { "type": "MultiLineString", "coordinates": [ [ [ 424384.577458117390051, 7637726.103682192973793 ], [ 424366.19228458206635, 7637694.761481506749988 ] ] ] } },
{ "type": "Feature", "properties": { "fid": 583.0, "COMPR_M": 38.2, "CLASSE": "01 - Muito curta", "CD_FAZ": "400534", "TALHOES": "5", "FAZ_tAL": "400534005", "ID_LINHA": 96510 }, "geometry": { "type": "MultiLineString", "coordinates": [ [ [ 424388.576346701825969, 7637726.831542705185711 ], [ 424369.171941443637479, 7637693.951398381963372 ] ] ] } },
{ "type": "Feature", "properties": { "fid": 584.0, "COMPR_M": 40.03, "CLASSE": "01 - Muito curta", "CD_FAZ": "400534", "TALHOES": "5", "FAZ_tAL": "400534005", "ID_LINHA": 96511 }, "geometry": { "type": "MultiLineString", "coordinates": [ [ [ 424392.5754977997276, 7637727.545218707062304 ], [ 424372.151598306430969, 7637693.141315259970725 ] ] ] } },
{ "type": "Feature", "properties": { "fid": 585.0, "COMPR_M": 41.82, "CLASSE": "01 - Muito curta", "CD_FAZ": "400534", "TALHOES": "5", "FAZ_tAL": "400534005", "ID_LINHA": 96512 }, "geometry": { "type": "MultiLineString", "coordinates": [ [ [ 424396.555852536461316, 7637728.229137172922492 ], [ 424386.654996136785485, 7637712.233207706362009 ], [ 424375.131255167885683, 7637692.331232134252787 ] ] ] } },
{ "type": "Feature", "properties": { "fid": 586.0, "COMPR_M": 43.52, "CLASSE": "01 - Muito curta", "CD_FAZ": "400534", "TALHOES": "5", "FAZ_tAL": "400534005", "ID_LINHA": 96513 }, "geometry": { "type": "MultiLineString", "coordinates": [ [ [ 424400.483699355972931, 7637728.829927505925298 ], [ 424389.227333832590375, 7637710.689322150312364 ], [ 424378.110912029864267, 7637691.521149011328816 ] ] ] } },
{ "type": "Feature", "properties": { "fid": 587.0, "COMPR_M": 45.07, "CLASSE": "01 - Muito curta", "CD_FAZ": "400534", "TALHOES": "5", "FAZ_tAL": "400534005", "ID_LINHA": 96514 }, "geometry": { "type": "MultiLineString", "coordinates": [ [ [ 424404.35211280209478, 7637729.294597746804357 ], [ 424391.799671529792249, 7637709.145436596125364 ], [ 424381.096186183742248, 7637690.709538704715669 ] ] ] } },
{ "type": "Feature", "properties": { "fid": 588.0, "COMPR_M": 46.46, "CLASSE": "01 - Muito curta", "CD_FAZ": "400534", "TALHOES": "5", "FAZ_tAL": "400534005", "ID_LINHA": 96515 }, "geometry": { "type": "MultiLineString", "coordinates": [ [ [ 424408.145960408495739, 7637729.61701063066721 ], [ 424394.37200922507327, 7637707.601551042869687 ], [ 424384.086377892410383, 7637689.89659146219492 ] ] ] } },
{ "type": "Feature", "properties": { "fid": 589.0, "COMPR_M": 47.76, "CLASSE": "01 - Muito curta", "CD_FAZ": "400534", "TALHOES": "5", "FAZ_tAL": "400534005", "ID_LINHA": 96516 }, "geometry": { "type": "MultiLineString", "coordinates": [ [ [ 424411.888037517899647, 7637729.860163590870798 ], [ 424396.944346921809483, 7637706.057665487751365 ], [ 424387.076569600205403, 7637689.083644215017557 ] ] ] } },
{ "type": "Feature", "properties": { "fid": 590.0, "COMPR_M": 49.03, "CLASSE": "01 - Muito curta", "CD_FAZ": "400534", "TALHOES": "5", "FAZ_tAL": "400534005", "ID_LINHA": 96517 }, "geometry": { "type": "MultiLineString", "coordinates": [ [ [ 424415.618951341602951, 7637730.086225718259811 ], [ 424405.231806618045084, 7637713.876525646075606 ], [ 424390.066761310910806, 7637688.27069696597755 ] ] ] } },
{ "type": "Feature", "properties": { "fid": 591.0, "COMPR_M": 50.33, "CLASSE": "01 - Muito curta", "CD_FAZ": "400534", "TALHOES": "5", "FAZ_tAL": "400534005", "ID_LINHA": 96518 }, "geometry": { "type": "MultiLineString", "coordinates": [ [ [ 424419.367040201206692, 7637730.338582590222359 ], [ 424407.780470230965875, 7637712.29385625012219 ], [ 424393.056953018705826, 7637687.45774971973151 ] ] ] } },
{ "type": "Feature", "properties": { "fid": 592.0, "COMPR_M": 51.73, "CLASSE": "01 - Muito curta", "CD_FAZ": "400534", "TALHOES": "5", "FAZ_tAL": "400534005", "ID_LINHA": 96519 }, "geometry": { "type": "MultiLineString", "coordinates": [ [ [ 424423.18795183498878, 7637730.649847861379385 ], [ 424410.329133848194033, 7637710.711186852306128 ], [ 424396.047144727432169, 7637686.644802474416792 ] ] ] } },
{ "type": "Feature", "properties": { "fid": 593.0, "COMPR_M": 53.24, "CLASSE": "01 - Muito curta", "CD_FAZ": "400534", "TALHOES": "5", "FAZ_tAL": "400534005", "ID_LINHA": 96520 }, "geometry": { "type": "MultiLineString", "coordinates": [ [ [ 424427.076971910486463, 7637731.049878666177392 ], [ 424412.877797463675961, 7637709.128517454490066 ], [ 424399.037336436507758, 7637685.831855228170753 ] ] ] } },
{ "type": "Feature", "properties": { "fid": 594.0, "COMPR_M": 54.87, "CLASSE": "01 - Muito curta", "CD_FAZ": "400534", "TALHOES": "5", "FAZ_tAL": "400534005", "ID_LINHA": 96521 }, "geometry": { "type": "MultiLineString", "coordinates": [ [ [ 424431.037267225561664, 7637731.555538509041071 ], [ 424415.426461080089211, 7637707.545848058536649 ], [ 424402.027528145932592, 7637685.01890798099339 ] ] ] } },
{ "type": "Feature", "properties": { "fid": 595.0, "COMPR_M": 56.64, "CLASSE": "01 - Muito curta", "CD_FAZ": "400534", "TALHOES": "5", "FAZ_tAL": "400534005", "ID_LINHA": 96522 }, "geometry": { "type": "MultiLineString", "coordinates": [ [ [ 424435.074559591535944, 7637732.175307037308812 ], [ 424417.975124694115948, 7637705.963178660720587 ], [ 424405.017719853087328, 7637684.205960735678673 ] ] ] } },
{ "type": "Feature", "properties": { "fid": 596.0, "COMPR_M": 58.6, "CLASSE": "01 - Muito curta", "CD_FAZ": "400534", "TALHOES": "5", "FAZ_tAL": "400534005", "ID_LINHA": 96523 }, "geometry": { "type": "MultiLineString", "coordinates": [ [ [ 424439.239543177420273, 7637732.929390633478761 ], [ 424420.523788311111275, 7637704.38050926476717 ], [ 424408.007911562512163, 7637683.39301348850131 ] ] ] } },
{ "type": "Feature", "properties": { "fid": 597.0, "COMPR_M": 60.75, "CLASSE": "01 - Muito curta", "CD_FAZ": "400534", "TALHOES": "5", "FAZ_tAL": "400534005", "ID_LINHA": 96524 }, "geometry": { "type": "MultiLineString", "coordinates": [ [ [ 424443.527880807872862, 7637733.837545683607459 ], [ 424428.788286791241262, 7637711.846888042986393 ], [ 424410.99810327362502, 7637682.580066243186593 ] ] ] } },
{ "type": "Feature", "properties": { "fid": 598.0, "COMPR_M": 63.12, "CLASSE": "01 - Muito curta", "CD_FAZ": "400534", "TALHOES": "5", "FAZ_tAL": "400534005", "ID_LINHA": 96525 }, "geometry": { "type": "MultiLineString", "coordinates": [ [ [ 424447.944341870141216, 7637734.929668856784701 ], [ 424431.312466778676026, 7637710.225457286462188 ], [ 424413.988294981769286, 7637681.767118996009231 ] ] ] } },
{ "type": "Feature", "properties": { "fid": 599.0, "COMPR_M": 65.78, "CLASSE": "01 - Muito curta", "CD_FAZ": "400534", "TALHOES": "5", "FAZ_tAL": "400534005", "ID_LINHA": 96526 }, "geometry": { "type": "MultiLineString", "coordinates": [ [ [ 424452.546585231844801, 7637736.239394037984312 ], [ 424433.836646765761543, 7637708.604026526212692 ], [ 424416.978486690903082, 7637680.954171750694513 ] ] ] } },
{ "type": "Feature", "properties": { "fid": 600.0, "COMPR_M": 68.78, "CLASSE": "01 - Muito curta", "CD_FAZ": "400534", "TALHOES": "5", "FAZ_tAL": "400534005", "ID_LINHA": 96527 }, "geometry": { "type": "MultiLineString", "coordinates": [ [ [ 424457.365924201381858, 7637737.80689525604248 ], [ 424436.36082675436046, 7637706.982595775276423 ], [ 424419.968678399687633, 7637680.141224504448473 ] ] ] } },
{ "type": "Feature", "properties": { "fid": 601.0, "COMPR_M": 72.42, "CLASSE": "01 - Muito curta", "CD_FAZ": "400534", "TALHOES": "5", "FAZ_tAL": "400534005", "ID_LINHA": 96528 }, "geometry": { "type": "MultiLineString", "coordinates": [ [ [ 424462.426639503333718, 7637739.704788671806455 ], [ 424444.609296495793387, 7637714.124973790720105 ], [ 424433.267106390208937, 7637696.46716227941215 ], [ 424422.850369649473578, 7637679.121617252007127 ] ] ] } },
{ "type": "Feature", "properties": { "fid": 602.0, "COMPR_M": 76.78, "CLASSE": "01 - Muito curta", "CD_FAZ": "400534", "TALHOES": "5", "FAZ_tAL": "400534005", "ID_LINHA": 96529 }, "geometry": { "type": "MultiLineString", "coordinates": [ [ [ 424467.965542530000675, 7637742.146128166466951 ], [ 424447.108683889382519, 7637712.465585917234421 ], [ 424435.815770004177466, 7637694.884492882527411 ], [ 424425.732060903159436, 7637678.102010002359748 ] ] ] } },
{ "type": "Feature", "properties": { "fid": 603.0, "COMPR_M": 81.98, "CLASSE": "01 - Muito curta", "CD_FAZ": "400534", "TALHOES": "5", "FAZ_tAL": "400534005", "ID_LINHA": 96530 }, "geometry": { "type": "MultiLineString", "coordinates": [ [ [ 424474.021711719979066, 7637745.251836457289755 ], [ 424461.214100553072058, 7637727.736645446158946 ], [ 424449.608071283670142, 7637710.806198039092124 ], [ 424428.613752154808026, 7637677.082402750849724 ] ] ] } },
{ "type": "Feature", "properties": { "fid": 604.0, "COMPR_M": 88.2, "CLASSE": "01 - Muito curta", "CD_FAZ": "400534", "TALHOES": "5", "FAZ_tAL": "400534005", "ID_LINHA": 96531 }, "geometry": { "type": "MultiLineString", "coordinates": [ [ [ 424480.748026413435582, 7637749.129213160835207 ], [ 424463.66346891381545, 7637726.00428637675941 ], [ 424452.107458678772673, 7637709.146810164675117 ], [ 424431.495443407155108, 7637676.062795501202345 ] ] ] } },
{ "type": "Feature", "properties": { "fid": 605.0, "COMPR_M": 95.42, "CLASSE": "01 - Muito curta", "CD_FAZ": "400534", "TALHOES": "5", "FAZ_tAL": "400534005", "ID_LINHA": 96532 }, "geometry": { "type": "MultiLineString", "coordinates": [ [ [ 424488.152039718697779, 7637753.740699285641313 ], [ 424471.984979860251769, 7637732.448083605617285 ], [ 424460.318707628059201, 7637715.952331436797976 ], [ 424448.981726691592485, 7637698.875441988930106 ], [ 424434.377134657464921, 7637675.043188249692321 ] ] ] } },
{ "type": "Feature", "properties": { "fid": 606.0, "COMPR_M": 103.46, "CLASSE": "02 - Curta", "CD_FAZ": "400534", "TALHOES": "5", "FAZ_tAL": "400534005", "ID_LINHA": 96533 }, "geometry": { "type": "MultiLineString", "coordinates": [ [ [ 424496.143417545128614, 7637758.938741960562766 ], [ 424480.330017187457997, 7637738.681211985647678 ], [ 424462.793148989148904, 7637714.255973846651614 ], [ 424451.505906679609325, 7637697.254011234268546 ], [ 424437.258825909695588, 7637674.023580998182297 ] ] ] } },
{ "type": "Feature", "properties": { "fid": 607.0, "COMPR_M": 111.99, "CLASSE": "02 - Curta", "CD_FAZ": "400534", "TALHOES": "5", "FAZ_tAL": "400534005", "ID_LINHA": 96534 }, "geometry": { "type": "MultiLineString", "coordinates": [ [ [ 424504.530305927735753, 7637764.437650452367961 ], [ 424488.694521355209872, 7637744.708422006107867 ], [ 424471.011573996685911, 7637720.807209165766835 ], [ 424454.030086667858995, 7637695.632580475881696 ], [ 424440.140517162624747, 7637673.003973744809628 ] ] ] } },
{ "type": "Feature", "properties": { "fid": 608.0, "COMPR_M": 120.42, "CLASSE": "02 - Curta", "CD_FAZ": "400534", "TALHOES": "5", "FAZ_tAL": "400534005", "ID_LINHA": 96535 }, "geometry": { "type": "MultiLineString", "coordinates": [ [ [ 424512.949218054884113, 7637769.779634486883879 ], [ 424491.068144130869769, 7637742.87366209179163 ], [ 424473.460942357196473, 7637719.0748500963673 ], [ 424456.554266655002721, 7637694.011149719357491 ], [ 424443.022208414156921, 7637671.984366495162249 ] ] ] } },
{ "type": "Feature", "properties": { "fid": 609.0, "COMPR_M": 128.19, "CLASSE": "02 - Curta", "CD_FAZ": "400534", "TALHOES": "5", "FAZ_tAL": "400534005", "ID_LINHA": 96536 }, "geometry": { "type": "MultiLineString", "coordinates": [ [ [ 424521.032262660795823, 7637774.54886744171381 ], [ 424499.422967263148166, 7637748.667327325791121 ], [ 424481.681751191907097, 7637725.378433393314481 ], [ 424464.604395647940692, 7637700.849870783276856 ], [ 424445.903899665689096, 7637670.964759241789579 ] ] ] } },
{ "type": "Feature", "properties": { "fid": 610.0, "COMPR_M": 135.01, "CLASSE": "02 - Curta", "CD_FAZ": "400534", "TALHOES": "5", "FAZ_tAL": "400534005", "ID_LINHA": 96537 }, "geometry": { "type": "MultiLineString", "coordinates": [ [ [ 424528.561237825779244, 7637778.538821287453175 ], [ 424507.789899665396661, 7637754.265303336083889 ], [ 424484.105944024107885, 7637723.611020840704441 ], [ 424467.1037830421119, 7637699.190482908859849 ], [ 424448.785590917919762, 7637669.9451519921422 ] ] ] } },
{ "type": "Feature", "properties": { "fid": 611.0, "COMPR_M": 140.97, "CLASSE": "02 - Curta", "CD_FAZ": "400534", "TALHOES": "5", "FAZ_tAL": "400534005", "ID_LINHA": 96538 }, "geometry": { "type": "MultiLineString", "coordinates": [ [ [ 424535.571974489837885, 7637781.840460663661361 ], [ 424516.165652236435562, 7637759.672157851047814 ], [ 424492.324704051716253, 7637729.673517022281885 ], [ 424469.603170435060747, 7637697.531095029786229 ], [ 424451.667282169335522, 7637668.925544740632176 ] ] ] } },
{ "type": "Feature", "properties": { "fid": 612.0, "COMPR_M": 146.35, "CLASSE": "02 - Curta", "CD_FAZ": "400534", "TALHOES": "5", "FAZ_tAL": "400534005", "ID_LINHA": 96539 }, "geometry": { "type": "MultiLineString", "coordinates": [ [ [ 424542.24890799971763, 7637784.671437637880445 ], [ 424518.463158551370725, 7637757.742947088554502 ], [ 424494.723641425254755, 7637727.871978031471372 ], [ 424472.102557830687147, 7637695.87170715816319 ], [ 424454.548973421507981, 7637667.905937490053475 ] ] ] } },
{ "type": "Feature", "properties": { "fid": 613.0, "COMPR_M": 151.34, "CLASSE": "02 - Curta", "CD_FAZ": "400534", "TALHOES": "5", "FAZ_tAL": "400534005", "ID_LINHA": 96540 }, "geometry": { "type": "MultiLineString", "coordinates": [ [ [ 424548.699157043185551, 7637787.165440149605274 ], [ 424532.931550802604761, 7637769.930375155061483 ], [ 424520.760664866538718, 7637755.813736322335899 ], [ 424497.122578797745518, 7637726.070439036935568 ], [ 424474.601945223752409, 7637694.212319280952215 ], [ 424457.430664673622232, 7637666.886330239474773 ] ] ] } },
{ "type": "Feature", "properties": { "fid": 614.0, "COMPR_M": 155.99, "CLASSE": "02 - Curta", "CD_FAZ": "400534", "TALHOES": "5", "FAZ_tAL": "400534005", "ID_LINHA": 96541 }, "geometry": { "type": "MultiLineString", "coordinates": [ [ [ 424554.944391662953421, 7637789.388005135580897 ], [ 424529.091414853814058, 7637760.974316798150539 ], [ 424505.309880790940952, 7637731.865102607756853 ], [ 424482.588679884443991, 7637700.685113116167486 ], [ 424471.699346580775455, 7637684.282565181143582 ], [ 424460.312355925037991, 7637665.866722988896072 ] ] ] } },
{ "type": "Feature", "properties": { "fid": 615.0, "COMPR_M": 160.41, "CLASSE": "02 - Curta", "CD_FAZ": "400534", "TALHOES": "5", "FAZ_tAL": "400534005", "ID_LINHA": 96542 }, "geometry": { "type": "MultiLineString", "coordinates": [ [ [ 424561.073199494625442, 7637791.416780011728406 ], [ 424543.537611306528561, 7637772.774131871759892 ], [ 424531.363543989195023, 7637759.015284776687622 ], [ 424507.683503567590378, 7637730.030342697165906 ], [ 424485.063121247803792, 7637698.988755526021123 ], [ 424474.223526569548994, 7637682.661134420894086 ], [ 424463.194047177792527, 7637664.84711573831737 ] ] ] } },
{ "type": "Feature", "properties": { "fid": 616.0, "COMPR_M": 164.68, "CLASSE": "02 - Curta", "CD_FAZ": "400534", "TALHOES": "5", "FAZ_tAL": "400534005", "ID_LINHA": 96543 }, "geometry": { "type": "MultiLineString", "coordinates": [ [ [ 424567.125642438768409, 7637793.297112026251853 ], [ 424539.671866319724359, 7637763.966195665299892 ], [ 424521.727243831730448, 7637742.873862956650555 ], [ 424510.057126343599521, 7637728.195582780987024 ], [ 424487.537562609068118, 7637697.292397933080792 ], [ 424476.74770655593602, 7637681.039703666232526 ], [ 424466.075738429208286, 7637663.827508486807346 ] ] ] } },
{ "type": "Feature", "properties": { "fid": 617.0, "COMPR_M": 168.79, "CLASSE": "02 - Curta", "CD_FAZ": "400534", "TALHOES": "5", "FAZ_tAL": "400534005", "ID_LINHA": 96544 }, "geometry": { "type": "MultiLineString", "coordinates": [ [ [ 424573.085702771146316, 7637795.048069089651108 ], [ 424560.247187992732506, 7637781.922943508252501 ], [ 424541.918638158938847, 7637761.978135832585394 ], [ 424518.209112023585476, 7637733.730549054220319 ], [ 424501.075293856440112, 7637711.239132968708873 ], [ 424490.012003972078674, 7637695.596040342003107 ], [ 424468.957429681206122, 7637662.807901233434677 ] ] ] } },
{ "type": "Feature", "properties": { "fid": 618.0, "COMPR_M": 172.84, "CLASSE": "02 - Curta", "CD_FAZ": "400534", "TALHOES": "5", "FAZ_tAL": "400534005", "ID_LINHA": 96545 }, "geometry": { "type": "MultiLineString", "coordinates": [ [ [ 424579.03993758460274, 7637796.71195216756314 ], [ 424550.201948322064709, 7637766.725181409157813 ], [ 424532.248196440807078, 7637746.167682503350079 ], [ 424520.557380117592402, 7637731.863451771438122 ], [ 424503.4994866886409, 7637709.471720414236188 ], [ 424492.486445334274322, 7637693.899682752788067 ], [ 424471.847546104632784, 7637661.785312967374921 ] ] ] } },
{ "type": "Feature", "properties": { "fid": 619.0, "COMPR_M": 176.79, "CLASSE": "02 - Curta", "CD_FAZ": "400534", "TALHOES": "5", "FAZ_tAL": "400534005", "ID_LINHA": 96546 }, "geometry": { "type": "MultiLineString", "coordinates": [ [ [ 424584.953649705508724, 7637798.295030147768557 ], [ 424570.738744257250801, 7637784.151294611394405 ], [ 424552.423393992823549, 7637764.70886458735913 ], [ 424534.545702755276579, 7637744.238471738994122 ], [ 424522.90564821328735, 7637729.996354484930634 ], [ 424505.923679522355087, 7637707.704307859763503 ], [ 424494.960886694258079, 7637692.203325161710382 ], [ 424474.738013537542429, 7637660.762600507587194 ] ] ] } },
{ "type": "Feature", "properties": { "fid": 620.0, "COMPR_M": 180.7, "CLASSE": "02 - Curta", "CD_FAZ": "400534", "TALHOES": "5", "FAZ_tAL": "400534005", "ID_LINHA": 96547 }, "geometry": { "type": "MultiLineString", "coordinates": [ [ [ 424590.854196690022945, 7637799.819324981421232 ], [ 424572.884490516444203, 7637782.05460754968226 ], [ 424560.6793135580956, 7637769.257680236361921 ], [ 424542.724189669708721, 7637749.220124677754939 ], [ 424531.018806606880389, 7637735.279569369740784 ], [ 424513.915140408906154, 7637713.459666086360812 ], [ 424502.853362687630579, 7637698.286541257053614 ], [ 424492.097656982659828, 7637682.596604151651263 ], [ 424477.628480967425276, 7637659.739888045936823 ] ] ] } },
{ "type": "Feature", "properties": { "fid": 621.0, "COMPR_M": 184.61, "CLASSE": "02 - Curta", "CD_FAZ": "400534", "TALHOES": "5", "FAZ_tAL": "400534005", "ID_LINHA": 96548 }, "geometry": { "type": "MultiLineString", "coordinates": [ [ [ 424596.795043381862342, 7637801.311766839586198 ], [ 424581.171340730565134, 7637786.167780759744346 ], [ 424562.875474070198834, 7637767.21385473292321 ], [ 424544.99631880648667, 7637747.261092660948634 ], [ 424533.341697302297689, 7637733.380995973944664 ], [ 424516.314077781222295, 7637711.658127095550299 ], [ 424505.30273104814114, 7637696.55418218486011 ], [ 424494.597044376365375, 7637680.937216273508966 ], [ 424480.51894839835586, 7637658.717175586149096 ] ] ] } },
{ "type": "Feature", "properties": { "fid": 622.0, "COMPR_M": 188.51, "CLASSE": "02 - Curta", "CD_FAZ": "400534", "TALHOES": "5", "FAZ_tAL": "400534005", "ID_LINHA": 96549 }, "geometry": { "type": "MultiLineString", "coordinates": [ [ [ 424602.740825466345996, 7637802.776267725974321 ], [ 424583.291971366968937, 7637784.045696882531047 ], [ 424565.071634581836406, 7637765.170029228553176 ], [ 424547.268447941751219, 7637745.302060641348362 ], [ 424535.664587996085174, 7637731.482422577217221 ], [ 424518.713015154469758, 7637709.856588101014495 ], [ 424507.752099409350194, 7637694.821823112666607 ], [ 424497.096431770070922, 7637679.277828397229314 ], [ 424483.409415829577483, 7637657.694463125430048 ] ] ] } },
{ "type": "Feature", "properties": { "fid": 623.0, "COMPR_M": 192.47, "CLASSE": "02 - Curta", "CD_FAZ": "400534", "TALHOES": "5", "FAZ_tAL": "400534005", "ID_LINHA": 96550 }, "geometry": { "type": "MultiLineString", "coordinates": [ [ [ 424608.757902221055701, 7637804.24232220184058 ], [ 424591.543288926535752, 7637787.978118634782732 ], [ 424573.272737582447007, 7637769.499294224195182 ], [ 424555.399269190733321, 7637750.049776851199567 ], [ 424543.735728015191853, 7637736.521628683432937 ], [ 424526.672485778864939, 7637715.352263387292624 ], [ 424515.620450853835791, 7637700.634657651185989 ], [ 424499.59581916523166, 7637677.618440520949662 ], [ 424486.299883260391653, 7637656.671750664710999 ] ] ] } },
{ "type": "Feature", "properties": { "fid": 624.0, "COMPR_M": 196.49, "CLASSE": "02 - Curta", "CD_FAZ": "400534", "TALHOES": "5", "FAZ_tAL": "400534005", "ID_LINHA": 96551 }, "geometry": { "type": "MultiLineString", "coordinates": [ [ [ 424614.85201740427874, 7637805.724622143432498 ], [ 424599.782427247671876, 7637791.758739157579839 ], [ 424581.467475553392433, 7637773.667859304696321 ], [ 424563.530622349004261, 7637754.627280479297042 ], [ 424546.033234329312108, 7637734.592417920008302 ], [ 424529.046108554583043, 7637713.517503471113741 ], [ 424518.044643688132055, 7637698.86724509857595 ], [ 424502.095206557773054, 7637675.959052645601332 ], [ 424489.190350690972991, 7637655.649038202129304 ] ] ] } },
{ "type": "Feature", "properties": { "fid": 625.0, "COMPR_M": 200.55, "CLASSE": "02 - Curta", "CD_FAZ": "400534", "TALHOES": "5", "FAZ_tAL": "400534005", "ID_LINHA": 96552 }, "geometry": { "type": "MultiLineString", "coordinates": [ [ [ 424620.998282508109696, 7637807.213854907080531 ], [ 424601.853034782106988, 7637789.587821995839477 ], [ 424583.613221812993288, 7637771.571172243915498 ], [ 424565.752068020403385, 7637752.610963658429682 ], [ 424548.330740644363686, 7637732.663207154721022 ], [ 424531.419731330941431, 7637711.682743556797504 ], [ 424520.468836520682089, 7637697.09983254224062 ], [ 424504.594593953690492, 7637674.299664768390357 ], [ 424492.080818121787161, 7637654.626325741410255 ] ] ] } },
{ "type": "Feature", "properties": { "fid": 626.0, "COMPR_M": 204.6, "CLASSE": "02 - Curta", "CD_FAZ": "400534", "TALHOES": "5", "FAZ_tAL": "400534005", "ID_LINHA": 96553 }, "geometry": { "type": "MultiLineString", "coordinates": [ [ [ 424627.174556288635358, 7637808.65886614471674 ], [ 424610.053436468879227, 7637793.196598237380385 ], [ 424591.774493915843777, 7637775.557361362501979 ], [ 424573.856276627222542, 7637756.994727216660976 ], [ 424556.356964485312346, 7637737.465932564809918 ], [ 424539.34352487733122, 7637716.926673500798643 ], [ 424522.893029354163446, 7637695.33241998963058 ], [ 424507.093981346464716, 7637672.640276892110705 ], [ 424494.971285552950576, 7637653.603613281622529 ] ] ] } },
{ "type": "Feature", "properties": { "fid": 627.0, "COMPR_M": 208.52, "CLASSE": "02 - Curta", "CD_FAZ": "400534", "TALHOES": "5", "FAZ_tAL": "400534005", "ID_LINHA": 96554 }, "geometry": { "type": "MultiLineString", "coordinates": [ [ [ 424633.272359625902027, 7637809.983751380816102 ], [ 424612.099143390310928, 7637791.002202652394772 ], [ 424593.895124550617766, 7637773.435277484357357 ], [ 424576.052437138278037, 7637754.950901712290943 ], [ 424558.629093621508218, 7637735.506900545209646 ], [ 424541.691792972851545, 7637715.059576218947768 ], [ 424525.317222187237348, 7637693.565007438883185 ], [ 424509.593368741159793, 7637670.980889016762376 ], [ 424497.861752983764745, 7637652.580900819972157 ] ] ] } },
{ "type": "Feature", "properties": { "fid": 628.0, "COMPR_M": 212.2, "CLASSE": "02 - Curta", "CD_FAZ": "400534", "TALHOES": "5", "FAZ_tAL": "400534005", "ID_LINHA": 96555 }, "geometry": { "type": "MultiLineString", "coordinates": [ [ [ 424639.203207109763753, 7637811.128963850438595 ], [ 424614.144850312266499, 7637788.807807069271803 ], [ 424596.015755188302137, 7637771.31319360435009 ], [ 424578.248597650206648, 7637752.907076210714877 ], [ 424560.901222757529467, 7637733.547868527472019 ], [ 424544.040061068080831, 7637713.192478934302926 ], [ 424527.74141501984559, 7637691.797594884410501 ], [ 424512.092756135331001, 7637669.321501139551401 ], [ 424500.752220415510237, 7637651.558188360184431 ] ] ] } },
{ "type": "Feature", "properties": { "fid": 629.0, "COMPR_M": 215.6, "CLASSE": "02 - Curta", "CD_FAZ": "400534", "TALHOES": "5", "FAZ_tAL": "400534005", "ID_LINHA": 96556 }, "geometry": { "type": "MultiLineString", "coordinates": [ [ [ 424644.958772187645081, 7637812.05960975959897 ], [ 424622.280284623324405, 7637792.226372236385942 ], [ 424604.116787407547235, 7637775.097197497263551 ], [ 424586.298287172219716, 7637757.075644945725799 ], [ 424568.879900225205347, 7637738.121417870745063 ], [ 424551.924822854751255, 7637718.192408798262477 ], [ 424535.505576764931902, 7637697.245815156027675 ], [ 424519.705300314468332, 7637675.239749245345592 ], [ 424503.642687845043838, 7637650.535475896671414 ] ] ] } },
{ "type": "Feature", "properties": { "fid": 630.0, "COMPR_M": 218.68, "CLASSE": "02 - Curta", "CD_FAZ": "400534", "TALHOES": "5", "FAZ_tAL": "400534005", "ID_LINHA": 96557 }, "geometry": { "type": "MultiLineString", "coordinates": [ [ [ 424650.482055932225194, 7637812.765247111208737 ], [ 424630.39908219431527, 7637795.504822514951229 ], [ 424606.212370487861335, 7637772.950377305038273 ], [ 424588.469212104042526, 7637755.005036732181907 ], [ 424571.126672064012382, 7637736.133358038030565 ], [ 424554.247713549586479, 7637716.293835399672389 ], [ 424537.904514138004743, 7637695.444276159629226 ], [ 424522.179741676431149, 7637673.543391657993197 ], [ 424506.533155276847538, 7637649.512763435021043 ] ] ] } },
{ "type": "Feature", "properties": { "fid": 631.0, "COMPR_M": 222.0, "CLASSE": "02 - Curta", "CD_FAZ": "400534", "TALHOES": "5", "FAZ_tAL": "400534005", "ID_LINHA": 96558 }, "geometry": { "type": "MultiLineString", "coordinates": [ [ [ 424655.824447996739764, 7637813.284473266452551 ], [ 424632.39521960291313, 7637793.265244599431753 ], [ 424614.276679982373025, 7637776.562319031916559 ], [ 424590.640137035748921, 7637752.93442851677537 ], [ 424573.373443902586587, 7637734.145298207178712 ], [ 424556.570604242850095, 7637714.395262006670237 ], [ 424540.303451511368621, 7637693.642737166956067 ], [ 424524.65418303880142, 7637671.847034065052867 ], [ 424509.162468387396075, 7637648.062217332422733 ] ] ] } },
{ "type": "Feature", "properties": { "fid": 632.0, "COMPR_M": 225.13, "CLASSE": "02 - Curta", "CD_FAZ": "400534", "TALHOES": "5", "FAZ_tAL": "400534005", "ID_LINHA": 96559 }, "geometry": { "type": "MultiLineString", "coordinates": [ [ [ 424661.037872270797379, 7637813.659685515798628 ], [ 424640.471318233932834, 7637796.384860065765679 ], [ 424616.347287516691722, 7637774.391401870176196 ], [ 424592.811061967280693, 7637750.863820305094123 ], [ 424575.620215741568245, 7637732.157238376326859 ], [ 424558.893494937103242, 7637712.496688609942794 ], [ 424542.702388882928062, 7637691.841198172420263 ], [ 424527.128624400997069, 7637670.150676472112536 ], [ 424511.791781500796787, 7637646.611671226099133 ] ] ] } },
{ "type": "Feature", "properties": { "fid": 633.0, "COMPR_M": 228.1, "CLASSE": "02 - Curta", "CD_FAZ": "400534", "TALHOES": "5", "FAZ_tAL": "400534005", "ID_LINHA": 96560 }, "geometry": { "type": "MultiLineString", "coordinates": [ [ [ 424666.136364066973329, 7637813.919427553191781 ], [ 424642.44278793304693, 7637794.123538751155138 ], [ 424624.373384920880198, 7637777.835829148069024 ], [ 424600.779191886831541, 7637754.797675758600235 ], [ 424583.523633389326278, 7637736.48042908590287 ], [ 424561.21638563182205, 7637710.598115211352706 ], [ 424545.101326256641187, 7637690.039659184403718 ], [ 424529.603065763018094, 7637668.454318882897496 ], [ 424514.421094613091554, 7637645.161125120706856 ] ] ] } },
{ "type": "Feature", "properties": { "fid": 634.0, "COMPR_M": 230.96, "CLASSE": "02 - Curta", "CD_FAZ": "400534", "TALHOES": "5", "FAZ_tAL": "400534005", "ID_LINHA": 96561 }, "geometry": { "type": "MultiLineString", "coordinates": [ [ [ 424671.171492458437569, 7637814.089074870571494 ], [ 424650.478086606308352, 7637797.090954830870032 ], [ 424626.4190918423119, 7637775.641433566808701 ], [ 424602.924938145384658, 7637752.700988695025444 ], [ 424585.745079061132856, 7637734.46411226503551 ], [ 424563.539276324794628, 7637708.699541818350554 ], [ 424547.500263629364781, 7637688.238120188936591 ], [ 424532.077507124806289, 7637666.757961291819811 ], [ 424517.050407723465469, 7637643.710579013451934 ] ] ] } },
{ "type": "Feature", "properties": { "fid": 635.0, "COMPR_M": 233.73, "CLASSE": "02 - Curta", "CD_FAZ": "400534", "TALHOES": "5", "FAZ_tAL": "400534005", "ID_LINHA": 96562 }, "geometry": { "type": "MultiLineString", "coordinates": [ [ [ 424676.139757627912331, 7637814.188005037605762 ], [ 424652.424927137326449, 7637794.808396201580763 ], [ 424628.464798764907755, 7637773.447037981823087 ], [ 424605.070684405858628, 7637750.604301636107266 ], [ 424587.966524732299149, 7637732.447795443236828 ], [ 424565.862167020211928, 7637706.800968419760466 ], [ 424549.899201001622714, 7637686.436581198126078 ], [ 424534.551948486478068, 7637665.061603700742126 ], [ 424519.679720836691558, 7637642.260032908990979 ] ] ] } },
{ "type": "Feature", "properties": { "fid": 636.0, "COMPR_M": 236.45, "CLASSE": "02 - Curta", "CD_FAZ": "400534", "TALHOES": "5", "FAZ_tAL": "400534005", "ID_LINHA": 96563 }, "geometry": { "type": "MultiLineString", "coordinates": [ [ [ 424681.088115922990255, 7637814.234139183536172 ], [ 424654.371767667122185, 7637792.525837570428848 ], [ 424630.51050568750361, 7637771.252642396837473 ], [ 424607.216430664877407, 7637748.507614579051733 ], [ 424590.18797040428035, 7637730.431478623300791 ], [ 424568.185057714697905, 7637704.902395023033023 ], [ 424552.298138376092538, 7637684.635042203590274 ], [ 424537.026389848557301, 7637663.36524610966444 ], [ 424522.309033950092271, 7637640.809486800804734 ] ] ] } },
{ "type": "Feature", "properties": { "fid": 637.0, "COMPR_M": 239.12, "CLASSE": "02 - Curta", "CD_FAZ": "400534", "TALHOES": "5", "FAZ_tAL": "400534005", "ID_LINHA": 96564 }, "geometry": { "type": "MultiLineString", "coordinates": [ [ [ 424686.012105543282814, 7637814.243324439972639 ], [ 424662.355682670488022, 7637795.336415726691484 ], [ 424638.447350241418462, 7637774.488165459595621 ], [ 424615.101430921407882, 7637752.214438684284687 ], [ 424598.014042253838852, 7637734.512646680697799 ], [ 424575.900816422712523, 7637709.512677988037467 ], [ 424559.903204647474922, 7637689.665624594315886 ], [ 424539.500831209821627, 7637661.668888518586755 ], [ 424524.93834706232883, 7637639.35894069634378 ] ] ] } },
{ "type": "Feature", "properties": { "fid": 638.0, "COMPR_M": 241.8, "CLASSE": "02 - Curta", "CD_FAZ": "400534", "TALHOES": "5", "FAZ_tAL": "400534005", "ID_LINHA": 96565 }, "geometry": { "type": "MultiLineString", "coordinates": [ [ [ 424690.951725716004148, 7637814.229554619640112 ], [ 424670.351943470421247, 7637798.045795048587024 ], [ 424646.368181465251837, 7637777.588199193589389 ], [ 424622.977035130548757, 7637755.775815789587796 ], [ 424600.210202764719725, 7637732.468821176327765 ], [ 424578.198322737182025, 7637707.583467222750187 ], [ 424562.276827425695956, 7637687.830864680930972 ], [ 424541.975272572250105, 7637659.972530925646424 ], [ 424527.567660174681805, 7637637.90839459002018 ] ] ] } },
{ "type": "Feature", "properties": { "fid": 639.0, "COMPR_M": 243.89, "CLASSE": "02 - Curta", "CD_FAZ": "400534", "TALHOES": "5", "FAZ_tAL": "400534005", "ID_LINHA": 96566 }, "geometry": { "type": "MultiLineString", "coordinates": [ [ [ 424695.900263894931413, 7637814.202524873428047 ], [ 424672.248838542494923, 7637795.721562497317791 ], [ 424648.364318875421304, 7637775.348621278069913 ], [ 424625.072618210571818, 7637753.628995601087809 ], [ 424602.406363276997581, 7637730.424995675683022 ], [ 424580.495829052524641, 7637705.654256459325552 ], [ 424564.65045020065736, 7637685.996104767546058 ], [ 424544.449713934387546, 7637658.276173334568739 ], [ 424530.507483999535907, 7637636.944992134347558 ] ] ] } },
{ "type": "Feature", "properties": { "fid": 640.0, "COMPR_M": 246.02, "CLASSE": "02 - Curta", "CD_FAZ": "400534", "TALHOES": "5", "FAZ_tAL": "400534005", "ID_LINHA": 96567 }, "geometry": { "type": "MultiLineString", "coordinates": [ [ [ 424700.889523542311508, 7637814.171192321926355 ], [ 424674.145733612647746, 7637793.397329947911203 ], [ 424650.360456285416149, 7637773.10904336348176 ], [ 424627.168201291002333, 7637751.482175409793854 ], [ 424604.602523788809776, 7637728.381170169450343 ], [ 424582.793335367343388, 7637703.725045694038272 ], [ 424567.024072977597825, 7637684.161344853229821 ], [ 424551.840729903313331, 7637663.639359850436449 ], [ 424533.447307825088501, 7637635.981589680537581 ] ] ] } },
{ "type": "Feature", "properties": { "fid": 641.0, "COMPR_M": 248.18, "CLASSE": "02 - Curta", "CD_FAZ": "400534", "TALHOES": "5", "FAZ_tAL": "400534005", "ID_LINHA": 96568 }, "geometry": { "type": "MultiLineString", "coordinates": [ [ [ 424705.914085334690753, 7637814.145065611228347 ], [ 424682.105210347683169, 7637795.966142434626818 ], [ 424658.214545531547628, 7637776.032968239858747 ], [ 424634.982755317119882, 7637754.853147421963513 ], [ 424612.34938635310391, 7637732.228346380405128 ], [ 424590.438901526329573, 7637708.080452270805836 ], [ 424569.397695755236782, 7637682.326584940776229 ], [ 424554.290098265046254, 7637661.907000780105591 ], [ 424536.387131650582887, 7637635.01818722486496 ] ] ] } },
{ "type": "Feature", "properties": { "fid": 642.0, "COMPR_M": 250.4, "CLASSE": "02 - Curta", "CD_FAZ": "400534", "TALHOES": "5", "FAZ_tAL": "400534005", "ID_LINHA": 96569 }, "geometry": { "type": "MultiLineString", "coordinates": [ [ [ 424711.012101518630516, 7637814.134089258499444 ], [ 424683.9765428614337, 7637793.621278617531061 ], [ 424660.186015232931823, 7637773.771646922454238 ], [ 424637.053362850623671, 7637752.682230262085795 ], [ 424614.520311284810305, 7637730.157738170586526 ], [ 424592.711030662583653, 7637706.121420253068209 ], [ 424571.771318530314602, 7637680.491825025528669 ], [ 424556.739466624800116, 7637660.174641709774733 ], [ 424539.326955474854913, 7637634.054784771054983 ] ] ] } },
{ "type": "Feature", "properties": { "fid": 643.0, "COMPR_M": 252.69, "CLASSE": "02 - Curta", "CD_FAZ": "400534", "TALHOES": "5", "FAZ_tAL": "400534005", "ID_LINHA": 96570 }, "geometry": { "type": "MultiLineString", "coordinates": [ [ [ 424716.172444750030991, 7637814.149270382709801 ], [ 424685.847875376988668, 7637791.27641480229795 ], [ 424662.157484932802618, 7637771.510325609706342 ], [ 424639.123970384825952, 7637750.511313097551465 ], [ 424616.691236214479432, 7637728.087129957042634 ], [ 424594.983159797964618, 7637704.162388233467937 ], [ 424574.144941306731198, 7637678.657065113075078 ], [ 424559.188834985368885, 7637658.442282637581229 ], [ 424542.26677929906873, 7637633.091382316313684 ] ] ] } },
{ "type": "Feature", "properties": { "fid": 644.0, "COMPR_M": 255.11, "CLASSE": "02 - Curta", "CD_FAZ": "400534", "TALHOES": "5", "FAZ_tAL": "400534005", "ID_LINHA": 96571 }, "geometry": { "type": "MultiLineString", "coordinates": [ [ [ 424721.454934152658097, 7637814.203204335644841 ], [ 424693.767725179670379, 7637793.70444462262094 ], [ 424669.946491915674414, 7637774.265368520282209 ], [ 424646.876161061809398, 7637753.697477722540498 ], [ 424624.382400737493299, 7637731.734118090942502 ], [ 424602.581477806787007, 7637708.300520410761237 ], [ 424581.612350587442052, 7637683.31892239395529 ], [ 424561.638203347334638, 7637656.709923567250371 ], [ 424545.206603124679532, 7637632.127979861572385 ] ] ] } },
{ "type": "Feature", "properties": { "fid": 645.0, "COMPR_M": 257.63, "CLASSE": "02 - Curta", "CD_FAZ": "400534", "TALHOES": "5", "FAZ_tAL": "400534005", "ID_LINHA": 96572 }, "geometry": { "type": "MultiLineString", "coordinates": [ [ [ 424726.832795096444897, 7637814.309513027779758 ], [ 424701.697833113372326, 7637796.032245963811874 ], [ 424671.893332446634304, 7637771.982809891924262 ], [ 424648.921867982833646, 7637751.503082139417529 ], [ 424626.5281469974434, 7637729.637431027367711 ], [ 424604.828249647282064, 7637706.312460580840707 ], [ 424583.96061868139077, 7637681.451825109310448 ], [ 424564.087571707437746, 7637654.977564498782158 ], [ 424548.146426949650049, 7637631.164577405899763 ] ] ] } },
{ "type": "Feature", "properties": { "fid": 646.0, "COMPR_M": 260.35, "CLASSE": "02 - Curta", "CD_FAZ": "400534", "TALHOES": "5", "FAZ_tAL": "400534005", "ID_LINHA": 96573 }, "geometry": { "type": "MultiLineString", "coordinates": [ [ [ 424732.400339898071252, 7637814.486527024768293 ], [ 424703.516814712202176, 7637793.646541591733694 ], [ 424679.654134692274965, 7637774.605160489678383 ], [ 424650.967574904439971, 7637749.308686558157206 ], [ 424628.673893256578594, 7637727.54074396751821 ], [ 424607.075021486729383, 7637704.324400750920177 ], [ 424586.308886777609587, 7637679.584727823734283 ], [ 424566.53694006963633, 7637653.245205430313945 ], [ 424551.086250775260851, 7637630.201174951158464 ] ] ] } },
{ "type": "Feature", "properties": { "fid": 647.0, "COMPR_M": 263.26, "CLASSE": "02 - Curta", "CD_FAZ": "400534", "TALHOES": "5", "FAZ_tAL": "400534005", "ID_LINHA": 96574 }, "geometry": { "type": "MultiLineString", "coordinates": [ [ [ 424738.143801404978149, 7637814.754982660524547 ], [ 424711.429125286347698, 7637795.853238752111793 ], [ 424687.423999100399669, 7637777.127702093683183 ], [ 424658.656182262464426, 7637752.315406987443566 ], [ 424636.307737290218938, 7637730.993599887937307 ], [ 424614.623872787051369, 7637708.251993587240577 ], [ 424593.736855350725818, 7637684.018087659962475 ], [ 424573.801078848191537, 7637658.21675637550652 ], [ 424554.026074600289576, 7637629.23777249455452 ] ] ] } },
{ "type": "Feature", "properties": { "fid": 648.0, "COMPR_M": 266.47, "CLASSE": "02 - Curta", "CD_FAZ": "400534", "TALHOES": "5", "FAZ_tAL": "400534005", "ID_LINHA": 96575 }, "geometry": { "type": "MultiLineString", "coordinates": [ [ [ 424744.152163269696757, 7637815.16124536190182 ], [ 424719.348726897675078, 7637797.958527876064181 ], [ 424689.320894170436077, 7637774.803469544276595 ], [ 424660.677065462979954, 7637750.098131144419312 ], [ 424638.428367927088402, 7637728.87151600793004 ], [ 424616.845318457577378, 7637706.235676766373217 ], [ 424596.059746043756604, 7637682.119514263235033 ], [ 424576.225271680974402, 7637656.449343821033835 ], [ 424556.965898425900377, 7637628.274370040744543 ] ] ] } },
{ "type": "Feature", "properties": { "fid": 649.0, "COMPR_M": 270.27, "CLASSE": "02 - Curta", "CD_FAZ": "400534", "TALHOES": "5", "FAZ_tAL": "400534005", "ID_LINHA": 96576 }, "geometry": { "type": "MultiLineString", "coordinates": [ [ [ 424750.683968902914785, 7637815.841233862563968 ], [ 424721.113720614637714, 7637795.532608609646559 ], [ 424691.217789241229184, 7637772.479236992076039 ], [ 424662.697948666813318, 7637747.880855295807123 ], [ 424640.548998563666828, 7637726.749432129785419 ], [ 424619.066764129558578, 7637704.219359945505857 ], [ 424598.382636739057489, 7637680.220940865576267 ], [ 424578.649464513291605, 7637654.681931268423796 ], [ 424559.90572225098731, 7637627.310967585071921 ] ] ] } },
{ "type": "Feature", "properties": { "fid": 650.0, "COMPR_M": 275.17, "CLASSE": "02 - Curta", "CD_FAZ": "400534", "TALHOES": "5", "FAZ_tAL": "400534005", "ID_LINHA": 96577 }, "geometry": { "type": "MultiLineString", "coordinates": [ [ [ 424758.173046492447611, 7637817.073152118362486 ], [ 424729.011690064333379, 7637797.516017274931073 ], [ 424698.947202982322779, 7637774.86236808821559 ], [ 424670.321830374188721, 7637750.713264212012291 ], [ 424648.124032092979178, 7637730.013973509892821 ], [ 424621.28820980101591, 7637702.20304312184453 ], [ 424600.705527432146482, 7637678.32236747071147 ], [ 424581.073657346540131, 7637652.914518715813756 ], [ 424562.853284714161418, 7637626.345029120333493 ] ] ] } },
{ "type": "Feature", "properties": { "fid": 651.0, "COMPR_M": 284.11, "CLASSE": "02 - Curta", "CD_FAZ": "400534", "TALHOES": "5", "FAZ_tAL": "400534005", "ID_LINHA": 96578 }, "geometry": { "type": "MultiLineString", "coordinates": [ [ [ 424769.132645419449545, 7637820.356383483856916 ], [ 424743.138004396227188, 7637803.659851090982556 ], [ 424712.611722704139538, 7637781.718019731342793 ], [ 424683.574375632277224, 7637758.287458103150129 ], [ 424655.688830652623437, 7637733.14397581294179 ], [ 424628.76028941385448, 7637705.899089632555842 ], [ 424608.065904830698855, 7637682.503727288916707 ], [ 424593.133923517889343, 7637663.978985801339149 ], [ 424583.497850180021487, 7637651.147106163203716 ], [ 424565.804774426564109, 7637625.377803668379784 ] ] ] } },
{ "type": "Feature", "properties": { "fid": 652.0, "COMPR_M": 286.98, "CLASSE": "02 - Curta", "CD_FAZ": "400534", "TALHOES": "5", "FAZ_tAL": "400534005", "ID_LINHA": 96579 }, "geometry": { "type": "MultiLineString", "coordinates": [ [ [ 424774.983507345314138, 7637820.378770936280489 ], [ 424744.818953351699747, 7637801.17495487537235 ], [ 424714.43070430343505, 7637779.332315361127257 ], [ 424685.521216161432676, 7637756.00489947386086 ], [ 424657.759438185254112, 7637730.973058651201427 ], [ 424630.956449926074129, 7637703.855264129117131 ], [ 424610.363411144644488, 7637680.574516527354717 ], [ 424590.681136342929676, 7637655.810418321751058 ], [ 424581.233150234562345, 7637642.851051008328795 ], [ 424568.756264138733968, 7637624.410578213632107 ] ] ] } },
{ "type": "Feature", "properties": { "fid": 653.0, "COMPR_M": 289.91, "CLASSE": "02 - Curta", "CD_FAZ": "400534", "TALHOES": "5", "FAZ_tAL": "400534005", "ID_LINHA": 96580 }, "geometry": { "type": "MultiLineString", "coordinates": [ [ [ 424780.906829903018661, 7637820.401435647159815 ], [ 424752.725506440154277, 7637802.849405432119966 ], [ 424722.182279024855234, 7637781.417869616299868 ], [ 424693.108486265933607, 7637758.480850858613849 ], [ 424665.287523358420003, 7637733.947917468845844 ], [ 424638.400485532300081, 7637707.38104781974107 ], [ 424612.660917459463235, 7637678.645305761136115 ], [ 424593.080073715944309, 7637654.008879326283932 ], [ 424583.68251859472366, 7637641.118691937997937 ], [ 424571.707753850030713, 7637623.443352760747075 ] ] ] } },
{ "type": "Feature", "properties": { "fid": 654.0, "COMPR_M": 292.88, "CLASSE": "02 - Curta", "CD_FAZ": "400534", "TALHOES": "5", "FAZ_tAL": "400534005", "ID_LINHA": 96581 }, "geometry": { "type": "MultiLineString", "coordinates": [ [ [ 424786.886690280283801, 7637820.41950149834156 ], [ 424754.377628358954098, 7637800.345249775797129 ], [ 424723.974471315159462, 7637779.011974761262536 ], [ 424695.030536490259692, 7637756.177378054708242 ], [ 424667.333230280491989, 7637731.753521885722876 ], [ 424640.571410464588553, 7637705.310439608991146 ], [ 424614.958423773758113, 7637676.716094994917512 ], [ 424595.479011087794788, 7637652.207340333610773 ], [ 424586.131886955641676, 7637639.386332866735756 ], [ 424574.659243562375195, 7637622.476127305999398 ] ] ] } },
{ "type": "Feature", "properties": { "fid": 655.0, "COMPR_M": 295.87, "CLASSE": "02 - Curta", "CD_FAZ": "400534", "TALHOES": "5", "FAZ_tAL": "400534005", "ID_LINHA": 96582 }, "geometry": { "type": "MultiLineString", "coordinates": [ [ [ 424792.896567404211964, 7637820.394134349189699 ], [ 424762.255038982839324, 7637801.896648615598679 ], [ 424731.703682919498533, 7637780.977093005552888 ], [ 424702.599159663019236, 7637758.533841690979898 ], [ 424685.815121330902912, 7637744.37446983717382 ], [ 424669.378937201749068, 7637729.559126300737262 ], [ 424642.742335396818817, 7637703.239831394515932 ], [ 424617.255930088984314, 7637674.786884231492877 ], [ 424597.877948462497443, 7637650.405801340006292 ], [ 424577.610733273148071, 7637621.508901851251721 ] ] ] } },
{ "type": "Feature", "properties": { "fid": 657.0, "COMPR_M": 298.78, "CLASSE": "02 - Curta", "CD_FAZ": "400534", "TALHOES": "5", "FAZ_tAL": "400534005", "ID_LINHA": 96583 }, "geometry": { "type": "MultiLineString", "coordinates": [ [ [ 424798.866684155713301, 7637820.296392978169024 ], [ 424782.805495663313195, 7637811.081654261797667 ], [ 424763.877930992224719, 7637799.373450715094805 ], [ 424733.468676638382021, 7637778.551173738203943 ], [ 424704.496054732182529, 7637756.209609139710665 ], [ 424676.844131080957595, 7637732.359924365766346 ], [ 424650.131355849094689, 7637706.573873359709978 ], [ 424624.520838567055762, 7637678.694971982389688 ], [ 424609.791567727108486, 7637660.913754988461733 ], [ 424600.276885834813584, 7637648.604262348264456 ], [ 424580.562222984968685, 7637620.541676397435367 ] ] ] } },
{ "type": "Feature", "properties": { "fid": 659.0, "COMPR_M": 301.67, "CLASSE": "03 - Média", "CD_FAZ": "400534", "TALHOES": "5", "FAZ_tAL": "400534005", "ID_LINHA": 96584 }, "geometry": { "type": "MultiLineString", "coordinates": [ [ [ 424804.831035665702075, 7637820.156360865570605 ], [ 424771.723980798153207, 7637800.801799202337861 ], [ 424741.173394408484455, 7637780.395643320865929 ], [ 424712.04653058690019, 7637758.448321375995874 ], [ 424695.255418817512691, 7637744.592106319963932 ], [ 424678.865014283452183, 7637730.14264851808548 ], [ 424652.277102108229883, 7637704.477186299860477 ], [ 424626.792967700632289, 7637676.735939960926771 ], [ 424612.139835820766166, 7637659.0466577000916 ], [ 424602.675823207304347, 7637646.802723355591297 ], [ 424583.513712696556468, 7637619.574450945481658 ] ] ] } },
{ "type": "Feature", "properties": { "fid": 660.0, "COMPR_M": 29.19, "CLASSE": "01 - Muito curta", "CD_FAZ": "400534", "TALHOES": "5", "FAZ_tAL": "400534005", "ID_LINHA": 96585 }, "geometry": { "type": "MultiLineString", "coordinates": [ [ [ 425355.106849235133268, 7637842.751876328140497 ], [ 425328.046630045922939, 7637853.664039723575115 ] ] ] } },
{ "type": "Feature", "properties": { "fid": 661.0, "COMPR_M": 304.62, "CLASSE": "03 - Média", "CD_FAZ": "400534", "TALHOES": "5", "FAZ_tAL": "400534005", "ID_LINHA": 96586 }, "geometry": { "type": "MultiLineString", "coordinates": [ [ [ 424810.877803260926157, 7637820.009539846330881 ], [ 424779.566471717902459, 7637802.12574359588325 ], [ 424748.879484619654249, 7637782.138973703607917 ], [ 424719.60278722026851, 7637760.589439306408167 ], [ 424702.718737388495356, 7637746.963486837223172 ], [ 424686.290929647104349, 7637732.796640891581774 ], [ 424659.63467429636512, 7637707.650677209720016 ], [ 424634.036283551948145, 7637680.467682788148522 ], [ 424619.288652985356748, 7637663.133780295029283 ], [ 424609.749282952863723, 7637651.135666405782104 ], [ 424595.929360398848075, 7637632.456896586343646 ], [ 424586.465202409250196, 7637618.607225490733981 ] ] ] } },
{ "type": "Feature", "properties": { "fid": 662.0, "COMPR_M": 39.5, "CLASSE": "01 - Muito curta", "CD_FAZ": "400534", "TALHOES": "5", "FAZ_tAL": "400534005", "ID_LINHA": 96587 }, "geometry": { "type": "MultiLineString", "coordinates": [ [ [ 425353.873918868193869, 7637840.016412857919931 ], [ 425336.323261309124064, 7637847.269067647866905 ], [ 425317.132550480018836, 7637854.47403104044497 ] ] ] } },
{ "type": "Feature", "properties": { "fid": 663.0, "COMPR_M": 307.75, "CLASSE": "03 - Média", "CD_FAZ": "400534", "TALHOES": "5", "FAZ_tAL": "400534005", "ID_LINHA": 96588 }, "geometry": { "type": "MultiLineString", "coordinates": [ [ [ 424817.102453310159035, 7637819.895930511876941 ], [ 424800.102677960006986, 7637810.68969595618546 ], [ 424781.129706130072009, 7637799.565155444666743 ], [ 424750.588855613255873, 7637779.673543601296842 ], [ 424721.448148795054294, 7637758.224081784486771 ], [ 424704.640787613869179, 7637744.660014033317566 ], [ 424688.287067057564855, 7637730.557062977924943 ], [ 424661.755304932710715, 7637705.528593329712749 ], [ 424636.28305539151188, 7637678.479622956365347 ], [ 424621.61154367972631, 7637661.235206900164485 ], [ 424612.122905729804188, 7637649.300906493328512 ], [ 424598.378728760173544, 7637630.724537516012788 ], [ 424589.416692121012602, 7637617.640000035986304 ] ] ] } },
{ "type": "Feature", "properties": { "fid": 664.0, "COMPR_M": 50.55, "CLASSE": "01 - Muito curta", "CD_FAZ": "400534", "TALHOES": "5", "FAZ_tAL": "400534005", "ID_LINHA": 96589 }, "geometry": { "type": "MultiLineString", "coordinates": [ [ [ 425352.640988500963431, 7637837.280949391424656 ], [ 425328.427792063041124, 7637847.114411201328039 ], [ 425305.461628508288413, 7637855.344313748180866 ] ] ] } },
{ "type": "Feature", "properties": { "fid": 665.0, "COMPR_M": 311.14, "CLASSE": "03 - Média", "CD_FAZ": "400534", "TALHOES": "5", "FAZ_tAL": "400534005", "ID_LINHA": 96590 }, "geometry": { "type": "MultiLineString", "coordinates": [ [ [ 424823.576786632998846, 7637819.861885603517294 ], [ 424807.954697120352648, 7637811.615417700260878 ], [ 424788.936750781489536, 7637800.765997007489204 ], [ 424758.266544999903999, 7637781.295785155147314 ], [ 424728.982557091163471, 7637760.246680388227105 ], [ 424712.083635012153536, 7637746.912678934633732 ], [ 424695.672469830838963, 7637733.067863263189793 ], [ 424679.607471810479183, 7637718.587148381397128 ], [ 424663.875935570104048, 7637703.406509451568127 ], [ 424638.5298272302025, 7637676.491563126444817 ], [ 424623.934434373863041, 7637659.336633503437042 ], [ 424614.496528506104369, 7637647.466146579012275 ], [ 424605.315585677803028, 7637635.240393185056746 ], [ 424592.37616989586968, 7637616.670156832784414 ] ] ] } },
{ "type": "Feature", "properties": { "fid": 666.0, "COMPR_M": 62.87, "CLASSE": "01 - Muito curta", "CD_FAZ": "400534", "TALHOES": "5", "FAZ_tAL": "400534005", "ID_LINHA": 96591 }, "geometry": { "type": "MultiLineString", "coordinates": [ [ [ 425351.408058132976294, 7637834.545485919341445 ], [ 425320.570220253663138, 7637846.853414149954915 ], [ 425292.515692742774263, 7637856.408836911432445 ] ] ] } },
{ "type": "Feature", "properties": { "fid": 667.0, "COMPR_M": 314.92, "CLASSE": "03 - Média", "CD_FAZ": "400534", "TALHOES": "5", "FAZ_tAL": "400534005", "ID_LINHA": 96592 }, "geometry": { "type": "MultiLineString", "coordinates": [ [ [ 424830.432433594833128, 7637819.960938529111445 ], [ 424796.73467854160117, 7637801.860690371133387 ], [ 424778.09702808840666, 7637790.633749945089221 ], [ 424759.947493955958635, 7637778.810888942331076 ], [ 424730.801538690400776, 7637757.860976013354957 ], [ 424713.980530082248151, 7637744.588446386158466 ], [ 424697.643939530244097, 7637730.806541951373219 ], [ 424681.653178733075038, 7637716.392752796411514 ], [ 424665.996566205809359, 7637701.284425570629537 ], [ 424640.776599067903589, 7637674.503503293730319 ], [ 424616.870151281123981, 7637645.63138666562736 ], [ 424607.739778510993347, 7637633.472980631515384 ], [ 424595.339900509628933, 7637615.698919943533838 ] ] ] } },
{ "type": "Feature", "properties": { "fid": 668.0, "COMPR_M": 76.56, "CLASSE": "01 - Muito curta", "CD_FAZ": "400534", "TALHOES": "5", "FAZ_tAL": "400534005", "ID_LINHA": 96593 }, "geometry": { "type": "MultiLineString", "coordinates": [ [ [ 425350.175127765338402, 7637831.810022450983524 ], [ 425333.018408714793622, 7637838.897641766816378 ], [ 425312.751600067364052, 7637846.487215273082256 ], [ 425278.169875336345285, 7637857.605191262438893 ] ] ] } },
{ "type": "Feature", "properties": { "fid": 669.0, "COMPR_M": 319.17, "CLASSE": "03 - Média", "CD_FAZ": "400534", "TALHOES": "5", "FAZ_tAL": "400534005", "ID_LINHA": 96594 }, "geometry": { "type": "MultiLineString", "coordinates": [ [ [ 424837.73873142641969, 7637820.209364770911634 ], [ 424804.515851611446124, 7637802.845796660520136 ], [ 424785.819409367395565, 7637791.88339098636061 ], [ 424767.5946036943933, 7637780.312004531733692 ], [ 424738.31200963439187, 7637759.764815911650658 ], [ 424721.403193161764648, 7637746.724002295173705 ], [ 424704.989621471730061, 7637733.179313161410391 ], [ 424688.969430294353515, 7637719.056269284337759 ], [ 424673.271029057563283, 7637704.25213123485446 ], [ 424647.945557855069637, 7637678.007241265848279 ], [ 424623.881176296272315, 7637649.71117128431797 ], [ 424610.163971344358288, 7637631.705568076111376 ], [ 424598.30363112204941, 7637614.727683052420616 ] ] ] } },
{ "type": "Feature", "properties": { "fid": 670.0, "COMPR_M": 91.86, "CLASSE": "01 - Muito curta", "CD_FAZ": "400534", "TALHOES": "5", "FAZ_tAL": "400534005", "ID_LINHA": 96595 }, "geometry": { "type": "MultiLineString", "coordinates": [ [ [ 425348.942197398864664, 7637829.074558981694281 ], [ 425325.221908476378303, 7637838.70458819437772 ], [ 425304.972976047953125, 7637846.016939424909651 ], [ 425284.493509124265984, 7637852.607279118150473 ], [ 425262.17657400178723, 7637858.892740961164236 ] ] ] } },
{ "type": "Feature", "properties": { "fid": 671.0, "COMPR_M": 323.96, "CLASSE": "03 - Média", "CD_FAZ": "400534", "TALHOES": "5", "FAZ_tAL": "400534005", "ID_LINHA": 96596 }, "geometry": { "type": "MultiLineString", "coordinates": [ [ [ 424845.559789250022732, 7637820.617443142458797 ], [ 424812.274495808233041, 7637803.719711085781455 ], [ 424793.535192121868022, 7637793.029254065826535 ], [ 424775.238175060541835, 7637781.711065399460495 ], [ 424757.426339583122171, 7637769.811823189258575 ], [ 424740.104201923822984, 7637757.358921055682003 ], [ 424723.274525676213671, 7637744.379138477146626 ], [ 424706.936462002806365, 7637730.896754531189799 ], [ 424690.990313495334703, 7637716.83899343572557 ], [ 424675.36661213694606, 7637702.105311042629182 ], [ 424650.167003525712062, 7637675.990924446843565 ], [ 424626.229444391094148, 7637647.844074000604451 ], [ 424612.58816417795606, 7637629.938155526295304 ], [ 424601.267361733771395, 7637613.756446165032685 ] ] ] } },
{ "type": "Feature", "properties": { "fid": 672.0, "COMPR_M": 101.94, "CLASSE": "02 - Curta", "CD_FAZ": "400534", "TALHOES": "5", "FAZ_tAL": "400534005", "ID_LINHA": 96597 }, "geometry": { "type": "MultiLineString", "coordinates": [ [ [ 425347.709267031517811, 7637826.33909551333636 ], [ 425324.153280612663366, 7637835.90131385717541 ], [ 425297.235384192143101, 7637845.443697965703905 ], [ 425276.784214185609017, 7637851.761575948446989 ], [ 425251.162347201898228, 7637858.578433254733682 ] ] ] } },
{ "type": "Feature", "properties": { "fid": 673.0, "COMPR_M": 329.34, "CLASSE": "03 - Média", "CD_FAZ": "400534", "TALHOES": "5", "FAZ_tAL": "400534005", "ID_LINHA": 96598 }, "geometry": { "type": "MultiLineString", "coordinates": [ [ [ 424853.960899922763929, 7637821.192802309989929 ], [ 424820.009001757774968, 7637804.483312752097845 ], [ 424801.24082004011143, 7637794.06982655916363 ], [ 424782.876813558570575, 7637783.007713001221418 ], [ 424764.990340824297164, 7637771.356200295500457 ], [ 424747.588626379903872, 7637759.143819602206349 ], [ 424730.674956666131038, 7637746.397294171154499 ], [ 424714.251038736896589, 7637733.142650011926889 ], [ 424698.267754102358595, 7637719.359173402190208 ], [ 424682.606728585844394, 7637704.922052722424269 ], [ 424667.29732592322398, 7637689.800376873463392 ], [ 424652.388449196470901, 7637673.974607625044882 ], [ 424628.577712486265227, 7637645.976976716890931 ], [ 424615.012357010506094, 7637628.170742969959974 ], [ 424604.231092347530648, 7637612.785209276713431 ] ] ] } },
{ "type": "Feature", "properties": { "fid": 674.0, "COMPR_M": 100.92, "CLASSE": "02 - Curta", "CD_FAZ": "400534", "TALHOES": "5", "FAZ_tAL": "400534005", "ID_LINHA": 96599 }, "geometry": { "type": "MultiLineString", "coordinates": [ [ [ 425346.476336663239636, 7637823.603632044047117 ], [ 425323.084652752499096, 7637833.098039522767067 ], [ 425296.299665056227241, 7637842.593305202201009 ], [ 425275.949161719530821, 7637848.8800841383636 ], [ 425250.906956822844222, 7637855.551834169775248 ] ] ] } },
{ "type": "Feature", "properties": { "fid": 675.0, "COMPR_M": 335.38, "CLASSE": "03 - Média", "CD_FAZ": "400534", "TALHOES": "5", "FAZ_tAL": "400534005", "ID_LINHA": 96600 }, "geometry": { "type": "MultiLineString", "coordinates": [ [ [ 424862.997832623019349, 7637821.935714715160429 ], [ 424846.835119371186011, 7637814.592677124775946 ], [ 424827.718194498040248, 7637805.137699110433459 ], [ 424808.929025262768846, 7637795.001897366717458 ], [ 424790.509112607047427, 7637784.201626531779766 ], [ 424772.550969445728697, 7637772.799537564627826 ], [ 424755.072485088254325, 7637760.829501659609377 ], [ 424738.07746508566197, 7637748.318158526904881 ], [ 424721.568110362568405, 7637735.291516184806824 ], [ 424705.529818329843692, 7637721.761256694793701 ], [ 424689.836006420315243, 7637707.615170461125672 ], [ 424674.479088753636461, 7637692.796090051531792 ], [ 424659.506536575849168, 7637677.285532585345209 ], [ 424644.970000789733604, 7637661.063683805987239 ], [ 424630.925980580970645, 7637644.109879434108734 ], [ 424617.436549842590466, 7637626.403330417349935 ], [ 424607.194822959951125, 7637611.813972385600209 ] ] ] } },
{ "type": "Feature", "properties": { "fid": 676.0, "COMPR_M": 99.89, "CLASSE": "01 - Muito curta", "CD_FAZ": "400534", "TALHOES": "5", "FAZ_tAL": "400534005", "ID_LINHA": 96601 }, "geometry": { "type": "MultiLineString", "coordinates": [ [ [ 425345.243406296125613, 7637820.868168572895229 ], [ 425322.016024888551328, 7637830.294765185564756 ], [ 425295.363945920486003, 7637839.742912435904145 ], [ 425275.114109252230264, 7637845.99859232828021 ], [ 425250.651566446409561, 7637852.525235084816813 ] ] ] } },
{ "type": "Feature", "properties": { "fid": 677.0, "COMPR_M": 342.1, "CLASSE": "03 - Média", "CD_FAZ": "400534", "TALHOES": "5", "FAZ_tAL": "400534005", "ID_LINHA": 96602 }, "geometry": { "type": "MultiLineString", "coordinates": [ [ [ 424872.720659054932185, 7637822.841430851258337 ], [ 424854.527171383611858, 7637814.86529641225934 ], [ 424835.400908568757586, 7637805.683945023454726 ], [ 424816.594294496346265, 7637795.824004471302032 ], [ 424798.133633459568955, 7637785.292511124163866 ], [ 424780.106851089687552, 7637774.141471695154905 ], [ 424762.554452561831567, 7637762.415532879531384 ], [ 424745.48077879397897, 7637750.141236487776041 ], [ 424723.465005432255566, 7637732.967283634468913 ], [ 424707.501288028550334, 7637719.499935377389193 ], [ 424691.881713342969306, 7637705.420774877071381 ], [ 424676.599719390855171, 7637690.674006170593202 ], [ 424661.702697086846456, 7637675.24170707911253 ], [ 424647.242129925230984, 7637659.104651786386967 ], [ 424633.274248677364085, 7637642.242782149463892 ], [ 424619.860742676188238, 7637624.63591786660254 ], [ 424610.158553576213308, 7637610.84273549541831 ] ] ] } },
{ "type": "Feature", "properties": { "fid": 678.0, "COMPR_M": 98.87, "CLASSE": "01 - Muito curta", "CD_FAZ": "400534", "TALHOES": "5", "FAZ_tAL": "400534005", "ID_LINHA": 96603 }, "geometry": { "type": "MultiLineString", "coordinates": [ [ [ 425344.010475927498192, 7637818.132705103605986 ], [ 425320.947397027513944, 7637827.491490849293768 ], [ 425301.096625276317354, 7637834.660053266212344 ], [ 425274.279056785569992, 7637843.117100516334176 ], [ 425250.396176068519708, 7637849.498636001721025 ] ] ] } },
{ "type": "Feature", "properties": { "fid": 679.0, "COMPR_M": 349.73, "CLASSE": "03 - Média", "CD_FAZ": "400534", "TALHOES": "5", "FAZ_tAL": "400534005", "ID_LINHA": 96604 }, "geometry": { "type": "MultiLineString", "coordinates": [ [ [ 424883.335796440718696, 7637823.94361580722034 ], [ 424862.188542831398081, 7637815.03268273640424 ], [ 424843.055986354302149, 7637806.123103315010667 ], [ 424824.235042717889883, 7637796.537030074745417 ], [ 424805.746961539727636, 7637786.278962751850486 ], [ 424787.656599026871845, 7637775.381676056422293 ], [ 424770.033187691820785, 7637763.901511648669839 ], [ 424752.883607532596216, 7637751.866061802953482 ], [ 424730.759855736221652, 7637734.99968321248889 ], [ 424709.472757729119621, 7637717.238614065572619 ], [ 424693.9274202635861, 7637703.226379290223122 ], [ 424678.720350027724635, 7637688.551922293379903 ], [ 424663.898857597843744, 7637673.197881577536464 ], [ 424649.514259061135817, 7637657.14561976864934 ], [ 424635.622516770788934, 7637640.375684866681695 ], [ 424622.28493550879648, 7637622.868505311198533 ], [ 424613.122284187935293, 7637609.871498605236411 ] ] ] } },
{ "type": "Feature", "properties": { "fid": 680.0, "COMPR_M": 97.85, "CLASSE": "01 - Muito curta", "CD_FAZ": "400534", "TALHOES": "5", "FAZ_tAL": "400534005", "ID_LINHA": 96605 }, "geometry": { "type": "MultiLineString", "coordinates": [ [ [ 425342.777545561257284, 7637815.39724163711071 ], [ 425319.878769165370613, 7637824.688216511160135 ], [ 425300.12753758369945, 7637831.820831727236509 ], [ 425273.444004318327643, 7637840.235608708113432 ], [ 425250.140785689989571, 7637846.47203691676259 ] ] ] } },
{ "type": "Feature", "properties": { "fid": 682.0, "COMPR_M": 358.53, "CLASSE": "03 - Média", "CD_FAZ": "400534", "TALHOES": "5", "FAZ_tAL": "400534005", "ID_LINHA": 96606 }, "geometry": { "type": "MultiLineString", "coordinates": [ [ [ 424895.11441530106822, 7637825.305414153262973 ], [ 424869.818096806644462, 7637815.095814412459731 ], [ 424850.682276506733615, 7637806.456205431371927 ], [ 424831.850094196503051, 7637797.142061330378056 ], [ 424813.342198914673645, 7637787.157998073846102 ], [ 424795.198815843730699, 7637776.519862071610987 ], [ 424777.507335196831264, 7637765.287070598453283 ], [ 424760.284644093015231, 7637753.492198536172509 ], [ 424738.056402963004075, 7637736.935864079743624 ], [ 424716.670664656267036, 7637719.483961377292871 ], [ 424701.094729506992735, 7637705.752614201977849 ], [ 424685.844527538865805, 7637691.371210093609989 ], [ 424670.964359508070629, 7637676.321924620307982 ], [ 424656.504001941881143, 7637660.587084481492639 ], [ 424642.517559926491231, 7637644.148046328686178 ], [ 424629.064134310232475, 7637626.985794434323907 ], [ 424616.086014800937846, 7637608.900261715054512 ] ] ] } },
{ "type": "Feature", "properties": { "fid": 683.0, "COMPR_M": 105.9, "CLASSE": "02 - Curta", "CD_FAZ": "400534", "TALHOES": "5", "FAZ_tAL": "400534005", "ID_LINHA": 96607 }, "geometry": { "type": "MultiLineString", "coordinates": [ [ [ 425341.54461519344477, 7637812.661778166890144 ], [ 425318.810141303518321, 7637821.884942176751792 ], [ 425292.556788512971252, 7637831.191734140738845 ], [ 425265.914510408067144, 7637839.251799967139959 ], [ 425241.069737510115374, 7637845.55658296495676 ] ] ] } },
{ "type": "Feature", "properties": { "fid": 685.0, "COMPR_M": 369.12, "CLASSE": "03 - Média", "CD_FAZ": "400534", "TALHOES": "5", "FAZ_tAL": "400534005", "ID_LINHA": 96608 }, "geometry": { "type": "MultiLineString", "coordinates": [ [ [ 424908.654094393306877, 7637827.049018977209926 ], [ 424883.855654589948244, 7637817.695654305629432 ], [ 424864.625455039204098, 7637809.549737124703825 ], [ 424839.438282029412221, 7637797.640163360163569 ], [ 424820.914093182713259, 7637787.92829785682261 ], [ 424802.732074797328096, 7637777.555768182501197 ], [ 424784.975527119357139, 7637766.571877986192703 ], [ 424767.682565538503695, 7637755.019242569804192 ], [ 424745.353391479875427, 7637738.775341040454805 ], [ 424729.155690641724505, 7637725.994585979729891 ], [ 424708.248441147792619, 7637708.161283824592829 ], [ 424687.94011061755009, 7637689.224389904178679 ], [ 424673.13528443913674, 7637674.251316404901445 ], [ 424658.750773780164309, 7637658.599024649709463 ], [ 424644.840450621210039, 7637642.249472932890058 ], [ 424631.463071682723239, 7637625.184255442582071 ], [ 424619.059337816026527, 7637607.92588132340461 ] ] ] } },
{ "type": "Feature", "properties": { "fid": 686.0, "COMPR_M": 122.0, "CLASSE": "02 - Curta", "CD_FAZ": "400534", "TALHOES": "5", "FAZ_tAL": "400534005", "ID_LINHA": 96609 }, "geometry": { "type": "MultiLineString", "coordinates": [ [ [ 425340.31168482551584, 7637809.926314698532224 ], [ 425311.250337254488841, 7637821.51243908982724 ], [ 425285.028568325797096, 7637830.462785284034908 ], [ 425251.72889272402972, 7637839.902583388611674 ], [ 425224.082925587077625, 7637846.172026259824634 ] ] ] } },
{ "type": "Feature", "properties": { "fid": 687.0, "COMPR_M": 70.5, "CLASSE": "01 - Muito curta", "CD_FAZ": "400534", "TALHOES": "5", "FAZ_tAL": "400534005", "ID_LINHA": 96610 }, "geometry": { "type": "MultiLineString", "coordinates": [ [ [ 425190.742045941355173, 7637851.926179092377424 ], [ 425156.286784260766581, 7637855.843195891007781 ], [ 425120.543214893434197, 7637857.760296938940883 ] ] ] } },
{ "type": "Feature", "properties": { "fid": 688.0, "COMPR_M": 382.41, "CLASSE": "03 - Média", "CD_FAZ": "400534", "TALHOES": "5", "FAZ_tAL": "400534005", "ID_LINHA": 96611 }, "geometry": { "type": "MultiLineString", "coordinates": [ [ [ 424924.870654840022326, 7637829.351844697259367 ], [ 424904.378617159381974, 7637822.340917258523405 ], [ 424884.977209248871077, 7637814.913133468478918 ], [ 424859.529119534883648, 7637803.957250723615289 ], [ 424840.784073182265274, 7637794.958902806043625 ], [ 424816.284314681775868, 7637781.928731877356768 ], [ 424798.325284670107067, 7637771.398685766384006 ], [ 424780.811579030705616, 7637760.2787592895329 ], [ 424758.178588686103467, 7637744.588303996250033 ], [ 424741.74712611164432, 7637732.205149035900831 ], [ 424720.564345719758421, 7637714.918844113126397 ], [ 424700.064541029976681, 7637696.643192539922893 ], [ 424685.08224193751812, 7637682.185670653358102 ], [ 424665.717123225622345, 7637661.876706697046757 ], [ 424651.718524812429678, 7637645.848722772672772 ], [ 424638.232756270444952, 7637629.118547443300486 ], [ 424622.035864446253981, 7637606.950451082549989 ] ] ] } },
{ "type": "Feature", "properties": { "fid": 689.0, "COMPR_M": 141.7, "CLASSE": "02 - Curta", "CD_FAZ": "400534", "TALHOES": "5", "FAZ_tAL": "400534005", "ID_LINHA": 96612 }, "geometry": { "type": "MultiLineString", "coordinates": [ [ [ 425339.07875445933314, 7637807.190851226449013 ], [ 425323.103850928368047, 7637813.783364117145538 ], [ 425303.730339267814998, 7637821.038403522223234 ], [ 425270.938846916717011, 7637831.591133276931942 ], [ 425237.602915129158646, 7637840.204962633550167 ], [ 425203.465517514443491, 7637846.919008423574269 ] ] ] } },
{ "type": "Feature", "properties": { "fid": 690.0, "COMPR_M": 103.49, "CLASSE": "02 - Curta", "CD_FAZ": "400534", "TALHOES": "5", "FAZ_tAL": "400534005", "ID_LINHA": 96613 }, "geometry": { "type": "MultiLineString", "coordinates": [ [ [ 425190.519364692037925, 7637848.926210490055382 ], [ 425169.744856136036105, 7637851.538465255871415 ], [ 425142.293036636721808, 7637853.848932029679418 ], [ 425114.74742431321647, 7637854.873291995376348 ], [ 425087.351290838560089, 7637854.611614428460598 ] ] ] } },
{ "type": "Feature", "properties": { "fid": 691.0, "COMPR_M": 399.94, "CLASSE": "03 - Média", "CD_FAZ": "400534", "TALHOES": "5", "FAZ_tAL": "400534005", "ID_LINHA": 96614 }, "geometry": { "type": "MultiLineString", "coordinates": [ [ [ 424945.292344304092694, 7637832.409661108627915 ], [ 424924.949695497052744, 7637826.229520363733172 ], [ 424898.939152082195505, 7637817.132674553431571 ], [ 424873.376971241668798, 7637806.8291836977005 ], [ 424854.529433643736411, 7637798.319733737036586 ], [ 424829.869763998547569, 7637785.941986504942179 ], [ 424811.755150204524398, 7637775.891144340857863 ], [ 424788.221311139175668, 7637761.525482185184956 ], [ 424765.496803097194061, 7637746.154895415529609 ], [ 424743.592487685615197, 7637729.83979151211679 ], [ 424722.511186250310857, 7637712.636285480111837 ], [ 424702.110247950709891, 7637694.448796955868602 ], [ 424687.202872575609945, 7637680.063586773350835 ], [ 424667.938568896381184, 7637659.860389876179397 ], [ 424654.01603112736484, 7637643.91951200645417 ], [ 424640.606379046337679, 7637627.283787529915571 ], [ 424625.012391078460496, 7637605.975020840764046 ] ] ] } },
{ "type": "Feature", "properties": { "fid": 692.0, "COMPR_M": 304.15, "CLASSE": "03 - Média", "CD_FAZ": "400534", "TALHOES": "5", "FAZ_tAL": "400534005", "ID_LINHA": 96615 }, "geometry": { "type": "MultiLineString", "coordinates": [ [ [ 425337.845824090938549, 7637804.455387759953737 ], [ 425322.00223339634249, 7637810.992888821288943 ], [ 425302.727976957219653, 7637818.210757772438228 ], [ 425283.224054412450641, 7637824.740463726222515 ], [ 425263.510579553199932, 7637830.57862970046699 ], [ 425230.249600863782689, 7637838.760146237909794 ], [ 425210.092557981144637, 7637842.732431080192327 ], [ 425189.810629225044977, 7637845.998729065991938 ], [ 425169.423565962119028, 7637848.555668225511909 ], [ 425148.951076497207396, 7637850.399205448105931 ], [ 425114.706202839210164, 7637851.873523831367493 ], [ 425080.453226921730675, 7637851.342894362285733 ], [ 425059.942009101738222, 7637850.065007112920284 ], [ 425040.36870686057955, 7637848.165575385093689 ] ] ] } },
{ "type": "Feature", "properties": { "fid": 693.0, "COMPR_M": 428.62, "CLASSE": "03 - Média", "CD_FAZ": "400534", "TALHOES": "5", "FAZ_tAL": "400534005", "ID_LINHA": 96616 }, "geometry": { "type": "MultiLineString", "coordinates": [ [ [ 424976.740790845593438, 7637837.346737300977111 ], [ 424952.130614721449092, 7637831.204396929591894 ], [ 424925.873714410525281, 7637823.375313775613904 ], [ 424899.995414292206988, 7637814.32471854891628 ], [ 424874.563262721465435, 7637804.073640124872327 ], [ 424849.626753298798576, 7637792.63856422714889 ], [ 424825.233891872572713, 7637780.032591245137155 ], [ 424807.330516137706582, 7637769.819025240838528 ], [ 424784.115822865045629, 7637755.270447975955904 ], [ 424761.708576121949591, 7637739.736465463414788 ], [ 424740.116518311493564, 7637723.275364132598042 ], [ 424719.330106228357181, 7637705.932007493451238 ], [ 424699.171588853991125, 7637687.554715432226658 ], [ 424679.648059234721586, 7637668.039491767063737 ], [ 424660.874904742697254, 7637647.350459672510624 ], [ 424642.980001822987106, 7637625.449027616530657 ], [ 424627.98891770944465, 7637604.999590598978102 ] ] ] } },
{ "type": "Feature", "properties": { "fid": 694.0, "COMPR_M": 792.3, "CLASSE": "04 - Longa", "CD_FAZ": "400534", "TALHOES": "5", "FAZ_tAL": "400534005", "ID_LINHA": 96617 }, "geometry": { "type": "MultiLineString", "coordinates": [ [ [ 425336.612893723649904, 7637801.719924289733171 ], [ 425314.535629853839055, 7637810.671844832599163 ], [ 425288.813911969831679, 7637819.790163076482713 ], [ 425269.268741982523352, 7637825.828149657696486 ], [ 425242.908881350362208, 7637832.803758258000016 ], [ 425216.263511954573914, 7637838.539865473285317 ], [ 425189.385381196509115, 7637843.028970044106245 ], [ 425162.321422250068281, 7637846.263326991349459 ], [ 425141.929649783414789, 7637847.859843404963613 ], [ 425121.483999117976055, 7637848.740134125575423 ], [ 425094.21195470035309, 7637848.795936186797917 ], [ 425066.978020587586798, 7637847.577706077136099 ], [ 425046.605756959877908, 7637845.829932635650039 ], [ 425026.301431002910249, 7637843.368206462822855 ], [ 424999.392190828162711, 7637838.981766900978982 ], [ 424972.729087253741454, 7637833.34739151969552 ], [ 424946.357586031546816, 7637826.477586198598146 ], [ 424920.323289925814606, 7637818.38327369838953 ], [ 424894.68245242908597, 7637809.078325526788831 ], [ 424869.499279455863871, 7637798.583845894783735 ], [ 424850.940906687756069, 7637789.941656407900155 ], [ 424826.673824768629856, 7637777.400689039379358 ], [ 424808.863329916901421, 7637767.24011092633009 ], [ 424791.467095158412121, 7637756.479086382314563 ], [ 424768.971575767092872, 7637741.263360001146793 ], [ 424747.283210834953934, 7637725.109076468273997 ], [ 424726.404867311066482, 7637708.071168221533298 ], [ 424706.201661795843393, 7637690.060005789622664 ], [ 424691.444133849407081, 7637675.819419013336301 ], [ 424672.381460238713771, 7637655.827756229788065 ], [ 424658.611043756594881, 7637640.0610904796049 ], [ 424645.353624598297756, 7637623.614267701283097 ], [ 424630.965444341825787, 7637604.024160358123481 ] ] ] } },
{ "type": "Feature", "properties": { "fid": 695.0, "COMPR_M": 787.24, "CLASSE": "04 - Longa", "CD_FAZ": "400534", "TALHOES": "5", "FAZ_tAL": "400534005", "ID_LINHA": 96618 }, "geometry": { "type": "MultiLineString", "coordinates": [ [ [ 425335.379963356186636, 7637798.984460823237896 ], [ 425313.46700199181214, 7637807.868570495396852 ], [ 425287.878192834090441, 7637816.939770311117172 ], [ 425268.433689515455626, 7637822.946657844819129 ], [ 425242.209331792837474, 7637829.88640729803592 ], [ 425215.700596773589496, 7637835.59309926442802 ], [ 425188.960133168264292, 7637840.05921102501452 ], [ 425162.034923951956443, 7637843.276987303979695 ], [ 425141.747956358536612, 7637844.86529909260571 ], [ 425121.407656625844538, 7637845.74105417355895 ], [ 425094.275972498988267, 7637845.796568098478019 ], [ 425067.182048247661442, 7637844.584600735455751 ], [ 425046.914542332175188, 7637842.84581483900547 ], [ 425026.714734903071076, 7637840.396760987117887 ], [ 424999.943870269227773, 7637836.032876273617148 ], [ 424973.417560661095195, 7637830.427407028153539 ], [ 424947.181259593111463, 7637823.592821546830237 ], [ 424921.280554171768017, 7637815.540044578723609 ], [ 424895.771431296481751, 7637806.282894991338253 ], [ 424870.717735559272114, 7637795.842373088002205 ], [ 424852.255060075782239, 7637787.244748588651419 ], [ 424828.113757664221339, 7637774.768786834552884 ], [ 424810.396143696794752, 7637764.661196614615619 ], [ 424793.089987168204971, 7637753.955888479016721 ], [ 424770.708962101431098, 7637738.817592291161418 ], [ 424749.128572408924811, 7637722.743718946352601 ], [ 424728.351707843248732, 7637705.788609590381384 ], [ 424708.247368716925848, 7637687.865610204637051 ], [ 424693.564764485054184, 7637673.697335135191679 ], [ 424674.602905909763649, 7637653.811439409852028 ], [ 424660.908550071471836, 7637638.131879715248942 ], [ 424647.727247374947183, 7637621.779507789760828 ], [ 424633.941970971005503, 7637603.048730116337538 ] ] ] } },
{ "type": "Feature", "properties": { "fid": 696.0, "COMPR_M": 782.18, "CLASSE": "04 - Longa", "CD_FAZ": "400534", "TALHOES": "5", "FAZ_tAL": "400534005", "ID_LINHA": 96619 }, "geometry": { "type": "MultiLineString", "coordinates": [ [ [ 425334.147032987209968, 7637796.248997351154685 ], [ 425312.398374130774755, 7637805.065296159125865 ], [ 425286.942473698582035, 7637814.089377545751631 ], [ 425267.598637048446108, 7637820.065166037529707 ], [ 425241.509782235138118, 7637826.969056341797113 ], [ 425221.754180316231214, 7637831.342455179430544 ], [ 425195.204634574824013, 7637836.094766046851873 ], [ 425168.459695441590156, 7637839.607277136296034 ], [ 425148.300974398269318, 7637841.422561684623361 ], [ 425128.079443784605246, 7637842.530643501318991 ], [ 425101.086143074848223, 7637842.901760745793581 ], [ 425080.855432728712913, 7637842.351732444018126 ], [ 425053.937763616559096, 7637840.516842605546117 ], [ 425027.12803880154388, 7637837.425315509550273 ], [ 425007.132684256648645, 7637834.285642805509269 ], [ 424980.678145416779444, 7637829.016659870743752 ], [ 424954.500685476581566, 7637822.521913976408541 ], [ 424928.645771150942892, 7637814.812694011256099 ], [ 424903.1642009151401, 7637805.900850536301732 ], [ 424878.122137156431563, 7637795.807009411975741 ], [ 424859.65897649130784, 7637787.471104817464948 ], [ 424835.504485278681386, 7637775.346942935138941 ], [ 424817.763338869379368, 7637765.503325931727886 ], [ 424800.402693610754795, 7637755.045577544718981 ], [ 424777.93879149609711, 7637740.226661948487163 ], [ 424761.610509401245508, 7637728.488182783126831 ], [ 424740.537061062408611, 7637712.049190680496395 ], [ 424720.225265602348372, 7637694.723816333338618 ], [ 424700.513609100424219, 7637676.343468764796853 ], [ 424681.468141690595075, 7637656.847277550026774 ], [ 424667.69129215029534, 7637641.473363611847162 ], [ 424650.100870152295101, 7637619.944747876375914 ], [ 424636.918497604201548, 7637602.073299875482917 ] ] ] } },
{ "type": "Feature", "properties": { "fid": 697.0, "COMPR_M": 777.12, "CLASSE": "04 - Longa", "CD_FAZ": "400534", "TALHOES": "5", "FAZ_tAL": "400534005", "ID_LINHA": 96620 }, "geometry": { "type": "MultiLineString", "coordinates": [ [ [ 425332.914102620678023, 7637793.513533879071474 ], [ 425311.329746266594157, 7637802.262021820992231 ], [ 425286.006754563248251, 7637811.238984781317413 ], [ 425266.763584580156021, 7637817.183674227446318 ], [ 425240.810232677205931, 7637824.051705381833017 ], [ 425221.157011439208873, 7637828.402439162135124 ], [ 425194.744870352325961, 7637833.130154557526112 ], [ 425168.13840526714921, 7637836.624480109661818 ], [ 425148.084273698274046, 7637838.430347096174955 ], [ 425127.967962017166428, 7637839.532664002850652 ], [ 425101.115102327195928, 7637839.901849271729589 ], [ 425080.989501330070198, 7637839.35467847250402 ], [ 425054.211654569022357, 7637837.529320066794753 ], [ 425027.541342702344991, 7637834.453870033845305 ], [ 425007.649917187634856, 7637831.330515615642071 ], [ 424981.332569373596925, 7637826.088856175541878 ], [ 424955.290709061664529, 7637819.627752991393209 ], [ 424929.569790065113921, 7637811.958487421274185 ], [ 424904.220463123230729, 7637803.092894529923797 ], [ 424879.308428636461031, 7637793.051465837284923 ], [ 424860.941362202866003, 7637784.758947586640716 ], [ 424836.913165598700289, 7637772.698182043619454 ], [ 424819.265386035491247, 7637762.906371328979731 ], [ 424801.995955433696508, 7637752.503565229475498 ], [ 424779.648162489407696, 7637737.761231848038733 ], [ 424763.402701690210961, 7637726.082287927158177 ], [ 424742.433956132503226, 7637709.724958129227161 ], [ 424722.22140301077161, 7637692.484238419681787 ], [ 424702.609192180738319, 7637674.196648576296866 ], [ 424683.664302201534156, 7637654.803452048450708 ], [ 424669.963421286083758, 7637639.514331594109535 ], [ 424652.47449292766396, 7637618.109987961128354 ], [ 424639.895024232799187, 7637601.097869633696973 ] ] ] } },
{ "type": "Feature", "properties": { "fid": 698.0, "COMPR_M": 772.06, "CLASSE": "04 - Longa", "CD_FAZ": "400534", "TALHOES": "5", "FAZ_tAL": "400534005", "ID_LINHA": 96621 }, "geometry": { "type": "MultiLineString", "coordinates": [ [ [ 425331.681172253214754, 7637790.778070412576199 ], [ 425310.26111840410158, 7637799.458747484721243 ], [ 425285.071035426692106, 7637808.388592015951872 ], [ 425265.92853211320471, 7637814.302182416431606 ], [ 425240.110683119040914, 7637821.134354423731565 ], [ 425220.55984256323427, 7637825.462423142977059 ], [ 425194.28510612907121, 7637830.165543070994318 ], [ 425167.817115093581378, 7637833.641683074645698 ], [ 425147.867572995775845, 7637835.438132508657873 ], [ 425127.856480249669403, 7637836.53468450717628 ], [ 425101.144061580183916, 7637836.901937799528241 ], [ 425081.123569934861735, 7637836.357624502852559 ], [ 425054.485545521194581, 7637834.541797525249422 ], [ 425027.954646602738649, 7637831.482424553483725 ], [ 425008.167150117864367, 7637828.37538843229413 ], [ 424981.986993330239784, 7637823.161052478477359 ], [ 424956.080732647096738, 7637816.733592005446553 ], [ 424930.493808977655135, 7637809.104280835017562 ], [ 424905.276725331670605, 7637800.284938527271152 ], [ 424880.494720114511438, 7637790.295922266319394 ], [ 424862.223747915355489, 7637782.046790356747806 ], [ 424838.321845918602776, 7637770.049421148374677 ], [ 424820.767433201777749, 7637760.30941672436893 ], [ 424803.589217257569544, 7637749.961552916094661 ], [ 424781.357533482136205, 7637735.295801745727658 ], [ 424765.194893981155474, 7637723.676393069326878 ], [ 424744.330851202073973, 7637707.400725577026606 ], [ 424724.217540420359001, 7637690.244660503230989 ], [ 424704.704775261285249, 7637672.049828385002911 ], [ 424685.860462713928428, 7637652.759626545011997 ], [ 424672.235550421697553, 7637637.555299574509263 ], [ 424659.105197720462456, 7637621.704712027683854 ], [ 424642.881773431668989, 7637600.119089379906654 ] ] ] } },
{ "type": "Feature", "properties": { "fid": 699.0, "COMPR_M": 767.0, "CLASSE": "04 - Longa", "CD_FAZ": "400534", "TALHOES": "5", "FAZ_tAL": "400534005", "ID_LINHA": 96622 }, "geometry": { "type": "MultiLineString", "coordinates": [ [ [ 425330.448241884936579, 7637788.042606942355633 ], [ 425309.192490542365704, 7637796.655473150312901 ], [ 425284.135316291707568, 7637805.538199249655008 ], [ 425265.093479647010099, 7637811.420690606348217 ], [ 425239.411133560701273, 7637818.217003464698792 ], [ 425219.962673687026836, 7637822.522407128475606 ], [ 425193.825341906223912, 7637827.200931587256491 ], [ 425167.495824918907601, 7637830.658886048942804 ], [ 425147.65087229735218, 7637832.44591792114079 ], [ 425127.744998483511154, 7637833.536705007776618 ], [ 425101.173020833637565, 7637833.902026326395571 ], [ 425081.257638535811566, 7637833.360570528544486 ], [ 425054.75943647348322, 7637831.554274985566735 ], [ 425028.367950501444284, 7637828.510979077778757 ], [ 425008.684383046755102, 7637825.420261243358254 ], [ 424982.641417286009528, 7637820.233248783275485 ], [ 424956.870756231481209, 7637813.839431022293866 ], [ 424931.417827891826164, 7637806.250074245035648 ], [ 424906.33298753912095, 7637797.476982519961894 ], [ 424881.681011592620052, 7637787.54037869349122 ], [ 424863.50613362545846, 7637779.334633125923574 ], [ 424839.730526237864979, 7637767.400660257786512 ], [ 424822.269480368355289, 7637757.712462122552097 ], [ 424805.182479080569465, 7637747.419540598988533 ], [ 424783.066904474399053, 7637732.830371641553938 ], [ 424766.98708627076121, 7637721.270498214289546 ], [ 424746.227746272285003, 7637705.076493029482663 ], [ 424726.213677829713561, 7637688.005082588642836 ], [ 424706.800358340842649, 7637669.903008194640279 ], [ 424688.056623224518262, 7637650.715801043435931 ], [ 424674.507679558359087, 7637635.596267554908991 ], [ 424661.453465816448443, 7637619.837614743039012 ], [ 424645.871632628783118, 7637599.139289954677224 ] ] ] } },
{ "type": "Feature", "properties": { "fid": 700.0, "COMPR_M": 761.93, "CLASSE": "04 - Longa", "CD_FAZ": "400534", "TALHOES": "5", "FAZ_tAL": "400534005", "ID_LINHA": 96623 }, "geometry": { "type": "MultiLineString", "coordinates": [ [ [ 425329.215311518404633, 7637785.307143473997712 ], [ 425308.123862679698505, 7637793.852198814973235 ], [ 425283.199597156257369, 7637802.687806483358145 ], [ 425264.258427179476712, 7637808.539198795333505 ], [ 425238.711584004107863, 7637815.299652504734695 ], [ 425219.365504810644779, 7637819.582391110248864 ], [ 425193.365577683260199, 7637824.236320102587342 ], [ 425167.174534743768163, 7637827.67608901578933 ], [ 425147.434171597589739, 7637829.45370333828032 ], [ 425127.633516716014128, 7637830.538725509308279 ], [ 425101.201980085577816, 7637830.902114853262901 ], [ 425081.391707138856873, 7637830.363516556099057 ], [ 425055.033327425364405, 7637828.566752446815372 ], [ 425028.781254401779734, 7637825.539533601142466 ], [ 425009.201615978206974, 7637822.465134054422379 ], [ 424983.295841241604649, 7637817.305445085279644 ], [ 424957.660779816797003, 7637810.945270035415888 ], [ 424932.341846804367378, 7637803.39586765691638 ], [ 424907.389249747619033, 7637794.669026516377926 ], [ 424882.867303071368951, 7637784.784835123457015 ], [ 424864.788519339170307, 7637776.622475895099342 ], [ 424841.139206558349542, 7637764.751899363473058 ], [ 424823.771527535805944, 7637755.115507520735264 ], [ 424806.775740903220139, 7637744.877528285607696 ], [ 424784.776275466778316, 7637730.364941537380219 ], [ 424768.77927856030874, 7637718.864603357389569 ], [ 424748.124641341913957, 7637702.752260476350784 ], [ 424728.209815238253213, 7637685.76550467312336 ], [ 424708.895941422088072, 7637667.756188005208969 ], [ 424690.252783735224511, 7637648.671975538134575 ], [ 424676.779808694147505, 7637633.637235537171364 ], [ 424663.801733910804614, 7637617.970517460256815 ], [ 424648.861491825198755, 7637598.159490533173084 ] ] ] } },
{ "type": "Feature", "properties": { "fid": 701.0, "COMPR_M": 756.87, "CLASSE": "04 - Longa", "CD_FAZ": "400534", "TALHOES": "5", "FAZ_tAL": "400534005", "ID_LINHA": 96624 }, "geometry": { "type": "MultiLineString", "coordinates": [ [ [ 425327.98238115105778, 7637782.571680006571114 ], [ 425307.055234817205928, 7637791.048924475908279 ], [ 425282.263878019643016, 7637799.837413717061281 ], [ 425263.423374712001532, 7637805.657706985250115 ], [ 425238.012034444662277, 7637812.382301549427211 ], [ 425218.768335935310461, 7637816.642375094816089 ], [ 425192.905813461402431, 7637821.271708615124226 ], [ 425166.853244570782408, 7637824.693291988223791 ], [ 425147.217470897303429, 7637826.461488746106625 ], [ 425127.522034949157387, 7637827.540746009908617 ], [ 425101.230939338740427, 7637827.902203379198909 ], [ 425081.52577574190218, 7637827.366462582722306 ], [ 425055.307218377420213, 7637825.579229908064008 ], [ 425029.19455830170773, 7637822.568088124506176 ], [ 425009.718848909658846, 7637819.510006867349148 ], [ 424983.950265196966939, 7637814.377641387283802 ], [ 424958.450803401065059, 7637808.051109051331878 ], [ 424933.265865717956331, 7637800.541661070659757 ], [ 424908.445511955127586, 7637791.86107051 ], [ 424884.053594550234266, 7637782.029291551560163 ], [ 424866.070905050612055, 7637773.91031866427511 ], [ 424842.547886878077406, 7637762.103138471953571 ], [ 424825.273574700928293, 7637752.518552916124463 ], [ 424808.369002726278268, 7637742.335515970364213 ], [ 424786.485646461253054, 7637727.899511436000466 ], [ 424770.571470850380138, 7637716.458708502352238 ], [ 424750.021536412241403, 7637700.428027926012874 ], [ 424730.205952647316735, 7637683.525926756672561 ], [ 424710.991524502285756, 7637665.609367815777659 ], [ 424692.448944248666521, 7637646.628150035627186 ], [ 424679.051937829703093, 7637631.678203516639769 ], [ 424666.150002005393617, 7637616.10342017468065 ], [ 424651.85135102039203, 7637597.179691109806299 ] ] ] } },
{ "type": "Feature", "properties": { "fid": 702.0, "COMPR_M": 751.8, "CLASSE": "04 - Longa", "CD_FAZ": "400534", "TALHOES": "5", "FAZ_tAL": "400534005", "ID_LINHA": 96625 }, "geometry": { "type": "MultiLineString", "coordinates": [ [ [ 425326.749450782837812, 7637779.836216537281871 ], [ 425305.986606954946183, 7637788.245650142431259 ], [ 425281.328158883785363, 7637796.987020952627063 ], [ 425262.588322245283052, 7637802.776215175166726 ], [ 425237.312484887603205, 7637809.464950592257082 ], [ 425218.171167058404535, 7637813.702359076589346 ], [ 425192.44604923739098, 7637818.307097131386399 ], [ 425166.531954396748915, 7637821.710494956932962 ], [ 425147.000770197133534, 7637823.469274158589542 ], [ 425127.410553181660362, 7637824.542766513302922 ], [ 425101.259898591146339, 7637824.902291907928884 ], [ 425081.659844344481826, 7637824.369408612139523 ], [ 425055.58110933098942, 7637822.591707369312644 ], [ 425029.607862201984972, 7637819.59664264600724 ], [ 425010.236081839015242, 7637816.554879680275917 ], [ 424984.604689154191874, 7637811.449837692081928 ], [ 424959.240826986962929, 7637805.156948067247868 ], [ 424934.189884631836321, 7637797.687454480677843 ], [ 424909.501774163625669, 7637789.053114507347345 ], [ 424885.239886027178727, 7637779.27374797873199 ], [ 424867.35329076286871, 7637771.1981614343822 ], [ 424843.956567199027631, 7637759.454377578571439 ], [ 424826.775621867564041, 7637749.921598315238953 ], [ 424809.962264548346866, 7637739.793503656052053 ], [ 424788.195017453166656, 7637725.434081330895424 ], [ 424772.363663140509743, 7637714.052813647314906 ], [ 424751.918431482627057, 7637698.103795375674963 ], [ 424732.202090056845918, 7637681.286348844878376 ], [ 424713.087107582774479, 7637663.46254762634635 ], [ 424694.645104758907109, 7637644.584324532188475 ], [ 424681.32406696700491, 7637629.719171496108174 ], [ 424668.498270100331865, 7637614.236322890967131 ], [ 424654.841210216807667, 7637596.199891686439514 ] ] ] } },
{ "type": "Feature", "properties": { "fid": 703.0, "COMPR_M": 746.74, "CLASSE": "04 - Longa", "CD_FAZ": "400534", "TALHOES": "5", "FAZ_tAL": "400534005", "ID_LINHA": 96626 }, "geometry": { "type": "MultiLineString", "coordinates": [ [ [ 425325.516520415083505, 7637777.100753067061305 ], [ 425304.917979092977475, 7637785.442375806160271 ], [ 425280.392439748160541, 7637794.13662819005549 ], [ 425261.753269778564572, 7637799.894723366945982 ], [ 425236.612935329088941, 7637806.547599634155631 ], [ 425217.573998182662763, 7637810.762343056499958 ], [ 425191.986285015824251, 7637815.342485644854605 ], [ 425166.210664222831838, 7637818.727697925642133 ], [ 425146.784069495624863, 7637820.477059570141137 ], [ 425127.299071413406637, 7637821.544787016697228 ], [ 425101.288857844716404, 7637821.902380434796214 ], [ 425081.79391294636298, 7637821.372354639694095 ], [ 425055.855000282870606, 7637819.60418483056128 ], [ 425030.021166101214476, 7637816.625197171233594 ], [ 425010.753314769652206, 7637813.599752493202686 ], [ 424985.259113109786995, 7637808.522033994086087 ], [ 424960.030850572395138, 7637802.26278708409518 ], [ 424935.113903544784989, 7637794.83324789069593 ], [ 424910.558036371832713, 7637786.245158501900733 ], [ 424886.426177507441025, 7637776.518204407766461 ], [ 424868.635676474194042, 7637768.486004206351936 ], [ 424845.365247519221157, 7637756.805616686120629 ], [ 424828.277669033152051, 7637747.324643710628152 ], [ 424811.55552637076471, 7637737.251491339877248 ], [ 424789.904388444614597, 7637722.968651227653027 ], [ 424774.155855429940857, 7637711.646918788552284 ], [ 424753.815326552954502, 7637695.779562825337052 ], [ 424734.198227464221418, 7637679.046770927496254 ], [ 424715.182690662273671, 7637661.315727435052395 ], [ 424696.841265270661097, 7637642.540499029681087 ], [ 424683.596196102094837, 7637627.760139476507902 ], [ 424670.846538196201436, 7637612.369225610047579 ], [ 424657.831069411942735, 7637595.220092263072729 ] ] ] } },
{ "type": "Feature", "properties": { "fid": 704.0, "COMPR_M": 741.67, "CLASSE": "04 - Longa", "CD_FAZ": "400534", "TALHOES": "5", "FAZ_tAL": "400534005", "ID_LINHA": 96627 }, "geometry": { "type": "MultiLineString", "coordinates": [ [ [ 425324.283590048435144, 7637774.365289595909417 ], [ 425303.849351231241599, 7637782.639101468026638 ], [ 425279.456720612768549, 7637791.286235420033336 ], [ 425260.918217311205808, 7637797.013231557793915 ], [ 425235.913385770923924, 7637803.630248675122857 ], [ 425216.9768293039524, 7637807.82232704013586 ], [ 425191.526520792162046, 7637812.377874156460166 ], [ 425165.889374049205799, 7637815.744900895282626 ], [ 425146.567368797608651, 7637817.484844978898764 ], [ 425127.187589646549895, 7637818.546807517297566 ], [ 425101.317817097471561, 7637818.902468962594867 ], [ 425081.927981550456025, 7637818.375300666317344 ], [ 425056.128891235566698, 7637816.616662291809916 ], [ 425030.434470000094734, 7637813.653751693665981 ], [ 425011.270547700929455, 7637810.644625306129456 ], [ 424985.913537065964192, 7637805.59423029795289 ], [ 424960.820874157478102, 7637799.368626097217202 ], [ 424936.037922457326204, 7637791.979041304439306 ], [ 424917.68285074189771, 7637785.679640398360789 ], [ 424893.570579608320259, 7637776.28649140521884 ], [ 424875.785451030707918, 7637768.506102235987782 ], [ 424852.509592685906682, 7637757.163872415199876 ], [ 424835.408067169075366, 7637747.938501601107419 ], [ 424818.647332034888677, 7637738.111039783805609 ], [ 424796.92837098846212, 7637724.143172207288444 ], [ 424781.123507015872747, 7637713.051353524439037 ], [ 424760.701175976428203, 7637697.481862153857946 ], [ 424741.016272926819511, 7637681.057473034597933 ], [ 424721.948271722882055, 7637663.674626661464572 ], [ 424703.528233483666554, 7637645.262801418080926 ], [ 424690.205579524452332, 7637630.766187027096748 ], [ 424673.194806290382985, 7637610.502128324471414 ], [ 424660.820928609056864, 7637594.240292837843299 ] ] ] } },
{ "type": "Feature", "properties": { "fid": 705.0, "COMPR_M": 736.61, "CLASSE": "04 - Longa", "CD_FAZ": "400534", "TALHOES": "5", "FAZ_tAL": "400534005", "ID_LINHA": 96628 }, "geometry": { "type": "MultiLineString", "coordinates": [ [ [ 425323.050659680971876, 7637771.629826126620173 ], [ 425302.780723368457984, 7637779.835827130824327 ], [ 425278.521001476852689, 7637788.435842657461762 ], [ 425260.083164844545536, 7637794.131739746779203 ], [ 425235.213836213282775, 7637800.712897717952728 ], [ 425216.379660428327043, 7637804.882311025634408 ], [ 425191.066756569547579, 7637809.41326267272234 ], [ 425165.568083875696175, 7637812.76210386492312 ], [ 425146.350668096274603, 7637814.492630394175649 ], [ 425127.076107877597678, 7637815.548828019760549 ], [ 425101.346776349470019, 7637815.902557488530874 ], [ 425082.062050151871517, 7637815.378246694803238 ], [ 425056.402782187797129, 7637813.62913975212723 ], [ 425030.847773901245091, 7637810.682306215167046 ], [ 425011.787780630053021, 7637807.68949811719358 ], [ 424986.567961021210067, 7637802.666426599025726 ], [ 424961.610897742211819, 7637796.474465111270547 ], [ 424936.961941371613648, 7637789.124834714457393 ], [ 424918.706253326614387, 7637782.859542179852724 ], [ 424894.724571182858199, 7637773.517265729606152 ], [ 424877.035938068875112, 7637765.779090813361108 ], [ 424853.886892586073373, 7637754.498659822158515 ], [ 424836.879125053412281, 7637745.323868504725397 ], [ 424820.210566447814927, 7637735.550451630726457 ], [ 424798.609319944283925, 7637721.658275990746915 ], [ 424782.888500731496606, 7637710.625434260815382 ], [ 424762.572508491168264, 7637695.136998335830867 ], [ 424742.987742626748513, 7637678.796151720918715 ], [ 424724.018879255629145, 7637661.503709498792887 ], [ 424705.699158415314741, 7637643.192193204537034 ], [ 424692.452351362793706, 7637628.778127193450928 ], [ 424675.543074385495856, 7637608.635031039826572 ], [ 424663.818490927806124, 7637593.257969042286277 ] ] ] } },
{ "type": "Feature", "properties": { "fid": 706.0, "COMPR_M": 731.54, "CLASSE": "04 - Longa", "CD_FAZ": "400534", "TALHOES": "5", "FAZ_tAL": "400534005", "ID_LINHA": 96629 }, "geometry": { "type": "MultiLineString", "coordinates": [ [ [ 425321.817729313275777, 7637768.894362658262253 ], [ 425301.712095506547485, 7637777.032552797347307 ], [ 425277.585282340412959, 7637785.585449891164899 ], [ 425259.248112376662903, 7637791.250247934833169 ], [ 425234.51428665604908, 7637797.795546758919954 ], [ 425215.782491552527063, 7637801.94229500554502 ], [ 425190.606992346816696, 7637806.448651187121868 ], [ 425165.246793699800037, 7637809.779306836426258 ], [ 425146.133967395697255, 7637811.500415805727243 ], [ 425126.964626111323014, 7637812.550848523154855 ], [ 425101.375735601934139, 7637812.902646015398204 ], [ 425082.196118754101917, 7637812.38119272235781 ], [ 425056.676673139678314, 7637810.641617210581899 ], [ 425031.26107780134771, 7637807.710860738530755 ], [ 425012.305013561155647, 7637804.734370930120349 ], [ 424987.222384977620095, 7637799.738622901961207 ], [ 424962.400921327876858, 7637793.580304129049182 ], [ 424937.885960285551846, 7637786.270628126338124 ], [ 424919.729655909934081, 7637780.039443960413337 ], [ 424895.878562757512555, 7637770.748040053993464 ], [ 424878.28642510616919, 7637763.052079390734434 ], [ 424855.264192485483363, 7637751.83344722725451 ], [ 424838.350182937225327, 7637742.709235405549407 ], [ 424821.773800861323252, 7637732.989863478578627 ], [ 424800.290268899989314, 7637719.173379777930677 ], [ 424784.653494449972641, 7637708.199514989741147 ], [ 424764.443841006373987, 7637692.792134517803788 ], [ 424744.959212326561101, 7637676.534830406308174 ], [ 424726.089486789074726, 7637659.332792339846492 ], [ 424707.870083346846513, 7637641.12158499006182 ], [ 424694.699123202764895, 7637626.790067367255688 ], [ 424682.006701728154439, 7637611.872298588044941 ], [ 424666.822201859147754, 7637592.273630300536752 ] ] ] } },
{ "type": "Feature", "properties": { "fid": 707.0, "COMPR_M": 726.47, "CLASSE": "04 - Longa", "CD_FAZ": "400534", "TALHOES": "5", "FAZ_tAL": "400534005", "ID_LINHA": 96630 }, "geometry": { "type": "MultiLineString", "coordinates": [ [ [ 425320.584798944764771, 7637766.158899189904332 ], [ 425300.643467644229531, 7637774.229278462007642 ], [ 425276.649563205544837, 7637782.735057124868035 ], [ 425258.413059910119046, 7637788.368756126612425 ], [ 425233.814737097301986, 7637794.878195801749825 ], [ 425215.185322675737552, 7637799.002278991043568 ], [ 425190.147228124551475, 7637803.484039699658751 ], [ 425164.925503527396359, 7637806.796509806066751 ], [ 425145.917266695178114, 7637808.508201221004128 ], [ 425126.853144344408065, 7637809.552869024686515 ], [ 425101.40469485434005, 7637809.902734542265534 ], [ 425082.330187357147224, 7637809.384138749912381 ], [ 425056.950564092956483, 7637807.65409467369318 ], [ 425031.674381701159291, 7637804.739415261894464 ], [ 425012.822246490977705, 7637801.779243741184473 ], [ 424987.876808932458516, 7637796.810819205828011 ], [ 424963.190944911155384, 7637790.686143141239882 ], [ 424938.809979197802022, 7637783.416421538218856 ], [ 424920.75305849313736, 7637777.219345737248659 ], [ 424897.032554332283325, 7637767.978814380243421 ], [ 424879.536912145209499, 7637760.325067967176437 ], [ 424856.641492384718731, 7637749.168234631419182 ], [ 424839.821240821795072, 7637740.094602309167385 ], [ 424823.337035273609217, 7637730.429275326430798 ], [ 424801.971217858255841, 7637716.688483562320471 ], [ 424786.418488168565091, 7637705.773595720529556 ], [ 424766.315173521230463, 7637690.447270705364645 ], [ 424746.930682024860289, 7637674.273509090766311 ], [ 424728.160094323684461, 7637657.161875180900097 ], [ 424710.041008278785739, 7637639.050976779311895 ], [ 424696.9458950405824, 7637624.802007533609867 ], [ 424684.329592421709094, 7637609.973725190386176 ], [ 424669.825912790896837, 7637591.289291560649872 ] ] ] } },
{ "type": "Feature", "properties": { "fid": 708.0, "COMPR_M": 721.4, "CLASSE": "04 - Longa", "CD_FAZ": "400534", "TALHOES": "5", "FAZ_tAL": "400534005", "ID_LINHA": 96631 }, "geometry": { "type": "MultiLineString", "coordinates": [ [ [ 425319.351868577301502, 7637763.423435717821121 ], [ 425299.574839780922048, 7637771.426004123874009 ], [ 425275.713844069454353, 7637779.884664362296462 ], [ 425257.578007442934904, 7637785.48726431466639 ], [ 425233.115187539660838, 7637791.960844840854406 ], [ 425214.588153798191343, 7637796.06226297095418 ], [ 425189.687463902169839, 7637800.519428215920925 ], [ 425164.604213353944942, 7637803.813712775707245 ], [ 425145.700565994135104, 7637805.515986631624401 ], [ 425126.741662576096132, 7637806.554889524355531 ], [ 425101.433654107851908, 7637806.902823070064187 ], [ 425082.464255959494039, 7637806.387084778398275 ], [ 425057.22445504454663, 7637804.666572133079171 ], [ 425032.087685599806719, 7637801.767969786189497 ], [ 425013.339479421265423, 7637798.824116555973887 ], [ 424988.531232890440151, 7637793.883015508763492 ], [ 424963.980968496704008, 7637787.791982157155871 ], [ 424939.733998111798428, 7637780.562214948236942 ], [ 424921.776461074245162, 7637774.399247519671917 ], [ 424898.186545906646643, 7637765.209588704630733 ], [ 424880.787399183376692, 7637757.598056546412408 ], [ 424858.018792284477968, 7637746.503022040240467 ], [ 424841.292298705840949, 7637737.479969209991395 ], [ 424824.90026968519669, 7637727.868687173351645 ], [ 424803.652166813088115, 7637714.20358734484762 ], [ 424788.183481885993388, 7637703.347676455974579 ], [ 424768.186506035912316, 7637688.102406890131533 ], [ 424748.902151725662407, 7637672.012187778949738 ], [ 424730.230701856315136, 7637654.990958020091057 ], [ 424712.211933209327981, 7637636.980368565768003 ], [ 424699.192666880087927, 7637622.813947701826692 ], [ 424686.652483115612995, 7637608.075151792727411 ], [ 424672.829623721132521, 7637590.304952818900347 ] ] ] } },
{ "type": "Feature", "properties": { "fid": 709.0, "COMPR_M": 716.33, "CLASSE": "04 - Longa", "CD_FAZ": "400534", "TALHOES": "5", "FAZ_tAL": "400534005", "ID_LINHA": 96632 }, "geometry": { "type": "MultiLineString", "coordinates": [ [ [ 425318.118938210362103, 7637760.687972251325846 ], [ 425298.506211919768248, 7637768.622729787603021 ], [ 425274.778124934236985, 7637777.034271595999599 ], [ 425256.742954975808971, 7637782.605772506445646 ], [ 425232.415637981786858, 7637789.043493883684278 ], [ 425213.990984922973439, 7637793.122246956452727 ], [ 425189.227699678216595, 7637797.554816730320454 ], [ 425164.282923179329373, 7637800.830915744416416 ], [ 425145.48386529518757, 7637802.523772044107318 ], [ 425126.630180809181184, 7637803.556910027749836 ], [ 425101.462613360665273, 7637803.902911596000195 ], [ 425082.598324562015478, 7637803.390030805021524 ], [ 425057.498345997009892, 7637801.679049594327807 ], [ 425032.500989500142168, 7637798.796524306759238 ], [ 425013.856712351494934, 7637795.868989370763302 ], [ 424989.185656846908387, 7637790.955211812630296 ], [ 424964.770992082485463, 7637784.897821176797152 ], [ 424940.658017024106812, 7637777.708008360117674 ], [ 424922.799863659893163, 7637771.579149299301207 ], [ 424899.340537481068168, 7637762.440363029018044 ], [ 424882.037886222649831, 7637754.871045123785734 ], [ 424859.396092184004374, 7637743.837809445336461 ], [ 424842.763356589304749, 7637734.865336111746728 ], [ 424826.463504098821431, 7637725.308099020272493 ], [ 424805.333115768502466, 7637711.718691131100059 ], [ 424789.948475603596307, 7637700.921757188625634 ], [ 424770.057838551001623, 7637685.757543072104454 ], [ 424750.873621426289901, 7637669.750866462476552 ], [ 424732.30130938894581, 7637652.820040859282017 ], [ 424714.38285814167466, 7637634.909760349430144 ], [ 424701.439438718603924, 7637620.825887870974839 ], [ 424688.97537380916765, 7637606.176578396931291 ], [ 424675.83333465247415, 7637589.320614077150822 ] ] ] } },
{ "type": "Feature", "properties": { "fid": 729.0, "COMPR_M": 613.83, "CLASSE": "04 - Longa", "CD_FAZ": "400534", "TALHOES": "5", "FAZ_tAL": "400534005", "ID_LINHA": 96652 }, "geometry": { "type": "MultiLineString", "coordinates": [ [ [ 425293.460330859117676, 7637705.978702867403626 ], [ 425277.133654674806166, 7637712.557243062183261 ], [ 425261.364029863558244, 7637718.2519701262936 ], [ 425245.401947743375786, 7637723.38857407681644 ], [ 425223.853999129903968, 7637729.361037807539105 ], [ 425207.520684965944383, 7637733.177041891030967 ], [ 425185.553123943274841, 7637737.373503977432847 ], [ 425163.41329222463537, 7637740.543728016316891 ], [ 425146.724638821848202, 7637742.242983999662101 ], [ 425124.400545461219735, 7637743.597320070490241 ], [ 425107.631920506770257, 7637743.925969796255231 ], [ 425090.864972471143119, 7637743.666127916425467 ], [ 425068.544984304928221, 7637742.406348925083876 ], [ 425046.307959806290455, 7637740.105275481939316 ], [ 425029.712992355052847, 7637737.698018096387386 ], [ 425013.212496688473038, 7637734.710642967373133 ], [ 424991.391915576532483, 7637729.83332872018218 ], [ 424969.818411815853324, 7637723.944330031052232 ], [ 424953.82753854827024, 7637718.870254435576499 ], [ 424932.796712766517885, 7637711.238256743177772 ], [ 424917.269755948043894, 7637704.874071540310979 ], [ 424896.93627529341029, 7637695.549882771447301 ], [ 424881.990935840643942, 7637687.937833478674293 ], [ 424852.980333769286517, 7637671.159171166829765 ], [ 424838.952094890002627, 7637662.020766830071807 ], [ 424820.752854965510778, 7637649.093652533367276 ], [ 424807.48448885086691, 7637638.860266748815775 ], [ 424790.303015423181932, 7637624.524440176784992 ], [ 424773.713460058381315, 7637609.40169764123857 ], [ 424761.710161328315735, 7637597.546146197244525 ], [ 424750.132058729592245, 7637585.256667483597994 ], [ 424737.060408563003875, 7637570.169064872898161 ] ] ] } },
{ "type": "Feature", "properties": { "fid": 730.0, "COMPR_M": 608.69, "CLASSE": "04 - Longa", "CD_FAZ": "400534", "TALHOES": "5", "FAZ_tAL": "400534005", "ID_LINHA": 96653 }, "geometry": { "type": "MultiLineString", "coordinates": [ [ [ 425292.227400492294692, 7637703.243239397183061 ], [ 425276.065026811964344, 7637709.753968724049628 ], [ 425260.394942170009017, 7637715.412748586386442 ], [ 425244.533246379869524, 7637720.517047297209501 ], [ 425223.120449299225584, 7637726.452049765735865 ], [ 425206.889326189702842, 7637730.244177881628275 ], [ 425185.058910335355904, 7637734.414440397173166 ], [ 425163.057280367705971, 7637737.564875779673457 ], [ 425146.473003416729625, 7637739.253504738211632 ], [ 425124.289063694595825, 7637740.599340573884547 ], [ 425107.625799814937636, 7637740.925924737006426 ], [ 425090.96402689232491, 7637740.667712460272014 ], [ 425068.783955838065594, 7637739.41583064198494 ], [ 425046.686456650262699, 7637737.129196132533252 ], [ 425030.195679799187928, 7637734.737052042037249 ], [ 425013.79852354619652, 7637731.76838562451303 ], [ 424992.114338856190443, 7637726.921557853929698 ], [ 424970.675634851912037, 7637721.069356266409159 ], [ 424954.784802793990821, 7637716.027025314979255 ], [ 424933.885691633797251, 7637708.442826205864549 ], [ 424918.456047427956946, 7637702.11852796934545 ], [ 424898.250428680737969, 7637692.852974956855178 ], [ 424883.39961615978973, 7637685.289072586223483 ], [ 424854.573595591820776, 7637668.617158853448927 ], [ 424840.633043845591601, 7637659.535870615392923 ], [ 424822.545047256047837, 7637646.687757676467299 ], [ 424809.355821365199517, 7637636.515402933582664 ], [ 424792.274485122936312, 7637622.263118862174451 ], [ 424775.784067591070198, 7637607.230780478566885 ], [ 424763.855907588556875, 7637595.449459136463702 ], [ 424752.353504401980899, 7637583.240350660867989 ], [ 424740.157782996189781, 7637569.205245189368725 ] ] ] } },
{ "type": "Feature", "properties": { "fid": 731.0, "COMPR_M": 603.54, "CLASSE": "04 - Longa", "CD_FAZ": "400534", "TALHOES": "5", "FAZ_tAL": "400534005", "ID_LINHA": 96654 }, "geometry": { "type": "MultiLineString", "coordinates": [ [ [ 425290.994470124598593, 7637700.50777592882514 ], [ 425274.99639894941356, 7637706.950694389641285 ], [ 425259.425854476809036, 7637712.573527045547962 ], [ 425243.664545014500618, 7637717.645520519465208 ], [ 425222.386899467092007, 7637723.543061723932624 ], [ 425206.257967415614985, 7637727.311313873156905 ], [ 425184.564696726738475, 7637731.455376816913486 ], [ 425162.701268512115348, 7637734.586023546755314 ], [ 425146.221368011145387, 7637736.264025478623807 ], [ 425113.139786844199989, 7637737.882333619520068 ], [ 425096.580613322090358, 7637737.819316875189543 ], [ 425074.527043952373788, 7637736.832808330655098 ], [ 425052.54424679314252, 7637734.817414883524179 ], [ 425036.131218257534783, 7637732.632322648540139 ], [ 425019.80433016869938, 7637729.872813736088574 ], [ 424998.202603330952115, 7637725.307965414598584 ], [ 424976.833507840055972, 7637719.7412940710783 ], [ 424960.98643311887281, 7637714.915463415905833 ], [ 424940.133378196682315, 7637707.622390376403928 ], [ 424924.728352120844647, 7637701.517398176714778 ], [ 424904.542476406670175, 7637692.545601749792695 ], [ 424889.696689970092848, 7637685.203132373280823 ], [ 424860.854661179240793, 7637668.975159665569663 ], [ 424846.896455711103044, 7637660.112533068284392 ], [ 424828.778337392956018, 7637647.551533311605453 ], [ 424815.561589083576109, 7637637.590848131105304 ], [ 424798.437966955127195, 7637623.616498870775104 ], [ 424781.892817904357798, 7637608.867369179613888 ], [ 424769.90746741334442, 7637597.302315462380648 ], [ 424754.574950073030777, 7637581.224033841863275 ], [ 424743.25515742803691, 7637568.241425506770611 ] ] ] } },
{ "type": "Feature", "properties": { "fid": 732.0, "COMPR_M": 598.4, "CLASSE": "03 - Média", "CD_FAZ": "400534", "TALHOES": "5", "FAZ_tAL": "400534005", "ID_LINHA": 96655 }, "geometry": { "type": "MultiLineString", "coordinates": [ [ [ 425289.761539757426362, 7637697.772312456741929 ], [ 425273.927771087794099, 7637704.147420052438974 ], [ 425258.456766783259809, 7637709.734305506572127 ], [ 425242.795843651751056, 7637714.773993741720915 ], [ 425221.653349636006169, 7637720.634073682129383 ], [ 425205.626608640362974, 7637724.378449860960245 ], [ 425184.070483118179254, 7637728.49631323479116 ], [ 425162.34525665466208, 7637731.60717131011188 ], [ 425145.969732604455203, 7637733.274546217173338 ], [ 425113.098565370077267, 7637734.882565457373857 ], [ 425096.644631123170257, 7637734.819948785007 ], [ 425074.731071610643994, 7637733.839702987112105 ], [ 425052.887901008594781, 7637731.837111282162368 ], [ 425036.579261377512012, 7637729.665916552767158 ], [ 425020.356009610462934, 7637726.923923110589385 ], [ 424998.891076738131233, 7637722.387980924919248 ], [ 424977.657181404181756, 7637716.856529418379068 ], [ 424961.910452031414025, 7637712.06125682592392 ], [ 424941.18964040389983, 7637704.814434368163347 ], [ 424925.882343695266172, 7637698.748172500170767 ], [ 424905.824862119625323, 7637689.833444522693753 ], [ 424891.073989869677462, 7637682.53791977930814 ], [ 424862.417895592283458, 7637666.414571516215801 ], [ 424848.548577627283521, 7637657.608377413824201 ], [ 424830.543331109802239, 7637645.125614047050476 ], [ 424817.406950658129063, 7637635.225490607321262 ], [ 424800.384807485854253, 7637621.333940240554512 ], [ 424783.938524826371577, 7637606.672973593696952 ], [ 424772.028098051086999, 7637595.180231582373381 ], [ 424760.529920104949269, 7637583.269559433683753 ], [ 424746.361870547872968, 7637567.274699876084924 ] ] ] } },
{ "type": "Feature", "properties": { "fid": 733.0, "COMPR_M": 593.25, "CLASSE": "03 - Média", "CD_FAZ": "400534", "TALHOES": "5", "FAZ_tAL": "400534005", "ID_LINHA": 96656 }, "geometry": { "type": "MultiLineString", "coordinates": [ [ [ 425288.528609390021302, 7637695.036848991177976 ], [ 425272.859143226349261, 7637701.344145717099309 ], [ 425257.487679090059828, 7637706.895083965733647 ], [ 425241.927142286498565, 7637711.902466962113976 ], [ 425220.919799803989008, 7637717.725085640326142 ], [ 425204.995249865227379, 7637721.445585852488875 ], [ 425183.576269508223049, 7637725.537249652668834 ], [ 425161.989244799362496, 7637728.628319077193737 ], [ 425145.718097197357565, 7637730.285066954791546 ], [ 425113.057343897293322, 7637731.882797293365002 ], [ 425096.708648923609871, 7637731.820580698549747 ], [ 425074.935099269729108, 7637730.846597640775144 ], [ 425053.231555223814212, 7637728.856807686388493 ], [ 425037.027304498420563, 7637726.699510456062853 ], [ 425020.907689052401111, 7637723.975032484158874 ], [ 424999.579550145776011, 7637719.467996437102556 ], [ 424978.480854967143387, 7637713.971764765679836 ], [ 424962.834470945643261, 7637709.207050239667296 ], [ 424942.245902612106875, 7637702.006478367373347 ], [ 424927.036335269687697, 7637695.978946827352047 ], [ 424907.107247831532732, 7637687.121287290938199 ], [ 424892.45128976914566, 7637679.87270718254149 ], [ 424863.981130003347062, 7637663.853983361274004 ], [ 424850.200699544802774, 7637655.104221755638719 ], [ 424832.308324828161858, 7637642.699694778770208 ], [ 424819.252312231168617, 7637632.860133087262511 ], [ 424802.331648017978296, 7637619.051381608471274 ], [ 424785.984231746930163, 7637604.478578014299273 ], [ 424774.148728686501272, 7637593.058147703297436 ], [ 424762.726080615713727, 7637581.225733930245042 ], [ 424749.476367614057381, 7637566.305552087724209 ] ] ] } }
]
}
