{
"type": "FeatureCollection",
"name": "400545",
"crs": { "type": "name", "properties": { "name": "urn:ogc:def:crs:EPSG::32722" } },
"xy_coordinate_resolution": 1e-15,
"features": [
{ "type": "Feature", "properties": { "fid": 1.0, "COMPR_M": 582.84, "CLASSE": "03 - Média", "CD_FAZ": "400545", "TALHOES": "1", "FAZ_tAL": "400545001", "ID_LINHA": 165950 }, "geometry": { "type": "MultiLineString", "coordinates": [ [ [ 403982.098720390349627, 7611078.86223488021642 ], [ 404021.191362818470225, 7611060.25013324432075 ], [ 404048.567570979183074, 7611046.311885502189398 ], [ 404075.601394114317372, 7611031.711091263219714 ], [ 404102.261863005871419, 7611016.396452556364238 ], [ 404128.533863576245494, 7611000.370694178156555 ], [ 404154.417688889545389, 7610983.665309928357601 ], [ 404179.914474198478274, 7610966.311799662187696 ], [ 404217.43646234885091, 7610939.135154689662158 ], [ 404241.970680247584824, 7610920.299011565744877 ], [ 404278.054249494278338, 7610891.045811319723725 ], [ 404313.274492404132616, 7610860.678959731012583 ], [ 404336.243439957615919, 7610839.83189938031137 ], [ 404369.847687933244742, 7610807.65601425524801 ], [ 404391.63589688076172, 7610785.60099245980382 ], [ 404412.893580507137813, 7610763.061701091006398 ], [ 404442.784452573512681, 7610729.415288282558322 ] ] ] } },
{ "type": "Feature", "properties": { "fid": 2.0, "COMPR_M": 582.2, "CLASSE": "03 - Média", "CD_FAZ": "400545", "TALHOES": "1", "FAZ_tAL": "400545001", "ID_LINHA": 165951 }, "geometry": { "type": "MultiLineString", "coordinates": [ [ [ 403982.268918488465715, 7611082.089245395734906 ], [ 404022.522123567236122, 7611062.938878645189106 ], [ 404049.960389449552167, 7611048.969024606049061 ], [ 404077.061050508695189, 7611034.332120453938842 ], [ 404103.790597083163448, 7611018.977801512926817 ], [ 404130.128853086032905, 7611002.911633238196373 ], [ 404156.075518054130953, 7610986.165697714313865 ], [ 404181.631830726051703, 7610968.771677359938622 ], [ 404219.237152542104013, 7610941.53469461388886 ], [ 404243.823135635117069, 7610922.658813391812146 ], [ 404279.978991043230053, 7610893.347027523443103 ], [ 404315.267681924684439, 7610862.921153225004673 ], [ 404338.282945071114227, 7610842.032052123919129 ], [ 404371.957991479081102, 7610809.788360454142094 ], [ 404393.794192936969921, 7610787.684753491543233 ], [ 404415.100411153340247, 7610765.093995964154601 ], [ 404443.019093674782198, 7610733.727461887523532 ] ] ] } },
{ "type": "Feature", "properties": { "fid": 3.0, "COMPR_M": 581.57, "CLASSE": "03 - Média", "CD_FAZ": "400545", "TALHOES": "1", "FAZ_tAL": "400545001", "ID_LINHA": 165952 }, "geometry": { "type": "MultiLineString", "coordinates": [ [ [ 403982.439116587629542, 7611085.31625590659678 ], [ 404023.852884315419942, 7611065.627624042332172 ], [ 404051.353207917069085, 7611051.626163711771369 ], [ 404078.520706900046207, 7611036.953149644657969 ], [ 404105.319331158651039, 7611021.55915046762675 ], [ 404131.723842594015878, 7611005.452572295442224 ], [ 404157.733347218541894, 7610988.666085503064096 ], [ 404183.349187252752017, 7610971.231555067002773 ], [ 404221.037842736113816, 7610943.934234539978206 ], [ 404245.67559102200903, 7610925.018615214154124 ], [ 404281.903732591657899, 7610895.648243730887771 ], [ 404317.260871444770601, 7610865.163346718065441 ], [ 404340.322450183914043, 7610844.232204867526889 ], [ 404374.068295025383122, 7610811.920706648379564 ], [ 404395.952488992013969, 7610789.768514527007937 ], [ 404417.307241797447205, 7610767.126290839165449 ], [ 404443.253734773374163, 7610738.039635490626097 ] ] ] } },
{ "type": "Feature", "properties": { "fid": 4.0, "COMPR_M": 580.93, "CLASSE": "03 - Média", "CD_FAZ": "400545", "TALHOES": "1", "FAZ_tAL": "400545001", "ID_LINHA": 165953 }, "geometry": { "type": "MultiLineString", "coordinates": [ [ [ 403982.608911149669439, 7611088.535615261644125 ], [ 404025.183645063079894, 7611068.316369444131851 ], [ 404052.746026385109872, 7611054.283302810043097 ], [ 404079.98036329227034, 7611039.574178837239742 ], [ 404106.848065236175898, 7611024.140499429777265 ], [ 404133.31883210077649, 7611007.99351135827601 ], [ 404159.391176382137928, 7610991.166473288089037 ], [ 404185.066543780034408, 7610973.691432770341635 ], [ 404222.838532930938527, 7610946.333774464204907 ], [ 404247.528046408202499, 7610927.378417037427425 ], [ 404283.828474139096215, 7610897.949459934607148 ], [ 404319.254060966311954, 7610867.405540208332241 ], [ 404342.361955296655651, 7610846.432357609272003 ], [ 404376.178598571335897, 7610814.05305284447968 ], [ 404398.110785046592355, 7610791.852275559678674 ], [ 404419.514072442252655, 7610769.158585710451007 ], [ 404443.488375872606412, 7610742.351809097453952 ] ] ] } },
{ "type": "Feature", "properties": { "fid": 5.0, "COMPR_M": 580.29, "CLASSE": "03 - Média", "CD_FAZ": "400545", "TALHOES": "1", "FAZ_tAL": "400545001", "ID_LINHA": 165954 }, "geometry": { "type": "MultiLineString", "coordinates": [ [ [ 403982.77847405988723, 7611091.750582400709391 ], [ 404012.590883861295879, 7611077.800658614374697 ], [ 404054.138844853499904, 7611056.94044191390276 ], [ 404081.440019683504943, 7611042.19520802795887 ], [ 404108.376799312478397, 7611026.721848385408521 ], [ 404134.913821609807201, 7611010.534450420178473 ], [ 404161.049005546839908, 7610993.666861079633236 ], [ 404186.78390030853916, 7610976.151310471817851 ], [ 404224.6392231239588, 7610948.733314387500286 ], [ 404249.380501796375029, 7610929.738218860700727 ], [ 404285.753215687931515, 7610900.250676139257848 ], [ 404321.247250486165285, 7610869.647733702324331 ], [ 404344.401460410095751, 7610848.632510353811085 ], [ 404378.288902116473764, 7610816.185399040579796 ], [ 404400.269081102567725, 7610793.936036594212055 ], [ 404421.720903086243197, 7610771.190880581736565 ], [ 404443.723016972420737, 7610746.663982700556517 ] ] ] } },
{ "type": "Feature", "properties": { "fid": 6.0, "COMPR_M": 579.67, "CLASSE": "03 - Média", "CD_FAZ": "400545", "TALHOES": "1", "FAZ_tAL": "400545001", "ID_LINHA": 165955 }, "geometry": { "type": "MultiLineString", "coordinates": [ [ [ 403982.9480369691737, 7611094.965549536049366 ], [ 404013.892505888128653, 7611080.503625523298979 ], [ 404055.531663322995882, 7611059.597581017762423 ], [ 404082.899676077649929, 7611044.816237216815352 ], [ 404109.905533388257027, 7611029.303197342902422 ], [ 404136.508811117615551, 7611013.075389483012259 ], [ 404162.706834711541887, 7610996.167248867452145 ], [ 404188.501256834890228, 7610978.611188177019358 ], [ 404226.439913319074549, 7610951.132854315452278 ], [ 404251.232957183849066, 7610932.09802068490535 ], [ 404287.677957237698138, 7610902.551892342977226 ], [ 404323.240440005552955, 7610871.889927195385098 ], [ 404346.440965522197075, 7610850.832663094624877 ], [ 404380.399205662542954, 7610818.317745236679912 ], [ 404402.427377158019226, 7610796.019797626882792 ], [ 404423.927733731456101, 7610773.22317545581609 ], [ 404443.956325642298907, 7610750.951669249683619 ] ] ] } },
{ "type": "Feature", "properties": { "fid": 7.0, "COMPR_M": 579.07, "CLASSE": "03 - Média", "CD_FAZ": "400545", "TALHOES": "1", "FAZ_tAL": "400545001", "ID_LINHA": 165956 }, "geometry": { "type": "MultiLineString", "coordinates": [ [ [ 403983.117599878692999, 7611098.180516669526696 ], [ 404015.194127914786804, 7611083.206592423841357 ], [ 404056.924481790978462, 7611062.254720122553408 ], [ 404084.359332469990477, 7611047.437266412191093 ], [ 404111.434267466072924, 7611031.884546300396323 ], [ 404138.103800626297016, 7611015.616328539326787 ], [ 404164.364663875952829, 7610998.667636655271053 ], [ 404190.218613362463657, 7610981.071065876632929 ], [ 404228.240603513666429, 7610953.532394240610301 ], [ 404253.085412571323104, 7610934.457822510972619 ], [ 404289.602698786358815, 7610904.853108547627926 ], [ 404325.233629526454024, 7610874.132120685651898 ], [ 404348.480470636859536, 7610853.032815838232636 ], [ 404371.284258109284565, 7610831.435752671211958 ], [ 404393.611386785632931, 7610809.339423771947622 ], [ 404415.428143390279729, 7610786.742304664105177 ], [ 404444.188003486138768, 7610755.209384936839342 ] ] ] } },
{ "type": "Feature", "properties": { "fid": 8.0, "COMPR_M": 578.47, "CLASSE": "03 - Média", "CD_FAZ": "400545", "TALHOES": "1", "FAZ_tAL": "400545001", "ID_LINHA": 165957 }, "geometry": { "type": "MultiLineString", "coordinates": [ [ [ 403983.287162787280977, 7611101.395483806729317 ], [ 404016.49574994109571, 7611085.909559330902994 ], [ 404044.448553924565203, 7611072.074618272483349 ], [ 404072.10884502902627, 7611057.575570732355118 ], [ 404099.440316228603479, 7611042.354520684108138 ], [ 404126.382518504222389, 7611026.398713382892311 ], [ 404152.912038495123852, 7611009.745670518837869 ], [ 404179.030389673716854, 7610992.428421452641487 ], [ 404217.441170046047773, 7610965.278642119839787 ], [ 404242.540106999571435, 7610946.443583149462938 ], [ 404279.431271435692906, 7610917.168982524424791 ], [ 404315.424853106844239, 7610886.757897417992353 ], [ 404338.92659014381934, 7610865.866072013042867 ], [ 404373.370794822578318, 7610833.591358423233032 ], [ 404395.745613327657338, 7610811.447828030213714 ], [ 404417.610644757689442, 7610788.800702224485576 ], [ 404444.419681333238259, 7610759.467100627720356 ] ] ] } },
{ "type": "Feature", "properties": { "fid": 9.0, "COMPR_M": 577.87, "CLASSE": "03 - Média", "CD_FAZ": "400545", "TALHOES": "1", "FAZ_tAL": "400545001", "ID_LINHA": 165958 }, "geometry": { "type": "MultiLineString", "coordinates": [ [ [ 403983.456725698139053, 7611104.610450940206647 ], [ 404017.797371968452353, 7611088.612526237033308 ], [ 404045.809724892431404, 7611074.74810228869319 ], [ 404073.534509715915192, 7611060.215237585827708 ], [ 404100.934649616014212, 7611044.95593770686537 ], [ 404127.944813202309888, 7611028.959887274540961 ], [ 404154.538868640491273, 7611012.266339724883437 ], [ 404180.718389611225575, 7610994.908538434654474 ], [ 404219.214856339851394, 7610967.698213400319219 ], [ 404244.367048180196434, 7610948.823194895870984 ], [ 404281.33261022932129, 7610919.489574333652854 ], [ 404317.395167560782284, 7610889.020216808654368 ], [ 404340.942844907811377, 7610868.087549273855984 ], [ 404375.457331537967548, 7610835.746964177116752 ], [ 404397.879839870147407, 7610813.556232287548482 ], [ 404419.793146125972271, 7610790.859099784865975 ], [ 404444.651359178358689, 7610763.724816313944757 ] ] ] } },
{ "type": "Feature", "properties": { "fid": 10.0, "COMPR_M": 577.27, "CLASSE": "03 - Média", "CD_FAZ": "400545", "TALHOES": "1", "FAZ_tAL": "400545001", "ID_LINHA": 165959 }, "geometry": { "type": "MultiLineString", "coordinates": [ [ [ 403983.626288607309107, 7611107.825418075546622 ], [ 404019.098993995517958, 7611091.315493142232299 ], [ 404047.170895860879682, 7611077.42158630117774 ], [ 404074.960174401814584, 7611062.854904439300299 ], [ 404102.428983004647307, 7611047.557354726828635 ], [ 404129.507107900164556, 7611031.521061164326966 ], [ 404156.165698784112465, 7611014.787008933722973 ], [ 404182.406389548443258, 7610997.388655414804816 ], [ 404220.988542634644546, 7610970.117784682661295 ], [ 404246.193989360996056, 7610951.202806643210351 ], [ 404283.23394902353175, 7610921.810166145674884 ], [ 404319.365482014778536, 7610891.282536199316382 ], [ 404342.959099671395961, 7610870.309026534669101 ], [ 404377.543868252076209, 7610837.902569929137826 ], [ 404400.014066412986722, 7610815.664636546745896 ], [ 404421.97564749373123, 7610792.917497344315052 ], [ 404444.883037023479119, 7610767.982532005757093 ] ] ] } },
{ "type": "Feature", "properties": { "fid": 11.0, "COMPR_M": 576.68, "CLASSE": "03 - Média", "CD_FAZ": "400545", "TALHOES": "1", "FAZ_tAL": "400545001", "ID_LINHA": 165960 }, "geometry": { "type": "MultiLineString", "coordinates": [ [ [ 403983.795851516770199, 7611111.040385210886598 ], [ 404020.400616022292525, 7611094.018460049293935 ], [ 404048.532066829153337, 7611080.095070313662291 ], [ 404076.385839088121429, 7611065.494571289978921 ], [ 404103.923316393396817, 7611050.158771751448512 ], [ 404131.06940259836847, 7611034.082235053181648 ], [ 404157.79252892662771, 7611017.307678141631186 ], [ 404184.094389484729618, 7610999.868772396817803 ], [ 404222.762228929204866, 7610972.537355963140726 ], [ 404248.020930541388225, 7610953.582418392412364 ], [ 404285.135287817101926, 7610924.130757948383689 ], [ 404321.335796468018088, 7610893.544855589978397 ], [ 404344.975354435155168, 7610872.530503798276186 ], [ 404379.630404966999777, 7610840.058175679296255 ], [ 404402.148292955593206, 7610817.773040806874633 ], [ 404424.158148862421513, 7610794.975894902832806 ], [ 404445.113997754000593, 7610772.2270687231794 ] ] ] } },
{ "type": "Feature", "properties": { "fid": 12.0, "COMPR_M": 576.12, "CLASSE": "03 - Média", "CD_FAZ": "400545", "TALHOES": "1", "FAZ_tAL": "400545001", "ID_LINHA": 165961 }, "geometry": { "type": "MultiLineString", "coordinates": [ [ [ 403983.965414425299969, 7611114.255352346226573 ], [ 404021.702238048717845, 7611096.721426950767636 ], [ 404049.89323779795086, 7611082.768554328940809 ], [ 404077.811503775417805, 7611068.134238142520189 ], [ 404105.417649782146327, 7611052.760188775137067 ], [ 404132.631697295524646, 7611036.643408946692944 ], [ 404159.41935907129664, 7611019.828347351402044 ], [ 404185.782389423344284, 7611002.3488893751055 ], [ 404224.53591522219358, 7610974.95692724455148 ], [ 404249.847871722595301, 7610955.962030140683055 ], [ 404287.036626611254178, 7610926.451349758543074 ], [ 404323.306110919918865, 7610895.807174980640411 ], [ 404346.99160919780843, 7610874.751981057226658 ], [ 404370.254517403256614, 7610853.187606353312731 ], [ 404393.061026939074509, 7610831.111822414211929 ], [ 404415.377153490844648, 7610808.522363832220435 ], [ 404445.342869803949725, 7610776.433220226317644 ] ] ] } },
{ "type": "Feature", "properties": { "fid": 13.0, "COMPR_M": 575.56, "CLASSE": "03 - Média", "CD_FAZ": "400545", "TALHOES": "1", "FAZ_tAL": "400545001", "ID_LINHA": 165962 }, "geometry": { "type": "MultiLineString", "coordinates": [ [ [ 403984.134977336041629, 7611117.470319481566548 ], [ 404023.003860076249111, 7611099.42439385689795 ], [ 404051.254408766049892, 7611085.442038340494037 ], [ 404079.237168461782858, 7611070.773904994130135 ], [ 404106.911983168858569, 7611055.361605798825622 ], [ 404134.193991994427051, 7611039.204582835547626 ], [ 404161.046189214917831, 7611022.349016554653645 ], [ 404187.470389360445552, 7611004.829006351530552 ], [ 404226.3096015175106, 7610977.376498527824879 ], [ 404251.674812903394923, 7610958.3416418870911 ], [ 404276.621081606601365, 7610938.758705425076187 ], [ 404301.151148078381084, 7610918.660405775532126 ], [ 404337.192766649299301, 7610887.585281648673117 ], [ 404372.317452085320838, 7610855.365808077156544 ], [ 404395.171330482698977, 7610833.244168609380722 ], [ 404417.535449545946904, 7610810.606124866753817 ], [ 404445.571741854830179, 7610780.639371737837791 ] ] ] } },
{ "type": "Feature", "properties": { "fid": 14.0, "COMPR_M": 574.99, "CLASSE": "03 - Média", "CD_FAZ": "400545", "TALHOES": "1", "FAZ_tAL": "400545001", "ID_LINHA": 165963 }, "geometry": { "type": "MultiLineString", "coordinates": [ [ [ 403984.30454024579376, 7611120.685286617837846 ], [ 404024.305482103489339, 7611102.127360763028264 ], [ 404052.615579734032508, 7611088.115522356703877 ], [ 404080.662833146459889, 7611073.413571847602725 ], [ 404108.406316558946855, 7611057.963022820651531 ], [ 404135.756286691641435, 7611041.765756729058921 ], [ 404162.673019358713645, 7611024.86968576349318 ], [ 404189.158389298478141, 7611007.309123335406184 ], [ 404228.083287813235074, 7610979.796069810166955 ], [ 404253.501754083728883, 7610960.721253635361791 ], [ 404278.498330727277789, 7610941.098829599097371 ], [ 404303.075889627740253, 7610920.961621977388859 ], [ 404339.185956170258578, 7610889.827475136145949 ], [ 404374.380386766279116, 7610857.544009799137712 ], [ 404397.281634029990528, 7610835.376514804549515 ], [ 404419.693745601805858, 7610812.689885902218521 ], [ 404445.800613905361388, 7610784.845523241907358 ] ] ] } },
{ "type": "Feature", "properties": { "fid": 15.0, "COMPR_M": 574.43, "CLASSE": "03 - Média", "CD_FAZ": "400545", "TALHOES": "1", "FAZ_tAL": "400545001", "ID_LINHA": 165964 }, "geometry": { "type": "MultiLineString", "coordinates": [ [ [ 403984.474103155196644, 7611123.900253754109144 ], [ 404025.607104129740037, 7611104.830327668227255 ], [ 404053.976750702480786, 7611090.789006369188428 ], [ 404082.088497834163718, 7611076.05323869921267 ], [ 404109.900649947056081, 7611060.564439844340086 ], [ 404137.318581389961764, 7611044.326930621638894 ], [ 404164.299849502160214, 7611027.390354972332716 ], [ 404190.84638923505554, 7611009.789240312762558 ], [ 404229.856974107446149, 7610982.215641090646386 ], [ 404255.328695264994167, 7610963.100865380838513 ], [ 404280.375579847372137, 7610943.438953774049878 ], [ 404305.000631175993476, 7610923.262838184833527 ], [ 404341.179145690752193, 7610892.069668632000685 ], [ 404376.44332144735381, 7610859.722211518324912 ], [ 404399.391937576350756, 7610837.508861003443599 ], [ 404421.852041657140944, 7610814.77364693582058 ], [ 404446.029485954903066, 7610789.05167475156486 ] ] ] } },
{ "type": "Feature", "properties": { "fid": 16.0, "COMPR_M": 573.86, "CLASSE": "03 - Média", "CD_FAZ": "400545", "TALHOES": "1", "FAZ_tAL": "400545001", "ID_LINHA": 165965 }, "geometry": { "type": "MultiLineString", "coordinates": [ [ [ 403984.643666064890567, 7611127.115220887586474 ], [ 404026.908726156339981, 7611107.533294569700956 ], [ 404055.337921670870855, 7611093.462490385398269 ], [ 404083.514162520878017, 7611078.692905552685261 ], [ 404111.394983335863799, 7611063.165856868028641 ], [ 404138.880876087292563, 7611046.888104509562254 ], [ 404165.926679646363482, 7611029.911024179309607 ], [ 404192.534389171865769, 7611012.269357295706868 ], [ 404218.706788687966764, 7610993.997180115431547 ], [ 404244.446815262606833, 7610975.128253569826484 ], [ 404282.252828967524692, 7610945.77907795086503 ], [ 404306.925372725061607, 7610925.564054389484227 ], [ 404343.172335210780147, 7610894.31186212413013 ], [ 404378.506256127264351, 7610861.900413237512112 ], [ 404401.502241121837869, 7610839.641207197681069 ], [ 404424.010337711952161, 7610816.857407968491316 ], [ 404446.258025617920794, 7610793.258191565051675 ] ] ] } },
{ "type": "Feature", "properties": { "fid": 17.0, "COMPR_M": 573.33, "CLASSE": "03 - Média", "CD_FAZ": "400545", "TALHOES": "1", "FAZ_tAL": "400545001", "ID_LINHA": 165966 }, "geometry": { "type": "MultiLineString", "coordinates": [ [ [ 403984.813077528844588, 7611130.327316589653492 ], [ 404028.21034818328917, 7611110.236261479556561 ], [ 404056.699092640425079, 7611096.135974396020174 ], [ 404084.939827206660993, 7611081.332572404295206 ], [ 404112.889316724671517, 7611065.767273891717196 ], [ 404140.443170785612892, 7611049.449278403073549 ], [ 404167.553509790159296, 7611032.431693388149142 ], [ 404194.222389109141659, 7611014.749474274925888 ], [ 404220.452702281472739, 7610996.436869760043919 ], [ 404246.247505457256921, 7610977.527793497778475 ], [ 404284.130078087211587, 7610948.119202123954892 ], [ 404308.850114272383507, 7610927.865270592272282 ], [ 404345.16552473034244, 7610896.554055616259575 ], [ 404368.875521768582985, 7610875.034343267790973 ], [ 404392.149625253980048, 7610852.991810195147991 ], [ 404414.953652210242581, 7610830.423466355539858 ], [ 404446.48425447626505, 7610797.42230892367661 ] ] ] } },
{ "type": "Feature", "properties": { "fid": 18.0, "COMPR_M": 572.8, "CLASSE": "03 - Média", "CD_FAZ": "400545", "TALHOES": "1", "FAZ_tAL": "400545001", "ID_LINHA": 165967 }, "geometry": { "type": "MultiLineString", "coordinates": [ [ [ 403984.982059384696186, 7611133.531266748905182 ], [ 404029.511970210704021, 7611112.939228385686874 ], [ 404058.060263608000241, 7611098.80945841036737 ], [ 404086.365491892094724, 7611083.972239256836474 ], [ 404114.383650112198666, 7611068.368690913543105 ], [ 404142.005465482943691, 7611052.010452291928232 ], [ 404169.180339932907373, 7611034.95236259419471 ], [ 404195.910389048047364, 7611017.229591253213584 ], [ 404222.198615875968244, 7610998.876559402793646 ], [ 404248.048195651324932, 7610979.927333422005177 ], [ 404273.462421829346567, 7610960.415642576292157 ], [ 404298.444659374537878, 7610940.374900612048805 ], [ 404335.127997642441187, 7610909.381091325543821 ], [ 404370.915026881615631, 7610877.234496008604765 ], [ 404394.236161969369277, 7610855.147415947169065 ], [ 404417.087878752441611, 7610832.53187061380595 ], [ 404446.710131656844169, 7610801.579953091219068 ] ] ] } },
{ "type": "Feature", "properties": { "fid": 19.0, "COMPR_M": 572.26, "CLASSE": "03 - Média", "CD_FAZ": "400545", "TALHOES": "1", "FAZ_tAL": "400545001", "ID_LINHA": 165968 }, "geometry": { "type": "MultiLineString", "coordinates": [ [ [ 403985.151041240198538, 7611136.735216908156872 ], [ 404016.431389034143649, 7611122.474848917685449 ], [ 404059.421434575342573, 7611101.482942423783243 ], [ 404087.791156579856761, 7611086.611906109377742 ], [ 404115.877983500366099, 7611070.970107935369015 ], [ 404143.567760181322228, 7611054.571626182645559 ], [ 404170.807170076470356, 7611037.473031803965569 ], [ 404197.598388984100893, 7611019.709708233363926 ], [ 404223.944529469474219, 7611001.31624904461205 ], [ 404249.848885845567565, 7610982.3268733471632 ], [ 404275.314877215889283, 7610962.775444399565458 ], [ 404300.3459981677006, 7610942.6954924184829 ], [ 404337.098312095447909, 7610911.643410713411868 ], [ 404372.954531994706485, 7610879.434648750349879 ], [ 404396.322698683594353, 7610857.303021700121462 ], [ 404419.222105295106303, 7610834.640274871140718 ], [ 404446.936008837539703, 7610805.737597255036235 ] ] ] } },
{ "type": "Feature", "properties": { "fid": 20.0, "COMPR_M": 571.73, "CLASSE": "03 - Média", "CD_FAZ": "400545", "TALHOES": "1", "FAZ_tAL": "400545001", "ID_LINHA": 165969 }, "geometry": { "type": "MultiLineString", "coordinates": [ [ [ 403985.320023094653152, 7611139.939167068339884 ], [ 404017.705173999653198, 7611125.191040571779013 ], [ 404060.78260554454755, 7611104.156426440924406 ], [ 404089.216821266047191, 7611089.25157296191901 ], [ 404117.372316889930516, 7611073.571524958126247 ], [ 404145.130054879351519, 7611057.132800075225532 ], [ 404172.434000220964663, 7611039.993701009079814 ], [ 404199.286388921842445, 7611022.189825210720301 ], [ 404225.690443063969724, 7611003.755938688293099 ], [ 404251.649576040625107, 7610984.726413272321224 ], [ 404277.167332603014074, 7610965.135246221907437 ], [ 404302.247336962784175, 7610945.016084229573607 ], [ 404339.068626549676992, 7610913.905730107799172 ], [ 404374.994037108379416, 7610881.634801496751606 ], [ 404398.409235397877637, 7610859.458627453073859 ], [ 404421.356331838120241, 7610836.748679131269455 ], [ 404447.161886020272505, 7610809.895241416990757 ] ] ] } },
{ "type": "Feature", "properties": { "fid": 21.0, "COMPR_M": 571.19, "CLASSE": "03 - Média", "CD_FAZ": "400545", "TALHOES": "1", "FAZ_tAL": "400545001", "ID_LINHA": 165970 }, "geometry": { "type": "MultiLineString", "coordinates": [ [ [ 403985.489004950097296, 7611143.143117226660252 ], [ 404018.978958965395577, 7611127.907232223078609 ], [ 404062.143776513636112, 7611106.829910451546311 ], [ 404090.642485951830167, 7611091.89123981166631 ], [ 404118.866650276817381, 7611076.172941980883479 ], [ 404146.692349577089772, 7611059.69397396966815 ], [ 404174.060830364236608, 7611042.514370216056705 ], [ 404200.974388858652674, 7611024.669942191801965 ], [ 404227.436356657301076, 7611006.195628331974149 ], [ 404253.450266233761795, 7610987.125953199341893 ], [ 404279.019787990837358, 7610967.495048046112061 ], [ 404304.148675756528974, 7610947.336676037870347 ], [ 404341.038941002567299, 7610916.168049495667219 ], [ 404377.033542220713571, 7610883.834954235702753 ], [ 404400.495772112859413, 7610861.614233203232288 ], [ 404423.490558379678987, 7610838.857083386741579 ], [ 404447.387763200385962, 7610814.052885582670569 ] ] ] } },
{ "type": "Feature", "properties": { "fid": 22.0, "COMPR_M": 570.67, "CLASSE": "03 - Média", "CD_FAZ": "400545", "TALHOES": "1", "FAZ_tAL": "400545001", "ID_LINHA": 165971 }, "geometry": { "type": "MultiLineString", "coordinates": [ [ [ 403985.657986805774271, 7611146.347067385911942 ], [ 404020.252743931254372, 7611130.623423874378204 ], [ 404049.137338529631961, 7611116.713786620646715 ], [ 404077.816758817585651, 7611102.111806670203805 ], [ 404106.254178356088232, 7611086.752704289741814 ], [ 404134.365278620040044, 7611070.604780646041036 ], [ 404162.028643245284911, 7611053.730414442718029 ], [ 404189.232101343048271, 7611036.173453471623361 ], [ 404229.182270251796581, 7611008.635317973792553 ], [ 404255.250956429052167, 7610989.525493122637272 ], [ 404280.872243376623373, 7610969.854849871248007 ], [ 404306.050014550157357, 7610949.657267848029733 ], [ 404343.009255456796382, 7610918.430368888191879 ], [ 404379.073047334328294, 7610886.035106981173158 ], [ 404402.582308825978544, 7610863.769838955253363 ], [ 404425.62478492280934, 7610840.96548764873296 ], [ 404447.612929737661034, 7610818.197449129074812 ] ] ] } },
{ "type": "Feature", "properties": { "fid": 23.0, "COMPR_M": 570.17, "CLASSE": "03 - Média", "CD_FAZ": "400545", "TALHOES": "1", "FAZ_tAL": "400545001", "ID_LINHA": 165972 }, "geometry": { "type": "MultiLineString", "coordinates": [ [ [ 403985.826968660461716, 7611149.551017545163631 ], [ 404021.526528897928074, 7611133.339615523815155 ], [ 404050.468099276535213, 7611119.402532020583749 ], [ 404079.209577286499552, 7611104.768945774063468 ], [ 404107.713834747322835, 7611089.373733479529619 ], [ 404135.894012695993297, 7611073.186129601672292 ], [ 404163.623632754082792, 7611056.271353501826525 ], [ 404190.889930506236851, 7611038.673841262236238 ], [ 404230.928183845127933, 7611011.075007619336247 ], [ 404257.051646623818669, 7610991.925033049657941 ], [ 404282.724698764330242, 7610972.214651694521308 ], [ 404307.951353342505172, 7610951.97785965539515 ], [ 404344.979569909628481, 7610920.692688278853893 ], [ 404369.170411599392537, 7610899.188230939209461 ], [ 404392.946798895485699, 7610877.147825285792351 ], [ 404416.274365943565499, 7610854.56763057410717 ], [ 404447.836288064077962, 7610822.308729602023959 ] ] ] } },
{ "type": "Feature", "properties": { "fid": 24.0, "COMPR_M": 569.67, "CLASSE": "03 - Média", "CD_FAZ": "400545", "TALHOES": "1", "FAZ_tAL": "400545001", "ID_LINHA": 165973 }, "geometry": { "type": "MultiLineString", "coordinates": [ [ [ 403985.995950516080484, 7611152.754967702552676 ], [ 404022.800313864019699, 7611136.055807177908719 ], [ 404051.798860024951864, 7611122.091277414932847 ], [ 404080.602395754540339, 7611107.426084876060486 ], [ 404109.173491140129045, 7611091.994762673974037 ], [ 404137.422746773227118, 7611075.767478559166193 ], [ 404165.218622261774726, 7611058.812292564660311 ], [ 404192.547759671928361, 7611041.174229049123824 ], [ 404219.413674325682223, 7611022.888986829668283 ], [ 404245.820150758430827, 7611003.991782624274492 ], [ 404271.771165889978874, 7610984.51737111248076 ], [ 404297.270821926998906, 7610964.500071346759796 ], [ 404334.686182027217001, 7610933.527704957872629 ], [ 404371.186666364432313, 7610901.409708198159933 ], [ 404395.009733575978316, 7610879.326027007773519 ], [ 404418.384669488819782, 7610856.699976768344641 ], [ 404448.059646390844136, 7610826.420010067522526 ] ] ] } },
{ "type": "Feature", "properties": { "fid": 25.0, "COMPR_M": 569.17, "CLASSE": "03 - Média", "CD_FAZ": "400545", "TALHOES": "1", "FAZ_tAL": "400545001", "ID_LINHA": 165974 }, "geometry": { "type": "MultiLineString", "coordinates": [ [ [ 403986.164932370593306, 7611155.958917862735689 ], [ 404024.07409883098444, 7611138.771998830139637 ], [ 404053.129620773368515, 7611124.780022816732526 ], [ 404081.995214223687071, 7611110.083223978057504 ], [ 404110.633147532469593, 7611094.615791865624487 ], [ 404138.951480849238578, 7611078.348827516660094 ], [ 404166.813611769583076, 7611061.353231621906161 ], [ 404194.205588836106472, 7611043.674616834148765 ], [ 404221.131030854186974, 7611025.348864535801113 ], [ 404247.59383705444634, 7611006.411353906616569 ], [ 404273.59810707194265, 7610986.896982861682773 ], [ 404299.148071047500707, 7610966.840195520780981 ], [ 404336.633781033335254, 7610935.809607633389533 ], [ 404373.202921127609443, 7610903.63118546269834 ], [ 404397.072668259206694, 7610881.504228731617332 ], [ 404420.494973035121802, 7610858.832322964444757 ], [ 404448.283004717726726, 7610830.531290536746383 ] ] ] } },
{ "type": "Feature", "properties": { "fid": 26.0, "COMPR_M": 568.66, "CLASSE": "03 - Média", "CD_FAZ": "400545", "TALHOES": "1", "FAZ_tAL": "400545001", "ID_LINHA": 165975 }, "geometry": { "type": "MultiLineString", "coordinates": [ [ [ 403986.333914226735942, 7611159.162868025712669 ], [ 404025.347883796086535, 7611141.488190482370555 ], [ 404054.460381521843374, 7611127.468768214806914 ], [ 404083.388032691902481, 7611112.740363081917167 ], [ 404112.092803924460895, 7611097.236821053549647 ], [ 404140.480214927345514, 7611080.93017647229135 ], [ 404168.408601277507842, 7611063.894170684739947 ], [ 404195.863418001506943, 7611046.175004626624286 ], [ 404222.848387381294742, 7611027.808742235414684 ], [ 404249.367523348890245, 7611008.830925188027322 ], [ 404275.425048252101988, 7610989.276594607159495 ], [ 404301.025320167420432, 7610969.18031969666481 ], [ 404338.581380037590861, 7610938.091510305181146 ], [ 404375.219175891717896, 7610905.852662725374103 ], [ 404399.135602939990349, 7610883.682430449873209 ], [ 404422.605276581132784, 7610860.964669162407517 ], [ 404448.506363043677993, 7610834.64257100597024 ] ] ] } },
{ "type": "Feature", "properties": { "fid": 27.0, "COMPR_M": 568.16, "CLASSE": "03 - Média", "CD_FAZ": "400545", "TALHOES": "1", "FAZ_tAL": "400545001", "ID_LINHA": 165976 }, "geometry": { "type": "MultiLineString", "coordinates": [ [ [ 403986.502896081889048, 7611162.366818182170391 ], [ 404026.621668761305045, 7611144.204382130876184 ], [ 404055.791142269736156, 7611130.157513614743948 ], [ 404084.780851160525344, 7611115.39750218577683 ], [ 404113.552460317965597, 7611099.857850247062743 ], [ 404142.008949004230089, 7611083.511525427922606 ], [ 404170.003590786305722, 7611066.435109744779766 ], [ 404197.521247165335808, 7611048.675392415374517 ], [ 404224.565743908868171, 7611030.268619939684868 ], [ 404251.141209643741604, 7611011.250496472232044 ], [ 404277.25198943313444, 7610991.656206355430186 ], [ 404302.902569287398364, 7610971.520443871617317 ], [ 404340.528979043359868, 7610940.373412979766726 ], [ 404377.23543065530248, 7610908.07413998618722 ], [ 404401.19853762089042, 7610885.860632174648345 ], [ 404424.715580126270652, 7610863.097015355713665 ], [ 404448.729721371782944, 7610838.753851475194097 ] ] ] } },
{ "type": "Feature", "properties": { "fid": 28.0, "COMPR_M": 567.67, "CLASSE": "03 - Média", "CD_FAZ": "400545", "TALHOES": "1", "FAZ_tAL": "400545001", "ID_LINHA": 165977 }, "geometry": { "type": "MultiLineString", "coordinates": [ [ [ 403986.671877937274985, 7611165.570768342353404 ], [ 404027.895453726698179, 7611146.92057378590107 ], [ 404057.121903017628938, 7611132.846259012818336 ], [ 404086.173669628915377, 7611118.054641287773848 ], [ 404115.012116710422561, 7611102.478879438713193 ], [ 404143.537683081114665, 7611086.09287438634783 ], [ 404171.598580293299165, 7611068.976048802956939 ], [ 404199.179076329048257, 7611051.175780199468136 ], [ 404226.283100435684901, 7611032.728497639298439 ], [ 404252.914895938360132, 7611013.670067752711475 ], [ 404279.078930613701232, 7610994.035818101838231 ], [ 404304.779818407492712, 7610973.860568046569824 ], [ 404342.476578048605006, 7610942.655315654352307 ], [ 404379.251685419119895, 7610910.295617247000337 ], [ 404403.261472302605398, 7610888.03883389569819 ], [ 404426.825883673038334, 7610865.229361552745104 ], [ 404448.951897292979993, 7610842.843367799185216 ] ] ] } },
{ "type": "Feature", "properties": { "fid": 29.0, "COMPR_M": 567.2, "CLASSE": "03 - Média", "CD_FAZ": "400545", "TALHOES": "1", "FAZ_tAL": "400545001", "ID_LINHA": 165978 }, "geometry": { "type": "MultiLineString", "coordinates": [ [ [ 403986.840859793010168, 7611168.774718504399061 ], [ 404029.169238692848012, 7611149.636765437200665 ], [ 404058.452663766336627, 7611135.53500441275537 ], [ 404087.566488097072579, 7611120.711780391633511 ], [ 404116.471773102530278, 7611105.099908630363643 ], [ 404145.066417157417163, 7611088.674223344773054 ], [ 404173.19356980046723, 7611071.516987866722047 ], [ 404200.836905493866652, 7611053.67616798914969 ], [ 404228.000456963665783, 7611035.188375346362591 ], [ 404254.688582231290638, 7611016.089639033190906 ], [ 404280.905871795141138, 7610996.415429849177599 ], [ 404306.657067527645268, 7610976.200692219659686 ], [ 404344.424177053384483, 7610944.937218328937888 ], [ 404369.083798977080733, 7610923.460377532057464 ], [ 404393.349583125906065, 7610901.436176180839539 ], [ 404417.188065829745028, 7610878.859079224988818 ], [ 404449.17286446550861, 7610846.910635113716125 ] ] ] } },
{ "type": "Feature", "properties": { "fid": 30.0, "COMPR_M": 566.73, "CLASSE": "03 - Média", "CD_FAZ": "400545", "TALHOES": "1", "FAZ_tAL": "400545001", "ID_LINHA": 165979 }, "geometry": { "type": "MultiLineString", "coordinates": [ [ [ 403987.009841647639405, 7611171.978668662719429 ], [ 404030.443023659812752, 7611152.352957091294229 ], [ 404059.783424514345825, 7611138.223749811761081 ], [ 404088.959306565637235, 7611123.368919497355819 ], [ 404117.931429494754411, 7611107.720937824808061 ], [ 404146.595151234476361, 7611091.25557230040431 ], [ 404174.78855930903228, 7611074.057926927693188 ], [ 404202.494734658568632, 7611056.176555773243308 ], [ 404229.717813490831759, 7611037.648253047838807 ], [ 404256.462268526665866, 7611018.509210317395627 ], [ 404282.732812975416891, 7610998.795041600242257 ], [ 404308.534316647273954, 7610978.540816394612193 ], [ 404346.37177605839679, 7610947.219121005386114 ], [ 404371.076988497108687, 7610925.702571022324264 ], [ 404395.389088239870034, 7610903.636328924447298 ], [ 404419.27460254408652, 7610881.014684977009892 ], [ 404449.39383163745515, 7610850.977902421727777 ] ] ] } },
{ "type": "Feature", "properties": { "fid": 31.0, "COMPR_M": 566.26, "CLASSE": "03 - Média", "CD_FAZ": "400545", "TALHOES": "1", "FAZ_tAL": "400545001", "ID_LINHA": 165980 }, "geometry": { "type": "MultiLineString", "coordinates": [ [ [ 403987.178708127932623, 7611175.180431287735701 ], [ 404031.716808626253624, 7611155.06914874073118 ], [ 404061.114185262471437, 7611140.912495210766792 ], [ 404090.352125034027267, 7611126.026058595627546 ], [ 404119.39108588732779, 7611110.341967014595866 ], [ 404148.123885311593767, 7611093.836921256035566 ], [ 404176.383548817189876, 7611076.598865986801684 ], [ 404204.152563823619857, 7611058.676943564787507 ], [ 404231.435170017182827, 7611040.108130748383701 ], [ 404258.235954822273925, 7611020.928781600669026 ], [ 404284.559754156623967, 7611001.174653346650302 ], [ 404310.411565768299624, 7610980.880940570496023 ], [ 404348.319375064864289, 7610949.50102367810905 ], [ 404373.070178017253056, 7610927.944764515385032 ], [ 404397.428593352495227, 7610905.836481666192412 ], [ 404421.361139258544426, 7610883.170290729030967 ], [ 404449.614798810624052, 7610855.045169729739428 ] ] ] } },
{ "type": "Feature", "properties": { "fid": 32.0, "COMPR_M": 565.78, "CLASSE": "03 - Média", "CD_FAZ": "400545", "TALHOES": "1", "FAZ_tAL": "400545001", "ID_LINHA": 165981 }, "geometry": { "type": "MultiLineString", "coordinates": [ [ [ 403987.347159610828385, 7611178.374325403943658 ], [ 404032.990593592170626, 7611157.785340392962098 ], [ 404062.44494601059705, 7611143.601240610703826 ], [ 404091.744943502126262, 7611128.6831977032125 ], [ 404120.850742280075792, 7611112.962996204383671 ], [ 404149.65261938754702, 7611096.418270213529468 ], [ 404177.978538325463887, 7611079.139805046841502 ], [ 404205.810392987972591, 7611061.177331352606416 ], [ 404233.15252654539654, 7611042.56800845451653 ], [ 404260.009641117067076, 7611023.348352879285812 ], [ 404286.386695337248966, 7611003.554265097714961 ], [ 404312.288814886822365, 7610983.221064742654562 ], [ 404350.266974070225842, 7610951.782926352694631 ], [ 404375.063367538969032, 7610930.186958009377122 ], [ 404399.468098465818912, 7610908.036634410731494 ], [ 404423.447675973700825, 7610885.325896481052041 ], [ 404449.835765983210877, 7610859.112437041476369 ] ] ] } },
{ "type": "Feature", "properties": { "fid": 33.0, "COMPR_M": 565.31, "CLASSE": "03 - Média", "CD_FAZ": "400545", "TALHOES": "1", "FAZ_tAL": "400545001", "ID_LINHA": 165982 }, "geometry": { "type": "MultiLineString", "coordinates": [ [ [ 403987.515611092734616, 7611181.56821951828897 ], [ 404019.464585336099844, 7611167.35193389467895 ], [ 404049.036300613021012, 7611153.483731960877776 ], [ 404078.47782813309459, 7611138.911718615330756 ], [ 404107.750462188734673, 7611123.567242044955492 ], [ 404136.798650940065272, 7611107.389946256764233 ], [ 404165.439885951229371, 7611090.428060658276081 ], [ 404193.582792087923735, 7611072.762400707229972 ], [ 404221.230388106312603, 7611054.431345952674747 ], [ 404248.387319785600994, 7611035.471904054284096 ], [ 404275.05854856496444, 7611015.92043230496347 ], [ 404301.249252633715514, 7610995.812669932842255 ], [ 404339.645979053049814, 7610964.684729866683483 ], [ 404377.056557058240287, 7610932.429151503369212 ], [ 404401.507603579666466, 7610910.236787152476609 ], [ 404425.534212687634863, 7610887.481502233073115 ], [ 404450.056733156379778, 7610863.179704351350665 ] ] ] } },
{ "type": "Feature", "properties": { "fid": 34.0, "COMPR_M": 564.85, "CLASSE": "03 - Média", "CD_FAZ": "400545", "TALHOES": "1", "FAZ_tAL": "400545001", "ID_LINHA": 165983 }, "geometry": { "type": "MultiLineString", "coordinates": [ [ [ 403987.684062574291602, 7611184.76211363170296 ], [ 404020.711861301329918, 7611170.080395806580782 ], [ 404050.337922640086617, 7611156.186698865145445 ], [ 404079.838999100553337, 7611141.585202627815306 ], [ 404109.176126875041518, 7611126.20690889377147 ], [ 404138.292984327650629, 7611109.99136327765882 ], [ 404167.002180650131777, 7611092.989234550856054 ], [ 404195.209622231312096, 7611075.283069914206862 ], [ 404222.918388044636231, 7611056.911462931893766 ], [ 404250.133233378292061, 7611037.9115936961025 ], [ 404276.859238761127926, 7611018.319972228258848 ], [ 404303.101708022353705, 7610998.172471758909523 ], [ 404341.570720602874644, 7610966.98594606667757 ], [ 404379.049746578326449, 7610934.67134499270469 ], [ 404403.547108692815527, 7610912.436939895153046 ], [ 404427.620749402907677, 7610889.63710798509419 ], [ 404450.276563061401248, 7610867.226038372144103 ] ] ] } },
{ "type": "Feature", "properties": { "fid": 35.0, "COMPR_M": 564.4, "CLASSE": "03 - Média", "CD_FAZ": "400545", "TALHOES": "1", "FAZ_tAL": "400545001", "ID_LINHA": 165984 }, "geometry": { "type": "MultiLineString", "coordinates": [ [ [ 403987.852514056838118, 7611187.95600775256753 ], [ 404021.959137268073391, 7611172.808857713826001 ], [ 404051.639544666861184, 7611158.889665772207081 ], [ 404081.200170069176238, 7611144.258686643093824 ], [ 404110.60179156169761, 7611128.846575745381415 ], [ 404139.787317717331462, 7611112.59278030321002 ], [ 404168.56447534810286, 7611095.550408442504704 ], [ 404196.836452375515364, 7611077.803739123046398 ], [ 404224.606387980573345, 7611059.39157990925014 ], [ 404251.879146973253228, 7611040.351283339783549 ], [ 404278.659928954672068, 7611020.719512155279517 ], [ 404304.95416340965312, 7611000.532273580320179 ], [ 404343.495462151535321, 7610969.287162272259593 ], [ 404368.623343353625387, 7610947.840520966798067 ], [ 404393.365468765085097, 7610925.845958078280091 ], [ 404417.702015070186462, 7610903.286245942115784 ], [ 404450.495258486247621, 7610871.251490401104093 ] ] ] } },
{ "type": "Feature", "properties": { "fid": 36.0, "COMPR_M": 563.95, "CLASSE": "03 - Média", "CD_FAZ": "400545", "TALHOES": "1", "FAZ_tAL": "400545001", "ID_LINHA": 165985 }, "geometry": { "type": "MultiLineString", "coordinates": [ [ [ 403988.020965539035387, 7611191.149901863187551 ], [ 404023.206413233478088, 7611175.5373196285218 ], [ 404052.94116669340292, 7611161.592632675543427 ], [ 404082.561341037624516, 7611146.932170659303665 ], [ 404112.027456247946247, 7611131.486242598854005 ], [ 404141.28165110561531, 7611115.19419732503593 ], [ 404170.12677004566649, 7611098.111582333222032 ], [ 404198.46328252000967, 7611080.324408329091966 ], [ 404226.294387919595465, 7611061.871696889400482 ], [ 404253.625060567224864, 7611042.790972985327244 ], [ 404280.460619148332626, 7611023.119052085094154 ], [ 404306.806618794915266, 7611002.892075402662158 ], [ 404345.420203700428829, 7610971.588378477841616 ], [ 404370.593657807214186, 7610950.102840358391404 ], [ 404395.381723529775627, 7610928.067435339093208 ], [ 404419.764949751028325, 7610905.464447666890919 ], [ 404450.713953910395503, 7610875.276942428201437 ] ] ] } },
{ "type": "Feature", "properties": { "fid": 37.0, "COMPR_M": 563.51, "CLASSE": "03 - Média", "CD_FAZ": "400545", "TALHOES": "1", "FAZ_tAL": "400545001", "ID_LINHA": 165986 }, "geometry": { "type": "MultiLineString", "coordinates": [ [ [ 403988.189417020883411, 7611194.343795981258154 ], [ 404024.4536891989992, 7611178.265781536698341 ], [ 404054.242788719537202, 7611164.295599581673741 ], [ 404083.922512005316094, 7611149.605654673650861 ], [ 404113.453120934602339, 7611134.125909449532628 ], [ 404142.775984493258875, 7611117.795614346861839 ], [ 404171.689064743579365, 7611100.672756223939359 ], [ 404200.0901126639219, 7611082.845077535137534 ], [ 404227.982387856231071, 7611064.351813871413469 ], [ 404255.370974160148762, 7611045.230662629008293 ], [ 404282.261309343506582, 7611025.518592010252178 ], [ 404308.65907418273855, 7611005.251877228729427 ], [ 404347.344945248798467, 7610973.889594682492316 ], [ 404372.563972259464208, 7610952.365159748122096 ], [ 404397.397978292545304, 7610930.28891260176897 ], [ 404421.827884432743303, 7610907.642649387940764 ], [ 404450.932649335241877, 7610879.302394455298781 ] ] ] } },
{ "type": "Feature", "properties": { "fid": 38.0, "COMPR_M": 563.06, "CLASSE": "03 - Média", "CD_FAZ": "400545", "TALHOES": "1", "FAZ_tAL": "400545001", "ID_LINHA": 165987 }, "geometry": { "type": "MultiLineString", "coordinates": [ [ [ 403988.357868503080681, 7611197.537690095603466 ], [ 404025.700965165335219, 7611180.994243452325463 ], [ 404055.544410747359507, 7611166.998566487804055 ], [ 404085.28368297428824, 7611152.279138685204089 ], [ 404114.878785619628616, 7611136.765576303936541 ], [ 404144.270317882183008, 7611120.397031372413039 ], [ 404173.251359441899695, 7611103.233930114656687 ], [ 404201.716942806146108, 7611085.36574674770236 ], [ 404229.670387792692054, 7611066.831930849701166 ], [ 404257.116887755342759, 7611047.670352272689342 ], [ 404284.06199953739997, 7611027.918131934478879 ], [ 404310.511529570561834, 7611007.611679054796696 ], [ 404349.269686797983013, 7610976.190810887143016 ], [ 404374.534286712296307, 7610954.627479141578078 ], [ 404399.414233055664226, 7610932.510389861650765 ], [ 404423.890819113934413, 7610909.820851107127964 ], [ 404451.151344760670327, 7610883.327846482396126 ] ] ] } },
{ "type": "Feature", "properties": { "fid": 39.0, "COMPR_M": 562.61, "CLASSE": "03 - Média", "CD_FAZ": "400545", "TALHOES": "1", "FAZ_tAL": "400545001", "ID_LINHA": 165988 }, "geometry": { "type": "MultiLineString", "coordinates": [ [ [ 403988.526319985568989, 7611200.731584209948778 ], [ 404026.948241131030954, 7611183.722705364227295 ], [ 404056.846032774192281, 7611169.701533392071724 ], [ 404086.644853942329064, 7611154.952622696757317 ], [ 404116.304450307565276, 7611139.405243154615164 ], [ 404145.764651271165349, 7611122.998448394238949 ], [ 404174.81365413981257, 7611105.795104008167982 ], [ 404203.343772951164283, 7611087.886415952816606 ], [ 404231.358387731423136, 7611069.312047831714153 ], [ 404258.862801348848734, 7611050.110041914507747 ], [ 404285.862689730827697, 7611030.317671857774258 ], [ 404312.363984956406057, 7611009.971480878069997 ], [ 404338.372774045739789, 7610989.107328591868281 ], [ 404376.504601167107467, 7610956.88979853130877 ], [ 404401.430487820180133, 7610934.731867123395205 ], [ 404425.953753795241937, 7610911.99905282817781 ], [ 404451.370040186098777, 7610887.353298508562148 ] ] ] } },
{ "type": "Feature", "properties": { "fid": 40.0, "COMPR_M": 562.18, "CLASSE": "03 - Média", "CD_FAZ": "400545", "TALHOES": "1", "FAZ_tAL": "400545001", "ID_LINHA": 165989 }, "geometry": { "type": "MultiLineString", "coordinates": [ [ [ 403988.694771467708051, 7611203.925478327088058 ], [ 404028.195517096843105, 7611186.451167274266481 ], [ 404058.147654801374301, 7611172.404500298202038 ], [ 404088.006024911592249, 7611157.626106711104512 ], [ 404117.730114993231837, 7611142.044910008087754 ], [ 404147.258984658168629, 7611125.599865417927504 ], [ 404176.375948837434407, 7611108.356277897953987 ], [ 404204.970603094378021, 7611090.407085158862174 ], [ 404233.046387668582611, 7611071.79216481000185 ], [ 404260.608714941365179, 7611052.549731558188796 ], [ 404287.663379926292691, 7611032.717211785726249 ], [ 404314.216440344811417, 7611012.331282699480653 ], [ 404340.274112840299495, 7610991.427920402958989 ], [ 404378.474915619182866, 7610959.152117918245494 ], [ 404403.446742583531886, 7610936.953344386070967 ], [ 404428.016688476724084, 7610914.177254550158978 ], [ 404451.590050527243875, 7610891.365050249733031 ] ] ] } },
{ "type": "Feature", "properties": { "fid": 41.0, "COMPR_M": 561.76, "CLASSE": "03 - Média", "CD_FAZ": "400545", "TALHOES": "1", "FAZ_tAL": "400545001", "ID_LINHA": 165990 }, "geometry": { "type": "MultiLineString", "coordinates": [ [ [ 403988.863222948857583, 7611207.119372442364693 ], [ 404029.442793062189594, 7611189.179629184305668 ], [ 404059.449276828265283, 7611175.107467200607061 ], [ 404089.367195880040526, 7611160.299590728245676 ], [ 404119.155779679887928, 7611144.684576857835054 ], [ 404148.753318048431538, 7611128.201282438822091 ], [ 404177.938243535347283, 7611110.917451787739992 ], [ 404206.597433237126097, 7611092.927754366770387 ], [ 404234.734387606033124, 7611074.272281791083515 ], [ 404262.354628536733799, 7611054.989421201869845 ], [ 404289.464070119312964, 7611035.11675170995295 ], [ 404316.068895731121302, 7611014.691084524616599 ], [ 404342.175451634160709, 7610993.748512210324407 ], [ 404367.795365116267931, 7610972.320050418376923 ], [ 404393.002073222538456, 7610950.366699444130063 ], [ 404417.823644484975375, 7610927.838009094819427 ], [ 404451.811639639548957, 7610895.345798483118415 ] ] ] } },
{ "type": "Feature", "properties": { "fid": 42.0, "COMPR_M": 561.35, "CLASSE": "03 - Média", "CD_FAZ": "400545", "TALHOES": "1", "FAZ_tAL": "400545001", "ID_LINHA": 165991 }, "geometry": { "type": "MultiLineString", "coordinates": [ [ [ 403989.031674430938438, 7611210.313266556710005 ], [ 404045.728443251398858, 7611184.947256913408637 ], [ 404075.752553490281571, 7611170.488694598898292 ], [ 404105.673128187248949, 7611155.254588735289872 ], [ 404135.447306203772314, 7611139.173288125544786 ], [ 404164.939960157324094, 7611122.231759778223932 ], [ 404193.928433404304087, 7611104.54919564910233 ], [ 404222.388684633129742, 7611086.181209231726825 ], [ 404250.326091817463748, 7611067.16678548976779 ], [ 404277.746504063543398, 7611047.544065696187317 ], [ 404304.656107144954149, 7611027.350382573902607 ], [ 404344.076790427963715, 7610996.069104016758502 ], [ 404369.742964121396653, 7610974.601953092031181 ], [ 404394.995262742799241, 7610952.608892938122153 ], [ 404419.863149598415475, 7610930.038161838427186 ], [ 404452.033228750864509, 7610899.326546709984541 ] ] ] } },
{ "type": "Feature", "properties": { "fid": 43.0, "COMPR_M": 560.94, "CLASSE": "03 - Média", "CD_FAZ": "400545", "TALHOES": "1", "FAZ_tAL": "400545001", "ID_LINHA": 165992 }, "geometry": { "type": "MultiLineString", "coordinates": [ [ [ 403989.20012591406703, 7611213.507160674780607 ], [ 404047.002228217432275, 7611187.663448562845588 ], [ 404077.083314240269829, 7611173.177439995110035 ], [ 404107.06594665593002, 7611157.911727836355567 ], [ 404136.906962596462108, 7611141.794317316263914 ], [ 404166.468694233917631, 7611124.813108736649156 ], [ 404195.52342291228706, 7611107.090134708210826 ], [ 404224.046513797482476, 7611088.681597022339702 ], [ 404252.043448345444631, 7611069.626663185656071 ], [ 404279.52019035781268, 7611049.963636975735426 ], [ 404306.483048325811978, 7611029.72999431937933 ], [ 404345.978129222348798, 7610998.389695828780532 ], [ 404371.690563126699999, 7610976.883855769410729 ], [ 404396.988452263118234, 7610954.851086431182921 ], [ 404421.902654711215291, 7610932.238314578309655 ], [ 404452.254817861947231, 7610903.307294936850667 ] ] ] } },
{ "type": "Feature", "properties": { "fid": 44.0, "COMPR_M": 560.52, "CLASSE": "03 - Média", "CD_FAZ": "400545", "TALHOES": "1", "FAZ_tAL": "400545001", "ID_LINHA": 165993 }, "geometry": { "type": "MultiLineString", "coordinates": [ [ [ 403989.3685773955076, 7611216.701054789125919 ], [ 404048.276013182941824, 7611190.379640216939151 ], [ 404078.414074986998457, 7611175.866185394115746 ], [ 404108.458765122981276, 7611160.56886694021523 ], [ 404138.366618988802657, 7611144.415346506983042 ], [ 404167.997428311267868, 7611127.394457694143057 ], [ 404197.118412421026733, 7611109.631073770113289 ], [ 404225.704342962300871, 7611091.181984804570675 ], [ 404253.760804873832967, 7611072.086540890857577 ], [ 404281.293876653071493, 7611052.383208258077502 ], [ 404308.309989506145939, 7611032.109606066718698 ], [ 404347.879468015336897, 7611000.710287633351982 ], [ 404373.638162131421268, 7610979.165758443064988 ], [ 404398.981641783029772, 7610957.093279924243689 ], [ 404423.942159824597184, 7610934.438467321917415 ], [ 404452.47640697407769, 7610907.288043167442083 ] ] ] } },
{ "type": "Feature", "properties": { "fid": 45.0, "COMPR_M": 560.11, "CLASSE": "03 - Média", "CD_FAZ": "400545", "TALHOES": "1", "FAZ_tAL": "400545001", "ID_LINHA": 165994 }, "geometry": { "type": "MultiLineString", "coordinates": [ [ [ 403989.537028878577985, 7611219.894948903471231 ], [ 404049.549798149906565, 7611193.09583186917007 ], [ 404079.744835735764354, 7611178.554930794984102 ], [ 404109.851583593117539, 7611163.226006042212248 ], [ 404139.826275381376036, 7611147.03637570142746 ], [ 404169.526162387337536, 7611129.975806651636958 ], [ 404198.71340192866046, 7611112.172012829221785 ], [ 404227.362172126886435, 7611093.682372597046196 ], [ 404255.478161399427336, 7611074.546418595127761 ], [ 404283.067562948097475, 7611054.802779540419579 ], [ 404310.136930687353015, 7611034.489217814058065 ], [ 404336.693053448165301, 7611013.642679017037153 ], [ 404362.742877638200298, 7610992.299324316903949 ], [ 404400.974831304338295, 7610959.335473414510489 ], [ 404425.981664935941808, 7610936.638620065525174 ], [ 404452.697996085276827, 7610911.2687913980335 ] ] ] } },
{ "type": "Feature", "properties": { "fid": 46.0, "COMPR_M": 559.69, "CLASSE": "03 - Média", "CD_FAZ": "400545", "TALHOES": "1", "FAZ_tAL": "400545001", "ID_LINHA": 165995 }, "geometry": { "type": "MultiLineString", "coordinates": [ [ [ 403989.7052290198626, 7611223.084077537059784 ], [ 404020.528985110053327, 7611209.661092688329518 ], [ 404050.82358311500866, 7611195.812023520469666 ], [ 404081.075596483889967, 7611181.243676194921136 ], [ 404111.24440206104191, 7611165.883145147934556 ], [ 404141.285931773425546, 7611149.65740489307791 ], [ 404171.05489646474598, 7611132.557155603542924 ], [ 404200.308391437109094, 7611114.712951890192926 ], [ 404229.020001290598884, 7611096.182760383933783 ], [ 404257.195517928223126, 7611077.006296295672655 ], [ 404284.841249241493642, 7611057.222350822761655 ], [ 404311.963871868094429, 7611036.868829563260078 ], [ 404338.570302567793988, 7611015.982803191058338 ], [ 404364.667619187501259, 7610994.600540520623326 ], [ 404402.968020823900588, 7610961.577666906639934 ], [ 404428.021170050487854, 7610938.838772809132934 ], [ 404452.919585196184926, 7610915.249539625830948 ] ] ] } },
{ "type": "Feature", "properties": { "fid": 47.0, "COMPR_M": 559.3, "CLASSE": "03 - Média", "CD_FAZ": "400545", "TALHOES": "1", "FAZ_tAL": "400545001", "ID_LINHA": 165996 }, "geometry": { "type": "MultiLineString", "coordinates": [ [ [ 403989.873197626846377, 7611226.26881617307663 ], [ 404021.751103076967411, 7611212.400911515578628 ], [ 404052.097368081507739, 7611198.528215174563229 ], [ 404082.406357232073788, 7611183.932421592064202 ], [ 404112.637220529315528, 7611168.540284249931574 ], [ 404142.74558816512581, 7611152.278434082865715 ], [ 404172.583630541572347, 7611135.138504561968148 ], [ 404201.903380944975652, 7611117.253890947438776 ], [ 404230.677830455533694, 7611098.683148170821369 ], [ 404258.912874454807024, 7611079.466174002736807 ], [ 404286.614935535239056, 7611059.641922103241086 ], [ 404313.790813047671691, 7611039.248441310599446 ], [ 404340.447551688877866, 7611018.322927369736135 ], [ 404366.592360736278351, 7610996.901756728067994 ], [ 404392.267116794246249, 7610974.988353656604886 ], [ 404417.560525930486619, 7610952.503685219213367 ], [ 404453.139369594922755, 7610919.197866997681558 ] ] ] } },
{ "type": "Feature", "properties": { "fid": 48.0, "COMPR_M": 558.91, "CLASSE": "03 - Média", "CD_FAZ": "400545", "TALHOES": "1", "FAZ_tAL": "400545001", "ID_LINHA": 165997 }, "geometry": { "type": "MultiLineString", "coordinates": [ [ [ 403990.041166233597323, 7611229.45355480723083 ], [ 404022.973221044230741, 7611215.140730341896415 ], [ 404053.371153047541156, 7611201.244406826794147 ], [ 404083.737117980374023, 7611186.621166988275945 ], [ 404114.030038997414522, 7611171.197423353791237 ], [ 404144.205244557699189, 7611154.899463278241456 ], [ 404174.112364618456922, 7611137.719853520393372 ], [ 404203.498370453715324, 7611119.79483000934124 ], [ 404232.335659620235674, 7611101.183535957708955 ], [ 404260.630230982613284, 7611081.926051703281701 ], [ 404288.388621831312776, 7611062.061493382789195 ], [ 404315.617754229460843, 7611041.628053057938814 ], [ 404342.324800808099099, 7611020.663051540032029 ], [ 404368.517102285288274, 7610999.202972931787372 ], [ 404394.237431248533539, 7610977.250673046335578 ], [ 404419.576780693954788, 7610954.725162479095161 ], [ 404453.358861114887986, 7610923.140932941809297 ] ] ] } },
{ "type": "Feature", "properties": { "fid": 49.0, "COMPR_M": 558.51, "CLASSE": "03 - Média", "CD_FAZ": "400545", "TALHOES": "1", "FAZ_tAL": "400545001", "ID_LINHA": 165998 }, "geometry": { "type": "MultiLineString", "coordinates": [ [ [ 403990.209134838776663, 7611232.638293443247676 ], [ 404024.195339010329917, 7611217.880549171939492 ], [ 404054.644938013632782, 7611203.960598478093743 ], [ 404085.067878727975767, 7611189.309912387281656 ], [ 404115.422857466503046, 7611173.854562455788255 ], [ 404145.664900950505398, 7611157.520492468029261 ], [ 404175.641098695457913, 7611140.301202476024628 ], [ 404205.093359961290844, 7611122.335769068449736 ], [ 404233.993488784704823, 7611103.683923747390509 ], [ 404262.347587509604637, 7611084.38592940568924 ], [ 404290.162308125814889, 7611064.481064664199948 ], [ 404317.444695410027634, 7611044.007664803415537 ], [ 404344.202049927320331, 7611023.003175715915859 ], [ 404370.441843833774328, 7611001.504189134575427 ], [ 404396.207745702762622, 7610979.512992435134947 ], [ 404421.593035457655787, 7610956.946639741770923 ], [ 404453.578352634911425, 7610927.083998882211745 ] ] ] } },
{ "type": "Feature", "properties": { "fid": 50.0, "COMPR_M": 558.12, "CLASSE": "03 - Média", "CD_FAZ": "400545", "TALHOES": "1", "FAZ_tAL": "400545001", "ID_LINHA": 165999 }, "geometry": { "type": "MultiLineString", "coordinates": [ [ [ 403990.377103445702232, 7611235.823032080195844 ], [ 404025.417456978058908, 7611220.620368001051247 ], [ 404055.918722979840823, 7611206.676790129393339 ], [ 404086.398639475635719, 7611191.99865778721869 ], [ 404116.815675934019964, 7611176.511701559647918 ], [ 404147.124557342845947, 7611160.141521656885743 ], [ 404177.169832771760412, 7611142.882551431655884 ], [ 404206.688349468982778, 7611124.876708126626909 ], [ 404235.651317949057557, 7611106.184311535209417 ], [ 404264.064944037003443, 7611086.845807110890746 ], [ 404291.935994420666248, 7611066.90063594840467 ], [ 404319.271636590827256, 7611046.387276554480195 ], [ 404346.079299046657979, 7611025.343299891799688 ], [ 404372.366585382435005, 7611003.805405342020094 ], [ 404398.178060156293213, 7610981.775311825796962 ], [ 404423.609290220192634, 7610959.168117004446685 ], [ 404453.797844154876657, 7610931.027064824476838 ] ] ] } },
{ "type": "Feature", "properties": { "fid": 51.0, "COMPR_M": 557.73, "CLASSE": "03 - Média", "CD_FAZ": "400545", "TALHOES": "1", "FAZ_tAL": "400545001", "ID_LINHA": 166000 }, "geometry": { "type": "MultiLineString", "coordinates": [ [ [ 403990.545072052394971, 7611239.007770715281367 ], [ 404026.639574945322238, 7611223.360186828300357 ], [ 404057.19250794488471, 7611209.392981780692935 ], [ 404087.72940022527473, 7611194.687403187155724 ], [ 404118.20849440258462, 7611179.168840663507581 ], [ 404148.584213735419326, 7611162.762550853192806 ], [ 404178.698566848877817, 7611145.463900388218462 ], [ 404208.283338976791129, 7611127.417647189460695 ], [ 404237.30914711317746, 7611108.684699322097003 ], [ 404265.782300564344041, 7611089.305684814229608 ], [ 404293.709680713829584, 7611069.320207228884101 ], [ 404321.098577771219425, 7611048.76688830088824 ], [ 404347.956548168091103, 7611027.68342406488955 ], [ 404374.291326931270305, 7611006.106621545739472 ], [ 404400.148374609765597, 7610984.037631220184267 ], [ 404425.625544984941371, 7610961.389594266191125 ], [ 404454.017335674958304, 7610934.970130768604577 ] ] ] } },
{ "type": "Feature", "properties": { "fid": 52.0, "COMPR_M": 557.34, "CLASSE": "03 - Média", "CD_FAZ": "400545", "TALHOES": "1", "FAZ_tAL": "400545001", "ID_LINHA": 166001 }, "geometry": { "type": "MultiLineString", "coordinates": [ [ [ 403990.713040658854879, 7611242.192509348504245 ], [ 404027.861692912876606, 7611226.100005658343434 ], [ 404058.466292910743505, 7611212.109173431992531 ], [ 404089.060160971013829, 7611197.376148586161435 ], [ 404119.601312871556729, 7611181.825979765504599 ], [ 404150.043870127585251, 7611165.383580042980611 ], [ 404180.2273009265773, 7611148.045249346643686 ], [ 404209.878328484017402, 7611129.958586249500513 ], [ 404238.96697627712274, 7611111.185087110847235 ], [ 404267.499657091510016, 7611091.765562517568469 ], [ 404295.483367009437643, 7611071.739778513088822 ], [ 404322.925518952310085, 7611051.146500049158931 ], [ 404349.833797288243659, 7611030.023548239842057 ], [ 404376.216068479581736, 7611008.407837749458849 ], [ 404402.118689063179772, 7610986.299950608983636 ], [ 404427.641799749108031, 7610963.611071528866887 ], [ 404454.23682719503995, 7610938.91319671086967 ] ] ] } },
{ "type": "Feature", "properties": { "fid": 53.0, "COMPR_M": 556.95, "CLASSE": "03 - Média", "CD_FAZ": "400545", "TALHOES": "1", "FAZ_tAL": "400545001", "ID_LINHA": 166002 }, "geometry": { "type": "MultiLineString", "coordinates": [ [ [ 403990.881009264325257, 7611245.377247983589768 ], [ 404029.083810880081728, 7611228.839824486523867 ], [ 404059.740077875962015, 7611214.825365085154772 ], [ 404090.390921720769256, 7611200.064893983304501 ], [ 404120.994131340296008, 7611184.483118873089552 ], [ 404166.685318709234707, 7611159.418286713771522 ], [ 404196.68577990855556, 7611141.651538481935859 ], [ 404226.119394963083323, 7611123.175784857943654 ], [ 404254.990386854391545, 7611104.033685548231006 ], [ 404283.305591664277017, 7611084.265696924179792 ], [ 404311.07235245249467, 7611063.911230814643204 ], [ 404338.298360377550125, 7611043.008706411346793 ], [ 404364.991517160902731, 7611021.595613913610578 ], [ 404404.089003515895456, 7610988.562269998714328 ], [ 404429.658054512226954, 7610965.832548787817359 ], [ 404454.455908585281577, 7610942.848894867114723 ] ] ] } },
{ "type": "Feature", "properties": { "fid": 54.0, "COMPR_M": 556.58, "CLASSE": "03 - Média", "CD_FAZ": "400545", "TALHOES": "1", "FAZ_tAL": "400545001", "ID_LINHA": 166003 }, "geometry": { "type": "MultiLineString", "coordinates": [ [ [ 403991.054699230007827, 7611248.559575451537967 ], [ 404030.305928846821189, 7611231.579643316566944 ], [ 404061.013862843334209, 7611217.54155673738569 ], [ 404091.721682467905339, 7611202.753639383241534 ], [ 404122.38694980944274, 7611187.140257971361279 ], [ 404168.179652098042425, 7611162.019703735597432 ], [ 404198.24807460809825, 7611144.212712373584509 ], [ 404227.746225106995553, 7611125.696454063989222 ], [ 404256.678386791842058, 7611106.51380252931267 ], [ 404285.051505258714315, 7611086.705386568792164 ], [ 404312.873042645514943, 7611066.310770740732551 ], [ 404340.150815763918217, 7611045.368508234620094 ], [ 404366.892855955113191, 7611023.916205720975995 ], [ 404393.114152182533871, 7611001.984785184264183 ], [ 404418.913536987965927, 7610979.515214852057397 ], [ 404454.673402723739855, 7610946.756078752689064 ] ] ] } },
{ "type": "Feature", "properties": { "fid": 55.0, "COMPR_M": 556.2, "CLASSE": "03 - Média", "CD_FAZ": "400545", "TALHOES": "1", "FAZ_tAL": "400545001", "ID_LINHA": 166004 }, "geometry": { "type": "MultiLineString", "coordinates": [ [ [ 403991.22849497385323, 7611251.741858341731131 ], [ 404031.528046813851688, 7611234.319462144747376 ], [ 404062.28764780954225, 7611220.257748388685286 ], [ 404093.052443217020482, 7611205.442384783178568 ], [ 404123.779768277716357, 7611189.797397073358297 ], [ 404169.673985486850142, 7611164.621120759285986 ], [ 404199.810369305952918, 7611146.773886267095804 ], [ 404229.373055250383914, 7611128.217123271897435 ], [ 404258.366386728943326, 7611108.993919505737722 ], [ 404286.797418852162082, 7611089.145076211541891 ], [ 404314.673732841212768, 7611068.71031066775322 ], [ 404342.003271151566878, 7611047.728310057893395 ], [ 404368.794194747926667, 7611026.236797530204058 ], [ 404395.061751189117786, 7611004.266687859781086 ], [ 404420.906726509041619, 7610981.75740834325552 ], [ 404454.890896861325018, 7610950.663262636400759 ] ] ] } },
{ "type": "Feature", "properties": { "fid": 56.0, "COMPR_M": 555.83, "CLASSE": "03 - Média", "CD_FAZ": "400545", "TALHOES": "1", "FAZ_tAL": "400545001", "ID_LINHA": 166005 }, "geometry": { "type": "MultiLineString", "coordinates": [ [ [ 403991.402290720317978, 7611254.92414122633636 ], [ 404032.750164779834449, 7611237.059280971996486 ], [ 404063.561432775808498, 7611222.973940041847527 ], [ 404094.383203965553548, 7611208.131130181252956 ], [ 404125.172586745582521, 7611192.454536179080606 ], [ 404171.168318874901161, 7611167.222537783905864 ], [ 404201.372664003516547, 7611149.335060155019164 ], [ 404230.999885393946897, 7611130.737792479805648 ], [ 404260.054386666452046, 7611111.474036486819386 ], [ 404288.543332446541172, 7611091.584765853360295 ], [ 404316.474423035804648, 7611071.109850592911243 ], [ 404343.855726538458839, 7611050.088111883029342 ], [ 404370.695533542660996, 7611028.55738933943212 ], [ 404397.009350192558486, 7611006.5485905315727 ], [ 404422.899916028254665, 7610983.99960183724761 ], [ 404455.10839100019075, 7610954.570446520112455 ] ] ] } },
{ "type": "Feature", "properties": { "fid": 57.0, "COMPR_M": 555.45, "CLASSE": "03 - Média", "CD_FAZ": "400545", "TALHOES": "1", "FAZ_tAL": "400545001", "ID_LINHA": 166006 }, "geometry": { "type": "MultiLineString", "coordinates": [ [ [ 403991.576086463406682, 7611258.106424117460847 ], [ 404033.972282748087309, 7611239.799099800176919 ], [ 404064.835217741550878, 7611225.690131690353155 ], [ 404095.713964712165762, 7611210.819875579327345 ], [ 404126.56540521455463, 7611195.111675282940269 ], [ 404172.662652263708878, 7611169.823954803869128 ], [ 404202.9349587020115, 7611151.896234044805169 ], [ 404232.626715537684504, 7611133.258461687713861 ], [ 404261.742386602913029, 7611113.954153466969728 ], [ 404290.289246041153092, 7611094.024455497972667 ], [ 404318.275113229814451, 7611073.509390517137945 ], [ 404345.708181924652308, 7611052.447913707233965 ], [ 404372.596872335358057, 7611030.877981149591506 ], [ 404398.956949198851362, 7611008.830493208952248 ], [ 404424.893105549039319, 7610986.241795330308378 ], [ 404455.325885138183367, 7610958.477630402892828 ] ] ] } },
{ "type": "Feature", "properties": { "fid": 58.0, "COMPR_M": 555.08, "CLASSE": "03 - Média", "CD_FAZ": "400545", "TALHOES": "1", "FAZ_tAL": "400545001", "ID_LINHA": 166007 }, "geometry": { "type": "MultiLineString", "coordinates": [ [ [ 403991.749882208416238, 7611261.288707005791366 ], [ 404035.194400715176016, 7611242.538918629288673 ], [ 404066.109002706012689, 7611228.406323345378041 ], [ 404097.044725460757036, 7611213.508620979264379 ], [ 404127.958223682653625, 7611197.768814386799932 ], [ 404174.156985651759896, 7611172.425371830351651 ], [ 404204.497253398876637, 7611154.457407938316464 ], [ 404234.253545680316165, 7611135.779130894690752 ], [ 404263.430386539781466, 7611116.434270444326103 ], [ 404292.035159634775482, 7611096.464145140722394 ], [ 404320.075803424522746, 7611075.908930443227291 ], [ 404347.56063731276663, 7611054.807715531438589 ], [ 404374.498211129975971, 7611033.198572954162955 ], [ 404400.904548203921877, 7611011.112395878881216 ], [ 404426.886295069998596, 7610988.483988819643855 ], [ 404455.543379277281929, 7610962.384814289398491 ] ] ] } },
{ "type": "Feature", "properties": { "fid": 59.0, "COMPR_M": 554.7, "CLASSE": "03 - Média", "CD_FAZ": "400545", "TALHOES": "1", "FAZ_tAL": "400545001", "ID_LINHA": 166008 }, "geometry": { "type": "MultiLineString", "coordinates": [ [ [ 403991.923677952785511, 7611264.470989895053208 ], [ 404036.416518682613969, 7611245.278737457469106 ], [ 404067.382787673326675, 7611231.122514996677637 ], [ 404098.375486208708026, 7611216.197366379201412 ], [ 404129.351042150403373, 7611200.425953488796949 ], [ 404175.65131903917063, 7611175.026788850314915 ], [ 404206.059548097371589, 7611157.018581828102469 ], [ 404235.88037582510151, 7611138.299800101667643 ], [ 404265.118386477581225, 7611118.914387427270412 ], [ 404293.781073227990419, 7611098.903834781609476 ], [ 404321.876493618707173, 7611078.308470368385315 ], [ 404349.413092699483968, 7611057.167517353780568 ], [ 404376.399549923837185, 7611035.519164763391018 ], [ 404402.852147209167015, 7611013.394298556260765 ], [ 404428.879484591074288, 7610990.726182313635945 ], [ 404455.760873414343223, 7610966.291998172178864 ] ] ] } },
{ "type": "Feature", "properties": { "fid": 60.0, "COMPR_M": 554.33, "CLASSE": "03 - Média", "CD_FAZ": "400545", "TALHOES": "1", "FAZ_tAL": "400545001", "ID_LINHA": 166009 }, "geometry": { "type": "MultiLineString", "coordinates": [ [ [ 403992.097473696456291, 7611267.653272782452404 ], [ 404037.63863664958626, 7611248.018556285649538 ], [ 404068.656572638079524, 7611233.838706649839878 ], [ 404099.7062469572993, 7611218.886111778207123 ], [ 404130.743860619317275, 7611203.083092590793967 ], [ 404177.145652427861933, 7611177.628205875866115 ], [ 404207.621842794818804, 7611159.579755718819797 ], [ 404237.507205968722701, 7611140.820469310507178 ], [ 404266.806386415730231, 7611121.394504403695464 ], [ 404295.52698682207847, 7611101.343524429015815 ], [ 404323.677183813008014, 7611080.708010291680694 ], [ 404351.265548086841591, 7611059.527319179847836 ], [ 404378.300888718222268, 7611037.839756573550403 ], [ 404404.799746213946491, 7611015.676201230846345 ], [ 404430.872674110985827, 7610992.96837580576539 ], [ 404455.977745092357509, 7610970.187999835237861 ] ] ] } },
{ "type": "Feature", "properties": { "fid": 77.0, "COMPR_M": 106.78, "CLASSE": "02 - Curta", "CD_FAZ": "400545", "TALHOES": "1", "FAZ_tAL": "400545001", "ID_LINHA": 166010 }, "geometry": { "type": "MultiLineString", "coordinates": [ [ [ 404387.229883000836708, 7611397.581668559461832 ], [ 404433.918380222748965, 7611366.926085400395095 ], [ 404475.559029460302554, 7611337.666875610128045 ] ] ] } },
{ "type": "Feature", "properties": { "fid": 78.0, "COMPR_M": 113.21, "CLASSE": "02 - Curta", "CD_FAZ": "400545", "TALHOES": "1", "FAZ_tAL": "400545001", "ID_LINHA": 166011 }, "geometry": { "type": "MultiLineString", "coordinates": [ [ [ 404381.682516967819538, 7611397.556825309991837 ], [ 404432.230380285356659, 7611364.445968420244753 ], [ 404475.372593553620391, 7611334.097510579042137 ] ] ] } },
{ "type": "Feature", "properties": { "fid": 79.0, "COMPR_M": 119.67, "CLASSE": "02 - Curta", "CD_FAZ": "400545", "TALHOES": "1", "FAZ_tAL": "400545001", "ID_LINHA": 166012 }, "geometry": { "type": "MultiLineString", "coordinates": [ [ [ 404376.100588098808657, 7611397.531827273778617 ], [ 404430.542380348197185, 7611361.965851441957057 ], [ 404475.186157646414358, 7611330.528145546093583 ] ] ] } },
{ "type": "Feature", "properties": { "fid": 80.0, "COMPR_M": 126.2, "CLASSE": "02 - Curta", "CD_FAZ": "400545", "TALHOES": "1", "FAZ_tAL": "400545001", "ID_LINHA": 166013 }, "geometry": { "type": "MultiLineString", "coordinates": [ [ [ 404370.440981453401037, 7611397.506481369957328 ], [ 404393.682899757928681, 7611382.804713234305382 ], [ 404428.854380409989972, 7611359.485734462738037 ], [ 404474.999721740023233, 7611326.958780514076352 ] ] ] } },
{ "type": "Feature", "properties": { "fid": 81.0, "COMPR_M": 132.72, "CLASSE": "02 - Curta", "CD_FAZ": "400545", "TALHOES": "1", "FAZ_tAL": "400545001", "ID_LINHA": 166014 }, "geometry": { "type": "MultiLineString", "coordinates": [ [ [ 404364.781374812009744, 7611397.481135463342071 ], [ 404392.056069613841828, 7611380.284044026397169 ], [ 404427.166380472714081, 7611357.00561748072505 ], [ 404474.813285832351539, 7611323.389415482059121 ] ] ] } },
{ "type": "Feature", "properties": { "fid": 82.0, "COMPR_M": 139.25, "CLASSE": "02 - Curta", "CD_FAZ": "400545", "TALHOES": "1", "FAZ_tAL": "400545001", "ID_LINHA": 166015 }, "geometry": { "type": "MultiLineString", "coordinates": [ [ [ 404359.121768167533446, 7611397.455789555795491 ], [ 404390.429239470511675, 7611377.763374818488955 ], [ 404425.478380535671022, 7611354.525500500574708 ], [ 404474.62684992805589, 7611319.82005045004189 ] ] ] } },
{ "type": "Feature", "properties": { "fid": 83.0, "COMPR_M": 145.78, "CLASSE": "02 - Curta", "CD_FAZ": "400545", "TALHOES": "1", "FAZ_tAL": "400545001", "ID_LINHA": 166016 }, "geometry": { "type": "MultiLineString", "coordinates": [ [ [ 404353.462161521194503, 7611397.430443650111556 ], [ 404406.407721882860642, 7611363.724253699183464 ], [ 404440.952666361234151, 7611340.213210519403219 ], [ 404474.440414020617027, 7611316.250685418024659 ] ] ] } },
{ "type": "Feature", "properties": { "fid": 84.0, "COMPR_M": 152.4, "CLASSE": "02 - Curta", "CD_FAZ": "400545", "TALHOES": "1", "FAZ_tAL": "400545001", "ID_LINHA": 166017 }, "geometry": { "type": "MultiLineString", "coordinates": [ [ [ 404347.698513655457646, 7611397.404631808400154 ], [ 404369.377279281965457, 7611384.052492273971438 ], [ 404404.749892717576586, 7611361.223865908570588 ], [ 404439.235309832787607, 7611337.753332818858325 ], [ 404474.252751356456429, 7611312.657833790406585 ] ] ] } },
{ "type": "Feature", "properties": { "fid": 85.0, "COMPR_M": 159.04, "CLASSE": "02 - Curta", "CD_FAZ": "400545", "TALHOES": "1", "FAZ_tAL": "400545001", "ID_LINHA": 166018 }, "geometry": { "type": "MultiLineString", "coordinates": [ [ [ 404341.918839036661666, 7611397.378748193383217 ], [ 404367.78228977357503, 7611381.511553212068975 ], [ 404403.092063554737251, 7611358.723478123545647 ], [ 404437.517953305447008, 7611335.293455114588141 ], [ 404474.064926579536404, 7611309.061878465116024 ] ] ] } },
{ "type": "Feature", "properties": { "fid": 86.0, "COMPR_M": 165.69, "CLASSE": "02 - Curta", "CD_FAZ": "400545", "TALHOES": "1", "FAZ_tAL": "400545001", "ID_LINHA": 166019 }, "geometry": { "type": "MultiLineString", "coordinates": [ [ [ 404336.139164418447763, 7611397.352864574640989 ], [ 404366.187300267163664, 7611378.970614153891802 ], [ 404401.434234390908387, 7611356.223090333864093 ], [ 404435.800596777815372, 7611332.833577410317957 ], [ 404473.877101801976096, 7611305.46592313516885 ] ] ] } },
{ "type": "Feature", "properties": { "fid": 87.0, "COMPR_M": 172.33, "CLASSE": "02 - Curta", "CD_FAZ": "400545", "TALHOES": "1", "FAZ_tAL": "400545001", "ID_LINHA": 166020 }, "geometry": { "type": "MultiLineString", "coordinates": [ [ [ 404330.359489803435281, 7611397.326980957761407 ], [ 404364.592310758249369, 7611376.429675092920661 ], [ 404399.776405226206407, 7611353.722702544182539 ], [ 404434.083240249950904, 7611330.373699707910419 ], [ 404473.68927702633664, 7611301.869967808015645 ] ] ] } },
{ "type": "Feature", "properties": { "fid": 88.0, "COMPR_M": 179.04, "CLASSE": "02 - Curta", "CD_FAZ": "400545", "TALHOES": "1", "FAZ_tAL": "400545001", "ID_LINHA": 166021 }, "geometry": { "type": "MultiLineString", "coordinates": [ [ [ 404324.507000613957644, 7611397.300771247595549 ], [ 404362.997321249975357, 7611373.888736033812165 ], [ 404398.118576061795466, 7611351.22231475636363 ], [ 404432.365883722493891, 7611327.913822006434202 ], [ 404473.501452248601709, 7611298.274012479931116 ] ] ] } },
{ "type": "Feature", "properties": { "fid": 89.0, "COMPR_M": 185.79, "CLASSE": "02 - Curta", "CD_FAZ": "400545", "TALHOES": "1", "FAZ_tAL": "400545001", "ID_LINHA": 166022 }, "geometry": { "type": "MultiLineString", "coordinates": [ [ [ 404318.598674324166495, 7611397.274311479181051 ], [ 404361.402331742458045, 7611371.347796970978379 ], [ 404396.460746897151694, 7611348.721926968544722 ], [ 404430.648527196142823, 7611325.453944303095341 ], [ 404473.313627471565269, 7611294.67805715277791 ] ] ] } },
{ "type": "Feature", "properties": { "fid": 90.0, "COMPR_M": 192.33, "CLASSE": "02 - Curta", "CD_FAZ": "400545", "TALHOES": "1", "FAZ_tAL": "400545001", "ID_LINHA": 166023 }, "geometry": { "type": "MultiLineString", "coordinates": [ [ [ 404312.872227256011683, 7611397.141750221140683 ], [ 404359.807342234300449, 7611368.806857910007238 ], [ 404394.80291773355566, 7611346.221539182588458 ], [ 404428.931170667579863, 7611322.994066599756479 ], [ 404473.125802693073638, 7611291.082101826556027 ] ] ] } },
{ "type": "Feature", "properties": { "fid": 91.0, "COMPR_M": 198.87, "CLASSE": "02 - Curta", "CD_FAZ": "400545", "TALHOES": "1", "FAZ_tAL": "400545001", "ID_LINHA": 166024 }, "geometry": { "type": "MultiLineString", "coordinates": [ [ [ 404307.145780187565833, 7611397.009188966825604 ], [ 404358.212352726841345, 7611366.265918852761388 ], [ 404393.145088568388019, 7611343.721151392906904 ], [ 404427.213814138784073, 7611320.534188896417618 ], [ 404472.937977916561067, 7611287.486146495677531 ] ] ] } },
{ "type": "Feature", "properties": { "fid": 92.0, "COMPR_M": 205.45, "CLASSE": "02 - Curta", "CD_FAZ": "400545", "TALHOES": "1", "FAZ_tAL": "400545001", "ID_LINHA": 166025 }, "geometry": { "type": "MultiLineString", "coordinates": [ [ [ 404301.381539354508277, 7611396.875752819702029 ], [ 404338.854597422643565, 7611374.718362571671605 ], [ 404391.487259404268116, 7611341.220763606019318 ], [ 404425.496457613015082, 7611318.074311194010079 ], [ 404472.750153140048496, 7611283.89019116666168 ] ] ] } },
{ "type": "Feature", "properties": { "fid": 93.0, "COMPR_M": 212.1, "CLASSE": "02 - Curta", "CD_FAZ": "400545", "TALHOES": "1", "FAZ_tAL": "400545001", "ID_LINHA": 166026 }, "geometry": { "type": "MultiLineString", "coordinates": [ [ [ 404295.52716744429199, 7611396.740230239927769 ], [ 404337.292302724265028, 7611372.157188680022955 ], [ 404389.829430240555666, 7611338.720375817269087 ], [ 404423.779101084393915, 7611315.614433490671217 ], [ 404472.56232836341951, 7611280.294235840439796 ] ] ] } },
{ "type": "Feature", "properties": { "fid": 94.0, "COMPR_M": 218.76, "CLASSE": "02 - Curta", "CD_FAZ": "400545", "TALHOES": "1", "FAZ_tAL": "400545001", "ID_LINHA": 166027 }, "geometry": { "type": "MultiLineString", "coordinates": [ [ [ 404289.672795538732316, 7611396.604707656428218 ], [ 404335.730008026119322, 7611369.59601479023695 ], [ 404388.171601076493971, 7611336.219988029450178 ], [ 404438.691901538462844, 7611301.398075185716152 ], [ 404472.373596671852283, 7611276.680917408317327 ] ] ] } },
{ "type": "Feature", "properties": { "fid": 95.0, "COMPR_M": 225.43, "CLASSE": "02 - Curta", "CD_FAZ": "400545", "TALHOES": "1", "FAZ_tAL": "400545001", "ID_LINHA": 166028 }, "geometry": { "type": "MultiLineString", "coordinates": [ [ [ 404283.818423624732532, 7611396.469185078516603 ], [ 404334.167713328148238, 7611367.034840897656977 ], [ 404386.513771911559161, 7611333.719600241631269 ], [ 404436.945987942570355, 7611298.958385542035103 ], [ 404472.184366403380409, 7611273.058053551241755 ] ] ] } },
{ "type": "Feature", "properties": { "fid": 96.0, "COMPR_M": 232.11, "CLASSE": "02 - Curta", "CD_FAZ": "400545", "TALHOES": "1", "FAZ_tAL": "400545001", "ID_LINHA": 166029 }, "geometry": { "type": "MultiLineString", "coordinates": [ [ [ 404277.94804991572164, 7611396.333292067982256 ], [ 404314.755899678799324, 7611375.203957536257803 ], [ 404367.653617460746318, 7611342.474005909636617 ], [ 404418.62703150161542, 7611308.234800381585956 ], [ 404451.567760946461931, 7611284.662051286548376 ], [ 404471.995136133395135, 7611269.435189694166183 ] ] ] } },
{ "type": "Feature", "properties": { "fid": 97.0, "COMPR_M": 238.89, "CLASSE": "02 - Curta", "CD_FAZ": "400545", "TALHOES": "1", "FAZ_tAL": "400545001", "ID_LINHA": 166030 }, "geometry": { "type": "MultiLineString", "coordinates": [ [ [ 404271.960887476336211, 7611396.194695521146059 ], [ 404313.227165603137109, 7611372.62260857783258 ], [ 404366.026787316892296, 7611339.953336704522371 ], [ 404416.909674974041991, 7611305.774922678247094 ], [ 404449.794074651959818, 7611282.242480005137622 ], [ 404471.802276561793406, 7611265.815080986358225 ] ] ] } },
{ "type": "Feature", "properties": { "fid": 98.0, "COMPR_M": 245.66, "CLASSE": "02 - Curta", "CD_FAZ": "400545", "TALHOES": "1", "FAZ_tAL": "400545001", "ID_LINHA": 166031 }, "geometry": { "type": "MultiLineString", "coordinates": [ [ [ 404265.973725028103217, 7611396.056098976172507 ], [ 404311.698431526077911, 7611370.041259621270001 ], [ 404364.399957173154689, 7611337.432667495682836 ], [ 404415.1923184475163, 7611303.315044976770878 ], [ 404448.020388356351759, 7611279.822908725589514 ], [ 404471.609009366191458, 7611262.195281719788909 ] ] ] } },
{ "type": "Feature", "properties": { "fid": 99.0, "COMPR_M": 252.44, "CLASSE": "02 - Curta", "CD_FAZ": "400545", "TALHOES": "1", "FAZ_tAL": "400545001", "ID_LINHA": 166032 }, "geometry": { "type": "MultiLineString", "coordinates": [ [ [ 404259.986562585458159, 7611395.9175024330616 ], [ 404310.169697449018713, 7611367.459910662844777 ], [ 404362.773127028893214, 7611334.91199829056859 ], [ 404413.474961920117494, 7611300.855167272500694 ], [ 404446.246702061733231, 7611277.403337443247437 ], [ 404471.41574217210291, 7611258.57548245601356 ] ] ] } },
{ "type": "Feature", "properties": { "fid": 100.0, "COMPR_M": 259.23, "CLASSE": "02 - Curta", "CD_FAZ": "400545", "TALHOES": "1", "FAZ_tAL": "400545001", "ID_LINHA": 166033 }, "geometry": { "type": "MultiLineString", "coordinates": [ [ [ 404253.981878738384694, 7611395.778500283136964 ], [ 404308.640963373181876, 7611364.878561705350876 ], [ 404361.146296886145137, 7611332.391329079866409 ], [ 404411.757605392485857, 7611298.395289570093155 ], [ 404444.473015767405741, 7611274.983766160905361 ], [ 404471.222474976209924, 7611254.955683194100857 ] ] ] } },
{ "type": "Feature", "properties": { "fid": 101.0, "COMPR_M": 266.13, "CLASSE": "02 - Curta", "CD_FAZ": "400545", "TALHOES": "1", "FAZ_tAL": "400545001", "ID_LINHA": 166034 }, "geometry": { "type": "MultiLineString", "coordinates": [ [ [ 404247.860283123038244, 7611395.636791752651334 ], [ 404271.195350689871702, 7611382.929002964869142 ], [ 404307.112229296762962, 7611362.29721274971962 ], [ 404359.519466742756777, 7611329.870659871958196 ], [ 404410.040248863922898, 7611295.935411868616939 ], [ 404442.699329472088721, 7611272.56419488042593 ], [ 404471.029207781190053, 7611251.335883926600218 ] ] ] } },
{ "type": "Feature", "properties": { "fid": 102.0, "COMPR_M": 273.02, "CLASSE": "02 - Curta", "CD_FAZ": "400545", "TALHOES": "1", "FAZ_tAL": "400545001", "ID_LINHA": 166035 }, "geometry": { "type": "MultiLineString", "coordinates": [ [ [ 404241.738687513570767, 7611395.495083220303059 ], [ 404269.735694296716247, 7611380.307973771356046 ], [ 404305.58349522028584, 7611359.715863794088364 ], [ 404357.892636598087847, 7611327.349990669637918 ], [ 404408.322892337164376, 7611293.475534165278077 ], [ 404440.925643177004531, 7611270.144623599015176 ], [ 404470.835940585646313, 7611247.716084663756192 ] ] ] } },
{ "type": "Feature", "properties": { "fid": 103.0, "COMPR_M": 279.91, "CLASSE": "02 - Curta", "CD_FAZ": "400545", "TALHOES": "1", "FAZ_tAL": "400545001", "ID_LINHA": 166036 }, "geometry": { "type": "MultiLineString", "coordinates": [ [ [ 404235.617091902764514, 7611395.353374687954783 ], [ 404268.276037904957775, 7611377.686944581568241 ], [ 404304.054761142469943, 7611357.134514836594462 ], [ 404356.265806455630809, 7611324.829321458935738 ], [ 404406.605535808834247, 7611291.015656462870538 ], [ 404439.151956882269587, 7611267.725052313879132 ], [ 404470.642673390335403, 7611244.096285396255553 ] ] ] } },
{ "type": "Feature", "properties": { "fid": 104.0, "COMPR_M": 286.86, "CLASSE": "02 - Curta", "CD_FAZ": "400545", "TALHOES": "1", "FAZ_tAL": "400545001", "ID_LINHA": 166037 }, "geometry": { "type": "MultiLineString", "coordinates": [ [ [ 404229.451586842653342, 7611395.210649698972702 ], [ 404284.737656398385298, 7611364.930231523700058 ], [ 404320.107061046757735, 7611343.984275879338384 ], [ 404354.63897631195141, 7611322.308652251027524 ], [ 404404.888179282250348, 7611288.555778756737709 ], [ 404437.378270586486906, 7611265.305481037124991 ], [ 404470.448193285206798, 7611240.453768937848508 ] ] ] } },
{ "type": "Feature", "properties": { "fid": 105.0, "COMPR_M": 293.88, "CLASSE": "02 - Curta", "CD_FAZ": "400545", "TALHOES": "1", "FAZ_tAL": "400545001", "ID_LINHA": 166038 }, "geometry": { "type": "MultiLineString", "coordinates": [ [ [ 404223.194394817750435, 7611395.065802250988781 ], [ 404247.465601445815992, 7611382.254593572579324 ], [ 404283.243323010858148, 7611362.328814500942826 ], [ 404318.544766348029952, 7611341.423101987689734 ], [ 404353.012146166991442, 7611319.787983043119311 ], [ 404386.654381971631665, 7611297.482809971086681 ], [ 404419.486851999303326, 7611274.561489110812545 ], [ 404470.253478253609501, 7611236.806852415204048 ] ] ] } },
{ "type": "Feature", "properties": { "fid": 106.0, "COMPR_M": 300.91, "CLASSE": "03 - Média", "CD_FAZ": "400545", "TALHOES": "1", "FAZ_tAL": "400545001", "ID_LINHA": 166039 }, "geometry": { "type": "MultiLineString", "coordinates": [ [ [ 404216.937202794244513, 7611394.920954803004861 ], [ 404246.039936759625562, 7611379.614926720038056 ], [ 404281.748989621293731, 7611359.727397479116917 ], [ 404316.982471650175285, 7611338.861928096041083 ], [ 404351.385316023544874, 7611317.267313838936388 ], [ 404384.966382033890113, 7611295.002692989073694 ], [ 404417.740938405739143, 7611272.121799467131495 ], [ 404470.058763221488334, 7611233.15993588976562 ] ] ] } },
{ "type": "Feature", "properties": { "fid": 107.0, "COMPR_M": 307.94, "CLASSE": "03 - Média", "CD_FAZ": "400545", "TALHOES": "1", "FAZ_tAL": "400545001", "ID_LINHA": 166040 }, "geometry": { "type": "MultiLineString", "coordinates": [ [ [ 404210.680010770913213, 7611394.776107357814908 ], [ 404244.614272073609754, 7611376.975259866565466 ], [ 404280.254656233650167, 7611357.125980455428362 ], [ 404315.420176951971371, 7611336.300754204392433 ], [ 404349.758485881553497, 7611314.74664462916553 ], [ 404383.278382096323185, 7611292.522576010785997 ], [ 404415.995024812465999, 7611269.682109822519124 ], [ 404447.924807216215413, 7611246.276265158317983 ], [ 404469.864048190764152, 7611229.513019365258515 ] ] ] } },
{ "type": "Feature", "properties": { "fid": 108.0, "COMPR_M": 315.05, "CLASSE": "03 - Média", "CD_FAZ": "400545", "TALHOES": "1", "FAZ_tAL": "400545001", "ID_LINHA": 166041 }, "geometry": { "type": "MultiLineString", "coordinates": [ [ [ 404204.329094929737039, 7611394.629090302623808 ], [ 404225.455516464891843, 7611383.768551614135504 ], [ 404260.977755944710225, 7611364.581798621453345 ], [ 404296.41109076095745, 7611344.227770050987601 ], [ 404331.097531090723351, 7611323.069954825565219 ], [ 404364.961992776021361, 7611301.214558996260166 ], [ 404398.018753172305878, 7611278.716267947107553 ], [ 404430.283525408303831, 7611255.627195907756686 ], [ 404469.669333158934023, 7611225.86610284075141 ] ] ] } },
{ "type": "Feature", "properties": { "fid": 109.0, "COMPR_M": 322.07, "CLASSE": "03 - Média", "CD_FAZ": "400545", "TALHOES": "1", "FAZ_tAL": "400545001", "ID_LINHA": 166042 }, "geometry": { "type": "MultiLineString", "coordinates": [ [ [ 404198.047303117695265, 7611394.425022458657622 ], [ 404224.062697996501811, 7611381.111412510275841 ], [ 404259.518099551904015, 7611361.960769429802895 ], [ 404294.882356684363913, 7611341.646421095356345 ], [ 404329.502541583147831, 7611320.529015768319368 ], [ 404363.304163612716366, 7611298.714171208441257 ], [ 404396.301396645256318, 7611276.256390243768692 ], [ 404428.50983911199728, 7611253.2076246291399 ], [ 404469.474618127802387, 7611222.219186317175627 ] ] ] } },
{ "type": "Feature", "properties": { "fid": 110.0, "COMPR_M": 329.05, "CLASSE": "03 - Média", "CD_FAZ": "400545", "TALHOES": "1", "FAZ_tAL": "400545001", "ID_LINHA": 166043 }, "geometry": { "type": "MultiLineString", "coordinates": [ [ [ 404191.80823790433351, 7611394.19951225630939 ], [ 404222.669879528402817, 7611378.454273406416178 ], [ 404258.058443159272429, 7611359.339740237221122 ], [ 404293.353622607770376, 7611339.065072137862444 ], [ 404327.907552074349951, 7611317.988076705485582 ], [ 404361.646334447781555, 7611296.213783420622349 ], [ 404394.584040116693359, 7611273.796512542292476 ], [ 404426.736152817320544, 7611250.788053348660469 ], [ 404469.279903096205089, 7611218.572269791737199 ] ] ] } },
{ "type": "Feature", "properties": { "fid": 111.0, "COMPR_M": 336.04, "CLASSE": "03 - Média", "CD_FAZ": "400545", "TALHOES": "1", "FAZ_tAL": "400545001", "ID_LINHA": 166044 }, "geometry": { "type": "MultiLineString", "coordinates": [ [ [ 404185.552430004929192, 7611393.973396889865398 ], [ 404221.27706106135156, 7611375.79713430069387 ], [ 404256.598786768154241, 7611356.718711044639349 ], [ 404291.824888531118631, 7611336.483723184093833 ], [ 404326.312562567007262, 7611315.447137648239732 ], [ 404359.988505282613914, 7611293.713395630940795 ], [ 404392.866683588479646, 7611271.336634837090969 ], [ 404424.962466522934847, 7611248.36848206538707 ], [ 404469.085188063443638, 7611214.925353266298771 ] ] ] } },
{ "type": "Feature", "properties": { "fid": 112.0, "COMPR_M": 343.12, "CLASSE": "03 - Média", "CD_FAZ": "400545", "TALHOES": "1", "FAZ_tAL": "400545001", "ID_LINHA": 166045 }, "geometry": { "type": "MultiLineString", "coordinates": [ [ [ 404179.184259946108796, 7611393.743220208212733 ], [ 404219.884242592554074, 7611373.139995198696852 ], [ 404255.139130376512185, 7611354.097681852988899 ], [ 404290.296154453826603, 7611333.902374226599932 ], [ 404324.717573059606366, 7611312.906198587268591 ], [ 404358.330676119134296, 7611291.213007844053209 ], [ 404391.149327061430085, 7611268.876757135614753 ], [ 404423.188780228898395, 7611245.948910785838962 ], [ 404468.890473032137379, 7611211.278436740860343 ] ] ] } },
{ "type": "Feature", "properties": { "fid": 113.0, "COMPR_M": 350.22, "CLASSE": "03 - Média", "CD_FAZ": "400545", "TALHOES": "1", "FAZ_tAL": "400545001", "ID_LINHA": 166046 }, "geometry": { "type": "MultiLineString", "coordinates": [ [ [ 404172.816089885425754, 7611393.513043524697423 ], [ 404218.491424124804325, 7611370.482856096699834 ], [ 404253.679473984346259, 7611351.476652659475803 ], [ 404288.767420378513634, 7611331.321025267243385 ], [ 404323.12258355045924, 7611310.36525952629745 ], [ 404356.672846953384578, 7611288.712620057165623 ], [ 404389.431970535428263, 7611266.416879433207214 ], [ 404437.120666052156594, 7611231.879025602713227 ], [ 404468.695117811788805, 7611207.619529796764255 ] ] ] } },
{ "type": "Feature", "properties": { "fid": 114.0, "COMPR_M": 357.45, "CLASSE": "03 - Média", "CD_FAZ": "400545", "TALHOES": "1", "FAZ_tAL": "400545001", "ID_LINHA": 166047 }, "geometry": { "type": "MultiLineString", "coordinates": [ [ [ 404166.33195961592719, 7611393.33946262858808 ], [ 404217.098605656763539, 7611367.825716990977526 ], [ 404252.219817592354957, 7611348.855623468756676 ], [ 404287.238686300523113, 7611328.739676311612129 ], [ 404321.527594043291174, 7611307.824320466257632 ], [ 404355.015017790719867, 7611286.212232269346714 ], [ 404387.714614005992189, 7611263.95700172893703 ], [ 404435.319975858670659, 7611229.479485675692558 ], [ 404468.498940013465472, 7611203.945216380059719 ] ] ] } },
{ "type": "Feature", "properties": { "fid": 115.0, "COMPR_M": 364.81, "CLASSE": "03 - Média", "CD_FAZ": "400545", "TALHOES": "1", "FAZ_tAL": "400545001", "ID_LINHA": 166048 }, "geometry": { "type": "MultiLineString", "coordinates": [ [ [ 404159.700734474638011, 7611393.187312798574567 ], [ 404198.260873350081965, 7611374.178311822935939 ], [ 404250.760161198559217, 7611346.234594278037548 ], [ 404285.709952225210145, 7611326.158327355980873 ], [ 404319.932604535541032, 7611305.283381406217813 ], [ 404353.357188625901472, 7611283.711844477802515 ], [ 404402.02771605696762, 7611250.164592676796019 ], [ 404433.519285663845949, 7611227.079945751465857 ], [ 404468.290656054858118, 7611200.280511071905494 ] ] ] } },
{ "type": "Feature", "properties": { "fid": 116.0, "COMPR_M": 372.2, "CLASSE": "03 - Média", "CD_FAZ": "400545", "TALHOES": "1", "FAZ_tAL": "400545001", "ID_LINHA": 166049 }, "geometry": { "type": "MultiLineString", "coordinates": [ [ [ 404153.03166892786976, 7611393.034294737502933 ], [ 404196.899702380353119, 7611371.504827804863453 ], [ 404231.783289899700321, 7611353.218258192762733 ], [ 404266.805655736359768, 7611333.71322724968195 ], [ 404318.337615026510321, 7611302.742442348971963 ], [ 404351.699359462072607, 7611281.211456691846251 ], [ 404400.281802462937776, 7611247.72490303311497 ], [ 404431.718595469777938, 7611224.680405826307833 ], [ 404468.076252588420175, 7611196.620662536472082 ] ] ] } },
{ "type": "Feature", "properties": { "fid": 117.0, "COMPR_M": 379.58, "CLASSE": "03 - Média", "CD_FAZ": "400545", "TALHOES": "1", "FAZ_tAL": "400545001", "ID_LINHA": 166050 }, "geometry": { "type": "MultiLineString", "coordinates": [ [ [ 404146.36260338278953, 7611392.881276675499976 ], [ 404195.538531412428711, 7611368.83134379517287 ], [ 404230.357625212927815, 7611350.578591343015432 ], [ 404265.31132234854158, 7611331.111810226924717 ], [ 404316.742625519633293, 7611300.201503285206854 ], [ 404350.041530297370628, 7611278.711068902164698 ], [ 404398.535888868442271, 7611245.285213392227888 ], [ 404429.917905275011435, 7611222.280865903012455 ], [ 404467.861849122331478, 7611192.960813999176025 ] ] ] } },
{ "type": "Feature", "properties": { "fid": 118.0, "COMPR_M": 387.03, "CLASSE": "03 - Média", "CD_FAZ": "400545", "TALHOES": "1", "FAZ_tAL": "400545001", "ID_LINHA": 166051 }, "geometry": { "type": "MultiLineString", "coordinates": [ [ [ 404139.622121979831718, 7611392.726620016619563 ], [ 404176.890370349516161, 7611374.833344905637205 ], [ 404228.93196052708663, 7611347.938924488611519 ], [ 404263.816988960665185, 7611328.510393204167485 ], [ 404315.147636010777205, 7611297.660564226098359 ], [ 404348.38370113435667, 7611276.210681114345789 ], [ 404396.789975274237804, 7611242.845523746684194 ], [ 404428.117215081700124, 7611219.881325976923108 ], [ 404467.647445654147305, 7611189.300965461879969 ] ] ] } },
{ "type": "Feature", "properties": { "fid": 119.0, "COMPR_M": 394.54, "CLASSE": "03 - Média", "CD_FAZ": "400545", "TALHOES": "1", "FAZ_tAL": "400545001", "ID_LINHA": 166052 }, "geometry": { "type": "MultiLineString", "coordinates": [ [ [ 404132.817506716120988, 7611392.570491842925549 ], [ 404175.559609599993564, 7611372.144599507562816 ], [ 404210.134513317607343, 7611354.540021475404501 ], [ 404262.322655572090298, 7611325.908976178616285 ], [ 404296.672640576667618, 7611305.566667513921857 ], [ 404330.236524159437977, 7611284.498614137992263 ], [ 404379.127831369114574, 7611251.65761321503669 ], [ 404426.316524887748528, 7611217.481786050833762 ], [ 404467.43304218898993, 7611185.641116926446557 ] ] ] } },
{ "type": "Feature", "properties": { "fid": 120.0, "COMPR_M": 402.05, "CLASSE": "03 - Média", "CD_FAZ": "400545", "TALHOES": "1", "FAZ_tAL": "400545001", "ID_LINHA": 166053 }, "geometry": { "type": "MultiLineString", "coordinates": [ [ [ 404126.012891451595351, 7611392.414363668300211 ], [ 404174.228848853090312, 7611369.45585410669446 ], [ 404208.741694849566557, 7611351.882882371544838 ], [ 404260.828322183398996, 7611323.307559157721698 ], [ 404295.110345878521912, 7611303.005493622273207 ], [ 404328.609694015001878, 7611281.977944931015372 ], [ 404377.410474840318784, 7611249.197735511697829 ], [ 404424.515834694553632, 7611215.082246124744415 ], [ 404467.218638724298216, 7611181.981268386356533 ] ] ] } },
{ "type": "Feature", "properties": { "fid": 121.0, "COMPR_M": 409.61, "CLASSE": "03 - Média", "CD_FAZ": "400545", "TALHOES": "1", "FAZ_tAL": "400545001", "ID_LINHA": 166054 }, "geometry": { "type": "MultiLineString", "coordinates": [ [ [ 404119.147149737575091, 7611392.256832981482148 ], [ 404155.769306815695018, 7611375.127018185332417 ], [ 404207.348876381933223, 7611349.225743266753852 ], [ 404259.333988794649485, 7611320.706142136827111 ], [ 404293.548051180609036, 7611300.444319729693234 ], [ 404326.982863871380687, 7611279.457275724038482 ], [ 404375.693118314608, 7611246.737857810221612 ], [ 404422.715144499437883, 7611212.682706195861101 ], [ 404467.004235257394612, 7611178.321419851854444 ] ] ] } },
{ "type": "Feature", "properties": { "fid": 122.0, "COMPR_M": 417.24, "CLASSE": "03 - Média", "CD_FAZ": "400545", "TALHOES": "1", "FAZ_tAL": "400545001", "ID_LINHA": 166055 }, "geometry": { "type": "MultiLineString", "coordinates": [ [ [ 404112.208421284158248, 7611392.097627653740346 ], [ 404154.467684788920451, 7611372.424051279202104 ], [ 404205.956057913950644, 7611346.568604162894189 ], [ 404257.839655406482052, 7611318.104725113138556 ], [ 404291.985756482346915, 7611297.883145837113261 ], [ 404325.356033727934118, 7611276.936606515198946 ], [ 404373.975761786685325, 7611244.277980105020106 ], [ 404420.914454305602703, 7611210.283166274428368 ], [ 404466.789287884603254, 7611174.652286891825497 ] ] ] } },
{ "type": "Feature", "properties": { "fid": 123.0, "COMPR_M": 424.88, "CLASSE": "03 - Média", "CD_FAZ": "400545", "TALHOES": "1", "FAZ_tAL": "400545001", "ID_LINHA": 166056 }, "geometry": { "type": "MultiLineString", "coordinates": [ [ [ 404105.269692841917276, 7611391.938422325998545 ], [ 404153.166062762436923, 7611369.721084374934435 ], [ 404204.563239444978535, 7611343.911465061828494 ], [ 404256.345322018256411, 7611315.503308087587357 ], [ 404290.423461782978848, 7611295.321971949189901 ], [ 404323.729203584603965, 7611274.415937307290733 ], [ 404372.258405259228311, 7611241.818102401681244 ], [ 404419.11376411060337, 7611207.883626345545053 ], [ 404466.573288144252729, 7611170.965190093033016 ] ] ] } },
{ "type": "Feature", "properties": { "fid": 124.0, "COMPR_M": 432.59, "CLASSE": "03 - Média", "CD_FAZ": "400545", "TALHOES": "1", "FAZ_tAL": "400545001", "ID_LINHA": 166057 }, "geometry": { "type": "MultiLineString", "coordinates": [ [ [ 404098.264951024786569, 7611391.777702357620001 ], [ 404151.864440734905656, 7611367.018117467872798 ], [ 404203.170420979033224, 7611341.254325957968831 ], [ 404254.850988629332278, 7611312.901891067624092 ], [ 404288.861167086579371, 7611292.760798055678606 ], [ 404338.43672614719253, 7611261.208354387432337 ], [ 404386.314493708196096, 7611228.207385888323188 ], [ 404432.541989796620328, 7611193.923204910010099 ], [ 404466.357288403785788, 7611167.278093296103179 ] ] ] } },
{ "type": "Feature", "properties": { "fid": 125.0, "COMPR_M": 440.35, "CLASSE": "03 - Média", "CD_FAZ": "400545", "TALHOES": "1", "FAZ_tAL": "400545001", "ID_LINHA": 166058 }, "geometry": { "type": "MultiLineString", "coordinates": [ [ [ 404091.194172807096038, 7611391.61546721868217 ], [ 404150.56281870836392, 7611364.31515056360513 ], [ 404201.777602509420831, 7611338.597186853177845 ], [ 404253.356655240990222, 7611310.300474043004215 ], [ 404287.298872387735173, 7611290.199624167755246 ], [ 404336.778896983130835, 7611258.70796659681946 ], [ 404384.56858011422446, 7611225.767696243710816 ], [ 404430.715048614656553, 7611191.543593162670732 ], [ 404466.141288664541207, 7611163.590996500104666 ] ] ] } },
{ "type": "Feature", "properties": { "fid": 126.0, "COMPR_M": 584.17, "CLASSE": "03 - Média", "CD_FAZ": "400545", "TALHOES": "1", "FAZ_tAL": "400545001", "ID_LINHA": 166059 }, "geometry": { "type": "MultiLineString", "coordinates": [ [ [ 403981.758324194699526, 7611072.408213856630027 ], [ 404018.529841321753338, 7611054.872642448171973 ], [ 404045.781934043741785, 7611040.997607292607427 ], [ 404085.991315731836949, 7611018.941767478361726 ], [ 404112.321866222308017, 7611003.348148362711072 ], [ 404138.27056720276596, 7610987.059647653251886 ], [ 404163.838390237768181, 7610970.107368639670312 ], [ 404189.026257590448949, 7610952.522456172853708 ], [ 404226.097636372724082, 7610925.027077418752015 ], [ 404250.339593926619273, 7610905.996966976672411 ], [ 404285.996206898591481, 7610876.480138102546334 ], [ 404320.780297270335723, 7610845.872776656411588 ], [ 404343.436366548237856, 7610824.870983976870775 ], [ 404376.537574446527287, 7610792.472189705818892 ], [ 404397.968132442911156, 7610770.275124181061983 ], [ 404418.850528018083423, 7610747.599392095580697 ], [ 404442.310326529433951, 7610720.701922127977014 ] ] ] } },
{ "type": "Feature", "properties": { "fid": 127.0, "COMPR_M": 584.85, "CLASSE": "03 - Média", "CD_FAZ": "400545", "TALHOES": "1", "FAZ_tAL": "400545001", "ID_LINHA": 166060 }, "geometry": { "type": "MultiLineString", "coordinates": [ [ [ 403981.58812609774759, 7611069.181203343905509 ], [ 404017.199080573802348, 7611052.183897050097585 ], [ 404044.389115575293545, 7611038.340468194335699 ], [ 404084.496982342156116, 7611016.340350453741848 ], [ 404110.759571525850333, 7611000.786974469199777 ], [ 404136.643737059028354, 7610984.538978445343673 ], [ 404162.150390299560968, 7610967.62725165579468 ], [ 404187.280343996651936, 7610950.082766531035304 ], [ 404224.270695191633422, 7610922.647465674206614 ], [ 404248.462344806292094, 7610903.656842801719904 ], [ 404284.048607893579174, 7610874.198235427960753 ], [ 404318.764042506343685, 7610843.651299394667149 ], [ 404341.373431866464671, 7610822.69278225582093 ], [ 404374.403347903629765, 7610790.36378544382751 ], [ 404395.785631074686535, 7610768.216726619750261 ], [ 404416.619257141253911, 7610745.593958031386137 ], [ 404442.072552994417492, 7610716.332181410863996 ] ] ] } },
{ "type": "Feature", "properties": { "fid": 128.0, "COMPR_M": 585.52, "CLASSE": "03 - Média", "CD_FAZ": "400545", "TALHOES": "1", "FAZ_tAL": "400545001", "ID_LINHA": 166061 }, "geometry": { "type": "MultiLineString", "coordinates": [ [ [ 403981.417927999282256, 7611065.95419283118099 ], [ 404015.868319826666266, 7611049.495151650160551 ], [ 404042.996297106728889, 7611035.683329090476036 ], [ 404083.002648954454344, 7611013.738933431915939 ], [ 404109.197276827762835, 7610998.225800581276417 ], [ 404135.016906914825086, 7610982.01830923371017 ], [ 404160.462390363041777, 7610965.147134678438306 ], [ 404185.534430401865393, 7610947.6430768892169 ], [ 404222.443754011474084, 7610920.267853923141956 ], [ 404246.585095685441047, 7610901.31671862769872 ], [ 404282.101008888101205, 7610871.91633275616914 ], [ 404316.747787742642686, 7610841.429822135716677 ], [ 404339.310497186146677, 7610820.51458053663373 ], [ 404372.269121361139696, 7610788.255381189286709 ], [ 404393.603129707276821, 7610766.158329060301185 ], [ 404414.38798626314383, 7610743.588523965328932 ], [ 404441.834779458353296, 7610711.962440690025687 ] ] ] } },
{ "type": "Feature", "properties": { "fid": 129.0, "COMPR_M": 586.2, "CLASSE": "03 - Média", "CD_FAZ": "400545", "TALHOES": "1", "FAZ_tAL": "400545001", "ID_LINHA": 166062 }, "geometry": { "type": "MultiLineString", "coordinates": [ [ [ 403981.247729899885599, 7611062.727182317525148 ], [ 404014.537559078307822, 7611046.806406252086163 ], [ 404041.603478638571687, 7611033.026189986616373 ], [ 404081.508315566112287, 7611011.137516409158707 ], [ 404107.63498213008279, 7610995.664626687765121 ], [ 404133.390076772135217, 7610979.49764003045857 ], [ 404158.774390425649472, 7610962.667017695493996 ], [ 404183.788516808766872, 7610945.203387244604528 ], [ 404220.616812831547577, 7610917.888242175802588 ], [ 404244.707846566627268, 7610898.976594453677535 ], [ 404280.153409882215783, 7610869.634430080652237 ], [ 404314.731532978476025, 7610839.208344873040915 ], [ 404337.247562504722737, 7610818.336378816515207 ], [ 404370.134894819115289, 7610786.146976930089295 ], [ 404391.420628338702954, 7610764.099931500852108 ], [ 404412.15671538625611, 7610741.583089901134372 ], [ 404441.597005921998061, 7610707.592699971050024 ] ] ] } },
{ "type": "Feature", "properties": { "fid": 130.0, "COMPR_M": 586.91, "CLASSE": "03 - Média", "CD_FAZ": "400545", "TALHOES": "1", "FAZ_tAL": "400545001", "ID_LINHA": 166063 }, "geometry": { "type": "MultiLineString", "coordinates": [ [ [ 403981.077531803573947, 7611059.500171802937984 ], [ 404013.206798330647871, 7611044.117660852149129 ], [ 404040.210660170181654, 7611030.36905088275671 ], [ 404080.013982177188154, 7611008.536099386401474 ], [ 404106.072687431413215, 7610993.103452797979116 ], [ 404131.76324662839761, 7610976.976970821619034 ], [ 404157.086390487849712, 7610960.186900718137622 ], [ 404182.042603214620613, 7610942.763697601854801 ], [ 404218.789871649816632, 7610915.508630428463221 ], [ 404242.830597446009051, 7610896.636470280587673 ], [ 404278.205810877145268, 7610867.352527407929301 ], [ 404312.715278215240687, 7610836.986867610365152 ], [ 404335.184627824113704, 7610816.158177090808749 ], [ 404368.00066827685805, 7610784.038572672754526 ], [ 404389.238126970420126, 7610762.041533938609064 ], [ 404420.052591635205317, 7610728.170741024427116 ], [ 404441.356818320578896, 7610703.178594186902046 ] ] ] } },
{ "type": "Feature", "properties": { "fid": 131.0, "COMPR_M": 587.63, "CLASSE": "03 - Média", "CD_FAZ": "400545", "TALHOES": "1", "FAZ_tAL": "400545001", "ID_LINHA": 166064 }, "geometry": { "type": "MultiLineString", "coordinates": [ [ [ 403980.907333705632482, 7611056.273161290213466 ], [ 404011.876037582405843, 7611041.428915455937386 ], [ 404038.817841701616999, 7611027.71191177982837 ], [ 404078.519648787623737, 7611005.934682363644242 ], [ 404104.510392733791377, 7610990.542278904467821 ], [ 404130.13641648425255, 7610974.456301614642143 ], [ 404167.892978506570216, 7610949.092655737884343 ], [ 404192.609561920166016, 7610931.4046441745013 ], [ 404229.003492536954582, 7610903.780398798175156 ], [ 404252.812528321461286, 7610884.68069720454514 ], [ 404287.840450756892096, 7610855.085425948724151 ], [ 404321.966904165281449, 7610824.430830182507634 ], [ 404344.159280818654224, 7610803.412877889350057 ], [ 404376.527824492543004, 7610771.014665219932795 ], [ 404397.445765995944384, 7610748.835636986419559 ], [ 404417.796783796336967, 7610726.192944653332233 ], [ 404441.115730328951031, 7610698.747941279783845 ] ] ] } },
{ "type": "Feature", "properties": { "fid": 132.0, "COMPR_M": 588.35, "CLASSE": "03 - Média", "CD_FAZ": "400545", "TALHOES": "1", "FAZ_tAL": "400545001", "ID_LINHA": 166065 }, "geometry": { "type": "MultiLineString", "coordinates": [ [ [ 403980.73713560809847, 7611053.046150775626302 ], [ 404010.545276834222022, 7611038.740170056000352 ], [ 404050.723874735238496, 7611017.980567948892713 ], [ 404077.025315399398096, 7611003.333265341818333 ], [ 404102.948098035936709, 7610987.981105012819171 ], [ 404128.509586340980604, 7610971.935632405802608 ], [ 404166.175621979462449, 7610946.632778033614159 ], [ 404190.835875623859465, 7610928.985072895884514 ], [ 404227.151037150644697, 7610901.420596975833178 ], [ 404250.911189527250826, 7610882.360105398111045 ], [ 404285.870136303943582, 7610852.823106557130814 ], [ 404319.927399051724933, 7610822.23067743703723 ], [ 404342.072744103963487, 7610801.25727214012295 ], [ 404374.369528436101973, 7610768.930904185399413 ], [ 404395.238935351080727, 7610746.803342114202678 ], [ 404415.540975960379001, 7610724.215148281306028 ], [ 404440.874642338370904, 7610694.317288372665644 ] ] ] } },
{ "type": "Feature", "properties": { "fid": 133.0, "COMPR_M": 589.07, "CLASSE": "03 - Média", "CD_FAZ": "400545", "TALHOES": "1", "FAZ_tAL": "400545001", "ID_LINHA": 166066 }, "geometry": { "type": "MultiLineString", "coordinates": [ [ [ 403980.566937507654075, 7611049.819140262901783 ], [ 404009.214516086212825, 7611036.051424657925963 ], [ 404049.298210048233159, 7611015.34090109821409 ], [ 404075.530982011870947, 7611000.731848317198455 ], [ 404101.385803338314872, 7610985.419931123033166 ], [ 404126.882756197242998, 7610969.414963198825717 ], [ 404164.458265451597981, 7610944.17290033120662 ], [ 404189.062189329939429, 7610926.565501613542438 ], [ 404225.298581762937829, 7610899.060795152559876 ], [ 404249.009850733098574, 7610880.03951358795166 ], [ 404283.899821849598084, 7610850.560787167400122 ], [ 404317.887893938692287, 7610820.030524699017406 ], [ 404339.986207389389165, 7610799.101666385307908 ], [ 404372.211232381756417, 7610766.847143152728677 ], [ 404393.032104706857353, 7610744.771047241985798 ], [ 404413.285168122733012, 7610722.237351913005114 ], [ 404440.6335543487221, 7610689.886635469272733 ] ] ] } },
{ "type": "Feature", "properties": { "fid": 134.0, "COMPR_M": 589.8, "CLASSE": "03 - Média", "CD_FAZ": "400545", "TALHOES": "1", "FAZ_tAL": "400545001", "ID_LINHA": 166067 }, "geometry": { "type": "MultiLineString", "coordinates": [ [ [ 403980.39673941093497, 7611046.592129751108587 ], [ 404021.308647462457884, 7611026.625390037894249 ], [ 404047.872545361577068, 7611012.701234243810177 ], [ 404074.036648623761721, 7610998.130431292578578 ], [ 404099.823508639878128, 7610982.858757233247161 ], [ 404125.255926052457653, 7610966.894293992780149 ], [ 404162.740908924897667, 7610941.713022627867758 ], [ 404187.288503035786562, 7610924.145930332131684 ], [ 404223.446126376627944, 7610896.700993329286575 ], [ 404247.108511938829906, 7610877.718921776860952 ], [ 404281.929507396649569, 7610848.298467775806785 ], [ 404315.84838882565964, 7610817.830371955409646 ], [ 404337.899670673592482, 7610796.946060634218156 ], [ 404370.052936327003408, 7610764.763382117263973 ], [ 404390.825274060480297, 7610742.73875236697495 ], [ 404420.908261337026488, 7610708.849768670275807 ], [ 404440.392142521683127, 7610685.45003117993474 ] ] ] } },
{ "type": "Feature", "properties": { "fid": 135.0, "COMPR_M": 590.56, "CLASSE": "03 - Média", "CD_FAZ": "400545", "TALHOES": "1", "FAZ_tAL": "400545001", "ID_LINHA": 166068 }, "geometry": { "type": "MultiLineString", "coordinates": [ [ [ 403980.226079782296438, 7611043.356368461623788 ], [ 404019.947476494009607, 7611023.951906025409698 ], [ 404046.446880675270222, 7611010.061567394994199 ], [ 404072.542315235594288, 7610995.529014272615314 ], [ 404098.261213941732422, 7610980.297583341598511 ], [ 404123.6290959098842, 7610964.373624786734581 ], [ 404161.023552397498861, 7610939.253144924528897 ], [ 404185.514816740120295, 7610921.72635905072093 ], [ 404221.593670989619568, 7610894.341191506013274 ], [ 404245.207173144561239, 7610875.398329969495535 ], [ 404279.959192942944355, 7610846.036148386076093 ], [ 404313.808883712685201, 7610815.630219209939241 ], [ 404335.813133959192783, 7610794.790454881265759 ], [ 404367.894640271028038, 7610762.679621083661914 ], [ 404388.618443416780792, 7610740.706457495689392 ], [ 404418.627835310588125, 7610706.900405449792743 ], [ 404440.147543981147464, 7610680.95486231520772 ] ] ] } },
{ "type": "Feature", "properties": { "fid": 136.0, "COMPR_M": 591.33, "CLASSE": "03 - Média", "CD_FAZ": "400545", "TALHOES": "1", "FAZ_tAL": "400545001", "ID_LINHA": 166069 }, "geometry": { "type": "MultiLineString", "coordinates": [ [ [ 403980.055188625818118, 7611040.116217354312539 ], [ 404018.586305525503121, 7611021.278422014787793 ], [ 404045.021215988090262, 7611007.421900536864996 ], [ 404071.047981846902985, 7610992.927597247064114 ], [ 404096.698919244692661, 7610977.736409449949861 ], [ 404122.002265766263008, 7610961.852955577895045 ], [ 404159.30619586922694, 7610936.793267222121358 ], [ 404183.741130446782336, 7610919.306787770241499 ], [ 404219.741215603251476, 7610891.981389682739973 ], [ 404254.957350909884553, 7610863.431216865777969 ], [ 404289.356218158616684, 7610833.772637816146016 ], [ 404322.807019735977519, 7610803.088966767303646 ], [ 404344.524045381345786, 7610782.067859899252653 ], [ 404376.143118761305232, 7610749.691148577257991 ], [ 404396.537819244316779, 7610727.545051434077322 ], [ 404416.34740928694373, 7610704.951042231172323 ], [ 404439.902945443987846, 7610676.459693452343345 ] ] ] } },
{ "type": "Feature", "properties": { "fid": 137.0, "COMPR_M": 592.09, "CLASSE": "03 - Média", "CD_FAZ": "400545", "TALHOES": "1", "FAZ_tAL": "400545001", "ID_LINHA": 166070 }, "geometry": { "type": "MultiLineString", "coordinates": [ [ [ 403979.884297470620368, 7611036.876066244207323 ], [ 404017.225134556938428, 7611018.604937999509275 ], [ 404043.595551302540116, 7611004.782233688980341 ], [ 404069.553648458211683, 7610990.326180227100849 ], [ 404107.798999974387698, 7610967.338486395776272 ], [ 404132.865909750340506, 7610951.160268682986498 ], [ 404169.821208056295291, 7610925.685870095156133 ], [ 404194.027489820844494, 7610907.941135657019913 ], [ 404229.689853606279939, 7610880.255601054057479 ], [ 404253.032609359710477, 7610861.130000665783882 ], [ 404287.363028637482785, 7610831.530444325879216 ], [ 404320.744085055892356, 7610800.9107650462538 ], [ 404342.413741836091504, 7610779.935513701289892 ], [ 404373.960617393080611, 7610747.632751015946269 ], [ 404394.306548367138021, 7610725.539617367088795 ], [ 404414.066983262309805, 7610703.001679008826613 ], [ 404439.658346904208884, 7610671.964524591341615 ] ] ] } },
{ "type": "Feature", "properties": { "fid": 138.0, "COMPR_M": 592.85, "CLASSE": "03 - Média", "CD_FAZ": "400545", "TALHOES": "1", "FAZ_tAL": "400545001", "ID_LINHA": 166071 }, "geometry": { "type": "MultiLineString", "coordinates": [ [ [ 403979.713406313967425, 7611033.635915134102106 ], [ 404015.863963588839397, 7611015.931453987024724 ], [ 404042.169886616058648, 7611002.142566836439073 ], [ 404068.059315069578588, 7610987.724763203412294 ], [ 404106.204010465997271, 7610964.797547335736454 ], [ 404131.208080585754942, 7610948.659880895167589 ], [ 404168.075294462847523, 7610923.246180453337729 ], [ 404192.226799627707805, 7610905.541595730930567 ], [ 404227.812604486651253, 7610877.915476877242327 ], [ 404251.107867811748292, 7610858.828784458339214 ], [ 404285.369839117862284, 7610829.288250831887126 ], [ 404318.681150375981815, 7610798.732563322409987 ], [ 404340.303438289905898, 7610777.803167510777712 ], [ 404371.778116024390329, 7610745.574353458359838 ], [ 404392.075277489202563, 7610723.53418330103159 ], [ 404411.786557235871442, 7610701.052315788343549 ], [ 404439.413748365186621, 7610667.469355725683272 ] ] ] } },
{ "type": "Feature", "properties": { "fid": 139.0, "COMPR_M": 593.65, "CLASSE": "03 - Média", "CD_FAZ": "400545", "TALHOES": "1", "FAZ_tAL": "400545001", "ID_LINHA": 166072 }, "geometry": { "type": "MultiLineString", "coordinates": [ [ [ 403979.542515159177128, 7611030.395764024928212 ], [ 404014.50279262138065, 7611013.257969971746206 ], [ 404040.744221929286141, 7610999.50289998203516 ], [ 404066.564981681643985, 7610985.12334617972374 ], [ 404104.609020957781468, 7610962.256608272902668 ], [ 404129.550251421635039, 7610946.159493108280003 ], [ 404166.32938086905051, 7610920.806490810588002 ], [ 404190.426109433465172, 7610903.142055805772543 ], [ 404225.935355366382282, 7610875.57535270601511 ], [ 404249.183126262039877, 7610856.527568254619837 ], [ 404283.376649597194046, 7610827.046057339757681 ], [ 404316.618215693626553, 7610796.55436160042882 ], [ 404338.193134744185954, 7610775.670821312814951 ], [ 404369.59561465587467, 7610743.515955896116793 ], [ 404389.844006611965597, 7610721.528749234974384 ], [ 404419.107522330712527, 7610687.72608295828104 ], [ 404439.166790133633185, 7610662.930821041576564 ] ] ] } },
{ "type": "Feature", "properties": { "fid": 140.0, "COMPR_M": 594.47, "CLASSE": "03 - Média", "CD_FAZ": "400545", "TALHOES": "1", "FAZ_tAL": "400545001", "ID_LINHA": 166073 }, "geometry": { "type": "MultiLineString", "coordinates": [ [ [ 403979.371624003048055, 7611027.155612916685641 ], [ 404013.141621652524918, 7611010.584485957399011 ], [ 404039.318557242921088, 7610996.86323312856257 ], [ 404065.070648293069098, 7610982.52192915789783 ], [ 404103.014031451079063, 7610959.715669214725494 ], [ 404127.892422255477868, 7610943.659105315804482 ], [ 404164.583467274904251, 7610918.36680116597563 ], [ 404188.625419239338953, 7610900.742515878751874 ], [ 404224.058106245705858, 7610873.235228529199958 ], [ 404247.258384713786654, 7610854.226352051831782 ], [ 404281.383460075361654, 7610824.803863843902946 ], [ 404314.555281013424974, 7610794.376159878447652 ], [ 404336.082831198815256, 7610773.538475116714835 ], [ 404367.413113287650049, 7610741.457558333873749 ], [ 404387.612735733971931, 7610719.523315170779824 ], [ 404416.802413710625842, 7610685.805966612882912 ], [ 404438.918469482450746, 7610658.36724816262722 ] ] ] } },
{ "type": "Feature", "properties": { "fid": 141.0, "COMPR_M": 595.28, "CLASSE": "03 - Média", "CD_FAZ": "400545", "TALHOES": "1", "FAZ_tAL": "400545001", "ID_LINHA": 166074 }, "geometry": { "type": "MultiLineString", "coordinates": [ [ [ 403979.200732847384643, 7611023.915461806580424 ], [ 404011.780450684193056, 7611007.91100194491446 ], [ 404037.892892556905281, 7610994.223566279746592 ], [ 404063.576314905192703, 7610979.920512135140598 ], [ 404101.419041941873729, 7610957.174730153754354 ], [ 404126.234593092522118, 7610941.158717529848218 ], [ 404162.837553680408746, 7610915.927111523225904 ], [ 404186.824729044106789, 7610898.342975955456495 ], [ 404222.180857125087641, 7610870.895104352384806 ], [ 404256.782221820787527, 7610842.251597991213202 ], [ 404290.536475814064033, 7610812.550617732107639 ], [ 404323.293913672852796, 7610781.856820367276669 ], [ 404344.524176309583709, 7610760.846125831827521 ], [ 404375.377459549461491, 7610728.51268826238811 ], [ 404395.23870542331133, 7610706.414980951696634 ], [ 404414.497305088967551, 7610683.885850265622139 ], [ 404438.67014883144293, 7610653.803675286471844 ] ] ] } },
{ "type": "Feature", "properties": { "fid": 142.0, "COMPR_M": 596.1, "CLASSE": "03 - Média", "CD_FAZ": "400545", "TALHOES": "1", "FAZ_tAL": "400545001", "ID_LINHA": 166075 }, "geometry": { "type": "MultiLineString", "coordinates": [ [ [ 403979.029841691721231, 7611020.675310694612563 ], [ 404010.419279715802986, 7611005.237517930567265 ], [ 404036.467227870598435, 7610991.583899427205324 ], [ 404062.081981516093947, 7610977.31909511052072 ], [ 404099.82405243429821, 7610954.633791093714535 ], [ 404124.576763927354477, 7610938.658329746685922 ], [ 404161.091640086960979, 7610913.487421879544854 ], [ 404185.024038850271609, 7610895.943436032161117 ], [ 404220.303608005982824, 7610868.554980179294944 ], [ 404254.834622815600596, 7610839.969695316627622 ], [ 404288.520221049373504, 7610810.329140467569232 ], [ 404321.207376957812812, 7610779.701214613392949 ], [ 404342.389949767151847, 7610758.73772157356143 ], [ 404373.17062890517991, 7610726.480393392965198 ], [ 404392.982897585607134, 7610704.437184577807784 ], [ 404412.19219646777492, 7610681.965733921155334 ], [ 404438.421828179445583, 7610649.240102408453822 ] ] ] } },
{ "type": "Feature", "properties": { "fid": 143.0, "COMPR_M": 596.93, "CLASSE": "03 - Média", "CD_FAZ": "400545", "TALHOES": "1", "FAZ_tAL": "400545001", "ID_LINHA": 166076 }, "geometry": { "type": "MultiLineString", "coordinates": [ [ [ 403978.858950535941403, 7611017.435159582644701 ], [ 404009.058108747296501, 7611002.564033916220069 ], [ 404047.867922660079785, 7610981.911536617204547 ], [ 404073.215915543783922, 7610967.350822381675243 ], [ 404110.614454760099761, 7610944.208271124400198 ], [ 404135.142391303554177, 7610927.945379981771111 ], [ 404171.325326384045184, 7610902.3697887994349 ], [ 404195.039636300527491, 7610884.573677707463503 ], [ 404229.99646279407898, 7610856.833595502190292 ], [ 404264.196677314350381, 7610827.937593259848654 ], [ 404286.503966286312789, 7610808.107663206756115 ], [ 404319.12084024224896, 7610777.545608861371875 ], [ 404340.255723223846871, 7610756.629317312501371 ], [ 404370.963798260199837, 7610724.448098516091704 ], [ 404390.727089748135768, 7610702.459388209506869 ], [ 404419.231249133241363, 7610668.680005146190524 ], [ 404438.172127121826634, 7610644.651160772889853 ] ] ] } },
{ "type": "Feature", "properties": { "fid": 144.0, "COMPR_M": 597.82, "CLASSE": "03 - Média", "CD_FAZ": "400545", "TALHOES": "1", "FAZ_tAL": "400545001", "ID_LINHA": 166077 }, "geometry": { "type": "MultiLineString", "coordinates": [ [ [ 403978.688059380045161, 7611014.195008473470807 ], [ 404007.696937778731808, 7610999.890549903735518 ], [ 404046.408266267273575, 7610979.290507428348064 ], [ 404071.687181467888877, 7610964.769473424181342 ], [ 404108.98762461572187, 7610941.687601916491985 ], [ 404133.454391365579795, 7610925.465262997895479 ], [ 404169.55164009006694, 7610899.950217518955469 ], [ 404193.212695120018907, 7610882.194065961055458 ], [ 404228.095124000916258, 7610854.513003692030907 ], [ 404262.226362861227244, 7610825.675273871980608 ], [ 404284.487711523368489, 7610805.886185945942998 ], [ 404317.034303528082091, 7610775.390003111213446 ], [ 404338.121496682288125, 7610754.520913057029247 ], [ 404368.756967614521272, 7610722.415803646668792 ], [ 404388.471281911013648, 7610700.481591837480664 ], [ 404416.901411689235829, 7610666.789967284537852 ], [ 404437.931167832226492, 7610640.000044915825129 ] ] ] } },
{ "type": "Feature", "properties": { "fid": 145.0, "COMPR_M": 570.43, "CLASSE": "03 - Média", "CD_FAZ": "400545", "TALHOES": "1", "FAZ_tAL": "400545001", "ID_LINHA": 166078 }, "geometry": { "type": "MultiLineString", "coordinates": [ [ [ 404003.89276967162732, 7610998.443085296079516 ], [ 404032.190233811386861, 7610983.664898868650198 ], [ 404057.59898135025287, 7610969.514844043180346 ], [ 404082.638266962370835, 7610954.685844426974654 ], [ 404119.603276435169391, 7610931.157166380435228 ], [ 404143.849987124383915, 7610914.654367895796895 ], [ 404179.621968265913893, 7610888.7448162548244 ], [ 404203.069117118662689, 7610870.743173265829682 ], [ 404237.634676970017608, 7610842.720271024852991 ], [ 404271.417512474174146, 7610813.59289638325572 ], [ 404293.413832580670714, 7610793.628691785037518 ], [ 404325.531313469109591, 7610762.876744133420289 ], [ 404346.311679715348873, 7610741.842010743916035 ], [ 404376.456381348078139, 7610709.496144838631153 ], [ 404395.823575063841417, 7610687.406773241236806 ], [ 404414.57157424534671, 7610664.89992942288518 ], [ 404437.703867406060454, 7610635.330892214551568 ] ] ] } },
{ "type": "Feature", "properties": { "fid": 146.0, "COMPR_M": 27.34, "CLASSE": "01 - Muito curta", "CD_FAZ": "400545", "TALHOES": "1", "FAZ_tAL": "400545001", "ID_LINHA": 166079 }, "geometry": { "type": "MultiLineString", "coordinates": [ [ [ 403978.517168224032503, 7611010.954857364296913 ], [ 404003.034538278123364, 7610998.873789175413549 ] ] ] } },
{ "type": "Feature", "properties": { "fid": 147.0, "COMPR_M": 571.33, "CLASSE": "03 - Média", "CD_FAZ": "400545", "TALHOES": "1", "FAZ_tAL": "400545001", "ID_LINHA": 166080 }, "geometry": { "type": "MultiLineString", "coordinates": [ [ [ 404003.716789927799255, 7610995.174812438897789 ], [ 404030.764569124672562, 7610981.025232017040253 ], [ 404056.104647961328737, 7610966.913427017629147 ], [ 404081.075972265738528, 7610952.124670539982617 ], [ 404117.945447270118166, 7610928.65677859261632 ], [ 404142.132630597101524, 7610912.194490194320679 ], [ 404177.821278072777204, 7610886.345276327803731 ], [ 404201.216661731014028, 7610868.383371439762414 ], [ 404235.709935421124101, 7610840.419054822064936 ], [ 404269.424322954320814, 7610811.35070288926363 ], [ 404291.374327467638068, 7610791.42853903863579 ], [ 404323.421009922923986, 7610760.744397938251495 ], [ 404344.15338366094511, 7610739.758249708451331 ], [ 404374.225110469909851, 7610707.490710770711303 ], [ 404393.543149038567208, 7610685.457410020753741 ], [ 404412.241736801108345, 7610663.00989156216383 ], [ 404437.476566980127245, 7610630.661739515140653 ] ] ] } },
{ "type": "Feature", "properties": { "fid": 148.0, "COMPR_M": 19.04, "CLASSE": "01 - Muito curta", "CD_FAZ": "400545", "TALHOES": "1", "FAZ_tAL": "400545001", "ID_LINHA": 166081 }, "geometry": { "type": "MultiLineString", "coordinates": [ [ [ 403978.346277068660129, 7611007.714706253260374 ], [ 403995.43515139631927, 7610999.330957116559148 ] ] ] } },
{ "type": "Feature", "properties": { "fid": 149.0, "COMPR_M": 572.26, "CLASSE": "03 - Média", "CD_FAZ": "400545", "TALHOES": "1", "FAZ_tAL": "400545001", "ID_LINHA": 166082 }, "geometry": { "type": "MultiLineString", "coordinates": [ [ [ 404003.540810183796566, 7610991.906539581716061 ], [ 404029.338904438889585, 7610978.385565165430307 ], [ 404054.610314573801588, 7610964.312009994871914 ], [ 404079.513677568233106, 7610949.563496649265289 ], [ 404116.287618105008733, 7610926.156390802003443 ], [ 404140.415274069760926, 7610909.734612489119172 ], [ 404176.020587879116647, 7610883.945736402645707 ], [ 404199.36420634528622, 7610866.023569617420435 ], [ 404233.785193873103708, 7610838.117838619276881 ], [ 404267.431133433361538, 7610809.108509396202862 ], [ 404289.334822354489006, 7610789.228386295028031 ], [ 404321.310706377145834, 7610758.612051741220057 ], [ 404341.995087605493609, 7610737.674488676711917 ], [ 404371.993839593662415, 7610705.485276704654098 ], [ 404391.262723013525829, 7610683.508046802133322 ], [ 404418.994741806644015, 7610649.772475522011518 ], [ 404437.248227878473699, 7610625.971250606700778 ] ] ] } },
{ "type": "Feature", "properties": { "fid": 151.0, "COMPR_M": 573.21, "CLASSE": "03 - Média", "CD_FAZ": "400545", "TALHOES": "1", "FAZ_tAL": "400545001", "ID_LINHA": 166083 }, "geometry": { "type": "MultiLineString", "coordinates": [ [ [ 404003.363978469162248, 7610988.622444057837129 ], [ 404040.569640697620343, 7610968.806390660814941 ], [ 404065.572245160816237, 7610954.444077601656318 ], [ 404090.254115386109333, 7610939.388156734406948 ], [ 404126.702391616243403, 7610915.544795077294111 ], [ 404150.6161585234222, 7610898.849284016527236 ], [ 404185.904930396587588, 7610872.675618969835341 ], [ 404209.040113285882398, 7610854.514235131442547 ], [ 404243.149028785061091, 7610826.278279270976782 ], [ 404276.422692467458546, 7610797.000276900827885 ], [ 404298.051803562790155, 7610776.950546108186245 ], [ 404329.584590511163697, 7610746.087296021170914 ], [ 404349.953102341620252, 7610724.9903778526932 ], [ 404379.448050559381954, 7610692.57040635868907 ], [ 404398.361544741608668, 7610670.44503583945334 ], [ 404416.640148897597101, 7610647.913365161046386 ], [ 404437.017100258090068, 7610621.223480558022857 ] ] ] } },
{ "type": "Feature", "properties": { "fid": 153.0, "COMPR_M": 574.17, "CLASSE": "03 - Média", "CD_FAZ": "400545", "TALHOES": "1", "FAZ_tAL": "400545001", "ID_LINHA": 166084 }, "geometry": { "type": "MultiLineString", "coordinates": [ [ [ 404003.18709115148522, 7610985.337315832264721 ], [ 404039.109984306269325, 7610966.1853614654392 ], [ 404064.043511084164493, 7610951.862728640437126 ], [ 404088.659125877951737, 7610936.84721767436713 ], [ 404125.014391678851098, 7610913.06467810086906 ], [ 404148.870244929683395, 7610896.409594375640154 ], [ 404184.077989216020796, 7610870.296007219702005 ], [ 404207.16286416631192, 7610852.174110958352685 ], [ 404241.201429780106992, 7610823.996376596391201 ], [ 404274.406437703059055, 7610794.778799639083445 ], [ 404295.988868882821407, 7610774.772344389930367 ], [ 404327.450363969139289, 7610743.978891763836145 ], [ 404347.770600972580723, 7610722.931980292312801 ], [ 404377.192242723074742, 7610690.592609986662865 ], [ 404396.056436122045852, 7610668.524919491261244 ], [ 404414.285555990063585, 7610646.054254800081253 ], [ 404436.785972636833321, 7610616.475710511207581 ] ] ] } },
{ "type": "Feature", "properties": { "fid": 154.0, "COMPR_M": 575.13, "CLASSE": "03 - Média", "CD_FAZ": "400545", "TALHOES": "1", "FAZ_tAL": "400545001", "ID_LINHA": 166085 }, "geometry": { "type": "MultiLineString", "coordinates": [ [ [ 404003.010203832003754, 7610982.052187604829669 ], [ 404037.650327913172077, 7610963.56433227751404 ], [ 404062.514777006930672, 7610949.281379685737193 ], [ 404087.064136369968764, 7610934.306278613395989 ], [ 404123.326391741342377, 7610910.584561118856072 ], [ 404147.124331335653551, 7610893.969904731959105 ], [ 404182.251048034988344, 7610867.916395476087928 ], [ 404205.285615045577288, 7610849.833986782468855 ], [ 404239.253830773988739, 7610821.71447392180562 ], [ 404272.390182940172963, 7610792.557322373613715 ], [ 404293.925934201688506, 7610772.5941426679492 ], [ 404325.316137427580543, 7610741.870487505570054 ], [ 404345.588099605054595, 7610720.873582730069757 ], [ 404374.936434884439223, 7610688.61481361836195 ], [ 404393.751327501668129, 7610666.604803145863116 ], [ 404411.930963082122616, 7610644.195144438184798 ], [ 404436.554845016100444, 7610611.727940460667014 ] ] ] } },
{ "type": "Feature", "properties": { "fid": 155.0, "COMPR_M": 576.11, "CLASSE": "03 - Média", "CD_FAZ": "400545", "TALHOES": "1", "FAZ_tAL": "400545001", "ID_LINHA": 166086 }, "geometry": { "type": "MultiLineString", "coordinates": [ [ [ 404002.83331651345361, 7610978.767059380188584 ], [ 404036.190671520424075, 7610960.943303087726235 ], [ 404060.986042929929681, 7610946.700030729174614 ], [ 404085.469146860879846, 7610931.765339552424848 ], [ 404121.638391803600825, 7610908.104444136843085 ], [ 404145.378417741274461, 7610891.530215088278055 ], [ 404180.424106854887214, 7610865.536783727817237 ], [ 404203.408365924959071, 7610847.493862606585026 ], [ 404237.306231769442093, 7610819.432571247220039 ], [ 404270.373928174958564, 7610790.335845112800598 ], [ 404291.862999519449659, 7610770.415940945968032 ], [ 404323.18191088445019, 7610739.762083247303963 ], [ 404343.405598236480728, 7610718.815185168758035 ], [ 404372.680627048655879, 7610686.63701724819839 ], [ 404391.446218880359083, 7610664.68468679767102 ], [ 404418.394077294797171, 7610631.014060713350773 ], [ 404436.322222242073622, 7610606.949457344599068 ] ] ] } },
{ "type": "Feature", "properties": { "fid": 156.0, "COMPR_M": 577.13, "CLASSE": "03 - Média", "CD_FAZ": "400545", "TALHOES": "1", "FAZ_tAL": "400545001", "ID_LINHA": 166087 }, "geometry": { "type": "MultiLineString", "coordinates": [ [ [ 404002.656429194496013, 7610975.481931153684855 ], [ 404034.731015127967112, 7610958.322273893281817 ], [ 404059.457308853627183, 7610944.118681771680713 ], [ 404083.874157354643103, 7610929.22440049238503 ], [ 404119.950391866790596, 7610905.624327160418034 ], [ 404143.632504147884902, 7610889.090525444597006 ], [ 404178.597165673680138, 7610863.157171981409192 ], [ 404201.531116807134822, 7610845.153738433495164 ], [ 404235.358632763149217, 7610817.150668574497104 ], [ 404268.357673411839642, 7610788.114367855712771 ], [ 404289.800064838724211, 7610768.237739226780832 ], [ 404321.047684341028798, 7610737.653678990900517 ], [ 404341.223096868663561, 7610716.756787611171603 ], [ 404370.42481921124272, 7610684.659220876172185 ], [ 404389.141110259515699, 7610662.764570452272892 ], [ 404416.014723307453096, 7610629.186743677593768 ], [ 404436.087021856219508, 7610602.118025477975607 ] ] ] } },
{ "type": "Feature", "properties": { "fid": 157.0, "COMPR_M": 576.72, "CLASSE": "03 - Média", "CD_FAZ": "400545", "TALHOES": "1", "FAZ_tAL": "400545001", "ID_LINHA": 166088 }, "geometry": { "type": "MultiLineString", "coordinates": [ [ [ 404002.47954187518917, 7610972.196802930906415 ], [ 404033.271358735801186, 7610955.701244699768722 ], [ 404070.139909378835, 7610934.196453302167356 ], [ 404094.346153323596809, 7610919.00157904997468 ], [ 404130.111134906066582, 7610894.975346272811294 ], [ 404153.588463437743485, 7610878.174075979739428 ], [ 404188.24947402253747, 7610851.864758674055338 ], [ 404210.983074854826555, 7610833.627677414566278 ], [ 404244.493532778928056, 7610805.314399354159832 ], [ 404277.097791675128974, 7610776.027469840832055 ], [ 404298.25547309796093, 7610755.989551341161132 ], [ 404329.045311272959225, 7610725.17192246671766 ], [ 404348.895491812669206, 7610704.125149795785546 ], [ 404377.580166865547653, 7610671.811867475509644 ], [ 404395.932874694291968, 7610649.779626533389091 ], [ 404413.635369323776104, 7610627.359426649287343 ], [ 404435.017953322443645, 7610598.453750922344625 ] ] ] } },
{ "type": "Feature", "properties": { "fid": 158.0, "COMPR_M": 572.05, "CLASSE": "03 - Média", "CD_FAZ": "400545", "TALHOES": "1", "FAZ_tAL": "400545001", "ID_LINHA": 166089 }, "geometry": { "type": "MultiLineString", "coordinates": [ [ [ 404002.302654554718174, 7610968.911674704402685 ], [ 404031.811702343286015, 7610953.080215507186949 ], [ 404068.57761468202807, 7610931.635279409587383 ], [ 404092.719323179102503, 7610916.480909842997789 ], [ 404128.393778378725983, 7610892.51546856854111 ], [ 404151.814777142775711, 7610875.754504700191319 ], [ 404186.397018634888809, 7610849.504956850782037 ], [ 404209.081736060150433, 7610831.307085604406893 ], [ 404242.523218326386996, 7610803.052079961635172 ], [ 404275.058286561339628, 7610773.827317096292973 ], [ 404296.168936382862739, 7610753.833945587277412 ], [ 404326.887015217158478, 7610723.088161437772214 ], [ 404346.688661169609986, 7610702.092854920774698 ], [ 404375.299740838818252, 7610669.862504255026579 ], [ 404393.603037249704357, 7610647.889588672667742 ], [ 404411.25601533864392, 7610625.53210961446166 ], [ 404431.473414885462262, 7610598.254368052817881 ] ] ] } },
{ "type": "Feature", "properties": { "fid": 159.0, "COMPR_M": 567.38, "CLASSE": "03 - Média", "CD_FAZ": "400545", "TALHOES": "1", "FAZ_tAL": "400545001", "ID_LINHA": 166090 }, "geometry": { "type": "MultiLineString", "coordinates": [ [ [ 404002.125767237273976, 7610965.62654647603631 ], [ 404030.352045951003674, 7610950.459186319261789 ], [ 404067.015319984988309, 7610929.074105520732701 ], [ 404091.092493036179803, 7610913.960240636020899 ], [ 404126.676421851851046, 7610890.055590864270926 ], [ 404150.041090847575106, 7610873.33493341691792 ], [ 404184.544563247240148, 7610847.145155025646091 ], [ 404207.180397267395165, 7610828.986493797972798 ], [ 404240.552903871284798, 7610800.789760570973158 ], [ 404273.01878144883085, 7610771.627164354547858 ], [ 404294.082399666542187, 7610751.678339837118983 ], [ 404324.728719161590561, 7610721.00440040230751 ], [ 404344.481830524513498, 7610700.060560049489141 ], [ 404373.019314814999234, 7610667.913141031749547 ], [ 404391.273199805989861, 7610645.999550811015069 ], [ 404408.876661353220697, 7610623.7047925805673 ], [ 404427.928876446094364, 7610598.054985185153782 ] ] ] } },
{ "type": "Feature", "properties": { "fid": 160.0, "COMPR_M": 562.71, "CLASSE": "03 - Média", "CD_FAZ": "400545", "TALHOES": "1", "FAZ_tAL": "400545001", "ID_LINHA": 166091 }, "geometry": { "type": "MultiLineString", "coordinates": [ [ [ 404001.948879917967133, 7610962.341418251395226 ], [ 404028.892389557790011, 7610947.838157122954726 ], [ 404065.453025286376942, 7610926.512931630015373 ], [ 404089.465662890812382, 7610911.439571427181363 ], [ 404124.95906532369554, 7610887.595713161863387 ], [ 404148.267404553422239, 7610870.915362134575844 ], [ 404182.692107859591488, 7610844.785353202372789 ], [ 404205.279058472719043, 7610826.665901988744736 ], [ 404238.582589418743737, 7610798.527441180311143 ], [ 404270.979276335739996, 7610769.427011610940099 ], [ 404291.995862953015603, 7610749.522734083235264 ], [ 404322.570423105498776, 7610718.920639365911484 ], [ 404342.274999879999086, 7610698.028265176340938 ], [ 404370.73888879007427, 7610665.963777811266482 ], [ 404388.943362361867912, 7610644.109512948431075 ], [ 404406.497307368263137, 7610621.877475549466908 ], [ 404424.384338006784674, 7610597.855602316558361 ] ] ] } },
{ "type": "Feature", "properties": { "fid": 161.0, "COMPR_M": 558.04, "CLASSE": "03 - Média", "CD_FAZ": "400545", "TALHOES": "1", "FAZ_tAL": "400545001", "ID_LINHA": 166092 }, "geometry": { "type": "MultiLineString", "coordinates": [ [ [ 404001.771992599009536, 7610959.056290026754141 ], [ 404027.432733165391255, 7610945.217127934098244 ], [ 404063.890730588173028, 7610923.951757736504078 ], [ 404087.83883274771506, 7610908.918902220204473 ], [ 404123.241708797286265, 7610885.135835459455848 ], [ 404146.493718259036541, 7610868.495790854096413 ], [ 404180.839652472001035, 7610842.425551377236843 ], [ 404203.377719679323491, 7610824.345310181379318 ], [ 404236.612274964922108, 7610796.265121787786484 ], [ 404268.939771223231219, 7610767.226858867332339 ], [ 404289.909326238266658, 7610747.367128329351544 ], [ 404320.41212705016369, 7610716.836878333240747 ], [ 404340.068169235426467, 7610695.99597030505538 ], [ 404368.458462766022421, 7610664.01441459171474 ], [ 404386.61352491856087, 7610642.219475083984435 ], [ 404404.117953383713029, 7610620.050158515572548 ], [ 404420.836802314908709, 7610597.656050853431225 ] ] ] } },
{ "type": "Feature", "properties": { "fid": 162.0, "COMPR_M": 553.35, "CLASSE": "03 - Média", "CD_FAZ": "400545", "TALHOES": "1", "FAZ_tAL": "400545001", "ID_LINHA": 166093 }, "geometry": { "type": "MultiLineString", "coordinates": [ [ [ 404001.594794769596774, 7610955.765395069494843 ], [ 404025.973076774098445, 7610942.596098737791181 ], [ 404050.284904391271994, 7610928.630588032305241 ], [ 404074.304220306337811, 7610913.97876613214612 ], [ 404109.822392242611386, 7610890.743625283241272 ], [ 404133.157022583764046, 7610874.452387581579387 ], [ 404167.635518589057028, 7610848.879501492716372 ], [ 404190.267622085229959, 7610831.112993385642767 ], [ 404223.673038733249996, 7610803.459252528846264 ], [ 404256.260144828353077, 7610774.785504284314811 ], [ 404277.422456751693971, 7610755.168528895825148 ], [ 404308.242325086845085, 7610725.003253438510001 ], [ 404328.128088659432251, 7610704.406402250751853 ], [ 404356.889972185483202, 7610672.79244265332818 ], [ 404375.310458534804638, 7610651.243872372433543 ], [ 404393.094219818420243, 7610629.322261547669768 ], [ 404417.260207714512944, 7610597.454864803701639 ] ] ] } },
{ "type": "Feature", "properties": { "fid": 163.0, "COMPR_M": 548.65, "CLASSE": "03 - Média", "CD_FAZ": "400545", "TALHOES": "1", "FAZ_tAL": "400545001", "ID_LINHA": 166094 }, "geometry": { "type": "MultiLineString", "coordinates": [ [ [ 404001.416922592383344, 7610952.461976188234985 ], [ 404036.678313911193982, 7610933.095005720853806 ], [ 404060.76614119351143, 7610918.829409953206778 ], [ 404084.585172460938338, 7610903.877563808113337 ], [ 404108.134392304869834, 7610888.26350830309093 ], [ 404131.411108989501372, 7610872.012697940692306 ], [ 404165.80857740889769, 7610846.499889746308327 ], [ 404188.390372965775896, 7610828.772869208827615 ], [ 404221.725439727888443, 7610801.17734985332936 ], [ 404254.2438900655834, 7610772.564027020707726 ], [ 404275.359522070328239, 7610752.990327175706625 ], [ 404306.108098543889355, 7610722.894849181175232 ], [ 404325.945587290567346, 7610702.348004687577486 ], [ 404354.634164348768536, 7610670.814646284095943 ], [ 404373.00534991233144, 7610649.323756026104093 ], [ 404390.739626911119558, 7610627.463151190429926 ], [ 404413.683613115164917, 7610597.253678754903376 ] ] ] } },
{ "type": "Feature", "properties": { "fid": 164.0, "COMPR_M": 543.95, "CLASSE": "03 - Média", "CD_FAZ": "400545", "TALHOES": "1", "FAZ_tAL": "400545001", "ID_LINHA": 166095 }, "geometry": { "type": "MultiLineString", "coordinates": [ [ [ 404001.239050415402744, 7610949.158557306975126 ], [ 404035.183980523608625, 7610930.493588701821864 ], [ 404059.203846494492609, 7610916.268236064352095 ], [ 404082.958342317317147, 7610901.356894597411156 ], [ 404106.446392368176021, 7610885.783391322940588 ], [ 404129.665195395646151, 7610869.573008296079934 ], [ 404163.981636227690615, 7610844.120277997106314 ], [ 404186.513123845681548, 7610826.432745036669075 ], [ 404219.777840722701512, 7610798.895447179675102 ], [ 404252.227635302348062, 7610770.342549758031964 ], [ 404273.296587389078923, 7610750.812125455588102 ], [ 404303.973872003378347, 7610720.786444922909141 ], [ 404323.763085922575556, 7610700.289607126265764 ], [ 404352.378356511006132, 7610668.83684991300106 ], [ 404370.700241293001454, 7610647.403639676980674 ], [ 404388.385034002014436, 7610625.604040829464793 ], [ 404410.107018510985654, 7610597.052492703311145 ] ] ] } },
{ "type": "Feature", "properties": { "fid": 165.0, "COMPR_M": 539.26, "CLASSE": "03 - Média", "CD_FAZ": "400545", "TALHOES": "1", "FAZ_tAL": "400545001", "ID_LINHA": 166096 }, "geometry": { "type": "MultiLineString", "coordinates": [ [ [ 404001.061178238422144, 7610945.855138424783945 ], [ 404033.689647134859115, 7610927.892171673476696 ], [ 404057.641551796579733, 7610913.707062175497413 ], [ 404081.331512173230294, 7610898.836225391365588 ], [ 404104.758392429968808, 7610883.303274342790246 ], [ 404127.919281802081969, 7610867.133318652398884 ], [ 404162.154695048055146, 7610841.740666249766946 ], [ 404184.635874725179747, 7610824.092620860785246 ], [ 404217.830241717747413, 7610796.613544507883489 ], [ 404250.211380538705271, 7610768.12107249815017 ], [ 404271.233652707422152, 7610748.633923734538257 ], [ 404301.839645460713655, 7610718.678040661849082 ], [ 404321.580584554118104, 7610698.231209568679333 ], [ 404350.122548673592974, 7610666.859053544700146 ], [ 404368.39513267140137, 7610645.483523328788579 ], [ 404386.030441093142144, 7610623.744930467568338 ], [ 404406.530423911171965, 7610596.851306655444205 ] ] ] } },
{ "type": "Feature", "properties": { "fid": 166.0, "COMPR_M": 534.56, "CLASSE": "03 - Média", "CD_FAZ": "400545", "TALHOES": "1", "FAZ_tAL": "400545001", "ID_LINHA": 166097 }, "geometry": { "type": "MultiLineString", "coordinates": [ [ [ 404000.883306062954944, 7610942.551719544455409 ], [ 404032.195313745469321, 7610925.290754655376077 ], [ 404056.079257098317612, 7610911.145888281986117 ], [ 404079.704682028153911, 7610896.315556181594729 ], [ 404103.070392492110841, 7610880.823157362639904 ], [ 404126.173368207644671, 7610864.693629009649158 ], [ 404160.327753867371939, 7610839.361054500564933 ], [ 404182.758625606074929, 7610821.752496687695384 ], [ 404215.882642712327652, 7610794.331641832366586 ], [ 404248.195125775353517, 7610765.899595234543085 ], [ 404269.170718027919065, 7610746.455722011625767 ], [ 404299.705418917816132, 7610716.569636408239603 ], [ 404319.398083185893483, 7610696.172812007367611 ], [ 404347.866740836470854, 7610664.881257169879973 ], [ 404366.090024050266948, 7610643.563406985253096 ], [ 404383.675848187180236, 7610621.88582010474056 ], [ 404402.953829310426954, 7610596.650120603851974 ] ] ] } },
{ "type": "Feature", "properties": { "fid": 167.0, "COMPR_M": 529.87, "CLASSE": "03 - Média", "CD_FAZ": "400545", "TALHOES": "1", "FAZ_tAL": "400545001", "ID_LINHA": 166098 }, "geometry": { "type": "MultiLineString", "coordinates": [ [ [ 404000.70543388556689, 7610939.24830066319555 ], [ 404030.700980358175002, 7610922.689337627962232 ], [ 404054.516962401161436, 7610908.584714390337467 ], [ 404078.077851885929704, 7610893.794886973686516 ], [ 404112.937569632078521, 7610870.376569241285324 ], [ 404135.851600490044802, 7610853.978363164700568 ], [ 404158.500812684302218, 7610836.981442753225565 ], [ 404180.881376485922374, 7610819.412372509017587 ], [ 404213.935043707198929, 7610792.04973915591836 ], [ 404246.178871011477895, 7610763.678117973729968 ], [ 404267.107783346611541, 7610744.277520289644599 ], [ 404297.571192374685779, 7610714.461232146248221 ], [ 404317.215581817203201, 7610694.114414446055889 ], [ 404345.61093299894128, 7610662.903460802510381 ], [ 404363.784915430878755, 7610641.643290637061 ], [ 404381.32125527743483, 7610620.026709743775427 ], [ 404399.377234709449112, 7610596.448934554122388 ] ] ] } },
{ "type": "Feature", "properties": { "fid": 168.0, "COMPR_M": 532.32, "CLASSE": "03 - Média", "CD_FAZ": "400545", "TALHOES": "1", "FAZ_tAL": "400545001", "ID_LINHA": 166099 }, "geometry": { "type": "MultiLineString", "coordinates": [ [ [ 403994.229638344200794, 7610939.295005604624748 ], [ 404029.206646969541907, 7610920.087920607067645 ], [ 404052.954667703073937, 7610906.023540498688817 ], [ 404076.451021742017474, 7610891.274217769503593 ], [ 404099.694392617093399, 7610875.862923404201865 ], [ 404122.681541020283476, 7610859.814249722287059 ], [ 404156.673871504724957, 7610834.601831009611487 ], [ 404179.004127365769818, 7610817.072248336859047 ], [ 404211.987444701604545, 7610789.767836484126747 ], [ 404244.162616247253027, 7610761.456640712916851 ], [ 404265.044848665478639, 7610742.099318567663431 ], [ 404295.436965832603164, 7610712.352827889844775 ], [ 404315.033080449444242, 7610692.056016882881522 ], [ 404343.355125159781892, 7610660.925664434209466 ], [ 404361.479806809918955, 7610639.723174288868904 ], [ 404378.966662370599806, 7610618.167599380947649 ], [ 404395.807079570833594, 7610596.23899709712714 ] ] ] } },
{ "type": "Feature", "properties": { "fid": 169.0, "COMPR_M": 535.71, "CLASSE": "03 - Média", "CD_FAZ": "400545", "TALHOES": "1", "FAZ_tAL": "400545001", "ID_LINHA": 166100 }, "geometry": { "type": "MultiLineString", "coordinates": [ [ [ 403986.876702210574877, 7610939.737347431480885 ], [ 404015.755482027074322, 7610924.248894401825964 ], [ 404039.583765854826197, 7610910.561145335435867 ], [ 404063.139293750398792, 7610896.192192709073424 ], [ 404098.006392679875717, 7610873.382806422188878 ], [ 404120.935627426253632, 7610857.374560078606009 ], [ 404154.846930323517881, 7610832.222219256684184 ], [ 404177.126878244569525, 7610814.732124157249928 ], [ 404210.039845696883276, 7610787.485933809541166 ], [ 404242.146361483901273, 7610759.235163452103734 ], [ 404262.981913984520361, 7610739.921116848476231 ], [ 404293.302739290404133, 7610710.244423631578684 ], [ 404312.850579081161413, 7610689.997619323432446 ], [ 404331.830963799264282, 7610669.387463510967791 ], [ 404350.215054567146581, 7610648.419508824124932 ], [ 404367.974825366225559, 7610627.099172195419669 ], [ 404392.206510193238501, 7610596.025025483220816 ] ] ] } },
{ "type": "Feature", "properties": { "fid": 170.0, "COMPR_M": 539.15, "CLASSE": "03 - Média", "CD_FAZ": "400545", "TALHOES": "1", "FAZ_tAL": "400545001", "ID_LINHA": 166101 }, "geometry": { "type": "MultiLineString", "coordinates": [ [ [ 403979.477146646240726, 7610940.182493817061186 ], [ 404014.295825634966604, 7610921.627865203656256 ], [ 404038.055031777010299, 7610907.979796381667256 ], [ 404061.544304242532235, 7610893.651253649964929 ], [ 404084.788863979745656, 7610878.649022832512856 ], [ 404107.785500050347764, 7610862.996936130337417 ], [ 404141.80747418635292, 7610838.354477815330029 ], [ 404164.167553989973385, 7610821.187334964051843 ], [ 404197.215104446047917, 7610794.394730733707547 ], [ 404229.560532544914167, 7610766.506833033636212 ], [ 404250.584225204016548, 7610747.425484182313085 ], [ 404281.214939004683401, 7610718.097474010661244 ], [ 404300.98746255110018, 7610698.083029026165605 ], [ 404329.599692923133262, 7610667.382029445841908 ], [ 404347.934628542629071, 7610646.470145603641868 ], [ 404365.644987922918517, 7610625.209134334698319 ], [ 404388.605431579169817, 7610595.811023608781397 ] ] ] } },
{ "type": "Feature", "properties": { "fid": 171.0, "COMPR_M": 539.72, "CLASSE": "03 - Média", "CD_FAZ": "400545", "TALHOES": "1", "FAZ_tAL": "400545001", "ID_LINHA": 166102 }, "geometry": { "type": "MultiLineString", "coordinates": [ [ [ 403974.618865610100329, 7610939.289265083149076 ], [ 404000.825610711472109, 7610925.592228119261563 ], [ 404024.7236468042247, 7610912.28366953600198 ], [ 404048.267783608578611, 7610898.340018826536834 ], [ 404083.131034815509338, 7610876.148635043762624 ], [ 404106.068143523822073, 7610860.537058426067233 ], [ 404140.006783992168494, 7610835.954937890172005 ], [ 404162.315098602499347, 7610818.827533137984574 ], [ 404195.29036289738724, 7610792.09351452998817 ], [ 404227.567343023838475, 7610764.264639539644122 ], [ 404248.544720090227202, 7610745.225331438705325 ], [ 404279.104635458730627, 7610715.965127813629806 ], [ 404298.829166496056132, 7610695.999267992563546 ], [ 404327.368422045605257, 7610665.376595377922058 ], [ 404345.654202517005615, 7610644.520782384090126 ], [ 404363.315150477807038, 7610623.319096475839615 ], [ 404385.004352964810096, 7610595.597021731548011 ] ] ] } },
{ "type": "Feature", "properties": { "fid": 172.0, "COMPR_M": 535.03, "CLASSE": "03 - Média", "CD_FAZ": "400545", "TALHOES": "1", "FAZ_tAL": "400545001", "ID_LINHA": 166103 }, "geometry": { "type": "MultiLineString", "coordinates": [ [ [ 403974.440225660451688, 7610936.022327251732349 ], [ 403999.399946024059318, 7610922.952561266720295 ], [ 404023.229313414543867, 7610909.682252516970038 ], [ 404046.705488912120927, 7610895.778844935819507 ], [ 404081.473205651156604, 7610873.648247258737683 ], [ 404104.35078699584119, 7610858.077180722728372 ], [ 404138.206093797518406, 7610833.555397963151336 ], [ 404160.462643215025309, 7610816.467731315642595 ], [ 404193.36562134954147, 7610789.792298327200115 ], [ 404225.574153504392598, 7610762.022446043789387 ], [ 404246.505214976496063, 7610743.025178697891533 ], [ 404276.994331912603229, 7610713.832781619392335 ], [ 404296.670870440604631, 7610693.915506958030164 ], [ 404325.137151168775745, 7610663.371161311864853 ], [ 404343.373776493011974, 7610642.571419160813093 ], [ 404360.985313034965657, 7610621.42905861325562 ], [ 404381.403274350683205, 7610595.383019855245948 ] ] ] } },
{ "type": "Feature", "properties": { "fid": 173.0, "COMPR_M": 530.35, "CLASSE": "03 - Média", "CD_FAZ": "400545", "TALHOES": "1", "FAZ_tAL": "400545001", "ID_LINHA": 166104 }, "geometry": { "type": "MultiLineString", "coordinates": [ [ [ 403974.261124038486741, 7610932.746946416795254 ], [ 404009.916856457362883, 7610913.764777628704906 ], [ 404033.468829547055066, 7610900.235749507322907 ], [ 404056.759335716953501, 7610886.028436468914151 ], [ 404079.815376486745663, 7610871.147859469987452 ], [ 404102.633430468500592, 7610855.617303021252155 ], [ 404136.405403603683226, 7610831.155858037993312 ], [ 404158.610187828307971, 7610814.107929488644004 ], [ 404191.440879800007679, 7610787.491082118824124 ], [ 404223.58096398320049, 7610759.780252551659942 ], [ 404244.465709864161909, 7610740.825025956146419 ], [ 404274.884028366184793, 7610711.700435420498252 ], [ 404294.512574385269545, 7610691.831745924428105 ], [ 404322.905880291189533, 7610661.36572724673897 ], [ 404341.093350468552671, 7610640.622055941261351 ], [ 404358.655475590960123, 7610619.53902075253427 ], [ 404377.80219573614886, 7610595.16901798080653 ] ] ] } },
{ "type": "Feature", "properties": { "fid": 174.0, "COMPR_M": 525.66, "CLASSE": "03 - Média", "CD_FAZ": "400545", "TALHOES": "1", "FAZ_tAL": "400545001", "ID_LINHA": 166105 }, "geometry": { "type": "MultiLineString", "coordinates": [ [ [ 403974.081564872525632, 7610929.46319811232388 ], [ 404008.457200065022334, 7610911.143748437985778 ], [ 404031.940095468482468, 7610897.654400551691651 ], [ 404055.16434621065855, 7610883.487497408874333 ], [ 404078.157547322160099, 7610868.64747167751193 ], [ 404100.91607394174207, 7610853.157425316050649 ], [ 404134.604713408043608, 7610828.756318112835288 ], [ 404156.757732440833934, 7610811.748127665370703 ], [ 404189.516138252045494, 7610785.189865916967392 ], [ 404221.58777446282329, 7610757.538059061393142 ], [ 404242.426204751129262, 7610738.624873210676014 ], [ 404272.773724820814095, 7610709.568089229986072 ], [ 404292.354278330691159, 7610689.747984888963401 ], [ 404320.674609414301813, 7610659.360293177887797 ], [ 404338.812924443627708, 7610638.672692719846964 ], [ 404356.325638145208359, 7610617.648982890881598 ], [ 404374.201117121905554, 7610594.955016107298434 ] ] ] } },
{ "type": "Feature", "properties": { "fid": 175.0, "COMPR_M": 520.96, "CLASSE": "03 - Média", "CD_FAZ": "400545", "TALHOES": "1", "FAZ_tAL": "400545001", "ID_LINHA": 166106 }, "geometry": { "type": "MultiLineString", "coordinates": [ [ [ 403973.902005706564523, 7610926.179449810646474 ], [ 404006.997543673613109, 7610908.52271924726665 ], [ 404030.411361393285915, 7610895.07305159792304 ], [ 404053.569356702559162, 7610880.946558346971869 ], [ 404076.499718157458119, 7610866.147083895280957 ], [ 404099.198717414867133, 7610850.697547614574432 ], [ 404132.80402321391739, 7610826.356778188608587 ], [ 404154.905277054174803, 7610809.388325843960047 ], [ 404187.591396703617647, 7610782.888649711385369 ], [ 404219.594584942737129, 7610755.295865569263697 ], [ 404240.386699638096616, 7610736.424720467999578 ], [ 404270.663421275268774, 7610707.43574302829802 ], [ 404290.195982274366543, 7610687.664223857223988 ], [ 404318.443338535376824, 7610657.35485911089927 ], [ 404336.532498418935575, 7610636.723329499363899 ], [ 404353.99580070230877, 7610615.758945027366281 ], [ 404370.594412737991661, 7610594.740679905749857 ] ] ] } },
{ "type": "Feature", "properties": { "fid": 176.0, "COMPR_M": 516.26, "CLASSE": "03 - Média", "CD_FAZ": "400545", "TALHOES": "1", "FAZ_tAL": "400545001", "ID_LINHA": 166107 }, "geometry": { "type": "MultiLineString", "coordinates": [ [ [ 403973.722446542582475, 7610922.895701507106423 ], [ 404005.537887280574068, 7610905.901690054684877 ], [ 404028.882627315702848, 7610892.491702638566494 ], [ 404051.974367194692604, 7610878.405619289726019 ], [ 404074.841888993280008, 7610863.646696103736758 ], [ 404097.481360885198228, 7610848.237669913098216 ], [ 404131.003333020722494, 7610823.95723826251924 ], [ 404153.052821666758973, 7610807.028524019755423 ], [ 404185.666655155480839, 7610780.587433507665992 ], [ 404217.601395422243513, 7610753.053672073408961 ], [ 404238.347194525005762, 7610734.224567726254463 ], [ 404268.553117728792131, 7610705.303396835923195 ], [ 404288.037686218274757, 7610685.580462821759284 ], [ 404306.965709565789439, 7610665.511547220870852 ], [ 404325.308662460476626, 7610645.103293467313051 ], [ 404343.038937843055464, 7610624.362243514508009 ], [ 404366.960123981232755, 7610594.524704449810088 ] ] ] } },
{ "type": "Feature", "properties": { "fid": 177.0, "COMPR_M": 511.55, "CLASSE": "03 - Média", "CD_FAZ": "400545", "TALHOES": "1", "FAZ_tAL": "400545001", "ID_LINHA": 166108 }, "geometry": { "type": "MultiLineString", "coordinates": [ [ [ 403973.542887377203442, 7610919.611953204497695 ], [ 404004.078230888524558, 7610903.280660865828395 ], [ 404027.353893238818273, 7610889.910353684797883 ], [ 404050.379377686418593, 7610875.864680227823555 ], [ 404084.502393182425294, 7610853.541870584711432 ], [ 404106.968318674480543, 7610837.85704293102026 ], [ 404129.202642826247029, 7610821.557698339223862 ], [ 404151.200366280099843, 7610804.668722193688154 ], [ 404183.741913605539594, 7610778.286217304877937 ], [ 404215.608205901924521, 7610750.811478583142161 ], [ 404236.307689412031323, 7610732.024414985440671 ], [ 404266.442814184119925, 7610703.171050640754402 ], [ 404285.879390164162032, 7610683.496701788157225 ], [ 404304.758878920983989, 7610663.479252343997359 ], [ 404323.052854623296298, 7610643.125497100874782 ], [ 404340.733829222735949, 7610622.442127168178558 ], [ 404363.325835224473849, 7610594.308728988282382 ] ] ] } },
{ "type": "Feature", "properties": { "fid": 178.0, "COMPR_M": 506.84, "CLASSE": "03 - Média", "CD_FAZ": "400545", "TALHOES": "1", "FAZ_tAL": "400545001", "ID_LINHA": 166109 }, "geometry": { "type": "MultiLineString", "coordinates": [ [ [ 403973.363328212581109, 7610916.328204898163676 ], [ 404002.61857449542731, 7610900.659631673246622 ], [ 404025.825159162108321, 7610887.329004727303982 ], [ 404048.784388178377412, 7610873.323741169646382 ], [ 404082.814393245091196, 7610851.06175360456109 ], [ 404105.2224050789373, 7610835.417353288270533 ], [ 404127.401952631422319, 7610819.158158412203193 ], [ 404149.347910892800428, 7610802.308920370414853 ], [ 404181.817172057868447, 7610775.985001101158559 ], [ 404213.615016381256282, 7610748.569285090081394 ], [ 404234.268184297077823, 7610729.824262239970267 ], [ 404254.438202090619598, 7610710.721830541267991 ], [ 404274.094700407877099, 7610691.268785309046507 ], [ 404302.552048276760615, 7610661.446957476437092 ], [ 404320.797046787105501, 7610641.147700729779899 ], [ 404338.428720601543318, 7610620.522010821849108 ], [ 404359.691546467714943, 7610594.092753528617322 ] ] ] } },
{ "type": "Feature", "properties": { "fid": 179.0, "COMPR_M": 502.13, "CLASSE": "03 - Média", "CD_FAZ": "400545", "TALHOES": "1", "FAZ_tAL": "400545001", "ID_LINHA": 166110 }, "geometry": { "type": "MultiLineString", "coordinates": [ [ [ 403973.183769046503585, 7610913.04445659648627 ], [ 404001.158918103319593, 7610898.038602478802204 ], [ 404024.296425085514784, 7610884.747655769810081 ], [ 404047.189398670569062, 7610870.782802106812596 ], [ 404081.126393307582475, 7610848.581636624410748 ], [ 404103.476491487119347, 7610832.977663645520806 ], [ 404125.601262437354308, 7610816.758618488907814 ], [ 404147.495455504162237, 7610799.949118546210229 ], [ 404179.892430508451071, 7610773.683784893713892 ], [ 404211.621826860122383, 7610746.327091595157981 ], [ 404232.228679184045177, 7610727.624109498225152 ], [ 404252.351665375288576, 7610708.566224788315594 ], [ 404271.960473866201937, 7610689.16038104891777 ], [ 404300.345217631780542, 7610659.414662602357566 ], [ 404318.541238949284889, 7610639.169904358685017 ], [ 404336.123611980176065, 7610618.601894475519657 ], [ 404356.057257709675469, 7610593.876778070814908 ] ] ] } },
{ "type": "Feature", "properties": { "fid": 180.0, "COMPR_M": 497.42, "CLASSE": "03 - Média", "CD_FAZ": "400545", "TALHOES": "1", "FAZ_tAL": "400545001", "ID_LINHA": 166111 }, "geometry": { "type": "MultiLineString", "coordinates": [ [ [ 403973.004209881124552, 7610909.760708292946219 ], [ 403999.699261710862629, 7610895.417573288083076 ], [ 404022.767691008455586, 7610882.166306814178824 ], [ 404045.594409162935335, 7610868.241863047704101 ], [ 404079.438393369782716, 7610846.101519643329084 ], [ 404101.730577892332803, 7610830.537974001839757 ], [ 404123.800572242122144, 7610814.359078561887145 ], [ 404145.64300011692103, 7610797.589316723868251 ], [ 404177.967688959906809, 7610771.382568690925837 ], [ 404209.628637339221314, 7610744.084898105822504 ], [ 404230.189174070488662, 7610725.423956755548716 ], [ 404250.265128661412746, 7610706.410619037225842 ], [ 404269.826247322955169, 7610687.051976786926389 ], [ 404298.138386986800469, 7610657.382367732003331 ], [ 404316.285431111697108, 7610637.192107989452779 ], [ 404333.818503359216265, 7610616.681778128258884 ], [ 404352.422968954837415, 7610593.660802610218525 ] ] ] } },
{ "type": "Feature", "properties": { "fid": 181.0, "COMPR_M": 492.71, "CLASSE": "03 - Média", "CD_FAZ": "400545", "TALHOES": "1", "FAZ_tAL": "400545001", "ID_LINHA": 166112 }, "geometry": { "type": "MultiLineString", "coordinates": [ [ [ 403972.824650715687312, 7610906.476959991268814 ], [ 403998.239605317416135, 7610892.796544097363949 ], [ 404021.238956930814311, 7610879.584957856684923 ], [ 404043.99941965425387, 7610865.70092398673296 ], [ 404077.75039343314711, 7610843.62140266597271 ], [ 404099.984664298593998, 7610828.098284357227385 ], [ 404121.999882048461586, 7610811.959538637660444 ], [ 404143.790544731600676, 7610795.229514898732305 ], [ 404176.042947409674525, 7610769.081352485343814 ], [ 404207.635447819950059, 7610741.842704610899091 ], [ 404228.149668958852999, 7610723.223804011940956 ], [ 404248.178591946314555, 7610704.2550132824108 ], [ 404267.692020782153122, 7610684.943572531454265 ], [ 404295.931556342402473, 7610655.350072860717773 ], [ 404314.029623275157064, 7610635.214311616495252 ], [ 404331.513394739420619, 7610614.761661780998111 ], [ 404348.788680198718794, 7610593.44482714869082 ] ] ] } },
{ "type": "Feature", "properties": { "fid": 182.0, "COMPR_M": 487.99, "CLASSE": "03 - Média", "CD_FAZ": "400545", "TALHOES": "1", "FAZ_tAL": "400545001", "ID_LINHA": 166113 }, "geometry": { "type": "MultiLineString", "coordinates": [ [ [ 403972.645091548969503, 7610903.193211687728763 ], [ 403996.779948925541248, 7610890.175514906644821 ], [ 404019.710222854046151, 7610877.003608901053667 ], [ 404042.40443014644552, 7610863.159984924830496 ], [ 404076.062393495580181, 7610841.141285685822368 ], [ 404098.238750704564154, 7610825.658594715408981 ], [ 404120.199191853753291, 7610809.559998706914485 ], [ 404141.938089344417676, 7610792.869713075459003 ], [ 404174.118205862934701, 7610766.780136277899146 ], [ 404205.642258299514651, 7610739.600511116907001 ], [ 404226.110163845936768, 7610721.023651268333197 ], [ 404246.092055232031271, 7610702.099407529458404 ], [ 404265.557794238440692, 7610682.835168274119496 ], [ 404284.478061294532381, 7610663.238451039418578 ], [ 404302.824442394950893, 7610643.316820645704865 ], [ 404320.569516245974228, 7610623.077786955051124 ], [ 404345.131918749364559, 7610593.227516200393438 ] ] ] } },
{ "type": "Feature", "properties": { "fid": 183.0, "COMPR_M": 483.26, "CLASSE": "03 - Média", "CD_FAZ": "400545", "TALHOES": "1", "FAZ_tAL": "400545001", "ID_LINHA": 166114 }, "geometry": { "type": "MultiLineString", "coordinates": [ [ [ 403972.465118845342658, 7610899.901900614611804 ], [ 403995.320292533375323, 7610887.554485713131726 ], [ 404018.181488776695915, 7610874.422259946353734 ], [ 404040.809440638870001, 7610860.619045865722001 ], [ 404074.374393558478914, 7610838.661168705672026 ], [ 404096.492837109602988, 7610823.218905068933964 ], [ 404118.398501659103204, 7610807.160458782687783 ], [ 404140.085633957234677, 7610790.509911249391735 ], [ 404172.193464313168079, 7610764.478920076973736 ], [ 404203.649068778031506, 7610737.358317620120943 ], [ 404224.070658732962329, 7610718.823498527519405 ], [ 404244.005518517806195, 7610699.943801779299974 ], [ 404263.423567695892416, 7610680.726764015853405 ], [ 404282.295559925492853, 7610661.180053480900824 ], [ 404300.59317151713185, 7610641.311386583372951 ], [ 404318.289090220001526, 7610621.128423732705414 ], [ 404341.463715823367238, 7610593.00952531863004 ] ] ] } },
{ "type": "Feature", "properties": { "fid": 184.0, "COMPR_M": 478.53, "CLASSE": "03 - Média", "CD_FAZ": "400545", "TALHOES": "1", "FAZ_tAL": "400545001", "ID_LINHA": 166115 }, "geometry": { "type": "MultiLineString", "coordinates": [ [ [ 403972.284562152868602, 7610896.599909735843539 ], [ 404005.297312753624283, 7610878.465248242020607 ], [ 404027.957952536642551, 7610865.044758240692317 ], [ 404050.421739443088882, 7610850.943510444834828 ], [ 404072.68639361980604, 7610836.181051723659039 ], [ 404094.746923516271636, 7610820.77921542711556 ], [ 404116.597811466024723, 7610804.760918858461082 ], [ 404138.233178570051678, 7610788.150109426118433 ], [ 404170.268722763692494, 7610762.177703876048326 ], [ 404201.655879258119967, 7610735.11612413264811 ], [ 404222.031153618125245, 7610716.623345786705613 ], [ 404241.918981802416965, 7610697.788196025416255 ], [ 404261.289341153169516, 7610678.618359755724669 ], [ 404280.113058557268232, 7610659.121655919589102 ], [ 404298.361900640069507, 7610639.305952518247068 ], [ 404316.008664194843732, 7610619.17906051222235 ], [ 404337.795512897777371, 7610592.791534437797964 ] ] ] } },
{ "type": "Feature", "properties": { "fid": 185.0, "COMPR_M": 473.79, "CLASSE": "03 - Média", "CD_FAZ": "400545", "TALHOES": "1", "FAZ_tAL": "400545001", "ID_LINHA": 166116 }, "geometry": { "type": "MultiLineString", "coordinates": [ [ [ 403972.10400546353776, 7610893.297918856143951 ], [ 404003.802979365631472, 7610875.86383121740073 ], [ 404026.395657838205807, 7610862.48358434997499 ], [ 404048.794909299118444, 7610848.42284123878926 ], [ 404070.99839368351968, 7610833.700934747233987 ], [ 404093.001009922707453, 7610818.339525781571865 ], [ 404114.797121271782089, 7610802.361378934234381 ], [ 404136.380723182926886, 7610785.79030760191381 ], [ 404168.343981215730309, 7610759.876487666741014 ], [ 404199.662689736462198, 7610732.87393063865602 ], [ 404219.991648506489582, 7610714.423193042166531 ], [ 404259.155114610213786, 7610676.5099554983899 ], [ 404277.930557189392857, 7610657.063258357346058 ], [ 404296.130629762948956, 7610637.30051844753325 ], [ 404313.728238170035183, 7610617.229697290807962 ], [ 404334.12730997055769, 7610592.573543556034565 ] ] ] } },
{ "type": "Feature", "properties": { "fid": 186.0, "COMPR_M": 469.05, "CLASSE": "03 - Média", "CD_FAZ": "400545", "TALHOES": "1", "FAZ_tAL": "400545001", "ID_LINHA": 166117 }, "geometry": { "type": "MultiLineString", "coordinates": [ [ [ 403971.926420842413791, 7610889.99434701167047 ], [ 404002.308645976358093, 7610873.262414196506143 ], [ 404024.833363140234724, 7610859.922410460188985 ], [ 404047.168079154798761, 7610845.902172032743692 ], [ 404069.31039374647662, 7610831.220817767083645 ], [ 404091.255096328852233, 7610815.899836139753461 ], [ 404112.996431077073794, 7610799.961839009076357 ], [ 404134.528267794521526, 7610783.430505778640509 ], [ 404166.419239667360671, 7610757.575271466746926 ], [ 404197.669500216376036, 7610730.631737146526575 ], [ 404217.952143392991275, 7610712.223040295764804 ], [ 404257.02088806766551, 7610674.401551237329841 ], [ 404275.748055820935406, 7610655.004860798828304 ], [ 404293.899358885129914, 7610635.295084381476045 ], [ 404311.447812145401258, 7610615.280334070324898 ], [ 404330.459107043745462, 7610592.355552673339844 ] ] ] } },
{ "type": "Feature", "properties": { "fid": 187.0, "COMPR_M": 464.31, "CLASSE": "03 - Média", "CD_FAZ": "400545", "TALHOES": "1", "FAZ_tAL": "400545001", "ID_LINHA": 166118 }, "geometry": { "type": "MultiLineString", "coordinates": [ [ [ 403971.749418352846988, 7610886.69046550989151 ], [ 404000.814312588481698, 7610870.660997170954943 ], [ 404023.271068442612886, 7610857.361236568540335 ], [ 404045.541249011992477, 7610843.381502825766802 ], [ 404067.622393808444031, 7610828.740700786933303 ], [ 404089.509182733949274, 7610813.460146497003734 ], [ 404111.195740882540122, 7610797.562299081124365 ], [ 404132.675812408095226, 7610781.070703957229853 ], [ 404164.494498117244802, 7610755.274055259302258 ], [ 404195.676310695882421, 7610728.38954365439713 ], [ 404215.912638280773535, 7610710.022887555882335 ], [ 404254.886661526281387, 7610672.293146977201104 ], [ 404273.565554451488424, 7610652.946463236585259 ], [ 404291.668088007951155, 7610633.289650317281485 ], [ 404309.167386121058371, 7610613.330970849841833 ], [ 404326.79090411530342, 7610592.1375617897138 ] ] ] } },
{ "type": "Feature", "properties": { "fid": 188.0, "COMPR_M": 459.56, "CLASSE": "03 - Média", "CD_FAZ": "400545", "TALHOES": "1", "FAZ_tAL": "400545001", "ID_LINHA": 166119 }, "geometry": { "type": "MultiLineString", "coordinates": [ [ [ 403971.572415863163769, 7610883.386584004387259 ], [ 403999.319979200023226, 7610868.059580148197711 ], [ 404021.708773744816426, 7610854.800062676891685 ], [ 404043.914418868196663, 7610840.860833620652556 ], [ 404065.934393870236818, 7610826.260583804920316 ], [ 404087.763269141432829, 7610811.020456852391362 ], [ 404109.395050688297488, 7610795.162759156897664 ], [ 404130.823357021785341, 7610778.710902130231261 ], [ 404162.569756569399033, 7610752.972839053720236 ], [ 404193.68312117626192, 7610726.147350161336362 ], [ 404213.873133166052867, 7610707.82273481041193 ], [ 404252.752434983383864, 7610670.184742724522948 ], [ 404271.383053084253334, 7610650.888065678067505 ], [ 404289.436817130073905, 7610631.284216251224279 ], [ 404306.886960096249823, 7610611.381607627496123 ], [ 404323.107569458778016, 7610591.918671671301126 ] ] ] } },
{ "type": "Feature", "properties": { "fid": 189.0, "COMPR_M": 454.8, "CLASSE": "03 - Média", "CD_FAZ": "400545", "TALHOES": "1", "FAZ_tAL": "400545001", "ID_LINHA": 166120 }, "geometry": { "type": "MultiLineString", "coordinates": [ [ [ 403971.395413372549228, 7610880.082702499814332 ], [ 403997.825645810982678, 7610865.458163127303123 ], [ 404020.146479046088643, 7610852.238888785243034 ], [ 404042.287588725332171, 7610838.340164410881698 ], [ 404064.246393934416119, 7610823.780466826632619 ], [ 404086.017355546762701, 7610808.580767209641635 ], [ 404107.594360494113062, 7610792.763219230808318 ], [ 404128.970901634776965, 7610776.351100308820605 ], [ 404160.645015020447318, 7610750.671622853726149 ], [ 404191.689931656233966, 7610723.90515666641295 ], [ 404211.833628053893335, 7610705.622582066804171 ], [ 404250.618208441592287, 7610668.076338465325534 ], [ 404269.200551715912297, 7610648.829668117687106 ], [ 404287.205546252895147, 7610629.278782181441784 ], [ 404304.606534071732312, 7610609.432244410738349 ], [ 404319.404760672769044, 7610591.698624260723591 ] ] ] } },
{ "type": "Feature", "properties": { "fid": 190.0, "COMPR_M": 450.04, "CLASSE": "03 - Média", "CD_FAZ": "400545", "TALHOES": "1", "FAZ_tAL": "400545001", "ID_LINHA": 166121 }, "geometry": { "type": "MultiLineString", "coordinates": [ [ [ 403971.218410884379409, 7610876.778820996172726 ], [ 403996.331312422757037, 7610862.856746101751924 ], [ 404018.58418434910709, 7610849.677714893594384 ], [ 404040.660758580779657, 7610835.81949520483613 ], [ 404062.558393997082021, 7610821.300349848344922 ], [ 404084.271441953722388, 7610806.141077564097941 ], [ 404105.793670298182406, 7610790.363679305650294 ], [ 404127.11844624648802, 7610773.991298483684659 ], [ 404158.720273470447864, 7610748.370406648144126 ], [ 404199.805011444725096, 7610712.58414095453918 ], [ 404239.008868086268194, 7610675.450550090521574 ], [ 404257.821541441662703, 7610656.407808345742524 ], [ 404276.070080540841445, 7610637.059419008903205 ], [ 404293.727352736575995, 7610617.414144283160567 ], [ 404315.701951888855547, 7610591.478576850146055 ] ] ] } },
{ "type": "Feature", "properties": { "fid": 191.0, "COMPR_M": 445.28, "CLASSE": "03 - Média", "CD_FAZ": "400545", "TALHOES": "1", "FAZ_tAL": "400545001", "ID_LINHA": 166122 }, "geometry": { "type": "MultiLineString", "coordinates": [ [ [ 403971.041408394696191, 7610873.474939489737153 ], [ 403994.83697903517168, 7610860.255329081788659 ], [ 404017.021889651194215, 7610847.116541001945734 ], [ 404039.033928437158465, 7610833.298825993202627 ], [ 404060.870394058874808, 7610818.82023286819458 ], [ 404082.525528358994052, 7610803.701387923210859 ], [ 404103.992980105103925, 7610787.96413938049227 ], [ 404146.337555862148292, 7610754.727555922232568 ], [ 404177.502841357840225, 7610728.395540070720017 ], [ 404197.788756680150982, 7610710.362663693726063 ], [ 404236.898564541072119, 7610673.318203892558813 ], [ 404255.663245386676863, 7610654.324047312140465 ], [ 404273.863249896618072, 7610635.02712413482368 ], [ 404291.471544899104629, 7610615.436347916722298 ], [ 404311.999143106455449, 7610591.258529441431165 ] ] ] } },
{ "type": "Feature", "properties": { "fid": 192.0, "COMPR_M": 440.53, "CLASSE": "03 - Média", "CD_FAZ": "400545", "TALHOES": "1", "FAZ_tAL": "400545001", "ID_LINHA": 166123 }, "geometry": { "type": "MultiLineString", "coordinates": [ [ [ 403970.864405905420426, 7610870.171057987958193 ], [ 403993.342645645723678, 7610857.653912057168782 ], [ 404015.459594953747001, 7610844.555367112159729 ], [ 404037.407098293828312, 7610830.778156788088381 ], [ 404059.182394122413825, 7610816.340115888044238 ], [ 404080.779614764731377, 7610801.261698280461133 ], [ 404102.192289910279214, 7610785.564599454402924 ], [ 404144.43621706875274, 7610752.406964115798473 ], [ 404175.532526905124541, 7610726.133220677264035 ], [ 404195.772501917148475, 7610708.141186431050301 ], [ 404234.788260994304437, 7610671.185857694596052 ], [ 404253.504949331283569, 7610652.240286277607083 ], [ 404271.656419251055922, 7610632.994829265400767 ], [ 404289.215737062622793, 7610613.458551544696093 ], [ 404308.296334322192706, 7610591.038482031784952 ] ] ] } },
{ "type": "Feature", "properties": { "fid": 193.0, "COMPR_M": 435.76, "CLASSE": "03 - Média", "CD_FAZ": "400545", "TALHOES": "1", "FAZ_tAL": "400545001", "ID_LINHA": 166124 }, "geometry": { "type": "MultiLineString", "coordinates": [ [ [ 403970.686359220882878, 7610866.847685820423067 ], [ 403991.848312257032376, 7610855.052495035342872 ], [ 404013.897300255368464, 7610841.994193220511079 ], [ 404035.780268150090706, 7610828.257487580180168 ], [ 404057.494394184439443, 7610813.859998906031251 ], [ 404079.033701170817949, 7610798.822008636780083 ], [ 404100.391599716967903, 7610783.1650595292449 ], [ 404142.534878274076618, 7610750.086372304707766 ], [ 404173.562212449673098, 7610723.870901284739375 ], [ 404193.756247152399737, 7610705.919709168374538 ], [ 404232.677957448642701, 7610669.053511498495936 ], [ 404251.346653276064899, 7610650.156525243073702 ], [ 404269.449588606832549, 7610630.962534389458597 ], [ 404286.959929223172367, 7610611.480755172669888 ], [ 404304.593525538046379, 7610590.818434620276093 ] ] ] } },
{ "type": "Feature", "properties": { "fid": 194.0, "COMPR_M": 430.98, "CLASSE": "03 - Média", "CD_FAZ": "400545", "TALHOES": "1", "FAZ_tAL": "400545001", "ID_LINHA": 166125 }, "geometry": { "type": "MultiLineString", "coordinates": [ [ [ 403970.508293595688883, 7610863.523960107937455 ], [ 403990.353978869097773, 7610852.451078014448285 ], [ 404012.335005558095872, 7610839.433019330725074 ], [ 404034.153438006003853, 7610825.736818373203278 ], [ 404055.806394248211291, 7610811.379881927743554 ], [ 404077.287787576613482, 7610796.382318993099034 ], [ 404098.590909522492439, 7610780.765519604086876 ], [ 404140.633539480681065, 7610747.76578049454838 ], [ 404171.591897996957414, 7610721.608581895008683 ], [ 404191.739992389921099, 7610703.698231905698776 ], [ 404230.567653902689926, 7610666.921165302395821 ], [ 404249.188357221020851, 7610648.07276420854032 ], [ 404267.242757962434553, 7610628.930239517241716 ], [ 404284.7041213872144, 7610609.50295880343765 ], [ 404300.874148964532651, 7610590.597402632236481 ] ] ] } },
{ "type": "Feature", "properties": { "fid": 195.0, "COMPR_M": 426.19, "CLASSE": "03 - Média", "CD_FAZ": "400545", "TALHOES": "1", "FAZ_tAL": "400545001", "ID_LINHA": 166126 }, "geometry": { "type": "MultiLineString", "coordinates": [ [ [ 403970.330227970262058, 7610860.200234390795231 ], [ 404010.77271085861139, 7610836.871845439076424 ], [ 404032.526607861567754, 7610823.21614916715771 ], [ 404054.118394309829455, 7610808.899764947593212 ], [ 404075.541873982758261, 7610793.942629344761372 ], [ 404096.790219327551313, 7610778.365979677066207 ], [ 404138.732200685306452, 7610745.445188689976931 ], [ 404169.62158354226267, 7610719.346262503415346 ], [ 404189.723737626336515, 7610701.476754645816982 ], [ 404228.457350355340168, 7610664.78881910443306 ], [ 404247.030061165452935, 7610645.989003176800907 ], [ 404265.035927318094764, 7610626.897944644093513 ], [ 404297.13605447683949, 7610590.375258293002844 ] ] ] } },
{ "type": "Feature", "properties": { "fid": 196.0, "COMPR_M": 421.4, "CLASSE": "03 - Média", "CD_FAZ": "400545", "TALHOES": "1", "FAZ_tAL": "400545001", "ID_LINHA": 166127 }, "geometry": { "type": "MultiLineString", "coordinates": [ [ [ 403970.152162344544195, 7610856.876508679240942 ], [ 404009.210416162153706, 7610834.310671547427773 ], [ 404030.899777718703263, 7610820.695479956455529 ], [ 404052.430394372553565, 7610806.419647968374193 ], [ 404073.795960389310494, 7610791.502939705736935 ], [ 404094.989529133483302, 7610775.966439751908183 ], [ 404136.830861892667599, 7610743.124596878886223 ], [ 404177.737605011207052, 7610708.209802216850221 ], [ 404216.880541227874346, 7610671.920926997438073 ], [ 404253.923042137990706, 7610634.420885194092989 ], [ 404271.586650112061761, 7610615.240743720903993 ], [ 404293.397959990426898, 7610590.153113950975239 ] ] ] } },
{ "type": "Feature", "properties": { "fid": 197.0, "COMPR_M": 416.61, "CLASSE": "03 - Média", "CD_FAZ": "400545", "TALHOES": "1", "FAZ_tAL": "400545001", "ID_LINHA": 166128 }, "geometry": { "type": "MultiLineString", "coordinates": [ [ [ 403969.974096719990484, 7610853.552782965824008 ], [ 404007.648121464822907, 7610831.749497654847801 ], [ 404029.272947574791033, 7610818.174810749478638 ], [ 404050.742394435685128, 7610803.939530989155173 ], [ 404072.050046793650836, 7610789.063250061124563 ], [ 404093.188838938309345, 7610773.566899827681482 ], [ 404134.929523099330254, 7610740.80400506965816 ], [ 404175.744415492517874, 7610705.967608723789454 ], [ 404214.794004512834363, 7610669.765321247279644 ], [ 404251.740540768252686, 7610632.36248763371259 ], [ 404269.355379233486019, 7610613.23530965577811 ], [ 404289.659865502617322, 7610589.930969612672925 ] ] ] } },
{ "type": "Feature", "properties": { "fid": 198.0, "COMPR_M": 411.82, "CLASSE": "03 - Média", "CD_FAZ": "400545", "TALHOES": "1", "FAZ_tAL": "400545001", "ID_LINHA": 166129 }, "geometry": { "type": "MultiLineString", "coordinates": [ [ [ 403969.796031095145736, 7610850.229057248681784 ], [ 404006.085826765280217, 7610829.188323765993118 ], [ 404027.646117429831065, 7610815.654141541570425 ], [ 404049.054394497943576, 7610801.459414009004831 ], [ 404070.30413320090156, 7610786.623560418374836 ], [ 404091.388148745987564, 7610771.16735989972949 ], [ 404133.02818430471234, 7610738.483413262292743 ], [ 404173.751225970801897, 7610703.725415231660008 ], [ 404212.707467798609287, 7610667.609715493395925 ], [ 404249.558039401308633, 7610630.304090077057481 ], [ 404267.124108356772922, 7610611.229875585995615 ], [ 404285.921328186872415, 7610589.709349989891052 ] ] ] } },
{ "type": "Feature", "properties": { "fid": 199.0, "COMPR_M": 407.03, "CLASSE": "03 - Média", "CD_FAZ": "400545", "TALHOES": "1", "FAZ_tAL": "400545001", "ID_LINHA": 166130 }, "geometry": { "type": "MultiLineString", "coordinates": [ [ [ 403969.617965469427872, 7610846.90533153526485 ], [ 404004.523532068124041, 7610826.627149872481823 ], [ 404026.019287287839688, 7610813.133472334593534 ], [ 404047.366394560609479, 7610798.979297031648457 ], [ 404089.587458551162854, 7610768.767819974571466 ], [ 404131.126845511374995, 7610736.162821453996003 ], [ 404171.758036451996304, 7610701.483221739530563 ], [ 404210.620931083220057, 7610665.454109739512205 ], [ 404247.375538033957127, 7610628.245692515745759 ], [ 404264.892837478837464, 7610609.224441520869732 ], [ 404282.181120379711501, 7610589.489709760993719 ] ] ] } },
{ "type": "Feature", "properties": { "fid": 200.0, "COMPR_M": 402.22, "CLASSE": "03 - Média", "CD_FAZ": "400545", "TALHOES": "1", "FAZ_tAL": "400545001", "ID_LINHA": 166131 }, "geometry": { "type": "MultiLineString", "coordinates": [ [ [ 403969.439899844117463, 7610843.581605819985271 ], [ 404002.96123737009475, 7610824.065975982695818 ], [ 404024.392457143520005, 7610810.612803129479289 ], [ 404045.678394623158965, 7610796.499180048704147 ], [ 404087.786768355988897, 7610766.368280049413443 ], [ 404129.225506717397366, 7610733.84222964476794 ], [ 404169.764846930745989, 7610699.241028248332441 ], [ 404208.534394369227812, 7610663.298503985628486 ], [ 404245.193036664859392, 7610626.187294951640069 ], [ 404278.414235238684341, 7610589.268502933904529 ] ] ] } },
{ "type": "Feature", "properties": { "fid": 201.0, "COMPR_M": 397.4, "CLASSE": "03 - Média", "CD_FAZ": "400545", "TALHOES": "1", "FAZ_tAL": "400545001", "ID_LINHA": 166132 }, "geometry": { "type": "MultiLineString", "coordinates": [ [ [ 403969.261640860291664, 7610840.254270922392607 ], [ 404001.398942671832629, 7610821.504802091047168 ], [ 404022.765627000131644, 7610808.092133919708431 ], [ 404043.990394686174113, 7610794.01906306669116 ], [ 404085.986078162270132, 7610763.968740124255419 ], [ 404127.324167923477944, 7610731.521637838333845 ], [ 404167.771657409786712, 7610696.998834755271673 ], [ 404206.447857655410189, 7610661.142898239195347 ], [ 404243.010535296692979, 7610624.128897393122315 ], [ 404274.638000216335058, 7610589.046747042797506 ] ] ] } },
{ "type": "Feature", "properties": { "fid": 202.0, "COMPR_M": 392.58, "CLASSE": "03 - Média", "CD_FAZ": "400545", "TALHOES": "1", "FAZ_tAL": "400545001", "ID_LINHA": 166133 }, "geometry": { "type": "MultiLineString", "coordinates": [ [ [ 403969.082424553809687, 7610836.90906691364944 ], [ 403989.135541317751631, 7610825.376629767939448 ], [ 404010.504639987251721, 7610812.341203722171485 ], [ 404042.302394748257939, 7610791.538946088403463 ], [ 404084.185387968085706, 7610761.569200199097395 ], [ 404125.42282912961673, 7610729.201046027243137 ], [ 404165.778467890340835, 7610694.756641261279583 ], [ 404204.361320939729922, 7610658.98729248251766 ], [ 404240.828033928060904, 7610622.070499833673239 ], [ 404270.861765196430497, 7610588.824991147965193 ] ] ] } },
{ "type": "Feature", "properties": { "fid": 203.0, "COMPR_M": 387.76, "CLASSE": "03 - Média", "CD_FAZ": "400545", "TALHOES": "1", "FAZ_tAL": "400545001", "ID_LINHA": 166134 }, "geometry": { "type": "MultiLineString", "coordinates": [ [ [ 403968.903208247735165, 7610833.563862908631563 ], [ 404008.909650479909033, 7610809.800264661200345 ], [ 404030.080501551507041, 7610796.136225830763578 ], [ 404051.112734649097547, 7610781.820971928536892 ], [ 404082.384697773435619, 7610759.169660275802016 ], [ 404123.52149033441674, 7610726.88045421615243 ], [ 404163.78527836932335, 7610692.514447769150138 ], [ 404202.274784224224277, 7610656.831686732359231 ], [ 404238.645532561058644, 7610620.012102272361517 ], [ 404267.085530173149891, 7610588.60323525685817 ] ] ] } },
{ "type": "Feature", "properties": { "fid": 204.0, "COMPR_M": 382.93, "CLASSE": "03 - Média", "CD_FAZ": "400545", "TALHOES": "1", "FAZ_tAL": "400545001", "ID_LINHA": 166135 }, "geometry": { "type": "MultiLineString", "coordinates": [ [ [ 403968.72399194346508, 7610830.218658901751041 ], [ 404007.314660970761906, 7610807.259325601160526 ], [ 404028.422672386048362, 7610793.635838041082025 ], [ 404049.395378121640533, 7610779.361094227060676 ], [ 404080.58400757907657, 7610756.770120346918702 ], [ 404121.620151541777886, 7610724.559862408787012 ], [ 404161.792088849062566, 7610690.272254275158048 ], [ 404200.188247510115616, 7610654.676080980338156 ], [ 404236.463031190272886, 7610617.953704711049795 ], [ 404263.309295153710991, 7610588.381479364819825 ] ] ] } },
{ "type": "Feature", "properties": { "fid": 205.0, "COMPR_M": 378.11, "CLASSE": "03 - Média", "CD_FAZ": "400545", "TALHOES": "1", "FAZ_tAL": "400545001", "ID_LINHA": 166136 }, "geometry": { "type": "MultiLineString", "coordinates": [ [ [ 403968.544775637798011, 7610826.873454893007874 ], [ 404005.719671462546103, 7610804.718386542983353 ], [ 404026.764843221753836, 7610791.135450253263116 ], [ 404047.678021594067104, 7610776.901216523721814 ], [ 404078.783317384775728, 7610754.370580425485969 ], [ 404119.71881274797488, 7610722.239270597696304 ], [ 404159.798899327812251, 7610688.030060784891248 ], [ 404198.101710796181578, 7610652.520475225523114 ], [ 404225.447100610472262, 7610625.151392836123705 ], [ 404259.524441839195788, 7610588.159217372536659 ] ] ] } },
{ "type": "Feature", "properties": { "fid": 206.0, "COMPR_M": 373.26, "CLASSE": "03 - Média", "CD_FAZ": "400545", "TALHOES": "1", "FAZ_tAL": "400545001", "ID_LINHA": 166137 }, "geometry": { "type": "MultiLineString", "coordinates": [ [ [ 403968.365559332654811, 7610823.528250884264708 ], [ 404004.124681955261622, 7610802.177447482012212 ], [ 404025.107014058041386, 7610788.63506246637553 ], [ 404045.960665067192167, 7610774.441338820382953 ], [ 404076.982627190824132, 7610751.9710404984653 ], [ 404117.817473952833097, 7610719.918678794056177 ], [ 404157.805709808133543, 7610685.787867289036512 ], [ 404186.653330781962723, 7610659.32765315938741 ], [ 404223.288804554962553, 7610623.067631797865033 ], [ 404255.711520365730394, 7610587.935307105071843 ] ] ] } },
{ "type": "Feature", "properties": { "fid": 207.0, "COMPR_M": 368.41, "CLASSE": "03 - Média", "CD_FAZ": "400545", "TALHOES": "1", "FAZ_tAL": "400545001", "ID_LINHA": 166138 }, "geometry": { "type": "MultiLineString", "coordinates": [ [ [ 403968.186343027278781, 7610820.183046881109476 ], [ 404002.529692446230911, 7610799.636508421041071 ], [ 404023.449184892931953, 7610786.134674677625299 ], [ 404044.243308538862038, 7610771.981461117044091 ], [ 404075.181936996348668, 7610749.571500569581985 ], [ 404115.916135160950944, 7610717.598086984828115 ], [ 404155.812520287407096, 7610683.545673793181777 ], [ 404184.590396100888029, 7610657.149451438337564 ], [ 404221.130508498230483, 7610620.983870767056942 ], [ 404251.898598893429153, 7610587.711396833881736 ] ] ] } },
{ "type": "Feature", "properties": { "fid": 208.0, "COMPR_M": 363.57, "CLASSE": "03 - Média", "CD_FAZ": "400545", "TALHOES": "1", "FAZ_tAL": "400545001", "ID_LINHA": 166139 }, "geometry": { "type": "MultiLineString", "coordinates": [ [ [ 403968.007126721146051, 7610816.837842873297632 ], [ 404000.934702939470299, 7610797.095569361001253 ], [ 404021.791355729685165, 7610783.63428688980639 ], [ 404042.525952011870686, 7610769.521583414636552 ], [ 404073.381246802106034, 7610747.171960645355284 ], [ 404114.014796366565861, 7610715.277495174668729 ], [ 404153.819330767611973, 7610681.303480304777622 ], [ 404182.527461420628242, 7610654.971249717287719 ], [ 404218.972212444408797, 7610618.900109732523561 ], [ 404248.085677419556305, 7610587.487486563622952 ] ] ] } },
{ "type": "Feature", "properties": { "fid": 209.0, "COMPR_M": 358.72, "CLASSE": "03 - Média", "CD_FAZ": "400545", "TALHOES": "1", "FAZ_tAL": "400545001", "ID_LINHA": 166140 }, "geometry": { "type": "MultiLineString", "coordinates": [ [ [ 403967.827910416119266, 7610813.492638868279755 ], [ 403999.339713430264965, 7610794.554630301892757 ], [ 404020.133526564459316, 7610781.133899103850126 ], [ 404040.808595484762918, 7610767.061705710366368 ], [ 404071.580556607397739, 7610744.772420722991228 ], [ 404112.113457571482286, 7610712.956903366371989 ], [ 404151.826141246012412, 7610679.061286808922887 ], [ 404180.464526737341657, 7610652.793047996237874 ], [ 404216.813916389422957, 7610616.816348697990179 ], [ 404244.272755946731195, 7610587.263576293364167 ] ] ] } },
{ "type": "Feature", "properties": { "fid": 210.0, "COMPR_M": 353.86, "CLASSE": "03 - Média", "CD_FAZ": "400545", "TALHOES": "1", "FAZ_tAL": "400545001", "ID_LINHA": 166141 }, "geometry": { "type": "MultiLineString", "coordinates": [ [ [ 403967.647581002325751, 7610810.126657877117395 ], [ 403987.338290391024202, 7610798.454237071797252 ], [ 404008.124155706202146, 7610785.406111054122448 ], [ 404039.091238957014866, 7610764.601828008890152 ], [ 404069.779866413562559, 7610742.372880793176591 ], [ 404110.212118778435979, 7610710.636311557143927 ], [ 404149.832951726042666, 7610676.819093317724764 ], [ 404178.401592057547532, 7610650.614846276119351 ], [ 404214.655620331934188, 7610614.73258766438812 ], [ 404240.459834474953823, 7610587.039666024968028 ] ] ] } },
{ "type": "Feature", "properties": { "fid": 211.0, "COMPR_M": 348.99, "CLASSE": "03 - Média", "CD_FAZ": "400545", "TALHOES": "1", "FAZ_tAL": "400545001", "ID_LINHA": 166142 }, "geometry": { "type": "MultiLineString", "coordinates": [ [ [ 403967.467148909345269, 7610806.758760311640799 ], [ 404006.497325563104823, 7610782.885441843420267 ], [ 404037.373882429790683, 7610762.141950305551291 ], [ 404067.979176218621433, 7610739.973340868018568 ], [ 404108.310779985389672, 7610708.315719749778509 ], [ 404147.839762204384897, 7610674.576899825595319 ], [ 404176.338657374668401, 7610648.436644552275538 ], [ 404203.665224508615211, 7610621.69144478160888 ], [ 404236.612197156704497, 7610586.813717100769281 ] ] ] } },
{ "type": "Feature", "properties": { "fid": 212.0, "COMPR_M": 344.11, "CLASSE": "03 - Média", "CD_FAZ": "400545", "TALHOES": "1", "FAZ_tAL": "400545001", "ID_LINHA": 166143 }, "geometry": { "type": "MultiLineString", "coordinates": [ [ [ 403967.286716817005072, 7610803.390862742438912 ], [ 404004.870495420298539, 7610780.364772638306022 ], [ 404035.656525903264992, 7610759.682072602212429 ], [ 404066.178486025193706, 7610737.573800944723189 ], [ 404106.409441189724021, 7610705.995127940550447 ], [ 404145.846572685637511, 7610672.334706334397197 ], [ 404174.275722694641445, 7610646.258442832157016 ], [ 404201.530997963622212, 7610619.583040522411466 ], [ 404232.761940194119234, 7610586.587614339776337 ] ] ] } },
{ "type": "Feature", "properties": { "fid": 213.0, "COMPR_M": 339.23, "CLASSE": "03 - Média", "CD_FAZ": "400545", "TALHOES": "1", "FAZ_tAL": "400545001", "ID_LINHA": 166144 }, "geometry": { "type": "MultiLineString", "coordinates": [ [ [ 403967.106284724723082, 7610800.022965176030993 ], [ 404003.243665276444517, 7610777.844103429466486 ], [ 404033.939169375342317, 7610757.222194898873568 ], [ 404064.377795830077957, 7610735.174261019565165 ], [ 404104.508102397376206, 7610703.674536131322384 ], [ 404143.853383164445404, 7610670.092512839473784 ], [ 404172.212788014207035, 7610644.080241113901138 ], [ 404199.396771423111204, 7610617.474636262282729 ], [ 404228.910798736091238, 7610586.362483674660325 ] ] ] } },
{ "type": "Feature", "properties": { "fid": 214.0, "COMPR_M": 334.34, "CLASSE": "03 - Média", "CD_FAZ": "400545", "TALHOES": "1", "FAZ_tAL": "400545001", "ID_LINHA": 166145 }, "geometry": { "type": "MultiLineString", "coordinates": [ [ [ 403966.9258526317426, 7610796.655067613348365 ], [ 404001.616835131659172, 7610775.32343422062695 ], [ 404032.22181284870021, 7610754.762317197397351 ], [ 404062.577105635777116, 7610732.774721092544496 ], [ 404102.606763602409046, 7610701.353944325819612 ], [ 404141.860193644184619, 7610667.850319347344339 ], [ 404170.14985333266668, 7610641.902039391919971 ], [ 404197.262544880330097, 7610615.366232005879283 ], [ 404225.054017984890379, 7610586.143550819717348 ] ] ] } },
{ "type": "Feature", "properties": { "fid": 215.0, "COMPR_M": 329.45, "CLASSE": "03 - Média", "CD_FAZ": "400545", "TALHOES": "1", "FAZ_tAL": "400545001", "ID_LINHA": 166146 }, "geometry": { "type": "MultiLineString", "coordinates": [ [ [ 403966.745420539402403, 7610793.287170048803091 ], [ 403999.990004988387227, 7610772.802765015512705 ], [ 404030.504456321359612, 7610752.3024394903332 ], [ 404060.776415441650897, 7610730.375181168317795 ], [ 404100.705424807500094, 7610699.033352513797581 ], [ 404139.867004124214873, 7610665.608125853352249 ], [ 404168.086918651300948, 7610639.723837670870125 ], [ 404195.128318338072859, 7610613.257827749475837 ], [ 404221.19723722996423, 7610585.92461796477437 ] ] ] } },
{ "type": "Feature", "properties": { "fid": 216.0, "COMPR_M": 324.54, "CLASSE": "03 - Média", "CD_FAZ": "400545", "TALHOES": "1", "FAZ_tAL": "400545001", "ID_LINHA": 166147 }, "geometry": { "type": "MultiLineString", "coordinates": [ [ [ 403966.564988446538337, 7610789.919272484257817 ], [ 403998.363174844824243, 7610770.282095806673169 ], [ 404028.78709979262203, 7610749.842561787925661 ], [ 404058.975725246476941, 7610727.975641244091094 ], [ 404098.804086015268695, 7610696.712760703638196 ], [ 404128.244980019226205, 7610671.837555296719074 ], [ 404156.766989997180644, 7610646.218458013609052 ], [ 404184.140975892660208, 7610620.009548984467983 ], [ 404217.309160810080357, 7610585.703908590599895 ] ] ] } },
{ "type": "Feature", "properties": { "fid": 217.0, "COMPR_M": 319.62, "CLASSE": "03 - Média", "CD_FAZ": "400545", "TALHOES": "1", "FAZ_tAL": "400545001", "ID_LINHA": 166148 }, "geometry": { "type": "MultiLineString", "coordinates": [ [ [ 403966.384390122140758, 7610786.548272076994181 ], [ 403996.736344700912014, 7610767.761426600627601 ], [ 404027.069743266445585, 7610747.382684089243412 ], [ 404057.175035052816384, 7610725.576101316139102 ], [ 404096.902747221756727, 7610694.392168896272779 ], [ 404126.274665565229952, 7610669.575235910713673 ], [ 404154.727484884613659, 7610644.018305271863937 ], [ 404182.03067234653281, 7610617.877202788367867 ], [ 404213.414188310445752, 7610585.482807754538953 ] ] ] } },
{ "type": "Feature", "properties": { "fid": 218.0, "COMPR_M": 314.7, "CLASSE": "03 - Média", "CD_FAZ": "400545", "TALHOES": "1", "FAZ_tAL": "400545001", "ID_LINHA": 166149 }, "geometry": { "type": "MultiLineString", "coordinates": [ [ [ 403966.202713040285744, 7610783.157135870307684 ], [ 404005.213064084236976, 7610758.630409009754658 ], [ 404035.385861322225537, 7610737.829767549410462 ], [ 404065.326812468701974, 7610715.621243620291352 ], [ 404095.001408427604474, 7610692.071577090770006 ], [ 404124.304351112688892, 7610667.31291651725769 ], [ 404152.687979771348182, 7610641.818152528256178 ], [ 404179.920368800172582, 7610615.744856592267752 ], [ 404209.519215809472371, 7610585.261706918478012 ] ] ] } },
{ "type": "Feature", "properties": { "fid": 219.0, "COMPR_M": 309.81, "CLASSE": "03 - Média", "CD_FAZ": "400545", "TALHOES": "1", "FAZ_tAL": "400545001", "ID_LINHA": 166150 }, "geometry": { "type": "MultiLineString", "coordinates": [ [ [ 403966.020448579685763, 7610779.766352763399482 ], [ 404003.555234919593204, 7610756.130021221004426 ], [ 404033.63994772778824, 7610735.39007790479809 ], [ 404063.499871287262067, 7610713.241631872951984 ], [ 404093.100069632811937, 7610689.750985280610621 ], [ 404122.334036658110563, 7610665.050597129389644 ], [ 404150.648474658140913, 7610639.617999780923128 ], [ 404177.8100652549183, 7610613.612510396167636 ], [ 404205.65057623735629, 7610585.012353693135083 ] ] ] } },
{ "type": "Feature", "properties": { "fid": 220.0, "COMPR_M": 305.03, "CLASSE": "03 - Média", "CD_FAZ": "400545", "TALHOES": "1", "FAZ_tAL": "400545001", "ID_LINHA": 166151 }, "geometry": { "type": "MultiLineString", "coordinates": [ [ [ 403965.833893903298303, 7610776.37814873456955 ], [ 404001.897405756113585, 7610753.629633436910808 ], [ 404031.894034133059904, 7610732.950388262979686 ], [ 404061.67293010733556, 7610710.862020124681294 ], [ 404091.198730839416385, 7610687.430393470451236 ], [ 404120.363722204929218, 7610662.788277736864984 ], [ 404148.608969544991851, 7610637.417847041971982 ], [ 404175.699761708790902, 7610611.480164197273552 ], [ 404201.845925782748964, 7610584.694347047246993 ] ] ] } },
{ "type": "Feature", "properties": { "fid": 221.0, "COMPR_M": 300.22, "CLASSE": "03 - Média", "CD_FAZ": "400545", "TALHOES": "1", "FAZ_tAL": "400545001", "ID_LINHA": 166152 }, "geometry": { "type": "MultiLineString", "coordinates": [ [ [ 403965.647339225804899, 7610772.989944705739617 ], [ 404000.239576590654906, 7610751.129245648160577 ], [ 404030.148120540136006, 7610730.510698615573347 ], [ 404059.845988925779238, 7610708.482408376410604 ], [ 404089.297392045962624, 7610685.109801661223173 ], [ 404118.393407751224004, 7610660.525958348065615 ], [ 404146.569464431202505, 7610635.21769430115819 ], [ 404173.589458163070958, 7610609.347818003967404 ], [ 404198.012073563237209, 7610584.373899608850479 ] ] ] } },
{ "type": "Feature", "properties": { "fid": 222.0, "COMPR_M": 295.41, "CLASSE": "02 - Curta", "CD_FAZ": "400545", "TALHOES": "1", "FAZ_tAL": "400545001", "ID_LINHA": 166153 }, "geometry": { "type": "MultiLineString", "coordinates": [ [ [ 403965.460784550465178, 7610769.601740676909685 ], [ 403998.58174742636038, 7610748.628857860341668 ], [ 404028.40220694616437, 7610728.071008973754942 ], [ 404058.019047745212447, 7610706.102796632796526 ], [ 404087.396053250588011, 7610682.789209855720401 ], [ 404116.423093296820298, 7610658.263638958334923 ], [ 404144.529959318810143, 7610633.017541554756463 ], [ 404171.479154615895823, 7610607.215471806935966 ], [ 404194.171516157861333, 7610584.052891727536917 ] ] ] } },
{ "type": "Feature", "properties": { "fid": 223.0, "COMPR_M": 290.6, "CLASSE": "02 - Curta", "CD_FAZ": "400545", "TALHOES": "1", "FAZ_tAL": "400545001", "ID_LINHA": 166154 }, "geometry": { "type": "MultiLineString", "coordinates": [ [ [ 403965.27422987530008, 7610766.213536646217108 ], [ 403996.92391826142557, 7610746.128470070660114 ], [ 404026.65629335201811, 7610725.631319331005216 ], [ 404056.192106563597918, 7610703.723184879869223 ], [ 404085.494714457250666, 7610680.468618048354983 ], [ 404114.452778843755368, 7610656.001319563947618 ], [ 404142.490454205137212, 7610630.817388813942671 ], [ 404169.368851071165409, 7610605.083125608041883 ], [ 404190.330958754639141, 7610583.731883846223354 ] ] ] } },
{ "type": "Feature", "properties": { "fid": 224.0, "COMPR_M": 285.68, "CLASSE": "02 - Curta", "CD_FAZ": "400545", "TALHOES": "1", "FAZ_tAL": "400545001", "ID_LINHA": 166155 }, "geometry": { "type": "MultiLineString", "coordinates": [ [ [ 403965.087675199029036, 7610762.825332619249821 ], [ 403985.348533695389051, 7610750.116742149926722 ], [ 404015.048247575177811, 7610730.163540164940059 ], [ 404044.570203692885116, 7610708.779321836307645 ], [ 404073.878176644910127, 7610686.025294547900558 ], [ 404102.92190041183494, 7610661.981286726891994 ], [ 404131.252349477319513, 7610637.053914057090878 ], [ 404158.457513218629174, 7610611.563965935260057 ], [ 404186.413176059373654, 7610583.491796280257404 ] ] ] } },
{ "type": "Feature", "properties": { "fid": 225.0, "COMPR_M": 280.69, "CLASSE": "02 - Curta", "CD_FAZ": "400545", "TALHOES": "1", "FAZ_tAL": "400545001", "ID_LINHA": 166156 }, "geometry": { "type": "MultiLineString", "coordinates": [ [ [ 403964.900178146082908, 7610759.420013152062893 ], [ 403993.608259932603687, 7610741.127694495953619 ], [ 404023.164466164133046, 7610720.751940043643117 ], [ 404042.76951349893352, 7610706.379781913012266 ], [ 404072.000927525165025, 7610683.685170371085405 ], [ 404100.97430140664801, 7610659.699384052306414 ], [ 404129.23609471321106, 7610634.832436793483794 ], [ 404156.370976503647398, 7610609.408360181376338 ], [ 404182.449153859051876, 7610583.30016066133976 ] ] ] } },
{ "type": "Feature", "properties": { "fid": 226.0, "COMPR_M": 275.66, "CLASSE": "02 - Curta", "CD_FAZ": "400545", "TALHOES": "1", "FAZ_tAL": "400545001", "ID_LINHA": 166157 }, "geometry": { "type": "MultiLineString", "coordinates": [ [ [ 403964.712323431391269, 7610756.008197809569538 ], [ 403991.950430767436046, 7610738.627306709066033 ], [ 404021.418552570510656, 7610718.312250401824713 ], [ 404040.96882330335211, 7610703.980241985991597 ], [ 404070.12367840425577, 7610681.345046197995543 ], [ 404099.026702401752118, 7610657.417481379583478 ], [ 404127.21983994927723, 7610632.610959531739354 ], [ 404154.28443978948053, 7610607.252754425629973 ], [ 404178.448453704360873, 7610583.106751892715693 ] ] ] } },
{ "type": "Feature", "properties": { "fid": 227.0, "COMPR_M": 270.64, "CLASSE": "02 - Curta", "CD_FAZ": "400545", "TALHOES": "1", "FAZ_tAL": "400545001", "ID_LINHA": 166158 }, "geometry": { "type": "MultiLineString", "coordinates": [ [ [ 403964.524468715186231, 7610752.596382470801473 ], [ 403990.292601602850482, 7610736.126918922178447 ], [ 404019.672638975316659, 7610715.872560756281018 ], [ 404039.168133109924383, 7610701.580702060833573 ], [ 404068.246429284161422, 7610679.004922026768327 ], [ 404097.07910339650698, 7610655.135578706860542 ], [ 404125.203585186274722, 7610630.389482272788882 ], [ 404152.197903075371869, 7610605.097148677334189 ], [ 404174.443991715437733, 7610582.91316126473248 ] ] ] } },
{ "type": "Feature", "properties": { "fid": 228.0, "COMPR_M": 265.61, "CLASSE": "02 - Curta", "CD_FAZ": "400545", "TALHOES": "1", "FAZ_tAL": "400545001", "ID_LINHA": 166159 }, "geometry": { "type": "MultiLineString", "coordinates": [ [ [ 403964.336613999446854, 7610749.184567131102085 ], [ 403988.634772438846994, 7610733.626531134359539 ], [ 404017.926725382567383, 7610713.432871110737324 ], [ 404037.367442915390711, 7610699.18116213567555 ], [ 404066.369180164299905, 7610676.664797848090529 ], [ 404095.131504390796181, 7610652.853676033206284 ], [ 404123.187330422224477, 7610628.16800501011312 ], [ 404150.111366360157263, 7610602.941542924381793 ], [ 404170.43952972558327, 7610582.719570632092655 ] ] ] } },
{ "type": "Feature", "properties": { "fid": 229.0, "COMPR_M": 260.59, "CLASSE": "02 - Curta", "CD_FAZ": "400545", "TALHOES": "1", "FAZ_tAL": "400545001", "ID_LINHA": 166160 }, "geometry": { "type": "MultiLineString", "coordinates": [ [ [ 403964.148759282834362, 7610745.772751791402698 ], [ 403986.976943274843507, 7610731.126143345609307 ], [ 404016.18081178877037, 7610710.993181470781565 ], [ 404035.56675272108987, 7610696.781622210517526 ], [ 404064.491931042633951, 7610674.324673673138022 ], [ 404093.183905384736136, 7610650.571773355826735 ], [ 404121.17107565846527, 7610625.946527751162648 ], [ 404148.024829645757563, 7610600.785937168635428 ], [ 404166.435067736136261, 7610582.525980004109442 ] ] ] } },
{ "type": "Feature", "properties": { "fid": 230.0, "COMPR_M": 255.55, "CLASSE": "02 - Curta", "CD_FAZ": "400545", "TALHOES": "1", "FAZ_tAL": "400545001", "ID_LINHA": 166161 }, "geometry": { "type": "MultiLineString", "coordinates": [ [ [ 403963.960904567327816, 7610742.360936449840665 ], [ 403985.319114110083319, 7610728.625755554065108 ], [ 404014.434898194740526, 7610708.553491827100515 ], [ 404033.766062527021859, 7610694.382082284428179 ], [ 404062.614681924460456, 7610671.984549500048161 ], [ 404091.236306380305905, 7610648.289870684035122 ], [ 404119.154820893716533, 7610623.725050489418209 ], [ 404137.142898434540257, 7610607.050811847671866 ], [ 404162.415575057035312, 7610582.33166273497045 ] ] ] } },
{ "type": "Feature", "properties": { "fid": 231.0, "COMPR_M": 250.5, "CLASSE": "02 - Curta", "CD_FAZ": "400545", "TALHOES": "1", "FAZ_tAL": "400545001", "ID_LINHA": 166162 }, "geometry": { "type": "MultiLineString", "coordinates": [ [ [ 403963.773049850948155, 7610738.949121112003922 ], [ 403983.661284945905209, 7610726.125367771834135 ], [ 404012.688984600477852, 7610706.113802184350789 ], [ 404031.965372332546394, 7610691.982542358338833 ], [ 404060.737432803842239, 7610669.644425323233008 ], [ 404079.805869973031804, 7610654.02054226770997 ], [ 404107.975971796491649, 7610629.733029970899224 ], [ 404135.079963753523771, 7610604.872610129415989 ], [ 404158.3700341101503, 7610582.136086195707321 ] ] ] } },
{ "type": "Feature", "properties": { "fid": 232.0, "COMPR_M": 245.44, "CLASSE": "02 - Curta", "CD_FAZ": "400545", "TALHOES": "1", "FAZ_tAL": "400545001", "ID_LINHA": 166163 }, "geometry": { "type": "MultiLineString", "coordinates": [ [ [ 403963.584319116664119, 7610735.521395523101091 ], [ 403991.662396627478302, 7610717.135436693206429 ], [ 404010.943071005342063, 7610703.674112539738417 ], [ 404030.16468213830376, 7610689.583002433180809 ], [ 404058.860183683456853, 7610667.304301150143147 ], [ 404077.881128424953204, 7610651.719326061196625 ], [ 404105.982782276463695, 7610627.490836476907134 ], [ 404133.017029072041623, 7610602.694408409297466 ], [ 404154.324493162741419, 7610581.940509650856256 ] ] ] } },
{ "type": "Feature", "properties": { "fid": 233.0, "COMPR_M": 240.37, "CLASSE": "02 - Curta", "CD_FAZ": "400545", "TALHOES": "1", "FAZ_tAL": "400545001", "ID_LINHA": 166164 }, "geometry": { "type": "MultiLineString", "coordinates": [ [ [ 403963.395139284199104, 7610732.085513426922262 ], [ 403989.974396690144204, 7610714.655319714918733 ], [ 404009.197157411254011, 7610701.234422896057367 ], [ 404028.363991942955181, 7610687.18346250616014 ], [ 404056.982934563886374, 7610664.964176973327994 ], [ 404075.956386876525357, 7610649.418109853751957 ], [ 404103.989592755446211, 7610625.248642986640334 ], [ 404130.95409439021023, 7610600.516206689178944 ], [ 404150.27895221527433, 7610581.744933113455772 ] ] ] } },
{ "type": "Feature", "properties": { "fid": 234.0, "COMPR_M": 235.31, "CLASSE": "02 - Curta", "CD_FAZ": "400545", "TALHOES": "1", "FAZ_tAL": "400545001", "ID_LINHA": 166165 }, "geometry": { "type": "MultiLineString", "coordinates": [ [ [ 403963.205959451734088, 7610728.649631334468722 ], [ 403988.286396753333975, 7610712.175202732905746 ], [ 404007.451243819552474, 7610698.794733250513673 ], [ 404026.563301748421509, 7610684.783922584727407 ], [ 404055.105685443850234, 7610662.624052796512842 ], [ 404074.031645327806473, 7610647.116893647238612 ], [ 404101.996403235360049, 7610623.006449490785599 ], [ 404128.891159709892236, 7610598.338004963472486 ], [ 404146.233411266584881, 7610581.549356574192643 ] ] ] } },
{ "type": "Feature", "properties": { "fid": 235.0, "COMPR_M": 230.22, "CLASSE": "02 - Curta", "CD_FAZ": "400545", "TALHOES": "1", "FAZ_tAL": "400545001", "ID_LINHA": 166166 }, "geometry": { "type": "MultiLineString", "coordinates": [ [ [ 403963.016779618745204, 7610725.21374924108386 ], [ 403986.598396815708838, 7610709.695085752755404 ], [ 404005.705330224940553, 7610696.355043606832623 ], [ 404024.762611555517651, 7610682.384382656775415 ], [ 404053.228436324046925, 7610660.283928624354303 ], [ 404072.106903778563719, 7610644.815677447244525 ], [ 404100.003213714866433, 7610620.764255998656154 ], [ 404118.01639284711564, 7610604.415555901825428 ], [ 404142.14783790090587, 7610581.351844714954495 ] ] ] } },
{ "type": "Feature", "properties": { "fid": 236.0, "COMPR_M": 225.12, "CLASSE": "02 - Curta", "CD_FAZ": "400545", "TALHOES": "1", "FAZ_tAL": "400545001", "ID_LINHA": 166167 }, "geometry": { "type": "MultiLineString", "coordinates": [ [ [ 403962.827599786571227, 7610721.777867148630321 ], [ 403984.910396878491156, 7610707.214968773536384 ], [ 404003.959416630794294, 7610693.915353966876864 ], [ 404022.961921360867564, 7610679.984842730686069 ], [ 404051.351187203719746, 7610657.943804450333118 ], [ 404070.182162230368704, 7610642.514461239799857 ], [ 404098.010024195362348, 7610618.522062504664063 ], [ 404115.976887732802425, 7610602.215403158217669 ], [ 404138.060585523257032, 7610581.15425169095397 ] ] ] } },
{ "type": "Feature", "properties": { "fid": 237.0, "COMPR_M": 220.04, "CLASSE": "02 - Curta", "CD_FAZ": "400545", "TALHOES": "1", "FAZ_tAL": "400545001", "ID_LINHA": 166168 }, "geometry": { "type": "MultiLineString", "coordinates": [ [ [ 403962.638419954455458, 7610718.341985054314137 ], [ 403983.222396941797342, 7610704.734851793386042 ], [ 404002.213503036997281, 7610691.475664323195815 ], [ 404021.161231166392099, 7610677.58530280739069 ], [ 404049.473938084323891, 7610655.603680274449289 ], [ 404068.257420681067742, 7610640.21324503608048 ], [ 404096.016834672831465, 7610616.279869012534618 ], [ 404113.937382621050347, 7610600.015250414609909 ], [ 404133.979848875431344, 7610580.950282003730536 ] ] ] } },
{ "type": "Feature", "properties": { "fid": 238.0, "COMPR_M": 214.97, "CLASSE": "02 - Curta", "CD_FAZ": "400545", "TALHOES": "1", "FAZ_tAL": "400545001", "ID_LINHA": 166169 }, "geometry": { "type": "MultiLineString", "coordinates": [ [ [ 403962.449240121874027, 7610714.906102964654565 ], [ 404000.467589442967437, 7610689.035974679514766 ], [ 404019.360540972207673, 7610675.185762878507376 ], [ 404047.596688964404166, 7610653.263556100428104 ], [ 404066.332679132756311, 7610637.912028832361102 ], [ 404094.023645152512472, 7610614.037675522267818 ], [ 404129.911836966231931, 7610580.733859173953533 ] ] ] } },
{ "type": "Feature", "properties": { "fid": 239.0, "COMPR_M": 209.88, "CLASSE": "02 - Curta", "CD_FAZ": "400545", "TALHOES": "1", "FAZ_tAL": "400545001", "ID_LINHA": 166170 }, "geometry": { "type": "MultiLineString", "coordinates": [ [ [ 403962.258827281068079, 7610711.447826998308301 ], [ 403989.287899663846474, 7610693.26537461951375 ], [ 404008.146187276171986, 7610679.769230889156461 ], [ 404045.719439842738211, 7610650.923431925475597 ], [ 404082.927747587382328, 7610619.804209312424064 ], [ 404101.008528019941878, 7610603.731755133718252 ], [ 404125.816118197049946, 7610580.51596231199801 ] ] ] } },
{ "type": "Feature", "properties": { "fid": 240.0, "COMPR_M": 204.77, "CLASSE": "02 - Curta", "CD_FAZ": "400545", "TALHOES": "1", "FAZ_tAL": "400545001", "ID_LINHA": 166171 }, "geometry": { "type": "MultiLineString", "coordinates": [ [ [ 403962.068298391182907, 7610707.987443322315812 ], [ 403987.570543137611821, 7610690.805496918037534 ], [ 404006.372500981437042, 7610677.34965960867703 ], [ 404043.842190722585656, 7610648.5833077467978 ], [ 404080.957433133909944, 7610617.541889922693372 ], [ 404098.992273258045316, 7610601.5102778673172 ], [ 404121.706377124821302, 7610580.297319445759058 ] ] ] } },
{ "type": "Feature", "properties": { "fid": 241.0, "COMPR_M": 199.66, "CLASSE": "02 - Curta", "CD_FAZ": "400545", "TALHOES": "1", "FAZ_tAL": "400545001", "ID_LINHA": 166172 }, "geometry": { "type": "MultiLineString", "coordinates": [ [ [ 403961.877769500482827, 7610704.527059648185968 ], [ 403985.853186610038392, 7610688.345619212836027 ], [ 404004.598814685130492, 7610674.930088328197598 ], [ 404041.9649416039465, 7610646.243183574639261 ], [ 404078.987118679855485, 7610615.27957053296268 ], [ 404096.976018493704032, 7610599.288800610229373 ], [ 404117.596636053116526, 7610580.078676579520106 ] ] ] } },
{ "type": "Feature", "properties": { "fid": 242.0, "COMPR_M": 194.56, "CLASSE": "02 - Curta", "CD_FAZ": "400545", "TALHOES": "1", "FAZ_tAL": "400545001", "ID_LINHA": 166173 }, "geometry": { "type": "MultiLineString", "coordinates": [ [ [ 403961.687240609549917, 7610701.066675974056125 ], [ 403984.135830083105247, 7610685.885741506703198 ], [ 404002.825128392665647, 7610672.510517047718167 ], [ 404040.087692484201398, 7610643.903059398755431 ], [ 404077.016804226499517, 7610613.017251141369343 ], [ 404113.486894977395423, 7610579.8600337151438 ] ] ] } },
{ "type": "Feature", "properties": { "fid": 243.0, "COMPR_M": 189.44, "CLASSE": "02 - Curta", "CD_FAZ": "400545", "TALHOES": "1", "FAZ_tAL": "400545001", "ID_LINHA": 166174 }, "geometry": { "type": "MultiLineString", "coordinates": [ [ [ 403961.4967117178021, 7610697.606292296200991 ], [ 403982.418473556754179, 7610683.425863808952272 ], [ 404001.051442098105326, 7610670.090945762582123 ], [ 404038.210443362651858, 7610641.562935224734247 ], [ 404075.04648977384204, 7610610.754931751638651 ], [ 404109.35755321290344, 7610579.640348065644503 ] ] ] } },
{ "type": "Feature", "properties": { "fid": 244.0, "COMPR_M": 184.3, "CLASSE": "02 - Curta", "CD_FAZ": "400545", "TALHOES": "1", "FAZ_tAL": "400545001", "ID_LINHA": 166175 }, "geometry": { "type": "MultiLineString", "coordinates": [ [ [ 403961.306182828557212, 7610694.145908622071147 ], [ 403999.277755802031606, 7610667.671374482102692 ], [ 404036.333194244012702, 7610639.222811048850417 ], [ 404073.076175317983143, 7610608.492612361907959 ], [ 404105.205474550952204, 7610579.419452792033553 ] ] ] } },
{ "type": "Feature", "properties": { "fid": 245.0, "COMPR_M": 179.16, "CLASSE": "02 - Curta", "CD_FAZ": "400545", "TALHOES": "1", "FAZ_tAL": "400545001", "ID_LINHA": 166176 }, "geometry": { "type": "MultiLineString", "coordinates": [ [ [ 403961.115033140638843, 7610690.674250045791268 ], [ 403997.504069507762324, 7610665.251803199760616 ], [ 404034.455945123510901, 7610636.882686875760555 ], [ 404071.105860865442082, 7610606.230292968451977 ], [ 404101.056701675872318, 7610579.195460353046656 ] ] ] } },
{ "type": "Feature", "properties": { "fid": 246.0, "COMPR_M": 174.03, "CLASSE": "02 - Curta", "CD_FAZ": "400545", "TALHOES": "1", "FAZ_tAL": "400545001", "ID_LINHA": 166177 }, "geometry": { "type": "MultiLineString", "coordinates": [ [ [ 403960.923132373485714, 7610687.188950356096029 ], [ 403995.730383213376626, 7610662.832231918349862 ], [ 404032.578696003940422, 7610634.542562700808048 ], [ 404069.135546411678661, 7610603.96797357685864 ], [ 404096.918986172531731, 7610578.961108325049281 ] ] ] } },
{ "type": "Feature", "properties": { "fid": 247.0, "COMPR_M": 168.89, "CLASSE": "02 - Curta", "CD_FAZ": "400545", "TALHOES": "1", "FAZ_tAL": "400545001", "ID_LINHA": 166178 }, "geometry": { "type": "MultiLineString", "coordinates": [ [ [ 403960.731231605925132, 7610683.703650668263435 ], [ 403993.956696918816306, 7610660.412660634145141 ], [ 404030.701446884486359, 7610632.202438529580832 ], [ 404058.127123292593751, 7610609.497525220736861 ], [ 404092.765855622477829, 7610578.725883215665817 ] ] ] } },
{ "type": "Feature", "properties": { "fid": 248.0, "COMPR_M": 163.74, "CLASSE": "02 - Curta", "CD_FAZ": "400545", "TALHOES": "1", "FAZ_tAL": "400545001", "ID_LINHA": 166179 }, "geometry": { "type": "MultiLineString", "coordinates": [ [ [ 403960.539330837957095, 7610680.218350979499519 ], [ 403992.183010624023154, 7610657.993089355528355 ], [ 404028.824197764042765, 7610629.862314352765679 ], [ 404056.17952428793069, 7610607.215622550807893 ], [ 404088.585641532146838, 7610578.489124150946736 ] ] ] } },
{ "type": "Feature", "properties": { "fid": 249.0, "COMPR_M": 158.58, "CLASSE": "02 - Curta", "CD_FAZ": "400545", "TALHOES": "1", "FAZ_tAL": "400545001", "ID_LINHA": 166180 }, "geometry": { "type": "MultiLineString", "coordinates": [ [ [ 403960.347430070163682, 7610676.73305129352957 ], [ 403990.40932432981208, 7610655.573518072254956 ], [ 404026.946948643773794, 7610627.522190179675817 ], [ 404054.231925282278098, 7610604.933719873428345 ], [ 404084.405427436693572, 7610578.252365087158978 ] ] ] } },
{ "type": "Feature", "properties": { "fid": 250.0, "COMPR_M": 153.42, "CLASSE": "02 - Curta", "CD_FAZ": "400545", "TALHOES": "1", "FAZ_tAL": "400545001", "ID_LINHA": 166181 }, "geometry": { "type": "MultiLineString", "coordinates": [ [ [ 403960.155529302661307, 7610673.247751601971686 ], [ 403988.635638034786098, 7610653.15394679363817 ], [ 404015.971123020513915, 7610632.403189048171043 ], [ 404052.284326277556829, 7610602.651817199774086 ], [ 404080.225213344208896, 7610578.015606021508574 ] ] ] } },
{ "type": "Feature", "properties": { "fid": 251.0, "COMPR_M": 148.25, "CLASSE": "02 - Curta", "CD_FAZ": "400545", "TALHOES": "1", "FAZ_tAL": "400545001", "ID_LINHA": 166182 }, "geometry": { "type": "MultiLineString", "coordinates": [ [ [ 403959.963280878437217, 7610669.756137779913843 ], [ 403986.861951738887001, 7610650.734375511296093 ], [ 404014.118667633796576, 7610630.043387224897742 ], [ 404041.311038998770528, 7610607.996218173764646 ], [ 404076.029697445919737, 7610577.777980294078588 ] ] ] } },
{ "type": "Feature", "properties": { "fid": 252.0, "COMPR_M": 143.05, "CLASSE": "02 - Curta", "CD_FAZ": "400545", "TALHOES": "1", "FAZ_tAL": "400545001", "ID_LINHA": 166183 }, "geometry": { "type": "MultiLineString", "coordinates": [ [ [ 403959.769986525352579, 7610666.245527815073729 ], [ 403985.088265445490833, 7610648.31480422988534 ], [ 404012.266212246497162, 7610627.683585397899151 ], [ 404039.386297449935228, 7610605.695001970045269 ], [ 404071.806394593091682, 7610577.538780767470598 ] ] ] } },
{ "type": "Feature", "properties": { "fid": 253.0, "COMPR_M": 137.84, "CLASSE": "02 - Curta", "CD_FAZ": "400545", "TALHOES": "1", "FAZ_tAL": "400545001", "ID_LINHA": 166184 }, "geometry": { "type": "MultiLineString", "coordinates": [ [ [ 403959.576692173548508, 7610662.734917853027582 ], [ 403983.314579151337966, 7610645.895232945680618 ], [ 404010.413756859896239, 7610625.323783575557172 ], [ 404037.461555901332758, 7610603.393785766325891 ], [ 404067.583091745211277, 7610577.299581240862608 ] ] ] } },
{ "type": "Feature", "properties": { "fid": 254.0, "COMPR_M": 132.64, "CLASSE": "02 - Curta", "CD_FAZ": "400545", "TALHOES": "1", "FAZ_tAL": "400545001", "ID_LINHA": 166185 }, "geometry": { "type": "MultiLineString", "coordinates": [ [ [ 403959.383397820522077, 7610659.224307888187468 ], [ 403981.540892855613492, 7610643.47566166613251 ], [ 404008.561301472771447, 7610622.963981753215194 ], [ 404035.536814352497458, 7610601.092569557949901 ], [ 404063.35978890088154, 7610577.060381712391973 ] ] ] } },
{ "type": "Feature", "properties": { "fid": 255.0, "COMPR_M": 127.43, "CLASSE": "02 - Curta", "CD_FAZ": "400545", "TALHOES": "1", "FAZ_tAL": "400545001", "ID_LINHA": 166186 }, "geometry": { "type": "MultiLineString", "coordinates": [ [ [ 403959.190103466797154, 7610655.713697923347354 ], [ 403979.767206561868079, 7610641.056090384721756 ], [ 404006.708846085064579, 7610620.604179930873215 ], [ 404033.612072803836782, 7610598.791353357955813 ], [ 404059.116844239702914, 7610576.820069709792733 ] ] ] } },
{ "type": "Feature", "properties": { "fid": 256.0, "COMPR_M": 122.19, "CLASSE": "02 - Curta", "CD_FAZ": "400545", "TALHOES": "1", "FAZ_tAL": "400545001", "ID_LINHA": 166187 }, "geometry": { "type": "MultiLineString", "coordinates": [ [ [ 403958.996809115749784, 7610652.203087957575917 ], [ 403977.993520266492851, 7610638.63651910237968 ], [ 404004.856390698754694, 7610618.244378104805946 ], [ 404031.687331256223843, 7610596.490137155167758 ], [ 404054.849866201751865, 7610576.5783965094015 ] ] ] } },
{ "type": "Feature", "properties": { "fid": 257.0, "COMPR_M": 116.96, "CLASSE": "02 - Curta", "CD_FAZ": "400545", "TALHOES": "1", "FAZ_tAL": "400545001", "ID_LINHA": 166188 }, "geometry": { "type": "MultiLineString", "coordinates": [ [ [ 403958.803117586532608, 7610648.68526447750628 ], [ 403985.147427280899137, 7610629.594504293054342 ], [ 404003.003935311222449, 7610615.884576277807355 ], [ 404029.762589706224389, 7610594.188920946791768 ], [ 404050.582888163509779, 7610576.336723307147622 ] ] ] } },
{ "type": "Feature", "properties": { "fid": 258.0, "COMPR_M": 111.71, "CLASSE": "02 - Curta", "CD_FAZ": "400545", "TALHOES": "1", "FAZ_tAL": "400545001", "ID_LINHA": 166189 }, "geometry": { "type": "MultiLineString", "coordinates": [ [ [ 403958.608409038104583, 7610645.148969912901521 ], [ 403983.346737085608765, 7610627.194964367896318 ], [ 404001.15147992502898, 7610613.524774456396699 ], [ 404027.837848157854751, 7610591.887704745866358 ], [ 404046.315910127013922, 7610576.095050104893744 ] ] ] } },
{ "type": "Feature", "properties": { "fid": 259.0, "COMPR_M": 106.44, "CLASSE": "02 - Curta", "CD_FAZ": "400545", "TALHOES": "1", "FAZ_tAL": "400545001", "ID_LINHA": 166190 }, "geometry": { "type": "MultiLineString", "coordinates": [ [ [ 403958.413700490840711, 7610641.612675344571471 ], [ 403981.546046891191509, 7610624.79542444460094 ], [ 403999.299024537031073, 7610611.164972633123398 ], [ 404017.046517877373844, 7610596.927312932908535 ], [ 404042.020555287366733, 7610575.85176969319582 ] ] ] } },
{ "type": "Feature", "properties": { "fid": 260.0, "COMPR_M": 101.17, "CLASSE": "02 - Curta", "CD_FAZ": "400545", "TALHOES": "1", "FAZ_tAL": "400545001", "ID_LINHA": 166191 }, "geometry": { "type": "MultiLineString", "coordinates": [ [ [ 403958.21899194206344, 7610638.076380776241422 ], [ 403979.74535669706529, 7610622.395884517580271 ], [ 403997.446569150371943, 7610608.805170809850097 ], [ 404015.145179083221592, 7610594.606721125543118 ], [ 404037.709318643610459, 7610575.607589771039784 ] ] ] } },
{ "type": "Feature", "properties": { "fid": 261.0, "COMPR_M": 95.89, "CLASSE": "01 - Muito curta", "CD_FAZ": "400545", "TALHOES": "1", "FAZ_tAL": "400545001", "ID_LINHA": 166192 }, "geometry": { "type": "MultiLineString", "coordinates": [ [ [ 403958.024283393810038, 7610634.54008621070534 ], [ 403995.594113763188943, 7610606.44536898471415 ], [ 404033.401861905236728, 7610575.360151142813265 ] ] ] } },
{ "type": "Feature", "properties": { "fid": 262.0, "COMPR_M": 90.65, "CLASSE": "01 - Muito curta", "CD_FAZ": "400545", "TALHOES": "1", "FAZ_tAL": "400545001", "ID_LINHA": 166193 }, "geometry": { "type": "MultiLineString", "coordinates": [ [ [ 403957.831602987134829, 7610631.002357873134315 ], [ 403993.741658376064152, 7610604.085567158646882 ], [ 404029.120111679018009, 7610575.090550594031811 ] ] ] } },
{ "type": "Feature", "properties": { "fid": 263.0, "COMPR_M": 85.36, "CLASSE": "01 - Muito curta", "CD_FAZ": "400545", "TALHOES": "1", "FAZ_tAL": "400545001", "ID_LINHA": 166194 }, "geometry": { "type": "MultiLineString", "coordinates": [ [ [ 403957.645429772557691, 7610627.445616294629872 ], [ 403991.889202989113983, 7610601.725765334442258 ], [ 404024.798162587569095, 7610574.818418921902776 ] ] ] } },
{ "type": "Feature", "properties": { "fid": 264.0, "COMPR_M": 80.07, "CLASSE": "01 - Muito curta", "CD_FAZ": "400545", "TALHOES": "1", "FAZ_tAL": "400545001", "ID_LINHA": 166195 }, "geometry": { "type": "MultiLineString", "coordinates": [ [ [ 403957.458610343455803, 7610623.876529084518552 ], [ 403990.036747602163814, 7610599.365963513031602 ], [ 404020.472302162321284, 7610574.546040973626077 ] ] ] } },
{ "type": "Feature", "properties": { "fid": 265.0, "COMPR_M": 74.77, "CLASSE": "01 - Muito curta", "CD_FAZ": "400545", "TALHOES": "1", "FAZ_tAL": "400545001", "ID_LINHA": 166196 }, "geometry": { "type": "MultiLineString", "coordinates": [ [ [ 403957.271790912258439, 7610620.307441871613264 ], [ 403988.184292214049492, 7610597.006161686964333 ], [ 404016.146441735152621, 7610574.273663024418056 ] ] ] } },
{ "type": "Feature", "properties": { "fid": 266.0, "COMPR_M": 69.47, "CLASSE": "01 - Muito curta", "CD_FAZ": "400545", "TALHOES": "1", "FAZ_tAL": "400545001", "ID_LINHA": 166197 }, "geometry": { "type": "MultiLineString", "coordinates": [ [ [ 403957.084971482865512, 7610616.738354666158557 ], [ 403986.331836827332154, 7610594.646359862759709 ], [ 404011.808738358260598, 7610574.000539382919669 ] ] ] } },
{ "type": "Feature", "properties": { "fid": 267.0, "COMPR_M": 64.14, "CLASSE": "01 - Muito curta", "CD_FAZ": "400545", "TALHOES": "1", "FAZ_tAL": "400545001", "ID_LINHA": 166198 }, "geometry": { "type": "MultiLineString", "coordinates": [ [ [ 403956.898152052715886, 7610613.169267453253269 ], [ 403984.479381441313308, 7610592.286558037623763 ], [ 404007.436963598127477, 7610573.725270437076688 ] ] ] } },
{ "type": "Feature", "properties": { "fid": 268.0, "COMPR_M": 58.81, "CLASSE": "01 - Muito curta", "CD_FAZ": "400545", "TALHOES": "1", "FAZ_tAL": "400545001", "ID_LINHA": 166199 }, "geometry": { "type": "MultiLineString", "coordinates": [ [ [ 403956.71133082715096, 7610609.600145937874913 ], [ 403982.626926053490024, 7610589.926756214350462 ], [ 404003.065188832755666, 7610573.450001489371061 ] ] ] } },
{ "type": "Feature", "properties": { "fid": 269.0, "COMPR_M": 53.46, "CLASSE": "01 - Muito curta", "CD_FAZ": "400545", "TALHOES": "1", "FAZ_tAL": "400545001", "ID_LINHA": 166200 }, "geometry": { "type": "MultiLineString", "coordinates": [ [ [ 403956.523120007652324, 7610606.00447697378695 ], [ 403980.774470666307025, 7610587.566954392939806 ], [ 403998.693414068606216, 7610573.17473253980279 ] ] ] } },
{ "type": "Feature", "properties": { "fid": 270.0, "COMPR_M": 48.09, "CLASSE": "01 - Muito curta", "CD_FAZ": "400545", "TALHOES": "1", "FAZ_tAL": "400545001", "ID_LINHA": 166201 }, "geometry": { "type": "MultiLineString", "coordinates": [ [ [ 403956.334909188561141, 7610602.408808012492955 ], [ 403994.286212951294146, 7610572.897232973948121 ] ] ] } },
{ "type": "Feature", "properties": { "fid": 271.0, "COMPR_M": 42.71, "CLASSE": "01 - Muito curta", "CD_FAZ": "400545", "TALHOES": "1", "FAZ_tAL": "400545001", "ID_LINHA": 166202 }, "geometry": { "type": "MultiLineString", "coordinates": [ [ [ 403956.146698369819205, 7610598.813139047473669 ], [ 403989.866089459974319, 7610572.618919746950269 ] ] ] } },
{ "type": "Feature", "properties": { "fid": 272.0, "COMPR_M": 37.33, "CLASSE": "01 - Muito curta", "CD_FAZ": "400545", "TALHOES": "1", "FAZ_tAL": "400545001", "ID_LINHA": 166203 }, "geometry": { "type": "MultiLineString", "coordinates": [ [ [ 403955.958487550786231, 7610595.217470084317029 ], [ 403985.445965965976939, 7610572.340606521815062 ] ] ] } },
{ "type": "Feature", "properties": { "fid": 273.0, "COMPR_M": 31.91, "CLASSE": "01 - Muito curta", "CD_FAZ": "400545", "TALHOES": "1", "FAZ_tAL": "400545001", "ID_LINHA": 166204 }, "geometry": { "type": "MultiLineString", "coordinates": [ [ [ 403955.770276731462218, 7610591.621801122091711 ], [ 403980.984055528882891, 7610572.080573538318276 ] ] ] } },
{ "type": "Feature", "properties": { "fid": 274.0, "COMPR_M": 26.43, "CLASSE": "01 - Muito curta", "CD_FAZ": "400545", "TALHOES": "1", "FAZ_tAL": "400545001", "ID_LINHA": 166205 }, "geometry": { "type": "MultiLineString", "coordinates": [ [ [ 403955.581152204773389, 7610588.008676243945956 ], [ 403976.474402393563651, 7610571.829667751677334 ] ] ] } },
{ "type": "Feature", "properties": { "fid": 275.0, "COMPR_M": 20.95, "CLASSE": "01 - Muito curta", "CD_FAZ": "400545", "TALHOES": "1", "FAZ_tAL": "400545001", "ID_LINHA": 166206 }, "geometry": { "type": "MultiLineString", "coordinates": [ [ [ 403955.391533343761694, 7610584.386107380501926 ], [ 403971.964749251259491, 7610571.578761966899037 ] ] ] } },
{ "type": "Feature", "properties": { "fid": 279.0, "COMPR_M": 583.5, "CLASSE": "03 - Média", "CD_FAZ": "400545", "TALHOES": "1", "FAZ_tAL": "400545001", "ID_LINHA": 166207 }, "geometry": { "type": "MultiLineString", "coordinates": [ [ [ 403981.928522293339483, 7611075.635224368423223 ], [ 404019.860602071683388, 7611057.561387849040329 ], [ 404047.174752511258703, 7611043.654746398329735 ], [ 404087.485649119596928, 7611021.54318449832499 ], [ 404113.884160921094008, 7611005.909322254359722 ], [ 404139.897397345514037, 7610989.580316860228777 ], [ 404165.526390174403787, 7610972.587485617026687 ], [ 404190.772171184595209, 7610954.962145816534758 ], [ 404227.924577553989366, 7610927.40668916888535 ], [ 404252.216843047062866, 7610908.337091149762273 ], [ 404287.943805904418696, 7610878.762040777131915 ], [ 404322.796552033745684, 7610848.094253918156028 ], [ 404345.499301230185665, 7610827.049185700714588 ], [ 404378.671800987794995, 7610794.580593965016305 ], [ 404400.150633812067099, 7610772.33352174051106 ], [ 404421.081798895495012, 7610749.604826165363193 ], [ 404442.548100066720508, 7610725.071662847883999 ] ] ] } },
{ "type": "Feature", "properties": { "fid": 280.0, "COMPR_M": 553.98, "CLASSE": "03 - Média", "CD_FAZ": "400545", "TALHOES": "1", "FAZ_tAL": "400545001", "ID_LINHA": 166208 }, "geometry": { "type": "MultiLineString", "coordinates": [ [ [ 403992.271203876065556, 7611270.8343551363796 ], [ 404054.388312376511749, 7611243.74886741489172 ], [ 404085.481717364455108, 7611229.16680530551821 ], [ 404116.590615247259848, 7611213.769271001219749 ], [ 404147.669073406374082, 7611197.477913906797767 ], [ 404178.639985817833804, 7611180.229622896760702 ], [ 404209.184137493313756, 7611162.140929613262415 ], [ 404239.134036112576723, 7611143.341138515621424 ], [ 404268.494386352365837, 7611123.874621385708451 ], [ 404297.272900415176991, 7611103.783214069902897 ], [ 404325.477874007425271, 7611083.107550220564008 ], [ 404353.118003474082798, 7611061.887121003121138 ], [ 404380.202227512607351, 7611040.160348382778466 ], [ 404406.747345219482668, 7611017.958103902637959 ], [ 404432.865863632352557, 7610995.210569299757481 ], [ 404456.193335926043801, 7610974.060991717502475 ] ] ] } },
{ "type": "Feature", "properties": { "fid": 281.0, "COMPR_M": 553.62, "CLASSE": "03 - Média", "CD_FAZ": "400545", "TALHOES": "1", "FAZ_tAL": "400545001", "ID_LINHA": 166209 }, "geometry": { "type": "MultiLineString", "coordinates": [ [ [ 403992.444548780797049, 7611274.008382918313146 ], [ 404055.635588340926915, 7611246.477329326793551 ], [ 404086.783339391695336, 7611231.869772211648524 ], [ 404117.95178621460218, 7611216.442755011841655 ], [ 404149.094738093786873, 7611200.117580758407712 ], [ 404180.134319205884822, 7611182.831039920449257 ], [ 404210.746432191401254, 7611164.70210350304842 ], [ 404240.76086625654716, 7611145.861807726323605 ], [ 404270.182386290514842, 7611126.354738367721438 ], [ 404299.018814010545611, 7611106.222903712652624 ], [ 404327.278564201202244, 7611085.507090145722032 ], [ 404354.970458860043436, 7611064.246922828257084 ], [ 404382.103566306177527, 7611042.480940192937851 ], [ 404408.694944224553183, 7611020.240006579086185 ], [ 404434.859053151973058, 7610997.452762791886926 ], [ 404456.408926758333109, 7610977.933983597904444 ] ] ] } },
{ "type": "Feature", "properties": { "fid": 282.0, "COMPR_M": 553.27, "CLASSE": "03 - Média", "CD_FAZ": "400545", "TALHOES": "1", "FAZ_tAL": "400545001", "ID_LINHA": 166210 }, "geometry": { "type": "MultiLineString", "coordinates": [ [ [ 403992.617893684888259, 7611277.182410700246692 ], [ 404025.749326183984522, 7611263.093604488298297 ], [ 404056.882864308019634, 7611249.205791238695383 ], [ 404088.084961419343017, 7611234.572739116847515 ], [ 404119.312957182410173, 7611219.116239027120173 ], [ 404150.520402780210134, 7611202.75724761094898 ], [ 404181.628652594401501, 7611185.432456944137812 ], [ 404227.423213072761428, 7611157.908915910869837 ], [ 404257.203097086632624, 7611138.689352777786553 ], [ 404286.390578892605845, 7611118.824217250570655 ], [ 404314.9939162513474, 7611098.355062607675791 ], [ 404343.021871940232813, 7611077.322229271754622 ], [ 404370.4835376086412, 7611055.764914162456989 ], [ 404397.388225516071543, 7611033.721215998753905 ], [ 404423.79214805259835, 7611011.185463909059763 ], [ 404456.624517592950724, 7610981.806975478306413 ] ] ] } },
{ "type": "Feature", "properties": { "fid": 283.0, "COMPR_M": 552.91, "CLASSE": "03 - Média", "CD_FAZ": "400545", "TALHOES": "1", "FAZ_tAL": "400545001", "ID_LINHA": 166211 }, "geometry": { "type": "MultiLineString", "coordinates": [ [ [ 403992.791238588513806, 7611280.356438480317593 ], [ 404026.947656938049477, 7611265.843906664289534 ], [ 404058.130140273889992, 7611251.934253150597215 ], [ 404089.386583445942961, 7611237.275706020183861 ], [ 404120.67412815138232, 7611221.789723043330014 ], [ 404151.946067465585656, 7611205.396914461627603 ], [ 404183.122985983034596, 7611188.033873967826366 ], [ 404229.018202581093647, 7611160.449854973703623 ], [ 404258.86092625092715, 7611141.189740563742816 ], [ 404288.107935419713613, 7611121.284094952046871 ], [ 404316.767602545907721, 7611100.774633890017867 ], [ 404344.848813120799605, 7611079.701841023750603 ], [ 404372.360786728328094, 7611058.105038337409496 ], [ 404399.312967065081466, 7611036.022432199679315 ], [ 404425.76246250589611, 7611013.447783297859132 ], [ 404456.840108426229563, 7610985.679967359639704 ] ] ] } },
{ "type": "Feature", "properties": { "fid": 284.0, "COMPR_M": 552.56, "CLASSE": "03 - Média", "CD_FAZ": "400545", "TALHOES": "1", "FAZ_tAL": "400545001", "ID_LINHA": 166212 }, "geometry": { "type": "MultiLineString", "coordinates": [ [ [ 403992.964583492896054, 7611283.530466260388494 ], [ 404028.145987692114431, 7611268.594208840280771 ], [ 404059.377416239120066, 7611254.662715062499046 ], [ 404090.688205472833943, 7611239.978672925382853 ], [ 404122.035299119539559, 7611224.463207057677209 ], [ 404153.371732153231278, 7611208.036581316962838 ], [ 404184.617319370969199, 7611190.635290989652276 ], [ 404230.613192088785581, 7611162.990794033743441 ], [ 404260.518755416909698, 7611143.690128354355693 ], [ 404289.825291947345249, 7611123.743972657248378 ], [ 404318.541288840817288, 7611103.194205174222589 ], [ 404346.675754301599227, 7611082.081452768296003 ], [ 404374.238035848014988, 7611060.445162514224648 ], [ 404401.237708612869028, 7611038.323648407123983 ], [ 404427.732776959834155, 7611015.710102687589824 ], [ 404457.055699259857647, 7610989.552959239110351 ] ] ] } },
{ "type": "Feature", "properties": { "fid": 285.0, "COMPR_M": 552.18, "CLASSE": "03 - Média", "CD_FAZ": "400545", "TALHOES": "1", "FAZ_tAL": "400545001", "ID_LINHA": 166213 }, "geometry": { "type": "MultiLineString", "coordinates": [ [ [ 403993.137928397336509, 7611286.704494045116007 ], [ 404029.344318446237594, 7611271.344511015340686 ], [ 404060.624692204524763, 7611257.391176972538233 ], [ 404091.989827499433886, 7611242.681639831513166 ], [ 404123.396470088220667, 7611227.136691069230437 ], [ 404154.797396838606801, 7611210.676248168572783 ], [ 404186.111652759602293, 7611193.236708009615541 ], [ 404232.208181596652139, 7611165.531733093783259 ], [ 404262.176584581378847, 7611146.190516142174602 ], [ 404291.542648474220186, 7611126.203850356861949 ], [ 404320.314975134795532, 7611105.613776450045407 ], [ 404348.502695482573472, 7611084.461064515635371 ], [ 404376.115284967876505, 7611062.78528668731451 ], [ 404403.162450162810273, 7611040.624864611774683 ], [ 404429.703091413655784, 7611017.972422079183161 ], [ 404457.259883244987577, 7610993.436413139104843 ] ] ] } },
{ "type": "Feature", "properties": { "fid": 286.0, "COMPR_M": 551.81, "CLASSE": "03 - Média", "CD_FAZ": "400545", "TALHOES": "1", "FAZ_tAL": "400545001", "ID_LINHA": 166214 }, "geometry": { "type": "MultiLineString", "coordinates": [ [ [ 403993.311273300612811, 7611289.878521825186908 ], [ 404030.542649198963773, 7611274.0948131904006 ], [ 404061.871968170569744, 7611260.119638884440064 ], [ 404093.291449526383076, 7611245.384606735780835 ], [ 404124.757641056086868, 7611229.810175083577633 ], [ 404156.223061524215154, 7611213.315915018320084 ], [ 404187.605986146721989, 7611195.83812503516674 ], [ 404233.803171104635112, 7611168.072672153823078 ], [ 404263.834413745615166, 7611148.690903928130865 ], [ 404293.260005000163801, 7611128.663728062063456 ], [ 404322.088661429763306, 7611108.033347735181451 ], [ 404350.329636662383564, 7611086.840676266700029 ], [ 404377.992534087738022, 7611065.125410860404372 ], [ 404405.087191710888874, 7611042.926080815494061 ], [ 404431.673405866778921, 7611020.234741470776498 ], [ 404457.458247686561663, 7610997.317079367116094 ] ] ] } },
{ "type": "Feature", "properties": { "fid": 287.0, "COMPR_M": 551.45, "CLASSE": "03 - Média", "CD_FAZ": "400545", "TALHOES": "1", "FAZ_tAL": "400545001", "ID_LINHA": 166215 }, "geometry": { "type": "MultiLineString", "coordinates": [ [ [ 403993.484618203947321, 7611293.052549604326487 ], [ 404031.740979954425711, 7611276.84511535987258 ], [ 404063.11924413673114, 7611262.848100794479251 ], [ 404094.593071553565096, 7611248.087573640979826 ], [ 404126.118812025757506, 7611232.483659096062183 ], [ 404157.64872621151153, 7611215.955581873655319 ], [ 404189.100319536519237, 7611198.43954205699265 ], [ 404235.3981606127345, 7611170.613611215725541 ], [ 404265.492242910317145, 7611151.191291718743742 ], [ 404294.977361529250629, 7611131.123605764470994 ], [ 404323.862347725080326, 7611110.452919015660882 ], [ 404352.156577844289131, 7611089.220288010314107 ], [ 404379.869783208298031, 7611067.465535035356879 ], [ 404407.011933259200305, 7611045.227297018282115 ], [ 404433.643720320484135, 7611022.4970608567819 ], [ 404457.655320122896228, 7611001.172469657845795 ] ] ] } },
{ "type": "Feature", "properties": { "fid": 288.0, "COMPR_M": 551.09, "CLASSE": "03 - Média", "CD_FAZ": "400545", "TALHOES": "1", "FAZ_tAL": "400545001", "ID_LINHA": 166216 }, "geometry": { "type": "MultiLineString", "coordinates": [ [ [ 403993.657963108737022, 7611296.22657738532871 ], [ 404032.939310708490666, 7611279.595417537726462 ], [ 404064.366520101670176, 7611265.576562706381083 ], [ 404095.894693579757586, 7611250.790540548041463 ], [ 404127.479982993274461, 7611235.157143108546734 ], [ 404159.074390897061676, 7611218.595248725265265 ], [ 404190.594652925035916, 7611201.040959079749882 ], [ 404236.993150120368227, 7611173.154550277628005 ], [ 404267.15007207414601, 7611153.691679505631328 ], [ 404296.694718056183774, 7611133.583483468741179 ], [ 404325.636034018709324, 7611112.872490299865603 ], [ 404353.983519024448469, 7611091.599899760447443 ], [ 404381.747032326995395, 7611069.805659211240709 ], [ 404408.936674807569943, 7611047.528513226658106 ], [ 404435.61403477343265, 7611024.759380250237882 ], [ 404457.852392559114378, 7611005.027859951369464 ] ] ] } },
{ "type": "Feature", "properties": { "fid": 289.0, "COMPR_M": 550.74, "CLASSE": "03 - Média", "CD_FAZ": "400545", "TALHOES": "1", "FAZ_tAL": "400545001", "ID_LINHA": 166217 }, "geometry": { "type": "MultiLineString", "coordinates": [ [ [ 403993.83130801236257, 7611299.400605170056224 ], [ 404034.137641461915337, 7611282.345719713717699 ], [ 404065.613796067307703, 7611268.305024620145559 ], [ 404097.19631560635753, 7611253.493507452309132 ], [ 404128.84115396195557, 7611237.830627121962607 ], [ 404160.500055584299844, 7611221.23491557687521 ], [ 404192.08898631343618, 7611203.642376102507114 ], [ 404238.588139628700446, 7611175.695489333942533 ], [ 404268.807901239139028, 7611156.192067295312881 ], [ 404298.41207458433928, 7611136.043361169286072 ], [ 404327.409720313444268, 7611115.292061576619744 ], [ 404355.81046020478243, 7611093.979511508718133 ], [ 404383.624281447031535, 7611072.145783388055861 ], [ 404410.861416357452981, 7611049.829729426652193 ], [ 404458.049464993353467, 7611008.883250242099166 ] ] ] } },
{ "type": "Feature", "properties": { "fid": 290.0, "COMPR_M": 550.38, "CLASSE": "03 - Média", "CD_FAZ": "400545", "TALHOES": "1", "FAZ_tAL": "400545001", "ID_LINHA": 166218 }, "geometry": { "type": "MultiLineString", "coordinates": [ [ [ 403994.004652915988117, 7611302.574632950127125 ], [ 404035.335972216736991, 7611285.096021887846291 ], [ 404066.861072033003438, 7611271.033486530184746 ], [ 404098.497937633888796, 7611256.1964743565768 ], [ 404130.202324930462055, 7611240.504111136309803 ], [ 404161.92572026984999, 7611223.8745824303478 ], [ 404193.583319702534936, 7611206.243793124333024 ], [ 404240.183129135868512, 7611178.236428396776319 ], [ 404285.374385726987384, 7611148.675791184417903 ], [ 404314.732036354893353, 7611128.18011050671339 ], [ 404343.484775951073971, 7611107.102949476800859 ], [ 404371.642557345272508, 7611085.485139243304729 ], [ 404399.215615451335907, 7611063.366266467608511 ], [ 404426.223335269954987, 7611040.777130642905831 ], [ 404458.246537430910394, 7611012.738640535622835 ] ] ] } },
{ "type": "Feature", "properties": { "fid": 291.0, "COMPR_M": 550.02, "CLASSE": "03 - Média", "CD_FAZ": "400545", "TALHOES": "1", "FAZ_tAL": "400545001", "ID_LINHA": 166219 }, "geometry": { "type": "MultiLineString", "coordinates": [ [ [ 403994.177997819846496, 7611305.748660729266703 ], [ 404036.534302970801946, 7611287.846324065700173 ], [ 404068.108347999397665, 7611273.761948443949223 ], [ 404099.799559660430532, 7611258.899441262707114 ], [ 404131.563495896814857, 7611243.177595149725676 ], [ 404163.35138495702995, 7611226.514249281957746 ], [ 404195.077653090876993, 7611208.845210151746869 ], [ 404241.778118644491769, 7611180.777367457747459 ], [ 404287.062385663914029, 7611151.155908164568245 ], [ 404316.477949949679896, 7611130.619800147600472 ], [ 404345.285466145200189, 7611109.502489399164915 ], [ 404373.495012732455507, 7611087.844941065646708 ], [ 404401.116954245371744, 7611065.686858277767897 ], [ 404428.170934276480693, 7611043.059033319354057 ], [ 404458.443609867012128, 7611016.594030827283859 ] ] ] } },
{ "type": "Feature", "properties": { "fid": 292.0, "COMPR_M": 549.66, "CLASSE": "03 - Média", "CD_FAZ": "400545", "TALHOES": "1", "FAZ_tAL": "400545001", "ID_LINHA": 166220 }, "geometry": { "type": "MultiLineString", "coordinates": [ [ [ 403994.351342723704875, 7611308.922688513994217 ], [ 404037.732633724925108, 7611290.596626238897443 ], [ 404069.355623965209816, 7611276.490410353057086 ], [ 404101.101181687263306, 7611261.602408167906106 ], [ 404132.924666866310872, 7611245.851079165935516 ], [ 404164.777049642521888, 7611229.153916132636368 ], [ 404196.571986479219049, 7611211.446627173572779 ], [ 404243.373108152591158, 7611183.31830651499331 ], [ 404288.750385600549635, 7611153.63602514192462 ], [ 404318.223863543884363, 7611133.059489794075489 ], [ 404347.086156339384615, 7611111.902029326185584 ], [ 404375.347468119580299, 7611090.204742892645299 ], [ 404403.018293037370313, 7611068.007450083270669 ], [ 404430.118533281900454, 7611045.340935995802283 ], [ 404458.640682302415371, 7611020.449421119876206 ] ] ] } },
{ "type": "Feature", "properties": { "fid": 293.0, "COMPR_M": 549.31, "CLASSE": "03 - Média", "CD_FAZ": "400545", "TALHOES": "1", "FAZ_tAL": "400545001", "ID_LINHA": 166221 }, "geometry": { "type": "MultiLineString", "coordinates": [ [ [ 403994.524687627679668, 7611312.096716294065118 ], [ 404038.930964478349779, 7611293.346928415820003 ], [ 404070.602899931138381, 7611279.218872267752886 ], [ 404102.402803713746835, 7611264.305375073105097 ], [ 404134.28583783499198, 7611248.524563180282712 ], [ 404166.202714328246657, 7611231.793582987040281 ], [ 404198.066319867561106, 7611214.048044193536043 ], [ 404244.968097661447246, 7611185.859245575964451 ], [ 404290.438385538756847, 7611156.116142125800252 ], [ 404319.969777137797792, 7611135.499179437756538 ], [ 404348.886846533569042, 7611114.301569251343608 ], [ 404377.199923506646883, 7611092.564544717781246 ], [ 404404.919631832512096, 7611070.328041894361377 ], [ 404432.066132287494838, 7611047.622838669456542 ], [ 404458.837754737236537, 7611024.304811410605907 ] ] ] } },
{ "type": "Feature", "properties": { "fid": 294.0, "COMPR_M": 548.97, "CLASSE": "03 - Média", "CD_FAZ": "400545", "TALHOES": "1", "FAZ_tAL": "400545001", "ID_LINHA": 166222 }, "geometry": { "type": "MultiLineString", "coordinates": [ [ [ 403994.698032531829085, 7611315.270744074136019 ], [ 404055.970406156266108, 7611289.115838717669249 ], [ 404087.763347128697205, 7611274.581581424921751 ], [ 404119.667658179416321, 7611259.217292759567499 ], [ 404151.636137646448333, 7611242.940179137513041 ], [ 404183.615967152756639, 7611225.667251457460225 ], [ 404231.056263263977598, 7611197.997364088892937 ], [ 404261.909658124262933, 7611178.630507422611117 ], [ 404292.126385476032738, 7611158.596259104087949 ], [ 404321.715690730663482, 7611137.938869079574943 ], [ 404350.687536727928091, 7611116.701109176501632 ], [ 404379.052378892374691, 7611094.924346537329257 ], [ 404406.820970627013594, 7611072.648633702658117 ], [ 404434.013731291866861, 7611049.904741341248155 ], [ 404459.033270061016083, 7611028.129739427939057 ] ] ] } },
{ "type": "Feature", "properties": { "fid": 295.0, "COMPR_M": 548.63, "CLASSE": "03 - Média", "CD_FAZ": "400545", "TALHOES": "1", "FAZ_tAL": "400545001", "ID_LINHA": 166223 }, "geometry": { "type": "MultiLineString", "coordinates": [ [ [ 403994.871377435338218, 7611318.44477185420692 ], [ 404057.192524123995099, 7611291.855657540261745 ], [ 404089.0371320937993, 7611277.297773079946637 ], [ 404120.998418927716557, 7611261.90603815857321 ], [ 404153.028956114896573, 7611245.597318241372705 ], [ 404185.075623545446433, 7611228.288280645385385 ], [ 404232.618557961774059, 7611200.558537976816297 ], [ 404263.536488268058747, 7611181.151176625862718 ], [ 404293.814385412959382, 7611161.076376084238291 ], [ 404323.461604325741064, 7611140.378558723255992 ], [ 404352.488226922985632, 7611119.100649103522301 ], [ 404380.904834280605428, 7611097.284148364327848 ], [ 404408.722309420641977, 7611074.969225509092212 ], [ 404435.961330297053792, 7611052.186644015833735 ], [ 404459.228731174604036, 7611031.953606909140944 ] ] ] } },
{ "type": "Feature", "properties": { "fid": 296.0, "COMPR_M": 548.29, "CLASSE": "03 - Média", "CD_FAZ": "400545", "TALHOES": "1", "FAZ_tAL": "400545001", "ID_LINHA": 166224 }, "geometry": { "type": "MultiLineString", "coordinates": [ [ [ 403995.044674286502413, 7611321.617919760756195 ], [ 404058.414642090559937, 7611294.595476372167468 ], [ 404090.310917060356587, 7611280.013964729383588 ], [ 404122.329179675434716, 7611264.594783557578921 ], [ 404154.421774582995567, 7611248.254457345232368 ], [ 404186.53527993831085, 7611230.90930983889848 ], [ 404234.180852659861557, 7611203.119711870327592 ], [ 404265.163318411912769, 7611183.671845836564898 ], [ 404295.502385351574048, 7611163.55649305973202 ], [ 404325.207517919770908, 7611142.818248369731009 ], [ 404354.288917116180528, 7611121.500189026817679 ], [ 404382.757289667439181, 7611099.643950186669827 ], [ 404410.623648214270361, 7611077.28981732018292 ], [ 404459.424192288541235, 7611035.777474392205477 ] ] ] } },
{ "type": "Feature", "properties": { "fid": 297.0, "COMPR_M": 547.95, "CLASSE": "03 - Média", "CD_FAZ": "400545", "TALHOES": "1", "FAZ_tAL": "400545001", "ID_LINHA": 166225 }, "geometry": { "type": "MultiLineString", "coordinates": [ [ [ 403995.21761147264624, 7611324.784482041373849 ], [ 404059.636760058056097, 7611297.335295198485255 ], [ 404091.584702026913874, 7611282.730156380683184 ], [ 404123.659940422512591, 7611267.283528953790665 ], [ 404155.814593050163239, 7611250.911596449092031 ], [ 404187.994936330011114, 7611233.530339028686285 ], [ 404235.743147357541602, 7611205.680885759182274 ], [ 404266.790148554602638, 7611186.192515045404434 ], [ 404297.190385288442485, 7611166.03661004267633 ], [ 404326.953431513393298, 7611145.257938010618091 ], [ 404356.089607310772408, 7611123.899728953838348 ], [ 404384.609745054855011, 7611102.003752011805773 ], [ 404412.524987008422613, 7611079.610409129410982 ], [ 404459.619653402129188, 7611039.601341874338686 ] ] ] } },
{ "type": "Feature", "properties": { "fid": 298.0, "COMPR_M": 547.61, "CLASSE": "03 - Média", "CD_FAZ": "400545", "TALHOES": "1", "FAZ_tAL": "400545001", "ID_LINHA": 166226 }, "geometry": { "type": "MultiLineString", "coordinates": [ [ [ 403995.390548659081105, 7611327.951044322922826 ], [ 404060.858878025086597, 7611300.075114026665688 ], [ 404092.858486992947292, 7611285.446348033845425 ], [ 404124.990701170871034, 7611269.972274353727698 ], [ 404157.207411521114409, 7611253.568735552951694 ], [ 404189.454592722642701, 7611236.151368221268058 ], [ 404237.305442055570893, 7611208.242059651762247 ], [ 404283.728363719594199, 7611178.69555738568306 ], [ 404313.868283329764381, 7611158.182260498404503 ], [ 404343.372896964603569, 7611137.068203113973141 ], [ 404372.25293083221186, 7611115.396017235703766 ], [ 404400.519523528928403, 7611093.206900960765779 ], [ 404428.184090296155773, 7611070.540675267577171 ], [ 404459.815114514611196, 7611043.425209356471896 ] ] ] } },
{ "type": "Feature", "properties": { "fid": 299.0, "COMPR_M": 547.27, "CLASSE": "03 - Média", "CD_FAZ": "400545", "TALHOES": "1", "FAZ_tAL": "400545001", "ID_LINHA": 166227 }, "geometry": { "type": "MultiLineString", "coordinates": [ [ [ 403995.563485845807008, 7611331.117606602609158 ], [ 404030.211542282951996, 7611316.70127728395164 ], [ 404062.080995991127566, 7611302.81493285484612 ], [ 404094.132271957816556, 7611288.162539688870311 ], [ 404126.321461917948909, 7611272.661019752733409 ], [ 404158.600229988340288, 7611256.225874658674002 ], [ 404190.914249114750419, 7611238.772397415712476 ], [ 404238.867736753250938, 7611210.803233541548252 ], [ 404285.38619288377231, 7611181.195945171639323 ], [ 404315.585639856755733, 7611160.642138202674687 ], [ 404345.14658326015342, 7611139.487774394452572 ], [ 404374.079872012720443, 7611117.775628986768425 ], [ 404402.396772648906335, 7611095.547025136649609 ], [ 404430.108831843594089, 7611072.841891473159194 ], [ 404460.010575628839433, 7611047.249076837673783 ] ] ] } },
{ "type": "Feature", "properties": { "fid": 300.0, "COMPR_M": 546.93, "CLASSE": "03 - Média", "CD_FAZ": "400545", "TALHOES": "1", "FAZ_tAL": "400545001", "ID_LINHA": 166228 }, "geometry": { "type": "MultiLineString", "coordinates": [ [ [ 403995.73642303282395, 7611334.284168882295489 ], [ 404031.387473534501623, 7611319.461227422580123 ], [ 404063.303113959322218, 7611305.554751684889197 ], [ 404095.406056924723089, 7611290.878731338307261 ], [ 404127.652222666307352, 7611275.34976515173912 ], [ 404159.993048456672113, 7611258.883013758808374 ], [ 404192.373905507731251, 7611241.393426604568958 ], [ 404240.430031450523529, 7611213.364407434128225 ], [ 404287.044022048357874, 7611183.696332961320877 ], [ 404317.30299638415454, 7611163.102015903219581 ], [ 404346.920269553957041, 7611141.907345678657293 ], [ 404375.906813193578273, 7611120.155240731313825 ], [ 404404.274021768884268, 7611097.88714930973947 ], [ 404432.033573393826373, 7611075.143107676878572 ], [ 404460.206036742602009, 7611051.072944319806993 ] ] ] } },
{ "type": "Feature", "properties": { "fid": 301.0, "COMPR_M": 546.6, "CLASSE": "03 - Média", "CD_FAZ": "400545", "TALHOES": "1", "FAZ_tAL": "400545001", "ID_LINHA": 166229 }, "geometry": { "type": "MultiLineString", "coordinates": [ [ [ 403995.909360219491646, 7611337.450731163844466 ], [ 404032.563404783955775, 7611322.221177563071251 ], [ 404064.525231925130356, 7611308.29457051306963 ], [ 404096.679841891047545, 7611293.594922989606857 ], [ 404128.98298341606278, 7611278.038510552607477 ], [ 404161.385866924654692, 7611261.540152862668037 ], [ 404193.833561899606138, 7611244.014455797150731 ], [ 404241.992326149484143, 7611215.925581324845552 ], [ 404288.7018512134091, 7611186.196720751002431 ], [ 404319.020352910738438, 7611165.561893606558442 ], [ 404348.693955849448685, 7611144.326916959136724 ], [ 404377.733754374436103, 7611122.534852478653193 ], [ 404406.151270888978615, 7611100.2272734856233 ], [ 404433.958314942196012, 7611077.444323879666626 ], [ 404460.400781323667616, 7611054.88279406260699 ] ] ] } },
{ "type": "Feature", "properties": { "fid": 302.0, "COMPR_M": 546.27, "CLASSE": "03 - Média", "CD_FAZ": "400545", "TALHOES": "1", "FAZ_tAL": "400545001", "ID_LINHA": 166230 }, "geometry": { "type": "MultiLineString", "coordinates": [ [ [ 403996.082297404471319, 7611340.617293445393443 ], [ 404033.73933603556361, 7611324.981127701699734 ], [ 404065.747349892510101, 7611311.034389342181385 ], [ 404097.953626856789924, 7611296.311114643700421 ], [ 404130.313744162558578, 7611280.72725594881922 ], [ 404162.778685394383501, 7611264.19729196280241 ], [ 404195.29321829235414, 7611246.635484989732504 ], [ 404243.554620848037302, 7611218.486755214631557 ], [ 404290.359680377529003, 7611188.697108536958694 ], [ 404320.737709439126775, 7611168.021771311759949 ], [ 404350.467642143950798, 7611146.746488239616156 ], [ 404379.560695553547703, 7611124.914464227855206 ], [ 404408.028520009131171, 7611102.567397659644485 ], [ 404435.883056490740273, 7611079.745540082454681 ], [ 404460.59470396512188, 7611058.67656394187361 ] ] ] } },
{ "type": "Feature", "properties": { "fid": 303.0, "COMPR_M": 545.95, "CLASSE": "03 - Média", "CD_FAZ": "400545", "TALHOES": "1", "FAZ_tAL": "400545001", "ID_LINHA": 166231 }, "geometry": { "type": "MultiLineString", "coordinates": [ [ [ 403996.255234592361376, 7611343.78385572694242 ], [ 404034.915267287695315, 7611327.741077843122184 ], [ 404066.969467860064469, 7611313.774208170361817 ], [ 404099.227411822648719, 7611299.027306292206049 ], [ 404131.644504912314005, 7611283.416001347824931 ], [ 404164.171503862482496, 7611266.854431066662073 ], [ 404196.752874684636481, 7611249.256514176726341 ], [ 404245.116915544844232, 7611221.047929106280208 ], [ 404292.017509542172775, 7611191.197496322914958 ], [ 404322.45506596530322, 7611170.48164901137352 ], [ 404352.241328438103665, 7611149.166059522889555 ], [ 404381.387636736093555, 7611127.294075976125896 ], [ 404409.90576912870165, 7611104.907521832734346 ], [ 404437.807798040041234, 7611082.046756291761994 ], [ 404460.788626606808975, 7611062.470333816483617 ] ] ] } },
{ "type": "Feature", "properties": { "fid": 304.0, "COMPR_M": 545.63, "CLASSE": "03 - Média", "CD_FAZ": "400545", "TALHOES": "1", "FAZ_tAL": "400545001", "ID_LINHA": 166232 }, "geometry": { "type": "MultiLineString", "coordinates": [ [ [ 403996.427043672418222, 7611346.950874777510762 ], [ 404036.09119853930315, 7611330.501027980819345 ], [ 404068.191585827851668, 7611316.514026997610927 ], [ 404100.501196788623929, 7611301.743497947230935 ], [ 404132.975265660032164, 7611286.104746747761965 ], [ 404165.564322330988944, 7611269.511570172384381 ], [ 404198.21253107645316, 7611251.877543373033404 ], [ 404246.679210243979469, 7611223.609102999791503 ], [ 404293.675338707224, 7611193.697884113527834 ], [ 404324.17242249334231, 7611172.941526716575027 ], [ 404354.01501473330427, 7611151.585630804300308 ], [ 404383.214577916776761, 7611129.673687724396586 ], [ 404411.783018248854205, 7611107.247646009549499 ], [ 404460.982549248554278, 7611066.264103694818914 ] ] ] } },
{ "type": "Feature", "properties": { "fid": 305.0, "COMPR_M": 545.31, "CLASSE": "03 - Média", "CD_FAZ": "400545", "TALHOES": "1", "FAZ_tAL": "400545001", "ID_LINHA": 166233 }, "geometry": { "type": "MultiLineString", "coordinates": [ [ [ 403996.597904115798883, 7611350.118277922272682 ], [ 404037.267129789514001, 7611333.260978121310472 ], [ 404069.413703794649336, 7611319.253845825791359 ], [ 404101.774981754599139, 7611304.459689597599208 ], [ 404134.306026408507023, 7611288.793492147698998 ], [ 404166.957140797865577, 7611272.168709274381399 ], [ 404199.672187469084747, 7611254.498572563752532 ], [ 404248.241504940786399, 7611226.170276889577508 ], [ 404295.333167872042395, 7611196.198271900415421 ], [ 404325.889779020450078, 7611175.401404421776533 ], [ 404355.788701028213836, 7611154.005202084779739 ], [ 404385.041519096994307, 7611132.053299471735954 ], [ 404413.660267369181383, 7611109.587770180776715 ], [ 404461.176471890474204, 7611070.057873567566276 ] ] ] } },
{ "type": "Feature", "properties": { "fid": 306.0, "COMPR_M": 544.99, "CLASSE": "03 - Média", "CD_FAZ": "400545", "TALHOES": "1", "FAZ_tAL": "400545001", "ID_LINHA": 166234 }, "geometry": { "type": "MultiLineString", "coordinates": [ [ [ 403996.768764559412375, 7611353.285681070759892 ], [ 404038.443061041762121, 7611336.0209282618016 ], [ 404070.635821762261912, 7611321.993664655834436 ], [ 404103.048766720690764, 7611307.175881251692772 ], [ 404135.636787155002821, 7611291.482237542979419 ], [ 404168.349959268409293, 7611274.825848376378417 ], [ 404201.131843861949164, 7611257.11960175447166 ], [ 404249.803799638524652, 7611228.731450781226158 ], [ 404296.990997035987675, 7611198.698659688234329 ], [ 404327.607135548139922, 7611177.861282123252749 ], [ 404357.562387322715949, 7611156.424773367121816 ], [ 404386.86846027802676, 7611134.432911217212677 ], [ 404415.53751648881007, 7611111.927894355729222 ], [ 404461.370394532510545, 7611073.85164344497025 ] ] ] } },
{ "type": "Feature", "properties": { "fid": 307.0, "COMPR_M": 544.67, "CLASSE": "03 - Média", "CD_FAZ": "400545", "TALHOES": "1", "FAZ_tAL": "400545001", "ID_LINHA": 166235 }, "geometry": { "type": "MultiLineString", "coordinates": [ [ [ 403996.939625002501998, 7611356.453084221109748 ], [ 404055.707595034968108, 7611331.851158866658807 ], [ 404088.064763451577164, 7611317.417339025065303 ], [ 404120.625512089347467, 7611302.14691174775362 ], [ 404153.342231392161921, 7611285.953339370898902 ], [ 404186.162019939802121, 7611268.748918917030096 ], [ 404235.261727692326531, 7611240.973811784759164 ], [ 404283.058449992560782, 7611211.399207120761275 ], [ 404314.070384661492426, 7611190.837779840454459 ], [ 404344.412567453109659, 7611169.654834445565939 ], [ 404374.096509254421107, 7611147.8951282100752 ], [ 404403.134298926219344, 7611125.601770250126719 ], [ 404431.538374946510885, 7611102.816327216103673 ], [ 404461.564773399033584, 7611077.645020000636578 ] ] ] } },
{ "type": "Feature", "properties": { "fid": 308.0, "COMPR_M": 544.36, "CLASSE": "03 - Média", "CD_FAZ": "400545", "TALHOES": "1", "FAZ_tAL": "400545001", "ID_LINHA": 166236 }, "geometry": { "type": "MultiLineString", "coordinates": [ [ [ 403997.110485445766244, 7611359.620487370528281 ], [ 404056.905925788974855, 7611334.601461041718721 ], [ 404089.312039417040069, 7611320.145800937898457 ], [ 404121.927134116529487, 7611304.849878650158644 ], [ 404154.703402359504253, 7611288.626823384314775 ], [ 404187.587684625352267, 7611271.388585768640041 ], [ 404236.790461769502144, 7611243.55516074039042 ], [ 404284.685280136356596, 7611213.919876325875521 ], [ 404315.758384598651901, 7611193.317896820604801 ], [ 404346.158481046848465, 7611172.094524089246988 ], [ 404375.897199448547326, 7611150.294668134301901 ], [ 404404.986754312762059, 7611127.961572075262666 ], [ 404433.439713741536252, 7611105.136919022537768 ], [ 404461.766311744751874, 7611081.432224282994866 ] ] ] } },
{ "type": "Feature", "properties": { "fid": 309.0, "COMPR_M": 544.07, "CLASSE": "03 - Média", "CD_FAZ": "400545", "TALHOES": "1", "FAZ_tAL": "400545001", "ID_LINHA": 166237 }, "geometry": { "type": "MultiLineString", "coordinates": [ [ [ 403997.281345889205113, 7611362.787890517152846 ], [ 404058.104256543621887, 7611337.351763216778636 ], [ 404090.559315381222405, 7611322.874262850731611 ], [ 404123.228756143944338, 7611307.552845556288958 ], [ 404156.064573329349514, 7611291.300307396799326 ], [ 404189.013349311193451, 7611274.028252621181309 ], [ 404238.319195846677758, 7611246.136509696952999 ], [ 404286.312110279628541, 7611216.440545532852411 ], [ 404317.446384536102414, 7611195.798013800755143 ], [ 404347.904394640878309, 7611174.534213732928038 ], [ 404377.69788964278996, 7611152.694208060391247 ], [ 404406.839209699886851, 7611130.321373894810677 ], [ 404435.341052535164636, 7611107.457510832697153 ], [ 404461.966749263985548, 7611085.198742365464568 ] ] ] } },
{ "type": "Feature", "properties": { "fid": 310.0, "COMPR_M": 543.77, "CLASSE": "03 - Média", "CD_FAZ": "400545", "TALHOES": "1", "FAZ_tAL": "400545001", "ID_LINHA": 166238 }, "geometry": { "type": "MultiLineString", "coordinates": [ [ [ 403997.452206332818605, 7611365.955293666571379 ], [ 404059.302587296289857, 7611340.102065391838551 ], [ 404091.806591349479277, 7611325.602724758908153 ], [ 404124.530378171009943, 7611310.255812458693981 ], [ 404157.425744297041092, 7611293.973791411146522 ], [ 404190.439013997965958, 7611276.667919473722577 ], [ 404239.847929923795164, 7611248.717858656309545 ], [ 404287.938940422434825, 7611218.961214739829302 ], [ 404319.134384472563397, 7611198.278130780905485 ], [ 404349.650308233802207, 7611176.973903374746442 ], [ 404379.498579836334102, 7611155.093747987411916 ], [ 404408.691665086313151, 7611132.681175719946623 ], [ 404437.242391329375096, 7611109.778102641925216 ], [ 404462.166761961183511, 7611088.957277450710535 ] ] ] } },
{ "type": "Feature", "properties": { "fid": 311.0, "COMPR_M": 543.48, "CLASSE": "03 - Média", "CD_FAZ": "400545", "TALHOES": "1", "FAZ_tAL": "400545001", "ID_LINHA": 166239 }, "geometry": { "type": "MultiLineString", "coordinates": [ [ [ 403997.623066774569452, 7611369.122696815989912 ], [ 404060.500918050354812, 7611342.85236756503582 ], [ 404093.053867314418312, 7611328.331186671741307 ], [ 404125.832000197726302, 7611312.95877936668694 ], [ 404158.786915265198331, 7611296.647275421768427 ], [ 404191.864678685029503, 7611279.307586329057813 ], [ 404241.376664001028985, 7611251.299207610078156 ], [ 404289.565770567336585, 7611221.481883946806192 ], [ 404320.822384411352687, 7611200.758247759193182 ], [ 404351.39622182835592, 7611179.413593018427491 ], [ 404381.299270031391643, 7611157.493287907913327 ], [ 404410.54412047326332, 7611135.040977545082569 ], [ 404439.143730123410933, 7611112.098694451153278 ], [ 404462.366774659603834, 7611092.715812535956502 ] ] ] } },
{ "type": "Feature", "properties": { "fid": 312.0, "COMPR_M": 543.19, "CLASSE": "03 - Média", "CD_FAZ": "400545", "TALHOES": "1", "FAZ_tAL": "400545001", "ID_LINHA": 166240 }, "geometry": { "type": "MultiLineString", "coordinates": [ [ [ 403997.793927217950113, 7611372.290099963545799 ], [ 404061.699248804943636, 7611345.602669740095735 ], [ 404094.301143280114047, 7611331.059648582711816 ], [ 404127.133622224791907, 7611315.661746270023286 ], [ 404160.14808623312274, 7611299.320759437978268 ], [ 404193.290343371103518, 7611281.947253180667758 ], [ 404242.90539807692403, 7611253.88055656850338 ], [ 404291.192600711074192, 7611224.002553155645728 ], [ 404322.510384348453954, 7611203.238364741206169 ], [ 404353.142135422385763, 7611181.853282663039863 ], [ 404383.099960224470124, 7611159.892827835865319 ], [ 404412.396575861435849, 7611137.40077936835587 ], [ 404441.04506891669007, 7611114.419286256656051 ], [ 404462.566787356685381, 7611096.474347620271146 ] ] ] } },
{ "type": "Feature", "properties": { "fid": 313.0, "COMPR_M": 542.9, "CLASSE": "03 - Média", "CD_FAZ": "400545", "TALHOES": "1", "FAZ_tAL": "400545001", "ID_LINHA": 166241 }, "geometry": { "type": "MultiLineString", "coordinates": [ [ [ 403997.964591229509097, 7611375.453861640766263 ], [ 404062.897579558892176, 7611348.352971917949617 ], [ 404095.54841924511129, 7611333.788110494613647 ], [ 404128.43524425139185, 7611318.364713175222278 ], [ 404161.509257202211302, 7611301.994243454188108 ], [ 404194.716008056071587, 7611284.586920032277703 ], [ 404244.434132154099643, 7611256.461905524134636 ], [ 404292.819430854870006, 7611226.523222364485264 ], [ 404324.198384285788052, 7611205.718481719493866 ], [ 404354.888049016764853, 7611184.292972304858267 ], [ 404384.900650420924649, 7611162.292367761954665 ], [ 404414.249031248269603, 7611139.760581191629171 ], [ 404462.766800054407213, 7611100.232882706448436 ] ] ] } },
{ "type": "Feature", "properties": { "fid": 314.0, "COMPR_M": 542.6, "CLASSE": "03 - Média", "CD_FAZ": "400545", "TALHOES": "1", "FAZ_tAL": "400545001", "ID_LINHA": 166242 }, "geometry": { "type": "MultiLineString", "coordinates": [ [ [ 403998.135088165174238, 7611378.614526122808456 ], [ 404064.095910313539207, 7611351.103274090215564 ], [ 404096.795695210283156, 7611336.516572404652834 ], [ 404129.73686627834104, 7611321.067680084146559 ], [ 404162.870428170484956, 7611304.667727466672659 ], [ 404196.141672743367963, 7611287.226586882956326 ], [ 404245.962866230751388, 7611259.043254479765892 ], [ 404294.446260997618083, 7611229.043891571462154 ], [ 404325.886384221608751, 7611208.198598697781563 ], [ 404356.633962610678282, 7611186.732661949470639 ], [ 404386.701340614119545, 7611164.691907687112689 ], [ 404416.101486635627225, 7611142.120383016765118 ], [ 404462.966812751430552, 7611103.991417788900435 ] ] ] } },
{ "type": "Feature", "properties": { "fid": 315.0, "COMPR_M": 542.31, "CLASSE": "03 - Média", "CD_FAZ": "400545", "TALHOES": "1", "FAZ_tAL": "400545001", "ID_LINHA": 166243 }, "geometry": { "type": "MultiLineString", "coordinates": [ [ [ 403998.305585103225894, 7611381.775190603919327 ], [ 404065.294241066789255, 7611353.853576267138124 ], [ 404098.042971176095307, 7611339.245034317485988 ], [ 404131.038488304940984, 7611323.77064698562026 ], [ 404164.231599138583988, 7611307.341211478225887 ], [ 404197.567337430256885, 7611289.866253735497594 ], [ 404247.491600308683701, 7611261.624603435397148 ], [ 404296.073091141821351, 7611231.564560774713755 ], [ 404327.574384160223417, 7611210.678715680725873 ], [ 404358.379876204824541, 7611189.172351595014334 ], [ 404388.502030808769632, 7611167.091447614133358 ], [ 404417.953942022868432, 7611144.480184838175774 ], [ 404463.166825449035969, 7611107.74995287694037 ] ] ] } },
{ "type": "Feature", "properties": { "fid": 316.0, "COMPR_M": 542.01, "CLASSE": "03 - Média", "CD_FAZ": "400545", "TALHOES": "1", "FAZ_tAL": "400545001", "ID_LINHA": 166244 }, "geometry": { "type": "MultiLineString", "coordinates": [ [ [ 403998.476082039764151, 7611384.935855083167553 ], [ 404066.492571820679586, 7611356.603878444060683 ], [ 404099.290247142547742, 7611341.973496230319142 ], [ 404132.340110331831966, 7611326.473613891750574 ], [ 404165.592770106391981, 7611310.01469549536705 ], [ 404198.993002114759292, 7611292.505920588038862 ], [ 404249.020334383938462, 7611264.205952394753695 ], [ 404297.699921285442542, 7611234.085229985415936 ], [ 404329.262384097848553, 7611213.158832661807537 ], [ 404360.125789798621554, 7611191.612041238695383 ], [ 404405.137872085266281, 7611158.229028695262969 ], [ 404434.310007689404301, 7611135.329136105254292 ], [ 404463.366838145942893, 7611111.508487964048982 ] ] ] } },
{ "type": "Feature", "properties": { "fid": 317.0, "COMPR_M": 541.73, "CLASSE": "03 - Média", "CD_FAZ": "400545", "TALHOES": "1", "FAZ_tAL": "400545001", "ID_LINHA": 166245 }, "geometry": { "type": "MultiLineString", "coordinates": [ [ [ 403998.646578976069577, 7611388.096519565209746 ], [ 404067.690902574569918, 7611359.354180615395308 ], [ 404100.537523107836023, 7611344.701958138495684 ], [ 404133.64173235767521, 7611329.176580794155598 ], [ 404166.953941075422335, 7611312.688179507851601 ], [ 404200.418666802230291, 7611295.145587438717484 ], [ 404250.549068460590206, 7611266.787301351316273 ], [ 404299.326751429238357, 7611236.605899192392826 ], [ 404330.950384035240859, 7611215.638949638232589 ], [ 404361.87170339259319, 7611194.051730878651142 ], [ 404406.964813264610711, 7611160.608640442602336 ], [ 404436.187256808276288, 7611137.669260279275477 ], [ 404463.565819884825032, 7611115.247649795375764 ] ] ] } },
{ "type": "Feature", "properties": { "fid": 318.0, "COMPR_M": 536.05, "CLASSE": "03 - Média", "CD_FAZ": "400545", "TALHOES": "1", "FAZ_tAL": "400545001", "ID_LINHA": 166246 }, "geometry": { "type": "MultiLineString", "coordinates": [ [ [ 404003.838155799079686, 7611389.26068346388638 ], [ 404068.889233329100534, 7611362.104482792317867 ], [ 404101.784799073764589, 7611347.43042005226016 ], [ 404134.943354385788552, 7611331.879547702148557 ], [ 404168.31511204293929, 7611315.361663520336151 ], [ 404201.844331489293836, 7611297.785254292190075 ], [ 404252.077802537882235, 7611269.368650307878852 ], [ 404300.953581573907286, 7611239.126568399369717 ], [ 404332.638383970886935, 7611218.119066617451608 ], [ 404363.617616986855865, 7611196.491420523263514 ], [ 404408.791754446690902, 7611162.988252190873027 ], [ 404438.064505927788559, 7611140.009384455159307 ], [ 404463.764334998559207, 7611118.978043046779931 ] ] ] } },
{ "type": "Feature", "properties": { "fid": 319.0, "COMPR_M": 527.95, "CLASSE": "03 - Média", "CD_FAZ": "400545", "TALHOES": "1", "FAZ_tAL": "400545001", "ID_LINHA": 166247 }, "geometry": { "type": "MultiLineString", "coordinates": [ [ [ 404011.254302205168642, 7611389.496118841692805 ], [ 404070.08756408363115, 7611364.854784965515137 ], [ 404103.032075040449854, 7611350.158881964161992 ], [ 404136.244976412970573, 7611334.58251460455358 ], [ 404169.676283012842759, 7611318.035147533752024 ], [ 404203.269996175949927, 7611300.424921141937375 ], [ 404253.606536615174264, 7611271.949999263510108 ], [ 404302.580411716655362, 7611241.64723761100322 ], [ 404334.326383908162825, 7611220.599183600395918 ], [ 404365.363530581293162, 7611198.931110167875886 ], [ 404410.61869562760694, 7611165.36786394007504 ], [ 404439.941755049279891, 7611142.349508628249168 ], [ 404463.962850111420266, 7611122.708436304703355 ] ] ] } },
{ "type": "Feature", "properties": { "fid": 320.0, "COMPR_M": 519.86, "CLASSE": "03 - Média", "CD_FAZ": "400545", "TALHOES": "1", "FAZ_tAL": "400545001", "ID_LINHA": 166248 }, "geometry": { "type": "MultiLineString", "coordinates": [ [ [ 404018.666717717773281, 7611389.731435777619481 ], [ 404054.906098560779355, 7611374.660230217501521 ], [ 404087.745473301387392, 7611360.351128254085779 ], [ 404137.54659843898844, 7611337.285481512546539 ], [ 404171.037453979952261, 7611320.708631549030542 ], [ 404204.695660860917997, 7611303.064587999135256 ], [ 404255.1352706925245, 7611274.531348220072687 ], [ 404304.207241860218346, 7611244.167906815186143 ], [ 404336.01438384706853, 7611223.079300578683615 ], [ 404367.109444174682721, 7611201.37079980969429 ], [ 404412.445636808057316, 7611167.74747568834573 ], [ 404441.819004169607069, 7611144.689632803201675 ], [ 404464.161365224164911, 7611126.438829559832811 ] ] ] } },
{ "type": "Feature", "properties": { "fid": 321.0, "COMPR_M": 511.82, "CLASSE": "03 - Média", "CD_FAZ": "400545", "TALHOES": "1", "FAZ_tAL": "400545001", "ID_LINHA": 166249 }, "geometry": { "type": "MultiLineString", "coordinates": [ [ [ 404026.033864244469441, 7611389.965315587818623 ], [ 404088.967591268476099, 7611363.090947080403566 ], [ 404122.155541211308446, 7611347.918756030499935 ], [ 404155.598198376712389, 7611331.81341852620244 ], [ 404206.121325548156165, 7611305.704254851676524 ], [ 404256.664004767837469, 7611277.112697176635265 ], [ 404305.834072004596237, 7611246.688576024025679 ], [ 404337.702383784926496, 7611225.559417560696602 ], [ 404368.85535776760662, 7611203.810489456169307 ], [ 404414.272577989322599, 7611170.127087433822453 ], [ 404464.359880336909555, 7611130.169222814962268 ] ] ] } },
{ "type": "Feature", "properties": { "fid": 322.0, "COMPR_M": 503.83, "CLASSE": "03 - Média", "CD_FAZ": "400545", "TALHOES": "1", "FAZ_tAL": "400545001", "ID_LINHA": 166250 }, "geometry": { "type": "MultiLineString", "coordinates": [ [ [ 404033.334286675672047, 7611390.197077159769833 ], [ 404090.189709235797636, 7611365.830765906721354 ], [ 404123.429326176119503, 7611350.634947681799531 ], [ 404156.928959125769325, 7611334.502163924276829 ], [ 404207.546990233648103, 7611308.343921702355146 ], [ 404258.192738845886197, 7611279.694046134129167 ], [ 404307.460902147111483, 7611249.209245231002569 ], [ 404355.084839984076098, 7611217.219325374811888 ], [ 404385.941368037019856, 7611195.13791387155652 ], [ 404416.099519168725237, 7611172.506699183024466 ], [ 404464.558395450818352, 7611133.899616067297757 ] ] ] } },
{ "type": "Feature", "properties": { "fid": 323.0, "COMPR_M": 495.84, "CLASSE": "03 - Média", "CD_FAZ": "400545", "TALHOES": "1", "FAZ_tAL": "400545001", "ID_LINHA": 166251 }, "geometry": { "type": "MultiLineString", "coordinates": [ [ [ 404040.634709114208817, 7611390.428838727995753 ], [ 404074.880887100065593, 7611375.85599366761744 ], [ 404108.021178902126849, 7611361.072729608975351 ], [ 404158.259719874185976, 7611337.190909324213862 ], [ 404208.972654920769855, 7611310.983588554896414 ], [ 404259.721472922479734, 7611282.275395090691745 ], [ 404309.087732291780412, 7611251.72991443797946 ], [ 404356.802196513046511, 7611219.679203074425459 ], [ 404387.715054331813008, 7611197.557485153898597 ], [ 404417.926460350223351, 7611174.886310929432511 ], [ 404464.75691056397045, 7611137.630009324289858 ] ] ] } },
{ "type": "Feature", "properties": { "fid": 324.0, "COMPR_M": 487.84, "CLASSE": "03 - Média", "CD_FAZ": "400545", "TALHOES": "1", "FAZ_tAL": "400545001", "ID_LINHA": 166252 }, "geometry": { "type": "MultiLineString", "coordinates": [ [ [ 404047.928867630893365, 7611390.622768463566899 ], [ 404109.268454868346453, 7611363.801191521808505 ], [ 404159.590480622602627, 7611339.879654724150896 ], [ 404210.398319608182646, 7611313.623255405575037 ], [ 404261.250206999888178, 7611284.856744049116969 ], [ 404310.714562435226981, 7611254.250583650544286 ], [ 404358.519553041085601, 7611222.139080778695643 ], [ 404404.708242556778714, 7611188.687306940555573 ], [ 404434.626040507573634, 7611165.718401255086064 ], [ 404464.955425677646417, 7611141.36040258128196 ] ] ] } },
{ "type": "Feature", "properties": { "fid": 325.0, "COMPR_M": 479.81, "CLASSE": "03 - Média", "CD_FAZ": "400545", "TALHOES": "1", "FAZ_tAL": "400545001", "ID_LINHA": 166253 }, "geometry": { "type": "MultiLineString", "coordinates": [ [ [ 404055.254909338371363, 7611390.790860479697585 ], [ 404110.515730834624264, 7611366.529653429985046 ], [ 404160.921241370378993, 7611342.568400120362639 ], [ 404211.823984293849207, 7611316.26292225625366 ], [ 404262.778941076539923, 7611287.438093003816903 ], [ 404312.341392579546664, 7611256.771252851933241 ], [ 404360.236909567611292, 7611224.598958482034504 ], [ 404406.508932751312386, 7611191.086846866644919 ], [ 404436.478495893883519, 7611168.078203079290688 ], [ 404465.15340991539415, 7611145.08081990480423 ] ] ] } },
{ "type": "Feature", "properties": { "fid": 326.0, "COMPR_M": 471.81, "CLASSE": "03 - Média", "CD_FAZ": "400545", "TALHOES": "1", "FAZ_tAL": "400545001", "ID_LINHA": 166254 }, "geometry": { "type": "MultiLineString", "coordinates": [ [ [ 404062.568270676070824, 7611390.958661556243896 ], [ 404095.078181103104725, 7611376.790041225031018 ], [ 404128.524466038565151, 7611361.499714288860559 ], [ 404179.204479790467303, 7611336.749535630457103 ], [ 404230.324971709516831, 7611309.5401855930686 ], [ 404281.049693597189616, 7611279.954928603023291 ], [ 404330.147580324439332, 7611248.706415444612503 ], [ 404377.584925737988669, 7611216.008937671780586 ], [ 404423.407283892913256, 7611182.025146171450615 ], [ 404465.350439509784337, 7611148.783298056572676 ] ] ] } },
{ "type": "Feature", "properties": { "fid": 327.0, "COMPR_M": 463.9, "CLASSE": "03 - Média", "CD_FAZ": "400545", "TALHOES": "1", "FAZ_tAL": "400545001", "ID_LINHA": 166255 }, "geometry": { "type": "MultiLineString", "coordinates": [ [ [ 404069.768379782675765, 7611391.123864121735096 ], [ 404129.798251006344799, 7611364.215905941091478 ], [ 404180.565650758857373, 7611339.423019642941654 ], [ 404231.784628101566341, 7611312.161214781925082 ], [ 404282.611988294229377, 7611282.516102492809296 ], [ 404331.805409490130842, 7611251.206803238019347 ], [ 404379.330839331669267, 7611218.448627315461636 ], [ 404425.234225073596463, 7611184.404757918789983 ], [ 404465.547469104640186, 7611152.485776209272444 ] ] ] } },
{ "type": "Feature", "properties": { "fid": 328.0, "COMPR_M": 456.0, "CLASSE": "03 - Média", "CD_FAZ": "400545", "TALHOES": "1", "FAZ_tAL": "400545001", "ID_LINHA": 166256 }, "geometry": { "type": "MultiLineString", "coordinates": [ [ [ 404076.968488886894193, 7611391.289066684432328 ], [ 404131.072035972203594, 7611366.932097592391074 ], [ 404181.92682172707282, 7611342.096503660082817 ], [ 404233.244284494488966, 7611314.782243975438178 ], [ 404284.174282992898952, 7611285.077276386320591 ], [ 404333.46323865361046, 7611253.707191023975611 ], [ 404381.076752926281188, 7611220.888316960074008 ], [ 404427.0611662545125, 7611186.784369669854641 ], [ 404465.744498697458766, 7611156.188254362903535 ] ] ] } },
{ "type": "Feature", "properties": { "fid": 329.0, "COMPR_M": 448.13, "CLASSE": "03 - Média", "CD_FAZ": "400545", "TALHOES": "1", "FAZ_tAL": "400545001", "ID_LINHA": 166257 }, "geometry": { "type": "MultiLineString", "coordinates": [ [ [ 404084.123394589521922, 7611391.453232079744339 ], [ 404132.345820938178804, 7611369.648289244621992 ], [ 404183.287992695695721, 7611344.769987672567368 ], [ 404234.703940886945929, 7611317.403273165225983 ], [ 404285.736577690520789, 7611287.638450275175273 ], [ 404335.121067818836309, 7611256.207578811794519 ], [ 404382.822666519787163, 7611223.328006602823734 ], [ 404428.888107434846461, 7611189.163981417194009 ], [ 404465.941528292722069, 7611159.890732513740659 ] ] ] } }
]
}
