{
"type": "FeatureCollection",
"name": "403206",
"crs": { "type": "name", "properties": { "name": "urn:ogc:def:crs:EPSG::32722" } },
"xy_coordinate_resolution": 1e-15,
"features": [
{ "type": "Feature", "properties": { "fid": 1.0, "COMPR_M": 1206.9, "CLASSE": "06 - Acima do limite", "CD_FAZ": "403206", "TALHOES": "1, 2", "FAZ_tAL": "403206001, 403206002", "ID_LINHA": 194019 }, "geometry": { "type": "MultiLineString", "coordinates": [ [ [ 418705.227588332316373, 7625100.218179224058986 ], [ 418749.34223296563141, 7625135.57563784532249 ], [ 418779.61392583034467, 7625161.126618476584554 ], [ 418808.850399386545178, 7625187.79371190443635 ], [ 418829.854498394066468, 7625208.795619826763868 ], [ 418849.915173818240874, 7625230.80424528196454 ], [ 418862.736161377397366, 7625246.015400974079967 ], [ 418875.098262991697993, 7625261.631573485210538 ], [ 418886.987211605242919, 7625277.630493925884366 ], [ 418898.388740224647336, 7625293.989889638498425 ], [ 418909.288610565941781, 7625310.687467599287629 ], [ 418919.672590481699444, 7625327.700931160710752 ], [ 418929.526447793992702, 7625345.007983688265085 ], [ 418938.83595035225153, 7625362.58632854372263 ], [ 418951.748434539302252, 7625389.413731536827981 ], [ 418959.634318077878561, 7625407.572568997740746 ], [ 418966.933696135238279, 7625425.92883699759841 ], [ 418979.844325107580516, 7625463.20231244713068 ], [ 418990.638467372686137, 7625501.176759470254183 ], [ 418999.482673325168435, 7625539.796592481434345 ], [ 419006.542430278845131, 7625579.005729725584388 ], [ 419011.983390760142356, 7625618.747929279692471 ], [ 419015.939178262255155, 7625658.948402120731771 ], [ 419018.249560191761702, 7625699.400042909197509 ], [ 419018.593002363340929, 7625739.837140644900501 ], [ 419017.926325359498151, 7625759.967227594926953 ], [ 419016.647083631949499, 7625779.994127292186022 ], [ 419014.715060009155422, 7625799.884684885852039 ], [ 419012.090037289075553, 7625819.605745536275208 ], [ 419006.765320346108638, 7625848.797180730849504 ], [ 418999.655782427405939, 7625877.421559275127947 ], [ 418990.626154487079475, 7625905.3682093732059 ], [ 418979.549872372939717, 7625932.534661585465074 ], [ 418966.496538137551397, 7625958.915161818265915 ], [ 418951.72314365406055, 7625984.566778738051653 ], [ 418935.493823556578718, 7626009.547433356754482 ], [ 418912.04730041208677, 7626041.910973337478936 ], [ 418887.113133570179343, 7626073.320173934102058 ], [ 418854.762366683396976, 7626111.441523840650916 ], [ 418824.208766942378134, 7626145.63327385019511 ] ] ] } },
{ "type": "Feature", "properties": { "fid": 2.0, "COMPR_M": 108.26, "CLASSE": "02 - Curta", "CD_FAZ": "403206", "TALHOES": "1", "FAZ_tAL": "403206001", "ID_LINHA": 194020 }, "geometry": { "type": "MultiLineString", "coordinates": [ [ [ 418686.224881810077932, 7625676.386749004945159 ], [ 418688.43428871553624, 7625710.620186870917678 ], [ 418688.505621610442176, 7625738.987592918798327 ], [ 418686.854518966109026, 7625762.254355757497251 ], [ 418685.268407725961879, 7625773.431325878947973 ], [ 418683.025235499371774, 7625784.123436268419027 ] ] ] } },
{ "type": "Feature", "properties": { "fid": 3.0, "COMPR_M": 142.14, "CLASSE": "02 - Curta", "CD_FAZ": "403206", "TALHOES": "1", "FAZ_tAL": "403206001", "ID_LINHA": 194021 }, "geometry": { "type": "MultiLineString", "coordinates": [ [ [ 418686.883859160530847, 7625654.198034971952438 ], [ 418689.373808160773478, 7625677.832671817392111 ], [ 418690.851451427326538, 7625697.883257238194346 ], [ 418691.602382672310341, 7625716.592500502243638 ], [ 418691.504058879625518, 7625739.086914900690317 ], [ 418690.682243312243372, 7625753.855722493492067 ], [ 418688.798432056151796, 7625770.399910257197917 ], [ 418686.373545054346323, 7625783.086568328551948 ], [ 418682.69169052207144, 7625795.164711099117994 ] ] ] } },
{ "type": "Feature", "properties": { "fid": 4.0, "COMPR_M": 169.3, "CLASSE": "02 - Curta", "CD_FAZ": "403206", "TALHOES": "1", "FAZ_tAL": "403206001", "ID_LINHA": 194022 }, "geometry": { "type": "MultiLineString", "coordinates": [ [ [ 418687.434424049104564, 7625635.659724282100797 ], [ 418690.977078362368047, 7625663.524164474569261 ], [ 418693.432498367212247, 7625691.133942872285843 ], [ 418694.60174095723778, 7625716.527624910697341 ], [ 418694.502496139495634, 7625739.186236875131726 ], [ 418693.27135239780182, 7625758.630784519016743 ], [ 418690.570585711451713, 7625777.803270533680916 ], [ 418686.74296514398884, 7625792.828966666944325 ], [ 418682.435091910650954, 7625802.924836896359921 ] ] ] } },
{ "type": "Feature", "properties": { "fid": 5.0, "COMPR_M": 193.02, "CLASSE": "02 - Curta", "CD_FAZ": "403206", "TALHOES": "1", "FAZ_tAL": "403206001", "ID_LINHA": 194023 }, "geometry": { "type": "MultiLineString", "coordinates": [ [ [ 418687.908253538189456, 7625619.705205039121211 ], [ 418692.313866148528177, 7625649.160451353527606 ], [ 418695.928195061162114, 7625684.180760416202247 ], [ 418697.429250667744782, 7625710.314182939007878 ], [ 418697.500933413859457, 7625739.285558852367103 ], [ 418695.796170082932804, 7625763.280637461692095 ], [ 418692.87195634865202, 7625781.541536334902048 ], [ 418690.881308418756817, 7625789.597998289391398 ], [ 418688.385433054994792, 7625797.092123255133629 ], [ 418682.210719851427712, 7625809.710358733311296 ] ] ] } },
{ "type": "Feature", "properties": { "fid": 6.0, "COMPR_M": 214.56, "CLASSE": "02 - Curta", "CD_FAZ": "403206", "TALHOES": "1", "FAZ_tAL": "403206001", "ID_LINHA": 194024 }, "geometry": { "type": "MultiLineString", "coordinates": [ [ [ 418688.328355960198678, 7625605.559753037057817 ], [ 418694.384230503288563, 7625641.906404571607709 ], [ 418698.338531613349915, 7625677.035378630273044 ], [ 418700.427571310545318, 7625710.212181626819074 ], [ 418700.499370671692304, 7625739.38488082587719 ], [ 418698.776720459922217, 7625763.622731368988752 ], [ 418697.095196378766559, 7625775.466272754594684 ], [ 418695.132084153883625, 7625785.159611405804753 ], [ 418693.091279620304704, 7625792.694797756150365 ], [ 418690.536418974457774, 7625799.762061137706041 ], [ 418686.258303698792588, 7625808.576570610515773 ], [ 418682.001546759274788, 7625816.036228999495506 ] ] ] } },
{ "type": "Feature", "properties": { "fid": 7.0, "COMPR_M": 234.47, "CLASSE": "02 - Curta", "CD_FAZ": "403206", "TALHOES": "1", "FAZ_tAL": "403206001", "ID_LINHA": 194025 }, "geometry": { "type": "MultiLineString", "coordinates": [ [ [ 418688.706126916687936, 7625592.839662065729499 ], [ 418695.380925542558543, 7625628.059412987902761 ], [ 418698.266238108277321, 7625648.405403755605221 ], [ 418700.663807292352431, 7625669.707423533312976 ], [ 418703.170042209676467, 7625703.728628422133625 ], [ 418703.692548879538663, 7625722.389234306290746 ], [ 418703.4978079405264, 7625739.484202807769179 ], [ 418702.644255800754763, 7625754.814929999411106 ], [ 418701.232917032553814, 7625768.201148184016347 ], [ 418699.408398894069251, 7625779.506630146875978 ], [ 418697.353551534877624, 7625788.663476813584566 ], [ 418695.273930722498335, 7625795.698572333902121 ], [ 418692.497760791098699, 7625802.763294901698828 ], [ 418687.26521579787368, 7625812.970549104735255 ], [ 418681.801359792822041, 7625822.090338278561831 ] ] ] } },
{ "type": "Feature", "properties": { "fid": 8.0, "COMPR_M": 253.12, "CLASSE": "02 - Curta", "CD_FAZ": "403206", "TALHOES": "1", "FAZ_tAL": "403206001", "ID_LINHA": 194026 }, "geometry": { "type": "MultiLineString", "coordinates": [ [ [ 418689.050176391960122, 7625581.255022088065743 ], [ 418693.752040493302047, 7625602.055224338546395 ], [ 418697.273573470069095, 7625621.02466357499361 ], [ 418700.328959311824292, 7625641.093334196135402 ], [ 418702.907928078086115, 7625662.236604837700725 ], [ 418704.900465615442954, 7625683.473311115056276 ], [ 418706.166934681241401, 7625703.591004502028227 ], [ 418706.692499200813472, 7625722.36302275955677 ], [ 418706.496245213318616, 7625739.583524788729846 ], [ 418705.634758920059539, 7625755.054731884971261 ], [ 418704.206810074858367, 7625768.597027484327555 ], [ 418702.354336623218842, 7625780.074416682124138 ], [ 418699.538536661653779, 7625792.060341123491526 ], [ 418696.762464046711102, 7625800.384327938780189 ], [ 418692.986219233251177, 7625808.6591089759022 ], [ 418687.978586137003731, 7625817.740599505603313 ], [ 418681.607827046769671, 7625827.943208927288651 ] ] ] } },
{ "type": "Feature", "properties": { "fid": 9.0, "COMPR_M": 270.74, "CLASSE": "02 - Curta", "CD_FAZ": "403206", "TALHOES": "1", "FAZ_tAL": "403206001", "ID_LINHA": 194027 }, "geometry": { "type": "MultiLineString", "coordinates": [ [ [ 418689.367109327635262, 7625570.583434762433171 ], [ 418694.076253630802967, 7625589.348104127682745 ], [ 418697.92338862438919, 7625607.691738344728947 ], [ 418702.33106184162898, 7625633.845463186502457 ], [ 418705.0823512802599, 7625654.731617296114564 ], [ 418707.303255062783137, 7625676.238085434772074 ], [ 418708.822200202208478, 7625696.852588090114295 ], [ 418709.598532413539942, 7625716.203246993944049 ], [ 418709.494682477554306, 7625739.682846755720675 ], [ 418708.625262042507529, 7625755.294533756561577 ], [ 418707.1807031261269, 7625768.99290678743273 ], [ 418704.606287713395432, 7625784.05576603859663 ], [ 418701.688675428449642, 7625795.358657978475094 ], [ 418698.827079625218175, 7625803.266036104410887 ], [ 418694.189574491349049, 7625812.831436390988529 ], [ 418688.393721629981883, 7625822.868804183788598 ], [ 418681.419518551207148, 7625833.638086417689919 ] ] ] } },
{ "type": "Feature", "properties": { "fid": 10.0, "COMPR_M": 287.54, "CLASSE": "02 - Curta", "CD_FAZ": "403206", "TALHOES": "1", "FAZ_tAL": "403206001", "ID_LINHA": 194028 }, "geometry": { "type": "MultiLineString", "coordinates": [ [ [ 418689.661552481236868, 7625560.669110959395766 ], [ 418695.609309918247163, 7625582.767460613511503 ], [ 418699.631475737143774, 7625600.857942957431078 ], [ 418704.271254250779748, 7625626.657879177480936 ], [ 418707.19479605514789, 7625647.272832361981273 ], [ 418710.291496215388179, 7625675.972321042791009 ], [ 418711.817324998090044, 7625696.680809899233282 ], [ 418712.597890702018049, 7625716.138371413573623 ], [ 418712.49311974493321, 7625739.7821687432006 ], [ 418711.615765168040525, 7625755.534335639327765 ], [ 418710.154596173844766, 7625769.388786080293357 ], [ 418707.53987055120524, 7625784.684323456138372 ], [ 418704.554474035627209, 7625796.246611386537552 ], [ 418701.590633175102994, 7625804.434027755632997 ], [ 418696.833331420377363, 7625814.249724991619587 ], [ 418690.950317964481656, 7625824.438687431626022 ], [ 418681.235313978628255, 7625839.208851976320148 ] ] ] } },
{ "type": "Feature", "properties": { "fid": 11.0, "COMPR_M": 303.6, "CLASSE": "03 - Média", "CD_FAZ": "403206", "TALHOES": "1", "FAZ_tAL": "403206001", "ID_LINHA": 194029 }, "geometry": { "type": "MultiLineString", "coordinates": [ [ [ 418689.935664752265438, 7625551.439356999471784 ], [ 418695.573688462842256, 7625570.514704118482769 ], [ 418701.273981611535419, 7625594.07510194927454 ], [ 418706.148443470941857, 7625619.528315914794803 ], [ 418709.246052539674565, 7625639.873728628270328 ], [ 418712.606036079465412, 7625668.530003443360329 ], [ 418714.812449791992549, 7625696.509031713008881 ], [ 418715.597248996957205, 7625716.073495833203197 ], [ 418715.491557004337665, 7625739.881490715779364 ], [ 418714.606268296018243, 7625755.774137521162629 ], [ 418712.526256295212079, 7625774.011347703635693 ], [ 418709.729649324552156, 7625788.614683216437697 ], [ 418706.648551505350042, 7625799.524713232181966 ], [ 418703.433079330832697, 7625807.706966020166874 ], [ 418697.72178461716976, 7625818.859054941684008 ], [ 418691.037258199066855, 7625829.951054389588535 ], [ 418681.054337034525815, 7625844.682006573304534 ] ] ] } },
{ "type": "Feature", "properties": { "fid": 12.0, "COMPR_M": 318.93, "CLASSE": "03 - Média", "CD_FAZ": "403206", "TALHOES": "1", "FAZ_tAL": "403206001", "ID_LINHA": 194030 }, "geometry": { "type": "MultiLineString", "coordinates": [ [ [ 418690.25570324837463, 7625542.89188346453011 ], [ 418696.908964815840591, 7625564.0928696077317 ], [ 418702.849585137446411, 7625587.340183583088219 ], [ 418707.961494833929464, 7625612.45440767519176 ], [ 418711.235437014314812, 7625632.536182405427098 ], [ 418714.838777797354851, 7625660.949045197106898 ], [ 418717.377018103492446, 7625689.497957922518253 ], [ 418718.596607282524928, 7625716.008620243519545 ], [ 418718.48999426770024, 7625739.980812688358128 ], [ 418717.596771417243872, 7625756.013939400203526 ], [ 418715.492234320088755, 7625774.462777381762862 ], [ 418712.64916235167766, 7625789.305697585456073 ], [ 418709.492206697585061, 7625800.481248455122113 ], [ 418705.025966771296225, 7625811.387409941293299 ], [ 418698.318733659223653, 7625823.831101507879794 ], [ 418690.824413331924006, 7625835.782418938353658 ], [ 418680.875906697998289, 7625850.078146003186703 ] ] ] } },
{ "type": "Feature", "properties": { "fid": 13.0, "COMPR_M": 333.66, "CLASSE": "03 - Média", "CD_FAZ": "403206", "TALHOES": "1", "FAZ_tAL": "403206001", "ID_LINHA": 194031 }, "geometry": { "type": "MultiLineString", "coordinates": [ [ [ 418690.583075839909725, 7625534.899931347928941 ], [ 418698.171894255676307, 7625557.70421382971108 ], [ 418704.356855523306876, 7625580.649988183751702 ], [ 418709.709215885726735, 7625605.433644763194025 ], [ 418714.203562071197666, 7625632.099755482748151 ], [ 418717.82149022311205, 7625660.627155289053917 ], [ 418720.370083065121435, 7625689.293459797278047 ], [ 418721.59596557385521, 7625715.943744663149118 ], [ 418721.488431542762555, 7625740.080134669318795 ], [ 418720.587274539575446, 7625756.253741279244423 ], [ 418718.458212352881674, 7625774.914207072928548 ], [ 418715.56867538834922, 7625789.996711938641965 ], [ 418711.525643160275649, 7625803.752788809128106 ], [ 418707.729768937628251, 7625812.68766307644546 ], [ 418700.903770536999218, 7625825.353727001696825 ], [ 418693.326659822603688, 7625837.43750999122858 ], [ 418680.700525100226514, 7625855.382084537297487 ] ] ] } },
{ "type": "Feature", "properties": { "fid": 14.0, "COMPR_M": 348.01, "CLASSE": "03 - Média", "CD_FAZ": "403206", "TALHOES": "1", "FAZ_tAL": "403206001", "ID_LINHA": 194032 }, "geometry": { "type": "MultiLineString", "coordinates": [ [ [ 418690.895640846691094, 7625527.269467499107122 ], [ 418699.36101361294277, 7625551.346688823774457 ], [ 418705.794239717011806, 7625574.001159625127912 ], [ 418711.390346229658462, 7625598.463380188681185 ], [ 418716.125025855901185, 7625624.789167435839772 ], [ 418719.980459997314028, 7625652.984836329706013 ], [ 418723.363148029369768, 7625689.088961685076356 ], [ 418724.595323870307766, 7625715.878869080916047 ], [ 418724.486868799373042, 7625740.179456645622849 ], [ 418723.577777655154932, 7625756.493543155491352 ], [ 418721.424190383288078, 7625775.365636747330427 ], [ 418718.488188425661065, 7625790.687726309522986 ], [ 418714.344840240548365, 7625804.779207200743258 ], [ 418709.028464919188991, 7625816.82524744886905 ], [ 418701.176703282457311, 7625830.718220427632332 ], [ 418692.790268060460221, 7625843.608468640595675 ], [ 418680.527107759902719, 7625860.626619493588805 ] ] ] } },
{ "type": "Feature", "properties": { "fid": 15.0, "COMPR_M": 362.03, "CLASSE": "03 - Média", "CD_FAZ": "403206", "TALHOES": "1", "FAZ_tAL": "403206001", "ID_LINHA": 194033 }, "geometry": { "type": "MultiLineString", "coordinates": [ [ [ 418691.195153939770535, 7625519.957632513716817 ], [ 418700.47382846660912, 7625545.015500891953707 ], [ 418707.160045503580477, 7625567.390179518610239 ], [ 418713.00354185316246, 7625591.540808359161019 ], [ 418717.981603458407335, 7625617.533185693435371 ], [ 418722.075725965609308, 7625645.385213371366262 ], [ 418725.835763580049388, 7625681.822596083395183 ], [ 418727.412457156809978, 7625709.294169850647449 ], [ 418727.485306072398089, 7625740.278778623789549 ], [ 418726.568280785053503, 7625756.733345032669604 ], [ 418724.390168410493061, 7625775.817066426388919 ], [ 418721.407701462041587, 7625791.378740666434169 ], [ 418717.164037328562699, 7625805.80562558490783 ], [ 418711.702172534074634, 7625818.186270529404283 ], [ 418703.733299612649716, 7625832.288103669881821 ], [ 418691.960533714911435, 7625850.061380801722407 ], [ 418680.354978921473958, 7625865.832187232561409 ] ] ] } },
{ "type": "Feature", "properties": { "fid": 16.0, "COMPR_M": 375.72, "CLASSE": "03 - Média", "CD_FAZ": "403206", "TALHOES": "1", "FAZ_tAL": "403206001", "ID_LINHA": 194034 }, "geometry": { "type": "MultiLineString", "coordinates": [ [ [ 418691.482405342161655, 7625512.945134940557182 ], [ 418699.636110137798823, 7625533.425547122024 ], [ 418708.452425569703337, 7625560.813369506970048 ], [ 418715.935931911575608, 7625590.90723495464772 ], [ 418720.93989345303271, 7625617.034403145313263 ], [ 418725.051911941030994, 7625645.007689574733377 ], [ 418728.826520429342054, 7625681.586779654026031 ], [ 418730.410777807410341, 7625709.192168543115258 ], [ 418730.483743334829342, 7625740.378100597299635 ], [ 418729.104000260180328, 7625762.111644139513373 ], [ 418726.662168014794588, 7625780.553639924153686 ], [ 418723.486014828435145, 7625795.459460739046335 ], [ 418719.101213378307875, 7625809.16354042571038 ], [ 418712.695872993208468, 7625822.759456570260227 ], [ 418703.682052161660977, 7625838.021069252863526 ], [ 418694.412550521316007, 7625851.789977150037885 ], [ 418680.18522987869801, 7625870.96578483004123 ] ] ] } },
{ "type": "Feature", "properties": { "fid": 17.0, "COMPR_M": 389.14, "CLASSE": "03 - Média", "CD_FAZ": "403206", "TALHOES": "1", "FAZ_tAL": "403206001", "ID_LINHA": 194035 }, "geometry": { "type": "MultiLineString", "coordinates": [ [ [ 418691.758546608733013, 7625506.203862329944968 ], [ 418700.515308582223952, 7625527.175682233646512 ], [ 418709.669382213091012, 7625554.266967259347439 ], [ 418717.471804316039197, 7625583.99364935234189 ], [ 418722.724683359323535, 7625609.798238161951303 ], [ 418728.028097929665819, 7625644.630165768787265 ], [ 418731.817277284921147, 7625681.350963227450848 ], [ 418733.409098458709195, 7625709.090167239308357 ], [ 418733.482180600520223, 7625740.477422570809722 ], [ 418732.09005425113719, 7625762.401715766638517 ], [ 418729.61886517185485, 7625781.062376647256315 ], [ 418726.389621856505983, 7625796.214570065960288 ], [ 418721.893557038158178, 7625810.26094198320061 ], [ 418715.339629914727993, 7625824.177745162509382 ], [ 418706.21101094793994, 7625839.635072226636112 ], [ 418693.270937691326253, 7625858.541898919269443 ], [ 418680.016475093667395, 7625876.069313324056566 ] ] ] } },
{ "type": "Feature", "properties": { "fid": 18.0, "COMPR_M": 402.34, "CLASSE": "03 - Média", "CD_FAZ": "403206", "TALHOES": "1", "FAZ_tAL": "403206001", "ID_LINHA": 194036 }, "geometry": { "type": "MultiLineString", "coordinates": [ [ [ 418692.02586730621988, 7625499.677921073511243 ], [ 418701.306052875705063, 7625520.929991841316223 ], [ 418710.809312044060789, 7625547.748959165066481 ], [ 418718.936098192818463, 7625577.120867451652884 ], [ 418725.677321069641039, 7625609.267004260793328 ], [ 418731.004283903166652, 7625644.252641975879669 ], [ 418734.808034142944962, 7625681.11514678504318 ], [ 418736.407419111405034, 7625708.988165924325585 ], [ 418736.480617869354319, 7625740.576744549907744 ], [ 418735.076108235982247, 7625762.691787401214242 ], [ 418732.575562339858152, 7625781.571113362908363 ], [ 418729.293228897615336, 7625796.96967938542366 ], [ 418724.685900705866516, 7625811.35834354441613 ], [ 418717.98338684119517, 7625825.596033757552505 ], [ 418708.7399697402725, 7625841.249075202271342 ], [ 418695.699621828622185, 7625860.303110650740564 ], [ 418679.84906009293627, 7625881.132324131205678 ] ] ] } },
{ "type": "Feature", "properties": { "fid": 19.0, "COMPR_M": 415.4, "CLASSE": "03 - Média", "CD_FAZ": "403206", "TALHOES": "1", "FAZ_tAL": "403206001", "ID_LINHA": 194037 }, "geometry": { "type": "MultiLineString", "coordinates": [ [ [ 418692.256319738808088, 7625493.284472372382879 ], [ 418702.004842047579587, 7625514.683834745548666 ], [ 418711.869610621477477, 7625541.254699087701738 ], [ 418720.327108473691624, 7625570.285629000514746 ], [ 418727.387956778460648, 7625602.046504413709044 ], [ 418733.024967791046947, 7625636.621447117999196 ], [ 418737.185666565259453, 7625673.580441485159099 ], [ 418739.405739764682949, 7625708.886164618656039 ], [ 418739.479055130272172, 7625740.676066529005766 ], [ 418738.062162229907699, 7625762.981859035789967 ], [ 418735.532259502855595, 7625782.079850079491735 ], [ 418731.281706883921288, 7625801.08893150370568 ], [ 418726.462615131807979, 7625814.945952628739178 ], [ 418718.6349222662393, 7625830.636066629551351 ], [ 418708.340138730069157, 7625847.368056325241923 ], [ 418694.255386156379245, 7625867.333274187520146 ], [ 418679.682954328309279, 7625886.155740256421268 ] ] ] } },
{ "type": "Feature", "properties": { "fid": 20.0, "COMPR_M": 428.33, "CLASSE": "03 - Média", "CD_FAZ": "403206", "TALHOES": "1", "FAZ_tAL": "403206001", "ID_LINHA": 194038 }, "geometry": { "type": "MultiLineString", "coordinates": [ [ [ 418692.462386240600608, 7625487.030832018703222 ], [ 418704.775051467644516, 7625513.532100699841976 ], [ 418714.718556159816217, 7625540.314498636871576 ], [ 418723.233682229998522, 7625569.542522879317403 ], [ 418730.334413592994679, 7625601.481981018558145 ], [ 418735.99733220244525, 7625636.21491193305701 ], [ 418740.173907718097325, 7625673.314677082002163 ], [ 418742.404060408123769, 7625708.78416330460459 ], [ 418742.47749240428675, 7625740.775388504378498 ], [ 418741.048216214519925, 7625763.271930670365691 ], [ 418738.488956664281432, 7625782.588586798869073 ], [ 418734.167449640575796, 7625801.909712454304099 ], [ 418729.226168672030326, 7625816.113944289274514 ], [ 418721.249064475763589, 7625832.108193095773458 ], [ 418710.842385218187701, 7625849.023147378116846 ], [ 418696.662027457728982, 7625869.124474317766726 ], [ 418679.51759246311849, 7625891.156659414991736 ] ] ] } },
{ "type": "Feature", "properties": { "fid": 21.0, "COMPR_M": 441.08, "CLASSE": "03 - Média", "CD_FAZ": "403206", "TALHOES": "1", "FAZ_tAL": "403206001", "ID_LINHA": 194039 }, "geometry": { "type": "MultiLineString", "coordinates": [ [ [ 418692.663232370105106, 7625480.935617573559284 ], [ 418705.349986898712814, 7625507.214631544426084 ], [ 418715.681479840481188, 7625533.794828114099801 ], [ 418724.539581065298989, 7625562.703392613679171 ], [ 418731.968369593843818, 7625594.272895349189639 ], [ 418737.948562533885706, 7625628.608340071514249 ], [ 418740.837812192505226, 7625650.539342967793345 ], [ 418743.162148864998017, 7625673.048912681639194 ], [ 418745.402381063438952, 7625708.682161999866366 ], [ 418745.475929671723861, 7625740.874710479751229 ], [ 418744.034270199597813, 7625763.562002306804061 ], [ 418741.445653823437169, 7625783.097323516383767 ], [ 418737.053192387800664, 7625802.730493396520615 ], [ 418731.989722232625354, 7625817.281935940496624 ], [ 418723.863206680165604, 7625833.580319551751018 ], [ 418713.344631699437741, 7625850.678238443098962 ], [ 418699.068668753840029, 7625870.915674431249499 ], [ 418679.353556672402192, 7625896.117475187405944 ] ] ] } },
{ "type": "Feature", "properties": { "fid": 22.0, "COMPR_M": 453.71, "CLASSE": "03 - Média", "CD_FAZ": "403206", "TALHOES": "1", "FAZ_tAL": "403206001", "ID_LINHA": 194040 }, "geometry": { "type": "MultiLineString", "coordinates": [ [ [ 418692.859430917538702, 7625474.981446808204055 ], [ 418705.796968729235232, 7625500.82420589029789 ], [ 418712.457131118979305, 7625516.49580439645797 ], [ 418718.516450586786959, 7625532.813285656273365 ], [ 418727.436170323402621, 7625561.922261458821595 ], [ 418734.908087215851992, 7625593.674254665151238 ], [ 418740.916687595366966, 7625628.171913139522076 ], [ 418743.817433928954415, 7625650.189986768178642 ], [ 418746.150390013994183, 7625672.783148291520774 ], [ 418748.400701708160341, 7625708.580160688608885 ], [ 418748.474366930546239, 7625740.974032450467348 ], [ 418747.020324184675701, 7625763.85207393951714 ], [ 418744.40235098823905, 7625783.606060232967138 ], [ 418739.938935129437596, 7625803.551274336874485 ], [ 418734.753275779890828, 7625818.449927588924766 ], [ 418726.477348890621215, 7625835.052446020767093 ], [ 418715.846878185053356, 7625852.333329499699175 ], [ 418701.475310057168826, 7625872.706874551251531 ], [ 418679.189991532708518, 7625901.064056934788823 ] ] ] } },
{ "type": "Feature", "properties": { "fid": 23.0, "COMPR_M": 466.17, "CLASSE": "03 - Média", "CD_FAZ": "403206", "TALHOES": "1", "FAZ_tAL": "403206001", "ID_LINHA": 194041 }, "geometry": { "type": "MultiLineString", "coordinates": [ [ [ 418693.050673519144766, 7625469.17767717409879 ], [ 418700.987006259674672, 7625483.91681264154613 ], [ 418708.529762796941213, 7625499.586311724036932 ], [ 418719.377027163573075, 7625526.261694603599608 ], [ 418728.653481876768637, 7625555.074244339950383 ], [ 418736.462662336532958, 7625586.472221179865301 ], [ 418742.796011979633477, 7625620.584566012956202 ], [ 418745.885213812405709, 7625642.365022983402014 ], [ 418748.432722442201339, 7625664.997743197716773 ], [ 418750.300732727686409, 7625687.248478611931205 ], [ 418751.399022364756092, 7625708.478159386664629 ], [ 418751.472804202407133, 7625741.07335443329066 ], [ 418750.006378182733897, 7625764.14214557595551 ], [ 418746.543402540555689, 7625788.591214762069285 ], [ 418741.809855888248421, 7625807.790005717426538 ], [ 418736.239034935017116, 7625822.537979351356626 ], [ 418726.754139341006521, 7625840.579982001334429 ], [ 418715.079370097606443, 7625858.847761321812868 ], [ 418699.697908907372039, 7625880.050263246521354 ], [ 418679.02755956229521, 7625905.976369418203831 ] ] ] } },
{ "type": "Feature", "properties": { "fid": 24.0, "COMPR_M": 478.53, "CLASSE": "03 - Média", "CD_FAZ": "403206", "TALHOES": "1", "FAZ_tAL": "403206001", "ID_LINHA": 194042 }, "geometry": { "type": "MultiLineString", "coordinates": [ [ [ 418693.238041912205517, 7625463.491481098346412 ], [ 418700.941174928622786, 7625477.324399227276444 ], [ 418708.821736787562259, 7625493.069737771525979 ], [ 418720.146137132542208, 7625519.715388365089893 ], [ 418726.114338311715983, 7625536.553696828894317 ], [ 418731.539347060199361, 7625554.254369316622615 ], [ 418739.395052399602719, 7625585.838647782802582 ], [ 418745.759454879793338, 7625620.11738808453083 ], [ 418748.86139980138978, 7625641.987499190494418 ], [ 418751.418279637466185, 7625664.703388172201812 ], [ 418753.293797700316645, 7625687.043980482965708 ], [ 418754.397343011456542, 7625708.376158075407147 ], [ 418754.471241466992069, 7625741.172676414251328 ], [ 418752.992432170198299, 7625764.432217209599912 ], [ 418749.489340276923031, 7625789.159001298248768 ], [ 418744.675654489721637, 7625808.677959125488997 ], [ 418738.972864572657272, 7625823.773897132836282 ], [ 418729.339176219480578, 7625842.102607497945428 ], [ 418717.555936990422197, 7625860.541016061790287 ], [ 418702.083857123157941, 7625881.868922905065119 ], [ 418678.865547376219183, 7625910.875986522063613 ] ] ] } },
{ "type": "Feature", "properties": { "fid": 25.0, "COMPR_M": 490.78, "CLASSE": "03 - Média", "CD_FAZ": "403206", "TALHOES": "1", "FAZ_tAL": "403206001", "ID_LINHA": 194043 }, "geometry": { "type": "MultiLineString", "coordinates": [ [ [ 418693.421986683504656, 7625457.909183770418167 ], [ 418700.763170449994504, 7625470.675528756342828 ], [ 418708.979987727769185, 7625486.481402486562729 ], [ 418720.820439810922835, 7625513.170163810253143 ], [ 418727.021362821455114, 7625529.868658283725381 ], [ 418732.664358120237011, 7625547.392474107444286 ], [ 418740.867354988062289, 7625578.639194577932358 ], [ 418745.066697673290037, 7625598.659364057704806 ], [ 418748.722897783271037, 7625619.650210140272975 ], [ 418751.837585773319006, 7625641.609975383616984 ], [ 418754.403836825687904, 7625664.40903315320611 ], [ 418756.286862666951492, 7625686.839482370764017 ], [ 418757.395663660892751, 7625708.274156763218343 ], [ 418757.46967873419635, 7625741.271998390555382 ], [ 418755.97848615818657, 7625764.722288844175637 ], [ 418752.435277999204118, 7625789.726787833496928 ], [ 418747.541453097423073, 7625809.565912531688809 ], [ 418741.706694207852706, 7625825.009814910590649 ], [ 418731.924213095102459, 7625843.62523300293833 ], [ 418720.032503875554539, 7625862.234270799905062 ], [ 418700.029234362475108, 7625889.44734816160053 ], [ 418678.70437406306155, 7625915.750234546139836 ] ] ] } },
{ "type": "Feature", "properties": { "fid": 26.0, "COMPR_M": 502.93, "CLASSE": "03 - Média", "CD_FAZ": "403206", "TALHOES": "1", "FAZ_tAL": "403206001", "ID_LINHA": 194044 }, "geometry": { "type": "MultiLineString", "coordinates": [ [ [ 418693.602880944847129, 7625452.419462429359555 ], [ 418700.453202665725257, 7625463.975640773773193 ], [ 418709.004386396612972, 7625479.827021041885018 ], [ 418716.728144995169714, 7625495.872629245743155 ], [ 418723.608209372439887, 7625512.061616953462362 ], [ 418729.856333571777213, 7625528.88711581658572 ], [ 418735.538730108877644, 7625546.533162465319037 ], [ 418743.791798821650445, 7625577.969887731596828 ], [ 418748.013154482643586, 7625598.094840658828616 ], [ 418751.686340679356363, 7625619.18303220719099 ], [ 418754.813771760498639, 7625641.232451591640711 ], [ 418757.389394028752577, 7625664.11467813141644 ], [ 418759.279927636845969, 7625686.634984252974391 ], [ 418760.393984309630468, 7625708.172155454754829 ], [ 418760.468115993426181, 7625741.371320364065468 ], [ 418758.964540147338994, 7625765.012360476888716 ], [ 418755.381215730332769, 7625790.294574379920959 ], [ 418750.407251698081382, 7625810.453865943476558 ], [ 418744.440523840021342, 7625826.245732687413692 ], [ 418734.509249977883883, 7625845.147858494892716 ], [ 418718.932718604919501, 7625869.075940629467368 ], [ 418702.395893689827062, 7625891.291027015075088 ], [ 418678.543713963415939, 7625920.608961561694741 ] ] ] } },
{ "type": "Feature", "properties": { "fid": 27.0, "COMPR_M": 515.01, "CLASSE": "03 - Média", "CD_FAZ": "403206", "TALHOES": "1", "FAZ_tAL": "403206001", "ID_LINHA": 194045 }, "geometry": { "type": "MultiLineString", "coordinates": [ [ [ 418693.78085947787622, 7625447.018226756714284 ], [ 418708.894889401912224, 7625473.112134645693004 ], [ 418716.961457384401001, 7625489.229189828969538 ], [ 418724.166517403675243, 7625505.469962419942021 ], [ 418730.657551173993852, 7625522.168064603582025 ], [ 418736.567983505665325, 7625539.65406746044755 ], [ 418745.178735000605229, 7625570.768450142815709 ], [ 418749.606675336835906, 7625590.681051213294268 ], [ 418753.4810834369855, 7625611.547795053571463 ], [ 418756.803883053944446, 7625633.369165612384677 ], [ 418759.57946423010435, 7625656.120696563273668 ], [ 418761.72484580904711, 7625678.992798896506429 ], [ 418763.107891513151117, 7625700.97615004144609 ], [ 418763.691555162367877, 7625721.865003248676658 ], [ 418763.466553267790005, 7625741.47064233571291 ], [ 418761.950594137073494, 7625765.302432110533118 ], [ 418758.327153459307738, 7625790.862360913306475 ], [ 418753.273050302290358, 7625811.341819353401661 ], [ 418747.174353478243575, 7625827.481650460511446 ], [ 418737.094286857929546, 7625846.670484000816941 ], [ 418721.384735403466038, 7625870.804536976851523 ], [ 418704.76255301135825, 7625893.134705876000226 ], [ 418678.383564967196435, 7625925.452231425791979 ] ] ] } },
{ "type": "Feature", "properties": { "fid": 28.0, "COMPR_M": 526.97, "CLASSE": "03 - Média", "CD_FAZ": "403206", "TALHOES": "1", "FAZ_tAL": "403206001", "ID_LINHA": 194046 }, "geometry": { "type": "MultiLineString", "coordinates": [ [ [ 418693.955101555038709, 7625441.730383884161711 ], [ 418702.595835569198243, 7625455.706208895891905 ], [ 418711.546127562003676, 7625471.708046447485685 ], [ 418719.674697589769494, 7625487.949007181450725 ], [ 418726.936726827349048, 7625504.318228382617235 ], [ 418733.47768217738485, 7625521.144657098688185 ], [ 418739.430058112367988, 7625538.754635048098862 ], [ 418748.094583542027976, 7625570.06262599863112 ], [ 418752.546392957272474, 7625590.082410522736609 ], [ 418756.439373434346635, 7625611.049012495204806 ], [ 418759.776247459056322, 7625632.962630426511168 ], [ 418762.562176658771932, 7625655.79880665242672 ], [ 418764.715602660784498, 7625678.756982462480664 ], [ 418766.104783978546038, 7625700.838526122272015 ], [ 418766.691505479975604, 7625721.838791705667973 ], [ 418766.464990532840602, 7625741.569964317604899 ], [ 418764.936648116097786, 7625765.592503743246198 ], [ 418761.273091185954399, 7625791.430147456005216 ], [ 418756.138848900154699, 7625812.229772766120732 ], [ 418752.609337361645885, 7625822.332359150052071 ], [ 418748.286801430862397, 7625832.191460197791457 ], [ 418736.969051910447888, 7625852.696585897356272 ], [ 418723.83675221959129, 7625872.533133318647742 ], [ 418702.425612129678484, 7625900.953919962048531 ], [ 418678.224105820117984, 7625930.274638877250254 ] ] ] } },
{ "type": "Feature", "properties": { "fid": 29.0, "COMPR_M": 538.87, "CLASSE": "03 - Média", "CD_FAZ": "403206", "TALHOES": "1", "FAZ_tAL": "403206001", "ID_LINHA": 194047 }, "geometry": { "type": "MultiLineString", "coordinates": [ [ [ 418694.127136704104487, 7625436.509515983983874 ], [ 418701.999538175587077, 7625448.881139328703284 ], [ 418711.281022279290482, 7625464.897710602730513 ], [ 418719.75249964534305, 7625481.193534212186933 ], [ 418727.364495974092279, 7625497.654459843412042 ], [ 418734.168157530133612, 7625514.386607037857175 ], [ 418740.359065996715799, 7625531.852694566361606 ], [ 418745.968672997143585, 7625550.154994197189808 ], [ 418751.010432068433147, 7625569.356801848858595 ], [ 418755.486110586905852, 7625589.483769825659692 ], [ 418759.397663435665891, 7625610.550229948014021 ], [ 418762.748611869639717, 7625632.55609523691237 ], [ 418765.544889089593198, 7625655.476916739717126 ], [ 418767.706359517527744, 7625678.521166034042835 ], [ 418769.101676443300676, 7625700.700902203097939 ], [ 418769.69145578739699, 7625721.812580148689449 ], [ 418769.463427789858542, 7625741.669286296702921 ], [ 418767.922702107578516, 7625765.882575374096632 ], [ 418764.219028909108602, 7625791.997933990322053 ], [ 418759.004647513502277, 7625813.117726165801287 ], [ 418755.401681026618462, 7625823.429760710336268 ], [ 418750.990603593119886, 7625833.491713339462876 ], [ 418739.525648241047747, 7625854.266469145193696 ], [ 418722.415147286199499, 7625879.676439726725221 ], [ 418704.77443534322083, 7625902.820258121937513 ], [ 418678.064832846925128, 7625935.091416139155626 ] ] ] } },
{ "type": "Feature", "properties": { "fid": 30.0, "COMPR_M": 550.71, "CLASSE": "03 - Média", "CD_FAZ": "403206", "TALHOES": "1", "FAZ_tAL": "403206001", "ID_LINHA": 194048 }, "geometry": { "type": "MultiLineString", "coordinates": [ [ [ 418694.297219601459801, 7625431.347894469276071 ], [ 418704.560338624345604, 7625447.318187133409083 ], [ 418713.910485241445713, 7625463.45325606316328 ], [ 418722.445627621957101, 7625479.871567141264677 ], [ 418730.116309611010365, 7625496.459438388235867 ], [ 418736.972561616392341, 7625513.320850779302418 ], [ 418743.208011532900855, 7625530.91249411739409 ], [ 418752.29941974405665, 7625562.111461643129587 ], [ 418756.989392760093324, 7625582.037207406945527 ], [ 418761.108973524067551, 7625602.8921974375844 ], [ 418764.661688055202831, 7625624.680497737601399 ], [ 418768.527601514710113, 7625655.155026836320758 ], [ 418770.697116368159186, 7625678.285349598154426 ], [ 418772.098568905552384, 7625700.56327828578651 ], [ 418772.691406102385372, 7625721.78636859357357 ], [ 418772.461865060788114, 7625741.768608273938298 ], [ 418770.908756098884623, 7625766.172647018916905 ], [ 418767.16496664180886, 7625792.565720533952117 ], [ 418761.870446107932366, 7625814.005679581314325 ], [ 418758.194024699390866, 7625824.527162263169885 ], [ 418753.694405758171342, 7625834.791966477409005 ], [ 418742.0822445693193, 7625855.836352391168475 ], [ 418724.843831414822489, 7625881.437651459127665 ], [ 418702.188091225689277, 7625910.839556873776019 ], [ 418677.906494940980338, 7625939.879914935678244 ] ] ] } },
{ "type": "Feature", "properties": { "fid": 31.0, "COMPR_M": 562.45, "CLASSE": "03 - Média", "CD_FAZ": "403206", "TALHOES": "1", "FAZ_tAL": "403206001", "ID_LINHA": 194049 }, "geometry": { "type": "MultiLineString", "coordinates": [ [ [ 418694.464003561995924, 7625426.286388009786606 ], [ 418703.808721824316308, 7625440.419546062126756 ], [ 418713.4888696098933, 7625456.553751906380057 ], [ 418722.366686631459743, 7625473.010701712220907 ], [ 418730.392115314956754, 7625489.68315844796598 ], [ 418737.547057186427992, 7625506.518882636912167 ], [ 418744.031187306973152, 7625523.979403525590897 ], [ 418749.910590052197222, 7625542.236604249104857 ], [ 418755.205993492621928, 7625561.368355520069599 ], [ 418759.921782820834778, 7625581.40363401081413 ], [ 418764.06161123077618, 7625602.360963537357748 ], [ 418767.629813115403522, 7625624.244070805609226 ], [ 418771.510313942155335, 7625654.833136921748519 ], [ 418773.687873219896574, 7625678.049533167853951 ], [ 418775.095461375138257, 7625700.42565436847508 ], [ 418775.691356424824335, 7625721.76015704497695 ], [ 418775.46030232438352, 7625741.867930248379707 ], [ 418773.894810080877505, 7625766.462718652561307 ], [ 418772.606350189249497, 7625777.702251352369785 ], [ 418770.110904372297227, 7625793.133507063612342 ], [ 418764.736244717845693, 7625814.893632985651493 ], [ 418760.986368358251639, 7625825.62456382624805 ], [ 418756.398207927937619, 7625836.092219622805715 ], [ 418744.638840894564055, 7625857.40623564273119 ], [ 418727.272515555843711, 7625883.198863199912012 ], [ 418704.520573725167196, 7625912.726267961785197 ], [ 418677.74815702153137, 7625944.668413731269538 ] ] ] } },
{ "type": "Feature", "properties": { "fid": 32.0, "COMPR_M": 574.14, "CLASSE": "03 - Média", "CD_FAZ": "403206", "TALHOES": "1", "FAZ_tAL": "403206001", "ID_LINHA": 194050 }, "geometry": { "type": "MultiLineString", "coordinates": [ [ [ 418694.629010575241409, 7625421.278807830065489 ], [ 418706.345510572427884, 7625438.817915458232164 ], [ 418716.096002990496345, 7625455.069374135695398 ], [ 418725.039146676077507, 7625471.647437845356762 ], [ 418733.124909374164417, 7625488.445264294743538 ], [ 418740.334826751612127, 7625505.410335783846676 ], [ 418746.866158063465264, 7625522.997861067764461 ], [ 418752.784962041303515, 7625541.377292599529028 ], [ 418758.11256724485429, 7625560.625249393284321 ], [ 418762.854172878840473, 7625580.770060611888766 ], [ 418767.014248938765377, 7625601.82972963899374 ], [ 418770.597938166523818, 7625623.807643879204988 ], [ 418774.493026375072077, 7625654.511247016489506 ], [ 418776.678630068083294, 7625677.813716735690832 ], [ 418778.092353835003451, 7625700.288030445575714 ], [ 418778.691306735738181, 7625721.733945488929749 ], [ 418778.45873959059827, 7625741.967252220958471 ], [ 418776.88086407398805, 7625766.752790285274386 ], [ 418775.580243234988302, 7625778.098130648955703 ], [ 418773.056842100457288, 7625793.701293606311083 ], [ 418771.039423019625247, 7625803.125984816811979 ], [ 418767.602043323393445, 7625815.781586395576596 ], [ 418763.778712026309222, 7625826.721965383738279 ], [ 418759.102010092465207, 7625837.392472762614489 ], [ 418752.618770948378369, 7625849.773710634559393 ], [ 418747.195437228074297, 7625858.976118892431259 ], [ 418729.701199689006899, 7625884.960074934177101 ], [ 418706.853056232968811, 7625914.612979043275118 ], [ 418677.590734468307346, 7625949.429230142384768 ] ] ] } },
{ "type": "Feature", "properties": { "fid": 33.0, "COMPR_M": 585.79, "CLASSE": "03 - Média", "CD_FAZ": "403206", "TALHOES": "1", "FAZ_tAL": "403206001", "ID_LINHA": 194051 }, "geometry": { "type": "MultiLineString", "coordinates": [ [ [ 418694.792439186479896, 7625416.319128450006247 ], [ 418705.437995948712341, 7625431.851497039198875 ], [ 418715.517070973175578, 7625448.086847122758627 ], [ 418724.802318353322335, 7625464.687605476938188 ], [ 418733.240898582793307, 7625481.54809395596385 ], [ 418740.787773918244056, 7625498.559558178298175 ], [ 418747.578337187704165, 7625516.02761959657073 ], [ 418753.740431152866222, 7625534.257472991943359 ], [ 418759.298652177851181, 7625553.329818809404969 ], [ 418764.262905669107568, 7625573.284739793278277 ], [ 418768.638352190260775, 7625594.143176907673478 ], [ 418772.430441004224122, 7625615.912786655128002 ], [ 418776.593273103353567, 7625646.347068626433611 ], [ 418779.669386928610038, 7625677.577900304459035 ], [ 418781.08924630144611, 7625700.150406532920897 ], [ 418781.691257042984944, 7625721.707733940333128 ], [ 418781.45717685931595, 7625742.066574204713106 ], [ 418780.840437880484387, 7625754.885448610410094 ], [ 418779.251580532523803, 7625772.85926669370383 ], [ 418777.777772944711614, 7625783.94280069321394 ], [ 418775.012275904708076, 7625799.141144211404026 ], [ 418772.847334380785469, 7625808.296319254674017 ], [ 418769.20896577934036, 7625820.568488139659166 ], [ 418765.152364832931198, 7625831.297835786826909 ], [ 418761.805812261183746, 7625838.692725900560617 ], [ 418755.23291315510869, 7625851.245837095193565 ], [ 418749.752033557277173, 7625860.546002139337361 ], [ 418732.129883813438937, 7625886.721286666579545 ], [ 418709.185538729303516, 7625916.499690124765038 ], [ 418677.433463698544074, 7625954.185456058941782 ] ] ] } },
{ "type": "Feature", "properties": { "fid": 34.0, "COMPR_M": 597.35, "CLASSE": "03 - Média", "CD_FAZ": "403206", "TALHOES": "1", "FAZ_tAL": "403206001", "ID_LINHA": 194052 }, "geometry": { "type": "MultiLineString", "coordinates": [ [ [ 418694.952911073924042, 7625411.449179016053677 ], [ 418707.950201978906989, 7625430.211576817557216 ], [ 418718.101318061526399, 7625446.562974763102829 ], [ 418727.453556517721154, 7625463.28351728245616 ], [ 418735.954138792352751, 7625480.267911304719746 ], [ 418743.557983347796835, 7625497.407824136316776 ], [ 418750.398468195227906, 7625515.004212087020278 ], [ 418756.6025057596853, 7625533.358040580525994 ], [ 418762.195241428446025, 7625552.548687666654587 ], [ 418767.187349505489692, 7625572.615432947874069 ], [ 418771.584809006890282, 7625593.578653517179191 ], [ 418775.393883899727371, 7625615.445608722046018 ], [ 418779.57289484742796, 7625645.99771243520081 ], [ 418782.660143773711752, 7625677.342083867639303 ], [ 418784.086138767423108, 7625700.012782610952854 ], [ 418784.691207359137479, 7625721.681522376835346 ], [ 418784.455614120233804, 7625742.165896171703935 ], [ 418783.834429652953986, 7625755.076716957613826 ], [ 418782.232130904216319, 7625773.20136059448123 ], [ 418780.743750975118019, 7625784.394230375997722 ], [ 418777.945858737512026, 7625799.769701634533703 ], [ 418775.750941414386034, 7625809.051428575068712 ], [ 418772.05262097180821, 7625821.525023356080055 ], [ 418767.915918378159404, 7625832.465827435255051 ], [ 418764.509614422684535, 7625839.992979045957327 ], [ 418757.847055358695798, 7625852.717963546514511 ], [ 418752.308629884151742, 7625862.115885379724205 ], [ 418734.558567949803546, 7625888.482498399913311 ], [ 418711.518021224008407, 7625918.386401209980249 ], [ 418677.276701236027293, 7625958.926309481263161 ] ] ] } },
{ "type": "Feature", "properties": { "fid": 35.0, "COMPR_M": 608.88, "CLASSE": "04 - Longa", "CD_FAZ": "403206", "TALHOES": "1", "FAZ_tAL": "403206001", "ID_LINHA": 194053 }, "geometry": { "type": "MultiLineString", "coordinates": [ [ [ 418695.112374168878887, 7625406.609843758866191 ], [ 418706.886256128374953, 7625423.183033264242113 ], [ 418717.364340926636942, 7625439.503426164388657 ], [ 418727.057800024980679, 7625456.230983354151249 ], [ 418735.911267503863201, 7625473.26173179782927 ], [ 418743.875377783144359, 7625490.484331071376801 ], [ 418750.994582012295723, 7625507.992069453001022 ], [ 418759.464580361207481, 7625532.458608166314662 ], [ 418765.0918306914391, 7625551.767556512728333 ], [ 418770.111793336982373, 7625571.946126104332507 ], [ 418774.531265824567527, 7625593.014130117371678 ], [ 418778.357326807745267, 7625614.978430785238743 ], [ 418782.552516585157719, 7625645.648356242105365 ], [ 418785.650900631095283, 7625677.106267438270152 ], [ 418787.083031230140477, 7625699.875158691778779 ], [ 418787.691157672263216, 7625721.655310827307403 ], [ 418787.454051395470742, 7625742.265218148007989 ], [ 418786.828421441663522, 7625755.267985303886235 ], [ 418785.212681275093928, 7625773.543454499915242 ], [ 418783.70972900360357, 7625784.845660062506795 ], [ 418780.879441579629201, 7625800.398259060457349 ], [ 418778.654548451071605, 7625809.806537909433246 ], [ 418774.89627615979407, 7625822.481558579951525 ], [ 418770.67947193182772, 7625833.633819084614515 ], [ 418765.176324795291293, 7625845.406732076779008 ], [ 418757.77458189916797, 7625858.851487985812128 ], [ 418751.732269188039936, 7625868.687125745229423 ], [ 418732.761646964587271, 7625895.992476142942905 ], [ 418708.649485422298312, 7625926.648969520814717 ], [ 418677.120439372374676, 7625963.65202397480607 ] ] ] } },
{ "type": "Feature", "properties": { "fid": 36.0, "COMPR_M": 620.35, "CLASSE": "04 - Longa", "CD_FAZ": "403206", "TALHOES": "1", "FAZ_tAL": "403206001", "ID_LINHA": 194054 }, "geometry": { "type": "MultiLineString", "coordinates": [ [ [ 418695.269573264813516, 7625401.839215729385614 ], [ 418709.373301378742326, 7625421.505200229585171 ], [ 418719.925141386454925, 7625437.940473970025778 ], [ 418729.68726299185073, 7625454.786528804339468 ], [ 418738.604395485715941, 7625471.93976473249495 ], [ 418746.627191420004237, 7625489.289309609681368 ], [ 418753.798986090812832, 7625506.926313183270395 ], [ 418760.301684769918211, 7625525.27129140496254 ], [ 418766.169729306013323, 7625544.415869028307498 ], [ 418771.421371817588806, 7625564.416032825596631 ], [ 418776.064133946958464, 7625585.293284987099469 ], [ 418780.105693414690904, 7625607.058752071112394 ], [ 418784.575631581421476, 7625637.457213599234819 ], [ 418787.985766121768393, 7625669.062446744181216 ], [ 418789.690569677622989, 7625692.214576939120889 ], [ 418790.691107994876802, 7625721.62909927777946 ], [ 418790.45248866151087, 7625742.364540124312043 ], [ 418789.822413225425407, 7625755.459253659471869 ], [ 418788.193231655051932, 7625773.885548402555287 ], [ 418786.675707038957626, 7625785.297089740633965 ], [ 418783.813024420524016, 7625801.026816489174962 ], [ 418781.558155488281045, 7625810.561647230759263 ], [ 418777.739931361749768, 7625823.438093801029027 ], [ 418773.443025472748559, 7625834.801810743287206 ], [ 418767.850032409769483, 7625846.767755160108209 ], [ 418760.359618783986662, 7625860.374113493598998 ], [ 418754.261227979324758, 7625870.301128719002008 ], [ 418735.168288267101161, 7625897.783676261082292 ], [ 418710.967195142293349, 7625928.553790353238583 ], [ 418676.964276372862514, 7625968.374748507514596 ] ] ] } },
{ "type": "Feature", "properties": { "fid": 37.0, "COMPR_M": 631.77, "CLASSE": "04 - Longa", "CD_FAZ": "403206", "TALHOES": "1", "FAZ_tAL": "403206001", "ID_LINHA": 194055 }, "geometry": { "type": "MultiLineString", "coordinates": [ [ [ 418695.425289381819312, 7625397.113592590205371 ], [ 418708.152423490420915, 7625414.42004472296685 ], [ 418719.029454318399075, 7625430.80976246483624 ], [ 418729.131669929833151, 7625447.647485272027552 ], [ 418738.401446900854353, 7625464.831118511967361 ], [ 418746.788879695348442, 7625482.255793496966362 ], [ 418754.273674564727116, 7625499.867601475678384 ], [ 418761.041011795052327, 7625518.090148779563606 ], [ 418769.055594497534912, 7625543.595994006842375 ], [ 418774.337220353016164, 7625563.710208685137331 ], [ 418779.003851572750136, 7625584.69464429654181 ], [ 418783.063983418629505, 7625606.559969511814415 ], [ 418787.551817554107402, 7625637.079689798876643 ], [ 418790.974007275537588, 7625668.796682350337505 ], [ 418792.685694469721057, 7625692.042798757553101 ], [ 418793.691058303287718, 7625721.602887724526227 ], [ 418793.450925920158625, 7625742.463862108998001 ], [ 418792.816405004297849, 7625755.650522001087666 ], [ 418791.173782024416141, 7625774.227642295882106 ], [ 418789.641685062437318, 7625785.748519425280392 ], [ 418786.746607259614393, 7625801.655373909510672 ], [ 418784.461762514838483, 7625811.316756553016603 ], [ 418780.583586550608743, 7625824.394629031419754 ], [ 418776.206579022749793, 7625835.969802390784025 ], [ 418770.523740025935695, 7625848.128778239712119 ], [ 418762.944655656930991, 7625861.896738986484706 ], [ 418756.790186777361669, 7625871.915131697431207 ], [ 418737.574929565074854, 7625899.574876387603581 ], [ 418713.284904854255728, 7625930.458611194044352 ], [ 418676.808967276185285, 7625973.071649001911283 ] ] ] } },
{ "type": "Feature", "properties": { "fid": 38.0, "COMPR_M": 643.16, "CLASSE": "04 - Longa", "CD_FAZ": "403206", "TALHOES": "1", "FAZ_tAL": "403206001", "ID_LINHA": 194056 }, "geometry": { "type": "MultiLineString", "coordinates": [ [ [ 418695.579591503133997, 7625392.430881257168949 ], [ 418710.613721764704678, 7625412.704664465971291 ], [ 418721.566243067616597, 7625429.208131866529584 ], [ 418731.738803317712154, 7625446.163107503205538 ], [ 418741.073906953562982, 7625463.467854637652636 ], [ 418749.521673768991604, 7625481.017899331636727 ], [ 418757.061444126535207, 7625498.759054612368345 ], [ 418763.875982547877356, 7625517.108606322668493 ], [ 418771.941459677822422, 7625542.776118976064026 ], [ 418777.253068882680964, 7625563.004384536296129 ], [ 418781.943569187133107, 7625584.096003612503409 ], [ 418786.022273416572716, 7625606.061186959967017 ], [ 418790.528003542043734, 7625636.702166000381112 ], [ 418793.962248423486017, 7625668.53091795463115 ], [ 418795.680819267989136, 7625691.871020568534732 ], [ 418796.691008621244691, 7625721.576676172204316 ], [ 418796.449363193998579, 7625742.563184080645442 ], [ 418795.810396791493986, 7625755.841790351085365 ], [ 418794.154332400881685, 7625774.569736203178763 ], [ 418792.607663093484007, 7625786.199949102476239 ], [ 418789.680190108076204, 7625802.283931333571672 ], [ 418787.365369543258566, 7625812.071865878999233 ], [ 418783.427241744240746, 7625825.351164257153869 ], [ 418778.97013258113293, 7625837.137794051319361 ], [ 418773.197447638551239, 7625849.489801311865449 ], [ 418765.52969253557967, 7625863.419364491477609 ], [ 418759.31914557039272, 7625873.52913467027247 ], [ 418739.981570869509596, 7625901.366076508536935 ], [ 418725.913844298047479, 7625919.617301547899842 ], [ 418710.191717077163048, 7625938.898251780308783 ], [ 418676.653658177820034, 7625977.768549496307969 ] ] ] } },
{ "type": "Feature", "properties": { "fid": 39.0, "COMPR_M": 654.48, "CLASSE": "04 - Longa", "CD_FAZ": "403206", "TALHOES": "1", "FAZ_tAL": "403206001", "ID_LINHA": 194057 }, "geometry": { "type": "MultiLineString", "coordinates": [ [ [ 418695.731972499983385, 7625387.80647147167474 ], [ 418709.235429086955264, 7625405.568271094933152 ], [ 418720.511232119635679, 7625422.011975696310401 ], [ 418731.022553464630619, 7625438.943612998351455 ], [ 418740.709747313288972, 7625456.263076312839985 ], [ 418749.520339789043646, 7625473.866998076438904 ], [ 418757.409030445094686, 7625491.649153939448297 ], [ 418764.499123205896467, 7625509.887174586765468 ], [ 418772.905565964814741, 7625535.362111093476415 ], [ 418778.458583509374876, 7625555.423506525345147 ], [ 418784.883286813332234, 7625583.49736291449517 ], [ 418788.980563416611403, 7625605.562404407188296 ], [ 418793.504189524101093, 7625636.324642201885581 ], [ 418796.95048957405379, 7625668.265153565444052 ], [ 418798.67594406241551, 7625691.699242370203137 ], [ 418799.690958935534582, 7625721.550464616157115 ], [ 418799.447800458583515, 7625742.662506062537432 ], [ 418798.804388570482843, 7625756.033058691769838 ], [ 418797.134882768674288, 7625774.911830097436905 ], [ 418795.573641121271066, 7625786.651378786191344 ], [ 418792.613772944780067, 7625802.912488759495318 ], [ 418790.268976582796313, 7625812.826975201256573 ], [ 418786.270896943984553, 7625826.307699481025338 ], [ 418781.733686127525289, 7625838.305785699747503 ], [ 418775.871155252796598, 7625850.850824389606714 ], [ 418768.114729424065445, 7625864.941989984363317 ], [ 418758.385068422125187, 7625880.469877434894443 ], [ 418737.873080416000448, 7625909.148817863315344 ], [ 418712.496173427265603, 7625940.819078905507922 ], [ 418676.498940632212907, 7625982.447560163214803 ] ] ] } },
{ "type": "Feature", "properties": { "fid": 40.0, "COMPR_M": 665.78, "CLASSE": "04 - Longa", "CD_FAZ": "403206", "TALHOES": "1", "FAZ_tAL": "403206001", "ID_LINHA": 194058 }, "geometry": { "type": "MultiLineString", "coordinates": [ [ [ 418695.883509376726579, 7625383.207678618840873 ], [ 418711.670385013218038, 7625403.815698803402483 ], [ 418723.023438143136445, 7625420.372055470943451 ], [ 418733.606800554553047, 7625437.419740641489625 ], [ 418743.360985473380424, 7625454.858988122083247 ], [ 418752.233579991501756, 7625472.586815433576703 ], [ 418760.179239858814981, 7625490.497419896535575 ], [ 418767.319254207774065, 7625508.863767076283693 ], [ 418775.779937961546239, 7625534.502799452282488 ], [ 418781.365157263469882, 7625554.680400404147804 ], [ 418787.8230044367956, 7625582.898722221143544 ], [ 418791.938853408850264, 7625605.063621853478253 ], [ 418796.480375499639194, 7625635.947118406184018 ], [ 418799.938730728172231, 7625667.999389159493148 ], [ 418801.67106886341935, 7625691.527464186772704 ], [ 418802.690909248834942, 7625721.524253061972558 ], [ 418802.446237725729588, 7625742.761828038841486 ], [ 418801.798380345804617, 7625756.22432703897357 ], [ 418800.115433144150302, 7625775.253924006596208 ], [ 418798.539619156508707, 7625787.102808462455869 ], [ 418795.547355789574794, 7625803.541046178899705 ], [ 418793.172583612846211, 7625813.582084526307881 ], [ 418789.114552138547879, 7625827.264234701171517 ], [ 418784.497239680960774, 7625839.473777357488871 ], [ 418778.544862866110634, 7625852.211847472004592 ], [ 418770.699766297882888, 7625866.464615487493575 ], [ 418760.887314906693064, 7625882.124968493357301 ], [ 418740.259028636617586, 7625910.967477528378367 ], [ 418725.512916218372993, 7625929.706667715683579 ], [ 418709.228967784205452, 7625949.380154257640243 ], [ 418676.34453016059706, 7625987.117284199222922 ] ] ] } },
{ "type": "Feature", "properties": { "fid": 41.0, "COMPR_M": 677.02, "CLASSE": "04 - Longa", "CD_FAZ": "403206", "TALHOES": "1", "FAZ_tAL": "403206001", "ID_LINHA": 194059 }, "geometry": { "type": "MultiLineString", "coordinates": [ [ [ 418696.032931619381998, 7625378.673060132190585 ], [ 418710.134169224824291, 7625396.633262747898698 ], [ 418721.808527614863124, 7625413.116035060957074 ], [ 418732.729143685719464, 7625430.125713003799319 ], [ 418746.012223626486957, 7625453.454899922013283 ], [ 418754.946820185694378, 7625471.306632783263922 ], [ 418762.94944927765755, 7625489.345685858279467 ], [ 418770.139385207905434, 7625507.840359576977789 ], [ 418778.654309943784028, 7625533.643487811088562 ], [ 418784.27173101331573, 7625553.937294280156493 ], [ 418790.762722060608212, 7625582.300081534311175 ], [ 418794.897143415582832, 7625604.564839297905564 ], [ 418799.456561478495132, 7625635.569594612345099 ], [ 418802.926971875713207, 7625667.733624771237373 ], [ 418804.666193649463821, 7625691.355685994029045 ], [ 418805.690859558410011, 7625721.498041516169906 ], [ 418805.444674985599704, 7625742.861150014214218 ], [ 418804.79237212886801, 7625756.415595384314656 ], [ 418803.095983519568108, 7625775.596017904579639 ], [ 418801.505597179988399, 7625787.554238146170974 ], [ 418798.480938633787446, 7625804.169603611342609 ], [ 418796.076190644118469, 7625814.337193854153156 ], [ 418791.958207328687422, 7625828.220769919455051 ], [ 418787.26079322444275, 7625840.641769006848335 ], [ 418781.218570477154572, 7625853.572870549745858 ], [ 418773.284803179500159, 7625867.987240986898541 ], [ 418763.389561394345947, 7625883.780059554614127 ], [ 418742.644976856652647, 7625912.786137199960649 ], [ 418727.845398714533076, 7625931.593378795310855 ], [ 418711.521421568642836, 7625951.315285909920931 ], [ 418676.190262032323517, 7625991.782703302800655 ] ] ] } },
{ "type": "Feature", "properties": { "fid": 42.0, "COMPR_M": 688.24, "CLASSE": "04 - Longa", "CD_FAZ": "403206", "TALHOES": "1", "FAZ_tAL": "403206001", "ID_LINHA": 194060 }, "geometry": { "type": "MultiLineString", "coordinates": [ [ [ 418696.181826153886504, 7625374.154456208460033 ], [ 418712.542177739203908, 7625394.843844712711871 ], [ 418724.295572864823043, 7625411.438202015124261 ], [ 418735.289944144838955, 7625428.562760807573795 ], [ 418748.663461785879917, 7625452.050811724737287 ], [ 418757.660060391877778, 7625470.026450145989656 ], [ 418765.719658701680601, 7625488.1939518135041 ], [ 418772.959516219038051, 7625506.81695207580924 ], [ 418781.528681932599284, 7625532.784176168963313 ], [ 418787.178304764791392, 7625553.194188152439892 ], [ 418793.702439684420824, 7625581.701440843753517 ], [ 418797.855433403979987, 7625604.066056751646101 ], [ 418802.432747462764382, 7625635.192070808261633 ], [ 418805.915213025466073, 7625667.467860368080437 ], [ 418807.661318452679552, 7625691.183907805010676 ], [ 418808.690809878986329, 7625721.471829958260059 ], [ 418808.44311224744888, 7625742.960471987724304 ], [ 418807.786363916122355, 7625756.606863738968968 ], [ 418806.076533894869499, 7625775.938111800700426 ], [ 418804.471575212141033, 7625788.005667830817401 ], [ 418801.414521464263089, 7625804.798161033540964 ], [ 418798.979797676671296, 7625815.092303170822561 ], [ 418794.801862524880562, 7625829.177305145189166 ], [ 418790.024346774269361, 7625841.809760663658381 ], [ 418783.892278089188039, 7625854.933893623761833 ], [ 418775.869840057799593, 7625869.509866477921605 ], [ 418765.891807887004688, 7625885.435150604695082 ], [ 418745.030925076804124, 7625914.604796858504415 ], [ 418730.177881220239215, 7625933.480089880526066 ], [ 418713.813875368796289, 7625953.250417552888393 ], [ 418676.036697903007735, 7625996.426832247525454 ] ] ] } },
{ "type": "Feature", "properties": { "fid": 43.0, "COMPR_M": 699.41, "CLASSE": "04 - Longa", "CD_FAZ": "403206", "TALHOES": "1", "FAZ_tAL": "403206001", "ID_LINHA": 194061 }, "geometry": { "type": "MultiLineString", "coordinates": [ [ [ 418696.328635262325406, 7625369.699140230193734 ], [ 418710.847532858781051, 7625387.620438703335822 ], [ 418722.920213109347969, 7625404.127763184718788 ], [ 418734.250186821795069, 7625421.199978874996305 ], [ 418748.09350369614549, 7625444.675347027368844 ], [ 418757.456291321199387, 7625462.685995251871645 ], [ 418765.889886866789311, 7625480.924159375019372 ], [ 418773.429814649163745, 7625499.466019319370389 ], [ 418782.361177214654163, 7625525.263148872181773 ], [ 418788.264544765697792, 7625545.518507311120629 ], [ 418795.110463547927793, 7625573.800753242336214 ], [ 418799.493263692245819, 7625595.986156716011465 ], [ 418804.361713562509976, 7625626.864602603018284 ], [ 418808.143866358324885, 7625659.110642779618502 ], [ 418810.656443240935914, 7625691.012129606679082 ], [ 418811.69076018454507, 7625721.445618402212858 ], [ 418811.441549524373841, 7625743.059793971478939 ], [ 418810.780355698603671, 7625756.79813208244741 ], [ 418809.057084258180112, 7625776.280205700546503 ], [ 418806.492991421895567, 7625794.289531299844384 ], [ 418803.154066386108752, 7625810.72714279871434 ], [ 418799.125827959913295, 7625825.549073902890086 ], [ 418794.494492351775989, 7625838.793382557108998 ], [ 418788.84383391373558, 7625851.695257319137454 ], [ 418784.077310065855272, 7625861.053248664364219 ], [ 418775.317996863217559, 7625876.244834621436894 ], [ 418764.61070794891566, 7625892.712856164202094 ], [ 418742.629102246661205, 7625922.633567567914724 ], [ 418710.407189861871302, 7625961.896630481816828 ], [ 418675.883133762748912, 7626001.070961203426123 ] ] ] } },
{ "type": "Feature", "properties": { "fid": 44.0, "COMPR_M": 710.56, "CLASSE": "04 - Longa", "CD_FAZ": "403206", "TALHOES": "1", "FAZ_tAL": "403206001", "ID_LINHA": 194062 }, "geometry": { "type": "MultiLineString", "coordinates": [ [ [ 418696.475002342136577, 7625365.257238749414682 ], [ 418713.227978218637872, 7625385.794513119384646 ], [ 418725.381511372455861, 7625402.412382931448519 ], [ 418736.786975571420044, 7625419.598348285071552 ], [ 418750.722966648230795, 7625443.230892477557063 ], [ 418760.149419301887974, 7625461.36402818094939 ], [ 418768.641700507258065, 7625479.729137916117907 ], [ 418776.234218727331609, 7625498.400263058021665 ], [ 418785.223251822171733, 7625524.363716461695731 ], [ 418791.161134027759545, 7625544.737376160919666 ], [ 418798.042853603605181, 7625573.167179845273495 ], [ 418802.445901392842643, 7625595.454922804608941 ], [ 418807.334077976003755, 7625626.45806741155684 ], [ 418811.129423555510584, 7625658.816287756897509 ], [ 418813.651568037108518, 7625690.840351421386003 ], [ 418814.690710499009583, 7625721.419406852684915 ], [ 418814.439986782206688, 7625743.159115940332413 ], [ 418813.774347476777621, 7625756.989400433376431 ], [ 418812.037634641164914, 7625776.622299602255225 ], [ 418809.449688582273666, 7625794.798268020153046 ], [ 418806.073579422081821, 7625811.41815716214478 ], [ 418801.991626560688019, 7625826.437027314677835 ], [ 418797.286836013779975, 7625839.890784114599228 ], [ 418791.54763608641224, 7625852.995510457083583 ], [ 418786.721066994359717, 7625862.471537262201309 ], [ 418777.874593192595057, 7625877.814717872068286 ], [ 418767.087274846096989, 7625894.406110897660255 ], [ 418744.99576157797128, 7625924.477246421389282 ], [ 418712.688424857915379, 7625963.844972936436534 ], [ 418675.730074498045724, 7626005.699821855872869 ] ] ] } },
{ "type": "Feature", "properties": { "fid": 45.0, "COMPR_M": 721.66, "CLASSE": "04 - Longa", "CD_FAZ": "403206", "TALHOES": "1", "FAZ_tAL": "403206001", "ID_LINHA": 194063 }, "geometry": { "type": "MultiLineString", "coordinates": [ [ [ 418696.61951729527209, 7625360.871545114554465 ], [ 418711.3744251896278, 7625378.535142814740539 ], [ 418723.845164633181412, 7625395.052837362512946 ], [ 418735.58446828922024, 7625412.172454351559281 ], [ 418749.988737027160823, 7625435.772463095374405 ], [ 418759.781127273279708, 7625453.92500757984817 ], [ 418771.3935141407419, 7625478.534116450697184 ], [ 418779.038622800901067, 7625497.334506787359715 ], [ 418788.085326432366855, 7625523.464284041896462 ], [ 418794.057723289588466, 7625543.956245012581348 ], [ 418800.975243669061456, 7625572.533606446348131 ], [ 418805.398539096640889, 7625594.923688905313611 ], [ 418810.30644238385139, 7625626.051532216370106 ], [ 418814.114980754908174, 7625658.521932739764452 ], [ 418816.646692836657166, 7625690.66857323050499 ], [ 418817.690660810447298, 7625721.393195305019617 ], [ 418817.438424053136259, 7625743.258437918499112 ], [ 418816.768339260655921, 7625757.180668770335615 ], [ 418815.01818501210073, 7625776.96439350489527 ], [ 418812.406385750276968, 7625795.307004736736417 ], [ 418808.993092457647435, 7625812.109171522781253 ], [ 418804.857425167050678, 7625827.324980716221035 ], [ 418800.079179684224073, 7625840.988185673952103 ], [ 418794.25143825460691, 7625854.295763595029712 ], [ 418789.364823914540466, 7625863.889825861901045 ], [ 418780.431189518945757, 7625879.38460111990571 ], [ 418773.398547335527837, 7625890.400423766113818 ], [ 418761.274093408777844, 7625907.855827482417226 ], [ 418747.362420902121812, 7625926.320925278589129 ], [ 418714.969659851165488, 7625965.793315391987562 ], [ 418675.577306138759013, 7626010.319884626194835 ] ] ] } },
{ "type": "Feature", "properties": { "fid": 46.0, "COMPR_M": 732.74, "CLASSE": "04 - Longa", "CD_FAZ": "403206", "TALHOES": "1", "FAZ_tAL": "403206001", "ID_LINHA": 194064 }, "geometry": { "type": "MultiLineString", "coordinates": [ [ [ 418696.763464559335262, 7625356.503079503774643 ], [ 418713.726679510611575, 7625376.6730399671942 ], [ 418726.280120559153147, 7625393.300265067256987 ], [ 418738.096674316562712, 7625410.53253413643688 ], [ 418752.595870416727848, 7625434.288085320033133 ], [ 418762.453587319876533, 7625452.561743712052703 ], [ 418774.145327777019702, 7625477.339094994589686 ], [ 418781.843026881688274, 7625496.2687505222857 ], [ 418790.947401039244141, 7625522.564851640723646 ], [ 418796.954312542686239, 7625543.175113866105676 ], [ 418803.907633731025271, 7625571.900033058598638 ], [ 418808.351176803756971, 7625594.392455008812249 ], [ 418813.278806785354391, 7625625.644997034221888 ], [ 418817.100537948717829, 7625658.227577713318169 ], [ 418819.641817635740153, 7625690.496795041486621 ], [ 418820.6906111309072, 7625721.36698374338448 ], [ 418820.436861317430157, 7625743.357759894803166 ], [ 418819.762331038247794, 7625757.371937119401991 ], [ 418817.998735383560415, 7625777.306487406603992 ], [ 418815.363082905532792, 7625795.815741449594498 ], [ 418811.912605492863804, 7625812.800185879692435 ], [ 418807.723223776905797, 7625828.212934131734073 ], [ 418802.871523342793807, 7625842.085587235167623 ], [ 418796.955240415001754, 7625855.596016736701131 ], [ 418792.0085808490403, 7625865.308114453218877 ], [ 418782.987785851582885, 7625880.954484363086522 ], [ 418775.900793821841944, 7625892.055514822714031 ], [ 418763.702777547528967, 7625909.617039212957025 ], [ 418749.729080230521504, 7625928.164604131132364 ], [ 418717.250894850236364, 7625967.74165784008801 ], [ 418675.424581125436816, 7626014.938636504113674 ] ] ] } },
{ "type": "Feature", "properties": { "fid": 47.0, "COMPR_M": 743.78, "CLASSE": "04 - Longa", "CD_FAZ": "403206", "TALHOES": "1", "FAZ_tAL": "403206001", "ID_LINHA": 194065 }, "geometry": { "type": "MultiLineString", "coordinates": [ [ [ 418696.905981278570835, 7625352.178027518093586 ], [ 418711.713716704689432, 7625369.382595510222018 ], [ 418724.582220275595319, 7625385.896754508838058 ], [ 418736.730799107230268, 7625403.049036851152778 ], [ 418751.696530129760504, 7625426.752634169533849 ], [ 418761.91965258854907, 7625445.030370762571692 ], [ 418774.116820346098393, 7625469.876851904205978 ], [ 418782.151370187057182, 7625488.782132858410478 ], [ 418791.640085687220562, 7625514.929086431860924 ], [ 418797.914246361004189, 7625535.397243761457503 ], [ 418805.205119355989154, 7625563.914443938061595 ], [ 418811.303814512211829, 7625593.861221102997661 ], [ 418816.251171192387119, 7625625.238461842760444 ], [ 418820.086095145496074, 7625657.933222690597177 ], [ 418822.636942429002374, 7625690.325016843155026 ], [ 418823.690561439667363, 7625721.34077219106257 ], [ 418823.435298583062831, 7625743.45708186738193 ], [ 418822.756322824861854, 7625757.563205463811755 ], [ 418820.979285754263401, 7625777.648581309244037 ], [ 418818.319780068355612, 7625796.324478172697127 ], [ 418814.83211852813838, 7625813.491200241260231 ], [ 418810.589022380474489, 7625829.100887535139918 ], [ 418805.663867009221576, 7625843.182988798245788 ], [ 418799.659042579471134, 7625856.89626987837255 ], [ 418794.652337777195498, 7625866.726403048262 ], [ 418785.544382183230482, 7625882.524367614649236 ], [ 418778.403040303150192, 7625893.710605882108212 ], [ 418766.131461677025072, 7625911.378250943496823 ], [ 418752.095739563053939, 7625930.008282983675599 ], [ 418719.532129842380527, 7625969.690000290051103 ], [ 418695.99361091828905, 7625996.65381851606071 ], [ 418675.27255961287301, 7626019.536112942732871 ] ] ] } },
{ "type": "Feature", "properties": { "fid": 48.0, "COMPR_M": 754.81, "CLASSE": "04 - Longa", "CD_FAZ": "403206", "TALHOES": "1", "FAZ_tAL": "403206001", "ID_LINHA": 194066 }, "geometry": { "type": "MultiLineString", "coordinates": [ [ [ 418697.04760980559513, 7625347.879929999820888 ], [ 418714.037138932268135, 7625367.484638669528067 ], [ 418726.990228782815393, 7625384.107336472719908 ], [ 418739.217844355967827, 7625401.371203820221126 ], [ 418754.280777212581597, 7625425.228761812672019 ], [ 418764.570890742295887, 7625443.626282567158341 ], [ 418776.849614413629752, 7625468.638957747258246 ], [ 418784.939139754686039, 7625487.673586008138955 ], [ 418794.489031226548832, 7625513.988885974511504 ], [ 418800.800111552991439, 7625534.577368737198412 ], [ 418808.129563193535432, 7625563.245137091726065 ], [ 418814.25645221141167, 7625593.329987205564976 ], [ 418819.223535601689946, 7625624.83192665502429 ], [ 418823.071652345126495, 7625657.638867678120732 ], [ 418825.632067217025906, 7625690.153238659724593 ], [ 418826.690511755354237, 7625721.314560639671981 ], [ 418826.433735851198435, 7625743.556403850205243 ], [ 418825.750314604490995, 7625757.754473821260035 ], [ 418823.959836132766213, 7625777.990675214678049 ], [ 418821.276477239502128, 7625796.83321488648653 ], [ 418817.751631552469917, 7625814.182214612141252 ], [ 418813.454820977640338, 7625829.988840956240892 ], [ 418808.456210672273301, 7625844.280390353873372 ], [ 418802.362844747956842, 7625858.196523022837937 ], [ 418797.29609470826108, 7625868.144691647961736 ], [ 418788.100978510512505, 7625884.094250863417983 ], [ 418780.905286786903162, 7625895.365696930326521 ], [ 418768.560145807743538, 7625913.139462675899267 ], [ 418754.46239888726268, 7625931.851961841806769 ], [ 418738.779711732990108, 7625951.411640395410359 ], [ 418715.999334996566176, 7625978.407049562782049 ], [ 418675.120538100483827, 7626024.133589395321906 ] ] ] } },
{ "type": "Feature", "properties": { "fid": 49.0, "COMPR_M": 765.8, "CLASSE": "04 - Longa", "CD_FAZ": "403206", "TALHOES": "1", "FAZ_tAL": "403206001", "ID_LINHA": 194067 }, "geometry": { "type": "MultiLineString", "coordinates": [ [ [ 418697.188404273649212, 7625343.607144555076957 ], [ 418711.864225181052461, 7625360.167891450226307 ], [ 418729.398237300862093, 7625382.317918427288532 ], [ 418741.704889598768204, 7625399.693370787426829 ], [ 418756.865024294587784, 7625423.704889457672834 ], [ 418767.22212889965158, 7625442.222194363363087 ], [ 418779.582408472895622, 7625467.401063587516546 ], [ 418787.726909315038938, 7625486.565039141103625 ], [ 418797.337976759881712, 7625513.048685521818697 ], [ 418803.685976742184721, 7625533.75749371945858 ], [ 418811.054007026890758, 7625562.575830248184502 ], [ 418817.209089924464934, 7625592.798753298819065 ], [ 418822.195900006743614, 7625624.425391457974911 ], [ 418826.05720953718992, 7625657.344512652605772 ], [ 418828.627192014362663, 7625689.981460465118289 ], [ 418829.690462068712804, 7625721.288349089212716 ], [ 418829.432173114793841, 7625743.655725821852684 ], [ 418828.744306389184203, 7625757.945742165669799 ], [ 418826.940386500675231, 7625778.332769108936191 ], [ 418824.233174396504182, 7625797.341951599344611 ], [ 418820.67114458559081, 7625814.873228966258466 ], [ 418816.320619579171762, 7625830.876794362440705 ], [ 418811.248554344521835, 7625845.377791909500957 ], [ 418805.0666469107382, 7625859.496776167303324 ], [ 418799.939851634437218, 7625869.562980253249407 ], [ 418790.657574846060015, 7625885.664134109392762 ], [ 418783.407533276244067, 7625897.020787991583347 ], [ 418770.98882994230371, 7625914.900674421340227 ], [ 418756.829058217583224, 7625933.695640698075294 ], [ 418741.097421456302982, 7625953.316461230628192 ], [ 418718.269725607009605, 7625980.368017060682178 ], [ 418674.968824455456343, 7626028.721755146980286 ] ] ] } },
{ "type": "Feature", "properties": { "fid": 50.0, "COMPR_M": 776.75, "CLASSE": "04 - Longa", "CD_FAZ": "403206", "TALHOES": "1", "FAZ_tAL": "403206001", "ID_LINHA": 194068 }, "geometry": { "type": "MultiLineString", "coordinates": [ [ [ 418697.327809176058508, 7625339.376528914086521 ], [ 418714.158160286140628, 7625358.23439800273627 ], [ 418731.806245809420943, 7625380.528500387445092 ], [ 418744.191934848728124, 7625398.01553775370121 ], [ 418759.449271377176046, 7625422.181017104536295 ], [ 418769.873367061838508, 7625440.818106174468994 ], [ 418782.315202534548007, 7625466.163169422186911 ], [ 418790.514678873238154, 7625485.456492276862264 ], [ 418800.186922305903863, 7625512.108485070057213 ], [ 418806.571841921482701, 7625532.937618693336844 ], [ 418813.978450857975986, 7625561.906523394398391 ], [ 418820.161727627622895, 7625592.2675193939358 ], [ 418825.168264415930025, 7625624.018856277689338 ], [ 418829.042766742699314, 7625657.05015763361007 ], [ 418831.622316815832164, 7625689.80968227609992 ], [ 418832.690412390278652, 7625721.262137534096837 ], [ 418832.430610377632547, 7625743.755047799088061 ], [ 418831.738298172247596, 7625758.137010516598821 ], [ 418829.920936878887005, 7625778.674863014370203 ], [ 418827.18987156113144, 7625797.850688319653273 ], [ 418823.590657620923594, 7625815.564243329688907 ], [ 418819.186418184835929, 7625831.764747772365808 ], [ 418814.0408980040811, 7625846.475193478167057 ], [ 418807.770449076895602, 7625860.797029303386807 ], [ 418802.583608562301379, 7625870.981268847361207 ], [ 418793.214171177300159, 7625887.234017360955477 ], [ 418785.909779758774675, 7625898.675879043526947 ], [ 418773.41751407814445, 7625916.661886152811348 ], [ 418759.195717539580073, 7625935.53931955806911 ], [ 418743.415131167625077, 7625955.221282066777349 ], [ 418720.540116222400684, 7625982.328984571620822 ], [ 418696.664428638061509, 7626009.396466976031661 ], [ 418674.817502365796827, 7626033.298079727217555 ] ] ] } },
{ "type": "Feature", "properties": { "fid": 51.0, "COMPR_M": 787.71, "CLASSE": "04 - Longa", "CD_FAZ": "403206", "TALHOES": "1", "FAZ_tAL": "403206001", "ID_LINHA": 194069 }, "geometry": { "type": "MultiLineString", "coordinates": [ [ [ 418697.467139418004081, 7625335.14817919023335 ], [ 418711.824705662555061, 7625350.896008670330048 ], [ 418729.891095764003694, 7625373.013034044764936 ], [ 418746.678980101249181, 7625396.33770471252501 ], [ 418762.033518460346386, 7625420.657144755125046 ], [ 418772.524605216400232, 7625439.414017975330353 ], [ 418785.047996598994359, 7625464.925275264307857 ], [ 418793.302448435861152, 7625484.347945420071483 ], [ 418803.035867845348548, 7625511.168284615501761 ], [ 418809.457707109977491, 7625532.117743664421141 ], [ 418816.902894694649149, 7625561.237216554582119 ], [ 418823.114365334040485, 7625591.736285489052534 ], [ 418828.140628820867278, 7625623.612321088090539 ], [ 418832.028323931444902, 7625656.755802612751722 ], [ 418834.617441614042036, 7625689.637904089875519 ], [ 418835.690362699679099, 7625721.235925978049636 ], [ 418835.429047645768151, 7625743.854369774460793 ], [ 418834.226393184973858, 7625765.366212671622634 ], [ 418832.901487244525924, 7625779.01695691421628 ], [ 418830.146568724885583, 7625798.359425038099289 ], [ 418826.510170653113164, 7625816.255257687531412 ], [ 418822.052216794108972, 7625832.652701182290912 ], [ 418816.833241671556607, 7625847.572595039382577 ], [ 418810.474251248408109, 7625862.097282450646162 ], [ 418805.227365493774414, 7625872.399557434022427 ], [ 418795.770767507492565, 7625888.803900610655546 ], [ 418784.423243091558106, 7625906.258894090540707 ], [ 418771.267907775065396, 7625924.651678087189794 ], [ 418756.448546125204302, 7625943.879697614349425 ], [ 418740.149649619532283, 7625963.869004353880882 ], [ 418716.911468237871304, 7625991.082224406301975 ], [ 418674.66618026496144, 7626037.874404295347631 ] ] ] } },
{ "type": "Feature", "properties": { "fid": 52.0, "COMPR_M": 798.61, "CLASSE": "04 - Longa", "CD_FAZ": "403206", "TALHOES": "1", "FAZ_tAL": "403206001", "ID_LINHA": 194070 }, "geometry": { "type": "MultiLineString", "coordinates": [ [ [ 418697.604409025399946, 7625330.982365 ], [ 418714.088483826315496, 7625348.927291244268417 ], [ 418732.271541137772147, 7625371.18710845336318 ], [ 418745.07189753575949, 7625388.689340870827436 ], [ 418760.897948750003707, 7625412.933238871395588 ], [ 418771.758670314215124, 7625431.675256149843335 ], [ 418784.792462392128073, 7625457.224623678252101 ], [ 418793.4217529008165, 7625476.676611416041851 ], [ 418803.565573005529586, 7625503.367011908441782 ], [ 418810.272401824593544, 7625524.191059727221727 ], [ 418818.074948363180738, 7625553.122846499085426 ], [ 418824.621031688060611, 7625583.417232433333993 ], [ 418829.960439323331229, 7625615.079105352982879 ], [ 418834.147274952556472, 7625648.073448831215501 ], [ 418837.09961677074898, 7625681.318033154122531 ], [ 418838.570938913559075, 7625713.413596894592047 ], [ 418838.427484915824607, 7625743.953691748902202 ], [ 418837.216896297410131, 7625765.606014559045434 ], [ 418835.882037620525807, 7625779.35905082244426 ], [ 418833.103265885612927, 7625798.868161762133241 ], [ 418829.429683686117642, 7625816.946272054687142 ], [ 418824.918015398434363, 7625833.540654584765434 ], [ 418819.625585337053053, 7625848.669996602460742 ], [ 418813.178053414216265, 7625863.397535583004355 ], [ 418807.871122419601306, 7625873.817846039310098 ], [ 418798.327363835414872, 7625890.37378385476768 ], [ 418786.89980998437386, 7625907.952148840762675 ], [ 418773.674549076706171, 7625926.442878207191825 ], [ 418758.797369338339195, 7625945.746035765856504 ], [ 418742.454105962766334, 7625965.789831466972828 ], [ 418719.171319024404511, 7625993.055327678099275 ], [ 418674.51536917523481, 7626042.435274744406343 ] ] ] } },
{ "type": "Feature", "properties": { "fid": 53.0, "COMPR_M": 809.5, "CLASSE": "04 - Longa", "CD_FAZ": "403206", "TALHOES": "1", "FAZ_tAL": "403206001", "ID_LINHA": 194071 }, "geometry": { "type": "MultiLineString", "coordinates": [ [ [ 418697.741678630234674, 7625326.816550813615322 ], [ 418716.35226199682802, 7625346.958573807030916 ], [ 418734.651986497978214, 7625369.361182870343328 ], [ 418747.533195804338902, 7625386.973960611969233 ], [ 418763.458749205165077, 7625411.370286673307419 ], [ 418774.388133267406374, 7625430.230801610276103 ], [ 418787.505702602502424, 7625455.944441033527255 ], [ 418796.191962319659069, 7625475.524877371266484 ], [ 418806.40054375102045, 7625502.385469455271959 ], [ 418813.146773811138701, 7625523.331748089753091 ], [ 418820.990796903846785, 7625552.417022349312901 ], [ 418827.567488502187189, 7625582.852709042839706 ], [ 418832.928564379981253, 7625614.642678434029222 ], [ 418837.129987376916688, 7625647.75155892316252 ], [ 418840.092681734648068, 7625681.11353503074497 ], [ 418841.570297207683325, 7625713.348721316084266 ], [ 418841.42592217726633, 7625744.053013732656837 ], [ 418840.207399423525203, 7625765.845816434361041 ], [ 418838.03199725644663, 7625786.41159591358155 ], [ 418834.921534388558939, 7625805.624810913577676 ], [ 418830.919475033995695, 7625823.398505741730332 ], [ 418826.082069659198169, 7625839.69919259659946 ], [ 418820.423435829812661, 7625854.65766885317862 ], [ 418813.303061842860188, 7625869.905147481709719 ], [ 418807.515757277258672, 7625880.688366321846843 ], [ 418797.253527433378622, 7625897.73917926568538 ], [ 418789.37637687753886, 7625909.645403575152159 ], [ 418776.081190377648454, 7625928.234078333713114 ], [ 418761.146192556014284, 7625947.612373922020197 ], [ 418744.758562318165787, 7625967.710658594965935 ], [ 418721.431169819552451, 7625995.028430953621864 ], [ 418674.364700442180037, 7626046.991840191185474 ] ] ] } },
{ "type": "Feature", "properties": { "fid": 54.0, "COMPR_M": 820.37, "CLASSE": "04 - Longa", "CD_FAZ": "403206", "TALHOES": "1", "FAZ_tAL": "403206001", "ID_LINHA": 194072 }, "geometry": { "type": "MultiLineString", "coordinates": [ [ [ 418697.877821381727699, 7625322.684934184886515 ], [ 418713.826766771264374, 7625339.568173890933394 ], [ 418732.544714062707499, 7625361.776217178441584 ], [ 418749.994494072685484, 7625385.258580362424254 ], [ 418762.154863068833947, 7625403.58204229734838 ], [ 418777.017596226709429, 7625428.786347070708871 ], [ 418790.218942794017494, 7625454.664258389733732 ], [ 418798.962171733088326, 7625474.373143334873021 ], [ 418809.235514507221524, 7625501.403926996514201 ], [ 418816.021145804319531, 7625522.472436439245939 ], [ 418823.906645430717617, 7625551.711198205128312 ], [ 418830.51394531794358, 7625582.288185653276742 ], [ 418835.896689440880436, 7625614.206251506693661 ], [ 418840.112699816061649, 7625647.429669012315571 ], [ 418843.085746703785844, 7625680.909036912955344 ], [ 418844.569655495812185, 7625713.283845724537969 ], [ 418844.424359442607965, 7625744.152335713617504 ], [ 418843.197902542247903, 7625766.085618317127228 ], [ 418841.005890298751183, 7625786.80747520364821 ], [ 418837.867472119396552, 7625806.192597450688481 ], [ 418833.823082068236545, 7625824.153615068644285 ], [ 418828.925724849803373, 7625840.655727822333574 ], [ 418823.186989379057195, 7625855.825660509988666 ], [ 418815.976769460539799, 7625871.266170562244952 ], [ 418810.129899480962195, 7625882.160492776893079 ], [ 418799.782486222218722, 7625899.353182235732675 ], [ 418787.589189216378145, 7625917.47663836274296 ], [ 418773.662303698249161, 7625936.428712820634246 ], [ 418758.167671213392168, 7625956.120622891932726 ], [ 418741.323320863361005, 7625976.471997268497944 ], [ 418717.707678731356282, 7626003.818192351609468 ], [ 418674.214083591126837, 7626051.546836582943797 ] ] ] } },
{ "type": "Feature", "properties": { "fid": 55.0, "COMPR_M": 831.21, "CLASSE": "04 - Longa", "CD_FAZ": "403206", "TALHOES": "1", "FAZ_tAL": "403206001", "ID_LINHA": 194073 }, "geometry": { "type": "MultiLineString", "coordinates": [ [ [ 418698.013119387440383, 7625318.578953347168863 ], [ 418716.059702805650886, 7625337.564541714265943 ], [ 418734.896968374145217, 7625359.914114331826568 ], [ 418752.455792340217158, 7625383.543200098909438 ], [ 418764.691651821078267, 7625401.98041170462966 ], [ 418779.647059192706365, 7625427.341892527416348 ], [ 418792.932182997697964, 7625453.38407573942095 ], [ 418801.732381161593366, 7625473.221409301273525 ], [ 418812.070485244563315, 7625500.422384537756443 ], [ 418818.895517794764601, 7625521.613124799914658 ], [ 418826.822493972140364, 7625551.005374066531658 ], [ 418833.460402134165633, 7625581.723662256263196 ], [ 418838.864814494736493, 7625613.769824586808681 ], [ 418843.095412236987613, 7625647.107779108919203 ], [ 418846.078811668325216, 7625680.704538798891008 ], [ 418847.569013787084259, 7625713.218970147892833 ], [ 418847.422796710045077, 7625744.25165767967701 ], [ 418846.188405674067326, 7625766.325420191511512 ], [ 418843.979783351882361, 7625787.203354505822062 ], [ 418840.81340984738199, 7625806.760383989661932 ], [ 418836.726689103001263, 7625824.908724395558238 ], [ 418831.769380047800951, 7625841.612263042479753 ], [ 418825.950542925507762, 7625856.993652156554163 ], [ 418818.65047706477344, 7625872.627193638123572 ], [ 418812.744041691476014, 7625883.632619234733284 ], [ 418802.311445018451195, 7625900.967185210436583 ], [ 418790.041206030757166, 7625919.20523470826447 ], [ 418776.04825192107819, 7625938.247372492216527 ], [ 418760.500153703032993, 7625958.007333974353969 ], [ 418743.61577465350274, 7625978.407128907740116 ], [ 418719.957336759776808, 7626005.802907954901457 ], [ 418674.064023456536233, 7626056.08499632589519 ] ] ] } },
{ "type": "Feature", "properties": { "fid": 56.0, "COMPR_M": 842.05, "CLASSE": "04 - Longa", "CD_FAZ": "403206", "TALHOES": "1", "FAZ_tAL": "403206001", "ID_LINHA": 194074 }, "geometry": { "type": "MultiLineString", "coordinates": [ [ [ 418698.148417401243933, 7625314.472972502931952 ], [ 418718.292638834216632, 7625335.560909525491297 ], [ 418737.249222700949758, 7625358.052011482417583 ], [ 418750.629679808451328, 7625375.774542166851461 ], [ 418767.228440570295788, 7625400.378781106323004 ], [ 418782.276522145024501, 7625425.897437984123826 ], [ 418795.645423193578608, 7625452.103893103078008 ], [ 418804.502590572810732, 7625472.069675259292126 ], [ 418814.905455993197393, 7625499.44084208458662 ], [ 418821.769889783870894, 7625520.753813160583377 ], [ 418829.738342497905251, 7625550.299549920484424 ], [ 418836.406858949980233, 7625581.159138862043619 ], [ 418841.832939554820769, 7625613.333397658541799 ], [ 418846.078124673338607, 7625646.785889195278287 ], [ 418849.071876635658555, 7625680.500040676444769 ], [ 418850.568372072302736, 7625713.154094558209181 ], [ 418850.421233981323894, 7625744.350979657843709 ], [ 418849.17890878720209, 7625766.565222072415054 ], [ 418846.953676402219571, 7625787.59923380240798 ], [ 418843.759347574377898, 7625807.32817052770406 ], [ 418839.630296137649566, 7625825.663833724334836 ], [ 418834.61303524003597, 7625842.568798273801804 ], [ 418828.714096480398439, 7625858.161643812432885 ], [ 418821.32418468123069, 7625873.988216709345579 ], [ 418815.358183896751143, 7625885.104745695367455 ], [ 418804.840403810958378, 7625902.581188188865781 ], [ 418792.493222831806634, 7625920.933831056579947 ], [ 418778.434200144547503, 7625940.066032154485583 ], [ 418762.832636210892815, 7625959.894045062363148 ], [ 418745.908228448126465, 7625980.342260556295514 ], [ 418722.20699478656752, 7626007.787623561918736 ], [ 418673.913963333005086, 7626060.623156061396003 ] ] ] } },
{ "type": "Feature", "properties": { "fid": 57.0, "COMPR_M": 852.85, "CLASSE": "05 - Muito longa", "CD_FAZ": "403206", "TALHOES": "1", "FAZ_tAL": "403206001", "ID_LINHA": 194075 }, "geometry": { "type": "MultiLineString", "coordinates": [ [ [ 418698.282021749473643, 7625310.418390305712819 ], [ 418715.572983965335879, 7625328.123572275042534 ], [ 418734.947938961500768, 7625350.40302712470293 ], [ 418753.064635737333447, 7625374.021969873458147 ], [ 418765.730940627167001, 7625392.493411673232913 ], [ 418781.274337678740267, 7625417.959929831326008 ], [ 418795.160083011258394, 7625444.178456293419003 ], [ 418804.41527776455041, 7625464.193858906626701 ], [ 418815.261481256573461, 7625491.465839549899101 ], [ 418824.644261768436991, 7625519.894501507282257 ], [ 418832.654191038862336, 7625549.593725770711899 ], [ 418839.353315768181346, 7625580.594615473411977 ], [ 418844.801064616476651, 7625612.896970722824335 ], [ 418849.060837101424113, 7625646.463999288156629 ], [ 418852.064941598218866, 7625680.295542560517788 ], [ 418853.567730362643488, 7625713.089218981564045 ], [ 418853.419671244686469, 7625744.450301632285118 ], [ 418852.169411915412638, 7625766.805023953318596 ], [ 418849.927569449646398, 7625787.995113098993897 ], [ 418846.70528529852163, 7625807.89595706295222 ], [ 418842.533903165603988, 7625826.418943041004241 ], [ 418837.456690437742509, 7625843.525333491154015 ], [ 418831.47765002324013, 7625859.329635467380285 ], [ 418823.997892296640202, 7625875.349239795468748 ], [ 418817.972326098941267, 7625886.576872155070305 ], [ 418807.36936259776121, 7625904.195191161707044 ], [ 418794.945239639258943, 7625922.662427398376167 ], [ 418780.820148356258869, 7625941.884691817685962 ], [ 418765.165118709206581, 7625961.780756145715714 ], [ 418748.200682237220462, 7625982.277392197400331 ], [ 418724.456652810447849, 7626009.77233917824924 ], [ 418699.900033709942363, 7626037.075172368437052 ], [ 418673.764101565582678, 7626065.15531690325588 ] ] ] } },
{ "type": "Feature", "properties": { "fid": 58.0, "COMPR_M": 863.64, "CLASSE": "05 - Muito longa", "CD_FAZ": "403206", "TALHOES": "1", "FAZ_tAL": "403206001", "ID_LINHA": 194076 }, "geometry": { "type": "MultiLineString", "coordinates": [ [ [ 418698.415538010594901, 7625306.366481452248991 ], [ 418717.774376431305427, 7625326.08533226698637 ], [ 418737.271361185237765, 7625348.505070285871625 ], [ 418755.49959166161716, 7625372.269397584721446 ], [ 418768.243146659515332, 7625390.853491453453898 ], [ 418783.881471061846241, 7625416.475552049465477 ], [ 418797.853210984845646, 7625442.856489220634103 ], [ 418807.167091397393961, 7625462.998837446793914 ], [ 418818.081612261768896, 7625490.442432045936584 ], [ 418827.518633760861121, 7625519.035189865157008 ], [ 418835.570039575337432, 7625548.887901622802019 ], [ 418842.299772576196119, 7625580.030092073604465 ], [ 418847.769189673708752, 7625612.460543805733323 ], [ 418852.04354952450376, 7625646.142109382897615 ], [ 418855.058006564097013, 7625680.09104444552213 ], [ 418856.567088657466229, 7625713.024343401193619 ], [ 418856.418108510551974, 7625744.549623616039753 ], [ 418855.159915036172606, 7625767.044825833290815 ], [ 418852.901462496141903, 7625788.390992399305105 ], [ 418849.651223029592074, 7625808.463743612170219 ], [ 418845.437510203337297, 7625827.174052372574806 ], [ 418840.300345631549135, 7625844.481868715025485 ], [ 418834.241203574521933, 7625860.497627114877105 ], [ 418826.671599911234807, 7625876.710262865759432 ], [ 418820.586468307825271, 7625888.048998618498445 ], [ 418809.898321391432546, 7625905.809194128029048 ], [ 418797.397256453055888, 7625924.391023746691644 ], [ 418783.206096581881866, 7625943.70335148461163 ], [ 418767.497601205366664, 7625963.667467223480344 ], [ 418750.493136027478613, 7625984.212523832917213 ], [ 418726.706310844048858, 7626011.757054779678583 ], [ 418702.112598440842703, 7626039.101152868010104 ], [ 418673.614606499555521, 7626069.676387906074524 ] ] ] } },
{ "type": "Feature", "properties": { "fid": 59.0, "COMPR_M": 874.43, "CLASSE": "05 - Muito longa", "CD_FAZ": "403206", "TALHOES": "1", "FAZ_tAL": "403206001", "ID_LINHA": 194077 }, "geometry": { "type": "MultiLineString", "coordinates": [ [ [ 418698.548802909848746, 7625302.322200708091259 ], [ 418714.891146011359524, 7625318.640947469510138 ], [ 418734.803576213424094, 7625340.832956964150071 ], [ 418753.478322382376064, 7625364.423738026991487 ], [ 418770.75535268324893, 7625389.213571226224303 ], [ 418786.488604453334119, 7625414.991174284368753 ], [ 418800.546338961052243, 7625441.53452215809375 ], [ 418809.918905033147894, 7625461.803815988823771 ], [ 418820.901743264636025, 7625489.419024551287293 ], [ 418830.393005749327131, 7625518.175878221169114 ], [ 418838.485888105875347, 7625548.182077481411397 ], [ 418845.246229395037517, 7625579.465568692423403 ], [ 418850.737314735190012, 7625612.02411687374115 ], [ 418855.026261959690601, 7625645.820219462737441 ], [ 418858.051071538648102, 7625679.886546324938536 ], [ 418859.566446945013013, 7625712.959467811509967 ], [ 418859.416545779793523, 7625744.648945584893227 ], [ 418858.150418158737011, 7625767.284627713263035 ], [ 418855.875355550320819, 7625788.786871701478958 ], [ 418852.597160761186387, 7625809.031530145555735 ], [ 418848.341117231699172, 7625827.929161693900824 ], [ 418843.14400081965141, 7625845.438403937965631 ], [ 418837.004757123650052, 7625861.665618770755827 ], [ 418829.345307525480166, 7625878.071285942569375 ], [ 418823.200610511528794, 7625889.521125082857907 ], [ 418812.427280182717368, 7625907.423197096213698 ], [ 418799.849273253523279, 7625926.119620100595057 ], [ 418785.592044795048423, 7625945.522011143155396 ], [ 418769.8300837011775, 7625965.55417830683291 ], [ 418746.906949785770848, 7625993.070109751075506 ], [ 418722.87148797622649, 7626020.603501249104738 ], [ 418673.465111435507424, 7626074.197458900511265 ] ] ] } },
{ "type": "Feature", "properties": { "fid": 60.0, "COMPR_M": 885.18, "CLASSE": "05 - Muito longa", "CD_FAZ": "403206", "TALHOES": "1", "FAZ_tAL": "403206001", "ID_LINHA": 194078 }, "geometry": { "type": "MultiLineString", "coordinates": [ [ [ 418698.680719098367263, 7625298.318850445561111 ], [ 418717.060265876294579, 7625316.568394121713936 ], [ 418737.097511321946513, 7625338.899463511072099 ], [ 418755.886330887500662, 7625362.634319996461272 ], [ 418773.267558717459906, 7625387.573651000857353 ], [ 418789.095737830735743, 7625413.506796505302191 ], [ 418803.2394669392379, 7625440.21255508158356 ], [ 418812.670718663837761, 7625460.608794520609081 ], [ 418823.721874266630039, 7625488.395617043599486 ], [ 418833.267377735115588, 7625517.316566579043865 ], [ 418841.401736642525066, 7625547.47625333443284 ], [ 418848.192686216323636, 7625578.901045290753245 ], [ 418853.705439788929652, 7625611.587689952924848 ], [ 418858.008974390511867, 7625645.498329563066363 ], [ 418861.044136503885966, 7625679.682048208080232 ], [ 418862.565805239602923, 7625712.894592231139541 ], [ 418862.41498304111883, 7625744.748267564922571 ], [ 418861.140921283862554, 7625767.524429589509964 ], [ 418858.849248592450749, 7625789.18275099620223 ], [ 418855.543098488473333, 7625809.599316680803895 ], [ 418851.244724271818995, 7625828.684271013364196 ], [ 418845.98765601310879, 7625846.394939167425036 ], [ 418839.768310681160074, 7625862.833610427565873 ], [ 418832.019015140074771, 7625879.432309021241963 ], [ 418825.81475271214731, 7625890.993251549080014 ], [ 418814.956238968239632, 7625909.037200073711574 ], [ 418802.301290061674081, 7625927.848216447047889 ], [ 418787.977993019449059, 7625947.340670811012387 ], [ 418772.162566203973256, 7625967.440889393910766 ], [ 418749.188184776401613, 7625995.018452201038599 ], [ 418725.111311068874784, 7626022.599308148026466 ], [ 418700.25254788575694, 7626049.988269492983818 ], [ 418673.315920076391194, 7626078.709345252253115 ] ] ] } },
{ "type": "Feature", "properties": { "fid": 61.0, "COMPR_M": 895.93, "CLASSE": "05 - Muito longa", "CD_FAZ": "403206", "TALHOES": "1", "FAZ_tAL": "403206001", "ID_LINHA": 194079 }, "geometry": { "type": "MultiLineString", "coordinates": [ [ [ 418698.812635274371132, 7625294.315500188618898 ], [ 418719.229385723592713, 7625314.495840760879219 ], [ 418739.391446427209303, 7625336.965970064513385 ], [ 418758.294339402287733, 7625360.844901953823864 ], [ 418775.779764741542749, 7625385.933730778284371 ], [ 418791.702871229033917, 7625412.022418741136789 ], [ 418805.932594919460826, 7625438.890588015317917 ], [ 418815.422532296623103, 7625459.413773062638938 ], [ 418826.542005268973298, 7625487.372209545224905 ], [ 418836.141749727423303, 7625516.457254935055971 ], [ 418844.317585171957035, 7625546.770429193973541 ], [ 418851.139143026084639, 7625578.336521904915571 ], [ 418856.673564848839305, 7625611.151263028383255 ], [ 418860.991686811728869, 7625645.176439652219415 ], [ 418864.037201464641839, 7625679.477550085633993 ], [ 418865.565163524937816, 7625712.829716639593244 ], [ 418865.413420305005275, 7625744.847589541226625 ], [ 418864.131424402236007, 7625767.764231465756893 ], [ 418861.823141641565599, 7625789.578630294650793 ], [ 418858.489036213606596, 7625810.167103224433959 ], [ 418854.148331301228609, 7625829.439380346797407 ], [ 418848.831311213318259, 7625847.351474383845925 ], [ 418842.53186422737781, 7625864.001602082513273 ], [ 418834.692722753039561, 7625880.793332097120583 ], [ 418828.428894918179139, 7625892.465378003194928 ], [ 418817.485197761212476, 7625910.65120305493474 ], [ 418804.753306875587441, 7625929.576812799088657 ], [ 418790.363941234070808, 7625949.159330469556153 ], [ 418774.49504870781675, 7625969.327600479125977 ], [ 418751.469419772038236, 7625996.966794662177563 ], [ 418727.35113415226806, 7626024.595115045085549 ], [ 418702.456805859284941, 7626052.023283615708351 ], [ 418673.16694763005944, 7626083.214610834605992 ] ] ] } },
{ "type": "Feature", "properties": { "fid": 62.0, "COMPR_M": 906.67, "CLASSE": "05 - Muito longa", "CD_FAZ": "403206", "TALHOES": "1", "FAZ_tAL": "403206001", "ID_LINHA": 194080 }, "geometry": { "type": "MultiLineString", "coordinates": [ [ [ 418698.944283343676943, 7625290.320286609232426 ], [ 418716.115754504979122, 7625306.980870606377721 ], [ 418736.726265489356592, 7625329.240116912871599 ], [ 418756.075994780403562, 7625352.92785263247788 ], [ 418774.036477830843069, 7625377.881541345268488 ], [ 418790.460236362065189, 7625403.894548861309886 ], [ 418805.212948058615439, 7625430.749521852470934 ], [ 418818.174345932435244, 7625458.218751594424248 ], [ 418826.713492150534876, 7625479.21665027551353 ], [ 418836.740594754402991, 7625508.173933042213321 ], [ 418845.309779795410577, 7625538.332065667025745 ], [ 418852.496792152116541, 7625569.728627026081085 ], [ 418858.370285163342487, 7625602.364626516588032 ], [ 418863.002303633838892, 7625636.21573899500072 ], [ 418867.030266430578195, 7625679.273051964119077 ], [ 418868.564521815336775, 7625712.764841061085463 ], [ 418868.411857571569271, 7625744.946911516599357 ], [ 418867.12192752311239, 7625768.004033342003822 ], [ 418864.797034689749125, 7625789.974509593099356 ], [ 418861.434973946947139, 7625810.734889757819474 ], [ 418857.051938333199359, 7625830.194489669986069 ], [ 418851.674966409744229, 7625848.308009606786072 ], [ 418845.295417780638672, 7625865.169593740254641 ], [ 418837.366430365073029, 7625882.154355179518461 ], [ 418831.043037130846642, 7625893.937504471279681 ], [ 418820.014156559016556, 7625912.265206027776003 ], [ 418807.205323675472755, 7625931.305409142747521 ], [ 418792.749889458529651, 7625950.977990133687854 ], [ 418776.827531198272482, 7625971.214311556890607 ], [ 418753.750654772738926, 7625998.915137112140656 ], [ 418729.59095724351937, 7626026.590921939350665 ], [ 418704.661063834151719, 7626054.058297736570239 ], [ 418673.017975196475163, 7626087.719876418821514 ] ] ] } },
{ "type": "Feature", "properties": { "fid": 63.0, "COMPR_M": 917.38, "CLASSE": "05 - Muito longa", "CD_FAZ": "403206", "TALHOES": "1", "FAZ_tAL": "403206001", "ID_LINHA": 194081 }, "geometry": { "type": "MultiLineString", "coordinates": [ [ [ 418699.074768981721718, 7625286.36035006865859 ], [ 418718.252505629381631, 7625304.874970206990838 ], [ 418738.990043654630426, 7625327.271399479359388 ], [ 418758.456440137466416, 7625351.101927043870091 ], [ 418776.523523072595708, 7625376.203708305954933 ], [ 418793.044483449019026, 7625402.370676507242024 ], [ 418807.885408096015453, 7625429.386257988400757 ], [ 418820.92615957162343, 7625457.023730141110718 ], [ 418829.517896237317473, 7625478.150894006714225 ], [ 418839.602669355692342, 7625507.274500632658601 ], [ 418848.216353549156338, 7625537.58895955234766 ], [ 418855.436509777850006, 7625569.129986336454749 ], [ 418861.333728063211311, 7625601.897448578849435 ], [ 418865.981925372674596, 7625635.866382805630565 ], [ 418870.023331401171163, 7625679.068553850054741 ], [ 418871.56388010957744, 7625712.699965480715036 ], [ 418871.410294841276482, 7625745.046233499422669 ], [ 418870.112430648412555, 7625768.243835227563977 ], [ 418867.770927737117745, 7625790.370388887822628 ], [ 418864.380911668238696, 7625811.302676301449537 ], [ 418859.955545366392471, 7625830.949598994106054 ], [ 418854.518621599709149, 7625849.264544829726219 ], [ 418848.058971321268473, 7625866.337585382163525 ], [ 418840.040137978736311, 7625883.515378253534436 ], [ 418833.65717933914857, 7625895.409630929119885 ], [ 418822.543115342617966, 7625913.87920899502933 ], [ 418809.657340482459404, 7625933.034005483612418 ], [ 418795.1358376739081, 7625952.79664979595691 ], [ 418773.545357480528764, 7625979.983952946960926 ], [ 418750.055194248387124, 7626007.821562116965652 ], [ 418725.659059168538079, 7626035.479402667842805 ], [ 418700.51094294450013, 7626062.948714308440685 ], [ 418672.8693767208606, 7626092.213832263834774 ] ] ] } },
{ "type": "Feature", "properties": { "fid": 64.0, "COMPR_M": 928.08, "CLASSE": "05 - Muito longa", "CD_FAZ": "403206", "TALHOES": "1", "FAZ_tAL": "403206001", "ID_LINHA": 194082 }, "geometry": { "type": "MultiLineString", "coordinates": [ [ [ 418699.205254626867827, 7625282.400413518771529 ], [ 418720.38925674627535, 7625302.769069813191891 ], [ 418741.253821825259365, 7625325.3026820467785 ], [ 418760.836885504017118, 7625349.276001462712884 ], [ 418779.010568318073638, 7625374.525875275954604 ], [ 418795.628730525961146, 7625400.846804154105484 ], [ 418810.557868147618137, 7625428.022994119673967 ], [ 418823.67797320446698, 7625455.828708671964705 ], [ 418832.322300319559872, 7625477.085137739777565 ], [ 418842.464743961638305, 7625506.375068213790655 ], [ 418851.122927296091802, 7625536.845853417180479 ], [ 418858.376227402826771, 7625568.531345648691058 ], [ 418864.29717096441891, 7625601.430270639248192 ], [ 418868.961547115701251, 7625635.517026605084538 ], [ 418873.016396365244873, 7625678.864055726677179 ], [ 418874.563238399801776, 7625712.635089889168739 ], [ 418874.408732103183866, 7625745.145555471070111 ], [ 418873.102933764399495, 7625768.483637100085616 ], [ 418870.744820791413076, 7625790.766268191859126 ], [ 418867.326849397853948, 7625811.870462832972407 ], [ 418862.859152398770675, 7625831.704708316363394 ], [ 418857.362276796426158, 7625850.221080059185624 ], [ 418850.822524871618953, 7625867.50557703897357 ], [ 418842.713845590886194, 7625884.876401331275702 ], [ 418836.271321543608792, 7625896.881757389754057 ], [ 418825.072074132389389, 7625915.493211967870593 ], [ 418812.109357297769748, 7625934.762601840309799 ], [ 418797.521785889286548, 7625954.615309461951256 ], [ 418775.863067195634358, 7625981.888773776590824 ], [ 418752.325584874604829, 7626009.782529623247683 ], [ 418727.88941536063794, 7626037.485782328993082 ], [ 418702.707298028632067, 7626064.992254437878728 ], [ 418672.720885504037142, 7626096.704544823616743 ] ] ] } },
{ "type": "Feature", "properties": { "fid": 65.0, "COMPR_M": 938.79, "CLASSE": "05 - Muito longa", "CD_FAZ": "403206", "TALHOES": "1", "FAZ_tAL": "403206001", "ID_LINHA": 194083 }, "geometry": { "type": "MultiLineString", "coordinates": [ [ [ 418699.335686260892544, 7625278.442115727812052 ], [ 418722.526007869513705, 7625300.663169418461621 ], [ 418738.389063091948628, 7625317.528219893574715 ], [ 418758.419511569431052, 7625341.293085837736726 ], [ 418777.068775031482801, 7625366.389397532679141 ], [ 418794.188354723039083, 7625392.614860347472131 ], [ 418809.641939446970355, 7625419.75678326189518 ], [ 418823.307113509159535, 7625447.594757027924061 ], [ 418835.126704399124719, 7625476.019381478428841 ], [ 418845.326818573405035, 7625505.475635800510645 ], [ 418854.029501045355573, 7625536.102747295051813 ], [ 418861.315945026930422, 7625567.932704958133399 ], [ 418867.260613869410008, 7625600.963092706166208 ], [ 418871.941168863035273, 7625635.167670417577028 ], [ 418876.009461335255764, 7625678.659557608887553 ], [ 418877.562596692470834, 7625712.570214310660958 ], [ 418877.407169367652386, 7625745.244877452030778 ], [ 418876.093436894007027, 7625768.723438981920481 ], [ 418873.718713835638482, 7625791.162147488445044 ], [ 418870.272787123918533, 7625812.438249377533793 ], [ 418865.762759433593601, 7625832.459817642346025 ], [ 418860.205931988079101, 7625851.17761527467519 ], [ 418853.586078419757541, 7625868.673568695783615 ], [ 418845.387553200707771, 7625886.237424407154322 ], [ 418838.885463744867593, 7625898.353883851319551 ], [ 418827.601032929553185, 7625917.107214943505824 ], [ 418814.561374108248856, 7625936.491198191419244 ], [ 418799.90773411327973, 7625956.43396913073957 ], [ 418778.180776909168344, 7625983.793594615533948 ], [ 418754.595975486037787, 7626011.743497122079134 ], [ 418730.119771563913673, 7626039.492161998525262 ], [ 418704.903653128538281, 7626067.035794562660158 ], [ 418672.572394275688566, 7626101.195257385261357 ] ] ] } },
{ "type": "Feature", "properties": { "fid": 66.0, "COMPR_M": 949.46, "CLASSE": "05 - Muito longa", "CD_FAZ": "403206", "TALHOES": "1", "FAZ_tAL": "403206001", "ID_LINHA": 194084 }, "geometry": { "type": "MultiLineString", "coordinates": [ [ [ 418699.464895751560107, 7625274.520907356403768 ], [ 418719.104418598872144, 7625293.002740731462836 ], [ 418740.621999122318812, 7625315.524587715044618 ], [ 418760.771765890181996, 7625339.430982993915677 ], [ 418779.530073306523263, 7625364.674017280340195 ], [ 418796.749155179830268, 7625391.05190814845264 ], [ 418812.293177604384255, 7625418.352695066481829 ], [ 418826.039907568600029, 7625446.356862870976329 ], [ 418837.931108476826921, 7625474.953625218942761 ], [ 418848.188893178012222, 7625504.57620339281857 ], [ 418856.936074798868503, 7625535.359641171060503 ], [ 418864.255662652372848, 7625567.334064261987805 ], [ 418870.224056769220624, 7625600.495914766564965 ], [ 418874.920790602685884, 7625634.818314217031002 ], [ 418879.002526298630983, 7625678.455059493891895 ], [ 418880.561954979144502, 7625712.505338728427887 ], [ 418880.405606636079028, 7625745.344199428334832 ], [ 418879.08394001761917, 7625768.9632408618927 ], [ 418876.692606885568239, 7625791.558026786893606 ], [ 418873.218724860227667, 7625813.006035918369889 ], [ 418868.666366469755303, 7625833.214926968328655 ], [ 418863.049587183748372, 7625852.134150499477983 ], [ 418856.349631976394448, 7625869.841560350731015 ], [ 418848.061260823393241, 7625887.598447488620877 ], [ 418837.910725190071389, 7625906.052878465503454 ], [ 418825.945723513606936, 7625925.157335933297873 ], [ 418812.27646019362146, 7625944.841273895464838 ], [ 418797.062266782100778, 7625965.038181238807738 ], [ 418774.716494851978496, 7625992.681411170400679 ], [ 418750.809230142855085, 7626020.678773447871208 ], [ 418726.104108657338656, 7626048.409608352929354 ], [ 418672.4243177617318, 7626105.673428164795041 ] ] ] } },
{ "type": "Feature", "properties": { "fid": 67.0, "COMPR_M": 960.13, "CLASSE": "05 - Muito longa", "CD_FAZ": "403206", "TALHOES": "1", "FAZ_tAL": "403206001", "ID_LINHA": 194085 }, "geometry": { "type": "MultiLineString", "coordinates": [ [ [ 418699.594105241179932, 7625270.599698992446065 ], [ 418721.2097586710006, 7625290.865450829267502 ], [ 418742.854935157927684, 7625313.52095553278923 ], [ 418763.124020203831606, 7625337.568880147300661 ], [ 418781.991371570911724, 7625362.958637023344636 ], [ 418799.309955641103443, 7625389.488955957815051 ], [ 418814.944415766745806, 7625416.948606871068478 ], [ 418828.772701630950905, 7625445.118968708440661 ], [ 418840.735512551909778, 7625473.887868952006102 ], [ 418851.050967789255083, 7625503.676770986989141 ], [ 418859.842648555291817, 7625534.616535052657127 ], [ 418867.195380276301876, 7625566.735423573292792 ], [ 418873.187499672174454, 7625600.028736838139594 ], [ 418877.900412348564714, 7625634.468958029523492 ], [ 418881.995591266662814, 7625678.250561370514333 ], [ 418883.561313270300161, 7625712.440463148988783 ], [ 418883.404043906484731, 7625745.443521404638886 ], [ 418882.074443131801672, 7625769.203042743727565 ], [ 418879.666499934624881, 7625791.953906081616879 ], [ 418876.164662583149038, 7625813.573822448030114 ], [ 418871.569973495905288, 7625833.970036284998059 ], [ 418865.89324237825349, 7625853.090685732662678 ], [ 418859.113185521622654, 7625871.009552005678415 ], [ 418850.734968433855101, 7625888.959470575675368 ], [ 418840.495762069826014, 7625907.575503966771066 ], [ 418828.447970001259819, 7625926.81242698803544 ], [ 418814.705144329520408, 7625946.602485629729927 ], [ 418799.428926103748381, 7625966.88186009041965 ], [ 418777.020951202721335, 7625994.602238286286592 ], [ 418753.069080942892469, 7626022.651876717805862 ], [ 418728.325375685293693, 7626050.426044953987002 ], [ 418702.86870473891031, 7626078.005152091383934 ], [ 418672.276267276960425, 7626110.150811722502112 ] ] ] } },
{ "type": "Feature", "properties": { "fid": 68.0, "COMPR_M": 970.8, "CLASSE": "05 - Muito longa", "CD_FAZ": "403206", "TALHOES": "1", "FAZ_tAL": "403206001", "ID_LINHA": 194086 }, "geometry": { "type": "MultiLineString", "coordinates": [ [ [ 418699.723314727772959, 7625266.678490623831749 ], [ 418723.315098735096399, 7625288.728160914033651 ], [ 418745.087871175899636, 7625311.517323347739875 ], [ 418760.50558344181627, 7625329.525501890107989 ], [ 418779.849150906666182, 7625354.7436746917665 ], [ 418797.669905567483511, 7625381.159213920123875 ], [ 418813.830077641294338, 7625408.563983494415879 ], [ 418828.204305606428534, 7625436.74170134589076 ], [ 418840.694531008019112, 7625465.50264878384769 ], [ 418851.46794199210126, 7625495.184876937419176 ], [ 418860.67927624512231, 7625525.990228556096554 ], [ 418868.420215056510642, 7625557.961418321356177 ], [ 418874.770973357663024, 7625591.097710352391005 ], [ 418879.81358299247222, 7625625.376452048309147 ], [ 418884.345876757986844, 7625669.32432515732944 ], [ 418886.560671565355733, 7625712.375587554648519 ], [ 418886.402481168275699, 7625745.54284337721765 ], [ 418885.064946261001751, 7625769.442844623699784 ], [ 418882.640392980771139, 7625792.349785383790731 ], [ 418879.110600313055329, 7625814.14160898886621 ], [ 418874.473580532416236, 7625834.725145613774657 ], [ 418868.736897576251067, 7625854.047220950946212 ], [ 418861.876739075349178, 7625872.177543649449944 ], [ 418853.408676044200547, 7625890.320493644103408 ], [ 418843.080798948183656, 7625909.098129466176033 ], [ 418830.950216491241008, 7625928.467518044635653 ], [ 418817.133828457503114, 7625948.363697364926338 ], [ 418801.795585430169012, 7625968.72553894855082 ], [ 418779.325407556374557, 7625996.523065404966474 ], [ 418755.328931738331448, 7626024.624979989603162 ], [ 418730.546642714645714, 7626052.442481560632586 ], [ 418705.057568630902097, 7626080.056713254190981 ], [ 418672.128246630774811, 7626114.627292802557349 ] ] ] } },
{ "type": "Feature", "properties": { "fid": 69.0, "COMPR_M": 981.45, "CLASSE": "06 - Acima do limite", "CD_FAZ": "403206", "TALHOES": "1", "FAZ_tAL": "403206001", "ID_LINHA": 194087 }, "geometry": { "type": "MultiLineString", "coordinates": [ [ [ 418699.851702206535265, 7625262.782228402793407 ], [ 418719.608124181337189, 7625280.947178270667791 ], [ 418741.989693572511896, 7625303.664692170917988 ], [ 418762.829005673411302, 7625327.627545056864619 ], [ 418782.284106833976693, 7625352.991102393716574 ], [ 418800.206694323860575, 7625379.557583321817219 ], [ 418816.459540597279556, 7625407.119528952986002 ], [ 418830.917545799922664, 7625435.461518697440624 ], [ 418843.482300563075114, 7625464.394101915881038 ], [ 418854.316887522290926, 7625494.244676481932402 ], [ 418863.575865513528697, 7625525.209097406826913 ], [ 418871.352605116320774, 7625557.327844927087426 ], [ 418877.729263355548028, 7625590.598927795886993 ], [ 418882.789768971095327, 7625624.998928247950971 ], [ 418887.336633606348187, 7625669.088508727960289 ], [ 418889.560029854299501, 7625712.310711974278092 ], [ 418889.40091843472328, 7625745.642165358178318 ], [ 418888.05544938222738, 7625769.682646499946713 ], [ 418885.614286026044283, 7625792.745664683170617 ], [ 418882.056538042030297, 7625814.709395529702306 ], [ 418877.377187561534811, 7625835.480254941619933 ], [ 418871.580552769068163, 7625855.003756178542972 ], [ 418864.640292625583243, 7625873.345535305328667 ], [ 418856.082383664615918, 7625891.681516728363931 ], [ 418845.665835833060555, 7625910.620754962787032 ], [ 418833.452462977031246, 7625930.122609103098512 ], [ 418819.562512586649973, 7625950.124909098260105 ], [ 418804.16224476142088, 7625970.569217803888023 ], [ 418781.629863901645876, 7625998.443892527371645 ], [ 418757.588782531849574, 7626026.598083264194429 ], [ 418732.767909744172357, 7626054.458918167278171 ], [ 418707.246432526560966, 7626082.108274416998029 ], [ 418671.980597268033307, 7626119.092545535415411 ] ] ] } },
{ "type": "Feature", "properties": { "fid": 70.0, "COMPR_M": 992.09, "CLASSE": "06 - Acima do limite", "CD_FAZ": "403206", "TALHOES": "1", "FAZ_tAL": "403206001", "ID_LINHA": 194088 }, "geometry": { "type": "MultiLineString", "coordinates": [ [ [ 418699.979778125416487, 7625258.895421396940947 ], [ 418721.683525927248411, 7625278.780818585306406 ], [ 418744.19108603982022, 7625301.626452160067856 ], [ 418765.152427894354332, 7625325.729588207788765 ], [ 418784.719062756747007, 7625351.238530109636486 ], [ 418802.743483066558838, 7625377.955952726304531 ], [ 418819.089003559958655, 7625405.675074411556125 ], [ 418833.630786006746348, 7625434.181336049921811 ], [ 418846.270070133788977, 7625463.285555057227612 ], [ 418857.165833067614585, 7625493.304476035758853 ], [ 418866.472454771283083, 7625524.427966257557273 ], [ 418874.284995185211301, 7625556.694271529093385 ], [ 418880.687553354830015, 7625590.100145246833563 ], [ 418885.765954953734763, 7625624.621404448524117 ], [ 418890.327390458551235, 7625668.852692294865847 ], [ 418892.559388137888163, 7625712.245836392045021 ], [ 418892.399355703731999, 7625745.741487339138985 ], [ 418891.045952506596223, 7625769.922448376193643 ], [ 418888.588179079641122, 7625793.141543980687857 ], [ 418885.002475768793374, 7625815.277182067744434 ], [ 418880.28079459129367, 7625836.235364258289337 ], [ 418874.424207958159968, 7625855.960291389375925 ], [ 418867.403846174303908, 7625874.5135269574821 ], [ 418858.756091273680795, 7625893.042539796791971 ], [ 418848.250872703269124, 7625912.143380461260676 ], [ 418835.95470945595298, 7625931.777700152248144 ], [ 418821.991196729592048, 7625951.886120837181807 ], [ 418806.528904084349051, 7625972.412896655499935 ], [ 418783.934320250526071, 7626000.364719651639462 ], [ 418759.848633323505055, 7626028.571186533197761 ], [ 418734.989176773815416, 7626056.475354778580368 ], [ 418702.945775548811071, 7626091.059090636670589 ], [ 418671.83294790610671, 7626123.557798268273473 ] ] ] } },
{ "type": "Feature", "properties": { "fid": 71.0, "COMPR_M": 1002.73, "CLASSE": "06 - Acima do limite", "CD_FAZ": "403206", "TALHOES": "1", "FAZ_tAL": "403206001", "ID_LINHA": 194089 }, "geometry": { "type": "MultiLineString", "coordinates": [ [ [ 418700.107854043773841, 7625255.008614392951131 ], [ 418723.758927679911721, 7625276.614458899945021 ], [ 418746.392478502297308, 7625299.588212155736983 ], [ 418767.475850128335878, 7625323.831631374545395 ], [ 418787.154018683009781, 7625349.485957821831107 ], [ 418805.280271814961452, 7625376.354322127997875 ], [ 418821.718466518854257, 7625404.230619868263602 ], [ 418836.344026205944829, 7625432.901153405196965 ], [ 418849.057839690591209, 7625462.177008199505508 ], [ 418860.014778604614548, 7625492.364275574684143 ], [ 418869.369044030841906, 7625523.646835109218955 ], [ 418877.217385240888689, 7625556.060698131099343 ], [ 418883.645843356265686, 7625589.601362684741616 ], [ 418888.742140931193717, 7625624.243880651891232 ], [ 418893.318147315818351, 7625668.616875862702727 ], [ 418895.558746435213834, 7625712.18096080981195 ], [ 418895.397792964882683, 7625745.840809305198491 ], [ 418894.036455622233916, 7625770.162250251509249 ], [ 418891.56207212980371, 7625793.537423271685839 ], [ 418887.948413492704276, 7625815.844968606717885 ], [ 418883.184401631413493, 7625836.990473589859903 ], [ 418877.267863152665086, 7625856.91682662256062 ], [ 418870.167399722267874, 7625875.681518614292145 ], [ 418861.429798882338218, 7625894.403562882915139 ], [ 418850.835909593093675, 7625913.66600595600903 ], [ 418838.456955947098322, 7625933.432791212573647 ], [ 418824.419880853965878, 7625953.647332572378218 ], [ 418808.895563410711475, 7625974.256575512699783 ], [ 418786.238776602316648, 7626002.285546777769923 ], [ 418762.108484121854417, 7626030.544289792887866 ], [ 418737.210443804913666, 7626058.491791393607855 ], [ 418705.127567113842815, 7626093.118170657195151 ], [ 418671.685363572323695, 7626128.021084455773234 ] ] ] } },
{ "type": "Feature", "properties": { "fid": 72.0, "COMPR_M": 1013.36, "CLASSE": "06 - Acima do limite", "CD_FAZ": "403206", "TALHOES": "1", "FAZ_tAL": "403206001", "ID_LINHA": 194090 }, "geometry": { "type": "MultiLineString", "coordinates": [ [ [ 418700.235688756685704, 7625251.129127161577344 ], [ 418725.834329426812474, 7625274.448099222034216 ], [ 418748.59387096867431, 7625297.549972143024206 ], [ 418769.79927235096693, 7625321.933674534782767 ], [ 418789.588974605430849, 7625347.733385526575148 ], [ 418807.817060570931062, 7625374.752691525965929 ], [ 418824.347929471172392, 7625402.786165338009596 ], [ 418839.057266406016424, 7625431.620970765128732 ], [ 418851.845609252457507, 7625461.068461335264146 ], [ 418862.863724146154709, 7625491.424075124785304 ], [ 418872.26563329284545, 7625522.865703963674605 ], [ 418880.149775306228548, 7625555.427124740555882 ], [ 418886.60413335240446, 7625589.102580132894218 ], [ 418891.718326912028715, 7625623.8663568533957 ], [ 418896.308904165634885, 7625668.38105942774564 ], [ 418897.968052435084246, 7625694.783073687925935 ], [ 418898.558104727126192, 7625712.116085227578878 ], [ 418898.396230238489807, 7625745.940131280571222 ], [ 418897.026958742295392, 7625770.402052136138082 ], [ 418894.535965179617051, 7625793.933302575722337 ], [ 418890.894351224880666, 7625816.412755144760013 ], [ 418886.088008662220091, 7625837.745582912117243 ], [ 418880.111518353223801, 7625857.873361840844154 ], [ 418872.930953277973458, 7625876.8495102673769 ], [ 418864.103506500658114, 7625895.764585960656404 ], [ 418853.420946470228955, 7625915.1886314637959 ], [ 418840.959202424797695, 7625935.08788226544857 ], [ 418826.84856498951558, 7625955.40854431129992 ], [ 418811.262222741963342, 7625976.100254368036985 ], [ 418788.543232945201453, 7626004.206373894587159 ], [ 418764.368334918224718, 7626032.517393067479134 ], [ 418733.088504659885075, 7626067.464879823848605 ], [ 418707.309358683705796, 7626095.177250670269132 ], [ 418671.538076483702753, 7626132.475381093099713 ] ] ] } },
{ "type": "Feature", "properties": { "fid": 73.0, "COMPR_M": 1023.97, "CLASSE": "06 - Acima do limite", "CD_FAZ": "403206", "TALHOES": "1", "FAZ_tAL": "403206001", "ID_LINHA": 194091 }, "geometry": { "type": "MultiLineString", "coordinates": [ [ [ 418700.362763318873476, 7625247.272709051147103 ], [ 418727.90973118058173, 7625272.281739534810185 ], [ 418750.795263441395946, 7625295.511732125654817 ], [ 418772.122694574820343, 7625320.035717699676752 ], [ 418792.023930532624945, 7625345.980813235044479 ], [ 418810.353849323117174, 7625373.151060928590596 ], [ 418826.977392430300824, 7625401.341710789129138 ], [ 418841.770506608358119, 7625430.34078811481595 ], [ 418854.633378820843063, 7625459.959914474748075 ], [ 418865.712669677915983, 7625490.483874671161175 ], [ 418875.162222544255201, 7625522.084572806023061 ], [ 418883.082165358355269, 7625554.793551337905228 ], [ 418889.562423350056633, 7625588.603797579184175 ], [ 418894.694512898277026, 7625623.48883305862546 ], [ 418899.299661019234918, 7625668.145242997445166 ], [ 418900.964944901526906, 7625694.645449763163924 ], [ 418901.557463011064101, 7625712.051209635101259 ], [ 418901.394667505461257, 7625746.03945326525718 ], [ 418900.017461875511799, 7625770.641854010522366 ], [ 418897.509858227276709, 7625794.329181873239577 ], [ 418893.840288955543656, 7625816.980541681870818 ], [ 418888.991615694249049, 7625838.50069223344326 ], [ 418882.955173547321465, 7625858.829897068440914 ], [ 418875.694506820989773, 7625878.017501923255622 ], [ 418866.77721411868697, 7625897.125609036535025 ], [ 418856.005983352602925, 7625916.711256958544254 ], [ 418843.4614489141386, 7625936.74297331739217 ], [ 418829.277249126345851, 7625957.169756036251783 ], [ 418813.628882065415382, 7625977.943933229893446 ], [ 418790.847689300833736, 7626006.127201015129685 ], [ 418766.628185711393598, 7626034.490496335551143 ], [ 418735.301069388107862, 7626069.490860322490335 ], [ 418702.943365224637091, 7626104.151219414547086 ], [ 418671.390789399913047, 7626136.929677732288837 ] ] ] } },
{ "type": "Feature", "properties": { "fid": 74.0, "COMPR_M": 1034.58, "CLASSE": "06 - Acima do limite", "CD_FAZ": "403206", "TALHOES": "1", "FAZ_tAL": "403206001", "ID_LINHA": 194092 }, "geometry": { "type": "MultiLineString", "coordinates": [ [ [ 418700.489837870991323, 7625243.41629093606025 ], [ 418729.985132928588428, 7625270.115379856899381 ], [ 418752.996655905386433, 7625293.473492125049233 ], [ 418774.446116799197625, 7625318.137760858982801 ], [ 418794.458886464592069, 7625344.228240950033069 ], [ 418812.890638071636204, 7625371.549430339597166 ], [ 418829.606855384947266, 7625399.897256253287196 ], [ 418844.483746802434325, 7625429.060605468228459 ], [ 418857.421148383873515, 7625458.851367612369359 ], [ 418868.561615213751793, 7625489.543674217537045 ], [ 418878.058811806607991, 7625521.303441666066647 ], [ 418886.014555418165401, 7625554.159977947361767 ], [ 418892.520713352365419, 7625588.105015025474131 ], [ 418897.670698877424002, 7625623.111309263855219 ], [ 418902.290417866082862, 7625667.909426560625434 ], [ 418903.961837366805412, 7625694.507825843989849 ], [ 418904.556821302103344, 7625711.98633405379951 ], [ 418904.393104763934389, 7625746.138775235973299 ], [ 418903.007964990742039, 7625770.88165589235723 ], [ 418900.483751272666268, 7625794.725061173550785 ], [ 418896.786226682655979, 7625817.548328218981624 ], [ 418891.89522272744216, 7625839.255801564082503 ], [ 418885.798828739672899, 7625859.786432290449739 ], [ 418878.458060372446198, 7625879.185493579134345 ], [ 418869.450921725132503, 7625898.486632116138935 ], [ 418858.591020232881419, 7625918.233882462605834 ], [ 418845.963695397833362, 7625938.398064373061061 ], [ 418826.620657686900813, 7625965.849280890077353 ], [ 418810.471480122185312, 7625986.805475257337093 ], [ 418787.172396690119058, 7626015.17463012970984 ], [ 418762.700839318684302, 7626043.512504510581493 ], [ 418737.513634119706694, 7626071.516840826719999 ], [ 418705.118510032712948, 7626106.217318838462234 ], [ 418671.243586028343998, 7626141.38144248817116 ] ] ] } },
{ "type": "Feature", "properties": { "fid": 75.0, "COMPR_M": 1045.19, "CLASSE": "06 - Acima do limite", "CD_FAZ": "403206", "TALHOES": "1", "FAZ_tAL": "403206001", "ID_LINHA": 194093 }, "geometry": { "type": "MultiLineString", "coordinates": [ [ [ 418700.61691243131645, 7625239.559872819110751 ], [ 418725.916335703455843, 7625262.141497949138284 ], [ 418749.597063712892123, 7625285.480093837715685 ], [ 418771.50653787353076, 7625309.897061793133616 ], [ 418792.006458518095315, 7625335.793049396015704 ], [ 418810.950649143895134, 7625362.97484765201807 ], [ 418828.202738642576151, 7625391.241129920817912 ], [ 418843.636386595841032, 7625420.383049057796597 ], [ 418857.136569554917514, 7625450.186728494241834 ], [ 418868.769900200888515, 7625480.791535373777151 ], [ 418878.718471603002399, 7625512.440743087790906 ], [ 418887.089546731265727, 7625545.173852223902941 ], [ 418890.713121262437198, 7625561.946298042312264 ], [ 418895.47900334483711, 7625587.606232480145991 ], [ 418900.646884863148443, 7625622.733785459771752 ], [ 418905.281174727191683, 7625667.673610132187605 ], [ 418906.958729828242213, 7625694.370201925747097 ], [ 418907.556179596344009, 7625711.921458469703794 ], [ 418907.39154203486396, 7625746.238097216933966 ], [ 418905.998468119010795, 7625771.12145777232945 ], [ 418903.457644315960351, 7625795.120940475724638 ], [ 418899.732164409477264, 7625818.1161147672683 ], [ 418894.79882976191584, 7625840.010910887271166 ], [ 418888.642483936040662, 7625860.742967510595918 ], [ 418881.221613923029508, 7625880.353485233150423 ], [ 418872.124629343277775, 7625899.847655188292265 ], [ 418861.176057110424154, 7625919.756507953628898 ], [ 418848.465941885893699, 7625940.053155427798629 ], [ 418829.027298985398374, 7625967.640481013804674 ], [ 418812.820303340675309, 7625988.671813415363431 ], [ 418789.464850490563549, 7626017.109761772677302 ], [ 418764.950497353507672, 7626045.497220117598772 ], [ 418733.316417458641808, 7626080.51348137576133 ], [ 418707.293654844514094, 7626108.283418266102672 ], [ 418671.096623074903619, 7626145.825936750508845 ] ] ] } },
{ "type": "Feature", "properties": { "fid": 76.0, "COMPR_M": 1055.79, "CLASSE": "06 - Acima do limite", "CD_FAZ": "403206", "TALHOES": "1", "FAZ_tAL": "403206001", "ID_LINHA": 194094 }, "geometry": { "type": "MultiLineString", "coordinates": [ [ [ 418700.743463219027035, 7625235.719349890947342 ], [ 418727.963476399832871, 7625259.948425798676908 ], [ 418751.766183568513952, 7625283.407540488988161 ], [ 418773.800472973962314, 7625307.963568340055645 ], [ 418794.414467033115216, 7625334.003631353378296 ], [ 418813.462855166115332, 7625361.334927424788475 ], [ 418830.809872027195524, 7625389.756752147339284 ], [ 418846.32951458147727, 7625419.06108198966831 ], [ 418859.906778972013853, 7625449.034994445741177 ], [ 418871.604870947776362, 7625479.809992920607328 ], [ 418881.604336787713692, 7625511.620868061669171 ], [ 418890.013990562991239, 7625544.50454537756741 ], [ 418893.652838882058859, 7625561.347657352685928 ], [ 418898.43729334208183, 7625587.107449919916689 ], [ 418903.623070841131266, 7625622.356261657550931 ], [ 418908.271931571012828, 7625667.437793695367873 ], [ 418909.95562228851486, 7625694.232578006573021 ], [ 418910.555537883832585, 7625711.856582887470722 ], [ 418910.389979300554842, 7625746.337419194169343 ], [ 418908.988971239887178, 7625771.361259653232992 ], [ 418906.43153736757813, 7625795.516819767653942 ], [ 418902.678102132806089, 7625818.683901300653815 ], [ 418897.702436786319595, 7625840.766020211391151 ], [ 418891.486139128042851, 7625861.699502730742097 ], [ 418883.985167480772361, 7625881.5214768871665 ], [ 418874.798336960375309, 7625901.208678269758821 ], [ 418863.761093985114712, 7625921.279133457690477 ], [ 418850.968188366387039, 7625941.708246485330164 ], [ 418831.433940291171893, 7625969.431681136600673 ], [ 418815.169126555731054, 7625990.538151575252414 ], [ 418791.757304282858968, 7626019.04489341378212 ], [ 418767.200155376107432, 7626047.481935730203986 ], [ 418735.52067543863086, 7626082.548495499417186 ], [ 418702.866426093387417, 7626117.278723251074553 ], [ 418670.949660113896243, 7626150.270431014709175 ] ] ] } },
{ "type": "Feature", "properties": { "fid": 77.0, "COMPR_M": 1066.37, "CLASSE": "06 - Acima do limite", "CD_FAZ": "403206", "TALHOES": "1", "FAZ_tAL": "403206001", "ID_LINHA": 194095 }, "geometry": { "type": "MultiLineString", "coordinates": [ [ [ 418700.869659595540725, 7625231.88958247192204 ], [ 418730.010617092484608, 7625257.755353649146855 ], [ 418753.935303428967018, 7625281.334987141191959 ], [ 418776.094408071192447, 7625306.030074886977673 ], [ 418796.822475537890568, 7625332.214213311672211 ], [ 418815.975061199278571, 7625359.695007203146815 ], [ 418833.417005419498309, 7625388.272374380379915 ], [ 418849.022642550698947, 7625417.739114919677377 ], [ 418862.676988392951898, 7625447.883260414004326 ], [ 418874.439841696235817, 7625478.82845046184957 ], [ 418884.490201971144415, 7625510.800993032753468 ], [ 418892.938434401759878, 7625543.835238521918654 ], [ 418896.59255650092382, 7625560.749016661196947 ], [ 418901.395583342062309, 7625586.608667372725904 ], [ 418906.599256823770702, 7625621.978737870231271 ], [ 418911.262688429793343, 7625667.201977263204753 ], [ 418912.952514758158941, 7625694.094954092055559 ], [ 418913.554896175919566, 7625711.791707305237651 ], [ 418913.388416568166576, 7625746.436741170473397 ], [ 418911.979474354768172, 7625771.601061532273889 ], [ 418909.405430418963078, 7625795.91269906423986 ], [ 418905.624039864458609, 7625819.25168783403933 ], [ 418900.606043823820073, 7625841.521129539236426 ], [ 418894.329794326098636, 7625862.656037956476212 ], [ 418886.748721026582643, 7625882.689468530006707 ], [ 418877.472044566646218, 7625902.56970134191215 ], [ 418866.34613086830359, 7625922.801758959889412 ], [ 418853.470434852584731, 7625943.363337543793023 ], [ 418833.840581592347007, 7625971.222881253808737 ], [ 418817.517949778528418, 7625992.404489737004042 ], [ 418794.049758070323151, 7626020.980025056749582 ], [ 418769.449813407030888, 7626049.466651337221265 ], [ 418737.724933410063386, 7626084.583509630523622 ], [ 418705.035355950938538, 7626119.351345287635922 ], [ 418670.80278683634242, 7626154.712213105522096 ] ] ] } },
{ "type": "Feature", "properties": { "fid": 78.0, "COMPR_M": 1076.96, "CLASSE": "06 - Acima do limite", "CD_FAZ": "403206", "TALHOES": "1", "FAZ_tAL": "403206001", "ID_LINHA": 194096 }, "geometry": { "type": "MultiLineString", "coordinates": [ [ [ 418700.995855971355923, 7625228.05981507152319 ], [ 418732.057757784146816, 7625255.562281499616802 ], [ 418756.104423283715732, 7625279.262433785945177 ], [ 418778.388343179714866, 7625304.096581438556314 ], [ 418799.23048405413283, 7625330.424795273691416 ], [ 418818.487267223186791, 7625358.055086983367801 ], [ 418836.024138809065334, 7625386.787996606901288 ], [ 418851.71577053173678, 7625416.417147851549089 ], [ 418865.447197808476631, 7625446.731526363641024 ], [ 418877.274812444287818, 7625477.84690800216049 ], [ 418887.376067165052518, 7625509.981118008494377 ], [ 418895.862878234300297, 7625543.165931677445769 ], [ 418899.532274130848236, 7625560.150375975295901 ], [ 418904.353873344138265, 7625586.109884809702635 ], [ 418909.575442799308803, 7625621.601214069873095 ], [ 418914.253445280482993, 7625666.966160826385021 ], [ 418915.949407224659808, 7625693.957330165430903 ], [ 418916.554254473128822, 7625711.72683172300458 ], [ 418916.386853827920277, 7625746.536063143983483 ], [ 418914.969977480650414, 7625771.840863410383463 ], [ 418912.379323465516791, 7625796.308578363619745 ], [ 418908.569977592502255, 7625819.819474379532039 ], [ 418903.50965085986536, 7625842.276238864287734 ], [ 418897.173449518391863, 7625863.612573180347681 ], [ 418889.512274570821319, 7625883.857460184022784 ], [ 418880.145752181881107, 7625903.930724420584738 ], [ 418868.931167748058215, 7625924.324384460225701 ], [ 418855.972681341751013, 7625945.0184285948053 ], [ 418836.247222890146077, 7625973.014081379398704 ], [ 418819.866772986657452, 7625994.270827896893024 ], [ 418796.342211861512624, 7626022.9151566978544 ], [ 418771.699471437081229, 7626051.451366940513253 ], [ 418739.929191373696085, 7626086.618523756973445 ], [ 418707.204285801912192, 7626121.423967342823744 ], [ 418670.656110462441575, 7626159.148040579631925 ] ] ] } },
{ "type": "Feature", "properties": { "fid": 79.0, "COMPR_M": 1087.37, "CLASSE": "06 - Acima do limite", "CD_FAZ": "403206", "TALHOES": "1", "FAZ_tAL": "403206001", "ID_LINHA": 194097 }, "geometry": { "type": "MultiLineString", "coordinates": [ [ [ 418701.122052346530836, 7625224.230047658085823 ], [ 418734.104898483376019, 7625253.369209350086749 ], [ 418758.273543141840491, 7625277.18988043256104 ], [ 418780.68227828363888, 7625302.1630879919976 ], [ 418801.638492559548467, 7625328.635377237573266 ], [ 418820.999473257455975, 7625356.415166755206883 ], [ 418838.631272196420468, 7625385.303618827834725 ], [ 418854.408898514055181, 7625415.095180790871382 ], [ 418868.217407227144577, 7625445.579792330041528 ], [ 418880.109783184539992, 7625476.865365548059344 ], [ 418890.261932346271351, 7625509.161242990754545 ], [ 418898.787322065210901, 7625542.496624836698174 ], [ 418902.471991750819143, 7625559.55173528380692 ], [ 418907.312163339694962, 7625585.611102258786559 ], [ 418912.551628780900501, 7625621.223690271377563 ], [ 418917.244202136236709, 7625666.730344396084547 ], [ 418918.946299691218883, 7625693.819706251844764 ], [ 418919.553612761024851, 7625711.661956137046218 ], [ 418919.385291102109477, 7625746.635385126806796 ], [ 418917.96048059919849, 7625772.080665288493037 ], [ 418915.353216511779465, 7625796.704457664862275 ], [ 418911.515915321710054, 7625820.387260912917554 ], [ 418906.413257889274973, 7625843.031348189339042 ], [ 418900.017104706843384, 7625864.56910840049386 ], [ 418892.275828123500105, 7625885.025451837107539 ], [ 418882.819459798047319, 7625905.291747505776584 ], [ 418871.516204634332098, 7625925.847009960561991 ], [ 418858.474927824106999, 7625946.673519655130804 ], [ 418838.653864193882328, 7625974.80528150126338 ], [ 418822.21559621184133, 7625996.137166050262749 ], [ 418798.634665656485595, 7626024.850288340821862 ], [ 418773.949129465443548, 7626053.436082549393177 ], [ 418742.133449350541923, 7626088.653537878766656 ], [ 418709.373215646483004, 7626123.496589377522469 ], [ 418670.628215033677407, 7626163.462662666104734 ] ] ] } },
{ "type": "Feature", "properties": { "fid": 80.0, "COMPR_M": 1090.96, "CLASSE": "06 - Acima do limite", "CD_FAZ": "403206", "TALHOES": "1", "FAZ_tAL": "403206001", "ID_LINHA": 194098 }, "geometry": { "type": "MultiLineString", "coordinates": [ [ [ 418701.247637866763398, 7625220.418818632140756 ], [ 418729.72568709513871, 7625245.252018176019192 ], [ 418754.577274719486013, 7625269.07466347515583 ], [ 418777.474272486870177, 7625293.80320312641561 ], [ 418798.924011336290278, 7625320.061192141845822 ], [ 418818.803292283439077, 7625347.680546736344695 ], [ 418828.111370565369725, 7625361.939646741375327 ], [ 418841.238405582203995, 7625383.819241058081388 ], [ 418857.102026489912532, 7625413.773213718086481 ], [ 418870.987616651051212, 7625444.428058289922774 ], [ 418882.944753936841153, 7625475.883823087438941 ], [ 418893.147797537443694, 7625508.341367956250906 ], [ 418901.711765903164633, 7625541.827317985706031 ], [ 418905.411709379928652, 7625558.953094588592649 ], [ 418910.270453337347135, 7625585.112319705076516 ], [ 418915.527814766508527, 7625620.846166472882032 ], [ 418920.234958982560784, 7625666.494527968578041 ], [ 418921.94319215399446, 7625693.682082331739366 ], [ 418922.552971046126913, 7625711.597080554813147 ], [ 418922.383728365879506, 7625746.734707095660269 ], [ 418920.950983722927049, 7625772.320467163808644 ], [ 418918.327109566424042, 7625797.100336968898773 ], [ 418914.46185304527171, 7625820.955047458410263 ], [ 418909.316864928463474, 7625843.786457506939769 ], [ 418902.860759900708217, 7625865.525643629953265 ], [ 418895.039381674025208, 7625886.193443493917584 ], [ 418885.493167412700132, 7625906.652770584449172 ], [ 418874.101241508615203, 7625927.369635447859764 ], [ 418860.977174310712144, 7625948.328610708937049 ], [ 418841.060505493660457, 7625976.596481617540121 ], [ 418824.564419421018101, 7625998.0035042129457 ], [ 418800.927119444590062, 7626026.785419980995357 ], [ 418776.198787502129562, 7626055.420798154547811 ], [ 418744.337707327329554, 7626090.688551998697221 ], [ 418711.542145504849032, 7626125.569211418740451 ], [ 418675.367864966741763, 7626162.91242983750999 ] ] ] } },
{ "type": "Feature", "properties": { "fid": 81.0, "COMPR_M": 1094.54, "CLASSE": "06 - Acima do limite", "CD_FAZ": "403206", "TALHOES": "1", "FAZ_tAL": "403206001", "ID_LINHA": 194099 }, "geometry": { "type": "MultiLineString", "coordinates": [ [ [ 418701.373071403708309, 7625216.612201633863151 ], [ 418731.746351447072811, 7625243.034538861364126 ], [ 418756.714025848777965, 7625266.96876307670027 ], [ 418779.738050656334963, 7625291.834485691040754 ], [ 418801.304456698009744, 7625318.235266559757292 ], [ 418821.290337532234844, 7625346.002713695168495 ], [ 418839.560930928215384, 7625374.94097413867712 ], [ 418855.989688925619703, 7625404.847508395090699 ], [ 418870.458805005997419, 7625435.513343827798963 ], [ 418882.944625329400878, 7625466.904059514403343 ], [ 418893.629189510713331, 7625499.271022070199251 ], [ 418902.634555864962749, 7625532.653946270234883 ], [ 418906.541285843588412, 7625549.724964160472155 ], [ 418911.693496479827445, 7625575.799268430098891 ], [ 418917.311561040231027, 7625611.416265430860221 ], [ 418922.456617894698866, 7625657.103048926219344 ], [ 418924.471185472619254, 7625684.48455835878849 ], [ 418925.301620046491735, 7625702.56208348274231 ], [ 418925.606773602426983, 7625738.105597741901875 ], [ 418923.941486848401837, 7625772.560269048437476 ], [ 418921.301002607680857, 7625797.496216263622046 ], [ 418917.407790779310744, 7625821.522833988070488 ], [ 418912.220471958920825, 7625844.541566835716367 ], [ 418905.704415100044571, 7625866.482178854756057 ], [ 418897.802935222454835, 7625887.361435146071017 ], [ 418888.166875025781337, 7625908.013793658465147 ], [ 418876.686278389301151, 7625928.892260957509279 ], [ 418863.479420789866708, 7625949.983701762743294 ], [ 418843.467146790702827, 7625978.387681739404798 ], [ 418826.913242639333475, 7625999.869842367246747 ], [ 418803.21957323839888, 7626028.720551625825465 ], [ 418778.448445526650175, 7626057.405513766221702 ], [ 418746.541965297656134, 7626092.723566125147045 ], [ 418713.71107535797637, 7626127.64183346554637 ], [ 418680.107476024189964, 7626162.362201529555023 ] ] ] } },
{ "type": "Feature", "properties": { "fid": 82.0, "COMPR_M": 1098.14, "CLASSE": "06 - Acima do limite", "CD_FAZ": "403206", "TALHOES": "1", "FAZ_tAL": "403206001", "ID_LINHA": 194100 }, "geometry": { "type": "MultiLineString", "coordinates": [ [ [ 418701.498504939547274, 7625212.805584643036127 ], [ 418733.767015787190758, 7625240.817059542052448 ], [ 418758.85077697125962, 7625264.862862680107355 ], [ 418782.001828823937103, 7625289.865768253803253 ], [ 418803.684902065957431, 7625316.409340974874794 ], [ 418823.777382786909584, 7625344.324880657717586 ], [ 418842.145178011152893, 7625373.417101785540581 ], [ 418858.662148971576244, 7625403.484244536608458 ], [ 418873.210618633485865, 7625434.318322361446917 ], [ 418885.764756331162062, 7625465.880652015097439 ], [ 418896.503561500227079, 7625498.411710425280035 ], [ 418905.550404396257363, 7625531.948122135363519 ], [ 418909.473675909801386, 7625549.091390766203403 ], [ 418914.646134187700227, 7625575.268034528009593 ], [ 418920.283925444702618, 7625611.009730239398777 ], [ 418925.444859047420323, 7625656.837284530512989 ], [ 418927.466310271993279, 7625684.312780170701444 ], [ 418928.299940693774261, 7625702.460082165896893 ], [ 418928.606329369999003, 7625738.16145396977663 ], [ 418927.546035199484322, 7625764.257597619667649 ], [ 418925.298548813734669, 7625789.621867853216827 ], [ 418921.804180793697014, 7625814.130263281986117 ], [ 418917.015074695285875, 7625837.676702909171581 ], [ 418910.891973507066723, 7625860.179256873205304 ], [ 418903.395895306428429, 7625881.592043403536081 ], [ 418894.292118390090764, 7625902.405129821039736 ], [ 418883.325881248980295, 7625923.380033694207668 ], [ 418870.593332375690807, 7625944.545265484601259 ], [ 418851.135406313580461, 7625973.02066165022552 ], [ 418834.92881601076806, 7625994.537042924202979 ], [ 418811.587796438660007, 7626023.414645103737712 ], [ 418786.966842853056733, 7626052.248425758443773 ], [ 418755.214151952182874, 7626087.724684803746641 ], [ 418722.519668539869599, 7626122.746114261448383 ], [ 418684.836680621374398, 7626161.813181306235492 ] ] ] } },
{ "type": "Feature", "properties": { "fid": 83.0, "COMPR_M": 1101.73, "CLASSE": "06 - Acima do limite", "CD_FAZ": "403206", "TALHOES": "1", "FAZ_tAL": "403206001", "ID_LINHA": 194101 }, "geometry": { "type": "MultiLineString", "coordinates": [ [ [ 418701.623938478296623, 7625208.998967649415135 ], [ 418735.787680137029383, 7625238.599580231122673 ], [ 418760.987528098048642, 7625262.756962282583117 ], [ 418784.265606986999046, 7625287.897050830535591 ], [ 418806.065347419760656, 7625314.583415390923619 ], [ 418826.264428034832235, 7625342.647047629579902 ], [ 418844.729425094730686, 7625371.893229424022138 ], [ 418861.334609021083452, 7625402.1209806650877 ], [ 418875.962432275060564, 7625433.123300895094872 ], [ 418888.584887331351638, 7625464.85724451392889 ], [ 418899.377933489100542, 7625497.552398776635528 ], [ 418908.466252932441421, 7625531.242297984659672 ], [ 418912.406065964139998, 7625548.457817368209362 ], [ 418917.598771887656767, 7625574.736800628714263 ], [ 418923.256289855926298, 7625610.603195052593946 ], [ 418928.433100193622522, 7625656.571520129218698 ], [ 418930.461435065546539, 7625684.141001983545721 ], [ 418931.298261343734339, 7625702.358080860227346 ], [ 418931.605885135941207, 7625738.217310194857419 ], [ 418930.54002698441036, 7625764.448865968734026 ], [ 418928.279099193227012, 7625789.963961748406291 ], [ 418924.760877957567573, 7625814.639000002294779 ], [ 418919.934587727300823, 7625838.367717275395989 ], [ 418913.757772113429382, 7625861.067210283130407 ], [ 418906.188238978036679, 7625882.689444973133504 ], [ 418896.995920561137609, 7625903.705382969230413 ], [ 418885.940023458737414, 7625924.852160148322582 ], [ 418873.122291169711389, 7625946.159268457442522 ], [ 418853.564090448897332, 7625974.781873382627964 ], [ 418837.295475340273697, 7625996.380721781402826 ], [ 418813.892252789752092, 7626025.335472225211561 ], [ 418789.226693651406094, 7626054.221529027447104 ], [ 418757.426716684247367, 7626089.750665299594402 ], [ 418724.694813360227272, 7626124.812213688157499 ], [ 418689.565885223390069, 7626161.264161099679768 ] ] ] } },
{ "type": "Feature", "properties": { "fid": 84.0, "COMPR_M": 1105.32, "CLASSE": "06 - Acima do limite", "CD_FAZ": "403206", "TALHOES": "1", "FAZ_tAL": "403206001", "ID_LINHA": 194102 }, "geometry": { "type": "MultiLineString", "coordinates": [ [ [ 418701.748806180141401, 7625205.209522359073162 ], [ 418731.146850222721696, 7625230.38175612129271 ], [ 418757.000539817032404, 7625254.531522379256785 ], [ 418780.81484764337074, 7625279.459208451211452 ], [ 418803.11234363244148, 7625305.91313171107322 ], [ 418823.833442147821188, 7625333.797172660008073 ], [ 418842.843563464295585, 7625362.918768659234047 ], [ 418860.015464468393475, 7625393.079107560217381 ], [ 418875.230200727994088, 7625424.074768003076315 ], [ 418888.410381905559916, 7625455.770012431778014 ], [ 418899.70623610902112, 7625488.386419974267483 ], [ 418909.25440233113477, 7625521.983730941079557 ], [ 418913.409541249566246, 7625539.150090597569942 ], [ 418918.907649782951921, 7625565.352483861148357 ], [ 418924.940441167913377, 7625601.113443723879755 ], [ 418930.551711413194425, 7625647.04208692535758 ], [ 418933.93076201248914, 7625693.131586650386453 ], [ 418934.708150991122238, 7625729.351137391291559 ], [ 418933.534018764388748, 7625764.640134314075112 ], [ 418931.259649560670368, 7625790.306055657565594 ], [ 418927.717575117887463, 7625815.147736717015505 ], [ 418922.854100760887377, 7625839.058731636032462 ], [ 418916.623570714204106, 7625861.955163683742285 ], [ 418908.980582634627353, 7625883.786846521310508 ], [ 418899.69972272508312, 7625905.005636110901833 ], [ 418888.554165664652828, 7625926.324286613613367 ], [ 418875.651249960646965, 7625947.773271434940398 ], [ 418855.992774586193264, 7625976.543085115030408 ], [ 418839.662134673271794, 7625998.224400635808706 ], [ 418816.196709143812768, 7626027.256299338303506 ], [ 418791.486544445855543, 7626056.194632302038372 ], [ 418759.639281407871749, 7626091.776645798236132 ], [ 418726.869958174414933, 7626126.878313118591905 ], [ 418694.290686333202757, 7626160.715652083978057 ] ] ] } },
{ "type": "Feature", "properties": { "fid": 85.0, "COMPR_M": 1108.91, "CLASSE": "06 - Acima do limite", "CD_FAZ": "403206", "TALHOES": "1", "FAZ_tAL": "403206001", "ID_LINHA": 194103 }, "geometry": { "type": "MultiLineString", "coordinates": [ [ [ 418701.873585471883416, 7625201.422760162502527 ], [ 418733.142889838374685, 7625228.142096051946282 ], [ 418759.105879882350564, 7625252.394232470542192 ], [ 418783.047783669899218, 7625277.455576266162097 ], [ 418805.464597950631287, 7625304.051028865389526 ], [ 418826.294740414945409, 7625332.081792392767966 ], [ 418845.404363923938945, 7625361.355816463008523 ], [ 418862.666702636342961, 7625391.675019374117255 ], [ 418877.96299479418667, 7625422.83687384147197 ], [ 418891.214785980875604, 7625454.704256165772676 ], [ 418902.568310710135847, 7625487.486987565644085 ], [ 418912.160976079409011, 7625521.240624815225601 ], [ 418916.333985078905243, 7625538.48078375402838 ], [ 418921.85410659579793, 7625564.787960467860103 ], [ 418927.908566235331818, 7625600.677016800269485 ], [ 418933.537268606945872, 7625646.747731909155846 ], [ 418936.927654478582554, 7625692.993962738662958 ], [ 418937.708188343211077, 7625729.365159727632999 ], [ 418936.528010538313538, 7625764.831402659416199 ], [ 418934.24019993795082, 7625790.64814955368638 ], [ 418930.674272275995463, 7625815.656473429873586 ], [ 418925.773613792727701, 7625839.749745993874967 ], [ 418919.489369319169782, 7625862.843117099255323 ], [ 418911.772926302975975, 7625884.884248085319996 ], [ 418902.403524894441944, 7625906.305889250710607 ], [ 418891.168307866842952, 7625927.796413068659604 ], [ 418878.18020874785725, 7625949.387274405919015 ], [ 418863.601710256771185, 7625971.063125137239695 ], [ 418847.626698492676951, 7625992.807162411510944 ], [ 418824.534971230314113, 7626021.890011349692941 ], [ 418800.003787828492932, 7626050.962847199290991 ], [ 418768.30818219302455, 7626086.721903884783387 ], [ 418735.672649083775468, 7626121.945290921255946 ], [ 418699.008219171373639, 7626160.167986858636141 ] ] ] } },
{ "type": "Feature", "properties": { "fid": 86.0, "COMPR_M": 1112.5, "CLASSE": "06 - Acima do limite", "CD_FAZ": "403206", "TALHOES": "1", "FAZ_tAL": "403206001", "ID_LINHA": 194104 }, "geometry": { "type": "MultiLineString", "coordinates": [ [ [ 418701.998364772705827, 7625197.635997964069247 ], [ 418735.138929442502558, 7625225.902435997501016 ], [ 418761.211219954711851, 7625250.256942557170987 ], [ 418785.280719700385816, 7625275.451944086700678 ], [ 418807.816852270334493, 7625302.188926014117897 ], [ 418828.756038681836799, 7625330.366412147879601 ], [ 418847.965164376189932, 7625359.792864272370934 ], [ 418865.31794078880921, 7625390.270931178703904 ], [ 418880.695788859971799, 7625421.598979676142335 ], [ 418894.019190064107534, 7625453.638499901629984 ], [ 418905.430385314044543, 7625486.58755515050143 ], [ 418915.067549831815995, 7625520.497518698684871 ], [ 418919.258428915287368, 7625537.811476901173592 ], [ 418924.800563410273753, 7625564.223437077365816 ], [ 418930.876691285986453, 7625600.240589867345989 ], [ 418936.52282580366591, 7625646.453376887366176 ], [ 418939.924546940892469, 7625692.85633881483227 ], [ 418940.708225700655021, 7625729.379182062111795 ], [ 418939.522002330282703, 7625765.022671012207866 ], [ 418937.220750304637477, 7625790.990243451669812 ], [ 418933.630969441030174, 7625816.165210147388279 ], [ 418928.693126824102364, 7625840.440760359168053 ], [ 418922.355167928384617, 7625863.731070501729846 ], [ 418914.565269977145363, 7625885.981649650260806 ], [ 418905.107327056641225, 7625907.606142396107316 ], [ 418893.78245007363148, 7625929.268539538607001 ], [ 418880.709167539898772, 7625951.001277383416891 ], [ 418866.053727065911517, 7625972.791721481829882 ], [ 418850.012646713061258, 7625994.625822074711323 ], [ 418826.852680952928495, 7626023.794832183979452 ], [ 418802.274178455234505, 7626052.923814710229635 ], [ 418770.529449223540723, 7626088.738340497016907 ], [ 418737.85444064589683, 7626124.004370940849185 ], [ 418703.725752016878687, 7626159.620321634225547 ] ] ] } },
{ "type": "Feature", "properties": { "fid": 87.0, "COMPR_M": 1116.1, "CLASSE": "06 - Acima do limite", "CD_FAZ": "403206", "TALHOES": "1", "FAZ_tAL": "403206001", "ID_LINHA": 194105 }, "geometry": { "type": "MultiLineString", "coordinates": [ [ [ 418702.123144062818028, 7625193.849235761910677 ], [ 418737.134969048434868, 7625223.662775933742523 ], [ 418763.31656002154341, 7625248.119652653113008 ], [ 418787.51365572627401, 7625273.448311906307936 ], [ 418810.169106594112236, 7625300.32682317122817 ], [ 418831.217336957750376, 7625328.651031887158751 ], [ 418850.525964842177927, 7625358.22991207242012 ], [ 418867.96917895541992, 7625388.866842973977327 ], [ 418883.428582921507768, 7625420.361085519194603 ], [ 418896.823594144778326, 7625452.572743641212583 ], [ 418908.292459925811272, 7625485.688122739084065 ], [ 418917.974123588064685, 7625519.754412569105625 ], [ 418925.989732741552871, 7625554.762609757483006 ], [ 418932.456357717514038, 7625590.685178115032613 ], [ 418938.542209966457449, 7625636.807302015833557 ], [ 418942.441934247326571, 7625683.453889213502407 ], [ 418943.68857400509296, 7625720.292310075834394 ], [ 418943.01110825460637, 7625756.355977228842676 ], [ 418941.113833432085812, 7625782.706730166450143 ], [ 418937.940586555050686, 7625808.320003504864872 ], [ 418933.425749325368088, 7625833.083245122805238 ], [ 418927.512213733862154, 7625856.902035680599511 ], [ 418920.146227383636869, 7625879.707749638706446 ], [ 418911.204131522797979, 7625901.636717138811946 ], [ 418900.402614918828476, 7625923.45794690772891 ], [ 418887.808235394768417, 7625945.319697542116046 ], [ 418873.579651233565528, 7625967.216064810752869 ], [ 418857.906994591758121, 7625989.134882475249469 ], [ 418835.139593685336877, 7626018.382088659331203 ], [ 418810.781529647530988, 7626047.623698485083878 ], [ 418779.187607831845526, 7626083.632514696568251 ], [ 418746.645982642367017, 7626119.03637533262372 ], [ 418708.433759072911926, 7626159.073762277141213 ] ] ] } },
{ "type": "Feature", "properties": { "fid": 88.0, "COMPR_M": 1119.69, "CLASSE": "06 - Acima do limite", "CD_FAZ": "403206", "TALHOES": "1", "FAZ_tAL": "403206001", "ID_LINHA": 194106 }, "geometry": { "type": "MultiLineString", "coordinates": [ [ [ 418702.247481470694765, 7625190.075883694924414 ], [ 418739.131008665368427, 7625221.423115871846676 ], [ 418765.421900090761483, 7625245.982362734153867 ], [ 418789.746591757517308, 7625271.444679722189903 ], [ 418812.521360910264775, 7625298.464720323681831 ], [ 418833.678635224932805, 7625326.93565162550658 ], [ 418853.086765302054118, 7625356.666959883645177 ], [ 418870.620417105092201, 7625387.462754785083234 ], [ 418886.161376984033268, 7625419.123191358521581 ], [ 418899.627998222247697, 7625451.506987374275923 ], [ 418911.154534530360252, 7625484.788690330460668 ], [ 418920.88069733598968, 7625519.011306449770927 ], [ 418928.929450365831144, 7625554.163969067856669 ], [ 418935.419800627045333, 7625590.218000178225338 ], [ 418941.524922393902671, 7625636.485412100329995 ], [ 418945.437059043557383, 7625683.282111030071974 ], [ 418946.688524314551614, 7625720.266098530963063 ], [ 418946.007716944324784, 7625756.500427244231105 ], [ 418944.099887414369732, 7625782.996801806613803 ], [ 418940.90656458371086, 7625808.771433178335428 ], [ 418936.359332164051011, 7625833.711802551522851 ], [ 418930.397956485976465, 7625857.722816627472639 ], [ 418922.965424459660426, 7625880.734168025664985 ], [ 418913.937961155374069, 7625902.872634911909699 ], [ 418903.046371851465665, 7625924.876235503703356 ], [ 418890.364831720711663, 7625946.889580784365535 ], [ 418876.056218128069304, 7625968.909319551661611 ], [ 418860.313635893340688, 7625990.926082592457533 ], [ 418837.472076174279209, 7626020.268799742683768 ], [ 418813.062764644157141, 7626049.572040938772261 ], [ 418781.417964033200406, 7626085.638894365169108 ], [ 418748.834846529061906, 7626121.087936501950026 ], [ 418713.138421593001112, 7626158.527591192163527 ] ] ] } },
{ "type": "Feature", "properties": { "fid": 89.0, "COMPR_M": 1123.28, "CLASSE": "06 - Acima do limite", "CD_FAZ": "403206", "TALHOES": "1", "FAZ_tAL": "403206001", "ID_LINHA": 194107 }, "geometry": { "type": "MultiLineString", "coordinates": [ [ [ 418702.371709443628788, 7625186.305852976627648 ], [ 418734.227147600497119, 7625213.099209981039166 ], [ 418761.116159165510908, 7625237.619984608143568 ], [ 418786.017542919435073, 7625262.89989198371768 ], [ 418809.297450179932639, 7625289.668408274650574 ], [ 418830.983225329895504, 7625317.939656599424779 ], [ 418850.942469314963091, 7625347.524971358478069 ], [ 418869.048799764248542, 7625378.230438133701682 ], [ 418885.182349814218469, 7625409.85786578245461 ], [ 418899.23769181757234, 7625442.223164700902998 ], [ 418911.295798289065715, 7625475.440667441114783 ], [ 418921.50765069713816, 7625509.586474412120879 ], [ 418930.000406333128922, 7625544.656376989558339 ], [ 418936.895063324715011, 7625580.623276721686125 ], [ 418943.452090686769225, 7625626.78312174975872 ], [ 418947.843020534026437, 7625673.751602745614946 ], [ 418949.547195659426507, 7625711.013200301676989 ], [ 418949.369663759949617, 7625747.628604890778661 ], [ 418947.865511822397821, 7625774.478684080764651 ], [ 418945.092146997223608, 7625800.663250649347901 ], [ 418940.975292606803123, 7625826.065126299858093 ], [ 418935.449328214861453, 7625850.582441426813602 ], [ 418928.453656651719939, 7625874.134460639208555 ], [ 418919.911363628925756, 7625896.705368373543024 ], [ 418909.556535936426371, 7625918.90197828412056 ], [ 418897.366573432111181, 7625941.073264947161078 ], [ 418883.497392671939451, 7625963.224430207163095 ], [ 418868.136195240193047, 7625985.349143793806434 ], [ 418845.703828378231265, 7626014.800547642633319 ], [ 418821.559203563956544, 7626044.201604772359133 ], [ 418790.066180625231937, 7626080.477708083577454 ], [ 418757.616175318195019, 7626116.080757550895214 ], [ 418717.841820985660888, 7626157.981566733680665 ] ] ] } },
{ "type": "Feature", "properties": { "fid": 90.0, "COMPR_M": 1126.88, "CLASSE": "06 - Acima do limite", "CD_FAZ": "403206", "TALHOES": "1", "FAZ_tAL": "403206001", "ID_LINHA": 194108 }, "geometry": { "type": "MultiLineString", "coordinates": [ [ [ 418702.495937407889869, 7625182.535822263918817 ], [ 418736.200485786364879, 7625210.83953208848834 ], [ 418763.1915609096759, 7625235.453624926507473 ], [ 418788.21893538266886, 7625260.861651977524161 ], [ 418811.620872414088808, 7625287.770451430231333 ], [ 418833.418181259476114, 7625316.187084307894111 ], [ 418853.479258071514778, 7625345.923340765759349 ], [ 418871.678262722271029, 7625376.785983595997095 ], [ 418887.895590013125911, 7625408.577683132141829 ], [ 418902.02546138188336, 7625441.11461784131825 ], [ 418914.144743833399843, 7625474.500466987490654 ], [ 418924.404239957104437, 7625508.805343262851238 ], [ 418932.932796394568868, 7625544.022803591564298 ], [ 418939.853353321435861, 7625580.124494174495339 ], [ 418946.431712422345299, 7625626.433765555731952 ], [ 418950.836085498100147, 7625673.54710462782532 ], [ 418952.546553955413401, 7625710.94832471664995 ], [ 418952.368101022322662, 7625747.72792686149478 ], [ 418950.856014944845811, 7625774.718485955148935 ], [ 418948.066040041740052, 7625801.059129946865141 ], [ 418943.921230332052801, 7625826.632912836037576 ], [ 418938.352935253002215, 7625851.337550750933588 ], [ 418931.297311840637121, 7625875.090995863080025 ], [ 418922.674917170777917, 7625897.873360026627779 ], [ 418912.230243546830025, 7625920.263001361861825 ], [ 418899.951610318326857, 7625942.595890447497368 ], [ 418885.999639157089405, 7625964.879521263763309 ], [ 418870.564879378245678, 7625987.110355520620942 ], [ 418848.052651603124104, 7626016.666885795071721 ], [ 418823.85165736178169, 7626046.136736415326595 ], [ 418792.306003715028055, 7626082.473514982499182 ], [ 418759.812530403956771, 7626118.124297682195902 ], [ 418722.53244437999092, 7626157.437025474384427 ] ] ] } },
{ "type": "Feature", "properties": { "fid": 91.0, "COMPR_M": 1130.49, "CLASSE": "06 - Acima do limite", "CD_FAZ": "403206", "TALHOES": "1", "FAZ_tAL": "403206001", "ID_LINHA": 194109 }, "geometry": { "type": "MultiLineString", "coordinates": [ [ [ 418702.620165371568874, 7625178.765791548416018 ], [ 418738.173823961988091, 7625208.579854199662805 ], [ 418765.266962659312412, 7625233.287265248596668 ], [ 418790.420327850966714, 7625258.823411963880062 ], [ 418813.944294638815336, 7625285.872494589537382 ], [ 418835.853137183876242, 7625314.43451201915741 ], [ 418856.016046812525019, 7625344.321710165590048 ], [ 418874.307725675811525, 7625375.341529058292508 ], [ 418890.608830214245245, 7625407.297500483691692 ], [ 418904.813230951316655, 7625440.006070975214243 ], [ 418916.993689368595369, 7625473.56026653200388 ], [ 418927.300829218933359, 7625508.024212106131017 ], [ 418935.865186453331262, 7625543.389230191707611 ], [ 418942.811643313034438, 7625579.625711612403393 ], [ 418949.411334173404612, 7625626.084409359842539 ], [ 418953.829150468111038, 7625673.342606511898339 ], [ 418955.54591224482283, 7625710.883449129760265 ], [ 418955.366538287315052, 7625747.827248838730156 ], [ 418953.846518068399746, 7625774.9582878369838 ], [ 418951.039933096035384, 7625801.455009246245027 ], [ 418946.867168064345606, 7625827.200699372217059 ], [ 418941.256542283052113, 7625852.092660078778863 ], [ 418934.1409670363646, 7625876.047531082294881 ], [ 418925.438470721011981, 7625899.041351679712534 ], [ 418914.903951156244148, 7625921.624024434015155 ], [ 418902.536647191853262, 7625944.118515945971012 ], [ 418888.501885645266157, 7625966.534612321294844 ], [ 418872.993563508964144, 7625988.871567260473967 ], [ 418850.40147481468739, 7626018.533223950304091 ], [ 418826.144111154659186, 7626048.071868062019348 ], [ 418794.545826802786905, 7626084.469321872107685 ], [ 418762.008885502116755, 7626120.167837797664106 ], [ 418727.223067777522374, 7626156.892484205774963 ] ] ] } },
{ "type": "Feature", "properties": { "fid": 92.0, "COMPR_M": 1134.09, "CLASSE": "06 - Acima do limite", "CD_FAZ": "403206", "TALHOES": "1", "FAZ_tAL": "403206001", "ID_LINHA": 194110 }, "geometry": { "type": "MultiLineString", "coordinates": [ [ [ 418702.744110129773617, 7625175.004355782642961 ], [ 418740.147162153734826, 7625206.320176308974624 ], [ 418767.342364403884858, 7625231.120905564166605 ], [ 418792.621720320428722, 7625256.785171959549189 ], [ 418810.503434624755755, 7625277.02767316903919 ], [ 418832.942603174247779, 7625305.3729427177459 ], [ 418853.658151619543787, 7625335.096203850582242 ], [ 418872.524006230640225, 7625366.006707798689604 ], [ 418889.419562211376615, 7625397.909608892165124 ], [ 418904.230129685020074, 7625430.607249808497727 ], [ 418916.964402902696747, 7625464.105313597247005 ], [ 418927.778179784945678, 7625498.502867667004466 ], [ 418936.805091923859436, 7625533.795635815709829 ], [ 418944.172511236276478, 7625569.955695506185293 ], [ 418951.242046542931348, 7625616.315880885347724 ], [ 418956.124041207251139, 7625663.664730770513415 ], [ 418958.283147193491459, 7625701.440069075673819 ], [ 418958.601887038792484, 7625738.720016189850867 ], [ 418957.485953023424372, 7625766.170281085185707 ], [ 418956.044103370630182, 7625784.157088346779346 ], [ 418954.013826147478539, 7625801.850888540968299 ], [ 418949.813105783774517, 7625827.768485910259187 ], [ 418944.160149314382579, 7625852.847769404761493 ], [ 418936.984622236108407, 7625877.004066309891641 ], [ 418928.202024280326441, 7625900.209343332797289 ], [ 418917.577658775961027, 7625922.98504751175642 ], [ 418905.121684073237702, 7625945.641141447238624 ], [ 418891.004132126516197, 7625968.189703371375799 ], [ 418875.422247640963178, 7625990.63277898915112 ], [ 418852.750298031955026, 7626020.399562115781009 ], [ 418828.436564940784592, 7626050.006999702192843 ], [ 418796.785649889847264, 7626086.465128769166768 ], [ 418764.205240592185874, 7626122.211377924308181 ], [ 418731.907250227057375, 7626156.348690682090819 ] ] ] } },
{ "type": "Feature", "properties": { "fid": 93.0, "COMPR_M": 1137.69, "CLASSE": "06 - Acima do limite", "CD_FAZ": "403206", "TALHOES": "1", "FAZ_tAL": "403206001", "ID_LINHA": 194111 }, "geometry": { "type": "MultiLineString", "coordinates": [ [ [ 418702.867885103623848, 7625171.24807218182832 ], [ 418735.027368920913432, 7625197.926007084548473 ], [ 418762.764868179161567, 7625222.666199257597327 ], [ 418788.641221126541495, 7625248.174133512191474 ], [ 418812.797369725012686, 7625275.094179715961218 ], [ 418835.350611678150017, 7625303.583524676971138 ], [ 418856.170357650669757, 7625333.456283627077937 ], [ 418875.131139618344605, 7625364.522330025210977 ], [ 418892.112690188689157, 7625396.587641829624772 ], [ 418907.000339104328305, 7625429.455515768378973 ], [ 418919.799373657442629, 7625463.123771132901311 ], [ 418930.664044962846674, 7625497.682992642745376 ], [ 418939.729535757098347, 7625533.126328973099589 ], [ 418947.125148947001435, 7625569.424461603164673 ], [ 418954.218232522776816, 7625615.938357084989548 ], [ 418959.114798063179478, 7625663.428914335556328 ], [ 418961.281467840133701, 7625701.33806776534766 ], [ 418961.601442805316765, 7625738.77587242051959 ], [ 418960.479944803228136, 7625766.361549437046051 ], [ 418958.08460292336531, 7625793.384900761768222 ], [ 418954.327849590335973, 7625819.726367169991136 ], [ 418949.129718059790321, 7625845.277860892005265 ], [ 418942.415758149698377, 7625869.946744371205568 ], [ 418934.111675627413206, 7625893.66346057318151 ], [ 418924.033942220499739, 7625916.707914376631379 ], [ 418912.081445515854284, 7625939.57342476863414 ], [ 418898.411879078135826, 7625962.299298194237053 ], [ 418883.217844717670232, 7625984.891895920969546 ], [ 418860.962068619497586, 7626014.817510338500142 ], [ 418836.936816279194318, 7626044.543743435293436 ], [ 418805.444341885973699, 7626081.22210106253624 ], [ 418772.993060959328432, 7626117.143735639750957 ], [ 418736.582697748730425, 7626155.805911196395755 ] ] ] } },
{ "type": "Feature", "properties": { "fid": 94.0, "COMPR_M": 1141.3, "CLASSE": "06 - Acima do limite", "CD_FAZ": "403206", "TALHOES": "1", "FAZ_tAL": "403206001", "ID_LINHA": 194112 }, "geometry": { "type": "MultiLineString", "coordinates": [ [ [ 418702.99166008742759, 7625167.49178859218955 ], [ 418736.979991147527471, 7625195.648413009941578 ], [ 418764.812008875713218, 7625220.473127109929919 ], [ 418790.810340984317008, 7625246.101580165326595 ], [ 418815.091304833185859, 7625273.160686263814569 ], [ 418837.758620183041785, 7625301.79410663805902 ], [ 418858.682563672366086, 7625331.8163634063676 ], [ 418877.738273002614733, 7625363.037952248938382 ], [ 418894.805818166700192, 7625395.265674757771194 ], [ 418909.770548527536448, 7625428.303781723603606 ], [ 418922.634344401245471, 7625462.14222867321223 ], [ 418933.549910151166841, 7625496.863117626868188 ], [ 418942.653979597263969, 7625532.457022121176124 ], [ 418950.07778664981015, 7625568.893227709457278 ], [ 418957.194418507977389, 7625615.560833286494017 ], [ 418962.105554912355728, 7625663.193097904324532 ], [ 418964.279788498650305, 7625701.236066468060017 ], [ 418964.600998570327647, 7625738.831728634424508 ], [ 418963.473936577502172, 7625766.55281778704375 ], [ 418961.065153293253388, 7625793.726994667202234 ], [ 418957.284546745533589, 7625820.235103892162442 ], [ 418952.049231089185923, 7625845.968875247985125 ], [ 418945.281556749367155, 7625870.834697786718607 ], [ 418936.904019295354374, 7625894.760862131603062 ], [ 418926.737744386424311, 7625918.008167516440153 ], [ 418914.695587722526398, 7625941.045551227405667 ], [ 418900.94083786936244, 7625963.913301166146994 ], [ 418885.669861531234346, 7625986.620492262765765 ], [ 418863.328727947315201, 7626016.661189189180732 ], [ 418839.241272627317812, 7626046.464570550248027 ], [ 418807.693999909446575, 7626083.206816665828228 ], [ 418775.197318931983318, 7626119.178749763406813 ], [ 418741.25814527599141, 7626155.263131714425981 ] ] ] } },
{ "type": "Feature", "properties": { "fid": 95.0, "COMPR_M": 1144.91, "CLASSE": "06 - Acima do limite", "CD_FAZ": "403206", "TALHOES": "1", "FAZ_tAL": "403206001", "ID_LINHA": 194113 }, "geometry": { "type": "MultiLineString", "coordinates": [ [ [ 418703.115435061510652, 7625163.735504996962845 ], [ 418738.932613368495367, 7625193.370818926021457 ], [ 418766.859149570576847, 7625218.280054960399866 ], [ 418792.979460834467318, 7625244.029026811942458 ], [ 418817.385239931521937, 7625271.227192825637758 ], [ 418840.166628699400462, 7625300.004688600078225 ], [ 418861.194769705180079, 7625330.176443176344037 ], [ 418880.34540638467297, 7625361.553574478253722 ], [ 418897.498946148029063, 7625393.943707693368196 ], [ 418912.540757943992503, 7625427.152047680690885 ], [ 418925.469315147143789, 7625461.160686216317117 ], [ 418936.435775337624364, 7625496.04324259236455 ], [ 418945.578423432540148, 7625531.787715284153819 ], [ 418953.030424352618866, 7625568.361993806436658 ], [ 418958.924662737292238, 7625605.724772788584232 ], [ 418964.291994010156486, 7625653.382347381673753 ], [ 418966.896579123393167, 7625691.617723543196917 ], [ 418967.708561906183604, 7625729.505383098497987 ], [ 418966.983977724157739, 7625757.511577345430851 ], [ 418965.808530563721433, 7625775.917495355010033 ], [ 418964.045703671697993, 7625794.069088563323021 ], [ 418960.241243909054901, 7625820.743840610608459 ], [ 418954.968744118115865, 7625846.659889612346888 ], [ 418948.147355354682077, 7625871.722651191987097 ], [ 418939.696362959279213, 7625895.858263692818582 ], [ 418929.441546554444358, 7625919.308420661836863 ], [ 418917.309729924076237, 7625942.517677688039839 ], [ 418903.469796665362082, 7625965.527304138988256 ], [ 418888.121878339210525, 7625988.349088621325791 ], [ 418865.695387269952334, 7626018.504868041723967 ], [ 418841.545728978235275, 7626048.385397681966424 ], [ 418809.943657940544654, 7626085.191532276570797 ], [ 418777.401576896780171, 7626121.213763892650604 ], [ 418745.921529526414815, 7626154.721752684563398 ] ] ] } },
{ "type": "Feature", "properties": { "fid": 96.0, "COMPR_M": 1148.53, "CLASSE": "06 - Acima do limite", "CD_FAZ": "403206", "TALHOES": "1", "FAZ_tAL": "403206001", "ID_LINHA": 194114 }, "geometry": { "type": "MultiLineString", "coordinates": [ [ [ 418703.239083715947345, 7625159.983055079355836 ], [ 418740.885235591733363, 7625191.093224841170013 ], [ 418768.906290261191316, 7625216.086982810869813 ], [ 418795.148580688633956, 7625241.956473460420966 ], [ 418813.694723152089864, 7625262.303724205121398 ], [ 418837.01113715878455, 7625290.84638281352818 ], [ 418858.596016259165481, 7625320.83521818369627 ], [ 418878.324637165700551, 7625352.082888826727867 ], [ 418896.076589617645368, 7625384.398550409823656 ], [ 418911.736009530897718, 7625417.588021893054247 ], [ 418925.246590375318192, 7625451.552946986630559 ], [ 418936.744769344630186, 7625486.38134740665555 ], [ 418946.372283881530166, 7625522.066584091633558 ], [ 418954.265131567022763, 7625558.578203147277236 ], [ 418957.603093308047391, 7625577.131798849441111 ], [ 418961.897027143568266, 7625605.318237596191466 ], [ 418967.280235155660193, 7625653.116582989692688 ], [ 418969.893471589777619, 7625691.480099625885487 ], [ 418970.708599264849909, 7625729.51940543949604 ], [ 418969.980586415738799, 7625757.656027367338538 ], [ 418968.79903368151281, 7625776.157297233119607 ], [ 418967.026254039490595, 7625794.411182459443808 ], [ 418963.197941080317833, 7625821.25257732719183 ], [ 418957.888257157173939, 7625847.350903971120715 ], [ 418951.013153962208889, 7625872.610604599118233 ], [ 418942.488706623145845, 7625896.955665255896747 ], [ 418932.145348718040623, 7625920.608673801645637 ], [ 418919.923872133076657, 7625943.989804144948721 ], [ 418905.998755448497832, 7625967.141307108104229 ], [ 418890.573895145731512, 7625990.07768496312201 ], [ 418868.062046594102867, 7626020.348546907305717 ], [ 418843.850185332179535, 7626050.306224800646305 ], [ 418812.19331597071141, 7626087.17624788172543 ], [ 418786.190058167907409, 7626116.088411768898368 ], [ 418750.580698808364104, 7626154.180862975306809 ] ] ] } },
{ "type": "Feature", "properties": { "fid": 97.0, "COMPR_M": 1152.14, "CLASSE": "06 - Acima do limite", "CD_FAZ": "403206", "TALHOES": "1", "FAZ_tAL": "403206001", "ID_LINHA": 194115 }, "geometry": { "type": "MultiLineString", "coordinates": [ [ [ 418703.362500088172965, 7625156.237654488533735 ], [ 418742.83785782038467, 7625188.81563077121973 ], [ 418770.953430950117763, 7625213.89391066133976 ], [ 418797.317700546991546, 7625239.883920101448894 ], [ 418815.958501325338148, 7625260.335006769746542 ], [ 418839.391582519747317, 7625289.020457228645682 ], [ 418861.083061505225487, 7625319.157385155558586 ], [ 418880.908884242875502, 7625350.559016476385295 ], [ 418898.74904965935275, 7625383.035286535508931 ], [ 418914.487823164323345, 7625416.393000435084105 ], [ 418928.066721372306347, 7625450.529539487324655 ], [ 418939.619141330127604, 7625485.522035762667656 ], [ 418949.288132415153086, 7625521.360759940929711 ], [ 418957.211588380509056, 7625558.013679750263691 ], [ 418963.526066923630424, 7625595.439893685281277 ], [ 418969.363954961649142, 7625643.215471653267741 ], [ 418972.393182201893069, 7625681.736107308417559 ], [ 418973.688077145256102, 7625720.030194548889995 ], [ 418973.357161888037808, 7625748.42318070307374 ], [ 418970.974373317672871, 7625785.607446517795324 ], [ 418967.600366844097152, 7625812.834300314076245 ], [ 418962.76157772867009, 7625839.368819366209209 ], [ 418956.369641215656884, 7625865.109845117665827 ], [ 418948.338198219309561, 7625889.971933532506227 ], [ 418938.542427860724274, 7625913.995894914492965 ], [ 418926.840184208122082, 7625937.640832864679396 ], [ 418913.374198702163994, 7625961.018530022352934 ], [ 418898.345320164517034, 7625984.148612223565578 ], [ 418876.258077120990492, 7626014.631078375503421 ], [ 418852.347487834573258, 7626044.747861385345459 ], [ 418820.864604767994024, 7626081.844974795356393 ], [ 418788.402622897760011, 7626118.114392258226871 ], [ 418755.239218561328016, 7626153.64004865847528 ] ] ] } },
{ "type": "Feature", "properties": { "fid": 98.0, "COMPR_M": 1155.76, "CLASSE": "06 - Acima do limite", "CD_FAZ": "403206", "TALHOES": "1, 2", "FAZ_tAL": "403206001, 403206002", "ID_LINHA": 194116 }, "geometry": { "type": "MultiLineString", "coordinates": [ [ [ 418703.485916460747831, 7625152.492253892123699 ], [ 418744.790480043389834, 7625186.538036688230932 ], [ 418773.000571645912714, 7625211.700838502496481 ], [ 418799.486820410762448, 7625237.81136675644666 ], [ 418818.222279484267347, 7625258.366289334371686 ], [ 418841.772027885657735, 7625287.194531652145088 ], [ 418863.570106745988596, 7625317.479552119970322 ], [ 418883.493131329247262, 7625349.03514411766082 ], [ 418901.421509703912307, 7625381.672022678889334 ], [ 418917.239636793965474, 7625415.197978965938091 ], [ 418930.886852379597258, 7625449.506131986156106 ], [ 418942.493513323599473, 7625484.662724116817117 ], [ 418952.203980944876093, 7625520.654935797676444 ], [ 418960.158045195741579, 7625557.449156356975436 ], [ 418966.494191980746109, 7625595.003466760739684 ], [ 418972.349512155225966, 7625642.921116638928652 ], [ 418975.38830698968377, 7625681.564329120330513 ], [ 418976.688027454249095, 7625720.003982994705439 ], [ 418976.355599153088406, 7625748.522502679377794 ], [ 418973.960427296115085, 7625785.897518143057823 ], [ 418970.566344877937809, 7625813.285729993134737 ], [ 418965.695160573697649, 7625839.997376788407564 ], [ 418959.255383961135522, 7625865.930626063607633 ], [ 418951.157395304762758, 7625890.998351922258735 ], [ 418941.276257492660079, 7625915.231812693178654 ], [ 418929.483941134938505, 7625939.059121461585164 ], [ 418915.93079503061017, 7625962.588413262739778 ], [ 418900.821887056401465, 7625985.841866966336966 ], [ 418878.644025343237445, 7626016.449738036841154 ], [ 418854.665197545953561, 7626046.652682216838002 ], [ 418823.124455565819517, 7626083.818078061565757 ], [ 418790.615187628893182, 7626120.140372753143311 ], [ 418759.881043779081665, 7626153.10117244720459 ] ] ] } },
{ "type": "Feature", "properties": { "fid": 99.0, "COMPR_M": 1159.39, "CLASSE": "06 - Acima do limite", "CD_FAZ": "403206", "TALHOES": "1, 2", "FAZ_tAL": "403206001, 403206002", "ID_LINHA": 194117 }, "geometry": { "type": "MultiLineString", "coordinates": [ [ [ 418703.61041422560811, 7625148.747719815000892 ], [ 418739.440814196248539, 7625178.05465176794678 ], [ 418768.118309693760239, 7625203.119911227375269 ], [ 418795.175546072714496, 7625229.062555944547057 ], [ 418820.486057650472503, 7625256.397571908310056 ], [ 418844.152473249938339, 7625285.368606066331267 ], [ 418866.057151993270963, 7625315.801719084382057 ], [ 418886.077378407586366, 7625347.511271759867668 ], [ 418904.093969752080739, 7625380.308758803643286 ], [ 418919.991450433735736, 7625414.002957511693239 ], [ 418933.70698338537477, 7625448.482724482193589 ], [ 418945.367885312414728, 7625483.803412482142448 ], [ 418955.119829478790052, 7625519.949111648835242 ], [ 418963.104502011323348, 7625556.884632956236601 ], [ 418969.462317034252919, 7625594.567039827816188 ], [ 418975.335069352411665, 7625642.626761611551046 ], [ 418978.383431794121861, 7625681.392550933174789 ], [ 418979.68797777214786, 7625719.977771446108818 ], [ 418979.354036420118064, 7625748.621824650093913 ], [ 418976.946481287013739, 7625786.187589777633548 ], [ 418973.532322910614312, 7625813.737159674055874 ], [ 418968.628743418259546, 7625840.625934217125177 ], [ 418962.141126708942465, 7625866.751407003030181 ], [ 418953.976592386839911, 7625892.024770309217274 ], [ 418944.010087132104672, 7625916.467730479314923 ], [ 418932.127698067342862, 7625940.477410063147545 ], [ 418918.487391355389263, 7625964.158296510577202 ], [ 418903.298453948576935, 7625987.535121705383062 ], [ 418881.029973565484397, 7626018.268397700972855 ], [ 418856.98290726763662, 7626048.557503057643771 ], [ 418831.789256482210476, 7626078.41639225371182 ], [ 418799.405920589109883, 7626114.952016388997436 ], [ 418764.522868998523336, 7626152.562296226620674 ] ] ] } },
{ "type": "Feature", "properties": { "fid": 100.0, "COMPR_M": 1163.01, "CLASSE": "06 - Acima do limite", "CD_FAZ": "403206", "TALHOES": "1, 2", "FAZ_tAL": "403206001, 403206002", "ID_LINHA": 194118 }, "geometry": { "type": "MultiLineString", "coordinates": [ [ [ 418703.735187841230072, 7625145.00340676959604 ], [ 418741.374759307829663, 7625175.761185090988874 ], [ 418770.138974042434711, 7625200.902431916445494 ], [ 418797.312297189957462, 7625226.956655548885465 ], [ 418822.749835821450688, 7625254.428854469209909 ], [ 418840.748412734013982, 7625276.119486143812537 ], [ 418863.214214458537754, 7625306.351088550873101 ], [ 418883.816370816261042, 7625337.911533553153276 ], [ 418902.435275015130173, 7625370.61369645409286 ], [ 418918.95490575954318, 7625404.268461445346475 ], [ 418933.280847173649818, 7625438.717912177555263 ], [ 418945.499429819057696, 7625473.995501382276416 ], [ 418955.75958235305734, 7625510.09403295814991 ], [ 418964.206061847566161, 7625546.980280777439475 ], [ 418970.981115453061648, 7625584.611864946782589 ], [ 418976.227929853892419, 7625622.940203614532948 ], [ 418980.766735170444008, 7625671.502123437821865 ], [ 418982.540136865281966, 7625710.299568878486753 ], [ 418982.598333168425597, 7625739.16686597187072 ], [ 418980.761046173225623, 7625777.116504745557904 ], [ 418977.804970530909486, 7625805.0179229285568 ], [ 418975.0247297277092, 7625823.287524197250605 ], [ 418971.56232625967823, 7625841.254491635598242 ], [ 418965.026869447960053, 7625867.572187948971987 ], [ 418956.795789476018399, 7625893.051188698969781 ], [ 418946.743916769104544, 7625917.703648252412677 ], [ 418934.771454991598148, 7625941.8956986553967 ], [ 418921.043987688375637, 7625965.728179766796529 ], [ 418905.77502084086882, 7625989.228376447223127 ], [ 418883.415921777195763, 7626020.087057365104556 ], [ 418859.300616980646737, 7626050.462323884479702 ], [ 418834.059647095971741, 7626080.377359762787819 ], [ 418801.62718761828728, 7626116.96845299564302 ], [ 418769.158979957981501, 7626152.024083386175334 ] ] ] } },
{ "type": "Feature", "properties": { "fid": 101.0, "COMPR_M": 1166.65, "CLASSE": "06 - Acima do limite", "CD_FAZ": "403206", "TALHOES": "1, 2", "FAZ_tAL": "403206001, 403206002", "ID_LINHA": 194119 }, "geometry": { "type": "MultiLineString", "coordinates": [ [ [ 418703.859691676683724, 7625141.267189286649227 ], [ 418743.30870441487059, 7625173.467718409374356 ], [ 418772.159638389828615, 7625198.684952598065138 ], [ 418799.449048310867511, 7625224.850755143910646 ], [ 418825.013613991206512, 7625252.460137043148279 ], [ 418843.100667055638041, 7625274.257383292540908 ], [ 418865.675512730143964, 7625304.635708291083574 ], [ 418886.377171277767047, 7625336.34858135972172 ], [ 418905.086513179703616, 7625369.209608261473477 ], [ 418921.687699823640287, 7625403.030567293986678 ], [ 418936.085251256357878, 7625437.652155915275216 ], [ 418948.361504429369234, 7625473.096068972721696 ], [ 418958.666156099701766, 7625509.350926832295954 ], [ 418967.145779467304237, 7625546.381640080362558 ], [ 418973.944558347866405, 7625584.144687017425895 ], [ 418979.207551594881807, 7625622.590847415849566 ], [ 418983.759800136322156, 7625671.297625317238271 ], [ 418985.539495155680925, 7625710.234693303704262 ], [ 418985.597888933494687, 7625739.222722195088863 ], [ 418983.751549295033328, 7625777.356306618079543 ], [ 418980.778863575134892, 7625805.413802221417427 ], [ 418976.326545336516574, 7625832.878564761951566 ], [ 418970.292612608463969, 7625859.643753321841359 ], [ 418962.577518979087472, 7625885.612883318215609 ], [ 418953.074006226204801, 7625910.721268214285374 ], [ 418941.641027290606871, 7625935.23425521235913 ], [ 418928.387015998130664, 7625959.344770934432745 ], [ 418913.524350490188226, 7625983.085522865876555 ], [ 418891.599972797906958, 7626014.211684182286263 ], [ 418867.794348665163852, 7626044.796043828129768 ], [ 418842.718819572357461, 7626074.900492844171822 ], [ 418810.412594555586111, 7626111.721830049529672 ], [ 418773.782433782704175, 7626151.487339937128127 ] ] ] } },
{ "type": "Feature", "properties": { "fid": 102.0, "COMPR_M": 1170.28, "CLASSE": "06 - Acima do limite", "CD_FAZ": "403206", "TALHOES": "1, 2", "FAZ_tAL": "403206001, 403206002", "ID_LINHA": 194120 }, "geometry": { "type": "MultiLineString", "coordinates": [ [ [ 418703.98419521964388, 7625137.530980797484517 ], [ 418745.242649529245682, 7625171.174251743592322 ], [ 418774.180302737106103, 7625196.467473290860653 ], [ 418801.585799436084926, 7625222.744854748249054 ], [ 418821.00769616686739, 7625243.393829182721674 ], [ 418845.452921372198034, 7625272.395280439406633 ], [ 418868.13681099168025, 7625302.92032802850008 ], [ 418888.937971742474474, 7625334.785629164427519 ], [ 418907.737751337932423, 7625367.805520057678223 ], [ 418924.420493888144847, 7625401.79267312400043 ], [ 418938.889655335922725, 7625436.586399653926492 ], [ 418951.223579033801798, 7625472.196636565960944 ], [ 418961.572729861247353, 7625508.607820712029934 ], [ 418970.08549708960345, 7625545.782999388873577 ], [ 418976.908001256524585, 7625583.677509081549942 ], [ 418982.187173338839784, 7625622.241491217166185 ], [ 418986.752865105576348, 7625671.093127204105258 ], [ 418988.53885343944421, 7625710.169817713089287 ], [ 418988.597444695653394, 7625739.278578416444361 ], [ 418986.742052410147153, 7625777.596108501777053 ], [ 418983.752756627800409, 7625805.809681518934667 ], [ 418979.272483064851258, 7625833.446351300925016 ], [ 418973.196219638863113, 7625860.398862647823989 ], [ 418965.421174175280612, 7625886.569418540224433 ], [ 418955.837559776147828, 7625911.889259876683354 ], [ 418944.314734905434307, 7625936.595278291031718 ], [ 418930.97205287165707, 7625960.86739643663168 ], [ 418916.026596969226375, 7625984.740613929927349 ], [ 418894.006614096462727, 7626016.002884298563004 ], [ 418870.126831169181969, 7626046.682754914276302 ], [ 418845.000054571602959, 7626076.848835298791528 ], [ 418812.642950756649952, 7626113.728209724649787 ], [ 418778.405887598870322, 7626150.950596475973725 ] ] ] } },
{ "type": "Feature", "properties": { "fid": 103.0, "COMPR_M": 1173.92, "CLASSE": "06 - Acima do limite", "CD_FAZ": "403206", "TALHOES": "1, 2", "FAZ_tAL": "403206001, 403206002", "ID_LINHA": 194121 }, "geometry": { "type": "MultiLineString", "coordinates": [ [ [ 418704.108698762953281, 7625133.794772306457162 ], [ 418747.176594639196992, 7625168.880785062909126 ], [ 418776.200967082404532, 7625194.249993978999555 ], [ 418803.72255056432914, 7625220.638954352587461 ], [ 418823.240632192580961, 7625241.390197003260255 ], [ 418841.825361338094808, 7625263.097012525424361 ], [ 418865.072608284070157, 7625293.403644541278481 ], [ 418886.457511817570776, 7625325.102142985910177 ], [ 418905.861281173478346, 7625358.008074563927948 ], [ 418923.167712619237136, 7625391.935308733955026 ], [ 418938.266465703141876, 7625426.703508641570807 ], [ 418951.181035830348264, 7625462.277861112728715 ], [ 418962.059900323918555, 7625498.650638308376074 ], [ 418971.053867180016823, 7625535.78634943254292 ], [ 418978.311123294988647, 7625573.640320971608162 ], [ 418983.980092346086167, 7625612.163119103759527 ], [ 418989.022366586024873, 7625661.07075001206249 ], [ 418991.264674337871838, 7625700.318054685369134 ], [ 418991.708860767714214, 7625729.617561789229512 ], [ 418990.419862618320622, 7625768.274232912808657 ], [ 418987.890106649952941, 7625796.805839773267508 ], [ 418985.396235024905764, 7625815.542878406122327 ], [ 418982.218420800985768, 7625834.014137830585241 ], [ 418976.099826680961996, 7625861.15397197380662 ], [ 418968.264829375606496, 7625887.525953760370612 ], [ 418958.60111332469387, 7625913.057251527905464 ], [ 418946.988442519912496, 7625937.956301371566951 ], [ 418933.557089752983302, 7625962.390021936967969 ], [ 418918.528843464562669, 7625986.395704984664917 ], [ 418896.413255403458606, 7626017.794084422290325 ], [ 418872.459313670289703, 7626048.569465996697545 ], [ 418847.281289566075429, 7626078.797177752479911 ], [ 418814.873306946654338, 7626115.734589385800064 ], [ 418783.018515310250223, 7626150.415109847672284 ] ] ] } },
{ "type": "Feature", "properties": { "fid": 104.0, "COMPR_M": 1177.56, "CLASSE": "06 - Acima do limite", "CD_FAZ": "403206", "TALHOES": "1, 2", "FAZ_tAL": "403206001, 403206002", "ID_LINHA": 194122 }, "geometry": { "type": "MultiLineString", "coordinates": [ [ [ 418704.233202304632869, 7625130.058563821017742 ], [ 418749.110539743909612, 7625166.587318385019898 ], [ 418778.221631438180339, 7625192.032514661550522 ], [ 418805.859301686286926, 7625218.533053956925869 ], [ 418825.473568224231713, 7625239.386564821004868 ], [ 418844.148783571494278, 7625261.199055688455701 ], [ 418867.507564213592559, 7625291.65107224136591 ], [ 418888.99430056696292, 7625323.500512383878231 ], [ 418908.490744131384417, 7625356.563620018772781 ], [ 418925.880952819192316, 7625390.655126092024148 ], [ 418941.054235255869571, 7625425.59496178291738 ], [ 418954.029981366707943, 7625461.33766065351665 ], [ 418964.956489588483237, 7625497.869507161900401 ], [ 418973.986257236741949, 7625535.152776041068137 ], [ 418981.269413293222897, 7625573.141538424417377 ], [ 418986.956278324534651, 7625611.785595305263996 ], [ 418992.013123440730851, 7625660.834933578036726 ], [ 418994.26299499720335, 7625700.216053370386362 ], [ 418994.708898125623818, 7625729.631584130227566 ], [ 418993.41385439876467, 7625768.465501256287098 ], [ 418990.87065703026019, 7625797.147933680564165 ], [ 418988.362213053973392, 7625815.994308091700077 ], [ 418985.164358526992146, 7625834.581924369558692 ], [ 418979.00343371310737, 7625861.909081300720572 ], [ 418971.108484560914803, 7625888.482488988898695 ], [ 418961.364666871144436, 7625914.225243179127574 ], [ 418949.662150134798139, 7625939.317324448376894 ], [ 418936.1421266401303, 7625963.912647436372936 ], [ 418921.031089942436665, 7625988.05079604126513 ], [ 418898.819896704517305, 7626019.585284540429711 ], [ 418874.791796160512604, 7626050.456177083775401 ], [ 418849.562524565553758, 7626080.745520202443004 ], [ 418817.103663137357216, 7626117.740969052538276 ], [ 418787.622610753402114, 7626149.8806137368083 ] ] ] } },
{ "type": "Feature", "properties": { "fid": 105.0, "COMPR_M": 1181.21, "CLASSE": "06 - Acima do limite", "CD_FAZ": "403206", "TALHOES": "1, 2", "FAZ_tAL": "403206001, 403206002", "ID_LINHA": 194123 }, "geometry": { "type": "MultiLineString", "coordinates": [ [ [ 418704.357601062336471, 7625126.325499761849642 ], [ 418743.563533941691276, 7625158.034669623710215 ], [ 418773.063682018779218, 7625183.348894845694304 ], [ 418801.212681240751408, 7625209.648434296250343 ], [ 418827.706504252040759, 7625237.382932635955513 ], [ 418846.472205793659668, 7625259.30109884403646 ], [ 418869.942520135897212, 7625289.898499956354499 ], [ 418891.531089321943, 7625321.898881788365543 ], [ 418911.120207084750291, 7625355.119165479205549 ], [ 418928.594193020719104, 7625389.374943444505334 ], [ 418940.242852141615003, 7625415.634707279503345 ], [ 418953.819022624171339, 7625451.345261629670858 ], [ 418965.294427215587348, 7625487.844492359086871 ], [ 418974.822861774999183, 7625525.094646810553968 ], [ 418982.556801403639838, 7625563.04965478926897 ], [ 418988.64830680587329, 7625601.659420909360051 ], [ 418994.174405514844693, 7625650.72470342554152 ], [ 418996.86550377466483, 7625690.241484357975423 ], [ 418997.687679651426151, 7625719.82050213124603 ], [ 418996.95006457308773, 7625758.956077501177788 ], [ 418994.862805213429965, 7625787.928019586950541 ], [ 418992.674435774679296, 7625806.997319413349032 ], [ 418989.808215543744154, 7625825.831207789480686 ], [ 418984.163874451653101, 7625853.570033235475421 ], [ 418976.805341400089674, 7625880.602185281924903 ], [ 418967.619799620006233, 7625906.83227929379791 ], [ 418956.479568214155734, 7625932.310952072963119 ], [ 418943.451151987654157, 7625957.238942300900817 ], [ 418928.759384576929733, 7625981.66733386926353 ], [ 418906.995141368941404, 7626013.528531543910503 ], [ 418883.28499986033421, 7626044.661958176642656 ], [ 418858.23846423055511, 7626075.163711057975888 ], [ 418825.903350039385259, 7626112.410618392750621 ], [ 418792.22670619096607, 7626149.346117622219026 ] ] ] } },
{ "type": "Feature", "properties": { "fid": 106.0, "COMPR_M": 1184.86, "CLASSE": "06 - Acima do limite", "CD_FAZ": "403206", "TALHOES": "1, 2", "FAZ_tAL": "403206001, 403206002", "ID_LINHA": 194124 }, "geometry": { "type": "MultiLineString", "coordinates": [ [ [ 418704.481924924824852, 7625122.594683068804443 ], [ 418745.480886152829044, 7625155.727319957688451 ], [ 418775.059721624478698, 7625181.109234785661101 ], [ 418803.318021308223251, 7625207.511144381016493 ], [ 418816.839779250265565, 7625221.23093993589282 ], [ 418829.939440283807926, 7625235.37930045556277 ], [ 418848.795628018211573, 7625257.4031420070678 ], [ 418872.377476053778082, 7625288.145927663892508 ], [ 418894.067878062662203, 7625320.29725119099021 ], [ 418913.749670045566745, 7625353.674710942432284 ], [ 418931.307433224515989, 7625388.094760799780488 ], [ 418943.013061564939562, 7625414.482973238453269 ], [ 418956.653993370186072, 7625450.363719176501036 ], [ 418968.180292402743362, 7625487.024617334827781 ], [ 418977.747305612836499, 7625524.42533995769918 ], [ 418985.50943910877686, 7625562.518420880660415 ], [ 418991.620671213429887, 7625601.252885713241994 ], [ 418997.162646661920007, 7625650.458939021453261 ], [ 418999.862396243959665, 7625690.10386043600738 ], [ 419000.687629975145683, 7625719.794290578924119 ], [ 418999.946673252037726, 7625759.100527510046959 ], [ 418997.84885920927627, 7625788.218091217800975 ], [ 418995.648328819894232, 7625807.39319870993495 ], [ 418992.764912711281795, 7625826.339944499544799 ], [ 418987.083387487917207, 7625854.261047588661313 ], [ 418979.671139998710714, 7625881.490138692781329 ], [ 418970.412143282825127, 7625907.929680854082108 ], [ 418959.183370377751999, 7625933.611205222085118 ], [ 418946.065294196712784, 7625958.711068763397634 ], [ 418931.288343360938597, 7625983.281336840242147 ], [ 418909.423825495876372, 7626015.289743272587657 ], [ 418885.633823077427223, 7626046.528296338394284 ], [ 418860.530918022035621, 7626077.098842700943351 ], [ 418828.143173124815803, 7626114.406425291672349 ], [ 418796.814977222471498, 7626148.813458586111665 ] ] ] } },
{ "type": "Feature", "properties": { "fid": 107.0, "COMPR_M": 1188.52, "CLASSE": "06 - Acima do limite", "CD_FAZ": "403206", "TALHOES": "1, 2", "FAZ_tAL": "403206001, 403206002", "ID_LINHA": 194125 }, "geometry": { "type": "MultiLineString", "coordinates": [ [ [ 418704.606248764088377, 7625118.863867159932852 ], [ 418747.398238374385983, 7625153.419970290735364 ], [ 418777.055761231225915, 7625178.869574730284512 ], [ 418805.423361380642746, 7625205.373854473233223 ], [ 418825.642607325455174, 7625226.211571827530861 ], [ 418844.912461176107172, 7625248.025271436199546 ], [ 418869.062730805133469, 7625278.531672118231654 ], [ 418891.341242046211846, 7625310.497400497086346 ], [ 418911.631007038755342, 7625343.741041203960776 ], [ 418929.816481875721365, 7625378.080102873034775 ], [ 418942.005959510686807, 7625404.442785813473165 ], [ 418956.268031407729723, 7625440.295464472845197 ], [ 418968.362861226778477, 7625476.928919330239296 ], [ 418978.446617757435888, 7625514.302518490701914 ], [ 418986.67615653941175, 7625552.368445821106434 ], [ 418993.207317503867671, 7625591.075624421238899 ], [ 418999.21952692233026, 7625640.271921441890299 ], [ 419002.344430154189467, 7625680.018325407058001 ], [ 419003.687580284662545, 7625719.768079025670886 ], [ 419002.94328193902038, 7625759.244977530092001 ], [ 419000.834913195169065, 7625788.508162852376699 ], [ 418998.622221873491071, 7625807.78907801117748 ], [ 418995.721609874570277, 7625826.848681219853461 ], [ 418990.002900524297729, 7625854.952061960473657 ], [ 418982.536938599660061, 7625882.378092103637755 ], [ 418973.204486952163279, 7625909.027082417160273 ], [ 418961.887172546063084, 7625934.911458365619183 ], [ 418948.679436401289422, 7625960.183195216581225 ], [ 418933.817302159674, 7625984.895339815877378 ], [ 418911.852509635093156, 7626017.050955012440681 ], [ 418887.982646289863624, 7626048.394634488970041 ], [ 418862.823371816601139, 7626079.033974351361394 ], [ 418830.382996209606063, 7626116.402232178486884 ], [ 418801.398769295075908, 7626148.28131952509284 ] ] ] } },
{ "type": "Feature", "properties": { "fid": 108.0, "COMPR_M": 1192.18, "CLASSE": "06 - Acima do limite", "CD_FAZ": "403206", "TALHOES": "1, 2", "FAZ_tAL": "403206001, 403206002", "ID_LINHA": 194126 }, "geometry": { "type": "MultiLineString", "coordinates": [ [ [ 418704.730572577973362, 7625115.133052045479417 ], [ 418749.315590591169894, 7625151.112620633095503 ], [ 418779.051800838438794, 7625176.6299146739766 ], [ 418807.52870144759072, 7625203.236564565449953 ], [ 418827.84399979468435, 7625224.173331815749407 ], [ 418847.206396281078923, 7625246.091777988709509 ], [ 418871.470739308395423, 7625276.742254085838795 ], [ 418893.853448076581117, 7625308.857480278238654 ], [ 418914.238140424073208, 7625342.256663432344794 ], [ 418932.509609847445972, 7625376.758135795593262 ], [ 418944.757773149234708, 7625403.247764348983765 ], [ 418959.088162404426839, 7625439.272056971676648 ], [ 418971.237233209772967, 7625476.069607688114047 ], [ 418981.362466295599006, 7625513.596694341860712 ], [ 418989.622613353945781, 7625551.803922428749502 ], [ 418996.175442553241737, 7625590.639197492972016 ], [ 419002.205084116721991, 7625639.977566429413855 ], [ 419005.33955495536793, 7625679.846547214314342 ], [ 419006.687530593306292, 7625719.741867470555007 ], [ 419005.939890625653788, 7625759.389427535235882 ], [ 419003.820967182342429, 7625788.798234485089779 ], [ 419001.596114924992435, 7625808.184957313351333 ], [ 418998.67830703506479, 7625827.357417934574187 ], [ 418992.922413559746929, 7625855.643076315522194 ], [ 418985.402737206837628, 7625883.266045518219471 ], [ 418975.996830621501431, 7625910.124483983963728 ], [ 418964.590974707971327, 7625936.211711505427957 ], [ 418951.293578602024354, 7625961.655321684665978 ], [ 418936.346260944730602, 7625986.509342795237899 ], [ 418914.281193764472846, 7626018.81216674298048 ], [ 418890.331469509925228, 7626050.260972654446959 ], [ 418865.11582560633542, 7626080.969105985015631 ], [ 418839.189212328870781, 7626110.992835180833936 ], [ 418805.98256138630677, 7626147.749180465936661 ] ] ] } },
{ "type": "Feature", "properties": { "fid": 109.0, "COMPR_M": 1195.86, "CLASSE": "06 - Acima do limite", "CD_FAZ": "403206", "TALHOES": "1, 2", "FAZ_tAL": "403206001, 403206002", "ID_LINHA": 194127 }, "geometry": { "type": "MultiLineString", "coordinates": [ [ [ 418704.854884841479361, 7625111.402583724819124 ], [ 418751.232942804461345, 7625148.805270975455642 ], [ 418781.047840446059126, 7625174.39025461114943 ], [ 418809.634041520184837, 7625201.099274651147425 ], [ 418830.045392258383799, 7625222.135091807693243 ], [ 418849.500331384828314, 7625244.158284543082118 ], [ 418861.918701606395189, 7625259.36056050285697 ], [ 418873.878747822542209, 7625274.952836042270064 ], [ 418896.365654106077272, 7625307.217560051009059 ], [ 418916.845273815677501, 7625340.77228566724807 ], [ 418926.29641844634898, 7625357.976902700960636 ], [ 418935.202737832907587, 7625375.436168730258942 ], [ 418947.509586780681275, 7625402.052742889150977 ], [ 418954.993083079985809, 7625420.052227471023798 ], [ 418961.908293410146143, 7625438.248649470508099 ], [ 418974.111605200741906, 7625475.210296036675572 ], [ 418984.278314827242866, 7625512.890870197676122 ], [ 418992.569070168246981, 7625551.239399028941989 ], [ 418999.143567616818473, 7625590.202770568430424 ], [ 419005.190641314198729, 7625639.683211402967572 ], [ 419008.33467975014355, 7625679.674769023433328 ], [ 419009.687480910099111, 7625719.715655913576484 ], [ 419008.936499311239459, 7625759.533877551555634 ], [ 419006.807021169399377, 7625789.088306128978729 ], [ 419004.570007963629905, 7625808.580836618319154 ], [ 419001.635004194569774, 7625827.866154655814171 ], [ 418995.841926594031975, 7625856.334090679883957 ], [ 418988.268535807146691, 7625884.153998920693994 ], [ 418978.78917428816203, 7625911.221885541453958 ], [ 418967.294776875292882, 7625937.511964644305408 ], [ 418953.90772080887109, 7625963.127448140643537 ], [ 418938.875219736073632, 7625988.123345760628581 ], [ 418922.450113639351912, 7626012.54943748190999 ], [ 418898.828617855207995, 7626044.316372018307447 ], [ 418873.808117867039982, 7626075.276977363973856 ], [ 418841.4388703572331, 7626112.97755078971386 ], [ 418810.545811374788173, 7626147.219426162540913 ] ] ] } },
{ "type": "Feature", "properties": { "fid": 110.0, "COMPR_M": 1199.53, "CLASSE": "06 - Acima do limite", "CD_FAZ": "403206", "TALHOES": "1, 2", "FAZ_tAL": "403206001, 403206002", "ID_LINHA": 194128 }, "geometry": { "type": "MultiLineString", "coordinates": [ [ [ 418704.979119333613198, 7625107.674448886886239 ], [ 418753.15029501641402, 7625146.497921312227845 ], [ 418783.043880054203328, 7625172.150594547390938 ], [ 418811.739381585910451, 7625198.961984748020768 ], [ 418832.246784723247401, 7625220.096851795911789 ], [ 418851.794266486656852, 7625242.224791088141501 ], [ 418864.270955928834155, 7625257.498457650654018 ], [ 418876.286756327783223, 7625273.163418002426624 ], [ 418898.877860126260202, 7625305.577639826573431 ], [ 418919.45240719395224, 7625339.287907898426056 ], [ 418928.947656609467231, 7625356.572814505547285 ], [ 418937.8958658092306, 7625374.114201661199331 ], [ 418950.261400415678509, 7625400.857721427455544 ], [ 418957.780852637952194, 7625418.943680614233017 ], [ 418964.728424416913185, 7625437.225241962820292 ], [ 418976.9859771883348, 7625474.350984392687678 ], [ 418987.194163365638815, 7625512.185046046972275 ], [ 418995.515526984119788, 7625550.67487564496696 ], [ 419002.111692674690858, 7625589.766343647614121 ], [ 419007.1445958300028, 7625629.403834098950028 ], [ 419010.697384834405966, 7625669.457142245955765 ], [ 419012.533719766652212, 7625709.650813041254878 ], [ 419012.336846341611817, 7625749.714366400614381 ], [ 419010.666077397065237, 7625779.514523530378938 ], [ 419008.753959269321058, 7625799.200497079640627 ], [ 419006.158081235189456, 7625818.702886175364256 ], [ 419000.898154663853347, 7625847.540065879002213 ], [ 418993.884296929696575, 7625875.779997391626239 ], [ 418984.987760310643353, 7625903.315372593700886 ], [ 418974.08221311122179, 7625930.062826028093696 ], [ 418961.209024278097786, 7625956.078584616072476 ], [ 418946.6099509933847, 7625981.427012240514159 ], [ 418936.044568850426003, 7625997.981342375278473 ], [ 418924.902130446396768, 7626014.2780338274315 ], [ 418901.195277178951073, 7626046.160050870850682 ], [ 418876.112574215978384, 7626077.197804484516382 ], [ 418843.688528383907396, 7626114.962266394868493 ], [ 418815.108398632670287, 7626146.689748790115118 ] ] ] } },
{ "type": "Feature", "properties": { "fid": 111.0, "COMPR_M": 1203.21, "CLASSE": "06 - Acima do limite", "CD_FAZ": "403206", "TALHOES": "1, 2", "FAZ_tAL": "403206001, 403206002", "ID_LINHA": 194129 }, "geometry": { "type": "MultiLineString", "coordinates": [ [ [ 418705.103353838669136, 7625103.94631405826658 ], [ 418747.43935061187949, 7625137.894929502159357 ], [ 418777.640587643196341, 7625163.386296363547444 ], [ 418806.774997644650284, 7625189.9600715842098 ], [ 418827.685378537513316, 7625210.86817317828536 ], [ 418847.651395649299957, 7625232.772962706163526 ], [ 418860.412739148363471, 7625247.913357818499207 ], [ 418872.717817619908601, 7625263.457499071955681 ], [ 418884.552255677990615, 7625279.383066220209002 ], [ 418895.901694975909777, 7625295.66772267408669 ], [ 418906.751821812184062, 7625312.289098205044866 ], [ 418917.088343400275335, 7625329.224803521297872 ], [ 418926.896984839637298, 7625346.452438235282898 ], [ 418936.163490304257721, 7625363.949592415243387 ], [ 418949.015640470315702, 7625390.651625688187778 ], [ 418956.864108658395708, 7625408.724303044378757 ], [ 418964.129292052413803, 7625426.994593266397715 ], [ 418976.98225049150642, 7625464.101744855754077 ], [ 418987.731893620686606, 7625501.919865589588881 ], [ 418996.542955699143931, 7625540.395233176648617 ], [ 419003.578987374319695, 7625579.472907654941082 ], [ 419010.127308259136043, 7625629.08194418810308 ], [ 419013.690449807443656, 7625669.252644134685397 ], [ 419015.533078058273531, 7625709.585937460884452 ], [ 419015.335283612192143, 7625749.813688369467854 ], [ 419013.656580518465489, 7625779.754325412213802 ], [ 419011.73450963338837, 7625799.542590982280672 ], [ 419009.124059258378111, 7625819.154315859079361 ], [ 419003.831737511791289, 7625848.168623308651149 ], [ 418996.770039677736349, 7625876.600778329186141 ], [ 418987.806957396562211, 7625904.341790992766619 ], [ 418976.816042744612787, 7625931.298743801191449 ], [ 418963.852781211258844, 7625957.496873218566179 ], [ 418949.166547324508429, 7625982.996895492076874 ], [ 418938.546815335575957, 7625999.636433431878686 ], [ 418927.354147262405604, 7626016.0066301766783 ], [ 418909.661352187336888, 7626040.092313673347235 ], [ 418884.795423857285641, 7626071.415353096090257 ], [ 418852.502515892847441, 7626109.468420567922294 ], [ 418819.668240466795396, 7626146.160390147008002 ] ] ] } },
{ "type": "Feature", "properties": { "fid": 112.0, "COMPR_M": 1210.58, "CLASSE": "06 - Acima do limite", "CD_FAZ": "403206", "TALHOES": "1, 2", "FAZ_tAL": "403206001, 403206002", "ID_LINHA": 194130 }, "geometry": { "type": "MultiLineString", "coordinates": [ [ [ 418705.351827422331553, 7625096.489906594157219 ], [ 418748.129505896591581, 7625130.706923799589276 ], [ 418782.394972975482233, 7625159.572714903391898 ], [ 418810.759159615787212, 7625185.467902122065425 ], [ 418833.402934258570895, 7625208.171413963660598 ], [ 418854.952064860670362, 7625232.045718383044004 ], [ 418879.261086360085756, 7625262.140298205427825 ], [ 418901.782513175392523, 7625293.659771877340972 ], [ 418922.413766246987507, 7625326.443400267511606 ], [ 418941.052141259424388, 7625360.330531481653452 ], [ 418954.987651577161159, 7625389.296875689178705 ], [ 418969.711407720576972, 7625424.791603216901422 ], [ 418982.292449258966371, 7625460.990144539624453 ], [ 418992.876334052009042, 7625497.836794206872582 ], [ 419001.614982041588519, 7625535.2797194076702 ], [ 419008.659849931369536, 7625573.267134426161647 ], [ 419014.940960383508354, 7625618.205042409710586 ], [ 419019.312064765719697, 7625663.717339057475328 ], [ 419021.365395356202498, 7625702.984686752781272 ], [ 419021.545296154858079, 7625742.238618509843946 ], [ 419020.050864245044068, 7625774.767886314541101 ], [ 419016.878994639962912, 7625806.984101308509707 ], [ 419011.858324344968423, 7625838.749020231887698 ], [ 419004.81702875031624, 7625869.92389720864594 ], [ 418995.583232579287142, 7625900.369278024882078 ], [ 418986.502486903977115, 7625924.106029901653528 ], [ 418973.030596263823099, 7625952.925846987403929 ], [ 418957.487077824363951, 7625980.849413985386491 ], [ 418940.205925841350108, 7626007.951218141242862 ], [ 418917.643297504051588, 7626039.493750875815749 ], [ 418893.632067334430758, 7626070.08917570207268 ], [ 418864.533229643304367, 7626104.759349731728435 ], [ 418828.752341031096876, 7626145.105803745798767 ] ] ] } },
{ "type": "Feature", "properties": { "fid": 113.0, "COMPR_M": 425.0, "CLASSE": "03 - Média", "CD_FAZ": "403206", "TALHOES": "2", "FAZ_tAL": "403206002", "ID_LINHA": 194131 }, "geometry": { "type": "MultiLineString", "coordinates": [ [ [ 419220.477633425733075, 7624767.882301555946469 ], [ 419257.649541824241169, 7624805.370415669865906 ], [ 419290.8534758760361, 7624841.786000419408083 ], [ 419322.418228499533143, 7624879.31502992939204 ], [ 419337.593965520558413, 7624898.487819783389568 ], [ 419359.604350220295601, 7624927.747506205923855 ], [ 419387.551292445976287, 7624967.68143430352211 ], [ 419407.462725441670045, 7624998.314944825135171 ], [ 419420.236389625584707, 7625019.060134897939861 ], [ 419444.574974840739742, 7625061.322239149361849 ], [ 419456.13495598064037, 7625082.838656546548009 ], [ 419469.663145719852764, 7625109.433076657354832 ] ] ] } },
{ "type": "Feature", "properties": { "fid": 114.0, "COMPR_M": 10.89, "CLASSE": "01 - Muito curta", "CD_FAZ": "403206", "TALHOES": "2", "FAZ_tAL": "403206002", "ID_LINHA": 194132 }, "geometry": { "type": "MultiLineString", "coordinates": [ [ [ 419469.94196874264162, 7624682.01003110781312 ], [ 419477.086918188608252, 7624690.218389622867107 ] ] ] } },
{ "type": "Feature", "properties": { "fid": 115.0, "COMPR_M": 15.44, "CLASSE": "01 - Muito curta", "CD_FAZ": "403206", "TALHOES": "2", "FAZ_tAL": "403206002", "ID_LINHA": 194133 }, "geometry": { "type": "MultiLineString", "coordinates": [ [ [ 419466.871633313479833, 7624683.06692236289382 ], [ 419477.007434991712216, 7624694.70674404501915 ] ] ] } },
{ "type": "Feature", "properties": { "fid": 116.0, "COMPR_M": 20.0, "CLASSE": "01 - Muito curta", "CD_FAZ": "403206", "TALHOES": "2", "FAZ_tAL": "403206002", "ID_LINHA": 194134 }, "geometry": { "type": "MultiLineString", "coordinates": [ [ [ 419463.801297887577675, 7624684.123813613317907 ], [ 419476.927767126762774, 7624699.205526988953352 ] ] ] } },
{ "type": "Feature", "properties": { "fid": 117.0, "COMPR_M": 24.59, "CLASSE": "01 - Muito curta", "CD_FAZ": "403206", "TALHOES": "2", "FAZ_tAL": "403206002", "ID_LINHA": 194135 }, "geometry": { "type": "MultiLineString", "coordinates": [ [ [ 419460.730962474714033, 7624685.180704863741994 ], [ 419476.847388048423454, 7624703.744471380487084 ] ] ] } },
{ "type": "Feature", "properties": { "fid": 118.0, "COMPR_M": 29.18, "CLASSE": "01 - Muito curta", "CD_FAZ": "403206", "TALHOES": "2", "FAZ_tAL": "403206002", "ID_LINHA": 194136 }, "geometry": { "type": "MultiLineString", "coordinates": [ [ [ 419457.660627044620924, 7624686.237596120685339 ], [ 419476.767008968803566, 7624708.283415762707591 ] ] ] } },
{ "type": "Feature", "properties": { "fid": 119.0, "COMPR_M": 33.77, "CLASSE": "01 - Muito curta", "CD_FAZ": "403206", "TALHOES": "2", "FAZ_tAL": "403206002", "ID_LINHA": 194137 }, "geometry": { "type": "MultiLineString", "coordinates": [ [ [ 419454.590291628264822, 7624687.294487374834716 ], [ 419476.686629885924049, 7624712.822360143065453 ] ] ] } },
{ "type": "Feature", "properties": { "fid": 120.0, "COMPR_M": 38.37, "CLASSE": "01 - Muito curta", "CD_FAZ": "403206", "TALHOES": "2", "FAZ_tAL": "403206002", "ID_LINHA": 194138 }, "geometry": { "type": "MultiLineString", "coordinates": [ [ [ 419451.519956201897003, 7624688.351378623396158 ], [ 419476.606250813696533, 7624717.361304525285959 ] ] ] } },
{ "type": "Feature", "properties": { "fid": 121.0, "COMPR_M": 42.99, "CLASSE": "01 - Muito curta", "CD_FAZ": "403206", "TALHOES": "2", "FAZ_tAL": "403206002", "ID_LINHA": 194139 }, "geometry": { "type": "MultiLineString", "coordinates": [ [ [ 419448.44962078134995, 7624689.408269872888923 ], [ 419476.525005936156958, 7624721.949139567092061 ] ] ] } },
{ "type": "Feature", "properties": { "fid": 122.0, "COMPR_M": 47.62, "CLASSE": "01 - Muito curta", "CD_FAZ": "403206", "TALHOES": "2", "FAZ_tAL": "403206002", "ID_LINHA": 194140 }, "geometry": { "type": "MultiLineString", "coordinates": [ [ [ 419445.379285362025257, 7624690.465161125175655 ], [ 419476.443704963894561, 7624726.54014272429049 ] ] ] } },
{ "type": "Feature", "properties": { "fid": 123.0, "COMPR_M": 52.25, "CLASSE": "01 - Muito curta", "CD_FAZ": "403206", "TALHOES": "2", "FAZ_tAL": "403206002", "ID_LINHA": 194141 }, "geometry": { "type": "MultiLineString", "coordinates": [ [ [ 419442.308949934027623, 7624691.522052377462387 ], [ 419476.362403993902262, 7624731.131145871244371 ] ] ] } },
{ "type": "Feature", "properties": { "fid": 124.0, "COMPR_M": 56.89, "CLASSE": "01 - Muito curta", "CD_FAZ": "403206", "TALHOES": "2", "FAZ_tAL": "403206002", "ID_LINHA": 194142 }, "geometry": { "type": "MultiLineString", "coordinates": [ [ [ 419439.23756499402225, 7624692.579304901883006 ], [ 419476.281103010289371, 7624735.722149016335607 ] ] ] } },
{ "type": "Feature", "properties": { "fid": 125.0, "COMPR_M": 61.55, "CLASSE": "01 - Muito curta", "CD_FAZ": "403206", "TALHOES": "2", "FAZ_tAL": "403206002", "ID_LINHA": 194143 }, "geometry": { "type": "MultiLineString", "coordinates": [ [ [ 419436.154265795601532, 7624693.640658629126847 ], [ 419455.985264967486728, 7624716.256347145885229 ], [ 419476.199044366250746, 7624740.355937529355288 ] ] ] } },
{ "type": "Feature", "properties": { "fid": 126.0, "COMPR_M": 66.23, "CLASSE": "01 - Muito curta", "CD_FAZ": "403206", "TALHOES": "2", "FAZ_tAL": "403206002", "ID_LINHA": 194144 }, "geometry": { "type": "MultiLineString", "coordinates": [ [ [ 419433.070966586179566, 7624694.702012371271849 ], [ 419453.708624059800059, 7624718.210094768553972 ], [ 419476.116794340021443, 7624745.000532668083906 ] ] ] } },
{ "type": "Feature", "properties": { "fid": 127.0, "COMPR_M": 70.91, "CLASSE": "01 - Muito curta", "CD_FAZ": "403206", "TALHOES": "2", "FAZ_tAL": "403206002", "ID_LINHA": 194145 }, "geometry": { "type": "MultiLineString", "coordinates": [ [ [ 419429.987667387002148, 7624695.763366095721722 ], [ 419451.431983148911968, 7624720.16384238563478 ], [ 419476.034544321475551, 7624749.645127806812525 ] ] ] } },
{ "type": "Feature", "properties": { "fid": 128.0, "COMPR_M": 75.58, "CLASSE": "01 - Muito curta", "CD_FAZ": "403206", "TALHOES": "2", "FAZ_tAL": "403206002", "ID_LINHA": 194146 }, "geometry": { "type": "MultiLineString", "coordinates": [ [ [ 419426.90436817810405, 7624696.824719832278788 ], [ 419449.155342245299835, 7624722.117590008303523 ], [ 419475.952294293500017, 7624754.289722945541143 ] ] ] } },
{ "type": "Feature", "properties": { "fid": 129.0, "COMPR_M": 80.29, "CLASSE": "01 - Muito curta", "CD_FAZ": "403206", "TALHOES": "2", "FAZ_tAL": "403206002", "ID_LINHA": 194147 }, "geometry": { "type": "MultiLineString", "coordinates": [ [ [ 419423.821068977471441, 7624697.886073561385274 ], [ 419446.878701339184772, 7624724.071337628178298 ], [ 419475.869283023232128, 7624758.977305340580642 ] ] ] } },
{ "type": "Feature", "properties": { "fid": 130.0, "COMPR_M": 85.01, "CLASSE": "01 - Muito curta", "CD_FAZ": "403206", "TALHOES": "2", "FAZ_tAL": "403206002", "ID_LINHA": 194148 }, "geometry": { "type": "MultiLineString", "coordinates": [ [ [ 419420.737769776489586, 7624698.947427293285728 ], [ 419444.60206042858772, 7624726.025085242465138 ], [ 419475.786055586417206, 7624763.677094367332757 ] ] ] } },
{ "type": "Feature", "properties": { "fid": 131.0, "COMPR_M": 89.73, "CLASSE": "01 - Muito curta", "CD_FAZ": "403206", "TALHOES": "2", "FAZ_tAL": "403206002", "ID_LINHA": 194149 }, "geometry": { "type": "MultiLineString", "coordinates": [ [ [ 419417.654470575042069, 7624700.0087810177356 ], [ 419451.485340101178735, 7624738.76087930239737 ], [ 419475.702828147565015, 7624768.376883404329419 ] ] ] } },
{ "type": "Feature", "properties": { "fid": 132.0, "COMPR_M": 94.45, "CLASSE": "01 - Muito curta", "CD_FAZ": "403206", "TALHOES": "2", "FAZ_tAL": "403206002", "ID_LINHA": 194150 }, "geometry": { "type": "MultiLineString", "coordinates": [ [ [ 419414.571171371848322, 7624701.070134758017957 ], [ 419449.189363423269242, 7624740.691866995766759 ], [ 419475.619600708712824, 7624773.076672442257404 ] ] ] } },
{ "type": "Feature", "properties": { "fid": 133.0, "COMPR_M": 99.21, "CLASSE": "01 - Muito curta", "CD_FAZ": "403206", "TALHOES": "2", "FAZ_tAL": "403206002", "ID_LINHA": 194151 }, "geometry": { "type": "MultiLineString", "coordinates": [ [ [ 419411.48787216830533, 7624702.131488487124443 ], [ 419446.893386754090898, 7624742.622854690998793 ], [ 419475.535491091315635, 7624777.826277105137706 ] ] ] } },
{ "type": "Feature", "properties": { "fid": 134.0, "COMPR_M": 103.97, "CLASSE": "02 - Curta", "CD_FAZ": "403206", "TALHOES": "2", "FAZ_tAL": "403206002", "ID_LINHA": 194152 }, "geometry": { "type": "MultiLineString", "coordinates": [ [ [ 419408.404572965053376, 7624703.192842220887542 ], [ 419444.597410083631985, 7624744.553842387162149 ], [ 419475.451256578206085, 7624782.582935228943825 ] ] ] } },
{ "type": "Feature", "properties": { "fid": 135.0, "COMPR_M": 108.73, "CLASSE": "02 - Curta", "CD_FAZ": "403206", "TALHOES": "2", "FAZ_tAL": "403206002", "ID_LINHA": 194153 }, "geometry": { "type": "MultiLineString", "coordinates": [ [ [ 419405.321273759473115, 7624704.25419594720006 ], [ 419442.301433409331366, 7624746.484830083325505 ], [ 419475.367022056598216, 7624787.339593362063169 ] ] ] } },
{ "type": "Feature", "properties": { "fid": 136.0, "COMPR_M": 113.5, "CLASSE": "02 - Curta", "CD_FAZ": "403206", "TALHOES": "2", "FAZ_tAL": "403206002", "ID_LINHA": 194154 }, "geometry": { "type": "MultiLineString", "coordinates": [ [ [ 419402.225523582368623, 7624705.319835639558733 ], [ 419440.00545673572924, 7624748.415817781351507 ], [ 419475.28269890131196, 7624792.101256689056754 ] ] ] } },
{ "type": "Feature", "properties": { "fid": 137.0, "COMPR_M": 118.32, "CLASSE": "02 - Curta", "CD_FAZ": "403206", "TALHOES": "2", "FAZ_tAL": "403206002", "ID_LINHA": 194155 }, "geometry": { "type": "MultiLineString", "coordinates": [ [ [ 419399.128791827242821, 7624706.385813203640282 ], [ 419419.503795464173891, 7624729.132433995604515 ], [ 419437.709480070276186, 7624750.346805468201637 ], [ 419455.445882856613025, 7624771.8656996646896 ], [ 419475.19742624956416, 7624796.916537323966622 ] ] ] } },
{ "type": "Feature", "properties": { "fid": 138.0, "COMPR_M": 123.13, "CLASSE": "02 - Curta", "CD_FAZ": "403206", "TALHOES": "2", "FAZ_tAL": "403206002", "ID_LINHA": 194156 }, "geometry": { "type": "MultiLineString", "coordinates": [ [ [ 419396.032060080440715, 7624707.451790772378445 ], [ 419417.246772310114466, 7624731.108812347054482 ], [ 419435.4135033916682, 7624752.277793169021606 ], [ 419453.112064362503588, 7624773.750775633379817 ], [ 419475.112153597525321, 7624801.731817969121039 ] ] ] } },
{ "type": "Feature", "properties": { "fid": 139.0, "COMPR_M": 127.95, "CLASSE": "02 - Curta", "CD_FAZ": "403206", "TALHOES": "2", "FAZ_tAL": "403206002", "ID_LINHA": 194157 }, "geometry": { "type": "MultiLineString", "coordinates": [ [ [ 419392.935328326304443, 7624708.517768354155123 ], [ 419414.989749162807129, 7624733.085190711542964 ], [ 419433.117526722489856, 7624754.208780858665705 ], [ 419450.778245871711988, 7624775.635851614177227 ], [ 419475.026880944729783, 7624806.54709861241281 ] ] ] } },
{ "type": "Feature", "properties": { "fid": 140.0, "COMPR_M": 132.78, "CLASSE": "02 - Curta", "CD_FAZ": "403206", "TALHOES": "2", "FAZ_tAL": "403206002", "ID_LINHA": 194158 }, "geometry": { "type": "MultiLineString", "coordinates": [ [ [ 419389.838596578512806, 7624709.583745921961963 ], [ 419412.732726010610349, 7624735.061569066718221 ], [ 419430.821550050633959, 7624756.139768561348319 ], [ 419457.082379135070369, 7624788.324025543406606 ], [ 419474.94117686280515, 7624811.38674221560359 ] ] ] } },
{ "type": "Feature", "properties": { "fid": 141.0, "COMPR_M": 137.64, "CLASSE": "02 - Curta", "CD_FAZ": "403206", "TALHOES": "2", "FAZ_tAL": "403206002", "ID_LINHA": 194159 }, "geometry": { "type": "MultiLineString", "coordinates": [ [ [ 419386.741864827403333, 7624710.649723487906158 ], [ 419410.475702864583582, 7624737.037947431206703 ], [ 419428.525573379010893, 7624758.070756253786385 ], [ 419454.730046854121611, 7624790.18594715744257 ], [ 419474.854833541903645, 7624816.26248237490654 ] ] ] } },
{ "type": "Feature", "properties": { "fid": 142.0, "COMPR_M": 142.5, "CLASSE": "02 - Curta", "CD_FAZ": "403206", "TALHOES": "2", "FAZ_tAL": "403206002", "ID_LINHA": 194160 }, "geometry": { "type": "MultiLineString", "coordinates": [ [ [ 419383.645133081940003, 7624711.715701064094901 ], [ 419408.218679714307655, 7624739.01432578638196 ], [ 419426.229596714721993, 7624760.001743948087096 ], [ 419452.377714574569836, 7624792.047868777066469 ], [ 419474.768490233574994, 7624821.138222542591393 ] ] ] } },
{ "type": "Feature", "properties": { "fid": 143.0, "COMPR_M": 147.37, "CLASSE": "02 - Curta", "CD_FAZ": "403206", "TALHOES": "2", "FAZ_tAL": "403206002", "ID_LINHA": 194161 }, "geometry": { "type": "MultiLineString", "coordinates": [ [ [ 419380.54840133106336, 7624712.781678635627031 ], [ 419405.961656560364645, 7624740.990704143419862 ], [ 419432.74587019829778, 7624772.516999864019454 ], [ 419450.025382301770151, 7624793.909790383651853 ], [ 419474.682146912149619, 7624826.01396269723773 ] ] ] } },
{ "type": "Feature", "properties": { "fid": 144.0, "COMPR_M": 152.27, "CLASSE": "02 - Curta", "CD_FAZ": "403206", "TALHOES": "2", "FAZ_tAL": "403206002", "ID_LINHA": 194162 }, "geometry": { "type": "MultiLineString", "coordinates": [ [ [ 419377.451669576112181, 7624713.847656207159162 ], [ 419403.704633412009571, 7624742.967082500457764 ], [ 419430.430835641280282, 7624774.425097407773137 ], [ 419456.122942739981227, 7624806.556173507124186 ], [ 419474.594892326334957, 7624830.941161843016744 ] ] ] } },
{ "type": "Feature", "properties": { "fid": 145.0, "COMPR_M": 157.18, "CLASSE": "02 - Curta", "CD_FAZ": "403206", "TALHOES": "2", "FAZ_tAL": "403206002", "ID_LINHA": 194163 }, "geometry": { "type": "MultiLineString", "coordinates": [ [ [ 419374.354937827563845, 7624714.913633776828647 ], [ 419401.44761025934713, 7624744.943460857495666 ], [ 419428.115801087347791, 7624776.333194945007563 ], [ 419453.752363193489145, 7624808.394806427881122 ], [ 419474.507444237009622, 7624835.879287709482014 ] ] ] } },
{ "type": "Feature", "properties": { "fid": 146.0, "COMPR_M": 162.09, "CLASSE": "02 - Curta", "CD_FAZ": "403206", "TALHOES": "2", "FAZ_tAL": "403206002", "ID_LINHA": 194164 }, "geometry": { "type": "MultiLineString", "coordinates": [ [ [ 419371.253896114765666, 7624715.981094958260655 ], [ 419399.190587103017606, 7624746.919839217327535 ], [ 419425.800766531669069, 7624778.241292480379343 ], [ 419451.381783653225284, 7624810.233439353294671 ], [ 419474.419996148732025, 7624840.817413570359349 ] ] ] } },
{ "type": "Feature", "properties": { "fid": 147.0, "COMPR_M": 167.03, "CLASSE": "02 - Curta", "CD_FAZ": "403206", "TALHOES": "2", "FAZ_tAL": "403206002", "ID_LINHA": 194165 }, "geometry": { "type": "MultiLineString", "coordinates": [ [ [ 419368.1432474226458, 7624717.051863110624254 ], [ 419396.933563952916302, 7624748.896217578090727 ], [ 419423.485731974476948, 7624780.149390019476414 ], [ 419449.011204107955564, 7624812.072072279639542 ], [ 419474.332151813607197, 7624845.777915085665882 ] ] ] } },
{ "type": "Feature", "properties": { "fid": 148.0, "COMPR_M": 172.0, "CLASSE": "02 - Curta", "CD_FAZ": "403206", "TALHOES": "2", "FAZ_tAL": "403206002", "ID_LINHA": 194166 }, "geometry": { "type": "MultiLineString", "coordinates": [ [ [ 419365.032598741760012, 7624718.122631253674626 ], [ 419394.676540808461141, 7624750.872595937922597 ], [ 419421.170697418099735, 7624782.05748756788671 ], [ 419446.640624557738192, 7624813.910705205984414 ], [ 419474.243563162628561, 7624850.780447653494775 ] ] ] } },
{ "type": "Feature", "properties": { "fid": 149.0, "COMPR_M": 176.96, "CLASSE": "02 - Curta", "CD_FAZ": "403206", "TALHOES": "2", "FAZ_tAL": "403206002", "ID_LINHA": 194167 }, "geometry": { "type": "MultiLineString", "coordinates": [ [ [ 419361.921950063318945, 7624719.193399412557483 ], [ 419392.419517649803311, 7624752.848974289372563 ], [ 419418.855662861489691, 7624783.965585112571716 ], [ 419444.270045012468472, 7624815.749338135123253 ], [ 419474.154974511009641, 7624855.782980219461024 ] ] ] } },
{ "type": "Feature", "properties": { "fid": 150.0, "COMPR_M": 181.93, "CLASSE": "02 - Curta", "CD_FAZ": "403206", "TALHOES": "2", "FAZ_tAL": "403206002", "ID_LINHA": 194168 }, "geometry": { "type": "MultiLineString", "coordinates": [ [ [ 419358.81130138685694, 7624720.26416755374521 ], [ 419390.162494507851079, 7624754.825352650135756 ], [ 419416.540628303890117, 7624785.873682651668787 ], [ 419441.899465474067256, 7624817.587971055880189 ], [ 419474.066385861253366, 7624860.78551279194653 ] ] ] } },
{ "type": "Feature", "properties": { "fid": 151.0, "COMPR_M": 186.95, "CLASSE": "02 - Curta", "CD_FAZ": "403206", "TALHOES": "2", "FAZ_tAL": "403206002", "ID_LINHA": 194169 }, "geometry": { "type": "MultiLineString", "coordinates": [ [ [ 419355.700652702362277, 7624721.334935709834099 ], [ 419387.905471351696178, 7624756.801731016486883 ], [ 419414.225593748036772, 7624787.781780185177922 ], [ 419447.739264935138635, 7624830.120750132016838 ], [ 419473.97665767557919, 7624865.852394031360745 ] ] ] } },
{ "type": "Feature", "properties": { "fid": 152.0, "COMPR_M": 191.97, "CLASSE": "02 - Curta", "CD_FAZ": "403206", "TALHOES": "2", "FAZ_tAL": "403206002", "ID_LINHA": 194170 }, "geometry": { "type": "MultiLineString", "coordinates": [ [ [ 419352.590004020486958, 7624722.405703857541084 ], [ 419385.64844819996506, 7624758.77810936793685 ], [ 419411.910559190437198, 7624789.689877726137638 ], [ 419445.350701157178264, 7624831.935958323068917 ], [ 419473.886890822730493, 7624870.921458719298244 ] ] ] } },
{ "type": "Feature", "properties": { "fid": 153.0, "COMPR_M": 197.0, "CLASSE": "02 - Curta", "CD_FAZ": "403206", "TALHOES": "2", "FAZ_tAL": "403206002", "ID_LINHA": 194171 }, "geometry": { "type": "MultiLineString", "coordinates": [ [ [ 419349.479355340474285, 7624723.476472010836005 ], [ 419383.391425055684522, 7624760.754487724974751 ], [ 419418.104786899522878, 7624802.026915176771581 ], [ 419442.962137376598548, 7624833.751166509464383 ], [ 419473.797123972792178, 7624875.990523414686322 ] ] ] } },
{ "type": "Feature", "properties": { "fid": 154.0, "COMPR_M": 202.06, "CLASSE": "02 - Curta", "CD_FAZ": "403206", "TALHOES": "2", "FAZ_tAL": "403206002", "ID_LINHA": 194172 }, "geometry": { "type": "MultiLineString", "coordinates": [ [ [ 419346.368706652428955, 7624724.547240156680346 ], [ 419381.134401897201315, 7624762.730866089463234 ], [ 419415.770968399301637, 7624803.911991144530475 ], [ 419448.619308838038705, 7624846.262235648930073 ], [ 419473.706527939939406, 7624881.106411131098866 ] ] ] } },
{ "type": "Feature", "properties": { "fid": 155.0, "COMPR_M": 207.13, "CLASSE": "02 - Curta", "CD_FAZ": "403206", "TALHOES": "2", "FAZ_tAL": "403206002", "ID_LINHA": 194173 }, "geometry": { "type": "MultiLineString", "coordinates": [ [ [ 419343.258057974919211, 7624725.618008306249976 ], [ 419378.877378755540121, 7624764.707244445569813 ], [ 419413.437149900535587, 7624805.797067111358047 ], [ 419446.213020560215227, 7624848.053881184197962 ], [ 419473.615543293301016, 7624886.244243673980236 ] ] ] } },
{ "type": "Feature", "properties": { "fid": 156.0, "COMPR_M": 212.21, "CLASSE": "02 - Curta", "CD_FAZ": "403206", "TALHOES": "2", "FAZ_tAL": "403206002", "ID_LINHA": 194174 }, "geometry": { "type": "MultiLineString", "coordinates": [ [ [ 419340.144692591216881, 7624726.689711626619101 ], [ 419376.620355599035975, 7624766.683622803539038 ], [ 419411.103331403224729, 7624807.682143084704876 ], [ 419443.806732283032034, 7624849.845526719465852 ], [ 419473.524558647244703, 7624891.382076202891767 ] ] ] } },
{ "type": "Feature", "properties": { "fid": 157.0, "COMPR_M": 217.32, "CLASSE": "02 - Curta", "CD_FAZ": "403206", "TALHOES": "2", "FAZ_tAL": "403206002", "ID_LINHA": 194175 }, "geometry": { "type": "MultiLineString", "coordinates": [ [ [ 419337.019597107893787, 7624727.765452746301889 ], [ 419374.363332448119763, 7624768.660001159645617 ], [ 419408.769512907951139, 7624809.567219053395092 ], [ 419441.400443996652029, 7624851.637172260321677 ], [ 419473.432962582330219, 7624896.554435158148408 ] ] ] } },
{ "type": "Feature", "properties": { "fid": 158.0, "COMPR_M": 222.47, "CLASSE": "02 - Curta", "CD_FAZ": "403206", "TALHOES": "2", "FAZ_tAL": "403206002", "ID_LINHA": 194176 }, "geometry": { "type": "MultiLineString", "coordinates": [ [ [ 419333.894501622940879, 7624728.841193877160549 ], [ 419354.268707947805524, 7624750.672935586422682 ], [ 419372.106309304130264, 7624770.636379519477487 ], [ 419406.435694414074533, 7624811.452295027673244 ], [ 419438.994155718828551, 7624853.428817791864276 ], [ 419454.61582310864469, 7624874.845235886052251 ], [ 419473.340718464343809, 7624901.76338916644454 ] ] ] } },
{ "type": "Feature", "properties": { "fid": 159.0, "COMPR_M": 227.61, "CLASSE": "02 - Curta", "CD_FAZ": "403206", "TALHOES": "2", "FAZ_tAL": "403206002", "ID_LINHA": 194177 }, "geometry": { "type": "MultiLineString", "coordinates": [ [ [ 419330.769406136008911, 7624729.916934994980693 ], [ 419352.051783769507892, 7624752.694191403687 ], [ 419369.849286143900827, 7624772.612757878378034 ], [ 419404.101875911233947, 7624813.337370989844203 ], [ 419436.587867441703565, 7624855.220463324338198 ], [ 419452.174852677911986, 7624876.58933431841433 ], [ 419473.248474348452874, 7624906.972343178465962 ] ] ] } },
{ "type": "Feature", "properties": { "fid": 160.0, "COMPR_M": 232.77, "CLASSE": "02 - Curta", "CD_FAZ": "403206", "TALHOES": "2", "FAZ_tAL": "403206002", "ID_LINHA": 194178 }, "geometry": { "type": "MultiLineString", "coordinates": [ [ [ 419327.644310658040922, 7624730.992676122114062 ], [ 419349.834859596681781, 7624754.715447211638093 ], [ 419367.592263002530672, 7624774.589136239141226 ], [ 419401.768057420267724, 7624815.222446968778968 ], [ 419418.19367002742365, 7624835.974300313740969 ], [ 419442.012057796004228, 7624867.637440910562873 ], [ 419473.155737541033886, 7624912.209119131788611 ] ] ] } },
{ "type": "Feature", "properties": { "fid": 161.0, "COMPR_M": 237.98, "CLASSE": "02 - Curta", "CD_FAZ": "403206", "TALHOES": "2", "FAZ_tAL": "403206002", "ID_LINHA": 194179 }, "geometry": { "type": "MultiLineString", "coordinates": [ [ [ 419324.519215166103095, 7624732.068417247384787 ], [ 419347.617935417860281, 7624756.736703030765057 ], [ 419365.335239846259356, 7624776.56551458965987 ], [ 419399.434238920279313, 7624817.107522932812572 ], [ 419415.823090490303002, 7624837.812933243811131 ], [ 419439.588301694311667, 7624869.405383998528123 ], [ 419454.889365340059157, 7624890.820093802176416 ], [ 419473.062190026394092, 7624917.491674901917577 ] ] ] } },
{ "type": "Feature", "properties": { "fid": 162.0, "COMPR_M": 243.18, "CLASSE": "02 - Curta", "CD_FAZ": "403206", "TALHOES": "2", "FAZ_tAL": "403206002", "ID_LINHA": 194180 }, "geometry": { "type": "MultiLineString", "coordinates": [ [ [ 419321.394119683245663, 7624733.144158370792866 ], [ 419345.401011244393885, 7624758.75795884989202 ], [ 419363.078216693596914, 7624778.54189295321703 ], [ 419380.310063281678595, 7624798.621497867628932 ], [ 419405.331068972183857, 7624829.286301049403846 ], [ 419437.164545587438624, 7624871.173327096737921 ], [ 419452.431430929864291, 7624892.540202537551522 ], [ 419472.968642502324656, 7624922.774230668321252 ] ] ] } },
{ "type": "Feature", "properties": { "fid": 163.0, "COMPR_M": 248.4, "CLASSE": "02 - Curta", "CD_FAZ": "403206", "TALHOES": "2", "FAZ_tAL": "403206002", "ID_LINHA": 194181 }, "geometry": { "type": "MultiLineString", "coordinates": [ [ [ 419318.269024199515115, 7624734.219899494200945 ], [ 419343.184087065164931, 7624760.779214659705758 ], [ 419360.821193549199961, 7624780.518271304666996 ], [ 419378.014086611219682, 7624800.552485562860966 ], [ 419402.978736685705371, 7624831.148222655057907 ], [ 419419.076499628834426, 7624851.90324835665524 ], [ 419442.410970951488707, 7624883.565728057175875 ], [ 419472.874614750791807, 7624928.083905249834061 ] ] ] } },
{ "type": "Feature", "properties": { "fid": 164.0, "COMPR_M": 253.67, "CLASSE": "02 - Curta", "CD_FAZ": "403206", "TALHOES": "2", "FAZ_tAL": "403206002", "ID_LINHA": 194182 }, "geometry": { "type": "MultiLineString", "coordinates": [ [ [ 419315.143928712350316, 7624735.295640615746379 ], [ 419340.967162879300304, 7624762.800470482558012 ], [ 419358.564170391240623, 7624782.494649668224156 ], [ 419375.718109941517469, 7624802.483473258092999 ], [ 419400.626404412381817, 7624833.010144276544452 ], [ 419416.687935854075477, 7624853.718456549569964 ], [ 419439.970000519941095, 7624885.309826496988535 ], [ 419454.953851496218704, 7624906.720833284780383 ], [ 419472.779717502766289, 7624933.442679224535823 ] ] ] } },
{ "type": "Feature", "properties": { "fid": 165.0, "COMPR_M": 258.93, "CLASSE": "02 - Curta", "CD_FAZ": "403206", "TALHOES": "2", "FAZ_tAL": "403206002", "ID_LINHA": 194183 }, "geometry": { "type": "MultiLineString", "coordinates": [ [ [ 419312.018833234265912, 7624736.371381746605039 ], [ 419338.750238708045799, 7624764.821726294234395 ], [ 419356.307147248124238, 7624784.47102802246809 ], [ 419373.422133267333265, 7624804.414460955187678 ], [ 419398.274072132655419, 7624834.872065886855125 ], [ 419414.299372077337466, 7624855.533664729446173 ], [ 419437.52903008175781, 7624887.053924924694002 ], [ 419452.47920073417481, 7624908.416804690845311 ], [ 419472.684820256195962, 7624938.801453199237585 ] ] ] } },
{ "type": "Feature", "properties": { "fid": 166.0, "COMPR_M": 264.23, "CLASSE": "02 - Curta", "CD_FAZ": "403206", "TALHOES": "2", "FAZ_tAL": "403206002", "ID_LINHA": 194184 }, "geometry": { "type": "MultiLineString", "coordinates": [ [ [ 419308.885579006047919, 7624737.44993132725358 ], [ 419327.608339478843845, 7624757.152414803393185 ], [ 419354.05012409214396, 7624786.447406377643347 ], [ 419371.126156592683401, 7624806.345448652282357 ], [ 419395.921739846409764, 7624836.733987499959767 ], [ 419411.910808299377095, 7624857.348872914910316 ], [ 419435.088059653236996, 7624888.798023365437984 ], [ 419457.30270691215992, 7624920.874288387596607 ], [ 419472.589340793900192, 7624944.193104846403003 ] ] ] } },
{ "type": "Feature", "properties": { "fid": 167.0, "COMPR_M": 269.57, "CLASSE": "02 - Curta", "CD_FAZ": "403206", "TALHOES": "2", "FAZ_tAL": "403206002", "ID_LINHA": 194185 }, "geometry": { "type": "MultiLineString", "coordinates": [ [ [ 419305.745635659433901, 7624738.530783481895924 ], [ 419325.411905379791278, 7624759.19591836258769 ], [ 419351.793100940354634, 7624788.423784743994474 ], [ 419368.830179926007986, 7624808.27643634006381 ], [ 419393.569407564238645, 7624838.595909111201763 ], [ 419409.522244517458603, 7624859.16408109664917 ], [ 419432.647089217964094, 7624890.542121802456677 ], [ 419454.811584959970787, 7624922.545972178690135 ], [ 419472.493044895876665, 7624949.630860043689609 ] ] ] } },
{ "type": "Feature", "properties": { "fid": 168.0, "COMPR_M": 274.9, "CLASSE": "02 - Curta", "CD_FAZ": "403206", "TALHOES": "2", "FAZ_tAL": "403206002", "ID_LINHA": 194186 }, "geometry": { "type": "MultiLineString", "coordinates": [ [ [ 419302.605692306533456, 7624739.611635630950332 ], [ 419323.215471283649094, 7624761.239421915262938 ], [ 419349.536077796190511, 7624790.400163101032376 ], [ 419366.534203258750495, 7624810.207424039021134 ], [ 419391.217075283522718, 7624840.457830730825663 ], [ 419407.133680746192113, 7624860.979289287701249 ], [ 419430.206118789850734, 7624892.286220227368176 ], [ 419452.320463016629219, 7624924.217655955813825 ], [ 419472.396748987142928, 7624955.068615244701505 ] ] ] } },
{ "type": "Feature", "properties": { "fid": 169.0, "COMPR_M": 280.28, "CLASSE": "02 - Curta", "CD_FAZ": "403206", "TALHOES": "2", "FAZ_tAL": "403206002", "ID_LINHA": 194187 }, "geometry": { "type": "MultiLineString", "coordinates": [ [ [ 419299.465748956543393, 7624740.692487792111933 ], [ 419321.019037182559259, 7624763.282925464212894 ], [ 419347.279054647078738, 7624792.376541459932923 ], [ 419364.238226577814203, 7624812.138411741703749 ], [ 419388.864743008161895, 7624842.319752344861627 ], [ 419412.524984631570987, 7624873.136918682605028 ], [ 419435.225890030909795, 7624904.580963678658009 ], [ 419456.972150757792406, 7624936.646783195436001 ], [ 419472.299645257182419, 7624960.551987529732287 ] ] ] } },
{ "type": "Feature", "properties": { "fid": 170.0, "COMPR_M": 285.69, "CLASSE": "02 - Curta", "CD_FAZ": "403206", "TALHOES": "2", "FAZ_tAL": "403206002", "ID_LINHA": 194188 }, "geometry": { "type": "MultiLineString", "coordinates": [ [ [ 419296.325805611442775, 7624741.773339947685599 ], [ 419318.822603085078299, 7624765.326429017819464 ], [ 419345.022031493019313, 7624794.35291981883347 ], [ 419361.942249906889629, 7624814.06939943227917 ], [ 419386.51241072564153, 7624844.181673953309655 ], [ 419410.118696348450612, 7624874.92856421880424 ], [ 419432.767955612740479, 7624906.30107241962105 ], [ 419454.464800481393468, 7624938.294026272371411 ], [ 419472.201898973726202, 7624966.07164490967989 ] ] ] } },
{ "type": "Feature", "properties": { "fid": 171.0, "COMPR_M": 291.09, "CLASSE": "02 - Curta", "CD_FAZ": "403206", "TALHOES": "2", "FAZ_tAL": "403206002", "ID_LINHA": 194189 }, "geometry": { "type": "MultiLineString", "coordinates": [ [ [ 419293.185862259357236, 7624742.854192096740007 ], [ 419316.626168983231764, 7624767.369932565838099 ], [ 419342.765008335991297, 7624796.329298177734017 ], [ 419367.924902607570402, 7624825.943731009028852 ], [ 419392.117295037547592, 7624856.19926250167191 ], [ 419407.712408064748161, 7624876.720209747552872 ], [ 419430.310021202894859, 7624908.021181146614254 ], [ 419451.95745021419134, 7624939.941269353963435 ], [ 419472.104152682470158, 7624971.591302305459976 ] ] ] } },
{ "type": "Feature", "properties": { "fid": 172.0, "COMPR_M": 296.55, "CLASSE": "02 - Curta", "CD_FAZ": "403206", "TALHOES": "2", "FAZ_tAL": "403206002", "ID_LINHA": 194190 }, "geometry": { "type": "MultiLineString", "coordinates": [ [ [ 419290.045918913499918, 7624743.935044258832932 ], [ 419314.429734884295613, 7624769.413436121307313 ], [ 419340.507985185191501, 7624798.305676527321339 ], [ 419365.609868046303745, 7624827.851828542537987 ], [ 419389.746715499903075, 7624858.037895428016782 ], [ 419412.926984534889925, 7624888.852758075110614 ], [ 419435.15664542268496, 7624920.288604510948062 ], [ 419456.439003940206021, 7624952.340859867632389 ], [ 419472.005239015386906, 7624977.176880203187466 ] ] ] } },
{ "type": "Feature", "properties": { "fid": 173.0, "COMPR_M": 302.03, "CLASSE": "03 - Média", "CD_FAZ": "403206", "TALHOES": "2", "FAZ_tAL": "403206002", "ID_LINHA": 194191 }, "geometry": { "type": "MultiLineString", "coordinates": [ [ [ 419286.905975569912698, 7624745.015896404162049 ], [ 419312.23330078960862, 7624771.456939672119915 ], [ 419338.250962040678132, 7624800.282054888084531 ], [ 419363.294833495980129, 7624829.759926084429026 ], [ 419387.376135947415605, 7624859.876528345048428 ], [ 419410.503228430403396, 7624890.620701162144542 ], [ 419432.681994660117198, 7624921.984575914219022 ], [ 419453.915666072512977, 7624953.963506226427853 ], [ 419471.905987592821475, 7624982.781531175598502 ] ] ] } },
{ "type": "Feature", "properties": { "fid": 174.0, "COMPR_M": 307.52, "CLASSE": "03 - Média", "CD_FAZ": "403206", "TALHOES": "2", "FAZ_tAL": "403206002", "ID_LINHA": 194192 }, "geometry": { "type": "MultiLineString", "coordinates": [ [ [ 419283.766032220621128, 7624746.096748565323651 ], [ 419310.036866688518785, 7624773.500443231314421 ], [ 419335.993938891158905, 7624802.258433250710368 ], [ 419360.979798934073187, 7624831.668023629114032 ], [ 419385.005556410294957, 7624861.715161273255944 ], [ 419408.079472328652628, 7624892.388644268736243 ], [ 419430.207343899295665, 7624923.680547323077917 ], [ 419451.392328218789771, 7624955.586152587085962 ], [ 419471.806626811157912, 7624988.392357798293233 ] ] ] } },
{ "type": "Feature", "properties": { "fid": 175.0, "COMPR_M": 313.07, "CLASSE": "03 - Média", "CD_FAZ": "403206", "TALHOES": "2", "FAZ_tAL": "403206002", "ID_LINHA": 194193 }, "geometry": { "type": "MultiLineString", "coordinates": [ [ [ 419280.619422075746115, 7624747.17989560496062 ], [ 419307.84043259115424, 7624775.543946783058345 ], [ 419333.736915738729294, 7624804.234811603091657 ], [ 419358.664764373213984, 7624833.57612117100507 ], [ 419382.634976869623642, 7624863.553794195875525 ], [ 419405.655716219102032, 7624894.156587359495461 ], [ 419427.732693141733762, 7624925.376518722623587 ], [ 419448.868990359012969, 7624957.208798948675394 ], [ 419471.705812257598154, 7624994.085277846083045 ] ] ] } },
{ "type": "Feature", "properties": { "fid": 176.0, "COMPR_M": 318.63, "CLASSE": "03 - Média", "CD_FAZ": "403206", "TALHOES": "2", "FAZ_tAL": "403206002", "ID_LINHA": 194194 }, "geometry": { "type": "MultiLineString", "coordinates": [ [ [ 419277.464684868988115, 7624748.265840204432607 ], [ 419305.643998488085344, 7624777.58745033107698 ], [ 419331.47989259113092, 7624806.211189970374107 ], [ 419356.349729821318761, 7624835.484218711033463 ], [ 419380.264397324004676, 7624865.392427118495107 ], [ 419403.231960113043897, 7624895.924530462361872 ], [ 419425.258042385277804, 7624927.072490124031901 ], [ 419446.345652501331642, 7624958.831445307470858 ], [ 419471.604997697111685, 7624999.778197899460793 ] ] ] } },
{ "type": "Feature", "properties": { "fid": 177.0, "COMPR_M": 324.22, "CLASSE": "03 - Média", "CD_FAZ": "403206", "TALHOES": "2", "FAZ_tAL": "403206002", "ID_LINHA": 194195 }, "geometry": { "type": "MultiLineString", "coordinates": [ [ [ 419274.309947673522402, 7624749.3517847917974 ], [ 419303.447564389905892, 7624779.630953885614872 ], [ 419329.222869439399801, 7624808.187568321824074 ], [ 419354.034695259178989, 7624837.392316242679954 ], [ 419377.893817773438059, 7624867.231060042977333 ], [ 419400.808204011060297, 7624897.692473558709025 ], [ 419429.900365510839038, 7624939.262809996493161 ], [ 419450.62719835160533, 7624971.150804994627833 ], [ 419471.503471503034234, 7625005.511303421109915 ] ] ] } },
{ "type": "Feature", "properties": { "fid": 178.0, "COMPR_M": 329.86, "CLASSE": "03 - Média", "CD_FAZ": "403206", "TALHOES": "2", "FAZ_tAL": "403206002", "ID_LINHA": 194196 }, "geometry": { "type": "MultiLineString", "coordinates": [ [ [ 419271.155210478813387, 7624750.437729386612773 ], [ 419301.251130295335315, 7624781.674457434564829 ], [ 419326.965846283885185, 7624810.163946688175201 ], [ 419351.719660706585273, 7624839.300413795746863 ], [ 419383.248042996623553, 7624879.131371133029461 ], [ 419405.796414477750659, 7624909.727204591967165 ], [ 419427.40924357221229, 7624940.934493781998754 ], [ 419448.088111712713726, 7624972.748695574700832 ], [ 419471.401032281573862, 7625011.295967249199748 ] ] ] } },
{ "type": "Feature", "properties": { "fid": 179.0, "COMPR_M": 335.5, "CLASSE": "03 - Média", "CD_FAZ": "403206", "TALHOES": "2", "FAZ_tAL": "403206002", "ID_LINHA": 194197 }, "geometry": { "type": "MultiLineString", "coordinates": [ [ [ 419268.000473281485029, 7624751.523673981428146 ], [ 419299.054696193721611, 7624783.717960990965366 ], [ 419324.708823136694264, 7624812.140325043350458 ], [ 419349.404626145143993, 7624841.208511330187321 ], [ 419380.859479219303466, 7624880.946579318493605 ], [ 419403.355444042070303, 7624911.471303015947342 ], [ 419424.91812161920825, 7624942.606177566573024 ], [ 419445.549025070795324, 7624974.346586147323251 ], [ 419471.298593053768855, 7625017.080631079152226 ] ] ] } },
{ "type": "Feature", "properties": { "fid": 180.0, "COMPR_M": 341.21, "CLASSE": "03 - Média", "CD_FAZ": "403206", "TALHOES": "2", "FAZ_tAL": "403206002", "ID_LINHA": 194198 }, "geometry": { "type": "MultiLineString", "coordinates": [ [ [ 419264.845736075716559, 7624752.609618563205004 ], [ 419296.858262097695842, 7624785.761464540846646 ], [ 419322.451799981237855, 7624814.11670340038836 ], [ 419347.089591592666693, 7624843.116608874872327 ], [ 419378.47091543872375, 7624882.761787511408329 ], [ 419400.914473615353927, 7624913.215401455760002 ], [ 419429.391297767520882, 7624954.766457045450807 ], [ 419449.664099500398152, 7624986.633714711293578 ], [ 419471.194670310185757, 7625022.94906784966588 ] ] ] } },
{ "type": "Feature", "properties": { "fid": 181.0, "COMPR_M": 346.93, "CLASSE": "03 - Média", "CD_FAZ": "403206", "TALHOES": "2", "FAZ_tAL": "403206002", "ID_LINHA": 194199 }, "geometry": { "type": "MultiLineString", "coordinates": [ [ [ 419261.690998880483676, 7624753.695563167333603 ], [ 419294.661827995441854, 7624787.80496808886528 ], [ 419320.194776835327502, 7624816.093081756494939 ], [ 419344.774557040480431, 7624845.024706415832043 ], [ 419376.082351668155752, 7624884.576995691284537 ], [ 419398.47350318270037, 7624914.959499889053404 ], [ 419426.88394749496365, 7624956.413700120523572 ], [ 419447.10950113349827, 7624988.206687269732356 ], [ 419471.090541065554135, 7625028.829165948554873 ] ] ] } },
{ "type": "Feature", "properties": { "fid": 182.0, "COMPR_M": 352.68, "CLASSE": "03 - Média", "CD_FAZ": "403206", "TALHOES": "2", "FAZ_tAL": "403206002", "ID_LINHA": 194200 }, "geometry": { "type": "MultiLineString", "coordinates": [ [ [ 419258.536261684726924, 7624754.781507756561041 ], [ 419292.465393896738533, 7624789.848471639677882 ], [ 419317.937753683829214, 7624818.069460118189454 ], [ 419342.459522477525752, 7624846.932803949341178 ], [ 419373.693787894968409, 7624886.392203876748681 ], [ 419396.032532746554352, 7624916.703598323278129 ], [ 419424.376597220369149, 7624958.060943195596337 ], [ 419451.074884705711156, 7625000.485466791316867 ], [ 419470.985730016371235, 7625034.747764345258474 ] ] ] } },
{ "type": "Feature", "properties": { "fid": 183.0, "COMPR_M": 358.49, "CLASSE": "03 - Média", "CD_FAZ": "403206", "TALHOES": "2", "FAZ_tAL": "403206002", "ID_LINHA": 194201 }, "geometry": { "type": "MultiLineString", "coordinates": [ [ [ 419255.381524489028379, 7624755.867452345788479 ], [ 419290.268959802866448, 7624791.891975198872387 ], [ 419315.680730528663844, 7624820.045838477090001 ], [ 419340.144487924058922, 7624848.840901491232216 ], [ 419371.305224119219929, 7624888.20741206035018 ], [ 419393.591562316811178, 7624918.447696762159467 ], [ 419421.86924694647314, 7624959.708186278119683 ], [ 419448.505010109394789, 7625002.033355806022882 ], [ 419470.879841252230108, 7625040.727221366018057 ] ] ] } },
{ "type": "Feature", "properties": { "fid": 184.0, "COMPR_M": 364.3, "CLASSE": "03 - Média", "CD_FAZ": "403206", "TALHOES": "2", "FAZ_tAL": "403206002", "ID_LINHA": 194202 }, "geometry": { "type": "MultiLineString", "coordinates": [ [ [ 419252.213422478293069, 7624756.957997461780906 ], [ 419279.405778115789872, 7624784.713954225182533 ], [ 419313.423707379144616, 7624822.022216826677322 ], [ 419337.829453361046035, 7624850.748999040573835 ], [ 419368.916660340793896, 7624890.022620251402259 ], [ 419391.15059189288877, 7624920.191795191727579 ], [ 419419.361896671238355, 7624961.355429351329803 ], [ 419445.935135531064589, 7625003.581244803965092 ], [ 419470.773952482559253, 7625046.706678381189704 ] ] ] } },
{ "type": "Feature", "properties": { "fid": 185.0, "COMPR_M": 370.2, "CLASSE": "03 - Média", "CD_FAZ": "403206", "TALHOES": "2", "FAZ_tAL": "403206002", "ID_LINHA": 194203 }, "geometry": { "type": "MultiLineString", "coordinates": [ [ [ 419249.044020046596415, 7624758.048990219831467 ], [ 419277.230154488410335, 7624786.779600364156067 ], [ 419311.166684226656798, 7624823.998595187440515 ], [ 419343.422594971489161, 7624862.349346205592155 ], [ 419374.024372142739594, 7624901.803247240372002 ], [ 419395.898939403356053, 7624932.102703433483839 ], [ 419423.635611761535984, 7624973.43526254594326 ], [ 419449.736767101567239, 7625015.825548846274614 ], [ 419470.666293779097032, 7625052.786081880331039 ] ] ] } },
{ "type": "Feature", "properties": { "fid": 186.0, "COMPR_M": 376.1, "CLASSE": "03 - Média", "CD_FAZ": "403206", "TALHOES": "2", "FAZ_tAL": "403206002", "ID_LINHA": 194204 }, "geometry": { "type": "MultiLineString", "coordinates": [ [ [ 419245.87461763061583, 7624759.13998297136277 ], [ 419275.054530853230972, 7624788.845246514305472 ], [ 419308.909661079698708, 7624825.974973550997674 ], [ 419341.088776479940861, 7624864.234422164037824 ], [ 419371.618083854380529, 7624903.594892781227827 ], [ 419393.441004988388158, 7624933.822812171652913 ], [ 419421.112273905426264, 7624975.057908901944757 ], [ 419447.151850432739593, 7625017.348185377195477 ], [ 419470.558571469562594, 7625058.869076889008284 ] ] ] } },
{ "type": "Feature", "properties": { "fid": 187.0, "COMPR_M": 382.06, "CLASSE": "03 - Média", "CD_FAZ": "403206", "TALHOES": "2", "FAZ_tAL": "403206002", "ID_LINHA": 194205 }, "geometry": { "type": "MultiLineString", "coordinates": [ [ [ 419242.705215199326631, 7624760.230975723825395 ], [ 419272.87890723196324, 7624790.910892654210329 ], [ 419306.652637927851174, 7624827.951351903378963 ], [ 419338.754957979894243, 7624866.11949813272804 ], [ 419369.211795575916767, 7624905.386538312770426 ], [ 419398.03688403533306, 7624945.728175558149815 ], [ 419425.23633193585556, 7624987.129710774868727 ], [ 419450.805936296761502, 7625029.582217977382243 ], [ 419470.449683292303234, 7625065.017908625304699 ] ] ] } },
{ "type": "Feature", "properties": { "fid": 188.0, "COMPR_M": 388.05, "CLASSE": "03 - Média", "CD_FAZ": "403206", "TALHOES": "2", "FAZ_tAL": "403206002", "ID_LINHA": 194206 }, "geometry": { "type": "MultiLineString", "coordinates": [ [ [ 419239.535812775837258, 7624761.321968482807279 ], [ 419270.7032835962018, 7624792.976538805291057 ], [ 419304.39561478223186, 7624829.927730266004801 ], [ 419336.421139480546117, 7624868.004574103280902 ], [ 419366.805507298791781, 7624907.178183847106993 ], [ 419395.562233277712949, 7624947.424146965146065 ], [ 419422.697245299583301, 7624988.727601355873048 ], [ 419448.206210517382715, 7625031.07942958176136 ], [ 419470.340048544458114, 7625071.208897659555078 ] ] ] } },
{ "type": "Feature", "properties": { "fid": 189.0, "COMPR_M": 394.08, "CLASSE": "03 - Média", "CD_FAZ": "403206", "TALHOES": "2", "FAZ_tAL": "403206002", "ID_LINHA": 194207 }, "geometry": { "type": "MultiLineString", "coordinates": [ [ [ 419236.366410356771667, 7624762.412961233407259 ], [ 419268.527659971790854, 7624795.042184948921204 ], [ 419302.138591631723102, 7624831.90410862211138 ], [ 419334.08732098271139, 7624869.889650076627731 ], [ 419364.399219009792432, 7624908.969829382374883 ], [ 419393.087582520558499, 7624949.120118372142315 ], [ 419420.158158648991957, 7624990.325491929426789 ], [ 419445.606484754302073, 7625032.576641182415187 ], [ 419470.229777074069716, 7625077.435842106118798 ] ] ] } },
{ "type": "Feature", "properties": { "fid": 190.0, "COMPR_M": 400.18, "CLASSE": "03 - Média", "CD_FAZ": "403206", "TALHOES": "2", "FAZ_tAL": "403206002", "ID_LINHA": 194208 }, "geometry": { "type": "MultiLineString", "coordinates": [ [ [ 419233.197007924434729, 7624763.503953989595175 ], [ 419266.352036343479995, 7624797.107831091620028 ], [ 419299.881568478245754, 7624833.880486976355314 ], [ 419331.753502486390062, 7624871.774726051837206 ], [ 419361.992930732667446, 7624910.761474912986159 ], [ 419390.612931755487807, 7624950.816089771687984 ], [ 419417.619072007248178, 7624991.923382509499788 ], [ 419443.006758972711395, 7625034.073852783069015 ], [ 419455.089569548610598, 7625055.538919564336538 ], [ 419470.118145637447014, 7625083.739583168178797 ] ] ] } },
{ "type": "Feature", "properties": { "fid": 191.0, "COMPR_M": 406.28, "CLASSE": "03 - Média", "CD_FAZ": "403206", "TALHOES": "2", "FAZ_tAL": "403206002", "ID_LINHA": 194209 }, "geometry": { "type": "MultiLineString", "coordinates": [ [ [ 419230.027605508454144, 7624764.594946735538542 ], [ 419264.176412718486972, 7624799.173477234318852 ], [ 419297.624545321683399, 7624835.856865344569087 ], [ 419329.419683993444778, 7624873.659802014939487 ], [ 419359.586642456182744, 7624912.553120453841984 ], [ 419388.138280992861837, 7624952.512061177752912 ], [ 419408.495584608754143, 7624983.171140707097948 ], [ 419421.563517465430778, 7625003.936412861570716 ], [ 419446.485026460548397, 7625046.245528133586049 ], [ 419470.006323031033389, 7625090.054119013249874 ] ] ] } },
{ "type": "Feature", "properties": { "fid": 192.0, "COMPR_M": 412.49, "CLASSE": "03 - Média", "CD_FAZ": "403206", "TALHOES": "2", "FAZ_tAL": "403206002", "ID_LINHA": 194210 }, "geometry": { "type": "MultiLineString", "coordinates": [ [ [ 419226.845421556499787, 7624765.690339233726263 ], [ 419262.000789087032899, 7624801.239123378880322 ], [ 419295.367522180080414, 7624837.833243700675666 ], [ 419327.085865490720607, 7624875.544877981767058 ], [ 419342.335124609468039, 7624894.810553940013051 ], [ 419364.45186242624186, 7624924.211620004847646 ], [ 419392.533536344300956, 7624964.338066729716957 ], [ 419419.008919093583245, 7625005.509385416284204 ], [ 419443.870723599917255, 7625047.717138757929206 ], [ 419455.691585249500349, 7625069.208602219820023 ], [ 419469.892604798777029, 7625096.47570001333952 ] ] ] } },
{ "type": "Feature", "properties": { "fid": 193.0, "COMPR_M": 418.69, "CLASSE": "03 - Média", "CD_FAZ": "403206", "TALHOES": "2", "FAZ_tAL": "403206002", "ID_LINHA": 194211 }, "geometry": { "type": "MultiLineString", "coordinates": [ [ [ 419223.661527495482005, 7624766.786320403218269 ], [ 419259.825165458896663, 7624803.304769523441792 ], [ 419293.110499024915043, 7624839.809622060507536 ], [ 419324.752046999288723, 7624877.429953958839178 ], [ 419339.96454506716691, 7624896.649186860769987 ], [ 419362.0281063222792, 7624925.979563102126122 ], [ 419390.042414392053615, 7624966.009750517085195 ], [ 419416.454320724471472, 7625007.082357969135046 ], [ 419441.256420749647077, 7625049.18874938506633 ], [ 419453.048821475182194, 7625070.628467816859484 ], [ 419469.778886551386677, 7625102.897281018085778 ] ] ] } },
{ "type": "Feature", "properties": { "fid": 194.0, "COMPR_M": 431.32, "CLASSE": "03 - Média", "CD_FAZ": "403206", "TALHOES": "2", "FAZ_tAL": "403206002", "ID_LINHA": 194212 }, "geometry": { "type": "MultiLineString", "coordinates": [ [ [ 419217.293739359534811, 7624768.97828271985054 ], [ 419255.473918204777874, 7624807.436061816290021 ], [ 419288.596452721569221, 7624843.762378767132759 ], [ 419320.084410001232754, 7624881.200105886906385 ], [ 419335.223385979537852, 7624900.326452706940472 ], [ 419357.180594112025574, 7624929.515449294820428 ], [ 419385.060170505312271, 7624969.353118078783154 ], [ 419404.923638806445524, 7624999.912835400551558 ], [ 419417.666515040618833, 7625020.608023893088102 ], [ 419441.946326157834847, 7625062.768069036304951 ], [ 419453.478307480167132, 7625084.232370415702462 ], [ 419469.547244118584786, 7625115.977950006723404 ] ] ] } },
{ "type": "Feature", "properties": { "fid": 195.0, "COMPR_M": 437.73, "CLASSE": "03 - Média", "CD_FAZ": "403206", "TALHOES": "2", "FAZ_tAL": "403206002", "ID_LINHA": 194213 }, "geometry": { "type": "MultiLineString", "coordinates": [ [ [ 419214.109845292987302, 7624770.074263883754611 ], [ 419236.272000294935424, 7624791.928348371759057 ], [ 419253.298294568259735, 7624809.501707963645458 ], [ 419286.339429574669339, 7624845.738757126964629 ], [ 419317.750591504969634, 7624883.085181859321892 ], [ 419332.852806432871148, 7624902.165085636079311 ], [ 419354.756838005851023, 7624931.283392393961549 ], [ 419382.56904856080655, 7624971.024801863357425 ], [ 419402.384552157076541, 7625001.510725984349847 ], [ 419415.096640452276915, 7625022.155912911519408 ], [ 419433.413512180093676, 7625053.603581277653575 ], [ 419445.120530125917867, 7625074.888064632192254 ], [ 419469.429462982807308, 7625122.628959706053138 ] ] ] } },
{ "type": "Feature", "properties": { "fid": 197.0, "COMPR_M": 444.16, "CLASSE": "03 - Média", "CD_FAZ": "403206", "TALHOES": "2", "FAZ_tAL": "403206002", "ID_LINHA": 194214 }, "geometry": { "type": "MultiLineString", "coordinates": [ [ [ 419210.925951230863575, 7624771.170245043933392 ], [ 419234.138307363726199, 7624794.037274558097124 ], [ 419251.122670946351718, 7624811.567354111000896 ], [ 419267.808665018237662, 7624829.501912428066134 ], [ 419292.067119485407602, 7624856.92617567256093 ], [ 419322.999439153703861, 7624894.4535575164482 ], [ 419337.865331257751677, 7624913.620326654985547 ], [ 419359.417976278928109, 7624942.86507485434413 ], [ 419373.290376444871072, 7624962.687889595516026 ], [ 419393.355557453585789, 7624992.90701886638999 ], [ 419418.71776705828961, 7625034.097187170758843 ], [ 419442.477766355441418, 7625076.307930241338909 ], [ 419453.750308415736072, 7625097.795350600033998 ], [ 419469.311274451902136, 7625129.302974961698055 ] ] ] } },
{ "type": "Feature", "properties": { "fid": 199.0, "COMPR_M": 26.24, "CLASSE": "01 - Muito curta", "CD_FAZ": "403206", "TALHOES": "1", "FAZ_tAL": "403206001", "ID_LINHA": 194215 }, "geometry": { "type": "MultiLineString", "coordinates": [ [ [ 419556.566205792827532, 7626035.790683875791728 ], [ 419549.077251274837181, 7626060.930070066824555 ] ] ] } },
{ "type": "Feature", "properties": { "fid": 200.0, "COMPR_M": 450.68, "CLASSE": "03 - Média", "CD_FAZ": "403206", "TALHOES": "2", "FAZ_tAL": "403206002", "ID_LINHA": 194216 }, "geometry": { "type": "MultiLineString", "coordinates": [ [ [ 419207.74205715971766, 7624772.266226213425398 ], [ 419232.004614426288754, 7624796.146200746297836 ], [ 419248.947047317284159, 7624813.633000249043107 ], [ 419265.591740844305605, 7624831.523168236017227 ], [ 419289.79047857504338, 7624858.879923287779093 ], [ 419320.647106876422185, 7624896.315479127690196 ], [ 419335.476767478859983, 7624915.435534840449691 ], [ 419356.97700584580889, 7624944.609173282049596 ], [ 419370.815725688473321, 7624964.383860992267728 ], [ 419390.832219597185031, 7624994.529665216803551 ], [ 419416.132850375724956, 7625035.619823690503836 ], [ 419434.060380129958503, 7625067.105558723211288 ], [ 419445.508361974440049, 7625088.413512041792274 ], [ 419469.191222919500433, 7625136.082192063331604 ] ] ] } },
{ "type": "Feature", "properties": { "fid": 201.0, "COMPR_M": 34.6, "CLASSE": "01 - Muito curta", "CD_FAZ": "403206", "TALHOES": "1", "FAZ_tAL": "403206001", "ID_LINHA": 194217 }, "geometry": { "type": "MultiLineString", "coordinates": [ [ [ 419562.073155436199158, 7625416.050332857295871 ], [ 419568.784695659182034, 7625449.986097760498524 ] ] ] } },
{ "type": "Feature", "properties": { "fid": 202.0, "COMPR_M": 39.23, "CLASSE": "01 - Muito curta", "CD_FAZ": "403206", "TALHOES": "1", "FAZ_tAL": "403206001", "ID_LINHA": 194218 }, "geometry": { "type": "MultiLineString", "coordinates": [ [ [ 419556.818868133588694, 7626023.677013628184795 ], [ 419545.806290357839316, 7626061.309347664937377 ] ] ] } },
{ "type": "Feature", "properties": { "fid": 203.0, "COMPR_M": 457.24, "CLASSE": "03 - Média", "CD_FAZ": "403206", "TALHOES": "2", "FAZ_tAL": "403206002", "ID_LINHA": 194219 }, "geometry": { "type": "MultiLineString", "coordinates": [ [ [ 419204.553608214482665, 7624773.363775286823511 ], [ 419229.870921492460184, 7624798.255126925185323 ], [ 419246.771423683618195, 7624815.698646400123835 ], [ 419279.568360118137207, 7624851.667892204597592 ], [ 419295.358926440239884, 7624870.068042611703277 ], [ 419318.294774592737667, 7624898.177400747314095 ], [ 419333.088203707360663, 7624917.250743022188544 ], [ 419354.536035420373082, 7624946.353271723724902 ], [ 419368.341074924042914, 7624966.079832393676043 ], [ 419388.308881733450107, 7624996.152311578392982 ], [ 419413.54793370643165, 7625037.142460225149989 ], [ 419431.431731448450591, 7625068.551388616673648 ], [ 419442.851713479089085, 7625089.807225913740695 ], [ 419453.865746713825502, 7625111.316354889422655 ], [ 419469.07063616195228, 7625142.891632547602057 ] ] ] } },
{ "type": "Feature", "properties": { "fid": 204.0, "COMPR_M": 50.68, "CLASSE": "01 - Muito curta", "CD_FAZ": "403206", "TALHOES": "1", "FAZ_tAL": "403206001", "ID_LINHA": 194220 }, "geometry": { "type": "MultiLineString", "coordinates": [ [ [ 419558.881526371696964, 7625415.464044293388724 ], [ 419568.467084327887278, 7625465.2136892946437 ] ] ] } },
{ "type": "Feature", "properties": { "fid": 205.0, "COMPR_M": 52.76, "CLASSE": "01 - Muito curta", "CD_FAZ": "403206", "TALHOES": "1", "FAZ_tAL": "403206001", "ID_LINHA": 194221 }, "geometry": { "type": "MultiLineString", "coordinates": [ [ [ 419557.083318722143304, 7626010.998166594654322 ], [ 419548.145098554785363, 7626043.393005340360105 ], [ 419542.535329449106939, 7626061.688625250011683 ] ] ] } },
{ "type": "Feature", "properties": { "fid": 206.0, "COMPR_M": 463.9, "CLASSE": "03 - Média", "CD_FAZ": "403206", "TALHOES": "2", "FAZ_tAL": "403206002", "ID_LINHA": 194222 }, "geometry": { "type": "MultiLineString", "coordinates": [ [ [ 419201.355491698137484, 7624774.464652191847563 ], [ 419236.171643644338474, 7624808.981394262984395 ], [ 419252.92958011245355, 7624826.631535576656461 ], [ 419277.311336974555161, 7624853.644270557910204 ], [ 419293.06294976931531, 7624871.999030304141343 ], [ 419315.942442312370986, 7624900.03932236135006 ], [ 419330.69963993516285, 7624919.065951215103269 ], [ 419352.095064980967436, 7624948.097370157018304 ], [ 419365.866424162057228, 7624967.775803800672293 ], [ 419385.785543872450944, 7624997.774957938119769 ], [ 419404.817142085928936, 7625028.347468940541148 ], [ 419417.009501247259323, 7625049.045968821272254 ], [ 419434.549475006700959, 7625080.567527050152421 ], [ 419445.739399553334806, 7625101.89746280387044 ], [ 419468.948059931921307, 7625149.813417276367545 ] ] ] } },
{ "type": "Feature", "properties": { "fid": 207.0, "COMPR_M": 67.49, "CLASSE": "01 - Muito curta", "CD_FAZ": "403206", "TALHOES": "1", "FAZ_tAL": "403206001", "ID_LINHA": 194223 }, "geometry": { "type": "MultiLineString", "coordinates": [ [ [ 419555.689897306612693, 7625414.877755733206868 ], [ 419562.853047796757892, 7625450.902815643697977 ], [ 419568.133990658505354, 7625481.183567663654685 ] ] ] } },
{ "type": "Feature", "properties": { "fid": 208.0, "COMPR_M": 66.96, "CLASSE": "01 - Muito curta", "CD_FAZ": "403206", "TALHOES": "1", "FAZ_tAL": "403206001", "ID_LINHA": 194224 }, "geometry": { "type": "MultiLineString", "coordinates": [ [ [ 419557.362079231883399, 7625997.633242652751505 ], [ 419549.348244007211179, 7626028.309942549094558 ], [ 419539.264368535834365, 7626062.067902846261859 ] ] ] } },
{ "type": "Feature", "properties": { "fid": 209.0, "COMPR_M": 470.58, "CLASSE": "03 - Média", "CD_FAZ": "403206", "TALHOES": "2", "FAZ_tAL": "403206002", "ID_LINHA": 194225 }, "geometry": { "type": "MultiLineString", "coordinates": [ [ [ 419198.157375170150772, 7624775.565529112704098 ], [ 419234.017073424067348, 7624811.068990376777947 ], [ 419250.733146010083146, 7624828.675039127469063 ], [ 419275.05431381741073, 7624855.620648922398686 ], [ 419290.766973095829599, 7624873.930017996579409 ], [ 419313.590110035554972, 7624901.901243971660733 ], [ 419328.311076159821823, 7624920.881159388460219 ], [ 419349.654094555880874, 7624949.841468593105674 ], [ 419363.391773402516264, 7624969.471775209531188 ], [ 419383.262206017388962, 7624999.397604301571846 ], [ 419402.247267496364657, 7625029.895357945002615 ], [ 419414.409775466832798, 7625050.543180420994759 ], [ 419431.906711229530629, 7625081.987392658367753 ], [ 419443.069096593942959, 7625103.264833532273769 ], [ 419453.825504120555706, 7625124.794324733316898 ], [ 419468.824955209740438, 7625156.765045829117298 ] ] ] } },
{ "type": "Feature", "properties": { "fid": 210.0, "COMPR_M": 85.31, "CLASSE": "01 - Muito curta", "CD_FAZ": "403206", "TALHOES": "1", "FAZ_tAL": "403206001", "ID_LINHA": 194226 }, "geometry": { "type": "MultiLineString", "coordinates": [ [ [ 419552.498268238385208, 7625414.291467182338238 ], [ 419559.903241574473213, 7625451.44940709322691 ], [ 419567.779359137290157, 7625498.186059441417456 ] ] ] } },
{ "type": "Feature", "properties": { "fid": 211.0, "COMPR_M": 81.98, "CLASSE": "01 - Muito curta", "CD_FAZ": "403206", "TALHOES": "1", "FAZ_tAL": "403206001", "ID_LINHA": 194227 }, "geometry": { "type": "MultiLineString", "coordinates": [ [ [ 419557.658238258911297, 7625983.43416260369122 ], [ 419546.458312399627175, 7626027.504470944404602 ], [ 419535.993407618254423, 7626062.44718044064939 ] ] ] } },
{ "type": "Feature", "properties": { "fid": 212.0, "COMPR_M": 477.39, "CLASSE": "03 - Média", "CD_FAZ": "403206", "TALHOES": "2", "FAZ_tAL": "403206002", "ID_LINHA": 194228 }, "geometry": { "type": "MultiLineString", "coordinates": [ [ [ 419194.959258649672847, 7624776.666406014934182 ], [ 419215.135504378995392, 7624796.23175361379981 ], [ 419240.244552800955717, 7624821.895584832876921 ], [ 419256.724044136004522, 7624839.608191509731114 ], [ 419280.683914942783304, 7624866.694913762621582 ], [ 419296.158831337932497, 7624885.09475476667285 ], [ 419318.62932916689897, 7624913.196883188560605 ], [ 419333.117471368168481, 7624932.261221336200833 ], [ 419354.114054358797148, 7624961.344551920890808 ], [ 419367.62231689109467, 7624981.054904562421143 ], [ 419387.15003230900038, 7625011.098069448955357 ], [ 419405.793183699017391, 7625041.71036980766803 ], [ 419417.72769503807649, 7625062.433245044201612 ], [ 419434.881767981685698, 7625093.988367532379925 ], [ 419445.81456503435038, 7625115.338850202038884 ], [ 419456.340252111316659, 7625136.940926115959883 ], [ 419468.699572371551767, 7625163.845317848026752 ] ] ] } },
{ "type": "Feature", "properties": { "fid": 213.0, "COMPR_M": 104.22, "CLASSE": "02 - Curta", "CD_FAZ": "403206", "TALHOES": "1", "FAZ_tAL": "403206001", "ID_LINHA": 194229 }, "geometry": { "type": "MultiLineString", "coordinates": [ [ [ 419549.306639168411493, 7625413.705178622156382 ], [ 419558.826356521749403, 7625462.312862128950655 ], [ 419567.401910827320535, 7625516.282481472939253 ] ] ] } },
{ "type": "Feature", "properties": { "fid": 214.0, "COMPR_M": 97.99, "CLASSE": "01 - Muito curta", "CD_FAZ": "403206", "TALHOES": "1", "FAZ_tAL": "403206001", "ID_LINHA": 194230 }, "geometry": { "type": "MultiLineString", "coordinates": [ [ [ 419557.97562151751481, 7625968.217505872249603 ], [ 419547.375889231218025, 7626012.638113642111421 ], [ 419539.512221770128235, 7626040.847811902873218 ], [ 419532.722446706146002, 7626062.826458036899567 ] ] ] } },
{ "type": "Feature", "properties": { "fid": 215.0, "COMPR_M": 484.21, "CLASSE": "03 - Média", "CD_FAZ": "403206", "TALHOES": "2", "FAZ_tAL": "403206002", "ID_LINHA": 194231 }, "geometry": { "type": "MultiLineString", "coordinates": [ [ [ 419191.761142126109917, 7624777.76728293299675 ], [ 419213.022152966819704, 7624798.361059909686446 ], [ 419238.068929171538912, 7624823.961230975575745 ], [ 419254.507119953865185, 7624841.629447318613529 ], [ 419278.407274028460961, 7624868.648661378771067 ], [ 419293.843796780391131, 7624887.002852314151824 ], [ 419316.258749628381338, 7624915.035516116768122 ], [ 419330.711183083243668, 7624934.0528668705374 ], [ 419351.656119946332183, 7624963.064660656265914 ], [ 419365.131194946414325, 7624982.726588336750865 ], [ 419384.610945660737343, 7625012.695960035547614 ], [ 419403.208267030422576, 7625043.2330063264817 ], [ 419415.113392181461677, 7625063.90485567227006 ], [ 419432.225119482260197, 7625095.382081402465701 ], [ 419443.130837800330482, 7625116.679681984707713 ], [ 419458.726313349499833, 7625149.096388777717948 ], [ 419468.573820535792038, 7625170.94642661511898 ] ] ] } },
{ "type": "Feature", "properties": { "fid": 216.0, "COMPR_M": 124.47, "CLASSE": "02 - Curta", "CD_FAZ": "403206", "TALHOES": "1", "FAZ_tAL": "403206001", "ID_LINHA": 194232 }, "geometry": { "type": "MultiLineString", "coordinates": [ [ [ 419546.115010095876642, 7625413.118890067562461 ], [ 419552.047675521112978, 7625442.196918945759535 ], [ 419557.657026880420744, 7625473.082960601896048 ], [ 419562.521500625647604, 7625503.493960063904524 ], [ 419566.995793692185543, 7625535.753405079245567 ] ] ] } },
{ "type": "Feature", "properties": { "fid": 217.0, "COMPR_M": 115.23, "CLASSE": "02 - Curta", "CD_FAZ": "403206", "TALHOES": "1", "FAZ_tAL": "403206001", "ID_LINHA": 194233 }, "geometry": { "type": "MultiLineString", "coordinates": [ [ [ 419558.319027636083774, 7625951.753206121735275 ], [ 419551.353013344109058, 7625984.118678702041507 ], [ 419544.474504944286309, 7626011.874936012551188 ], [ 419536.634596178657375, 7626039.999414090067148 ], [ 419529.451485789672006, 7626063.205735618248582 ] ] ] } },
{ "type": "Feature", "properties": { "fid": 218.0, "COMPR_M": 491.17, "CLASSE": "03 - Média", "CD_FAZ": "403206", "TALHOES": "2", "FAZ_tAL": "403206002", "ID_LINHA": 194234 }, "geometry": { "type": "MultiLineString", "coordinates": [ [ [ 419188.563025603420101, 7624778.868159843608737 ], [ 419210.908801549521741, 7624800.490366199985147 ], [ 419235.893305546196643, 7624826.02687711827457 ], [ 419252.290195777080953, 7624843.650703141465783 ], [ 419276.130633119493723, 7624870.602408999577165 ], [ 419291.528762224595994, 7624888.910949853248894 ], [ 419313.888170077116229, 7624916.874149035662413 ], [ 419328.3048948009382, 7624935.844512411393225 ], [ 419349.198185532935895, 7624964.78476938791573 ], [ 419362.640072996553499, 7624984.39827212318778 ], [ 419382.071859020041302, 7625014.293850610964 ], [ 419400.623350352747366, 7625044.755642861127853 ], [ 419412.499089322634973, 7625065.376466304063797 ], [ 419429.568470978178084, 7625096.77579528465867 ], [ 419440.447110574576072, 7625118.020513748750091 ], [ 419456.00369787478121, 7625150.356384996324778 ], [ 419468.445315557182766, 7625178.203003481030464 ] ] ] } },
{ "type": "Feature", "properties": { "fid": 219.0, "COMPR_M": 145.92, "CLASSE": "02 - Curta", "CD_FAZ": "403206", "TALHOES": "1", "FAZ_tAL": "403206001", "ID_LINHA": 194235 }, "geometry": { "type": "MultiLineString", "coordinates": [ [ [ 419543.032428878592327, 7625413.045655626803637 ], [ 419551.053822920424864, 7625453.089181434363127 ], [ 419556.39801114279544, 7625483.75981627497822 ], [ 419562.408472139621153, 7625523.911524878814816 ], [ 419566.553605826222338, 7625556.953707290813327 ] ] ] } },
{ "type": "Feature", "properties": { "fid": 220.0, "COMPR_M": 133.99, "CLASSE": "02 - Curta", "CD_FAZ": "403206", "TALHOES": "1", "FAZ_tAL": "403206001", "ID_LINHA": 194236 }, "geometry": { "type": "MultiLineString", "coordinates": [ [ [ 419558.694561101263389, 7625933.74858957901597 ], [ 419551.51944537361851, 7625969.749082550406456 ], [ 419545.11818802007474, 7625997.226982904598117 ], [ 419537.788517572218552, 7626025.088056111708283 ], [ 419526.180524879950099, 7626063.585013221949339 ] ] ] } },
{ "type": "Feature", "properties": { "fid": 221.0, "COMPR_M": 498.16, "CLASSE": "03 - Média", "CD_FAZ": "403206", "TALHOES": "2", "FAZ_tAL": "403206002", "ID_LINHA": 194237 }, "geometry": { "type": "MultiLineString", "coordinates": [ [ [ 419185.364909086900298, 7624779.969036757946014 ], [ 419208.79545012494782, 7624802.619672495871782 ], [ 419233.717681914276909, 7624828.092523272149265 ], [ 419250.073271595872939, 7624845.671958953142166 ], [ 419273.853992207383271, 7624872.556156618520617 ], [ 419289.213727667112835, 7624890.819047389551997 ], [ 419311.517590541858226, 7624918.712781968526542 ], [ 419325.898606528586242, 7624937.636157942935824 ], [ 419346.740251117327716, 7624966.50487813167274 ], [ 419366.707540965813678, 7624995.947533966973424 ], [ 419385.799140323419124, 7625025.958028674125671 ], [ 419404.010872378654312, 7625056.532026837579906 ], [ 419415.659839385363739, 7625077.226367989555001 ], [ 419432.387884788506199, 7625108.734316473826766 ], [ 419443.037819303339347, 7625130.050694391131401 ], [ 419458.248600138758775, 7625162.492768082767725 ], [ 419468.316282211337239, 7625185.489416484721005 ] ] ] } },
{ "type": "Feature", "properties": { "fid": 222.0, "COMPR_M": 169.55, "CLASSE": "02 - Curta", "CD_FAZ": "403206", "TALHOES": "1", "FAZ_tAL": "403206001", "ID_LINHA": 194238 }, "geometry": { "type": "MultiLineString", "coordinates": [ [ [ 419539.947373135946691, 7625412.960778954438865 ], [ 419548.104016707278788, 7625453.635772880166769 ], [ 419555.051484586903825, 7625494.340166982263327 ], [ 419560.752481131290551, 7625534.21129949297756 ], [ 419566.065849581442308, 7625580.338745011948049 ] ] ] } },
{ "type": "Feature", "properties": { "fid": 223.0, "COMPR_M": 154.8, "CLASSE": "02 - Curta", "CD_FAZ": "403206", "TALHOES": "1", "FAZ_tAL": "403206001", "ID_LINHA": 194239 }, "geometry": { "type": "MultiLineString", "coordinates": [ [ [ 419559.113526457047556, 7625913.661669390276074 ], [ 419551.451149658299983, 7625955.562689736485481 ], [ 419542.206171801546589, 7625996.505446815863252 ], [ 419534.898585953342263, 7626024.282584495842457 ], [ 419522.909563966444694, 7626063.964290814474225 ] ] ] } },
{ "type": "Feature", "properties": { "fid": 224.0, "COMPR_M": 505.28, "CLASSE": "03 - Média", "CD_FAZ": "403206", "TALHOES": "2", "FAZ_tAL": "403206002", "ID_LINHA": 194240 }, "geometry": { "type": "MultiLineString", "coordinates": [ [ [ 419182.164183389220852, 7624781.070811806246638 ], [ 419206.682098706369288, 7624804.748978799208999 ], [ 419231.542058285791427, 7624830.158169415779412 ], [ 419247.856347418564837, 7624847.69321477599442 ], [ 419271.577351304003969, 7624874.509904231876135 ], [ 419286.898693111375906, 7624892.727144932374358 ], [ 419309.147010991116986, 7624920.551414891146123 ], [ 419323.492318245698698, 7624939.427803475409746 ], [ 419344.282316702185199, 7624968.224986857734621 ], [ 419364.200190696981736, 7624997.594777032732964 ], [ 419383.244541952735744, 7625027.531001229770482 ], [ 419401.411146604106762, 7625058.029238436371088 ], [ 419413.031190713401884, 7625078.672197882086039 ], [ 419429.717581828357652, 7625110.101687205024064 ], [ 419440.340898096910678, 7625131.364786814898252 ], [ 419455.513486287905835, 7625163.725399101153016 ], [ 419468.184791780658998, 7625192.914579339325428 ] ] ] } },
{ "type": "Feature", "properties": { "fid": 225.0, "COMPR_M": 196.26, "CLASSE": "02 - Curta", "CD_FAZ": "403206", "TALHOES": "1", "FAZ_tAL": "403206001", "ID_LINHA": 194241 }, "geometry": { "type": "MultiLineString", "coordinates": [ [ [ 419536.862317403429188, 7625412.87590229138732 ], [ 419545.154210480395705, 7625454.182364329695702 ], [ 419553.620476895594038, 7625504.825374569743872 ], [ 419560.199996447307058, 7625554.202496254816651 ], [ 419565.51323328691069, 7625606.833440123125911 ] ] ] } },
{ "type": "Feature", "properties": { "fid": 226.0, "COMPR_M": 178.74, "CLASSE": "02 - Curta", "CD_FAZ": "403206", "TALHOES": "1", "FAZ_tAL": "403206001", "ID_LINHA": 194242 }, "geometry": { "type": "MultiLineString", "coordinates": [ [ [ 419559.598179581516888, 7625890.425408176146448 ], [ 419555.852224587928504, 7625915.082172520458698 ], [ 419551.157586328103207, 7625941.560406093485653 ], [ 419542.587432826985605, 7625982.076984766870737 ], [ 419532.008654342964292, 7626023.477112895809114 ], [ 419519.638603047933429, 7626064.343568405136466 ] ] ] } },
{ "type": "Feature", "properties": { "fid": 227.0, "COMPR_M": 512.47, "CLASSE": "03 - Média", "CD_FAZ": "403206", "TALHOES": "2", "FAZ_tAL": "403206002", "ID_LINHA": 194243 }, "geometry": { "type": "MultiLineString", "coordinates": [ [ [ 419178.952161056105979, 7624782.17647547274828 ], [ 419204.568747291225009, 7624806.878285095095634 ], [ 419229.36643466190435, 7624832.223815562203526 ], [ 419245.639423245447688, 7624849.714470588602126 ], [ 419269.300710386247374, 7624876.463651850819588 ], [ 419284.583658554009162, 7624894.635242471471429 ], [ 419306.776431446021888, 7624922.390047816559672 ], [ 419328.095520848291926, 7624950.730766468681395 ], [ 419348.543868848471902, 7624979.647603621706367 ], [ 419368.12217885395512, 7625009.133482458069921 ], [ 419386.828019965381827, 7625039.182691998779774 ], [ 419404.65618075459497, 7625069.791298188269138 ], [ 419416.050128539500292, 7625090.506586283445358 ], [ 419432.39592888567131, 7625122.043009070679545 ], [ 419442.790830841462594, 7625143.376669021323323 ], [ 419457.619084191974252, 7625175.844832736998796 ], [ 419468.052055630832911, 7625200.410086989402771 ] ] ] } },
{ "type": "Feature", "properties": { "fid": 228.0, "COMPR_M": 228.09, "CLASSE": "02 - Curta", "CD_FAZ": "403206", "TALHOES": "1", "FAZ_tAL": "403206001", "ID_LINHA": 194244 }, "geometry": { "type": "MultiLineString", "coordinates": [ [ [ 419533.772205170826055, 7625412.79088650457561 ], [ 419544.058015675866045, 7625464.939452921971679 ], [ 419549.123533269681502, 7625495.267422484233975 ], [ 419553.49088727630442, 7625525.127051903866231 ], [ 419560.371368016232736, 7625583.627398240379989 ], [ 419564.853291269973852, 7625638.473770754411817 ] ] ] } },
{ "type": "Feature", "properties": { "fid": 229.0, "COMPR_M": 207.81, "CLASSE": "02 - Curta", "CD_FAZ": "403206", "TALHOES": "1", "FAZ_tAL": "403206001", "ID_LINHA": 194245 }, "geometry": { "type": "MultiLineString", "coordinates": [ [ [ 419560.190618815599009, 7625862.021438157185912 ], [ 419556.826395874202717, 7625888.637740291655064 ], [ 419552.891826880688313, 7625914.595964381471276 ], [ 419548.210595820273738, 7625940.998595241457224 ], [ 419542.726598784094676, 7625967.828247064724565 ], [ 419536.382139363558963, 7625995.062374636530876 ], [ 419529.118722741899546, 7626022.67164128087461 ], [ 419516.367354498477653, 7626064.722879346460104 ] ] ] } },
{ "type": "Feature", "properties": { "fid": 230.0, "COMPR_M": 519.75, "CLASSE": "03 - Média", "CD_FAZ": "403206", "TALHOES": "2", "FAZ_tAL": "403206002", "ID_LINHA": 194246 }, "geometry": { "type": "MultiLineString", "coordinates": [ [ [ 419175.740138728520833, 7624783.282139135524631 ], [ 419194.309480768453795, 7624800.998495317995548 ], [ 419218.935081929434091, 7624825.682163203135133 ], [ 419243.422499067033641, 7624851.735726401209831 ], [ 419267.024069487059023, 7624878.41739946603775 ], [ 419282.268623997631948, 7624896.543340018950403 ], [ 419304.405851906514727, 7624924.228680743835866 ], [ 419325.671764748694841, 7624952.498709565959871 ], [ 419346.069218093180098, 7624981.343575036153197 ], [ 419365.598841001105029, 7625010.756128815934062 ], [ 419384.258145377039909, 7625040.730581010691822 ], [ 419402.041877889598254, 7625071.262908821925521 ], [ 419413.407364758779295, 7625091.926451892592013 ], [ 419429.71220166265266, 7625123.383840842172503 ], [ 419440.080946585279889, 7625144.663817597553134 ], [ 419454.871698428061791, 7625177.049864109605551 ], [ 419467.917487114900723, 7625208.009067311882973 ] ] ] } },
{ "type": "Feature", "properties": { "fid": 231.0, "COMPR_M": 271.39, "CLASSE": "02 - Curta", "CD_FAZ": "403206", "TALHOES": "1", "FAZ_tAL": "403206001", "ID_LINHA": 194247 }, "geometry": { "type": "MultiLineString", "coordinates": [ [ [ 419530.681250012945384, 7625412.705847522243857 ], [ 419537.319081820256542, 7625445.037976155057549 ], [ 419542.870464371750131, 7625475.604931613430381 ], [ 419547.686461078934371, 7625505.712984233163297 ], [ 419553.067615603969898, 7625545.160409908741713 ], [ 419557.386074723384809, 7625583.924222216941416 ], [ 419560.063051634700969, 7625613.649913974106312 ], [ 419562.221313555608504, 7625644.374621417373419 ], [ 419563.953592937672511, 7625681.609003746882081 ] ] ] } },
{ "type": "Feature", "properties": { "fid": 232.0, "COMPR_M": 248.48, "CLASSE": "02 - Curta", "CD_FAZ": "403206", "TALHOES": "1", "FAZ_tAL": "403206001", "ID_LINHA": 194248 }, "geometry": { "type": "MultiLineString", "coordinates": [ [ [ 419561.025663702050224, 7625821.985956743359566 ], [ 419558.462057196826208, 7625850.25105070695281 ], [ 419553.854977569135372, 7625888.224223176017404 ], [ 419549.931429184449371, 7625914.109756242483854 ], [ 419545.263605319487397, 7625940.436784390360117 ], [ 419536.743712491123006, 7625980.715855472721159 ], [ 419529.967583548277617, 7626008.059047871269286 ], [ 419522.246468202560209, 7626035.757425025105476 ], [ 419513.072770216502249, 7626065.104896144010127 ] ] ] } },
{ "type": "Feature", "properties": { "fid": 233.0, "COMPR_M": 527.16, "CLASSE": "03 - Média", "CD_FAZ": "403206", "TALHOES": "2", "FAZ_tAL": "403206002", "ID_LINHA": 194249 }, "geometry": { "type": "MultiLineString", "coordinates": [ [ [ 419172.528116403147578, 7624784.387802797369659 ], [ 419192.215882414253429, 7624803.147222902625799 ], [ 419216.780511720338836, 7624827.76975932251662 ], [ 419241.205574893392622, 7624853.756982217542827 ], [ 419264.747428574133664, 7624880.371147087775171 ], [ 419279.953589439042844, 7624898.451437548734248 ], [ 419302.035272362001706, 7624926.067313672974706 ], [ 419323.248008641297929, 7624954.266652660444379 ], [ 419343.594567331951112, 7624983.039546430110931 ], [ 419363.075503139058128, 7625012.378775173798203 ], [ 419381.68827078549657, 7625042.278470014221966 ], [ 419399.427575034205802, 7625072.734519448131323 ], [ 419410.76460097823292, 7625093.346317492425442 ], [ 419427.028474437247496, 7625124.724672604352236 ], [ 419442.390620453574229, 7625156.656366057693958 ], [ 419456.840594667824917, 7625189.156905634328723 ], [ 419467.780654909380246, 7625215.735875690355897 ] ] ] } },
{ "type": "Feature", "properties": { "fid": 234.0, "COMPR_M": 660.93, "CLASSE": "04 - Longa", "CD_FAZ": "403206", "TALHOES": "1", "FAZ_tAL": "403206001", "ID_LINHA": 194250 }, "geometry": { "type": "MultiLineString", "coordinates": [ [ [ 419527.590294861234725, 7625412.62080854922533 ], [ 419536.304791821050458, 7625455.822138663381338 ], [ 419543.195581941516139, 7625496.194677993655205 ], [ 419550.090243153157644, 7625545.528293566778302 ], [ 419555.343240164511371, 7625593.996711549349129 ], [ 419558.57176428521052, 7625634.222417103126645 ], [ 419560.770624585915357, 7625676.214197156019509 ], [ 419561.706578166224062, 7625720.004015920683742 ], [ 419561.1150376709993, 7625765.627792252227664 ], [ 419558.695398834301159, 7625813.108626203611493 ], [ 419555.478067874908447, 7625849.941067107021809 ], [ 419550.883559257839806, 7625887.810706062242389 ], [ 419544.73999245360028, 7625926.695409758016467 ], [ 419536.864701068669092, 7625966.547690074890852 ], [ 419530.558106937678531, 7625993.619302460923791 ], [ 419519.368842610856518, 7626034.909027209505439 ], [ 419509.77818592893891, 7626065.486912929452956 ] ] ] } },
{ "type": "Feature", "properties": { "fid": 235.0, "COMPR_M": 534.62, "CLASSE": "03 - Média", "CD_FAZ": "403206", "TALHOES": "2", "FAZ_tAL": "403206002", "ID_LINHA": 194251 }, "geometry": { "type": "MultiLineString", "coordinates": [ [ [ 419169.316094073990826, 7624785.493466457352042 ], [ 419190.122284054174088, 7624805.295950476080179 ], [ 419214.625941503385548, 7624829.857355437241495 ], [ 419238.988650712592062, 7624855.778238033875823 ], [ 419262.47078766929917, 7624882.324894705787301 ], [ 419277.638554882141761, 7624900.359535098075867 ], [ 419299.664692814578302, 7624927.905946591868997 ], [ 419320.824252538091969, 7624956.034595752134919 ], [ 419341.119916571769863, 7624984.735517838969827 ], [ 419360.552165281609632, 7625014.00142153352499 ], [ 419379.118396189296618, 7625043.826359027996659 ], [ 419396.813272178580519, 7625074.20613007992506 ], [ 419413.628579972370062, 7625105.138078523799777 ], [ 419429.553213283594232, 7625136.621156478300691 ], [ 419444.5730308930506, 7625168.655923184007406 ], [ 419458.671369182877243, 7625201.24738728813827 ], [ 419467.642652682436164, 7625223.528754906728864 ] ] ] } },
{ "type": "Feature", "properties": { "fid": 236.0, "COMPR_M": 661.47, "CLASSE": "04 - Longa", "CD_FAZ": "403206", "TALHOES": "1", "FAZ_tAL": "403206001", "ID_LINHA": 194252 }, "geometry": { "type": "MultiLineString", "coordinates": [ [ [ 419524.499339697416872, 7625412.53576957155019 ], [ 419533.354985602549277, 7625456.368730121292174 ], [ 419540.231606280198321, 7625496.658305751159787 ], [ 419547.112870708690025, 7625545.896177235990763 ], [ 419552.356194415246136, 7625594.275358270853758 ], [ 419555.578431540518068, 7625634.422585418447852 ], [ 419557.772706126328558, 7625676.326532849110663 ], [ 419558.706586010637693, 7625720.018594902940094 ], [ 419558.116467404353898, 7625765.534098340198398 ], [ 419555.702929199906066, 7625812.89562208764255 ], [ 419552.494078551884741, 7625849.631083508953452 ], [ 419547.912140941247344, 7625887.397188941948116 ], [ 419541.78598476620391, 7625926.171761902980506 ], [ 419533.933752197481226, 7625965.907411580905318 ], [ 419527.64609071839368, 7625992.897766375914216 ], [ 419516.491217019618489, 7626034.060629393905401 ], [ 419506.48360165336635, 7626065.868929719552398 ] ] ] } },
{ "type": "Feature", "properties": { "fid": 237.0, "COMPR_M": 542.24, "CLASSE": "03 - Média", "CD_FAZ": "403206", "TALHOES": "2", "FAZ_tAL": "403206002", "ID_LINHA": 194253 }, "geometry": { "type": "MultiLineString", "coordinates": [ [ [ 419166.10407173843123, 7624786.599130116403103 ], [ 419188.028685689438134, 7624807.444678061641753 ], [ 419212.471371291147079, 7624831.944951547309756 ], [ 419236.771726537146606, 7624857.799493847414851 ], [ 419260.194146759924479, 7624884.278642329387367 ], [ 419282.74331403762335, 7624911.361321400851011 ], [ 419304.425438407459296, 7624939.033241247758269 ], [ 419325.244390233594459, 7624967.282452950254083 ], [ 419345.202219382161275, 7624996.100058601237833 ], [ 419364.298252531851176, 7625025.479084662161767 ], [ 419382.528933663503267, 7625055.414098540320992 ], [ 419399.887947321170941, 7625085.901347358711064 ], [ 419410.971931474748999, 7625106.531792396679521 ], [ 419426.856292077689432, 7625137.935248889029026 ], [ 419441.837917038996238, 7625169.888554201461375 ], [ 419455.900160785473417, 7625202.396575084887445 ], [ 419467.501525464700535, 7625231.498099628835917 ] ] ] } },
{ "type": "Feature", "properties": { "fid": 238.0, "COMPR_M": 662.01, "CLASSE": "04 - Longa", "CD_FAZ": "403206", "TALHOES": "1", "FAZ_tAL": "403206001", "ID_LINHA": 194254 }, "geometry": { "type": "MultiLineString", "coordinates": [ [ [ 419521.4083845410496, 7625412.450730603188276 ], [ 419530.405179390858393, 7625456.915321568027139 ], [ 419537.267630612943321, 7625497.121933506801724 ], [ 419544.135498253512196, 7625546.26406089682132 ], [ 419549.369148676865734, 7625594.554004982113838 ], [ 419552.585098793089855, 7625634.622753737494349 ], [ 419554.774787665170152, 7625676.43886854313314 ], [ 419555.706593846553005, 7625720.033173907548189 ], [ 419555.117897138465196, 7625765.440404435619712 ], [ 419552.710459557536524, 7625812.682617984712124 ], [ 419549.510089225776028, 7625849.321099899709225 ], [ 419544.940722628205549, 7625886.983671825379133 ], [ 419538.831977081950754, 7625925.648114055395126 ], [ 419531.002803341951221, 7625965.267133079469204 ], [ 419524.734074499458075, 7625992.176230277866125 ], [ 419513.613591420347802, 7626033.212231583893299 ], [ 419503.18901736085536, 7626066.250946518033743 ] ] ] } },
{ "type": "Feature", "properties": { "fid": 239.0, "COMPR_M": 549.96, "CLASSE": "03 - Média", "CD_FAZ": "403206", "TALHOES": "2", "FAZ_tAL": "403206002", "ID_LINHA": 194255 }, "geometry": { "type": "MultiLineString", "coordinates": [ [ [ 419162.892049417598173, 7624787.704793775454164 ], [ 419185.935087339254096, 7624809.593405648134649 ], [ 419210.316801083507016, 7624834.032547676935792 ], [ 419234.554802357801236, 7624859.820749665610492 ], [ 419257.917505848105066, 7624886.232389947399497 ], [ 419280.40949553635437, 7624913.246397372335196 ], [ 419302.036874626821373, 7624940.848449431359768 ], [ 419322.803419805073645, 7624969.026551375165582 ], [ 419342.711097438819706, 7624997.771742386743426 ], [ 419361.759165888652205, 7625027.076975235715508 ], [ 419379.944016989786178, 7625056.936735066585243 ], [ 419397.259298639837652, 7625087.347177254036069 ], [ 419413.69576410058653, 7625118.305911601521075 ], [ 419429.241409566253424, 7625149.812411928549409 ], [ 419443.882155347208027, 7625181.869989579543471 ], [ 419457.567680680775084, 7625214.403854202479124 ], [ 419467.358693813614082, 7625239.56369227077812 ] ] ] } },
{ "type": "Feature", "properties": { "fid": 240.0, "COMPR_M": 662.54, "CLASSE": "04 - Longa", "CD_FAZ": "403206", "TALHOES": "1", "FAZ_tAL": "403206001", "ID_LINHA": 194256 }, "geometry": { "type": "MultiLineString", "coordinates": [ [ [ 419518.317429392365739, 7625412.365691632032394 ], [ 419527.45537316671107, 7625457.461913017556071 ], [ 419534.303654952440411, 7625497.585561256855726 ], [ 419541.158125803922303, 7625546.631944567896426 ], [ 419546.38210293604061, 7625594.832651697099209 ], [ 419549.591766051365994, 7625634.822922059334815 ], [ 419551.776869209599681, 7625676.551204251125455 ], [ 419552.706601684796624, 7625720.047752899117768 ], [ 419552.119326863437891, 7625765.34671051800251 ], [ 419549.717989919241518, 7625812.469613875262439 ], [ 419546.526099896465894, 7625849.011116299778223 ], [ 419541.969304322206881, 7625886.570154713466763 ], [ 419535.877969401073642, 7625925.124466205947101 ], [ 419528.07185447961092, 7625964.62685458175838 ], [ 419521.822058280871715, 7625991.45469419285655 ], [ 419510.735965831438079, 7626032.363833763636649 ], [ 419499.894433082488831, 7626066.632963307201862 ] ] ] } },
{ "type": "Feature", "properties": { "fid": 241.0, "COMPR_M": 557.77, "CLASSE": "03 - Média", "CD_FAZ": "403206", "TALHOES": "2", "FAZ_tAL": "403206002", "ID_LINHA": 194257 }, "geometry": { "type": "MultiLineString", "coordinates": [ [ [ 419159.67402352753561, 7624788.81252402253449 ], [ 419183.841488973936066, 7624811.742133231833577 ], [ 419208.162230869464111, 7624836.120143787004054 ], [ 419232.337878181191627, 7624861.842005483806133 ], [ 419255.640864933084231, 7624888.186137563548982 ], [ 419278.075677045155317, 7624915.131473337300122 ], [ 419299.64831084490288, 7624942.663657618686557 ], [ 419320.362449370441027, 7624970.770649814978242 ], [ 419340.219975490996148, 7624999.443426170386374 ], [ 419359.220079244405497, 7625028.674865814857185 ], [ 419377.35910031630192, 7625058.459371596574783 ], [ 419394.630649966886267, 7625088.793007150292397 ], [ 419411.025461147655733, 7625119.673282333649695 ], [ 419426.531525312224403, 7625151.099560517817736 ], [ 419441.134769574913662, 7625183.075020951218903 ], [ 419454.785082473536022, 7625215.52518006414175 ], [ 419467.214071231253911, 7625247.730417892336845 ] ] ] } },
{ "type": "Feature", "properties": { "fid": 242.0, "COMPR_M": 663.08, "CLASSE": "04 - Longa", "CD_FAZ": "403206", "TALHOES": "1", "FAZ_tAL": "403206001", "ID_LINHA": 194258 }, "geometry": { "type": "MultiLineString", "coordinates": [ [ [ 419515.226474230759777, 7625412.280652655288577 ], [ 419524.505566948733758, 7625458.008504458703101 ], [ 419531.339679285301827, 7625498.049189012497663 ], [ 419538.180753354157787, 7625546.999828229658306 ], [ 419543.395057195448317, 7625595.111298421397805 ], [ 419546.598433304869104, 7625635.023090373724699 ], [ 419548.778950741980225, 7625676.663539947941899 ], [ 419549.706609524553642, 7625720.062331888824701 ], [ 419549.120756588527001, 7625765.253016608767211 ], [ 419546.725520284904633, 7625812.256609766744077 ], [ 419543.542110578506254, 7625848.701132699847221 ], [ 419538.99788600881584, 7625886.156637590378523 ], [ 419532.923961722757667, 7625924.600818354636431 ], [ 419525.140905607200693, 7625963.986576087772846 ], [ 419518.91004206269281, 7625990.733158104121685 ], [ 419507.858340234379284, 7626031.515435951761901 ], [ 419496.599848796380684, 7626067.014980096369982 ] ] ] } },
{ "type": "Feature", "properties": { "fid": 243.0, "COMPR_M": 565.77, "CLASSE": "03 - Média", "CD_FAZ": "403206", "TALHOES": "2", "FAZ_tAL": "403206002", "ID_LINHA": 194259 }, "geometry": { "type": "MultiLineString", "coordinates": [ [ [ 419156.448443472676445, 7624789.922854611650109 ], [ 419181.747890615253709, 7624813.890860817395151 ], [ 419206.007660648901947, 7624838.207739906385541 ], [ 419230.120953998703044, 7624863.863261304795742 ], [ 419253.364224025455769, 7624890.139885183423758 ], [ 419275.741858544759452, 7624917.016549313440919 ], [ 419297.259747072355822, 7624944.478865806013346 ], [ 419317.921478944190312, 7624972.514748245477676 ], [ 419337.728853548644111, 7625001.115109952166677 ], [ 419356.680992606969085, 7625030.272756388410926 ], [ 419374.774183644913137, 7625059.982008124701679 ], [ 419392.002001287881285, 7625090.238837042823434 ], [ 419408.355158195423428, 7625121.040653074160218 ], [ 419423.821641058777459, 7625152.386709096841514 ], [ 419438.387383804249112, 7625184.280052314512432 ], [ 419452.002484269381966, 7625216.646505926735699 ], [ 419467.065923594986089, 7625256.096199829131365 ] ] ] } },
{ "type": "Feature", "properties": { "fid": 244.0, "COMPR_M": 663.62, "CLASSE": "04 - Longa", "CD_FAZ": "403206", "TALHOES": "1", "FAZ_tAL": "403206001", "ID_LINHA": 194260 }, "geometry": { "type": "MultiLineString", "coordinates": [ [ [ 419512.135519076138735, 7625412.195613674819469 ], [ 419521.555760726798326, 7625458.555095912888646 ], [ 419528.375703623518348, 7625498.512816766276956 ], [ 419535.203380901541095, 7625547.367711892351508 ], [ 419540.408011452527717, 7625595.389945128932595 ], [ 419543.605100556218531, 7625635.223258692771196 ], [ 419545.78103228128748, 7625676.775875644758344 ], [ 419546.706617369083688, 7625720.076910877600312 ], [ 419546.12218632485019, 7625765.159322697669268 ], [ 419543.733050653303508, 7625812.043605655431747 ], [ 419540.558121256181039, 7625848.391149101778865 ], [ 419536.02646770037245, 7625885.74312047380954 ], [ 419529.969954037806019, 7625924.077170509845018 ], [ 419522.209956749109551, 7625963.346297595649958 ], [ 419512.559277860447764, 7626003.479982105083764 ], [ 419504.980714639241342, 7626030.667038137093186 ], [ 419493.30526451516198, 7626067.396996887400746 ] ] ] } },
{ "type": "Feature", "properties": { "fid": 245.0, "COMPR_M": 573.88, "CLASSE": "03 - Média", "CD_FAZ": "403206", "TALHOES": "2", "FAZ_tAL": "403206002", "ID_LINHA": 194261 }, "geometry": { "type": "MultiLineString", "coordinates": [ [ [ 419153.222863419970963, 7624791.033185202628374 ], [ 419179.654292260529473, 7624816.039588401094079 ], [ 419203.85309044161113, 7624840.295336020179093 ], [ 419227.904029820987489, 7624865.884517122060061 ], [ 419251.08758311602287, 7624892.09363280236721 ], [ 419273.40804004855454, 7624918.901625279337168 ], [ 419294.871183296549134, 7624946.294073989614844 ], [ 419315.480508510605432, 7624974.258846681565046 ], [ 419341.634038251766469, 7625012.419964730739594 ], [ 419360.253156653547194, 7625041.68775425478816 ], [ 419378.013614642026369, 7625071.504142869263887 ], [ 419394.908018301823176, 7625101.86551112588495 ], [ 419410.926111065782607, 7625132.769663235172629 ], [ 419426.054927550139837, 7625164.216343322768807 ], [ 419440.283938569948077, 7625196.219871533103287 ], [ 419453.497335450490937, 7625228.537249401211739 ], [ 419466.915746534010395, 7625264.576582351699471 ] ] ] } },
{ "type": "Feature", "properties": { "fid": 246.0, "COMPR_M": 664.15, "CLASSE": "04 - Longa", "CD_FAZ": "403206", "TALHOES": "1", "FAZ_tAL": "403206001", "ID_LINHA": 194262 }, "geometry": { "type": "MultiLineString", "coordinates": [ [ [ 419509.044563918490894, 7625412.110574701800942 ], [ 419518.60595451365225, 7625459.101687355898321 ], [ 419525.411727966449689, 7625498.976444525644183 ], [ 419531.002165724465158, 7625538.074921022169292 ], [ 419536.489021651796065, 7625586.001990091055632 ], [ 419540.611767812632024, 7625635.423427004367113 ], [ 419542.78311381774256, 7625676.888211341574788 ], [ 419543.70662520325277, 7625720.091489876620471 ], [ 419543.123616053373553, 7625765.065628785640001 ], [ 419540.740581016521901, 7625811.830601544119418 ], [ 419537.574131932691671, 7625848.081165492534637 ], [ 419533.055049385875463, 7625885.329603360034525 ], [ 419527.015946355531923, 7625923.553522663190961 ], [ 419519.279007882869337, 7625962.706019098870456 ], [ 419509.657893579744268, 7626002.716804475523531 ], [ 419502.103089045209344, 7626029.81864033266902 ], [ 419490.010680226841941, 7626067.779013690538704 ] ] ] } },
{ "type": "Feature", "properties": { "fid": 247.0, "COMPR_M": 582.11, "CLASSE": "03 - Média", "CD_FAZ": "403206", "TALHOES": "2", "FAZ_tAL": "403206002", "ID_LINHA": 194263 }, "geometry": { "type": "MultiLineString", "coordinates": [ [ [ 419149.997283366858028, 7624792.143515788018703 ], [ 419177.560693901206832, 7624818.188315986655653 ], [ 419201.698520229780115, 7624842.382932141423225 ], [ 419225.687105648685247, 7624867.905772933736444 ], [ 419248.810942202107981, 7624894.047380414791405 ], [ 419271.074221553048119, 7624920.786701245233417 ], [ 419292.482619528716896, 7624948.109282171353698 ], [ 419313.039538084762171, 7624976.002945118583739 ], [ 419339.12668797688093, 7625014.067207811400294 ], [ 419363.699148658488411, 7625053.113693077117205 ], [ 419381.12745503464248, 7625083.035793842747808 ], [ 419397.688688978727441, 7625113.500361762940884 ], [ 419413.371686044440139, 7625144.50571097061038 ], [ 419428.162347784498706, 7625176.051709294319153 ], [ 419442.044118793215603, 7625208.142514057457447 ], [ 419454.844839490368031, 7625240.365411622449756 ], [ 419466.7633123670239, 7625273.184422111138701 ] ] ] } },
{ "type": "Feature", "properties": { "fid": 248.0, "COMPR_M": 664.69, "CLASSE": "04 - Longa", "CD_FAZ": "403206", "TALHOES": "1", "FAZ_tAL": "403206001", "ID_LINHA": 194264 }, "geometry": { "type": "MultiLineString", "coordinates": [ [ [ 419505.953608769108541, 7625412.02553572691977 ], [ 419515.656148287467659, 7625459.64827880077064 ], [ 419522.447752304142341, 7625499.440072283148766 ], [ 419528.027134179254062, 7625538.461283173412085 ], [ 419533.503728357842192, 7625586.298814077861607 ], [ 419537.618435066891834, 7625635.623595321550965 ], [ 419539.785195351927541, 7625677.0005470411852 ], [ 419540.706633050867822, 7625720.106068862602115 ], [ 419540.125045781838708, 7625764.971934881061316 ], [ 419537.748111371824052, 7625811.617597431875765 ], [ 419534.590142606059089, 7625847.771181896328926 ], [ 419530.08363107626792, 7625884.916086249053478 ], [ 419524.061938674480189, 7625923.029874813742936 ], [ 419516.348059020470828, 7625962.065740594640374 ], [ 419506.756509302416816, 7626001.953626856207848 ], [ 419499.225463452981785, 7626028.970242514275014 ], [ 419486.71609594207257, 7626068.161030480638146 ] ] ] } },
{ "type": "Feature", "properties": { "fid": 249.0, "COMPR_M": 590.53, "CLASSE": "03 - Média", "CD_FAZ": "403206", "TALHOES": "2", "FAZ_tAL": "403206002", "ID_LINHA": 194265 }, "geometry": { "type": "MultiLineString", "coordinates": [ [ [ 419146.771703315316699, 7624793.253846378996968 ], [ 419175.467095546540804, 7624820.337043570354581 ], [ 419199.543950010091066, 7624844.4705282561481 ], [ 419223.470181471784599, 7624869.927028752863407 ], [ 419246.534301295527257, 7624896.001128033734858 ], [ 419268.740403047879227, 7624922.671777214854956 ], [ 419290.09405574912671, 7624949.924490356817842 ], [ 419310.598567644250579, 7624977.747043559327722 ], [ 419336.619337700074539, 7625015.714450884610415 ], [ 419361.129274064325728, 7625054.661582082509995 ], [ 419378.513152181345504, 7625084.50740447640419 ], [ 419395.03204047831241, 7625114.89407563675195 ], [ 419410.674764845520258, 7625145.819803386926651 ], [ 419425.427233934751712, 7625177.284340318292379 ], [ 419439.272910395171493, 7625209.291701848618686 ], [ 419452.040599992906209, 7625241.431458966806531 ], [ 419466.607248457090463, 7625281.997230058535933 ] ] ] } },
{ "type": "Feature", "properties": { "fid": 250.0, "COMPR_M": 665.23, "CLASSE": "04 - Longa", "CD_FAZ": "403206", "TALHOES": "1", "FAZ_tAL": "403206001", "ID_LINHA": 194266 }, "geometry": { "type": "MultiLineString", "coordinates": [ [ [ 419502.862653604883235, 7625411.940496748313308 ], [ 419512.706342068559024, 7625460.194870247505605 ], [ 419519.48377663793508, 7625499.903700033202767 ], [ 419525.052102645044215, 7625538.84764533303678 ], [ 419530.518435056786984, 7625586.595638059079647 ], [ 419534.625102316320408, 7625635.82376363966614 ], [ 419536.787276893679518, 7625677.112882741726935 ], [ 419537.706640890741255, 7625720.120647860690951 ], [ 419537.126475510478485, 7625764.878240964375436 ], [ 419534.755641740979627, 7625811.404593316838145 ], [ 419531.606153278262354, 7625847.461198296397924 ], [ 419527.112212760664988, 7625884.502569131553173 ], [ 419521.10793098754948, 7625922.50622696056962 ], [ 419513.417110160400625, 7625961.425462104380131 ], [ 419503.855125018628314, 7626001.190449228510261 ], [ 419492.233488479338121, 7626041.700150016695261 ], [ 419483.421511661552358, 7626068.543047266080976 ] ] ] } },
{ "type": "Feature", "properties": { "fid": 251.0, "COMPR_M": 599.11, "CLASSE": "03 - Média", "CD_FAZ": "403206", "TALHOES": "2", "FAZ_tAL": "403206002", "ID_LINHA": 194267 }, "geometry": { "type": "MultiLineString", "coordinates": [ [ [ 419143.546123252832331, 7624794.364176972769201 ], [ 419173.373497186636087, 7624822.485771155916154 ], [ 419197.38937979581533, 7624846.55812437646091 ], [ 419221.253257287142333, 7624871.94828456453979 ], [ 419244.257660386443604, 7624897.954875661060214 ], [ 419266.406584554060828, 7624924.556853184476495 ], [ 419287.70549197611399, 7624951.739698541350663 ], [ 419308.157597220153548, 7624979.491141990758479 ], [ 419334.111987435084302, 7625017.361693961545825 ], [ 419358.559399474121165, 7625056.20947109349072 ], [ 419375.898849329794757, 7625085.979015110060573 ], [ 419392.375391975860111, 7625116.28778950124979 ], [ 419407.977843638043851, 7625147.133895803242922 ], [ 419427.397840729739983, 7625189.100177800282836 ], [ 419440.872091453173198, 7625221.131809359416366 ], [ 419453.233075727359392, 7625253.167986301705241 ], [ 419466.448159168998245, 7625290.980879010632634 ] ] ] } },
{ "type": "Feature", "properties": { "fid": 252.0, "COMPR_M": 665.77, "CLASSE": "04 - Longa", "CD_FAZ": "403206", "TALHOES": "1", "FAZ_tAL": "403206001", "ID_LINHA": 194268 }, "geometry": { "type": "MultiLineString", "coordinates": [ [ [ 419499.771698450786062, 7625411.855457775294781 ], [ 419507.861894417088479, 7625450.720090571790934 ], [ 419516.519800976442639, 7625500.36732779070735 ], [ 419522.077071101288311, 7625539.234007485210896 ], [ 419527.533141767955385, 7625586.892462039366364 ], [ 419531.631769572151825, 7625636.023931960575283 ], [ 419533.789358432637528, 7625677.225218430161476 ], [ 419534.706648722290993, 7625720.135226845741272 ], [ 419534.127905240515247, 7625764.78454705607146 ], [ 419531.76317210495472, 7625811.191589212045074 ], [ 419528.622163958614692, 7625847.151214689016342 ], [ 419524.140794450009707, 7625884.089052015915513 ], [ 419518.153923313715495, 7625921.982579113915563 ], [ 419510.486161293578334, 7625960.785183605737984 ], [ 419500.953740739030764, 7626000.427271591499448 ], [ 419489.369054538488854, 7626040.80821668356657 ], [ 419480.111166572256479, 7626068.926891572773457 ] ] ] } },
{ "type": "Feature", "properties": { "fid": 253.0, "COMPR_M": 607.85, "CLASSE": "04 - Longa", "CD_FAZ": "403206", "TALHOES": "2", "FAZ_tAL": "403206002", "ID_LINHA": 194269 }, "geometry": { "type": "MultiLineString", "coordinates": [ [ [ 419140.319895566557534, 7624795.474730500020087 ], [ 419171.27989883266855, 7624824.634498739615083 ], [ 419195.23480958485743, 7624848.645720494911075 ], [ 419219.036333108437248, 7624873.969540387392044 ], [ 419249.439393010223284, 7624908.687796523794532 ], [ 419271.248128988198005, 7624935.415833011269569 ], [ 419292.210570591269061, 7624962.719195440411568 ], [ 419312.329169326345436, 7624990.586400403641164 ], [ 419337.842124548216816, 7625028.605238767340779 ], [ 419361.849600290704984, 7625067.59519075602293 ], [ 419378.858757895883173, 7625097.467986519448459 ], [ 419395.003643430769444, 7625127.877506736665964 ], [ 419410.272219782578759, 7625158.82245200779289 ], [ 419429.24616783548845, 7625200.928515460342169 ], [ 419442.322907308407594, 7625232.911684261634946 ], [ 419454.283711281197611, 7625264.838760377839208 ], [ 419466.286116700270213, 7625300.131292188540101 ] ] ] } },
{ "type": "Feature", "properties": { "fid": 254.0, "COMPR_M": 666.32, "CLASSE": "04 - Longa", "CD_FAZ": "403206", "TALHOES": "1", "FAZ_tAL": "403206001", "ID_LINHA": 194270 }, "geometry": { "type": "MultiLineString", "coordinates": [ [ [ 419496.680743303033523, 7625411.770418800413609 ], [ 419504.916175670630764, 7625451.288302013650537 ], [ 419513.555825309013017, 7625500.830955544486642 ], [ 419519.102039558056276, 7625539.62036962993443 ], [ 419524.547848472138867, 7625587.189286027103662 ], [ 419528.63843682454899, 7625636.224100274965167 ], [ 419530.791439969849307, 7625677.337554134428501 ], [ 419531.706656565831508, 7625720.149805838242173 ], [ 419531.129334971890785, 7625764.690853146836162 ], [ 419528.770702470210381, 7625810.978585103526711 ], [ 419525.638174636405893, 7625846.841231092810631 ], [ 419521.169376134581398, 7625883.67553489189595 ], [ 419515.199915622128174, 7625921.458931257948279 ], [ 419507.555212439736351, 7625960.144905112683773 ], [ 419498.05235646275105, 7625999.664093969389796 ], [ 419486.504620605381206, 7626039.916283341124654 ], [ 419476.791358831338584, 7626069.31183310598135 ] ] ] } },
{ "type": "Feature", "properties": { "fid": 255.0, "COMPR_M": 616.77, "CLASSE": "04 - Longa", "CD_FAZ": "403206", "TALHOES": "2", "FAZ_tAL": "403206002", "ID_LINHA": 194271 }, "geometry": { "type": "MultiLineString", "coordinates": [ [ [ 419137.0811497301911, 7624796.589593097567558 ], [ 419169.18630047357874, 7624826.78322631213814 ], [ 419193.080239367496688, 7624850.733316605910659 ], [ 419216.819408933864906, 7624875.990796201862395 ], [ 419247.143416346691083, 7624910.618784227408469 ], [ 419268.895796705852263, 7624937.277754623442888 ], [ 419289.80428231251426, 7624964.510840972885489 ], [ 419309.871234906488098, 7624992.306509145535529 ], [ 419335.318786693038419, 7625030.227885132655501 ], [ 419359.264683622401208, 7625069.117827276699245 ], [ 419376.230109220719896, 7625098.913816405460238 ], [ 419397.507474924204871, 7625139.473822098225355 ], [ 419412.441850136965513, 7625170.516324390657246 ], [ 419426.486725153517909, 7625202.10567644611001 ], [ 419439.529300280846655, 7625234.005292976275086 ], [ 419455.193404705845751, 7625276.437401011586189 ], [ 419466.120824539160822, 7625309.465212216600776 ] ] ] } },
{ "type": "Feature", "properties": { "fid": 256.0, "COMPR_M": 666.87, "CLASSE": "04 - Longa", "CD_FAZ": "403206", "TALHOES": "1", "FAZ_tAL": "403206001", "ID_LINHA": 194272 }, "geometry": { "type": "MultiLineString", "coordinates": [ [ [ 419493.589788141660392, 7625411.685379832983017 ], [ 419501.970456933311652, 7625451.856513457372785 ], [ 419510.591849646996707, 7625501.294583294540644 ], [ 419516.127008018433116, 7625540.006731785833836 ], [ 419521.562555177893955, 7625587.486110012046993 ], [ 419525.645104083290789, 7625636.42426859587431 ], [ 419527.793521503568627, 7625677.449889834970236 ], [ 419528.706664400990121, 7625720.16438483260572 ], [ 419528.130764693487436, 7625764.597159233875573 ], [ 419525.778232831682544, 7625810.765580985695124 ], [ 419522.654185311694164, 7625846.531247496604919 ], [ 419518.197957822179887, 7625883.262017773464322 ], [ 419512.245907944976352, 7625920.935283407568932 ], [ 419504.624263577221427, 7625959.504626612178981 ], [ 419495.150972180068493, 7625998.9009163454175 ], [ 419483.640186664124485, 7626039.024350001476705 ], [ 419473.471551093738526, 7626069.696774629876018 ] ] ] } },
{ "type": "Feature", "properties": { "fid": 257.0, "COMPR_M": 625.89, "CLASSE": "04 - Longa", "CD_FAZ": "403206", "TALHOES": "2", "FAZ_tAL": "403206002", "ID_LINHA": 194273 }, "geometry": { "type": "MultiLineString", "coordinates": [ [ [ 419133.84240389947081, 7624797.70445569511503 ], [ 419159.274539524398278, 7624821.383045262657106 ], [ 419190.925669153453782, 7624852.820912726223469 ], [ 419214.602484752773307, 7624878.012052016332746 ], [ 419237.427737660764251, 7624903.816118509508669 ], [ 419259.405129064864013, 7624930.212081093341112 ], [ 419287.397994035040028, 7624966.302486508153379 ], [ 419307.413300494954456, 7624994.026617873460054 ], [ 419332.795448829361703, 7625031.850531487725675 ], [ 419356.679766953457147, 7625070.640463810414076 ], [ 419373.601460549223702, 7625100.359646300785244 ], [ 419394.823747695307247, 7625140.814653864130378 ], [ 419409.719234651478473, 7625171.77632060367614 ], [ 419423.727282468636986, 7625203.282837428152561 ], [ 419440.823642034374643, 7625245.695648371241987 ], [ 419452.359486472676508, 7625277.421834771521389 ], [ 419465.951738199102692, 7625319.013386872597039 ] ] ] } },
{ "type": "Feature", "properties": { "fid": 258.0, "COMPR_M": 667.42, "CLASSE": "04 - Longa", "CD_FAZ": "403206", "TALHOES": "1", "FAZ_tAL": "403206001", "ID_LINHA": 194274 }, "geometry": { "type": "MultiLineString", "coordinates": [ [ [ 419490.494022331899032, 7625411.600208502262831 ], [ 419499.024738185398746, 7625452.424724904820323 ], [ 419507.62787398963701, 7625501.758211050182581 ], [ 419513.151976478635333, 7625540.393093943595886 ], [ 419518.57726187602384, 7625587.782933993265033 ], [ 419522.651771339238621, 7625636.624436907470226 ], [ 419524.795603045611642, 7625677.56222552806139 ], [ 419525.706672248954419, 7625720.178963826037943 ], [ 419525.132194426259957, 7625764.503465332090855 ], [ 419522.785763194435276, 7625810.552576875314116 ], [ 419519.670195984595921, 7625846.221263889223337 ], [ 419515.226539514784236, 7625882.848500656895339 ], [ 419509.291900259209797, 7625920.411635563708842 ], [ 419501.693314709118567, 7625958.864348117262125 ], [ 419492.249587900121696, 7625998.1377387130633 ], [ 419480.775752730376553, 7626038.132416662760079 ], [ 419470.151743354159407, 7626070.081716153770685 ] ] ] } },
{ "type": "Feature", "properties": { "fid": 259.0, "COMPR_M": 635.25, "CLASSE": "04 - Longa", "CD_FAZ": "403206", "TALHOES": "2", "FAZ_tAL": "403206002", "ID_LINHA": 194275 }, "geometry": { "type": "MultiLineString", "coordinates": [ [ [ 419130.603658076375723, 7624798.819318301975727 ], [ 419157.200043216987979, 7624823.550217039883137 ], [ 419188.771098944707774, 7624854.908508850261569 ], [ 419212.385560577735305, 7624880.033307829871774 ], [ 419242.551463002921082, 7624914.480759618803859 ], [ 419264.191132142790593, 7624941.001597852446139 ], [ 419291.739179274358321, 7624977.249912921339273 ], [ 419311.424107457627542, 7625005.0871746763587 ], [ 419336.368299466965254, 7625043.055881017819047 ], [ 419359.815534230845515, 7625081.984624098055065 ], [ 419376.40867182565853, 7625111.80457036010921 ], [ 419397.190158818440977, 7625152.390265464782715 ], [ 419411.751664672745392, 7625183.447495413944125 ], [ 419425.41686840163311, 7625215.037640810012817 ], [ 419441.97507370862877, 7625257.32259576395154 ], [ 419453.120611940685194, 7625288.915931820869446 ], [ 419465.778134117776062, 7625328.816675080917776 ] ] ] } },
{ "type": "Feature", "properties": { "fid": 260.0, "COMPR_M": 667.96, "CLASSE": "04 - Longa", "CD_FAZ": "403206", "TALHOES": "1", "FAZ_tAL": "403206001", "ID_LINHA": 194276 }, "geometry": { "type": "MultiLineString", "coordinates": [ [ [ 419487.396856364910491, 7625411.514998653903604 ], [ 419496.079019448603503, 7625452.992936346679926 ], [ 419504.663898327678908, 7625502.22183880303055 ], [ 419510.17694493063027, 7625540.779456092044711 ], [ 419515.591968587599695, 7625588.079757970757782 ], [ 419519.658438589074649, 7625636.824605223722756 ], [ 419521.797684584744275, 7625677.674561223015189 ], [ 419522.70668007992208, 7625720.193542815744877 ], [ 419522.133624160545878, 7625764.409771414473653 ], [ 419519.793293561204337, 7625810.339572764001787 ], [ 419516.686206656333525, 7625845.911280291154981 ], [ 419512.255121201276779, 7625882.434983545914292 ], [ 419506.337892585317604, 7625919.887987708672881 ], [ 419498.762365853413939, 7625958.224069623276591 ], [ 419489.348203615751117, 7625997.374561082571745 ], [ 419477.911318791098893, 7626037.240483328700066 ], [ 419466.831935606780462, 7626070.466657681390643 ] ] ] } },
{ "type": "Feature", "properties": { "fid": 261.0, "COMPR_M": 644.45, "CLASSE": "04 - Longa", "CD_FAZ": "403206", "TALHOES": "2", "FAZ_tAL": "403206002", "ID_LINHA": 194277 }, "geometry": { "type": "MultiLineString", "coordinates": [ [ [ 419127.652021555812098, 7624800.194063901901245 ], [ 419155.12554690457182, 7624825.717388797551394 ], [ 419186.616528727579862, 7624856.996104961261153 ], [ 419210.168636406073347, 7624882.054563645273447 ], [ 419240.255486333218869, 7624916.411747314035892 ], [ 419261.838799860794097, 7624942.863519467413425 ], [ 419289.315423169347923, 7624979.017856017686427 ], [ 419308.949456708854996, 7625006.783146077767015 ], [ 419333.829212824639399, 7625044.653771597892046 ], [ 419357.215808458684478, 7625083.481835702434182 ], [ 419373.765908047789708, 7625113.224435966461897 ], [ 419394.493237613409292, 7625153.704357877373695 ], [ 419409.016550825443119, 7625184.680126441642642 ], [ 419422.645660003589001, 7625216.186828607693315 ], [ 419439.160573197877966, 7625258.361248118802905 ], [ 419453.746470682090148, 7625300.333379814401269 ], [ 419465.600393432250712, 7625338.85355431959033 ] ] ] } },
{ "type": "Feature", "properties": { "fid": 262.0, "COMPR_M": 668.51, "CLASSE": "04 - Longa", "CD_FAZ": "403206", "TALHOES": "1", "FAZ_tAL": "403206001", "ID_LINHA": 194278 }, "geometry": { "type": "MultiLineString", "coordinates": [ [ [ 419484.299690383835696, 7625411.429788799956441 ], [ 419493.133300702553242, 7625453.561147780157626 ], [ 419500.143821611709427, 7625492.952459760010242 ], [ 419507.201913394208532, 7625541.165818242356181 ], [ 419512.606675290153362, 7625588.376581957563758 ], [ 419516.665105836698785, 7625637.024773541837931 ], [ 419518.799766120209824, 7625677.786896927282214 ], [ 419519.706687922938727, 7625720.208121816627681 ], [ 419519.135053884238005, 7625764.316077506169677 ], [ 419516.800823920697439, 7625810.12656866107136 ], [ 419513.702217337442562, 7625845.601296685636044 ], [ 419509.283702892775182, 7625882.021466423757374 ], [ 419503.383884896815289, 7625919.364339860156178 ], [ 419495.831416988861747, 7625957.583791121840477 ], [ 419486.446819333417807, 7625996.611383454874158 ], [ 419475.046884856885299, 7626036.348549983464181 ], [ 419463.512127869296819, 7626070.851599209010601 ] ] ] } },
{ "type": "Feature", "properties": { "fid": 263.0, "COMPR_M": 655.81, "CLASSE": "04 - Longa", "CD_FAZ": "403206", "TALHOES": "2", "FAZ_tAL": "403206002", "ID_LINHA": 194279 }, "geometry": { "type": "MultiLineString", "coordinates": [ [ [ 419123.284574050863739, 7624800.287258587777615 ], [ 419153.051050598092843, 7624827.884560571983457 ], [ 419184.461958515807055, 7624859.083701075986028 ], [ 419207.951712219277397, 7624884.075819462537766 ], [ 419237.959509651758708, 7624918.342735012061894 ], [ 419259.486467582872137, 7624944.725441087037325 ], [ 419286.891667067073286, 7624980.785799112170935 ], [ 419306.474805940059014, 7625008.479117484763265 ], [ 419331.290126179344952, 7625046.25166217237711 ], [ 419354.616082691063639, 7625084.979047302156687 ], [ 419376.435500969644636, 7625124.650072744116187 ], [ 419396.722798518021591, 7625165.258194910362363 ], [ 419410.913526114367414, 7625196.330366014502943 ], [ 419424.1765022186446, 7625227.859764508903027 ], [ 419440.161736207897775, 7625269.895934335887432 ], [ 419454.240553058974911, 7625311.674723528325558 ], [ 419465.418127931305207, 7625349.145945994183421 ] ] ] } },
{ "type": "Feature", "properties": { "fid": 264.0, "COMPR_M": 669.06, "CLASSE": "04 - Longa", "CD_FAZ": "403206", "TALHOES": "1", "FAZ_tAL": "403206001", "ID_LINHA": 194280 }, "geometry": { "type": "MultiLineString", "coordinates": [ [ [ 419481.202524421561975, 7625411.344578951597214 ], [ 419490.187581965583377, 7625454.129359224811196 ], [ 419497.183074791508261, 7625493.43628310598433 ], [ 419504.226881850278005, 7625541.552180396392941 ], [ 419509.621381996374112, 7625588.673405940644443 ], [ 419513.671773090725765, 7625637.224941866472363 ], [ 419515.801847663416993, 7625677.899232624098659 ], [ 419516.706695768109057, 7625720.22270080447197 ], [ 419516.136483609385323, 7625764.222383596003056 ], [ 419513.808354284905363, 7625809.913564546965063 ], [ 419510.718228014768101, 7625845.291313089430332 ], [ 419506.312284578802064, 7625881.607949308119714 ], [ 419500.429877218208276, 7625918.840692009776831 ], [ 419492.90046812815126, 7625956.943512627854943 ], [ 419483.545435057836585, 7625995.848205827176571 ], [ 419472.182450918364339, 7626035.456616653129458 ], [ 419460.19232013245346, 7626071.236540738493204 ] ] ] } },
{ "type": "Feature", "properties": { "fid": 265.0, "COMPR_M": 665.11, "CLASSE": "04 - Longa", "CD_FAZ": "403206", "TALHOES": "2", "FAZ_tAL": "403206002", "ID_LINHA": 194281 }, "geometry": { "type": "MultiLineString", "coordinates": [ [ [ 419120.634508045506664, 7624801.937818241305649 ], [ 419150.97655428852886, 7624830.051732339896262 ], [ 419182.30738829751499, 7624861.171297200024128 ], [ 419205.734788047149777, 7624886.097075281664729 ], [ 419235.663532989681698, 7624920.273722698912024 ], [ 419257.134135298547335, 7624946.587362691760063 ], [ 419284.467910958454013, 7624982.553742208518088 ], [ 419310.326512152620126, 7625019.503631560131907 ], [ 419334.707172985188663, 7625057.417479828931391 ], [ 419357.59872932016151, 7625096.280289498157799 ], [ 419378.981825702358037, 7625136.081731138750911 ], [ 419398.828772719483823, 7625176.816305449232459 ], [ 419412.689511728473008, 7625207.991481355391443 ], [ 419425.561265115626156, 7625239.473336541093886 ], [ 419441.023813557985704, 7625281.359569799154997 ], [ 419454.605781596445013, 7625322.938935227692127 ], [ 419465.230916998698376, 7625359.717602424323559 ] ] ] } },
{ "type": "Feature", "properties": { "fid": 266.0, "COMPR_M": 669.61, "CLASSE": "04 - Longa", "CD_FAZ": "403206", "TALHOES": "1", "FAZ_tAL": "403206001", "ID_LINHA": 194282 }, "geometry": { "type": "MultiLineString", "coordinates": [ [ [ 419478.105358443805017, 7625411.259369109757245 ], [ 419487.241863227915019, 7625454.697570668533444 ], [ 419494.222327980096452, 7625493.920106448233128 ], [ 419501.251850316068158, 7625541.938542548567057 ], [ 419506.636088694212958, 7625588.970229919999838 ], [ 419510.678440350457095, 7625637.425110183656216 ], [ 419512.803929193760268, 7625678.011568320915103 ], [ 419513.706703604373615, 7625720.237279791384935 ], [ 419513.137913346465211, 7625764.128689684905112 ], [ 419510.815884651849046, 7625809.700560430064797 ], [ 419507.734238689008635, 7625844.98132948204875 ], [ 419503.340866269834805, 7625881.194432193413377 ], [ 419497.47586953494465, 7625918.317044166848063 ], [ 419489.969519259873778, 7625956.303234134800732 ], [ 419480.64405077311676, 7625995.085028203204274 ], [ 419469.318016984907445, 7626034.564683312550187 ], [ 419456.872512387169991, 7626071.621482256799936 ] ] ] } },
{ "type": "Feature", "properties": { "fid": 267.0, "COMPR_M": 675.33, "CLASSE": "04 - Longa", "CD_FAZ": "403206", "TALHOES": "2", "FAZ_tAL": "403206002", "ID_LINHA": 194283 }, "geometry": { "type": "MultiLineString", "coordinates": [ [ [ 419117.516588055412285, 7624803.17625037394464 ], [ 419148.90205797314411, 7624832.218904102221131 ], [ 419180.152818093833048, 7624863.258893316611648 ], [ 419203.517863869201392, 7624888.118331097066402 ], [ 419233.367556315148249, 7624922.204710399731994 ], [ 419254.781803016958293, 7624948.44928430672735 ], [ 419282.044154852512293, 7624984.321685309521854 ], [ 419307.835390209511388, 7625021.175315339118242 ], [ 419332.152574615785852, 7625058.990452386438847 ], [ 419354.984426471288316, 7625097.751900128088892 ], [ 419376.311522747972049, 7625137.449101880192757 ], [ 419396.10615723952651, 7625178.076301661320031 ], [ 419409.930069054069463, 7625209.168642347678542 ], [ 419426.802444589557126, 7625251.025885122828186 ], [ 419441.748340112855658, 7625292.746674474328756 ], [ 419454.845084167143796, 7625334.125103237107396 ], [ 419465.038304365822114, 7625370.594288880005479 ] ] ] } },
{ "type": "Feature", "properties": { "fid": 268.0, "COMPR_M": 670.16, "CLASSE": "04 - Longa", "CD_FAZ": "403206", "TALHOES": "1", "FAZ_tAL": "403206001", "ID_LINHA": 194284 }, "geometry": { "type": "MultiLineString", "coordinates": [ [ [ 419475.008192476932891, 7625411.17415925860405 ], [ 419484.296144480234943, 7625455.26578211132437 ], [ 419491.261581155704334, 7625494.403929786756635 ], [ 419498.276818773592822, 7625542.324904704466462 ], [ 419503.650795404915698, 7625589.267053896561265 ], [ 419507.685107607394457, 7625637.625278491526842 ], [ 419509.806010732427239, 7625678.123904017731547 ], [ 419510.706711443315726, 7625720.251858789473772 ], [ 419510.139343073708005, 7625764.034995770081878 ], [ 419507.823415012739133, 7625809.487556324340403 ], [ 419504.75024936394766, 7625844.671345887705684 ], [ 419500.369447953999043, 7625880.780915085226297 ], [ 419494.5218618530198, 7625917.79339631088078 ], [ 419487.038570394797716, 7625955.662955636158586 ], [ 419477.742666492587887, 7625994.321850567124784 ], [ 419466.453583048423752, 7626033.672749971039593 ], [ 419453.552704652422108, 7626072.006423789076507 ] ] ] } },
{ "type": "Feature", "properties": { "fid": 269.0, "COMPR_M": 686.12, "CLASSE": "04 - Longa", "CD_FAZ": "403206", "TALHOES": "2", "FAZ_tAL": "403206002", "ID_LINHA": 194285 }, "geometry": { "type": "MultiLineString", "coordinates": [ [ [ 419114.212310474074911, 7624804.248375884257257 ], [ 419146.827561664453242, 7624834.386075870133936 ], [ 419177.998247872397769, 7624865.346489440649748 ], [ 419208.882808197988197, 7624898.539934541098773 ], [ 419238.282967418839689, 7624932.797193292528391 ], [ 419259.364840567286592, 7624959.162706324830651 ], [ 419286.188863335526548, 7624995.188027907162905 ], [ 419311.545834981370717, 7625032.186881646513939 ], [ 419335.43052817415446, 7625070.14047216437757 ], [ 419357.829568483284675, 7625109.034625670872629 ], [ 419378.721384327742271, 7625148.859644491225481 ], [ 419398.076095424068626, 7625189.610650515183806 ], [ 419411.560826412052847, 7625220.783579785376787 ], [ 419427.902571175247431, 7625262.515857585705817 ], [ 419442.339048201334663, 7625304.058133654296398 ], [ 419454.961388867581263, 7625345.232429021969438 ], [ 419464.839794477564283, 7625381.80398846231401 ] ] ] } },
{ "type": "Feature", "properties": { "fid": 270.0, "COMPR_M": 670.71, "CLASSE": "04 - Longa", "CD_FAZ": "403206", "TALHOES": "1", "FAZ_tAL": "403206001", "ID_LINHA": 194286 }, "geometry": { "type": "MultiLineString", "coordinates": [ [ [ 419471.911026494461112, 7625411.088949417695403 ], [ 419481.350425743032247, 7625455.83399354852736 ], [ 419488.300834339461289, 7625494.887753124348819 ], [ 419495.301787233562209, 7625542.711266852915287 ], [ 419500.665502107935026, 7625589.56387788336724 ], [ 419504.691774860199075, 7625637.825446816161275 ], [ 419506.808092278661206, 7625678.236239716410637 ], [ 419507.706719285750296, 7625720.266437785699964 ], [ 419507.140772800310515, 7625763.941301867365837 ], [ 419504.830945377703756, 7625809.274552216753364 ], [ 419501.766260035219602, 7625844.361362281255424 ], [ 419495.625186632329132, 7625892.570460313931108 ], [ 419489.2707857688074, 7625929.762378201819956 ], [ 419481.228369259857573, 7625967.785127206705511 ], [ 419471.320090540160891, 7626006.562209088355303 ], [ 419459.366266819357406, 7626045.985780684277415 ], [ 419450.23289690783713, 7626072.391365313902497 ] ] ] } },
{ "type": "Feature", "properties": { "fid": 271.0, "COMPR_M": 697.26, "CLASSE": "04 - Longa", "CD_FAZ": "403206", "TALHOES": "2", "FAZ_tAL": "403206002", "ID_LINHA": 194287 }, "geometry": { "type": "MultiLineString", "coordinates": [ [ [ 419110.908032897626981, 7624805.320501391775906 ], [ 419144.753065360535402, 7624836.553247640840709 ], [ 419175.843677665630821, 7624867.434085549786687 ], [ 419199.08401551755378, 7624892.16084273532033 ], [ 419228.775602971843909, 7624926.066685792058706 ], [ 419256.994261018407997, 7624961.001339257694781 ], [ 419283.747892900137231, 7624996.932126337662339 ], [ 419309.038484708464239, 7625033.834124729037285 ], [ 419332.860653585288674, 7625071.688361177220941 ], [ 419355.200919800321572, 7625110.480455568060279 ], [ 419376.037657095759641, 7625150.200476258993149 ], [ 419395.340981575543992, 7625190.843281528912485 ], [ 419408.78961801994592, 7625221.932767573744059 ], [ 419425.088070669851732, 7625263.554509941488504 ], [ 419439.487192583910655, 7625304.989322127774358 ], [ 419452.077827893372159, 7625346.060226902365685 ], [ 419464.634848481044173, 7625393.377130756154656 ] ] ] } },
{ "type": "Feature", "properties": { "fid": 272.0, "COMPR_M": 671.27, "CLASSE": "04 - Longa", "CD_FAZ": "403206", "TALHOES": "1", "FAZ_tAL": "403206001", "ID_LINHA": 194288 }, "geometry": { "type": "MultiLineString", "coordinates": [ [ [ 419468.81386053096503, 7625411.003739565610886 ], [ 419478.404707005771343, 7625456.402204988524318 ], [ 419485.340087523392867, 7625495.371576469391584 ], [ 419492.326755693240557, 7625543.09762901160866 ], [ 419497.680208813108038, 7625589.86070186458528 ], [ 419501.698442109511234, 7625638.025615129619837 ], [ 419503.810173812147696, 7625678.348575415089726 ], [ 419504.706727129174396, 7625720.281016770750284 ], [ 419504.1422025290085, 7625763.84760794788599 ], [ 419501.838475734111853, 7625809.061548108235002 ], [ 419498.782270714407787, 7625844.051378685981035 ], [ 419492.658995378704276, 7625892.120963579043746 ], [ 419486.32379526575096, 7625929.20056735444814 ], [ 419478.30650909722317, 7625967.104562550783157 ], [ 419468.430158927105367, 7626005.756737480871379 ], [ 419456.515941983147059, 7626045.049728175625205 ], [ 419446.889510090695694, 7626072.77904090192169 ] ] ] } },
{ "type": "Feature", "properties": { "fid": 273.0, "COMPR_M": 707.88, "CLASSE": "04 - Longa", "CD_FAZ": "403206", "TALHOES": "2", "FAZ_tAL": "403206002", "ID_LINHA": 194289 }, "geometry": { "type": "MultiLineString", "coordinates": [ [ [ 419107.603755311341956, 7624806.392626902088523 ], [ 419142.678569054754917, 7624838.720419406890869 ], [ 419173.689107443089597, 7624869.521681673824787 ], [ 419196.867091332678683, 7624894.18209854606539 ], [ 419226.479626303014811, 7624927.997673482634127 ], [ 419254.623681473894976, 7624962.839972177520394 ], [ 419281.306922471267171, 7624998.676224771887064 ], [ 419306.531134436139837, 7625035.481367801316082 ], [ 419330.290778990485705, 7625073.236250189132988 ], [ 419352.572271125740372, 7625111.926285464316607 ], [ 419373.353929862612858, 7625151.541308033280075 ], [ 419392.605867720907554, 7625192.075912550091743 ], [ 419410.263511197001208, 7625233.466393792070448 ], [ 419426.039761139720213, 7625274.953108284622431 ], [ 419439.939095362904482, 7625316.199433257803321 ], [ 419452.066952245077118, 7625357.062853027135134 ], [ 419464.213984265807085, 7625404.467153703793883 ] ] ] } },
{ "type": "Feature", "properties": { "fid": 274.0, "COMPR_M": 671.83, "CLASSE": "04 - Longa", "CD_FAZ": "403206", "TALHOES": "1", "FAZ_tAL": "403206001", "ID_LINHA": 194290 }, "geometry": { "type": "MultiLineString", "coordinates": [ [ [ 419465.716694553848356, 7625410.918529720976949 ], [ 419475.458988257800229, 7625456.970416434109211 ], [ 419482.379340712155681, 7625495.855399811640382 ], [ 419489.351724144129548, 7625543.483991162851453 ], [ 419494.694915510772262, 7625590.157525843940675 ], [ 419498.705109363188967, 7625638.225783450528979 ], [ 419500.812255352619104, 7625678.460911114700139 ], [ 419501.706734966079239, 7625720.295595765113831 ], [ 419501.14363226032583, 7625763.753914041444659 ], [ 419498.846006105130073, 7625808.848543995991349 ], [ 419495.798281391966157, 7625843.741395080462098 ], [ 419489.692804133926984, 7625891.671466840431094 ], [ 419483.376804771716706, 7625928.638756506145 ], [ 419475.384648929873947, 7625966.423997910693288 ], [ 419465.540227312012576, 7626004.951265869662166 ], [ 419453.665617132675834, 7626044.113675674423575 ], [ 419443.542687372595537, 7626073.167114901356399 ] ] ] } },
{ "type": "Feature", "properties": { "fid": 275.0, "COMPR_M": 1386.03, "CLASSE": "06 - Acima do limite", "CD_FAZ": "403206", "TALHOES": "1, 2", "FAZ_tAL": "403206001, 403206002", "ID_LINHA": 194291 }, "geometry": { "type": "MultiLineString", "coordinates": [ [ [ 419104.299477741704322, 7624807.46475241985172 ], [ 419133.034498951630667, 7624833.704205277375877 ], [ 419163.726440530503169, 7624863.631838642060757 ], [ 419194.650167151819915, 7624896.203354369848967 ], [ 419224.183649631740991, 7624929.928661176934838 ], [ 419245.372473896481097, 7624955.896970763802528 ], [ 419272.349130428861827, 7624991.39345769956708 ], [ 419297.87090243329294, 7625027.862050468102098 ], [ 419321.934181152610108, 7625065.282342623919249 ], [ 419344.52721504465444, 7625103.638342645950615 ], [ 419365.630310938577168, 7625142.918584806844592 ], [ 419385.215695308696013, 7625183.116286511532962 ], [ 419398.892298319085967, 7625213.877286275848746 ], [ 419411.593229944643099, 7625244.941380113363266 ], [ 419426.8542224036064, 7625286.281738584861159 ], [ 419440.263867474743165, 7625327.333712690509856 ], [ 419451.939223953580949, 7625367.985630568116903 ], [ 419462.003933165338822, 7625408.145075883716345 ], [ 419472.513269518967718, 7625457.538627881556749 ], [ 419480.952093016880099, 7625505.93086083419621 ], [ 419487.565421699080616, 7625553.253850510343909 ], [ 419492.615279588324483, 7625599.848292593844235 ], [ 419496.338624248048291, 7625648.315005269832909 ], [ 419498.426340984995477, 7625699.241223100572824 ], [ 419498.624116406484973, 7625741.782522458583117 ], [ 419497.234091980149969, 7625785.94450294598937 ], [ 419493.963478929363191, 7625831.732034277170897 ], [ 419488.483774706255645, 7625879.126846611499786 ], [ 419482.705831125495024, 7625915.698804922401905 ], [ 419475.314774950093124, 7625953.101841651834548 ], [ 419466.137129370123148, 7625991.269140055403113 ], [ 419454.995847299869638, 7626030.105016615241766 ], [ 419446.39072346460307, 7626056.304836267605424 ], [ 419440.195864652167074, 7626073.55518889054656 ] ] ] } },
{ "type": "Feature", "properties": { "fid": 276.0, "COMPR_M": 1385.72, "CLASSE": "06 - Acima do limite", "CD_FAZ": "403206", "TALHOES": "1, 2", "FAZ_tAL": "403206001, 403206002", "ID_LINHA": 194292 }, "geometry": { "type": "MultiLineString", "coordinates": [ [ [ 419100.989003260503523, 7624808.53888860438019 ], [ 419130.978391817945521, 7624835.888828029856086 ], [ 419161.592747586837504, 7624865.740764833055437 ], [ 419192.433242977655027, 7624898.224610179662704 ], [ 419221.887672958662733, 7624931.859648872166872 ], [ 419243.020141622168012, 7624957.758892379701138 ], [ 419269.925374328449834, 7624993.161400796845555 ], [ 419295.379780488321558, 7625029.533734250813723 ], [ 419319.379582780180499, 7625066.855315185151994 ], [ 419341.912912186700851, 7625105.109953270293772 ], [ 419362.960007983492687, 7625144.285955540835857 ], [ 419382.493079823208973, 7625184.376282720826566 ], [ 419396.132855632225983, 7625215.05444725509733 ], [ 419408.79962290514959, 7625246.034988831728697 ], [ 419424.020304173231125, 7625287.266172336414456 ], [ 419437.395484650332946, 7625328.212668191641569 ], [ 419449.041773399279919, 7625368.763411984778941 ], [ 419459.082316264044493, 7625408.826471391133964 ], [ 419469.567550780135207, 7625458.106839323416352 ], [ 419477.988117360684555, 7625506.394488591700792 ], [ 419484.588049248210154, 7625553.621734173968434 ], [ 419490.482917907182127, 7625609.606234066188335 ], [ 419493.904347988311201, 7625658.459873858839273 ], [ 419495.610151669825427, 7625709.765398398041725 ], [ 419495.436995958734769, 7625752.60499469935894 ], [ 419493.610447835351806, 7625797.057102064602077 ], [ 419490.97624318144517, 7625831.455101175233722 ], [ 419485.512356394552626, 7625878.713329497724771 ], [ 419479.751823437400162, 7625915.175157074816525 ], [ 419472.383826088625938, 7625952.461563151329756 ], [ 419463.235745090118144, 7625990.505962429568172 ], [ 419452.131413369264919, 7626029.213083273731172 ], [ 419443.555456216970924, 7626055.324109483510256 ], [ 419436.849041929410305, 7626073.943262882530689 ] ] ] } },
{ "type": "Feature", "properties": { "fid": 277.0, "COMPR_M": 1385.41, "CLASSE": "06 - Acima do limite", "CD_FAZ": "403206", "TALHOES": "1, 2", "FAZ_tAL": "403206001, 403206002", "ID_LINHA": 194293 }, "geometry": { "type": "MultiLineString", "coordinates": [ [ [ 419097.6717478960054, 7624809.615224972367287 ], [ 419128.922284681349993, 7624838.073450783267617 ], [ 419159.459054658131208, 7624867.849691013805568 ], [ 419190.216318806924392, 7624900.245865993201733 ], [ 419219.591696285642684, 7624933.790636576712132 ], [ 419240.667809342732653, 7624959.620813991874456 ], [ 419267.501618219015654, 7624994.929343893192708 ], [ 419292.888658538227901, 7625031.205418032594025 ], [ 419316.824984419625252, 7625068.428287745453417 ], [ 419339.298609327874146, 7625106.581563910469413 ], [ 419360.289705031784251, 7625145.653326279483736 ], [ 419379.770464334986173, 7625185.636278942227364 ], [ 419393.373412952991202, 7625216.231608245521784 ], [ 419406.006015874387231, 7625247.128597550094128 ], [ 419421.186385943612549, 7625288.250606089830399 ], [ 419434.527101826504804, 7625329.091623684391379 ], [ 419446.144322836189531, 7625369.541193399578333 ], [ 419456.160699365078472, 7625409.507866902276874 ], [ 419466.621832040487789, 7625458.6750507671386 ], [ 419475.024141697271261, 7625506.858116345480084 ], [ 419481.610676794545725, 7625553.989617837592959 ], [ 419487.494179625122342, 7625609.866108771413565 ], [ 419490.908462705323473, 7625658.617329057306051 ], [ 419492.61039189825533, 7625709.805380676873028 ], [ 419492.437681400449947, 7625752.539384728297591 ], [ 419490.615941635915078, 7625796.874985324218869 ], [ 419487.989007429394405, 7625831.178168082609773 ], [ 419482.540938085876405, 7625878.299812384881079 ], [ 419476.797815763857216, 7625914.651509221643209 ], [ 419472.089648368011694, 7625939.344047112390399 ], [ 419466.619068414962385, 7625964.382303976453841 ], [ 419456.870432492170949, 7626002.534851036034524 ], [ 419445.11464260116918, 7626041.30551815032959 ], [ 419433.502219203626737, 7626074.331336874514818 ] ] ] } },
{ "type": "Feature", "properties": { "fid": 278.0, "COMPR_M": 1385.1, "CLASSE": "06 - Acima do limite", "CD_FAZ": "403206", "TALHOES": "1, 2", "FAZ_tAL": "403206001, 403206002", "ID_LINHA": 194294 }, "geometry": { "type": "MultiLineString", "coordinates": [ [ [ 419094.354492530110292, 7624810.691561329178512 ], [ 419126.866177550284192, 7624840.258073534816504 ], [ 419157.325361721101217, 7624869.958617202937603 ], [ 419180.447254840401001, 7624894.067152800038457 ], [ 419210.108046745532192, 7624927.26108992472291 ], [ 419231.399307092826348, 7624952.832992728799582 ], [ 419258.522534664254636, 7624987.80223292671144 ], [ 419284.202949115657248, 7625023.742860113270581 ], [ 419308.438346399692819, 7625060.632677377201617 ], [ 419331.218550732766744, 7625098.453951728530228 ], [ 419352.525664476153906, 7625137.193497610278428 ], [ 419372.333840225008316, 7625176.842532143928111 ], [ 419386.187054195674136, 7625207.175648337230086 ], [ 419403.212408842460718, 7625248.2222062619403 ], [ 419418.352467714052182, 7625289.235039846971631 ], [ 419431.658718994003721, 7625329.970579168759286 ], [ 419443.246872275485657, 7625370.318974819034338 ], [ 419453.239082469255663, 7625410.189262414351106 ], [ 419463.676113302761223, 7625459.243262205272913 ], [ 419472.060166040551849, 7625507.321744095534086 ], [ 419478.633304347749799, 7625554.35750150308013 ], [ 419484.505441338231321, 7625610.12598348595202 ], [ 419487.912577412091196, 7625658.774784244596958 ], [ 419489.610632140596863, 7625709.845362942665815 ], [ 419489.438366842456162, 7625752.473774747923017 ], [ 419487.621435438864864, 7625796.692868595011532 ], [ 419483.862324089452159, 7625842.501460671424866 ], [ 419477.828039151674602, 7625889.873479904606938 ], [ 419471.588842756696977, 7625926.39151310082525 ], [ 419463.697208241792396, 7625963.701739329844713 ], [ 419453.980500876845326, 7626001.72937942110002 ], [ 419442.264317758905236, 7626040.36946564167738 ], [ 419430.155396486690734, 7626074.719410869292915 ] ] ] } },
{ "type": "Feature", "properties": { "fid": 279.0, "COMPR_M": 1384.8, "CLASSE": "06 - Acima do limite", "CD_FAZ": "403206", "TALHOES": "1, 2", "FAZ_tAL": "403206001, 403206002", "ID_LINHA": 194295 }, "geometry": { "type": "MultiLineString", "coordinates": [ [ [ 419091.037237164680846, 7624811.76789768692106 ], [ 419124.810070417064708, 7624842.4426962826401 ], [ 419155.19166879093973, 7624872.06754338555038 ], [ 419178.250820742163341, 7624896.110656351782382 ], [ 419207.831405838020146, 7624929.214837549254298 ], [ 419229.065488593420014, 7624954.718068700283766 ], [ 419256.11624638113426, 7624989.593878461048007 ], [ 419281.728298349538818, 7625025.438831514678895 ], [ 419305.899259758356493, 7625062.230567955411971 ], [ 419328.618824957869947, 7625099.951163336634636 ], [ 419349.86901597387623, 7625138.587211480364203 ], [ 419369.623955972434487, 7625178.129680732265115 ], [ 419383.439668427570723, 7625208.380679696798325 ], [ 419400.41880181140732, 7625249.315814979374409 ], [ 419415.518549485888798, 7625290.219473609700799 ], [ 419428.790336173260584, 7625330.849534662440419 ], [ 419440.349421716411598, 7625371.096756239421666 ], [ 419450.317465575877577, 7625410.870657918974757 ], [ 419460.730394553742371, 7625459.811473643407226 ], [ 419469.096190365962684, 7625507.785371853038669 ], [ 419475.655931890243664, 7625554.725385169498622 ], [ 419481.516703044588212, 7625610.385858193039894 ], [ 419484.916692120430525, 7625658.932239436544478 ], [ 419486.610872374963947, 7625709.885345219634473 ], [ 419486.439052284578793, 7625752.408164772205055 ], [ 419484.626929245016072, 7625796.510751862078905 ], [ 419480.878334767650813, 7625842.191477078944445 ], [ 419474.861847911612131, 7625889.423983168788254 ], [ 419468.641852250148077, 7625925.829702246934175 ], [ 419460.775348075956572, 7625963.021174680441618 ], [ 419451.090569269435946, 7626000.923907810822129 ], [ 419439.41399291617563, 7626039.433413139544427 ], [ 419426.808573766727932, 7626075.107484865933657 ] ] ] } },
{ "type": "Feature", "properties": { "fid": 280.0, "COMPR_M": 1384.49, "CLASSE": "06 - Acima do limite", "CD_FAZ": "403206", "TALHOES": "1, 2", "FAZ_tAL": "403206001, 403206002", "ID_LINHA": 194296 }, "geometry": { "type": "MultiLineString", "coordinates": [ [ [ 419087.719981800881214, 7624812.844234055839479 ], [ 419122.753963280178141, 7624844.627319043502212 ], [ 419153.057975853269454, 7624874.176469566300511 ], [ 419176.054386647534557, 7624898.154159897938371 ], [ 419205.554764929402154, 7624931.168585162609816 ], [ 419226.731670096225571, 7624956.603144665248692 ], [ 419253.709958097315393, 7624991.385523997247219 ], [ 419279.253647595760413, 7625027.134802918881178 ], [ 419303.360173123190179, 7625063.828458538278937 ], [ 419326.019099188735709, 7625101.448374939151108 ], [ 419347.21236747095827, 7625139.980925349518657 ], [ 419366.914071721141227, 7625179.416829312220216 ], [ 419380.692282651201822, 7625209.585711067542434 ], [ 419397.625194769992959, 7625250.409423686563969 ], [ 419412.684631257143337, 7625291.203907361254096 ], [ 419425.921953341865446, 7625331.72849015891552 ], [ 419437.45197115058545, 7625371.8745376477018 ], [ 419447.395848686865065, 7625411.552053436636925 ], [ 419457.784675814444199, 7625460.379685085266829 ], [ 419466.132214709301479, 7625508.248999604955316 ], [ 419472.678559440304525, 7625555.093268834985793 ], [ 419478.527964757347945, 7625610.645732898265123 ], [ 419481.920806830981746, 7625659.089694642461836 ], [ 419483.611112603510264, 7625709.92532748542726 ], [ 419483.43973772827303, 7625752.342554797418416 ], [ 419481.632423041621223, 7625796.328635137528181 ], [ 419477.894345441483893, 7625841.881493473425508 ], [ 419471.895656667184085, 7625888.97448643669486 ], [ 419465.694861750642303, 7625925.267891392111778 ], [ 419457.853487906802911, 7625962.340610035695136 ], [ 419448.200637658708729, 7626000.118436207063496 ], [ 419436.563668072456494, 7626038.497360630892217 ], [ 419423.461751044436824, 7626075.495558863505721 ] ] ] } },
{ "type": "Feature", "properties": { "fid": 281.0, "COMPR_M": 1384.19, "CLASSE": "06 - Acima do limite", "CD_FAZ": "403206", "TALHOES": "1, 2", "FAZ_tAL": "403206001, 403206002", "ID_LINHA": 194297 }, "geometry": { "type": "MultiLineString", "coordinates": [ [ [ 419084.400504106946755, 7624813.921291477046907 ], [ 419120.697856139740907, 7624846.811941798776388 ], [ 419150.92428292054683, 7624876.285395752638578 ], [ 419173.857952548656613, 7624900.197663452476263 ], [ 419203.278124018223025, 7624933.122332785278559 ], [ 419224.39785160170868, 7624958.488220637664199 ], [ 419251.303669824148528, 7624993.177169537171721 ], [ 419276.77899683394935, 7625028.830774317495525 ], [ 419300.821086475043558, 7625065.426349115557969 ], [ 419323.419373414246365, 7625102.945586538873613 ], [ 419344.555718973162584, 7625141.374639228917658 ], [ 419364.204187459894456, 7625180.703977894037962 ], [ 419377.944896885019261, 7625210.790742442011833 ], [ 419394.831587737251539, 7625251.503032410517335 ], [ 419409.850713017920498, 7625292.188341120257974 ], [ 419423.053570524207316, 7625332.607445646077394 ], [ 419434.554520596924704, 7625372.652319069951773 ], [ 419444.47423178772442, 7625412.233448946848512 ], [ 419454.838957075087819, 7625460.947896536439657 ], [ 419463.168239046062808, 7625508.712627364322543 ], [ 419469.70118698629085, 7625555.46115249209106 ], [ 419475.539226475753821, 7625610.905607609078288 ], [ 419478.924921541940421, 7625659.247149827890098 ], [ 419480.611352834734134, 7625709.965309758670628 ], [ 419480.440423172141891, 7625752.276944819837809 ], [ 419478.637916841486003, 7625796.146518399938941 ], [ 419474.910356114734896, 7625841.571509869769216 ], [ 419468.929465421766508, 7625888.524989698082209 ], [ 419462.747871245606802, 7625924.706080537289381 ], [ 419454.931627733749337, 7625961.660045387223363 ], [ 419445.310706047224812, 7625999.312964597716928 ], [ 419433.713343227631412, 7626037.561308116652071 ], [ 419420.114928319817409, 7626075.883632853627205 ] ] ] } },
{ "type": "Feature", "properties": { "fid": 282.0, "COMPR_M": 1383.9, "CLASSE": "06 - Acima do limite", "CD_FAZ": "403206", "TALHOES": "1, 2", "FAZ_tAL": "403206001, 403206002", "ID_LINHA": 194298 }, "geometry": { "type": "MultiLineString", "coordinates": [ [ [ 419081.070818682434037, 7624815.001660973764956 ], [ 419111.276944956858642, 7624842.122078998014331 ], [ 419141.168204743880779, 7624870.757473992183805 ], [ 419171.661518442095257, 7624902.241167011670768 ], [ 419201.001483103260398, 7624935.076080402359366 ], [ 419222.064033097471111, 7624960.37329660449177 ], [ 419248.897381541726645, 7624994.968815064057708 ], [ 419274.304346074641217, 7625030.526745729148388 ], [ 419298.281999834522139, 7625067.02423968911171 ], [ 419320.819647636963055, 7625104.442798146978021 ], [ 419341.899070472165477, 7625142.768353097140789 ], [ 419361.494303209125064, 7625181.991126471199095 ], [ 419375.197511117788963, 7625211.995773807168007 ], [ 419392.037980705383234, 7625252.59664111956954 ], [ 419407.016794789291453, 7625293.172774881124496 ], [ 419420.185187697177753, 7625333.486401146277785 ], [ 419431.657070035114884, 7625373.43010048288852 ], [ 419441.55261488375254, 7625412.914844447746873 ], [ 419451.893238335731439, 7625461.516107965260744 ], [ 419460.204263388819527, 7625509.17625511996448 ], [ 419466.723814541823231, 7625555.82903616130352 ], [ 419472.550488189444877, 7625611.165482324548066 ], [ 419475.929036254994571, 7625659.404605023562908 ], [ 419477.611593069857918, 7625710.005292031913996 ], [ 419477.441108617524151, 7625752.21133484877646 ], [ 419475.643410644435789, 7625795.964401664212346 ], [ 419471.926366795436479, 7625841.261526266112924 ], [ 419465.963274172623642, 7625888.075492962263525 ], [ 419459.800880746857729, 7625924.144269692711532 ], [ 419452.009767565294169, 7625960.979480745270848 ], [ 419442.420774432364851, 7625998.507492993026972 ], [ 419430.863018381700385, 7626036.625255610793829 ], [ 419416.747447128756903, 7626076.274102263152599 ] ] ] } },
{ "type": "Feature", "properties": { "fid": 283.0, "COMPR_M": 1383.61, "CLASSE": "06 - Acima do limite", "CD_FAZ": "403206", "TALHOES": "1, 2", "FAZ_tAL": "403206001, 403206002", "ID_LINHA": 194299 }, "geometry": { "type": "MultiLineString", "coordinates": [ [ [ 419077.741133266827092, 7624816.082030454650521 ], [ 419109.23849671985954, 7624844.323184998705983 ], [ 419139.05485331628006, 7624872.886780286207795 ], [ 419169.465084350435063, 7624904.284670565277338 ], [ 419198.724842195748352, 7624937.029828017577529 ], [ 419219.730214604584035, 7624962.258372580632567 ], [ 419246.49109325936297, 7624996.76046059653163 ], [ 419271.829695318534505, 7625032.222717124037445 ], [ 419295.742913191614207, 7625068.622130265459418 ], [ 419318.219921864219941, 7625105.940009751357138 ], [ 419339.242421977629419, 7625144.162066979333758 ], [ 419358.784418959519826, 7625183.278275062330067 ], [ 419372.450125341652893, 7625213.200805176049471 ], [ 419389.244373673573136, 7625253.690249837003648 ], [ 419404.182876560138538, 7625294.157208634540439 ], [ 419417.316804870031774, 7625334.365356638096273 ], [ 419428.759619474993087, 7625374.207881907001138 ], [ 419438.630997992062476, 7625413.59623996168375 ], [ 419448.947519596200436, 7625462.084319410845637 ], [ 419457.240287725697272, 7625509.63988286908716 ], [ 419463.746442095784005, 7625556.196919830515981 ], [ 419469.561749898246489, 7625611.42535703536123 ], [ 419472.933150969678536, 7625659.562060214579105 ], [ 419474.611833307077177, 7625710.04527429677546 ], [ 419474.441794062440749, 7625752.145724867470562 ], [ 419472.648904449830297, 7625795.782284934073687 ], [ 419468.942377474159002, 7625840.951542673632503 ], [ 419462.99708292982541, 7625887.62599622271955 ], [ 419456.85389024525648, 7625923.582458835095167 ], [ 419449.087907396256924, 7625960.298916097730398 ], [ 419439.530842825421132, 7625997.702021380886436 ], [ 419428.012693535303697, 7626035.689203109592199 ], [ 419413.371872975723818, 7626076.665510061196983 ] ] ] } },
{ "type": "Feature", "properties": { "fid": 284.0, "COMPR_M": 1383.33, "CLASSE": "06 - Acima do limite", "CD_FAZ": "403206", "TALHOES": "1, 2", "FAZ_tAL": "403206001, 403206002", "ID_LINHA": 194300 }, "geometry": { "type": "MultiLineString", "coordinates": [ [ [ 419074.411447836901061, 7624817.162399954162538 ], [ 419107.200048478960525, 7624846.52429099008441 ], [ 419136.941501905268524, 7624875.016086575575173 ], [ 419167.268650253070518, 7624906.328174117021263 ], [ 419196.448201284394599, 7624938.983575636520982 ], [ 419217.396396104013547, 7624964.143448548391461 ], [ 419244.084804976999294, 7624998.552106130868196 ], [ 419269.355044552998152, 7625033.91868853289634 ], [ 419293.203826555516571, 7625070.220020849257708 ], [ 419315.620196096599102, 7625107.437221354804933 ], [ 419336.585773478494957, 7625145.555780848488212 ], [ 419356.074534699961077, 7625184.565423637628555 ], [ 419369.702739577624016, 7625214.405836544930935 ], [ 419386.450766639434732, 7625254.783858548849821 ], [ 419401.348958332324401, 7625295.141642391681671 ], [ 419414.448422044166364, 7625335.244312127120793 ], [ 419425.862168917898089, 7625374.985663322731853 ], [ 419435.709381092281546, 7625414.277635468170047 ], [ 419446.001800855912734, 7625462.652530855499208 ], [ 419454.276312057336327, 7625510.103510627523065 ], [ 419460.769069645612035, 7625556.56480348855257 ], [ 419466.573011612170376, 7625611.685231743380427 ], [ 419469.937265674758237, 7625659.719515418633819 ], [ 419471.612073538242839, 7625710.08525657095015 ], [ 419471.442479510209523, 7625752.080114892683923 ], [ 419469.654398247075733, 7625795.600168203935027 ], [ 419465.958388140657917, 7625840.641559069976211 ], [ 419460.030891685222741, 7625887.176499486900866 ], [ 419453.906899738765787, 7625923.020647989585996 ], [ 419446.166047231061384, 7625959.618351448327303 ], [ 419436.640911216498353, 7625996.896549764089286 ], [ 419425.16236868861597, 7626034.753150593489408 ], [ 419416.338784544961527, 7626060.25879353005439 ], [ 419409.99629880709108, 7626077.05691787134856 ] ] ] } },
{ "type": "Feature", "properties": { "fid": 285.0, "COMPR_M": 1383.04, "CLASSE": "06 - Acima do limite", "CD_FAZ": "403206", "TALHOES": "1, 2", "FAZ_tAL": "403206001, 403206002", "ID_LINHA": 194301 }, "geometry": { "type": "MultiLineString", "coordinates": [ [ [ 419071.08176241395995, 7624818.242769440636039 ], [ 419105.161600246094167, 7624848.725396975874901 ], [ 419134.828150488319807, 7624877.14539288263768 ], [ 419165.072216149594169, 7624908.371677661314607 ], [ 419194.17156038043322, 7624940.937323254533112 ], [ 419215.062577604898252, 7624966.028524518944323 ], [ 419241.678516695974395, 7625000.343751667067409 ], [ 419266.880393791361712, 7625035.614659934304655 ], [ 419290.664739906496834, 7625071.817911429330707 ], [ 419313.020470323506743, 7625108.93443295545876 ], [ 419333.92912497674115, 7625146.949494717642665 ], [ 419353.364650440926198, 7625185.852572226896882 ], [ 419366.955353813944384, 7625215.610867915675044 ], [ 419383.657159607391804, 7625255.877467257902026 ], [ 419398.515040103928186, 7625296.126076153479517 ], [ 419411.580039220745675, 7625336.123267622664571 ], [ 419422.964718353352509, 7625375.763444740325212 ], [ 419432.787764195585623, 7625414.959030976518989 ], [ 419443.056082115508616, 7625463.220742297358811 ], [ 419451.312336394272279, 7625510.567138381302357 ], [ 419457.791697193810251, 7625556.932687148451805 ], [ 419463.584273330401629, 7625611.945106457918882 ], [ 419466.941380392643623, 7625659.87697060033679 ], [ 419468.612313772144262, 7625710.125238842330873 ], [ 419468.443164958793204, 7625752.014504918828607 ], [ 419466.659892046183813, 7625795.4180514710024 ], [ 419462.974398824386299, 7625840.331575468182564 ], [ 419457.064700436312705, 7625886.727002752944827 ], [ 419450.959909238037653, 7625922.458837130106986 ], [ 419443.244187062664423, 7625958.937786804512143 ], [ 419433.750979603501037, 7625996.091078163124621 ], [ 419422.312043850542977, 7626033.817098095081747 ], [ 419413.519580965628847, 7626059.232791619375348 ], [ 419406.620724652544595, 7626077.44832568615675 ] ] ] } },
{ "type": "Feature", "properties": { "fid": 286.0, "COMPR_M": 1382.75, "CLASSE": "06 - Acima do limite", "CD_FAZ": "403206", "TALHOES": "1, 2", "FAZ_tAL": "403206001, 403206002", "ID_LINHA": 194302 }, "geometry": { "type": "MultiLineString", "coordinates": [ [ [ 419067.75076675467426, 7624819.323564065620303 ], [ 419103.123152001295239, 7624850.926502972841263 ], [ 419132.714799066307023, 7624879.274699173867702 ], [ 419162.875782050949056, 7624910.415181213058531 ], [ 419184.773387793626171, 7624934.67578324303031 ], [ 419212.728759106597863, 7624967.913600480183959 ], [ 419239.272228413610719, 7625002.135397205129266 ], [ 419264.40574304072652, 7625037.310631338506937 ], [ 419288.125653265044093, 7625073.415802001953125 ], [ 419310.420744546339847, 7625110.431644564494491 ], [ 419331.272476470272522, 7625148.343208590522408 ], [ 419350.654766192426905, 7625187.139720808714628 ], [ 419364.207968039961997, 7625216.815899278968573 ], [ 419380.863552574883215, 7625256.971075974404812 ], [ 419395.681121865753084, 7625297.110509904101491 ], [ 419408.711656398605555, 7625337.002223106101155 ], [ 419420.067267789738253, 7625376.541226156055927 ], [ 419429.866147301858291, 7625415.640426488593221 ], [ 419440.110363375744782, 7625463.788953741081059 ], [ 419448.348360735923052, 7625511.030766132287681 ], [ 419454.814324739738367, 7625557.300570819526911 ], [ 419460.595535046537407, 7625612.204981165006757 ], [ 419463.945495099585969, 7625660.034425796940923 ], [ 419465.612554009421729, 7625710.165221114642918 ], [ 419465.443850396375638, 7625751.948894944041967 ], [ 419463.665385849075392, 7625795.235934736207128 ], [ 419459.990409497113433, 7625840.021591864526272 ], [ 419454.098509195551742, 7625886.277506018988788 ], [ 419448.012918732943945, 7625921.897026281803846 ], [ 419443.074337459111121, 7625946.058778190985322 ], [ 419437.373587963986211, 7625970.530147591605783 ], [ 419427.284823595080525, 7626007.76029718015343 ], [ 419415.202783834771253, 7626045.516841664910316 ], [ 419403.245150481932797, 7626077.839733496308327 ] ] ] } },
{ "type": "Feature", "properties": { "fid": 287.0, "COMPR_M": 1382.47, "CLASSE": "06 - Acima do limite", "CD_FAZ": "403206", "TALHOES": "1, 2", "FAZ_tAL": "403206001, 403206002", "ID_LINHA": 194303 }, "geometry": { "type": "MultiLineString", "coordinates": [ [ [ 419064.409238881373312, 7624820.407776026986539 ], [ 419101.084703763131984, 7624853.127608961425722 ], [ 419130.601447647612076, 7624881.404005469754338 ], [ 419160.679347954574041, 7624912.458684769459069 ], [ 419182.516364642069675, 7624936.652161603793502 ], [ 419210.394940611033235, 7624969.798676450736821 ], [ 419236.865940133284312, 7625003.92704273480922 ], [ 419261.931092273502145, 7625039.006602738052607 ], [ 419285.586566631740425, 7625075.013692582026124 ], [ 419307.82101877569221, 7625111.928856168873608 ], [ 419328.615827971021645, 7625149.736922470852733 ], [ 419347.944881933915894, 7625188.426869384944439 ], [ 419361.460582267609425, 7625218.020930653437972 ], [ 419378.069945540511981, 7625258.06468468811363 ], [ 419392.847203638870269, 7625298.094943662174046 ], [ 419405.843273566453718, 7625337.881178602576256 ], [ 419417.169817229209002, 7625377.31900757458061 ], [ 419426.944530411914457, 7625416.321822002530098 ], [ 419437.164644635166042, 7625464.357165176421404 ], [ 419445.384385070938151, 7625511.494393886998296 ], [ 419451.836952294048388, 7625557.668454479426146 ], [ 419457.60679675580468, 7625612.464855881407857 ], [ 419460.949609809438698, 7625660.191880994476378 ], [ 419462.61279423936503, 7625710.205203386023641 ], [ 419462.444535846065264, 7625751.883284964598715 ], [ 419460.6708796537132, 7625795.053817998617887 ], [ 419457.006420167337637, 7625839.711608262732625 ], [ 419451.132317951123696, 7625885.828009285032749 ], [ 419445.065928234253079, 7625921.335215430706739 ], [ 419440.143388597236481, 7625945.418499697931111 ], [ 419434.461571744992398, 7625969.80861150007695 ], [ 419424.407198000408243, 7626006.911899359896779 ], [ 419412.367516600876115, 7626044.536114890128374 ], [ 419399.869576326746028, 7626078.231141299940646 ] ] ] } },
{ "type": "Feature", "properties": { "fid": 288.0, "COMPR_M": 1382.19, "CLASSE": "06 - Acima do limite", "CD_FAZ": "403206", "TALHOES": "1, 2", "FAZ_tAL": "403206001, 403206002", "ID_LINHA": 194304 }, "geometry": { "type": "MultiLineString", "coordinates": [ [ [ 419061.067711010226049, 7624821.491987991146743 ], [ 419091.862945504952222, 7624848.728455593809485 ], [ 419121.033538227668032, 7624876.203960740938783 ], [ 419151.043984028161503, 7624906.587076783180237 ], [ 419180.25934148626402, 7624938.628539968281984 ], [ 419208.061122116923798, 7624971.683752426877618 ], [ 419234.459651851619128, 7625005.71868828125298 ], [ 419259.456441517337225, 7625040.702574139460921 ], [ 419283.047479984816164, 7625076.611583164893091 ], [ 419305.221292999573052, 7625113.426067770458758 ], [ 419325.959179479046725, 7625151.130636341869831 ], [ 419345.234997687221039, 7625189.71401796489954 ], [ 419358.713196505443193, 7625219.225962020456791 ], [ 419375.276338507654145, 7625259.158293409273028 ], [ 419390.013285411987454, 7625299.079377422109246 ], [ 419402.974890745943412, 7625338.760134099982679 ], [ 419414.272366670309566, 7625378.096788993105292 ], [ 419424.022913514520042, 7625417.003217507153749 ], [ 419434.218925895169377, 7625464.925376616418362 ], [ 419442.420409403392114, 7625511.958021638914943 ], [ 419448.859579834213946, 7625558.036338143050671 ], [ 419454.618058471533004, 7625612.724730590358377 ], [ 419457.953724520863034, 7625660.349336184561253 ], [ 419459.613034472684376, 7625710.245185654610395 ], [ 419459.445221286034212, 7625751.817674996331334 ], [ 419457.676373450900428, 7625794.871701272204518 ], [ 419454.022430845594499, 7625839.401624660938978 ], [ 419448.166126705065835, 7625885.378512546420097 ], [ 419442.11893773265183, 7625920.773404583334923 ], [ 419437.212439737166278, 7625944.778221196494997 ], [ 419431.549555536184926, 7625969.08707542065531 ], [ 419421.529572396364529, 7626006.063501551747322 ], [ 419409.532249360461719, 7626043.555388104170561 ], [ 419396.49400215537753, 7626078.62254911288619 ] ] ] } },
{ "type": "Feature", "properties": { "fid": 289.0, "COMPR_M": 1381.92, "CLASSE": "06 - Acima do limite", "CD_FAZ": "403206", "TALHOES": "1, 2", "FAZ_tAL": "403206001, 403206002", "ID_LINHA": 194305 }, "geometry": { "type": "MultiLineString", "coordinates": [ [ [ 419057.726183143910021, 7624822.576199943199754 ], [ 419089.841411084693391, 7624850.945102566853166 ], [ 419118.939939870731905, 7624878.352688323706388 ], [ 419148.868360406253487, 7624908.652722927741706 ], [ 419178.002318336861208, 7624940.604918318800628 ], [ 419205.727303611813113, 7624973.568828389048576 ], [ 419232.053363570710644, 7625007.510333815589547 ], [ 419256.981790764315519, 7625042.398545545525849 ], [ 419280.508393344818614, 7625078.209473745897412 ], [ 419302.621567227994092, 7625114.923279370181262 ], [ 419323.302530972519889, 7625152.52435021288693 ], [ 419342.525113430514466, 7625191.001166546717286 ], [ 419355.965810733672697, 7625220.430993389338255 ], [ 419372.482731474214233, 7625260.251902125775814 ], [ 419387.179367183940485, 7625300.063811176456511 ], [ 419400.106507916934788, 7625339.639089589007199 ], [ 419411.374916113854852, 7625378.874570415355265 ], [ 419421.101296618115157, 7625417.684613028541207 ], [ 419431.273207153077237, 7625465.49358806014061 ], [ 419439.456433739862405, 7625512.421649399213493 ], [ 419445.882207383983769, 7625558.404221805743873 ], [ 419451.629320182430092, 7625612.984605295583606 ], [ 419454.957839233218692, 7625660.506791378371418 ], [ 419456.613274709263351, 7625710.285167936235666 ], [ 419456.445906727516558, 7625751.752065009437501 ], [ 419454.681867251230869, 7625794.689584543928504 ], [ 419451.038441522046924, 7625839.091641057282686 ], [ 419445.199935453245416, 7625884.929015812464058 ], [ 419439.171947226219345, 7625920.211593720130622 ], [ 419434.281490870867856, 7625944.137942700646818 ], [ 419428.63753931724932, 7625968.365539327263832 ], [ 419418.651946805301122, 7626005.215103739872575 ], [ 419406.69698212260846, 7626042.574661329388618 ], [ 419393.118427999550477, 7626079.013956918381155 ] ] ] } },
{ "type": "Feature", "properties": { "fid": 290.0, "COMPR_M": 1381.64, "CLASSE": "06 - Acima do limite", "CD_FAZ": "403206", "TALHOES": "1, 2", "FAZ_tAL": "403206001, 403206002", "ID_LINHA": 194306 }, "geometry": { "type": "MultiLineString", "coordinates": [ [ [ 419054.384655270609073, 7624823.660411911085248 ], [ 419087.819876674213447, 7624853.161749528720975 ], [ 419116.846341518452391, 7624880.501415908336639 ], [ 419146.692736777185928, 7624910.718369072303176 ], [ 419175.745295192929916, 7624942.581296682357788 ], [ 419196.612345389323309, 7624967.142949026077986 ], [ 419223.214270038064569, 7625000.750319544225931 ], [ 419248.422874552197754, 7625035.309227503836155 ], [ 419272.235340206301771, 7625070.794044124893844 ], [ 419294.641766857006587, 7625107.18374044355005 ], [ 419315.625104878214188, 7625144.46147926338017 ], [ 419335.160971100558527, 7625182.614391029812396 ], [ 419353.218424962135032, 7625221.636024759151042 ], [ 419369.68912444030866, 7625261.345510840415955 ], [ 419384.345448946696706, 7625301.048244932666421 ], [ 419397.23812508903211, 7625340.518045078963041 ], [ 419408.477465549891349, 7625379.652351826429367 ], [ 419420.37899322953308, 7625427.970191899687052 ], [ 419430.111767937778495, 7625475.499430791474879 ], [ 419437.907168428064324, 7625522.133763052523136 ], [ 419443.997251052875072, 7625567.842383141629398 ], [ 419449.419837490422651, 7625622.55000814050436 ], [ 419452.43868117290549, 7625670.416453460231423 ], [ 419453.706860407895874, 7625720.52885964140296 ], [ 419453.166507923277095, 7625762.254811473190784 ], [ 419450.966491911967751, 7625805.440478224307299 ], [ 419446.817398345039692, 7625850.074332226999104 ], [ 419440.396714201080613, 7625896.120055112987757 ], [ 419433.878555152215995, 7625931.535071039572358 ], [ 419425.725523098022677, 7625967.644003231078386 ], [ 419415.774321215285454, 7626004.366705926135182 ], [ 419403.861714887607377, 7626041.593934543430805 ], [ 419389.738050291372929, 7626079.405921714380383 ] ] ] } },
{ "type": "Feature", "properties": { "fid": 291.0, "COMPR_M": 1381.37, "CLASSE": "06 - Acima do limite", "CD_FAZ": "403206", "TALHOES": "1, 2", "FAZ_tAL": "403206001, 403206002", "ID_LINHA": 194307 }, "geometry": { "type": "MultiLineString", "coordinates": [ [ [ 419051.040279214736074, 7624824.745548004284501 ], [ 419085.798342261521611, 7624855.378396493382752 ], [ 419114.752743160934187, 7624882.650143492035568 ], [ 419144.517113143578172, 7624912.784015216864645 ], [ 419173.488272035610862, 7624944.557675037533045 ], [ 419194.297310835914686, 7624969.051046565175056 ], [ 419220.825706253992394, 7625002.565527722239494 ], [ 419245.964940146543086, 7625037.029336243867874 ], [ 419269.712002344720531, 7625072.416690481826663 ], [ 419292.056850181077607, 7625108.706376973539591 ], [ 419312.982341088471003, 7625145.881344871595502 ], [ 419332.464049904490821, 7625183.928483444266021 ], [ 419350.47103919100482, 7625222.841056121513247 ], [ 419366.895517405355349, 7625262.43911954946816 ], [ 419381.511530720046721, 7625302.032678693532944 ], [ 419394.369742272887379, 7625341.397000571712852 ], [ 419405.580014988197945, 7625380.430133250541985 ], [ 419417.452040326257702, 7625428.628285648301244 ], [ 419427.161961711011827, 7625476.046022240072489 ], [ 419434.940160520141944, 7625522.577567886561155 ], [ 419441.017693483969197, 7625568.192123831249774 ], [ 419446.429480355640408, 7625622.790551230311394 ], [ 419449.44170797773404, 7625670.551653726026416 ], [ 419450.706868240027688, 7625720.543438639491796 ], [ 419450.167937658145092, 7625762.161117562092841 ], [ 419447.974022281356156, 7625805.227474120445549 ], [ 419443.837109315616544, 7625849.730569714680314 ], [ 419437.43631649937015, 7625895.633846981450915 ], [ 419430.939240283682011, 7625930.934380568563938 ], [ 419422.813506878446788, 7625966.922467147931457 ], [ 419412.896695616596844, 7626003.518308110535145 ], [ 419401.026447646669112, 7626040.613207757472992 ], [ 419386.332260981958825, 7626079.800833054818213 ] ] ] } },
{ "type": "Feature", "properties": { "fid": 292.0, "COMPR_M": 1381.12, "CLASSE": "06 - Acima do limite", "CD_FAZ": "403206", "TALHOES": "1, 2", "FAZ_tAL": "403206001, 403206002", "ID_LINHA": 194308 }, "geometry": { "type": "MultiLineString", "coordinates": [ [ [ 419047.687534571392462, 7624825.833399435505271 ], [ 419083.776807837479282, 7624857.595043456181884 ], [ 419112.659144797595218, 7624884.798871075734496 ], [ 419142.341489512822591, 7624914.849661362357438 ], [ 419171.231248884520028, 7624946.534053401090205 ], [ 419191.982276282913517, 7624970.959144102409482 ], [ 419218.437142478476744, 7625004.380735907703638 ], [ 419243.507005729596131, 7625038.749444973655045 ], [ 419267.18866448639892, 7625074.039336847141385 ], [ 419289.471933506079949, 7625110.229013500735164 ], [ 419310.339577311533503, 7625147.301210474222898 ], [ 419329.767128691310063, 7625185.242575855925679 ], [ 419347.7236534213298, 7625224.046087497845292 ], [ 419364.10191037110053, 7625263.532728267833591 ], [ 419378.677612493513152, 7625303.017112446017563 ], [ 419391.501359447371215, 7625342.275956064462662 ], [ 419402.682564428949263, 7625381.20791466254741 ], [ 419414.525087432586588, 7625429.286379385739565 ], [ 419424.212155502755195, 7625476.592613691464067 ], [ 419431.973152602789924, 7625523.02137272246182 ], [ 419438.038135910173878, 7625568.541864518076181 ], [ 419443.439123211835977, 7625623.031094314530492 ], [ 419446.444734771212097, 7625670.686853994615376 ], [ 419447.706876084208488, 7625720.558017624542117 ], [ 419447.169367383175995, 7625762.067423649132252 ], [ 419444.981552644225303, 7625805.014470003545284 ], [ 419440.856820298009552, 7625849.386807207018137 ], [ 419434.47591879486572, 7625895.147638835012913 ], [ 419427.9999254232971, 7625930.333690097555518 ], [ 419419.901490659918636, 7625966.200931061059237 ], [ 419410.019070029607974, 7626002.669910291209817 ], [ 419398.191180407069623, 7626039.63248098269105 ], [ 419382.926471662183758, 7626080.195744395256042 ] ] ] } },
{ "type": "Feature", "properties": { "fid": 293.0, "COMPR_M": 1380.86, "CLASSE": "06 - Acima do limite", "CD_FAZ": "403206", "TALHOES": "1, 2", "FAZ_tAL": "403206001, 403206002", "ID_LINHA": 194309 }, "geometry": { "type": "MultiLineString", "coordinates": [ [ [ 419044.334789918619208, 7624826.921250852756202 ], [ 419081.755273422400933, 7624859.81169041339308 ], [ 419110.565546440891922, 7624886.947598657570779 ], [ 419140.165865886025131, 7624916.915307510644197 ], [ 419161.903308260603808, 7624940.516432797536254 ], [ 419189.667241718329024, 7624972.86724164430052 ], [ 419216.048578710935544, 7625006.19594409968704 ], [ 419241.04907131951768, 7625040.469553710892797 ], [ 419264.665326631511562, 7625075.661983202211559 ], [ 419286.88701684109401, 7625111.751650024205446 ], [ 419307.696813534712419, 7625148.72107607126236 ], [ 419327.070207491866313, 7625186.55666827596724 ], [ 419344.976267653342802, 7625225.251118863001466 ], [ 419361.308303335797973, 7625264.626336979679763 ], [ 419375.843694257200696, 7625304.001546200364828 ], [ 419388.632976623775903, 7625343.154911559075117 ], [ 419399.785113871388603, 7625381.985696078278124 ], [ 419411.598134539846797, 7625429.944473123177886 ], [ 419421.262349280179478, 7625477.139205133542418 ], [ 419429.00614469969878, 7625523.465177554637194 ], [ 419435.058578339230735, 7625568.891605205833912 ], [ 419440.448766080779023, 7625623.271637396886945 ], [ 419443.447761574352626, 7625670.822054265066981 ], [ 419444.70688392262673, 7625720.572596617043018 ], [ 419444.170797109487467, 7625761.973729743622243 ], [ 419441.98908301233314, 7625804.801465898752213 ], [ 419437.87653127789963, 7625849.043044688180089 ], [ 419431.515521091932897, 7625894.661430703476071 ], [ 419425.060610563319642, 7625929.732999639585614 ], [ 419416.989474439702462, 7625965.479394962079823 ], [ 419407.141444433189463, 7626001.82151248306036 ], [ 419395.355913173465524, 7626038.651754196733236 ], [ 419386.336143883119803, 7626063.433159675449133 ], [ 419379.520682356902398, 7626080.59065574593842 ] ] ] } },
{ "type": "Feature", "properties": { "fid": 294.0, "COMPR_M": 1380.6, "CLASSE": "06 - Acima do limite", "CD_FAZ": "403206", "TALHOES": "1, 2", "FAZ_tAL": "403206001, 403206002", "ID_LINHA": 194310 }, "geometry": { "type": "MultiLineString", "coordinates": [ [ [ 419040.982045276672579, 7624828.009102279320359 ], [ 419072.727781672147103, 7624855.686748610809445 ], [ 419101.188642868830357, 7624882.063854748383164 ], [ 419130.597703176666982, 7624911.273604022338986 ], [ 419159.66618920606561, 7624942.51531367469579 ], [ 419187.352207164745778, 7624974.775339182466269 ], [ 419213.660014931636397, 7625008.01115227676928 ], [ 419238.591136900126003, 7625042.189662447199225 ], [ 419262.141988770104945, 7625077.284629557281733 ], [ 419284.302100167726167, 7625113.274286549538374 ], [ 419305.054049748694524, 7625150.140941683202982 ], [ 419324.37328628776595, 7625187.870760693214834 ], [ 419342.228881884366274, 7625226.456150230020285 ], [ 419358.514696300611831, 7625265.719945690594614 ], [ 419373.009776030725334, 7625304.985979963093996 ], [ 419385.764593789470382, 7625344.033867046236992 ], [ 419396.887663306260947, 7625382.763477494008839 ], [ 419408.671181648096535, 7625430.602566862478852 ], [ 419418.312543054344133, 7625477.685796584933996 ], [ 419426.039136785140727, 7625523.908982394263148 ], [ 419432.079020762059372, 7625569.241345895454288 ], [ 419437.458408940001391, 7625623.512180490419269 ], [ 419440.450788376794662, 7625670.957254525274038 ], [ 419441.706891760521103, 7625720.58717560954392 ], [ 419441.17222684645094, 7625761.880035838112235 ], [ 419438.996613372000866, 7625804.58846177905798 ], [ 419434.896242260350846, 7625848.699282180517912 ], [ 419428.555123387428466, 7625894.175222559832036 ], [ 419422.121295702352654, 7625929.132309172302485 ], [ 419414.077458220475819, 7625964.757858882658184 ], [ 419404.263818838575389, 7626000.973114671185613 ], [ 419392.52064592926763, 7626037.671027421951294 ], [ 419383.53402207349427, 7626062.361376792192459 ], [ 419376.114893040037714, 7626080.98556708637625 ] ] ] } },
{ "type": "Feature", "properties": { "fid": 295.0, "COMPR_M": 1380.34, "CLASSE": "06 - Acima do limite", "CD_FAZ": "403206", "TALHOES": "1, 2", "FAZ_tAL": "403206001, 403206002", "ID_LINHA": 194311 }, "geometry": { "type": "MultiLineString", "coordinates": [ [ [ 419037.629300625820179, 7624829.096953703090549 ], [ 419070.722393988922704, 7624857.91801113076508 ], [ 419099.114146564737894, 7624884.231026514433324 ], [ 419128.443132965476252, 7624913.361200140789151 ], [ 419157.429070166952442, 7624944.514194536954165 ], [ 419185.037172612152062, 7624976.683436729945242 ], [ 419211.27145115903113, 7625009.826360462233424 ], [ 419236.133202489640098, 7625043.909771181643009 ], [ 419259.618650911259465, 7625078.907275922596455 ], [ 419281.717183495173231, 7625114.796923073939979 ], [ 419302.411285973445047, 7625151.560807289555669 ], [ 419321.676365076447837, 7625189.18485311139375 ], [ 419339.481496116262861, 7625227.661181600764394 ], [ 419355.721089265542105, 7625266.813554408028722 ], [ 419370.175857794529293, 7625305.970413714647293 ], [ 419382.8962109676213, 7625344.912822542712092 ], [ 419393.990212753415108, 7625383.541258912533522 ], [ 419405.744228755298536, 7625431.260660611093044 ], [ 419415.36273683590116, 7625478.232388030737638 ], [ 419423.072128875704948, 7625524.352787222713232 ], [ 419429.099463189777452, 7625569.591086584143341 ], [ 419434.468051802192349, 7625623.752723570913076 ], [ 419437.453815179062076, 7625671.092454799450934 ], [ 419438.706899603246711, 7625720.601754602044821 ], [ 419438.173656574334018, 7625761.78634191583842 ], [ 419436.004143734928221, 7625804.375457668676972 ], [ 419431.915953242161777, 7625848.355519663542509 ], [ 419425.594725695089437, 7625893.689014421775937 ], [ 419419.181980831199326, 7625928.53161870315671 ], [ 419414.025585355411749, 7625952.132140350528061 ], [ 419408.109443757741246, 7625976.005587503314018 ], [ 419397.707168572058436, 7626012.266349848359823 ], [ 419385.327545189647935, 7626048.972772548906505 ], [ 419372.709103725268506, 7626081.38047843426466 ] ] ] } },
{ "type": "Feature", "properties": { "fid": 296.0, "COMPR_M": 1380.08, "CLASSE": "06 - Acima do limite", "CD_FAZ": "403206", "TALHOES": "1, 2", "FAZ_tAL": "403206001, 403206002", "ID_LINHA": 194312 }, "geometry": { "type": "MultiLineString", "coordinates": [ [ [ 419034.270315579080489, 7624830.186829920858145 ], [ 419068.717006304766983, 7624860.149273633956909 ], [ 419097.039650255581364, 7624886.398198273032904 ], [ 419126.288562747067772, 7624915.448796262964606 ], [ 419155.191951121960301, 7624946.513075407594442 ], [ 419182.722138048149645, 7624978.591534269042313 ], [ 419208.882887385087088, 7625011.641568657010794 ], [ 419233.675268066464923, 7625045.629879910498857 ], [ 419257.095313046593219, 7625080.529922277666628 ], [ 419279.132266822154634, 7625116.31955960392952 ], [ 419299.768522189173382, 7625152.98067289032042 ], [ 419318.979443880205508, 7625190.498945524916053 ], [ 419336.734110348450486, 7625228.866212971508503 ], [ 419352.927482231403701, 7625267.907163122668862 ], [ 419367.341939568286762, 7625306.954847470857203 ], [ 419380.02782813704107, 7625345.791778031736612 ], [ 419391.092762192361988, 7625384.319040330126882 ], [ 419402.817275864887051, 7625431.918754350394011 ], [ 419412.412930626771413, 7625478.778979477472603 ], [ 419420.105120966036338, 7625524.796592049300671 ], [ 419426.119905610568821, 7625569.940827270969748 ], [ 419431.477694657281972, 7625623.993266653269529 ], [ 419434.456841979874298, 7625671.227655063383281 ], [ 419435.706907448067795, 7625720.616333595477045 ], [ 419435.175086303439457, 7625761.692648004740477 ], [ 419433.011674092616886, 7625804.162453558295965 ], [ 419428.935664212738629, 7625848.011757147498429 ], [ 419422.634327989944723, 7625893.202806279063225 ], [ 419416.242665968253277, 7625927.930928228422999 ], [ 419411.103725186490919, 7625951.451575699262321 ], [ 419405.208059480879456, 7625975.242409865371883 ], [ 419394.842734638252296, 7626011.374416504055262 ], [ 419382.508341616136022, 7626047.946770651265979 ], [ 419369.303314411954489, 7626081.775389773771167 ] ] ] } },
{ "type": "Feature", "properties": { "fid": 297.0, "COMPR_M": 1379.83, "CLASSE": "06 - Acima do limite", "CD_FAZ": "403206", "TALHOES": "1, 2", "FAZ_tAL": "403206001, 403206002", "ID_LINHA": 194313 }, "geometry": { "type": "MultiLineString", "coordinates": [ [ [ 419030.907015913981013, 7624831.278106091544032 ], [ 419066.711618611589074, 7624862.380536150187254 ], [ 419094.965153940545861, 7624888.565370047464967 ], [ 419124.133992532850243, 7624917.536392379552126 ], [ 419152.954832073766738, 7624948.511956281960011 ], [ 419180.407103493693285, 7624980.499631805345416 ], [ 419206.494323608698323, 7625013.456776833161712 ], [ 419231.217333654174581, 7625047.349988654255867 ], [ 419254.57197519444162, 7625082.152568642050028 ], [ 419276.54735015053302, 7625117.842196132056415 ], [ 419297.125758405658416, 7625154.400538496673107 ], [ 419316.282522668829188, 7625191.813037933781743 ], [ 419333.986724571790546, 7625230.071244334802032 ], [ 419350.133875204541255, 7625269.000771835446358 ], [ 419364.50802133284742, 7625307.939281230792403 ], [ 419377.159445316239726, 7625346.670733533799648 ], [ 419388.195311634335667, 7625385.096821751445532 ], [ 419399.890322974068113, 7625432.576848087832332 ], [ 419409.463124401227105, 7625479.325570926070213 ], [ 419417.138113057997543, 7625525.240396892651916 ], [ 419423.14034803560935, 7625570.29056796990335 ], [ 419428.487337523838505, 7625624.233809743076563 ], [ 419431.459868779871613, 7625671.362855329178274 ], [ 419432.706915282527916, 7625720.630912594497204 ], [ 419432.176516032544896, 7625761.598954104818404 ], [ 419430.019204462063499, 7625803.949449456296861 ], [ 419425.955375193851069, 7625847.66799464635551 ], [ 419419.673930286429822, 7625892.716598141938448 ], [ 419413.303351105074398, 7625927.330237763002515 ], [ 419408.181865024089348, 7625950.771011055447161 ], [ 419402.306675199361052, 7625974.479232242330909 ], [ 419391.978300699440297, 7626010.482483169995248 ], [ 419379.689138038491365, 7626046.920768741518259 ], [ 419365.897525099397171, 7626082.170301122590899 ] ] ] } },
{ "type": "Feature", "properties": { "fid": 298.0, "COMPR_M": 1379.58, "CLASSE": "06 - Acima do limite", "CD_FAZ": "403206", "TALHOES": "1, 2", "FAZ_tAL": "403206001, 403206002", "ID_LINHA": 194314 }, "geometry": { "type": "MultiLineString", "coordinates": [ [ [ 419027.543716253479943, 7624832.369382255710661 ], [ 419064.706230926676653, 7624864.611798668280244 ], [ 419092.89065763365943, 7624890.732541808858514 ], [ 419121.979422323289327, 7624919.623988492414355 ], [ 419150.717713029007427, 7624950.510837153531611 ], [ 419178.092068939644378, 7624982.407729351893067 ], [ 419204.105759829748422, 7625015.271985020488501 ], [ 419228.759399241127539, 7625049.070097379386425 ], [ 419252.048637335072272, 7625083.775214996188879 ], [ 419273.962433489738032, 7625119.364832653664052 ], [ 419294.482994633493945, 7625155.820404094643891 ], [ 419313.585601471131667, 7625193.127130355685949 ], [ 419331.239338805840816, 7625231.276275711134076 ], [ 419347.340268168016337, 7625270.094380551949143 ], [ 419361.674103108060081, 7625308.923714984208345 ], [ 419374.291062488744501, 7625347.549689024686813 ], [ 419385.297861066763289, 7625385.874603170901537 ], [ 419396.963370071083773, 7625433.234941830858588 ], [ 419406.51331818435574, 7625479.872162375599146 ], [ 419414.171105151821394, 7625525.684201718308032 ], [ 419420.160790463560261, 7625570.640308655798435 ], [ 419425.496980382013135, 7625624.474352829158306 ], [ 419428.462895578413736, 7625671.498055594973266 ], [ 419429.706923120480496, 7625720.645491583272815 ], [ 419429.177945762465242, 7625761.50526018999517 ], [ 419427.026734826969914, 7625803.736445342190564 ], [ 419422.975086175021715, 7625847.324232133105397 ], [ 419416.713532583205961, 7625892.230390012264252 ], [ 419410.364036240149289, 7625926.729547303169966 ], [ 419405.260004847252276, 7625950.090446407906711 ], [ 419399.405290919938125, 7625973.716054618358612 ], [ 419389.113866764353588, 7626009.590549829415977 ], [ 419376.86993445805274, 7626045.894766828045249 ], [ 419362.486207331297919, 7626082.56585350446403 ] ] ] } },
{ "type": "Feature", "properties": { "fid": 299.0, "COMPR_M": 1379.34, "CLASSE": "06 - Acima do limite", "CD_FAZ": "403206", "TALHOES": "1, 2", "FAZ_tAL": "403206001, 403206002", "ID_LINHA": 194315 }, "geometry": { "type": "MultiLineString", "coordinates": [ [ [ 419024.180416592920665, 7624833.460658421739936 ], [ 419055.852104003657587, 7624860.731205880641937 ], [ 419090.816161331429612, 7624892.899713579565287 ], [ 419119.824852106627077, 7624921.71158461086452 ], [ 419148.480593981104903, 7624952.509718019515276 ], [ 419175.777034386002924, 7624984.31582688819617 ], [ 419201.717196058714762, 7625017.087193204089999 ], [ 419226.301464825752191, 7625050.790206115692854 ], [ 419249.525299469183665, 7625085.397861359640956 ], [ 419271.377516817883588, 7625120.887469189241529 ], [ 419291.840230851550587, 7625157.240269700065255 ], [ 419310.888680256903172, 7625194.441222773864865 ], [ 419328.491953040880617, 7625232.481307077221572 ], [ 419344.546661132306326, 7625271.187989266589284 ], [ 419358.84018487209687, 7625309.908148739486933 ], [ 419371.422679663053714, 7625348.428644517436624 ], [ 419382.400410513451789, 7625386.652384583838284 ], [ 419394.036417180905119, 7625433.893035570159554 ], [ 419403.563511963700876, 7625480.418753816746175 ], [ 419411.204097237437963, 7625526.128006550483406 ], [ 419417.181232887203805, 7625570.990049341693521 ], [ 419422.506623243680224, 7625624.714895917102695 ], [ 419425.465922377421521, 7625671.633255865424871 ], [ 419426.706930962565821, 7625720.660070570185781 ], [ 419426.179375483130571, 7625761.411566282622516 ], [ 419424.034265184018295, 7625803.523441236466169 ], [ 419419.994797156075947, 7625846.980469619855285 ], [ 419413.753134877828415, 7625891.744181864894927 ], [ 419407.424721386807505, 7625926.128856830298901 ], [ 419402.338144676934462, 7625949.409881766885519 ], [ 419396.503906635451131, 7625972.952876986935735 ], [ 419386.249432827637065, 7626008.698616488836706 ], [ 419374.050730883260258, 7626044.868764931336045 ], [ 419359.04879555827938, 7626082.96443156991154 ] ] ] } },
{ "type": "Feature", "properties": { "fid": 300.0, "COMPR_M": 1379.1, "CLASSE": "06 - Acima do limite", "CD_FAZ": "403206", "TALHOES": "1, 2", "FAZ_tAL": "403206001, 403206002", "ID_LINHA": 194316 }, "geometry": { "type": "MultiLineString", "coordinates": [ [ [ 419020.816065200197045, 7624834.552275842055678 ], [ 419053.862075713463128, 7624862.976175213232636 ], [ 419088.741665014938917, 7624895.066885346546769 ], [ 419117.670281894621439, 7624923.799180725589395 ], [ 419146.243474937975407, 7624954.508598892018199 ], [ 419173.461999820778146, 7624986.223924437537789 ], [ 419199.328632275923155, 7625018.902401395142078 ], [ 419223.843530420737807, 7625052.510314850136638 ], [ 419247.001961606612895, 7625087.020507715642452 ], [ 419268.792600137530826, 7625122.410105712711811 ], [ 419289.197467070422135, 7625158.660135310143232 ], [ 419308.191759058565367, 7625195.755315188318491 ], [ 419325.744567264977377, 7625233.686338447034359 ], [ 419341.753054096130654, 7625272.281597977504134 ], [ 419356.006266647367738, 7625310.89258249849081 ], [ 419368.554296834743582, 7625349.307600000873208 ], [ 419379.502959951292723, 7625387.430166009813547 ], [ 419391.109464292356279, 7625434.551129309460521 ], [ 419400.613705739087891, 7625480.965345274657011 ], [ 419408.237089334696066, 7625526.571811387315392 ], [ 419414.201675315154716, 7625571.339790029451251 ], [ 419419.516266106278636, 7625624.955439001321793 ], [ 419422.468949175032321, 7625671.768456134945154 ], [ 419423.706938803428784, 7625720.674649570137262 ], [ 419423.180805216368753, 7625761.317872375249863 ], [ 419421.041795555618592, 7625803.310437119565904 ], [ 419417.014508136548102, 7625846.636707108467817 ], [ 419410.792737183219288, 7625891.257973726838827 ], [ 419404.485406521358527, 7625925.528166359290481 ], [ 419399.416284513310529, 7625948.729317117482424 ], [ 419393.602522354281973, 7625972.189699355512857 ], [ 419383.384998893889133, 7626007.806683152914047 ], [ 419371.231527296476997, 7626043.84276301600039 ], [ 419355.611383779789321, 7626083.363009631633759 ] ] ] } },
{ "type": "Feature", "properties": { "fid": 301.0, "COMPR_M": 1378.87, "CLASSE": "06 - Acima do limite", "CD_FAZ": "403206", "TALHOES": "1, 2", "FAZ_tAL": "403206001, 403206002", "ID_LINHA": 194317 }, "geometry": { "type": "MultiLineString", "coordinates": [ [ [ 419017.442906309093814, 7624835.646750990301371 ], [ 419051.872047414246481, 7624865.221144538372755 ], [ 419079.575713459809776, 7624890.504396885633469 ], [ 419108.250424235418905, 7624918.463919438421726 ], [ 419137.010138535231818, 7624948.75600559450686 ], [ 419164.488256175711285, 7624980.134341273456812 ], [ 419190.618033780483529, 7625012.483061172068119 ], [ 419215.40072082093684, 7625045.766882522962987 ], [ 419238.832677100435831, 7625079.956930882297456 ], [ 419260.904165065323468, 7625115.029253412038088 ], [ 419281.598756833816878, 7625150.96369263343513 ], [ 419300.893294698384125, 7625187.743765861727297 ], [ 419318.757793751254212, 7625225.356950079090893 ], [ 419335.133359678671695, 7625263.742191962897778 ], [ 419349.781095752608962, 7625302.261847637593746 ], [ 419362.711223841761239, 7625340.632865784689784 ], [ 419376.605509391461965, 7625388.207947419956326 ], [ 419388.182511391001754, 7625435.209223052486777 ], [ 419397.663899523206055, 7625481.511936716735363 ], [ 419405.270081423223019, 7625527.015616219490767 ], [ 419411.222117745957803, 7625571.689530728384852 ], [ 419416.525908960495144, 7625625.195982079952955 ], [ 419419.471975972526707, 7625671.903656395152211 ], [ 419420.706946639926173, 7625720.689228566363454 ], [ 419420.18223494902486, 7625761.224178463220596 ], [ 419418.04932590998942, 7625803.097433011978865 ], [ 419414.034219117078464, 7625846.292944587767124 ], [ 419407.832339478423819, 7625890.771765591576695 ], [ 419401.546091655502096, 7625924.927475888282061 ], [ 419396.494424345670268, 7625948.048752468079329 ], [ 419390.701138075266499, 7625971.426521725952625 ], [ 419380.520564955892041, 7626006.914749814197421 ], [ 419368.412323726573959, 7626042.816761116497219 ], [ 419359.211152733012568, 7626066.871622933074832 ], [ 419352.173972010379657, 7626083.761587688699365 ] ] ] } },
{ "type": "Feature", "properties": { "fid": 302.0, "COMPR_M": 1378.64, "CLASSE": "06 - Acima do limite", "CD_FAZ": "403206", "TALHOES": "1, 2", "FAZ_tAL": "403206001, 403206002", "ID_LINHA": 194318 }, "geometry": { "type": "MultiLineString", "coordinates": [ [ [ 419014.069747411762364, 7624836.741226147860289 ], [ 419049.882019114564173, 7624867.466113854199648 ], [ 419077.519606319314335, 7624892.689019641838968 ], [ 419106.116731298447121, 7624920.572845624759793 ], [ 419134.793214357399847, 7624950.777261408045888 ], [ 419162.192279499373399, 7624982.0653289668262 ], [ 419188.247454232070595, 7625014.321694104000926 ], [ 419212.959750395617448, 7625047.510980964638293 ], [ 419236.325326830090489, 7625081.604173954576254 ], [ 419258.334290479309857, 7625116.57714241463691 ], [ 419278.970108152017929, 7625152.409522525966167 ], [ 419298.209567472280469, 7625189.084597637876868 ], [ 419316.022679901216179, 7625226.589581102132797 ], [ 419332.350761475157924, 7625264.863517821766436 ], [ 419346.956700738344807, 7625303.27328242175281 ], [ 419359.850932300731074, 7625341.537807727232575 ], [ 419373.708058823482133, 7625388.985728837549686 ], [ 419385.255558500415646, 7625435.867316793650389 ], [ 419394.714093304122798, 7625482.058528166264296 ], [ 419402.30307351402007, 7625527.459421057254076 ], [ 419408.242560169892386, 7625572.039271412417293 ], [ 419413.535551826760639, 7625625.436525173485279 ], [ 419416.47500277904328, 7625672.038856659084558 ], [ 419417.706954486493487, 7625720.703807547688484 ], [ 419417.183664671727456, 7625761.13048455119133 ], [ 419415.056856277573388, 7625802.88442890252918 ], [ 419411.053930097550619, 7625845.949182078242302 ], [ 419404.871941773337312, 7625890.285557452589273 ], [ 419400.861070691142231, 7625912.90805265493691 ], [ 419396.179155662714038, 7625935.81432225741446 ], [ 419390.781328484648839, 7625958.985570166260004 ], [ 419384.622142240055837, 7625982.398060790263116 ], [ 419373.856521504349075, 7626017.904205460101366 ], [ 419361.117047627165448, 7626053.78711368329823 ], [ 419348.7365602281061, 7626084.160165756940842 ] ] ] } },
{ "type": "Feature", "properties": { "fid": 303.0, "COMPR_M": 1378.41, "CLASSE": "06 - Acima do limite", "CD_FAZ": "403206", "TALHOES": "1, 2", "FAZ_tAL": "403206001, 403206002", "ID_LINHA": 194319 }, "geometry": { "type": "MultiLineString", "coordinates": [ [ [ 419010.696588518796489, 7624837.835701295174658 ], [ 419047.891990816860925, 7624869.711083186790347 ], [ 419075.463499185163528, 7624894.873642393387854 ], [ 419103.983038364443928, 7624922.681771812960505 ], [ 419132.576290182885714, 7624952.798517230898142 ], [ 419159.896302833163645, 7624983.996316660195589 ], [ 419185.876874688605312, 7625016.16032702382654 ], [ 419210.518779957608785, 7625049.255079397931695 ], [ 419233.817976558406372, 7625083.251417035236955 ], [ 419255.764415887941141, 7625118.12503142748028 ], [ 419276.341459474642761, 7625153.85535241663456 ], [ 419295.525840243790299, 7625190.425429407507181 ], [ 419313.287566044949926, 7625227.822212119586766 ], [ 419329.568163272575475, 7625265.98484368249774 ], [ 419344.132305716746487, 7625304.284717212431133 ], [ 419356.990640761330724, 7625342.442749673500657 ], [ 419370.810608268366195, 7625389.763510253280401 ], [ 419382.328605612856336, 7625436.525410523638129 ], [ 419391.764287083060481, 7625482.605119614861906 ], [ 419399.336065605981275, 7625527.903225886635482 ], [ 419406.269328802358359, 7625581.191478470340371 ], [ 419411.249939130968414, 7625634.813010774552822 ], [ 419413.872619945905171, 7625681.718646354973316 ], [ 419414.712650576548185, 7625730.674299223348498 ], [ 419413.814898887532763, 7625771.322388846427202 ], [ 419411.253261598525569, 7625813.284232803620398 ], [ 419406.749144173401874, 7625856.537798386998475 ], [ 419399.993616014253348, 7625901.036665143445134 ], [ 419393.248206794727594, 7625935.174043757840991 ], [ 419387.86931226530578, 7625958.264034073799849 ], [ 419381.732210624730214, 7625981.592589182779193 ], [ 419371.006196650676429, 7626016.968152953311801 ], [ 419358.314925821323413, 7626052.715330792590976 ], [ 419345.299148452293593, 7626084.558743822388351 ] ] ] } },
{ "type": "Feature", "properties": { "fid": 304.0, "COMPR_M": 1378.18, "CLASSE": "06 - Acima do limite", "CD_FAZ": "403206", "TALHOES": "1, 2", "FAZ_tAL": "403206001, 403206002", "ID_LINHA": 194320 }, "geometry": { "type": "MultiLineString", "coordinates": [ [ [ 419007.323429631651379, 7624838.930176442489028 ], [ 419039.206697408808395, 7624866.060823503881693 ], [ 419073.407392058463302, 7624897.058265155181289 ], [ 419101.849345425551292, 7624924.790697991847992 ], [ 419130.359366004704498, 7624954.81977304443717 ], [ 419157.600326154613867, 7624985.9273043544963 ], [ 419183.506295150786173, 7625017.998959945514798 ], [ 419208.077809524140321, 7625050.999177830293775 ], [ 419231.310626286780462, 7625084.898660105653107 ], [ 419253.194541301229037, 7625119.672920435667038 ], [ 419273.712810803030152, 7625155.301182316616178 ], [ 419292.842113013553899, 7625191.766261175274849 ], [ 419310.552452191710472, 7625229.054843145422637 ], [ 419326.78556506120367, 7625267.106169542297721 ], [ 419341.307910707022529, 7625305.296152008697391 ], [ 419354.13034922623774, 7625343.347691625356674 ], [ 419367.913157706381753, 7625390.541291669011116 ], [ 419379.40165271301521, 7625437.183504266664386 ], [ 419388.814480868168175, 7625483.151711055077612 ], [ 419396.369057689793408, 7625528.347030726261437 ], [ 419403.287735452526249, 7625581.52341197989881 ], [ 419408.258046966628172, 7625635.033654506318271 ], [ 419410.874701487948187, 7625681.830982051789761 ], [ 419411.712643520790152, 7625730.6628174521029 ], [ 419410.817364245594945, 7625771.199920646846294 ], [ 419408.263207411859185, 7625813.039624859578907 ], [ 419403.773036164755467, 7625856.159525886178017 ], [ 419397.039608336053789, 7625900.513017292134464 ], [ 419390.317257938964758, 7625934.533765262924135 ], [ 419384.957296046195552, 7625957.542497978545725 ], [ 419378.842279016040266, 7625980.787117568776011 ], [ 419368.155871807772201, 7626016.032100453041494 ], [ 419355.512804018217139, 7626051.643547911196947 ], [ 419341.861736686783843, 7626084.95732188411057 ] ] ] } },
{ "type": "Feature", "properties": { "fid": 305.0, "COMPR_M": 1377.95, "CLASSE": "06 - Acima do limite", "CD_FAZ": "403206", "TALHOES": "1, 2", "FAZ_tAL": "403206001, 403206002", "ID_LINHA": 194321 }, "geometry": { "type": "MultiLineString", "coordinates": [ [ [ 419003.943095605121925, 7624840.026979679241776 ], [ 419037.231222607195377, 7624868.318607283756137 ], [ 419071.351284917793237, 7624899.242887903004885 ], [ 419099.71565249026753, 7624926.899624182842672 ], [ 419128.142441828502342, 7624956.841028857976198 ], [ 419155.304349484737031, 7624987.858292050659657 ], [ 419181.13571560010314, 7625019.837592870928347 ], [ 419205.636839098413475, 7625052.743276270106435 ], [ 419228.803276015096344, 7625086.545903182588518 ], [ 419250.624666713178158, 7625121.22080943826586 ], [ 419271.084162117505912, 7625156.747012203559279 ], [ 419290.158385791350156, 7625193.107092948630452 ], [ 419307.817338342196308, 7625230.287474163807929 ], [ 419324.00296686461661, 7625268.227495402097702 ], [ 419338.483515689440537, 7625306.307586793787777 ], [ 419351.27005768509116, 7625344.252633569762111 ], [ 419365.015707144106273, 7625391.319073089398444 ], [ 419376.474699824058916, 7625437.841598009690642 ], [ 419385.864674648677465, 7625483.698302509263158 ], [ 419393.402049785247073, 7625528.790835554711521 ], [ 419400.306142105429899, 7625581.855345495045185 ], [ 419405.266154791344889, 7625635.25429823063314 ], [ 419407.876783027139027, 7625681.943317747674882 ], [ 419408.712636476848274, 7625730.65133567340672 ], [ 419407.819829612970352, 7625771.077452449128032 ], [ 419405.273153218324296, 7625812.795016914606094 ], [ 419400.796928157447837, 7625855.781253390945494 ], [ 419394.085600649937987, 7625899.989369437098503 ], [ 419387.38630907580955, 7625933.893486760556698 ], [ 419382.045279835350811, 7625956.820961894467473 ], [ 419375.952347405953333, 7625979.98164595849812 ], [ 419365.305546963820234, 7626015.096047947183251 ], [ 419352.710682213248219, 7626050.571765018627048 ], [ 419338.424324908526614, 7626085.355899944901466 ] ] ] } },
{ "type": "Feature", "properties": { "fid": 306.0, "COMPR_M": 1377.73, "CLASSE": "06 - Acima do limite", "CD_FAZ": "403206", "TALHOES": "1, 2", "FAZ_tAL": "403206001, 403206002", "ID_LINHA": 194322 }, "geometry": { "type": "MultiLineString", "coordinates": [ [ [ 419000.560805098328274, 7624841.124417735263705 ], [ 419035.255747805698775, 7624870.576391058042645 ], [ 419069.295177784049883, 7624901.427510663866997 ], [ 419097.581959559291136, 7624929.008550362661481 ], [ 419125.925517649797257, 7624958.862284674309194 ], [ 419153.008372813055757, 7624989.789279747754335 ], [ 419178.765136062924284, 7625021.676225798204541 ], [ 419203.195868666749448, 7625054.487374698743224 ], [ 419226.295925741433166, 7625088.193146263249218 ], [ 419248.054792117909528, 7625122.768698448315263 ], [ 419268.45551344694104, 7625158.192842101678252 ], [ 419287.474658556224313, 7625194.447924722917378 ], [ 419305.082224498386495, 7625231.520105181261897 ], [ 419321.220368659181986, 7625269.348821263760328 ], [ 419335.659120676515158, 7625307.319021582603455 ], [ 419348.409766146913171, 7625345.157575508579612 ], [ 419362.118256586138159, 7625392.096854509785771 ], [ 419373.547746926138643, 7625438.499691752716899 ], [ 419382.914868428604677, 7625484.244893952272832 ], [ 419390.435041871853173, 7625529.234640383161604 ], [ 419397.324548758391757, 7625582.187279012985528 ], [ 419402.27426261495566, 7625635.474941959604621 ], [ 419404.878864562604576, 7625682.055653445422649 ], [ 419405.712629423534963, 7625730.639853898435831 ], [ 419404.822294972022064, 7625770.954984244890511 ], [ 419402.283099031832535, 7625812.550408965907991 ], [ 419397.820820141583681, 7625855.402980897575617 ], [ 419391.131592977559194, 7625899.465721590444446 ], [ 419384.455360205087345, 7625933.253208260983229 ], [ 419379.133263616356999, 7625956.09942580666393 ], [ 419373.062415791733656, 7625979.176174356602132 ], [ 419362.455222119402606, 7626014.159995436668396 ], [ 419349.908560399082489, 7626049.499982137233019 ], [ 419334.962261188717093, 7626085.757336474023759 ] ] ] } },
{ "type": "Feature", "properties": { "fid": 307.0, "COMPR_M": 1377.52, "CLASSE": "06 - Acima do limite", "CD_FAZ": "403206", "TALHOES": "1, 2", "FAZ_tAL": "403206001, 403206002", "ID_LINHA": 194323 }, "geometry": { "type": "MultiLineString", "coordinates": [ [ [ 418997.178514584200457, 7624842.221855776384473 ], [ 419033.280272998264991, 7624872.83417484164238 ], [ 419067.239070646115579, 7624903.612133409827948 ], [ 419095.448266622028314, 7624931.117476541548967 ], [ 419123.708593472547363, 7624960.883540489710867 ], [ 419150.712396150105633, 7624991.720267444849014 ], [ 419176.39455651154276, 7625023.514858725480735 ], [ 419200.754898232233245, 7625056.231473132036626 ], [ 419223.788575469108764, 7625089.840389338321984 ], [ 419245.484917530557141, 7625124.316587453708053 ], [ 419265.826864762406331, 7625159.63867199793458 ], [ 419284.790931331808679, 7625195.788756499066949 ], [ 419302.347110645670909, 7625232.752736202441156 ], [ 419318.437770456192084, 7625270.470147112384439 ], [ 419332.83472566481214, 7625308.330456378869712 ], [ 419345.549474611703772, 7625346.062517462298274 ], [ 419359.220806029217783, 7625392.874635930173099 ], [ 419370.620794037822634, 7625439.157785496674478 ], [ 419379.965062213304918, 7625484.791485397145152 ], [ 419387.468033960205503, 7625529.678445225581527 ], [ 419394.342955410073046, 7625582.519212537445128 ], [ 419399.282370447355788, 7625635.695585690438747 ], [ 419401.880946107732598, 7625682.167989142239094 ], [ 419402.712622372084297, 7625730.6283721299842 ], [ 419401.824760342307854, 7625770.832516051828861 ], [ 419399.293044837249909, 7625812.305801020003855 ], [ 419394.844712128513493, 7625855.024708393961191 ], [ 419388.177585285448004, 7625898.942073740065098 ], [ 419381.524411347345449, 7625932.61292976886034 ], [ 419376.221247396315448, 7625955.377889716997743 ], [ 419370.17248418671079, 7625978.370702749118209 ], [ 419359.604897283774335, 7626013.223942934535444 ], [ 419347.106438595044892, 7626048.428199242800474 ], [ 419331.492655907059088, 7626086.159647470340133 ] ] ] } },
{ "type": "Feature", "properties": { "fid": 308.0, "COMPR_M": 1377.31, "CLASSE": "06 - Acima do limite", "CD_FAZ": "403206", "TALHOES": "1, 2", "FAZ_tAL": "403206001, 403206002", "ID_LINHA": 194324 }, "geometry": { "type": "MultiLineString", "coordinates": [ [ [ 418993.796224071178585, 7624843.319293826818466 ], [ 419031.30479820270557, 7624875.091958619654179 ], [ 419065.182963515806478, 7624905.796756165102124 ], [ 419093.314573688374367, 7624933.226402735337615 ], [ 419121.491669292096049, 7624962.904796308837831 ], [ 419148.416419475455768, 7624993.651255144737661 ], [ 419174.023976965865586, 7625025.353491654619575 ], [ 419198.313927802839316, 7625057.975571570917964 ], [ 419221.281225194805302, 7625091.487632418051362 ], [ 419242.91504293854814, 7625125.864476466551423 ], [ 419263.198216093529481, 7625161.084501892328262 ], [ 419282.107204104308039, 7625197.129588266834617 ], [ 419299.611996788124088, 7625233.985367219895124 ], [ 419315.65517224551877, 7625271.591472974978387 ], [ 419330.010330655844882, 7625309.341891160234809 ], [ 419342.689183069742285, 7625346.96745939925313 ], [ 419356.323355464788619, 7625393.652417343109846 ], [ 419367.693841139960568, 7625439.815879229456186 ], [ 419377.01525598554872, 7625485.338076845742762 ], [ 419384.501026051002555, 7625530.122250049374998 ], [ 419391.361362061288673, 7625582.851146053522825 ], [ 419396.290478279290255, 7625635.916229415684938 ], [ 419398.883027637959458, 7625682.280324843712151 ], [ 419399.712615322554484, 7625730.616890361532569 ], [ 419398.827225704211742, 7625770.710047844797373 ], [ 419396.302990648371633, 7625812.0611930815503 ], [ 419391.868604116840288, 7625854.646435906179249 ], [ 419385.223577607714105, 7625898.41842588968575 ], [ 419378.593462481396273, 7625931.972651278600097 ], [ 419373.309231177263428, 7625954.656353630125523 ], [ 419367.282552579767071, 7625977.565231131389737 ], [ 419356.754572437144816, 7626012.287890424951911 ], [ 419344.304316791705787, 7626047.356416357681155 ], [ 419328.023050629300997, 7626086.561958464793861 ] ] ] } },
{ "type": "Feature", "properties": { "fid": 309.0, "COMPR_M": 1377.11, "CLASSE": "06 - Acima do limite", "CD_FAZ": "403206", "TALHOES": "1, 2", "FAZ_tAL": "403206001, 403206002", "ID_LINHA": 194325 }, "geometry": { "type": "MultiLineString", "coordinates": [ [ [ 418990.40878230711678, 7624844.418403286486864 ], [ 419029.32932339864783, 7624877.349742405116558 ], [ 419063.126856382586993, 7624907.981378916651011 ], [ 419091.180880759784486, 7624935.335328917950392 ], [ 419119.27474511571927, 7624964.926052127033472 ], [ 419146.120442798361182, 7624995.582242833450437 ], [ 419171.653397427056916, 7625027.192124579101801 ], [ 419195.872957370011136, 7625059.719670008867979 ], [ 419218.773874919163063, 7625093.134875489398837 ], [ 419240.345168351836037, 7625127.412365474738181 ], [ 419260.569567409344018, 7625162.53033178858459 ], [ 419279.423476874420885, 7625198.47042003646493 ], [ 419296.876882944139652, 7625235.217998242005706 ], [ 419312.872574046370573, 7625272.712798837572336 ], [ 419327.185935639543459, 7625310.353325962089002 ], [ 419339.82889153144788, 7625347.872401351109147 ], [ 419353.425904903328046, 7625394.430198769085109 ], [ 419364.76688825286692, 7625440.473972974345088 ], [ 419374.06544977624435, 7625485.884668296203017 ], [ 419381.534018142847344, 7625530.566054881550372 ], [ 419388.379768714541569, 7625583.183079564012587 ], [ 419393.298586110176984, 7625636.136873136274517 ], [ 419395.885109175869729, 7625682.392660542391241 ], [ 419396.712608274363447, 7625730.605408580042422 ], [ 419395.829691066232044, 7625770.587579648941755 ], [ 419393.312936455418821, 7625811.816585129126906 ], [ 419388.892496107844636, 7625854.268163409084082 ], [ 419382.269569922646042, 7625897.894778044894338 ], [ 419375.662513619288802, 7625931.332372777163982 ], [ 419370.397214955999516, 7625953.934817537665367 ], [ 419364.392620969330892, 7625976.759759523905814 ], [ 419353.904247590166051, 7626011.351837909780443 ], [ 419341.502194990520366, 7626046.284633471630514 ], [ 419332.183734499965794, 7626069.498303516767919 ], [ 419324.553445346304215, 7626086.964269453659654 ] ] ] } },
{ "type": "Feature", "properties": { "fid": 310.0, "COMPR_M": 1376.9, "CLASSE": "06 - Acima do limite", "CD_FAZ": "403206", "TALHOES": "1, 2", "FAZ_tAL": "403206001, 403206002", "ID_LINHA": 194326 }, "geometry": { "type": "MultiLineString", "coordinates": [ [ [ 418987.018117312225513, 7624845.518558574840426 ], [ 419027.353848586091772, 7624879.60752618405968 ], [ 419061.070749245060142, 7624910.166001681238413 ], [ 419089.047187826246955, 7624937.444255102425814 ], [ 419117.057820943475235, 7624966.947307935915887 ], [ 419143.824466131220106, 7624997.513230536133051 ], [ 419169.282817882020026, 7625029.030757499858737 ], [ 419193.431986943003722, 7625061.463768439367414 ], [ 419216.266524654754903, 7625094.78211856726557 ], [ 419237.775293761806097, 7625128.960254490375519 ], [ 419257.94091873097932, 7625163.976161677390337 ], [ 419276.73974965326488, 7625199.811251807957888 ], [ 419294.141769093926996, 7625236.450629262253642 ], [ 419310.089975839830004, 7625273.834124688059092 ], [ 419324.361540623940527, 7625311.364760748110712 ], [ 419336.968599997460842, 7625348.777343297377229 ], [ 419350.528454342973419, 7625395.207980182021856 ], [ 419361.839935354306363, 7625441.132066708989441 ], [ 419371.115643553319387, 7625486.431259746663272 ], [ 419378.567010236438364, 7625531.009859718382359 ], [ 419385.398175367212389, 7625583.51501308567822 ], [ 419390.30669393914286, 7625636.357516873627901 ], [ 419392.887190713372547, 7625682.504996243864298 ], [ 419393.712601227976847, 7625730.593926806934178 ], [ 419392.832156429765746, 7625770.465111451223493 ], [ 419390.322882265492808, 7625811.571977190673351 ], [ 419385.916388090408873, 7625853.889890912920237 ], [ 419379.315562240139116, 7625897.371130197308958 ], [ 419375.092257895797957, 7625919.521261692047119 ], [ 419370.197682808095124, 7625941.923670662567019 ], [ 419364.588679545442574, 7625964.557923084124923 ], [ 419358.221809321083128, 7625987.398749656975269 ], [ 419347.15637011860963, 7626021.97939891461283 ], [ 419334.153742658905685, 7626056.813027016818523 ], [ 419321.08384006714914, 7626087.366580447182059 ] ] ] } },
{ "type": "Feature", "properties": { "fid": 311.0, "COMPR_M": 1376.69, "CLASSE": "06 - Acima do limite", "CD_FAZ": "403206", "TALHOES": "1, 2", "FAZ_tAL": "403206001, 403206002", "ID_LINHA": 194327 }, "geometry": { "type": "MultiLineString", "coordinates": [ [ [ 418983.627452318673022, 7624846.618713856674731 ], [ 419018.859821279591415, 7624876.197774391621351 ], [ 419052.161946030624676, 7624905.954152802936733 ], [ 419079.881013610516675, 7624932.507356589660048 ], [ 419107.964929573819973, 7624961.502770023420453 ], [ 419134.978896733140573, 7624991.734761334955692 ], [ 419160.688511802174617, 7625022.926148849539459 ], [ 419185.093910642550327, 7625055.039409188553691 ], [ 419213.759174379170872, 7625096.429361639544368 ], [ 419235.205419167876244, 7625130.508143490180373 ], [ 419255.312270059017465, 7625165.421991581097245 ], [ 419274.056022419128567, 7625201.152083581313491 ], [ 419291.406655237602536, 7625237.683260276913643 ], [ 419307.307377637480386, 7625274.955450551584363 ], [ 419321.537145602400415, 7625312.376195541583002 ], [ 419334.108308455965016, 7625349.682285238057375 ], [ 419347.63100378488889, 7625395.985761596821249 ], [ 419358.91298245661892, 7625441.790160452947021 ], [ 419368.165837336331606, 7625486.977851191535592 ], [ 419375.600002322520595, 7625531.453664550557733 ], [ 419382.416582020057831, 7625583.846946595236659 ], [ 419387.314801769796759, 7625636.578160589560866 ], [ 419389.889272256521508, 7625682.617331944406033 ], [ 419390.712594172277022, 7625730.582445032894611 ], [ 419389.834621794754639, 7625770.342643247917295 ], [ 419387.332828070153482, 7625811.327369248494506 ], [ 419382.940280086244456, 7625853.511618407443166 ], [ 419376.361554560891818, 7625896.847482347860932 ], [ 419372.152943032677285, 7625918.920571224763989 ], [ 419367.275822643772699, 7625941.243106009438634 ], [ 419361.687295264855493, 7625963.794745448976755 ], [ 419355.344183732522652, 7625986.550351843237877 ], [ 419344.32110288774129, 7626020.998672137968242 ], [ 419331.369585985899903, 7626055.695405250415206 ], [ 419317.614234792650677, 7626087.7688914462924 ] ] ] } },
{ "type": "Feature", "properties": { "fid": 312.0, "COMPR_M": 1376.49, "CLASSE": "06 - Acima do limite", "CD_FAZ": "403206", "TALHOES": "1, 2", "FAZ_tAL": "403206001, 403206002", "ID_LINHA": 194328 }, "geometry": { "type": "MultiLineString", "coordinates": [ [ [ 418980.236787315283436, 7624847.718869144096971 ], [ 419016.89807712455513, 7624878.467496232129633 ], [ 419050.123497793800198, 7624908.155258793383837 ], [ 419077.767662195197772, 7624934.636662880890071 ], [ 419105.768495479715057, 7624963.546273575164378 ], [ 419132.702255820098799, 7624993.6885089520365 ], [ 419158.336179523088504, 7625024.78807045891881 ], [ 419182.670154542603996, 7625056.807352285832167 ], [ 419211.25182411208516, 7625098.076604725793004 ], [ 419232.635544579243287, 7625132.056032497435808 ], [ 419252.683621380361728, 7625166.867821469902992 ], [ 419271.372295193839818, 7625202.492915347218513 ], [ 419288.671541383606382, 7625238.915891295298934 ], [ 419304.524779434897937, 7625276.076776405796409 ], [ 419318.712750594015233, 7625313.387630330398679 ], [ 419331.24801691819448, 7625350.587227181531489 ], [ 419344.733553228550591, 7625396.763543013483286 ], [ 419355.986029571096878, 7625442.44825420062989 ], [ 419365.216031116142403, 7625487.524442645721138 ], [ 419372.632994419545867, 7625531.897469388321042 ], [ 419379.434988672262989, 7625584.178880114108324 ], [ 419384.322909597249236, 7625636.798804322257638 ], [ 419386.891353797458578, 7625682.729667637497187 ], [ 419387.712587128975429, 7625730.570963259786367 ], [ 419386.837087151187006, 7625770.220175055786967 ], [ 419384.342773881740868, 7625811.082761307246983 ], [ 419379.964172072825022, 7625853.133345915004611 ], [ 419373.407546873670071, 7625896.323834495618939 ], [ 419369.213628167228308, 7625918.319880746304989 ], [ 419364.353962475433946, 7625940.562541365623474 ], [ 419358.785910986887757, 7625963.031567828729749 ], [ 419352.466558132553473, 7625985.701954025775194 ], [ 419341.485835649073124, 7626020.017945349216461 ], [ 419328.585429317085072, 7626054.577783478423953 ], [ 419314.144629510177765, 7626088.171202442608774 ] ] ] } },
{ "type": "Feature", "properties": { "fid": 313.0, "COMPR_M": 1376.3, "CLASSE": "06 - Acima do limite", "CD_FAZ": "403206", "TALHOES": "1, 2", "FAZ_tAL": "403206001, 403206002", "ID_LINHA": 194329 }, "geometry": { "type": "MultiLineString", "coordinates": [ [ [ 418976.841700368153397, 7624848.820459204725921 ], [ 419014.936332961602602, 7624880.737218080088496 ], [ 419048.085049554356374, 7624910.356364784762263 ], [ 419075.654310774058104, 7624936.76596917770803 ], [ 419103.572061380720697, 7624965.589777121320367 ], [ 419130.425614915846381, 7624995.642256565392017 ], [ 419155.983847245399375, 7625026.649992076680064 ], [ 419180.246398432296701, 7625058.575295377522707 ], [ 419203.208268517220858, 7625091.386034198105335 ], [ 419230.065669997828081, 7625133.603921512141824 ], [ 419250.054972698912024, 7625168.31365136988461 ], [ 419268.688567966688424, 7625203.833747126162052 ], [ 419285.936427534557879, 7625240.148522322997451 ], [ 419301.742181224690285, 7625277.19810226932168 ], [ 419315.888355577830225, 7625314.399065116420388 ], [ 419328.387725384091027, 7625351.492169130593538 ], [ 419341.836102666624356, 7625397.541324431076646 ], [ 419353.059076675388496, 7625443.106347935274243 ], [ 419362.266224894090556, 7625488.071034092456102 ], [ 419369.665986507083289, 7625532.341274217702448 ], [ 419376.453395325224847, 7625584.510813632979989 ], [ 419381.331017424236052, 7625637.019448050297797 ], [ 419383.893435334670357, 7625682.842003339901567 ], [ 419384.712580076360609, 7625730.559481494128704 ], [ 419383.839552517107222, 7625770.097706848755479 ], [ 419381.352719696529675, 7625810.838153363205492 ], [ 419376.988064062898047, 7625852.755073415115476 ], [ 419370.453539199545048, 7625895.800186648964882 ], [ 419366.274313301430084, 7625917.719190283678472 ], [ 419361.432102302554995, 7625939.881976725533605 ], [ 419355.884526703855954, 7625962.268390197306871 ], [ 419349.58893254614668, 7625984.853556219488382 ], [ 419338.650568403769284, 7626019.037218572571874 ], [ 419325.8012726411107, 7626053.46016171015799 ], [ 419310.645211187773384, 7626088.576970347203314 ] ] ] } },
{ "type": "Feature", "properties": { "fid": 314.0, "COMPR_M": 1376.12, "CLASSE": "06 - Acima do limite", "CD_FAZ": "403206", "TALHOES": "1, 2", "FAZ_tAL": "403206001, 403206002", "ID_LINHA": 194330 }, "geometry": { "type": "MultiLineString", "coordinates": [ [ [ 418973.44344321754761, 7624849.923077875748277 ], [ 419012.974588792014401, 7624883.006939917802811 ], [ 419046.046601311652921, 7624912.557470778934658 ], [ 419073.540959356992971, 7624938.89527547173202 ], [ 419101.375627274101134, 7624967.633280674926937 ], [ 419128.148974007111974, 7624997.596004185266793 ], [ 419153.631514962005895, 7625028.511913688853383 ], [ 419177.822642326063942, 7625060.343238480389118 ], [ 419200.717146569862962, 7625093.057717986404896 ], [ 419227.495795401278883, 7625135.151810521259904 ], [ 419247.426324023981579, 7625169.759481258690357 ], [ 419266.004840737092309, 7625205.174578895792365 ], [ 419283.201313689292874, 7625241.381153333932161 ], [ 419298.959583018207923, 7625278.319428121671081 ], [ 419313.063960562867578, 7625315.410499908030033 ], [ 419325.527433843177278, 7625352.39711107313633 ], [ 419338.938652105047368, 7625398.319105849601328 ], [ 419350.132123777992092, 7625443.764441680163145 ], [ 419359.316418680013157, 7625488.61762554012239 ], [ 419366.698978597705718, 7625532.785079054534435 ], [ 419373.471801977604628, 7625584.842747151851654 ], [ 419378.339125250815414, 7625637.240091782063246 ], [ 419380.895516869029962, 7625682.954339033924043 ], [ 419381.712573025026359, 7625730.547999714501202 ], [ 419380.382795388053637, 7625780.018835594877601 ], [ 419377.461284542223439, 7625820.931643349118531 ], [ 419372.598460549488664, 7625862.999679075554013 ], [ 419365.497184661275242, 7625906.166322436183691 ], [ 419358.510242137592286, 7625939.201412072405219 ], [ 419352.983142425538972, 7625961.505212565883994 ], [ 419346.71130695042666, 7625984.005158398300409 ], [ 419335.815301171096507, 7626018.056491783820093 ], [ 419323.017115969210863, 7626052.342539945617318 ], [ 419307.142920012585819, 7626088.98307136259973 ] ] ] } },
{ "type": "Feature", "properties": { "fid": 315.0, "COMPR_M": 1375.93, "CLASSE": "06 - Acima do limite", "CD_FAZ": "403206", "TALHOES": "1, 2", "FAZ_tAL": "403206001, 403206002", "ID_LINHA": 194331 }, "geometry": { "type": "MultiLineString", "coordinates": [ [ [ 418970.045186075847596, 7624851.025696558877826 ], [ 419004.624315273831598, 7624879.787638630717993 ], [ 419037.281516257848125, 7624908.577923625707626 ], [ 419071.427607934107073, 7624941.024581769481301 ], [ 419099.179193182964809, 7624969.676784225739539 ], [ 419125.872333096514922, 7624999.549751801416278 ], [ 419151.279182681348175, 7625030.373835299164057 ], [ 419175.398886221926659, 7625062.111181578598917 ], [ 419198.226024627918378, 7625094.729401763528585 ], [ 419224.925920809968375, 7625136.699699528515339 ], [ 419244.797675352776423, 7625171.205311154015362 ], [ 419263.321113506390247, 7625206.515410667285323 ], [ 419280.466199837101158, 7625242.613784362562001 ], [ 419296.176984813995659, 7625279.440753987058997 ], [ 419310.23956555116456, 7625316.421934708952904 ], [ 419322.667142304591835, 7625353.302053021267056 ], [ 419336.041201545856893, 7625399.096887271851301 ], [ 419347.205170893459581, 7625444.422535417601466 ], [ 419356.366612460813485, 7625489.164216980338097 ], [ 419363.731970690772869, 7625533.228883882984519 ], [ 419370.490208632778376, 7625585.174680667929351 ], [ 419375.347233085485641, 7625637.460735507309437 ], [ 419377.897598402982112, 7625683.066674728877842 ], [ 419378.712565975496545, 7625730.536517946980894 ], [ 419377.386608294851612, 7625779.866895403712988 ], [ 419374.474048786098137, 7625820.654710238799453 ], [ 419369.627042239008006, 7625862.586161946877837 ], [ 419362.550194160256069, 7625905.604511585086584 ], [ 419355.588381967274472, 7625938.52084743604064 ], [ 419350.081758150539827, 7625960.74203493911773 ], [ 419343.833681355812587, 7625983.156760586425662 ], [ 419332.980033931846265, 7626017.075765006244183 ], [ 419320.232959290849976, 7626051.224918179214001 ], [ 419303.640628826920874, 7626089.38917239010334 ] ] ] } },
{ "type": "Feature", "properties": { "fid": 316.0, "COMPR_M": 1375.75, "CLASSE": "06 - Acima do limite", "CD_FAZ": "403206", "TALHOES": "1, 2", "FAZ_tAL": "403206001, 403206002", "ID_LINHA": 194332 }, "geometry": { "type": "MultiLineString", "coordinates": [ [ [ 418966.646928920818027, 7624852.128315245732665 ], [ 419002.67546347057214, 7624882.068437576293945 ], [ 419035.259981841722038, 7624910.794570595026016 ], [ 419069.314256517216563, 7624943.15388807374984 ], [ 419096.982759075064678, 7624971.720287780277431 ], [ 419123.595692182832863, 7625001.503499422222376 ], [ 419148.926850406161975, 7625032.235756915993989 ], [ 419172.975130121456459, 7625063.879124675877392 ], [ 419195.734902682248503, 7625096.401085548102856 ], [ 419222.356046225293539, 7625138.247588538564742 ], [ 419242.169026666961145, 7625172.651141051203012 ], [ 419260.637386282498483, 7625207.856242440640926 ], [ 419277.731085989333224, 7625243.846415376290679 ], [ 419293.394386611471418, 7625280.562079841271043 ], [ 419307.415170531603508, 7625317.433369493111968 ], [ 419319.806850761116948, 7625354.206994961947203 ], [ 419333.143750988994725, 7625399.874668681994081 ], [ 419344.278217997984029, 7625445.08062915597111 ], [ 419353.416806238354184, 7625489.710808432660997 ], [ 419360.764962773653679, 7625533.672688720747828 ], [ 419367.508615286671557, 7625585.506614183075726 ], [ 419372.355340909794904, 7625637.681379238143563 ], [ 419374.899679942580406, 7625683.179010435938835 ], [ 419375.712558928527869, 7625730.525036175735295 ], [ 419374.390421205491293, 7625779.71495521068573 ], [ 419371.486813035677187, 7625820.377777138724923 ], [ 419366.655623922939412, 7625862.172644834965467 ], [ 419359.603203653008677, 7625905.042700732126832 ], [ 419352.666521792358253, 7625937.840282782912254 ], [ 419347.180373868439347, 7625959.978857313282788 ], [ 419340.956055752409156, 7625982.30836277268827 ], [ 419330.144766695855651, 7626016.09503822773695 ], [ 419317.448802615981549, 7626050.107296413742006 ], [ 419308.053151231491938, 7626072.448018593713641 ], [ 419300.138337652548216, 7626089.79527341388166 ] ] ] } },
{ "type": "Feature", "properties": { "fid": 317.0, "COMPR_M": 1375.57, "CLASSE": "06 - Acima do limite", "CD_FAZ": "403206", "TALHOES": "1, 2", "FAZ_tAL": "403206001, 403206002", "ID_LINHA": 194333 }, "geometry": { "type": "MultiLineString", "coordinates": [ [ [ 418963.244082203833386, 7624853.232423083856702 ], [ 419000.72661166114267, 7624884.349236534908414 ], [ 419033.238447425479535, 7624913.01121755130589 ], [ 419067.200905104517005, 7624945.283194361254573 ], [ 419094.786324982647784, 7624973.763791332021356 ], [ 419121.319051275902893, 7625003.457247039303184 ], [ 419146.574518122535665, 7625034.097678528167307 ], [ 419170.551374015165493, 7625065.647067767567933 ], [ 419193.243780741933733, 7625098.072769335471094 ], [ 419219.786171635380015, 7625139.795477536506951 ], [ 419239.540377997444011, 7625174.096970945596695 ], [ 419257.953659048303962, 7625209.197074206545949 ], [ 419274.995972135278862, 7625245.079046396538615 ], [ 419290.611788411973976, 7625281.683405693620443 ], [ 419304.590775525895879, 7625318.444804282858968 ], [ 419316.946559231204446, 7625355.111936906352639 ], [ 419330.246300423925277, 7625400.652450105175376 ], [ 419341.351265102857724, 7625445.738722901791334 ], [ 419350.467000014614314, 7625490.257399875670671 ], [ 419357.797954868758097, 7625534.11649355199188 ], [ 419364.527021939400584, 7625585.838547695428133 ], [ 419369.363448742951732, 7625637.902022961527109 ], [ 419371.9017614799086, 7625683.29134613275528 ], [ 419372.712551871023607, 7625730.513554394245148 ], [ 419371.39423411723692, 7625779.563015025109053 ], [ 419368.499577281763777, 7625820.100844038650393 ], [ 419363.684205611294601, 7625861.759127714671195 ], [ 419356.656213153444696, 7625904.48088987916708 ], [ 419352.214922716957517, 7625926.210144812241197 ], [ 419347.101085215806961, 7625948.162528820335865 ], [ 419341.273168089159299, 7625970.31598664354533 ], [ 419334.689621973666362, 7625992.643816403113306 ], [ 419323.30506648082519, 7626026.400730605237186 ], [ 419310.060134650673717, 7626060.193198004737496 ], [ 419296.636046466999687, 7626090.201374422758818 ] ] ] } },
{ "type": "Feature", "properties": { "fid": 318.0, "COMPR_M": 1375.38, "CLASSE": "06 - Acima do limite", "CD_FAZ": "403206", "TALHOES": "1, 2", "FAZ_tAL": "403206001, 403206002", "ID_LINHA": 194334 }, "geometry": { "type": "MultiLineString", "coordinates": [ [ [ 418959.839038567035459, 7624854.337243745103478 ], [ 418998.77775984571781, 7624886.630035484209657 ], [ 419031.216913005686365, 7624915.227864522486925 ], [ 419058.225587489549071, 7624940.665788259357214 ], [ 419085.77527517627459, 7624968.55646113306284 ], [ 419112.548646968207322, 7624997.919890714809299 ], [ 419138.046567183162551, 7625028.236031508073211 ], [ 419162.271003434841987, 7625059.468054328113794 ], [ 419190.752658797893673, 7625099.744453118182719 ], [ 419217.216297042788938, 7625141.343366552144289 ], [ 419236.911729311977979, 7625175.54280083719641 ], [ 419255.269931820163038, 7625210.537905983626842 ], [ 419272.260858284425922, 7625246.311677409335971 ], [ 419287.829190204269253, 7625282.804731550626457 ], [ 419301.766380511631723, 7625319.456239072605968 ], [ 419314.086267693142872, 7625356.016878858208656 ], [ 419327.348849862522911, 7625401.430231519043446 ], [ 419338.424312207964249, 7625446.396816640160978 ], [ 419347.517193798266817, 7625490.803991330787539 ], [ 419354.830946957110427, 7625534.560298389755189 ], [ 419361.545428593468387, 7625586.170481206849217 ], [ 419366.371556566387881, 7625638.122666688635945 ], [ 419368.903843025444075, 7625683.403681828640401 ], [ 419369.712544825859368, 7625730.502072622999549 ], [ 419368.398047020193189, 7625779.41107483766973 ], [ 419365.512341522437055, 7625819.823910937644541 ], [ 419360.712787305179518, 7625861.345610609278083 ], [ 419353.70922264829278, 7625903.919079024344683 ], [ 419349.28397385799326, 7625925.569866316393018 ], [ 419344.18906900472939, 7625947.440992724150419 ], [ 419338.383236476918682, 7625969.510515036061406 ], [ 419331.825188036309555, 7625991.751883067190647 ], [ 419320.48586290498497, 7626025.374728701077402 ], [ 419307.294684670225251, 7626059.03005981631577 ], [ 419293.133755293441936, 7626090.607475450262427 ] ] ] } },
{ "type": "Feature", "properties": { "fid": 319.0, "COMPR_M": 1375.21, "CLASSE": "06 - Acima do limite", "CD_FAZ": "403206", "TALHOES": "1, 2", "FAZ_tAL": "403206001, 403206002", "ID_LINHA": 194335 }, "geometry": { "type": "MultiLineString", "coordinates": [ [ [ 418956.43399492604658, 7624855.4420644082129 ], [ 418996.828908035357017, 7624888.910834436304867 ], [ 419029.195378586417064, 7624917.444511480629444 ], [ 419056.131989134300966, 7624942.81451584212482 ], [ 419083.599651549709961, 7624970.622107282280922 ], [ 419110.291623819735833, 7624999.896269075572491 ], [ 419135.712748686200939, 7625030.12110747396946 ], [ 419159.864715154049918, 7625061.259699869900942 ], [ 419188.261536848032847, 7625101.416136900894344 ], [ 419214.646422457473818, 7625142.891255564987659 ], [ 419234.283080634253565, 7625176.988630740903318 ], [ 419252.586204592953436, 7625211.878737753257155 ], [ 419269.525744427810423, 7625247.544308431446552 ], [ 419285.046591998776421, 7625283.926057418808341 ], [ 419298.941985490091611, 7625320.467673867940903 ], [ 419311.225976148853078, 7625356.921820802614093 ], [ 419324.451399302168284, 7625402.208012932911515 ], [ 419335.497359312721528, 7625447.054910379461944 ], [ 419344.56738757668063, 7625491.350582778453827 ], [ 419351.863939054426737, 7625535.004103219136596 ], [ 419358.563835247012321, 7625586.502414729446173 ], [ 419363.379664396634325, 7625638.343310410156846 ], [ 419365.905924556835089, 7625683.516017526388168 ], [ 419366.712537772604264, 7625730.490590856410563 ], [ 419365.401859934907407, 7625779.259134646505117 ], [ 419362.525105770910159, 7625819.546977834776044 ], [ 419357.741368992312346, 7625860.93209348525852 ], [ 419350.762232150067575, 7625903.357268179766834 ], [ 419346.353024992858991, 7625924.929587812162936 ], [ 419341.277052785386331, 7625946.719456641934812 ], [ 419335.493304861825891, 7625968.705043432302773 ], [ 419328.960754104075022, 7625990.85994972102344 ], [ 419317.666659326991066, 7626024.348726791329682 ], [ 419304.529234688263386, 7626057.866921626031399 ], [ 419289.613336533191614, 7626091.015678422525525 ] ] ] } },
{ "type": "Feature", "properties": { "fid": 320.0, "COMPR_M": 1375.05, "CLASSE": "06 - Acima do limite", "CD_FAZ": "403206", "TALHOES": "1, 2", "FAZ_tAL": "403206001, 403206002", "ID_LINHA": 194336 }, "geometry": { "type": "MultiLineString", "coordinates": [ [ [ 418953.028951290878467, 7624856.546885067597032 ], [ 418988.630210956092924, 7624885.880873713642359 ], [ 419020.587701811804436, 7624913.69957397505641 ], [ 419054.038390774512663, 7624944.963243424892426 ], [ 419081.424027917266358, 7624972.687753419391811 ], [ 419108.034600666433107, 7625001.872647423297167 ], [ 419133.378930190694518, 7625032.006183439865708 ], [ 419157.458426874014549, 7625063.051345400512218 ], [ 419185.770414905622602, 7625103.087820682674646 ], [ 419212.076547866221517, 7625144.439144572243094 ], [ 419231.654431961069349, 7625178.434460632503033 ], [ 419249.902477362600621, 7625213.219569524750113 ], [ 419266.79063058423344, 7625248.776939459145069 ], [ 419282.263993795029819, 7625285.047383273951709 ], [ 419296.117590481066145, 7625321.479108661413193 ], [ 419308.365684608928859, 7625357.826762751676142 ], [ 419321.553948744083755, 7625402.985794359818101 ], [ 419332.570406419108622, 7625447.713004116900265 ], [ 419341.617581363825593, 7625491.897174216806889 ], [ 419348.896931146213319, 7625535.447908046655357 ], [ 419355.58224189071916, 7625586.834348239935935 ], [ 419360.387772227695677, 7625638.563954135403037 ], [ 419362.908006096433382, 7625683.628353226929903 ], [ 419363.712530729942955, 7625730.479109081439674 ], [ 419362.405672842171043, 7625779.107194455340505 ], [ 419359.537870014493819, 7625819.270044734701514 ], [ 419354.769950683694333, 7625860.518576375208795 ], [ 419347.815241647709627, 7625902.795457324013114 ], [ 419343.422076130053028, 7625924.289309322834015 ], [ 419338.365036564995535, 7625945.997920554131269 ], [ 419332.603373255406041, 7625967.899571811780334 ], [ 419326.096320167474914, 7625989.968016389757395 ], [ 419314.847455745446496, 7626023.322724886238575 ], [ 419301.763784701528493, 7626056.703783434815705 ], [ 419286.077879525371827, 7626091.425625113770366 ] ] ] } },
{ "type": "Feature", "properties": { "fid": 321.0, "COMPR_M": 1374.89, "CLASSE": "06 - Acima do limite", "CD_FAZ": "403206", "TALHOES": "1, 2", "FAZ_tAL": "403206001, 403206002", "ID_LINHA": 194337 }, "geometry": { "type": "MultiLineString", "coordinates": [ [ [ 418949.618627832503989, 7624857.65341885574162 ], [ 418986.693399205221795, 7624888.171903615817428 ], [ 419018.582314120372757, 7624915.9308364931494 ], [ 419051.944792410242371, 7624947.111971003934741 ], [ 419079.248404289595783, 7624974.753399569541216 ], [ 419105.777577519358601, 7625003.849025784991682 ], [ 419131.045111686747987, 7625033.89125940669328 ], [ 419155.052138593280688, 7625064.842990936711431 ], [ 419183.279292957508005, 7625104.759504460729659 ], [ 419209.506673271767795, 7625145.987033573910594 ], [ 419229.025783283053897, 7625179.880290530622005 ], [ 419247.218750139698386, 7625214.560401296243072 ], [ 419264.055516734486446, 7625250.00957047007978 ], [ 419279.481395583134145, 7625286.168709130957723 ], [ 419293.293195463542361, 7625322.490543445572257 ], [ 419305.50539307272993, 7625358.731704693287611 ], [ 419318.65649818838574, 7625403.763575779274106 ], [ 419329.643453525146469, 7625448.371097865514457 ], [ 419338.667775137117133, 7625492.443765670061111 ], [ 419345.929923227173276, 7625535.891712887212634 ], [ 419352.600648545718286, 7625587.1662817588076 ], [ 419357.395880057651084, 7625638.784597866237164 ], [ 419359.910087633179501, 7625683.740688915364444 ], [ 419360.712523679248989, 7625730.467627303674817 ], [ 419359.409485749318264, 7625778.955254273489118 ], [ 419356.55063426453853, 7625818.993111641146243 ], [ 419351.798532370943576, 7625860.105059256777167 ], [ 419344.868251141044311, 7625902.233646467328072 ], [ 419340.491127269749995, 7625923.649030826054513 ], [ 419335.453020345012192, 7625945.276384467259049 ], [ 419329.713441646134015, 7625967.094100207090378 ], [ 419323.231886225286871, 7625989.076083045452833 ], [ 419312.028252170304768, 7626022.296722984872758 ], [ 419298.998334724397864, 7626055.540645244531333 ], [ 419282.542422505095601, 7626091.835571818053722 ] ] ] } },
{ "type": "Feature", "properties": { "fid": 322.0, "COMPR_M": 1374.73, "CLASSE": "06 - Acima do limite", "CD_FAZ": "403206", "TALHOES": "1, 2", "FAZ_tAL": "403206001, 403206002", "ID_LINHA": 194338 }, "geometry": { "type": "MultiLineString", "coordinates": [ [ [ 418946.207626180490479, 7624858.760172698646784 ], [ 418984.7565874606953, 7624890.462933516129851 ], [ 419016.576926441863179, 7624918.162098999135196 ], [ 419049.851194059825502, 7624949.260698586702347 ], [ 419077.07278066460276, 7624976.819045718759298 ], [ 419103.520554367394652, 7625005.825404146686196 ], [ 419128.711293196189217, 7625035.776335376314819 ], [ 419152.645850313943811, 7625066.634636474773288 ], [ 419180.788171015505213, 7625106.431188236922026 ], [ 419206.93679868185427, 7625147.534922583028674 ], [ 419226.397134600381833, 7625181.32612041849643 ], [ 419244.535022905212827, 7625215.901233062148094 ], [ 419261.320402879093308, 7625251.242201499640942 ], [ 419276.698797386023216, 7625287.290034987032413 ], [ 419290.468800449278206, 7625323.501978230662644 ], [ 419302.645101538160816, 7625359.636646639555693 ], [ 419315.759047625237145, 7625404.541357184760273 ], [ 419326.716500631475355, 7625449.029191605746746 ], [ 419335.717968928976916, 7625492.990357119590044 ], [ 419342.962915321113542, 7625536.335517711937428 ], [ 419349.619055199495051, 7625587.498215276747942 ], [ 419354.403987885161769, 7625639.005241591483355 ], [ 419356.912169178016484, 7625683.853024617768824 ], [ 419357.71251663035946, 7625730.456145535223186 ], [ 419356.413298658910207, 7625778.803314078599215 ], [ 419353.563398511847481, 7625818.716178538277745 ], [ 419348.827114051266108, 7625859.691542131826282 ], [ 419341.921260639384855, 7625901.671835619024932 ], [ 419332.541004133934621, 7625944.554848376661539 ], [ 419326.823510034184437, 7625966.288628599606454 ], [ 419320.367452289443463, 7625988.184149706736207 ], [ 419309.209048590972088, 7626021.270721077919006 ], [ 419296.232884742494207, 7626054.377507051452994 ], [ 419279.006965499429498, 7626092.245518507435918 ] ] ] } },
{ "type": "Feature", "properties": { "fid": 323.0, "COMPR_M": 1374.57, "CLASSE": "06 - Acima do limite", "CD_FAZ": "403206", "TALHOES": "1, 2", "FAZ_tAL": "403206001, 403206002", "ID_LINHA": 194339 }, "geometry": { "type": "MultiLineString", "coordinates": [ [ [ 418942.79662452195771, 7624859.866926535964012 ], [ 418982.819775711861439, 7624892.753963420167565 ], [ 419014.571538751712069, 7624920.393361518159509 ], [ 419047.757595694332849, 7624951.409426169469953 ], [ 419074.897157033905387, 7624978.884691858664155 ], [ 419101.263531213859096, 7625007.80178250093013 ], [ 419126.377474694512784, 7625037.661411348730326 ], [ 419150.239562022848986, 7625068.426282001659274 ], [ 419172.843664949701633, 7625100.061573256738484 ], [ 419199.313459537457675, 7625140.785025415942073 ], [ 419219.040677910263184, 7625174.275652814656496 ], [ 419237.455769145395607, 7625208.552380029112101 ], [ 419254.530152101651765, 7625243.596104706637561 ], [ 419270.229198130080476, 7625279.392157266847789 ], [ 419287.644405437575188, 7625324.513413031585515 ], [ 419299.784809998120181, 7625360.541588580235839 ], [ 419312.861597063019872, 7625405.319138604216278 ], [ 419323.789547738153487, 7625449.687285345047712 ], [ 419332.768162705178838, 7625493.536948565393686 ], [ 419339.995907416101545, 7625536.779322553426027 ], [ 419346.637461853388231, 7625587.830148793756962 ], [ 419351.412095713545568, 7625639.225885318592191 ], [ 419353.914250708767213, 7625683.965360321104527 ], [ 419354.712509571574628, 7625730.444663753733039 ], [ 419353.417111559072509, 7625778.651373891159892 ], [ 419350.57616275496548, 7625818.43924543634057 ], [ 419345.855695746431593, 7625859.278025021776557 ], [ 419338.974270134815015, 7625901.110024761408567 ], [ 419329.628987913951278, 7625943.833312286064029 ], [ 419323.933578430092894, 7625965.48315698467195 ], [ 419317.503018359129783, 7625987.292216369882226 ], [ 419306.38984501012601, 7626020.244719164445996 ], [ 419293.467434766818769, 7626053.214368872344494 ], [ 419284.08222085388843, 7626074.560150184668601 ], [ 419275.4715084831696, 7626092.655465209856629 ] ] ] } },
{ "type": "Feature", "properties": { "fid": 324.0, "COMPR_M": 1374.41, "CLASSE": "06 - Acima do limite", "CD_FAZ": "403206", "TALHOES": "1, 2", "FAZ_tAL": "403206001, 403206002", "ID_LINHA": 194340 }, "geometry": { "type": "MultiLineString", "coordinates": [ [ [ 418939.384588435990736, 7624860.974016012623906 ], [ 418974.755200656421948, 7624889.891211887821555 ], [ 419006.101396594662219, 7624916.855438999831676 ], [ 419038.953753602574579, 7624947.079007750377059 ], [ 419065.960596764227375, 7624973.901487547904253 ], [ 419092.552617855952121, 7625002.481739750131965 ], [ 419117.90117046108935, 7625032.018265409395099 ], [ 419142.003101666108705, 7625062.467397840693593 ], [ 419170.369014186784625, 7625101.757544665597379 ], [ 419196.758861166890711, 7625142.357997979968786 ], [ 419216.426375048351474, 7625175.747263448312879 ], [ 419234.785466194385663, 7625209.919750763103366 ], [ 419251.807536625943612, 7625244.856100914999843 ], [ 419267.457989730872214, 7625280.541345064528286 ], [ 419284.820010418014135, 7625325.524847819469869 ], [ 419296.924518461106345, 7625361.446530524641275 ], [ 419309.964146504411474, 7625406.096920023672283 ], [ 419320.862594845006242, 7625450.345379084348679 ], [ 419329.818356489937287, 7625494.083540011197329 ], [ 419337.028899502882268, 7625537.223127379082143 ], [ 419343.65586850931868, 7625588.162082309834659 ], [ 419348.420203551242594, 7625639.446529055014253 ], [ 419350.91633224778343, 7625684.07769601047039 ], [ 419351.712502525188029, 7625730.433181983418763 ], [ 419350.420924472855404, 7625778.49943370372057 ], [ 419347.588927003904246, 7625818.162312332540751 ], [ 419342.884277435427066, 7625858.864507904276252 ], [ 419336.027279636531603, 7625900.548213912174106 ], [ 419326.716971692978404, 7625943.111776193603873 ], [ 419321.043646812788211, 7625964.677685372531414 ], [ 419314.638584422587883, 7625986.40028303489089 ], [ 419303.570641435100697, 7626019.218717257492244 ], [ 419290.701984789746348, 7626052.051230680197477 ], [ 419281.355208135326393, 7626073.309574767947197 ], [ 419271.936051471042447, 7626093.065411910414696 ] ] ] } },
{ "type": "Feature", "properties": { "fid": 325.0, "COMPR_M": 1374.27, "CLASSE": "06 - Acima do limite", "CD_FAZ": "403206", "TALHOES": "1, 2", "FAZ_tAL": "403206001, 403206002", "ID_LINHA": 194341 }, "geometry": { "type": "MultiLineString", "coordinates": [ [ [ 418935.968476623413153, 7624862.082427917048335 ], [ 418972.829564024112187, 7624892.191640676930547 ], [ 419004.111368295911234, 7624919.100408327765763 ], [ 419036.879257292021066, 7624949.246179517358541 ], [ 419063.806026548612863, 7624975.98908366728574 ], [ 419090.315498811542057, 7625004.480620617978275 ], [ 419115.586135903024115, 7625033.926362950354815 ], [ 419139.614537888788618, 7625064.282606024295092 ], [ 419167.894363423110917, 7625103.453516063280404 ], [ 419194.204262809478678, 7625143.930970534682274 ], [ 419213.812072195461951, 7625177.218874076381326 ], [ 419232.115163235517684, 7625211.287121493369341 ], [ 419249.084921135101467, 7625246.116097133606672 ], [ 419264.686781336320564, 7625281.690532859414816 ], [ 419281.995615412248299, 7625326.536282613873482 ], [ 419294.064226917806081, 7625362.351472476497293 ], [ 419307.06669594818959, 7625406.874701447784901 ], [ 419317.935641952324659, 7625451.00347282551229 ], [ 419326.868550260958727, 7625494.630131457932293 ], [ 419335.309043823275715, 7625546.197588624432683 ], [ 419341.583085762686096, 7625596.882994024083018 ], [ 419346.045139312278479, 7625648.434367623180151 ], [ 419348.224520613264758, 7625693.299866355955601 ], [ 419348.634756671788637, 7625739.87209081556648 ], [ 419346.879644088854548, 7625788.133382176049054 ], [ 419343.614825845230371, 7625827.932231424376369 ], [ 419338.417050616291817, 7625868.74713334441185 ], [ 419331.002534951083362, 7625910.510904675349593 ], [ 419326.369780262582935, 7625931.71520097181201 ], [ 419321.067915341001935, 7625953.11025866214186 ], [ 419315.05742541118525, 7625974.672782449051738 ], [ 419308.29905008233618, 7625996.374997792765498 ], [ 419296.668246097513475, 7626029.136107265949249 ], [ 419283.336471467744559, 7626061.579167108982801 ], [ 419268.380049472674727, 7626093.477740852162242 ] ] ] } },
{ "type": "Feature", "properties": { "fid": 326.0, "COMPR_M": 1374.13, "CLASSE": "06 - Acima do limite", "CD_FAZ": "403206", "TALHOES": "1, 2", "FAZ_tAL": "403206001, 403206002", "ID_LINHA": 194342 }, "geometry": { "type": "MultiLineString", "coordinates": [ [ [ 418932.552364823233802, 7624863.190839829854667 ], [ 418970.903927389415912, 7624894.492069453932345 ], [ 419002.121340000070632, 7624921.345377646386623 ], [ 419034.804760986939073, 7624951.413351288065314 ], [ 419061.651456337713171, 7624978.076679784804583 ], [ 419088.078379772603512, 7625006.479501493275166 ], [ 419113.271101344667841, 7625035.834460498765111 ], [ 419137.225974120083265, 7625066.097814203239977 ], [ 419165.419712663278915, 7625105.149487467482686 ], [ 419191.649664442287758, 7625145.503943092189729 ], [ 419211.197769333026372, 7625178.690484705381095 ], [ 419229.444860279851127, 7625212.654492231085896 ], [ 419246.362305651651695, 7625247.376093341968954 ], [ 419261.91557293641381, 7625282.839720655232668 ], [ 419279.171220397925936, 7625327.547717403620481 ], [ 419291.203935387486126, 7625363.256414420902729 ], [ 419304.169245381839573, 7625407.652482859790325 ], [ 419315.008689059817698, 7625451.661566566675901 ], [ 419323.91874404984992, 7625495.176722908392549 ], [ 419332.339187814854085, 7625546.621912158094347 ], [ 419338.599596619140357, 7625597.197428011335433 ], [ 419343.051806564384606, 7625648.634535940364003 ], [ 419345.225813040975481, 7625693.388717918656766 ], [ 419345.634969469276257, 7625739.833882175385952 ], [ 419343.885137888253666, 7625787.951265444979072 ], [ 419340.630836523778271, 7625827.622247820720077 ], [ 419335.450859376171138, 7625868.297636607661843 ], [ 419328.063220085576177, 7625909.910214206203818 ], [ 419323.447920092788991, 7625931.034636330790818 ], [ 419318.166531055874657, 7625952.347081028856337 ], [ 419312.179799812380224, 7625973.824384636245668 ], [ 419305.44872524094535, 7625995.438945286907256 ], [ 419293.866124292893801, 7626028.064324374310672 ], [ 419280.590173713397235, 7626060.371516942046583 ], [ 419264.811020067252684, 7626093.891580367460847 ] ] ] } },
{ "type": "Feature", "properties": { "fid": 327.0, "COMPR_M": 1373.99, "CLASSE": "06 - Acima do limite", "CD_FAZ": "403206", "TALHOES": "1, 2", "FAZ_tAL": "403206001, 403206002", "ID_LINHA": 194343 }, "geometry": { "type": "MultiLineString", "coordinates": [ [ [ 418929.136253016418777, 7624864.299251732416451 ], [ 418968.978290762752295, 7624896.792498235590756 ], [ 419000.131311703007668, 7624923.590346982702613 ], [ 419032.73026467685122, 7624953.580523050390184 ], [ 419059.496886128908955, 7624980.164275905117393 ], [ 419085.841260729182977, 7625008.478382362052798 ], [ 419110.956066786136944, 7625037.742558030411601 ], [ 419134.837410338863265, 7625067.913022391498089 ], [ 419162.945061905891635, 7625106.845458874478936 ], [ 419189.095066067180596, 7625147.076915645971894 ], [ 419208.583466480311472, 7625180.162095327861607 ], [ 419226.774557325523347, 7625214.021862965077162 ], [ 419243.639690165582579, 7625248.63608955591917 ], [ 419259.144364542560652, 7625283.988908443599939 ], [ 419276.346825375745539, 7625328.559152189642191 ], [ 419288.343643840984441, 7625364.161356369033456 ], [ 419301.271794819738716, 7625408.430264273658395 ], [ 419312.081736166961491, 7625452.319660308770835 ], [ 419320.968937823607121, 7625495.723314359784126 ], [ 419329.369331804395188, 7625547.0462356954813 ], [ 419335.61610748199746, 7625597.511862005107105 ], [ 419340.058473822195083, 7625648.834704253822565 ], [ 419342.227105474332348, 7625693.477569478563964 ], [ 419342.635182277124841, 7625739.795673541724682 ], [ 419340.890631690737791, 7625787.769148711115122 ], [ 419337.646847201162018, 7625827.312264216132462 ], [ 419332.484668132383376, 7625867.848139869980514 ], [ 419325.123905230255332, 7625909.309523737058043 ], [ 419320.526059927651659, 7625930.354071682319045 ], [ 419315.265146775520407, 7625951.58390339743346 ], [ 419309.302174214681145, 7625972.975986821576953 ], [ 419302.598400399030652, 7625994.502892784774303 ], [ 419291.064002477156464, 7626026.992541486397386 ], [ 419277.843875957769342, 7626059.163866778835654 ], [ 419261.241990664449986, 7626094.305419892072678 ] ] ] } },
{ "type": "Feature", "properties": { "fid": 328.0, "COMPR_M": 1373.86, "CLASSE": "06 - Acima do limite", "CD_FAZ": "403206", "TALHOES": "1, 2", "FAZ_tAL": "403206001, 403206002", "ID_LINHA": 194344 }, "geometry": { "type": "MultiLineString", "coordinates": [ [ [ 418925.717525961401407, 7624865.408512204885483 ], [ 418967.052654131082818, 7624899.09292702563107 ], [ 418998.141283408855088, 7624925.835316296666861 ], [ 419030.655768364144024, 7624955.747694818302989 ], [ 419057.342315915622748, 7624982.251872025430202 ], [ 419083.604141679941677, 7625010.477263229899108 ], [ 419108.641032227955293, 7625039.650655570439994 ], [ 419132.448846565675922, 7625069.728230576962233 ], [ 419160.470411151065491, 7625108.541430273093283 ], [ 419186.540467703365721, 7625148.64988820720464 ], [ 419205.969163619389292, 7625181.633705964311957 ], [ 419224.104254373814911, 7625215.38923370372504 ], [ 419240.91707468678942, 7625249.896085763350129 ], [ 419256.373156141955405, 7625285.138096241280437 ], [ 419273.522430367360357, 7625329.570586984045804 ], [ 419285.483352308161557, 7625365.066298309713602 ], [ 419298.374344259267673, 7625409.208045699633658 ], [ 419309.154783275735099, 7625452.977754050865769 ], [ 419318.019131606793962, 7625496.269905801862478 ], [ 419326.399475801852532, 7625547.47055923845619 ], [ 419332.63261833996512, 7625597.826295990496874 ], [ 419337.065141075756401, 7625649.034872567281127 ], [ 419339.228397902217694, 7625693.566421043127775 ], [ 419339.635395088233054, 7625739.757464909926057 ], [ 419337.896125494269654, 7625787.587031978182495 ], [ 419334.66285787592642, 7625827.002280613407493 ], [ 419329.518476886849385, 7625867.398643133230507 ], [ 419322.184590362012386, 7625908.708833271637559 ], [ 419317.604199758556206, 7625929.673507031984627 ], [ 419312.363762498367578, 7625950.820725779980421 ], [ 419306.424548630020581, 7625972.127589015290141 ], [ 419299.748075556126423, 7625993.566840280778706 ], [ 419288.261880672071129, 7626025.920758593827486 ], [ 419275.097578212851658, 7626057.956216609105468 ], [ 419257.67296126432484, 7626094.719259400852025 ] ] ] } },
{ "type": "Feature", "properties": { "fid": 329.0, "COMPR_M": 1373.72, "CLASSE": "06 - Acima do limite", "CD_FAZ": "403206", "TALHOES": "1, 2", "FAZ_tAL": "403206001, 403206002", "ID_LINHA": 194345 }, "geometry": { "type": "MultiLineString", "coordinates": [ [ [ 418922.297168559103739, 7624866.518301665782928 ], [ 418965.127017496328335, 7624901.393355799838901 ], [ 418996.151255114178639, 7624928.080285627394915 ], [ 419028.581272057606839, 7624957.91486659180373 ], [ 419055.187745695293415, 7624984.339468137361109 ], [ 419081.367022635473404, 7625012.476144103333354 ], [ 419106.325997680076398, 7625041.558753117918968 ], [ 419130.060282789403573, 7625071.543438755907118 ], [ 419157.995760386867914, 7625110.237401677295566 ], [ 419183.985869341529906, 7625150.22286076284945 ], [ 419203.354860769526567, 7625183.105316583998501 ], [ 419221.433951424085535, 7625216.756604431197047 ], [ 419238.194459204736631, 7625251.156081981956959 ], [ 419253.601947748684324, 7625286.287284029647708 ], [ 419270.69803535041865, 7625330.582021772861481 ], [ 419282.623060768470168, 7625365.971240257844329 ], [ 419295.476893701241352, 7625409.985827116295695 ], [ 419306.227830384217668, 7625453.63584778085351 ], [ 419315.069325386662968, 7625496.816497245803475 ], [ 419323.429619798844215, 7625547.894882772117853 ], [ 419329.649129205732606, 7625598.140729979611933 ], [ 419334.071808327105828, 7625649.235040886327624 ], [ 419336.229690327832941, 7625693.655272604897618 ], [ 419336.635607887234073, 7625739.71925628464669 ], [ 419334.901619290350936, 7625787.404915252700448 ], [ 419331.678868547547609, 7625826.692297019995749 ], [ 419326.552285636309534, 7625866.949146402068436 ], [ 419319.245275496738032, 7625908.108142807148397 ], [ 419309.462378214928322, 7625950.057548142969608 ], [ 419303.546923035231885, 7625971.279191194102168 ], [ 419296.897750712698326, 7625992.630787771195173 ], [ 419285.459758868382778, 7626024.848975712433457 ], [ 419272.351280456176028, 7626056.748566448688507 ], [ 419262.989355676050764, 7626077.165822122246027 ], [ 419254.103931857622229, 7626095.133098918013275 ] ] ] } },
{ "type": "Feature", "properties": { "fid": 330.0, "COMPR_M": 1373.59, "CLASSE": "06 - Acima do limite", "CD_FAZ": "403206", "TALHOES": "1, 2", "FAZ_tAL": "403206001, 403206002", "ID_LINHA": 194346 }, "geometry": { "type": "MultiLineString", "coordinates": [ [ [ 418918.876811148307752, 7624867.628091118298471 ], [ 418957.212300773710012, 7624898.704187477007508 ], [ 418994.161226811120287, 7624930.325254948809743 ], [ 419026.506775746005587, 7624960.082038360647857 ], [ 419053.033175489515997, 7624986.427064255811274 ], [ 419079.129903587861918, 7625014.475024968385696 ], [ 419104.010963120614178, 7625043.466850660741329 ], [ 419127.671719010453671, 7625073.358646946027875 ], [ 419155.521109626512043, 7625111.933373085223138 ], [ 419181.43127097049728, 7625151.795833323150873 ], [ 419200.740557908138726, 7625184.576927216723561 ], [ 419218.763648467080202, 7625218.123975172638893 ], [ 419235.471843719424214, 7625252.416078187525272 ], [ 419250.830739347438794, 7625287.43647182174027 ], [ 419267.873640336794779, 7625331.593456557020545 ], [ 419279.762769232387654, 7625366.876182205975056 ], [ 419292.579443145543337, 7625410.76360853202641 ], [ 419303.300877492874861, 7625454.293941524811089 ], [ 419312.119519172527362, 7625497.363088704645634 ], [ 419320.459763783204835, 7625548.319206312298775 ], [ 419326.665640067949425, 7625598.455163957551122 ], [ 419331.078475584101398, 7625649.435209209099412 ], [ 419333.230982758454047, 7625693.744124168530107 ], [ 419333.635820688912645, 7625739.681047647260129 ], [ 419331.907113099470735, 7625787.22279851231724 ], [ 419328.694879227259662, 7625826.38231341727078 ], [ 419323.586094393860549, 7625866.499649664387107 ], [ 419316.305960638448596, 7625907.507452332414687 ], [ 419306.560993935447186, 7625949.294370517134666 ], [ 419300.669297431653831, 7625970.430793385952711 ], [ 419294.047425868280698, 7625991.694735256955028 ], [ 419282.657637064810842, 7626023.777192819863558 ], [ 419269.604982709512115, 7626055.540916280820966 ], [ 419260.281711510499008, 7626075.873858464881778 ], [ 419250.532813029363751, 7626095.547180708497763 ] ] ] } },
{ "type": "Feature", "properties": { "fid": 331.0, "COMPR_M": 1373.47, "CLASSE": "06 - Acima do limite", "CD_FAZ": "403206", "TALHOES": "1, 2", "FAZ_tAL": "403206001, 403206002", "ID_LINHA": 194347 }, "geometry": { "type": "MultiLineString", "coordinates": [ [ [ 418915.456055176444352, 7624868.738009905442595 ], [ 418955.29696293908637, 7624901.013196342624724 ], [ 418992.171198518713936, 7624932.570224272087216 ], [ 419024.43227944051614, 7624962.249210120178759 ], [ 419050.87860526482109, 7624988.514660370536149 ], [ 419076.892784543684684, 7625016.47390584461391 ], [ 419101.695928562316112, 7625045.374948197975755 ], [ 419125.28315524145728, 7625075.173855131492019 ], [ 419153.046458868659101, 7625113.629344487562776 ], [ 419178.876672600803431, 7625153.368805882520974 ], [ 419198.126255046576262, 7625186.048537842929363 ], [ 419216.093345510715153, 7625219.491345899179578 ], [ 419232.749228241445962, 7625253.676074402406812 ], [ 419248.059530953411013, 7625288.585659619420767 ], [ 419265.049245325033553, 7625332.60489135235548 ], [ 419276.902477688796353, 7625367.78112415317446 ], [ 419289.68199258093955, 7625411.541389950551093 ], [ 419300.373924591345713, 7625454.952035266906023 ], [ 419309.169712945935316, 7625497.909680152311921 ], [ 419317.489907776296604, 7625548.743529845029116 ], [ 419323.682150926033501, 7625598.769597945734859 ], [ 419328.085142835683655, 7625649.635377524420619 ], [ 419330.232275182264857, 7625693.832975728437304 ], [ 419330.636033501010388, 7625739.642839007079601 ], [ 419328.91260689048795, 7625787.040681786835194 ], [ 419325.710889895795844, 7625826.072329813614488 ], [ 419320.619903147802688, 7625866.050152922049165 ], [ 419313.366645777830854, 7625906.906761868856847 ], [ 419303.659609659342095, 7625948.531192892231047 ], [ 419297.79167184047401, 7625969.582395570352674 ], [ 419291.197101022582501, 7625990.758682759478688 ], [ 419279.855515261937398, 7626022.705409937538207 ], [ 419271.343834921368398, 7626043.909263361245394 ], [ 419262.266119114821777, 7626064.55554686486721 ], [ 419246.929877385788132, 7626095.964951749891043 ] ] ] } },
{ "type": "Feature", "properties": { "fid": 332.0, "COMPR_M": 1373.36, "CLASSE": "06 - Acima do limite", "CD_FAZ": "403206", "TALHOES": "1, 2", "FAZ_tAL": "403206001, 403206002", "ID_LINHA": 194348 }, "geometry": { "type": "MultiLineString", "coordinates": [ [ [ 418912.032330648507923, 7624869.848891885951161 ], [ 418953.381625092530157, 7624903.322205218486488 ], [ 418990.181170217925683, 7624934.815193600952625 ], [ 419022.357783130486496, 7624964.416381885297596 ], [ 419048.724035057937726, 7624990.602256491780281 ], [ 419074.655665495665744, 7625018.472786713391542 ], [ 419099.380894003086723, 7625047.283045742660761 ], [ 419122.894591458782088, 7625076.989063315093517 ], [ 419150.571808112668805, 7625115.325315889902413 ], [ 419176.322074233205058, 7625154.941778443753719 ], [ 419195.511952197295614, 7625187.520148471929133 ], [ 419213.423042557667941, 7625220.858716633170843 ], [ 419230.026612750953063, 7625254.936070617288351 ], [ 419245.288322552107275, 7625289.734847409650683 ], [ 419262.224850305472501, 7625333.61632614210248 ], [ 419274.042186148290057, 7625368.686066091060638 ], [ 419286.784542019362561, 7625412.31917137093842 ], [ 419297.446971699944697, 7625455.61012900993228 ], [ 419306.219906736630946, 7625498.456271591596305 ], [ 419314.520051766070537, 7625549.167853379622102 ], [ 419320.698661789763719, 7625599.084031941369176 ], [ 419325.091810086276382, 7625649.835545845329762 ], [ 419327.233567614981439, 7625693.921827293932438 ], [ 419327.636246303736698, 7625739.604630379006267 ], [ 419325.918100695183966, 7625786.858565056696534 ], [ 419322.7269005717244, 7625825.762346211820841 ], [ 419317.653711900522467, 7625865.600656196475029 ], [ 419310.42733090755064, 7625906.30607139877975 ], [ 419300.758225377416238, 7625947.768015258014202 ], [ 419294.91404625098221, 7625968.733997753821313 ], [ 419288.346776175894774, 7625989.822630246169865 ], [ 419277.053393448062707, 7626021.633627044036984 ], [ 419268.578384937252849, 7626042.746125163510442 ], [ 419259.539106395968702, 7626063.304971449077129 ], [ 419243.326941740699112, 7626096.382722795940936 ] ] ] } },
{ "type": "Feature", "properties": { "fid": 333.0, "COMPR_M": 1373.24, "CLASSE": "06 - Acima do limite", "CD_FAZ": "403206", "TALHOES": "1, 2", "FAZ_tAL": "403206001, 403206002", "ID_LINHA": 194349 }, "geometry": { "type": "MultiLineString", "coordinates": [ [ [ 418908.608606111025438, 7624870.959773864597082 ], [ 418951.46628725330811, 7624905.631214079447091 ], [ 418988.191141927964054, 7624937.060162922367454 ], [ 419020.283286825986579, 7624966.583553657867014 ], [ 419046.56946484267246, 7624992.689852608367801 ], [ 419072.418546453758609, 7625020.471667578443885 ], [ 419097.06585944496328, 7625049.191143274307251 ], [ 419120.50602768472163, 7625078.804271503351629 ], [ 419148.097157357202377, 7625117.021287287585437 ], [ 419173.767475866887253, 7625156.514751004055142 ], [ 419192.897649337828625, 7625188.991759105585515 ], [ 419210.752739607123658, 7625222.226087375544012 ], [ 419227.303997266513761, 7625256.196066825650632 ], [ 419242.517114158719778, 7625290.884035205468535 ], [ 419259.40045528911287, 7625334.62776093930006 ], [ 419271.181894613371696, 7625369.591008048504591 ], [ 419283.887091460113879, 7625413.096952782012522 ], [ 419294.520018810231704, 7625456.268222745507956 ], [ 419303.270100513531361, 7625499.002863043919206 ], [ 419311.550195766438264, 7625549.592176920734346 ], [ 419317.715172649361193, 7625599.398465923964977 ], [ 419322.098477341933176, 7625650.035714155063033 ], [ 419324.234860041586217, 7625694.010678855702281 ], [ 419324.636459108325653, 7625739.566421745344996 ], [ 419322.923594501568004, 7625786.67644832469523 ], [ 419319.742911256384104, 7625825.452362608164549 ], [ 419314.687520658830181, 7625865.15115946251899 ], [ 419307.488016048155259, 7625905.705380938947201 ], [ 419297.856841098808218, 7625947.004837639629841 ], [ 419292.036420651420485, 7625967.885599948465824 ], [ 419285.496451328741387, 7625988.886577740311623 ], [ 419274.25127164676087, 7626020.561844155192375 ], [ 419265.812934960762504, 7626041.582986976951361 ], [ 419256.812093676184304, 7626062.054396037012339 ], [ 419239.724006105330773, 7626096.800493845716119 ] ] ] } },
{ "type": "Feature", "properties": { "fid": 334.0, "COMPR_M": 1373.13, "CLASSE": "06 - Acima do limite", "CD_FAZ": "403206", "TALHOES": "1, 2", "FAZ_tAL": "403206001, 403206002", "ID_LINHA": 194350 }, "geometry": { "type": "MultiLineString", "coordinates": [ [ [ 418905.184881583205424, 7624872.070655837655067 ], [ 418943.67392675136216, 7624903.086331406608224 ], [ 418979.942453315190505, 7624933.794336905702949 ], [ 419011.724178018630482, 7624962.596947786398232 ], [ 419037.838557402079459, 7624988.05848353356123 ], [ 419063.851640674751252, 7625015.457447532564402 ], [ 419088.721026020473801, 7625043.856935229152441 ], [ 419112.38890882092528, 7625073.157947720959783 ], [ 419140.273760337207932, 7625110.994011824019253 ], [ 419166.249494447663892, 7625150.1145497597754 ], [ 419185.633907436975278, 7625182.297801524400711 ], [ 419208.08243664749898, 7625223.593458100222051 ], [ 419224.581381789292209, 7625257.456063043326139 ], [ 419239.745905757998116, 7625292.033223006874323 ], [ 419256.576060274790507, 7625335.639195721596479 ], [ 419268.321603079559281, 7625370.495949984528124 ], [ 419280.98964090377558, 7625413.874734204262495 ], [ 419291.593065908877179, 7625456.926316486671567 ], [ 419300.32029429776594, 7625499.549454484134912 ], [ 419308.580339753709268, 7625550.016500454396009 ], [ 419314.731683505466208, 7625599.712899915874004 ], [ 419319.105144592700526, 7625650.235882472246885 ], [ 419321.236152475117706, 7625694.099530419334769 ], [ 419321.636671913496684, 7625739.528213113546371 ], [ 419319.92908830055967, 7625786.494331589899957 ], [ 419316.75892192858737, 7625825.142379006370902 ], [ 419311.721329414169304, 7625864.70166272111237 ], [ 419304.54870118648978, 7625905.104690467938781 ], [ 419294.955456813739147, 7625946.241660008206964 ], [ 419289.158795053663198, 7625967.037202131003141 ], [ 419282.646126491716132, 7625987.9505252270028 ], [ 419271.449149844236672, 7626019.490061273798347 ], [ 419263.0474849807797, 7626040.41984879039228 ], [ 419254.085080967925023, 7626060.803820623084903 ], [ 419236.121070456691086, 7626097.218264886178076 ] ] ] } },
{ "type": "Feature", "properties": { "fid": 335.0, "COMPR_M": 1373.01, "CLASSE": "06 - Acima do limite", "CD_FAZ": "403206", "TALHOES": "1, 2", "FAZ_tAL": "403206001, 403206002", "ID_LINHA": 194351 }, "geometry": { "type": "MultiLineString", "coordinates": [ [ [ 418901.759409588470589, 7624873.18210481107235 ], [ 418941.768001200282015, 7624905.403113983571529 ], [ 418977.966978504671715, 7624936.052120687440038 ], [ 419009.668070889078081, 7624964.781570538878441 ], [ 419035.704864459577948, 7624990.167409712448716 ], [ 419061.634716495755129, 7625017.478703351691365 ], [ 419086.425049350480549, 7625045.787922928109765 ], [ 419110.018329274724238, 7625074.996580645442009 ], [ 419137.815825925557874, 7625112.714120564982295 ], [ 419163.710407814127393, 7625151.712440336123109 ], [ 419183.034181661379989, 7625183.795013126917183 ], [ 419205.412133700912818, 7625224.960828831419349 ], [ 419221.858766299614217, 7625258.716059258207679 ], [ 419236.974697363213636, 7625293.18241080082953 ], [ 419253.751665262971073, 7625336.650630520656705 ], [ 419265.461311540799215, 7625371.400891935452819 ], [ 419278.092190337367356, 7625414.652515618130565 ], [ 419288.666113020386547, 7625457.584410233423114 ], [ 419298.903557763376739, 7625508.540859969332814 ], [ 419306.771039506595116, 7625558.756632772274315 ], [ 419312.592024480341934, 7625608.263788760639727 ], [ 419316.658562512544449, 7625659.061506662517786 ], [ 419318.466761058545671, 7625703.125433168374002 ], [ 419318.477437164634466, 7625748.734006125479937 ], [ 419316.305358268262353, 7625795.855293257161975 ], [ 419312.704392428975552, 7625834.605019179172814 ], [ 419307.178817607171368, 7625874.240688879042864 ], [ 419299.45784318872029, 7625914.685131879523396 ], [ 419294.684793302440085, 7625935.174879213795066 ], [ 419289.254399105964694, 7625955.81749766971916 ], [ 419283.129811122373212, 7625976.589016309008002 ], [ 419276.27468916476937, 7625997.461229375563562 ], [ 419264.549825808731839, 7626028.872482823207974 ], [ 419251.358068250177894, 7626059.553245209157467 ], [ 419242.036708616069518, 7626079.090769861824811 ], [ 419232.518134819110855, 7626097.636035931296647 ] ] ] } },
{ "type": "Feature", "properties": { "fid": 336.0, "COMPR_M": 1372.92, "CLASSE": "06 - Acima do limite", "CD_FAZ": "403206", "TALHOES": "1, 2", "FAZ_tAL": "403206001, 403206002", "ID_LINHA": 194352 }, "geometry": { "type": "MultiLineString", "coordinates": [ [ [ 418898.33319591532927, 7624874.293794430792332 ], [ 418939.862075648910832, 7624907.719896556809545 ], [ 418975.99150370748248, 7624938.309904469177127 ], [ 419007.61196375527652, 7624966.96619329135865 ], [ 419033.57117153116269, 7624992.276335895061493 ], [ 419059.417792320949957, 7625019.499959162436426 ], [ 419084.129072680603713, 7625047.718910627998412 ], [ 419107.647749735391699, 7625076.8352135643363 ], [ 419135.357891514373478, 7625114.434229299426079 ], [ 419161.171321164991241, 7625153.310330923646688 ], [ 419180.43445589026669, 7625185.292224728502333 ], [ 419202.741830746468622, 7625226.328199570998549 ], [ 419219.136150816630106, 7625259.976055460982025 ], [ 419234.203488961909898, 7625294.331598587334156 ], [ 419250.9272702546441, 7625337.662065302953124 ], [ 419262.601020005706232, 7625372.305833881720901 ], [ 419275.194739785045385, 7625415.430297043174505 ], [ 419285.739160130848177, 7625458.242503965273499 ], [ 419295.949889603070915, 7625509.066178129985929 ], [ 419303.798511216649786, 7625559.161808449774981 ], [ 419309.606731186562683, 7625608.560612739995122 ], [ 419313.663894818222616, 7625659.240615023300052 ], [ 419315.467434729041997, 7625703.19017000310123 ], [ 419315.478122612810694, 7625748.66839614789933 ], [ 419313.31288863311056, 7625795.642289139330387 ], [ 419309.724103415384889, 7625834.261256664991379 ], [ 419304.218419906566851, 7625873.754480736330152 ], [ 419296.526894329988863, 7625914.04485338460654 ], [ 419286.364467500243336, 7625955.012026055715978 ], [ 419280.26537718065083, 7625975.697082973085344 ], [ 419273.439421928836964, 7625996.480502595193684 ], [ 419261.76566913939314, 7626027.754861051216722 ], [ 419248.631055522244424, 7626058.302669797092676 ], [ 419239.348473377875052, 7626077.75890314951539 ], [ 419228.885986531618983, 7626098.057194266468287 ] ] ] } },
{ "type": "Feature", "properties": { "fid": 337.0, "COMPR_M": 1372.82, "CLASSE": "06 - Acima do limite", "CD_FAZ": "403206", "TALHOES": "1, 2", "FAZ_tAL": "403206001, 403206002", "ID_LINHA": 194353 }, "geometry": { "type": "MultiLineString", "coordinates": [ [ [ 418894.906982667569537, 7624875.405483910813928 ], [ 418937.956150096666533, 7624910.036679122596979 ], [ 418974.016028902493417, 7624940.56768824160099 ], [ 419005.555856617284007, 7624969.150816041976213 ], [ 419031.437478597275913, 7624994.385262075811625 ], [ 419057.200868140964303, 7625021.521214986220002 ], [ 419081.833096008980647, 7625049.64989831764251 ], [ 419105.277170190471224, 7625078.673846494406462 ], [ 419132.899957088462543, 7625116.15433803293854 ], [ 419158.632234524702653, 7625154.908221501857042 ], [ 419177.834730116301216, 7625186.789436336606741 ], [ 419200.071527793887071, 7625227.69557030685246 ], [ 419216.413535340921953, 7625261.236051677726209 ], [ 419231.432280567125417, 7625295.48078638035804 ], [ 419248.102875237585977, 7625338.673500096425414 ], [ 419259.740728463162668, 7625373.210775821469724 ], [ 419272.297289223934058, 7625416.208078457973897 ], [ 419282.812207231705543, 7625458.900597713887691 ], [ 419292.996221436420456, 7625509.591496288776398 ], [ 419300.825982932234183, 7625559.566984122619033 ], [ 419306.621437883761246, 7625608.857436725869775 ], [ 419310.669227126752958, 7625659.419723375700414 ], [ 419312.468108393019065, 7625703.25490683875978 ], [ 419312.478808052605018, 7625748.602786170318723 ], [ 419310.320419000461698, 7625795.429285030812025 ], [ 419306.74381438922137, 7625833.917494149878621 ], [ 419301.258022204914596, 7625873.268272601999342 ], [ 419293.595945463108364, 7625913.404574882239103 ], [ 419283.474535891087726, 7625954.20655444636941 ], [ 419277.400943244691007, 7625974.805149628780782 ], [ 419270.604154684988316, 7625995.499775815755129 ], [ 419258.981512464873958, 7626026.637239286676049 ], [ 419250.380898447532672, 7626047.087365129962564 ], [ 419241.328202301054262, 7626066.830112877301872 ], [ 419225.248885080567561, 7626098.478926942683756 ] ] ] } },
{ "type": "Feature", "properties": { "fid": 338.0, "COMPR_M": 1372.73, "CLASSE": "06 - Acima do limite", "CD_FAZ": "403206", "TALHOES": "1, 2", "FAZ_tAL": "403206001, 403206002", "ID_LINHA": 194354 }, "geometry": { "type": "MultiLineString", "coordinates": [ [ [ 418891.480300394177902, 7624876.517325576394796 ], [ 418936.050224542093929, 7624912.35346170142293 ], [ 418972.040554097504355, 7624942.825472025200725 ], [ 419003.499749488197267, 7624971.33543880097568 ], [ 419029.303785657742992, 7624996.494188260287046 ], [ 419054.983943964412902, 7625023.54247079603374 ], [ 419079.537119334854651, 7625051.580886021256447 ], [ 419102.906590640661307, 7625080.512479417026043 ], [ 419130.442022684786934, 7625117.874446764588356 ], [ 419156.093147882085759, 7625156.506112074479461 ], [ 419175.235004347516224, 7625188.286647943779826 ], [ 419197.40122483286541, 7625229.062941038049757 ], [ 419213.690919852000661, 7625262.496047893539071 ], [ 419228.661072166345548, 7625296.629974177107215 ], [ 419245.278480223205406, 7625339.684934884309769 ], [ 419256.880436924169771, 7625374.115717765875161 ], [ 419269.399838655954227, 7625416.98585987277329 ], [ 419279.885254342749249, 7625459.558691448532045 ], [ 419290.042553262086585, 7625510.116814438253641 ], [ 419297.85345464211423, 7625559.972159795463085 ], [ 419303.636144591029733, 7625609.154260708019137 ], [ 419307.674559428240173, 7625659.598831741139293 ], [ 419309.468782062351238, 7625703.31964367441833 ], [ 419309.479493503109552, 7625748.537176201120019 ], [ 419307.327949361293577, 7625795.216280922293663 ], [ 419303.763525374815799, 7625833.573731638491154 ], [ 419298.297624502272811, 7625872.782064462080598 ], [ 419290.66499660781119, 7625912.764296384528279 ], [ 419280.584604279254563, 7625953.401082842610776 ], [ 419274.536509312863927, 7625973.913216298446059 ], [ 419267.768887454993092, 7625994.519049035385251 ], [ 419256.197355796408374, 7626025.519617514684796 ], [ 419247.634600693359971, 7626045.879714960232377 ], [ 419238.620558130554855, 7626065.53814921528101 ], [ 419221.611783624568488, 7626098.900659609586 ] ] ] } },
{ "type": "Feature", "properties": { "fid": 339.0, "COMPR_M": 1372.64, "CLASSE": "06 - Acima do limite", "CD_FAZ": "403206", "TALHOES": "1, 2", "FAZ_tAL": "403206001, 403206002", "ID_LINHA": 194355 }, "geometry": { "type": "MultiLineString", "coordinates": [ [ [ 418888.052585182304028, 7624877.629502392373979 ], [ 418934.144298987346701, 7624914.670244267210364 ], [ 418970.065079296531621, 7624945.083255803212523 ], [ 419001.443642345780972, 7624973.520061559975147 ], [ 419027.170092721877154, 7624998.603114442899823 ], [ 419052.767019784019794, 7625025.563726618885994 ], [ 419077.241142660321202, 7625053.511873713694513 ], [ 419100.536011096439324, 7625082.35111235268414 ], [ 419127.984088270284701, 7625119.594555494375527 ], [ 419153.554061245697085, 7625158.104002653621137 ], [ 419172.635278573376127, 7625189.783859545364976 ], [ 419194.730921886279248, 7625230.430311774834991 ], [ 419210.968304370413534, 7625263.75604410842061 ], [ 419225.889863772143144, 7625297.779161976650357 ], [ 419242.454085212084465, 7625340.696369681507349 ], [ 419254.020145388320088, 7625375.020659715868533 ], [ 419266.502388099441305, 7625417.763641292229295 ], [ 419276.958301442791708, 7625460.216785194352269 ], [ 419287.08888509310782, 7625510.642132598906755 ], [ 419294.88092635688372, 7625560.377335461787879 ], [ 419300.650851293932647, 7625609.451084687374532 ], [ 419304.679891733278055, 7625659.777940089814365 ], [ 419306.469455735641532, 7625703.384380508214235 ], [ 419306.480178943835199, 7625748.471566217951477 ], [ 419304.335479726665653, 7625795.003276811912656 ], [ 419300.783236349234357, 7625833.229969125241041 ], [ 419295.337226800562348, 7625872.295856327749789 ], [ 419287.734047746285796, 7625912.124017890542746 ], [ 419277.694672666024417, 7625952.59561123047024 ], [ 419271.672075376845896, 7625973.021282956935465 ], [ 419264.933620217081625, 7625993.538322255946696 ], [ 419253.41319911822211, 7626024.401995746418834 ], [ 419244.888302940526046, 7626044.672064793296158 ], [ 419235.912913953943644, 7626064.246185563504696 ], [ 419217.974682171479799, 7626099.322392284870148 ] ] ] } },
{ "type": "Feature", "properties": { "fid": 340.0, "COMPR_M": 1372.55, "CLASSE": "06 - Acima do limite", "CD_FAZ": "403206", "TALHOES": "1, 2", "FAZ_tAL": "403206001, 403206002", "ID_LINHA": 194356 }, "geometry": { "type": "MultiLineString", "coordinates": [ [ [ 418884.624870052735787, 7624878.741679183207452 ], [ 418926.485839965869673, 7624912.27327776234597 ], [ 418961.969240578531753, 7624942.01970786973834 ], [ 418993.046947101713158, 7624969.786226598545909 ], [ 419025.03639979037689, 7625000.71204062923789 ], [ 419050.550095607060939, 7625027.584982433356345 ], [ 419074.945165992539842, 7625055.442861407995224 ], [ 419098.165431549365167, 7625084.189745265990496 ], [ 419125.526153854269069, 7625121.314664232544601 ], [ 419151.014974597725086, 7625159.701893227174878 ], [ 419170.035552793880925, 7625191.281071146950126 ], [ 419192.060618929739576, 7625231.797682507894933 ], [ 419208.24568888428621, 7625265.016040312126279 ], [ 419223.118655372003559, 7625298.928349761292338 ], [ 419239.629690192406997, 7625341.707804473116994 ], [ 419251.159853845543694, 7625375.925601658411324 ], [ 419263.604937534721103, 7625418.541422713547945 ], [ 419274.031348555115983, 7625460.87487893179059 ], [ 419284.135216928261798, 7625511.16745075955987 ], [ 419291.908398077008314, 7625560.782511143013835 ], [ 419297.665557996428106, 7625609.747908665798604 ], [ 419301.685224043030757, 7625659.957048451527953 ], [ 419303.470129403169267, 7625703.449117342941463 ], [ 419303.480864385375753, 7625748.405956243164837 ], [ 419301.343010084121488, 7625794.790272699669003 ], [ 419297.802947334130295, 7625832.886206615716219 ], [ 419292.376829097280279, 7625871.809648186899722 ], [ 419284.803098876029253, 7625911.483739400282502 ], [ 419274.804741059895605, 7625951.790139624848962 ], [ 419268.807641435880214, 7625972.129349619150162 ], [ 419262.098352972010616, 7625992.557595473714173 ], [ 419250.629042446729727, 7626023.284373983740807 ], [ 419242.142005185305607, 7626043.46441462635994 ], [ 419233.205269777914509, 7626062.954221904277802 ], [ 419214.337580723920837, 7626099.744124948978424 ] ] ] } },
{ "type": "Feature", "properties": { "fid": 341.0, "COMPR_M": 1372.47, "CLASSE": "06 - Acima do limite", "CD_FAZ": "403206", "TALHOES": "1, 2", "FAZ_tAL": "403206001, 403206002", "ID_LINHA": 194357 }, "geometry": { "type": "MultiLineString", "coordinates": [ [ [ 418881.197112324589398, 7624879.853869797661901 ], [ 418924.588432153395843, 7624914.597039952874184 ], [ 418960.007496417092625, 7624944.28942971304059 ], [ 418991.008498866925947, 7624971.987332587130368 ], [ 419022.902706853288691, 7625002.820966814644635 ], [ 419048.333171435573604, 7625029.606238245032728 ], [ 419072.649189315037802, 7625057.373849103227258 ], [ 419095.794852007122245, 7625086.028378194198012 ], [ 419123.068219435401261, 7625123.034772967919707 ], [ 419148.475887956563383, 7625161.299783807247877 ], [ 419167.43582702067215, 7625192.778282755985856 ], [ 419189.390315975877456, 7625233.16505323536694 ], [ 419205.523073407472111, 7625266.276036525145173 ], [ 419220.347446976462379, 7625300.077537560835481 ], [ 419236.805295176629443, 7625342.719239261001348 ], [ 419248.299562305794097, 7625376.830543605610728 ], [ 419260.707486983621493, 7625419.319204121828079 ], [ 419271.104395657137502, 7625461.532972668297589 ], [ 419281.181548757769633, 7625511.692768912762403 ], [ 419288.935869791661389, 7625561.187686813995242 ], [ 419294.680264703696594, 7625610.04473264887929 ], [ 419298.690556345100049, 7625660.13615680206567 ], [ 419300.470803064061329, 7625703.513854175806046 ], [ 419300.481549837626517, 7625748.340346267446876 ], [ 419298.35054045607103, 7625794.577268589287996 ], [ 419295.870996661833487, 7625822.972493794746697 ], [ 419293.65703973302152, 7625842.163443511351943 ], [ 419287.741324094065931, 7625881.138046864420176 ], [ 419279.62001754908124, 7625920.82616663351655 ], [ 419274.645766854984686, 7625940.899416612461209 ], [ 419269.015415892936289, 7625961.09841744415462 ], [ 419262.69385258317925, 7625981.398157678544521 ], [ 419255.644180609786417, 7626001.776684852316976 ], [ 419243.68933511065552, 7626032.277881461195648 ], [ 419230.497625614865683, 7626061.662258252501488 ], [ 419221.233091059490107, 7626080.363698557950556 ], [ 419210.667611651937477, 7626100.169668723829091 ] ] ] } },
{ "type": "Feature", "properties": { "fid": 342.0, "COMPR_M": 1372.4, "CLASSE": "06 - Acima do limite", "CD_FAZ": "403206", "TALHOES": "1, 2", "FAZ_tAL": "403206001, 403206002", "ID_LINHA": 194358 }, "geometry": { "type": "MultiLineString", "coordinates": [ [ [ 418877.76875083160121, 7624880.966256310231984 ], [ 418922.691024349478539, 7624916.92080214433372 ], [ 418958.04575225955341, 7624946.559151554480195 ], [ 418988.970050628238823, 7624974.188438577577472 ], [ 419020.769013919169083, 7625004.929893001914024 ], [ 419046.116247257567011, 7625031.627494061365724 ], [ 419070.353212644928135, 7625059.304836798459291 ], [ 419093.424272459407803, 7625087.867011120542884 ], [ 419120.610285026836209, 7625124.754881704226136 ], [ 419145.93680131167639, 7625162.897674392908812 ], [ 419164.836101252119988, 7625194.275494350120425 ], [ 419186.720013023237698, 7625234.532423971220851 ], [ 419202.800457916746382, 7625267.536032740026712 ], [ 419217.576238575624302, 7625301.226725351065397 ], [ 419233.980900160269812, 7625343.730674054473639 ], [ 419245.439270771690644, 7625377.73548554815352 ], [ 419257.810036412382033, 7625420.096985543146729 ], [ 419268.177442769228946, 7625462.191066416911781 ], [ 419278.22788059071172, 7625512.21808707062155 ], [ 419285.963341501774266, 7625561.59286248870194 ], [ 419291.694971412420273, 7625610.341556631959975 ], [ 419295.695888642745558, 7625660.315265169367194 ], [ 419297.471476741542574, 7625703.578591011464596 ], [ 419297.482235280796885, 7625748.274736288934946 ], [ 419295.358070810267236, 7625794.364264473319054 ], [ 419292.887007337529212, 7625822.662510195747018 ], [ 419290.68093172024237, 7625841.785171018913388 ], [ 419284.787316409812775, 7625880.614399023354053 ], [ 419276.698157378938049, 7625920.145601995289326 ], [ 419266.137790307344403, 7625960.250019630417228 ], [ 419259.843527739169076, 7625980.462105171754956 ], [ 419252.824977036216296, 7626000.750682942569256 ], [ 419240.923885134747252, 7626031.114743281155825 ], [ 419232.268979220883921, 7626050.799217315390706 ], [ 419223.219061955809593, 7626069.767702827230096 ], [ 419206.996160208364017, 7626100.595384370535612 ] ] ] } },
{ "type": "Feature", "properties": { "fid": 343.0, "COMPR_M": 1372.33, "CLASSE": "06 - Acima do limite", "CD_FAZ": "403206", "TALHOES": "1, 2", "FAZ_tAL": "403206001, 403206002", "ID_LINHA": 194359 }, "geometry": { "type": "MultiLineString", "coordinates": [ [ [ 418874.340389357996173, 7624882.078642822802067 ], [ 418920.793616534443572, 7624919.244564328342676 ], [ 418956.084008095436729, 7624948.8288733959198 ], [ 418986.931602388271131, 7624976.389544574543834 ], [ 419018.635320989997126, 7625007.038819188252091 ], [ 419043.899323074496351, 7625033.648749878630042 ], [ 419068.05723597377073, 7625061.23582449555397 ], [ 419091.053692919260357, 7625089.705644043162465 ], [ 419118.152350608143024, 7625126.47499043494463 ], [ 419143.397714675753377, 7625164.495564972981811 ], [ 419162.236375478736591, 7625195.77270595356822 ], [ 419184.049710064078681, 7625235.899794702418149 ], [ 419200.077842432714533, 7625268.796028953045607 ], [ 419214.805030180024914, 7625302.37591315060854 ], [ 419231.156505149789155, 7625344.742108846083283 ], [ 419242.578979239333421, 7625378.640427494421601 ], [ 419254.912585854704957, 7625420.874766955152154 ], [ 419265.250489871832542, 7625462.849160151556134 ], [ 419275.274212428485043, 7625512.743405221030116 ], [ 419282.99081321619451, 7625561.998038155958056 ], [ 419288.709678111597896, 7625610.638380608521402 ], [ 419292.701220953837037, 7625660.494373515248299 ], [ 419294.472150401270483, 7625703.643327844329178 ], [ 419294.482920725364238, 7625748.209126319736242 ], [ 419292.365601177501958, 7625794.151260368525982 ], [ 419289.903018008626532, 7625822.352526594884694 ], [ 419287.70482371019898, 7625841.406898517161608 ], [ 419281.833308728877455, 7625880.090751169249415 ], [ 419273.776297204254661, 7625919.465037344023585 ], [ 419263.260164713661652, 7625959.401621812954545 ], [ 419256.993202893412672, 7625979.526052661240101 ], [ 419250.005773460492492, 7625999.724681025370955 ], [ 419238.158435146091506, 7626029.951605089008808 ], [ 419229.541966500808485, 7626049.54864189401269 ], [ 419220.530826722970232, 7626068.435836100950837 ], [ 419203.324708775850013, 7626101.021100034937263 ] ] ] } },
{ "type": "Feature", "properties": { "fid": 344.0, "COMPR_M": 1372.25, "CLASSE": "06 - Acima do limite", "CD_FAZ": "403206", "TALHOES": "1, 2", "FAZ_tAL": "403206001, 403206002", "ID_LINHA": 194360 }, "geometry": { "type": "MultiLineString", "coordinates": [ [ [ 418870.912027884158306, 7624883.191029325127602 ], [ 418913.244462321104947, 7624916.969867993146181 ], [ 418948.107612791936845, 7624945.930808203294873 ], [ 418978.657018169644289, 7624972.860685581341386 ], [ 419010.140416804584675, 7625002.77446436882019 ], [ 419035.482604311255272, 7625028.938387235626578 ], [ 419059.849746714928187, 7625056.208432730287313 ], [ 419083.061546552460641, 7625084.369562095031142 ], [ 419110.438992269802839, 7625120.763115234673023 ], [ 419131.016615407483187, 7625150.788383180275559 ], [ 419155.056266628031153, 7625189.406112879514694 ], [ 419177.186863471230026, 7625229.1786132408306 ], [ 419193.481479437032249, 7625261.794338547624648 ], [ 419208.490753163583577, 7625295.101394098252058 ], [ 419225.258534804161172, 7625337.298827800899744 ], [ 419239.718687701330055, 7625379.545369444414973 ], [ 419252.015135299996473, 7625421.652548380196095 ], [ 419262.323536974086892, 7625463.5072538908571 ], [ 419272.320544259739108, 7625513.268723384477198 ], [ 419280.018284924910404, 7625562.403213826939464 ], [ 419286.509123436873779, 7625619.074916034005582 ], [ 419290.184148325468414, 7625669.166827050037682 ], [ 419291.626487574714702, 7625712.48419285658747 ], [ 419291.243713294679765, 7625757.195340307429433 ], [ 419288.661039777449332, 7625803.255307105369866 ], [ 419284.728715701494366, 7625841.028626015409827 ], [ 419278.879301041190047, 7625879.567103322595358 ], [ 419270.854437036148738, 7625918.784472695551813 ], [ 419260.382539109850768, 7625958.553223991766572 ], [ 419254.142878047190607, 7625978.590000158175826 ], [ 419247.186569879879244, 7625998.698679124936461 ], [ 419235.392985174432397, 7626028.788466896861792 ], [ 419226.814953780442011, 7626048.298066481016576 ], [ 419217.842591480992269, 7626067.103969376534224 ], [ 419199.653257334255613, 7626101.446815682575107 ] ] ] } },
{ "type": "Feature", "properties": { "fid": 345.0, "COMPR_M": 1372.19, "CLASSE": "06 - Acima do limite", "CD_FAZ": "403206", "TALHOES": "1, 2", "FAZ_tAL": "403206001, 403206002", "ID_LINHA": 194361 }, "geometry": { "type": "MultiLineString", "coordinates": [ [ [ 418867.483838642307092, 7624884.303359949029982 ], [ 418911.354671405162662, 7624919.299827549606562 ], [ 418946.158760987105779, 7624948.211607152596116 ], [ 418976.6354837557883, 7624975.077332548797131 ], [ 419008.027065387461334, 7625004.903770660981536 ], [ 419033.286170201492496, 7625030.981890790164471 ], [ 419057.573105807416141, 7625058.162180356681347 ], [ 419080.70921426534187, 7625086.231483701616526 ], [ 419107.998021837265696, 7625122.507213673554361 ], [ 419128.509265132073779, 7625152.435626258142292 ], [ 419152.471349951403681, 7625190.928749410435557 ], [ 419174.53021496348083, 7625230.572327121160924 ], [ 419190.771595180151053, 7625263.081487133167684 ], [ 419205.731310477945954, 7625296.278555089607835 ], [ 419222.444034298532642, 7625338.33748016320169 ], [ 419236.858396155876108, 7625380.45031138882041 ], [ 419249.117684737080708, 7625422.430329794064164 ], [ 419259.396584088448435, 7625464.165347630158067 ], [ 419269.366876095242333, 7625513.794041537679732 ], [ 419277.04575663903961, 7625562.808389501646161 ], [ 419283.522077693953179, 7625619.353562759235501 ], [ 419287.188263034797274, 7625669.324282249435782 ], [ 419288.626727814844344, 7625712.524175127968192 ], [ 419288.245143024716526, 7625757.101646393537521 ], [ 419285.670985581993591, 7625803.010699160397053 ], [ 419281.752607684989925, 7625840.650353517383337 ], [ 419275.925293365959078, 7625879.043455474078655 ], [ 419267.932576873863582, 7625918.103908056393266 ], [ 419257.5049135183217, 7625957.704826183617115 ], [ 419251.292553199804388, 7625977.653947648592293 ], [ 419244.367366297752596, 7625997.672677220776677 ], [ 419232.627535188687034, 7626027.625328714959323 ], [ 419224.087941073579714, 7626047.047491071745753 ], [ 419215.154356253391597, 7626065.772102663293481 ], [ 419195.970222594914958, 7626101.873874451033771 ] ] ] } },
{ "type": "Feature", "properties": { "fid": 346.0, "COMPR_M": 1372.14, "CLASSE": "06 - Acima do limite", "CD_FAZ": "403206", "TALHOES": "1, 2", "FAZ_tAL": "403206001, 403206002", "ID_LINHA": 194362 }, "geometry": { "type": "MultiLineString", "coordinates": [ [ [ 418864.055674440227449, 7624885.415682453662157 ], [ 418909.464880488812923, 7624921.629787111654878 ], [ 418944.209909176803194, 7624950.492406103760004 ], [ 418974.61394934047712, 7624977.29397951439023 ], [ 419005.913713965914212, 7625007.033076958730817 ], [ 419031.089736108551733, 7625033.02539434004575 ], [ 419055.296464896178804, 7625060.115927966311574 ], [ 419078.356881982297637, 7625088.09340531565249 ], [ 419105.557051404030062, 7625124.251312104985118 ], [ 419126.001914863940328, 7625154.082869328558445 ], [ 419149.886433286301326, 7625192.45138593018055 ], [ 419171.873566463647876, 7625231.96604098752141 ], [ 419188.061710933165159, 7625264.368635714054108 ], [ 419202.97186780127231, 7625297.455716068856418 ], [ 419219.629533796745818, 7625339.376132527366281 ], [ 419233.998104624566622, 7625381.355253337882459 ], [ 419246.220234175154474, 7625423.208111209794879 ], [ 419256.469631190528162, 7625464.823441378772259 ], [ 419266.413207924924791, 7625514.319359699264169 ], [ 419274.073228358058259, 7625563.213565176352859 ], [ 419280.535031959880143, 7625619.632209467701614 ], [ 419284.19237774371868, 7625669.48173744045198 ], [ 419285.626968048280105, 7625712.564157400280237 ], [ 419285.246572756033856, 7625757.007952485233545 ], [ 419282.680931390961632, 7625802.766091214492917 ], [ 419278.776499670464545, 7625840.272081020288169 ], [ 419272.971285683393944, 7625878.519807623699307 ], [ 419265.010716697142925, 7625917.423343408852816 ], [ 419254.627287927898578, 7625956.856428370811045 ], [ 419248.442228362546302, 7625976.717895146459341 ], [ 419241.548162722087, 7625996.646675310097635 ], [ 419229.86208520992659, 7626026.462190520018339 ], [ 419221.360928355832584, 7626045.796915659680963 ], [ 419212.466121017350815, 7626064.440235940739512 ], [ 419203.235137296724133, 7626082.420539282262325 ], [ 419192.264312896353658, 7626102.303585646674037 ] ] ] } },
{ "type": "Feature", "properties": { "fid": 347.0, "COMPR_M": 1372.09, "CLASSE": "06 - Acima do limite", "CD_FAZ": "403206", "TALHOES": "1, 2", "FAZ_tAL": "403206001, 403206002", "ID_LINHA": 194363 }, "geometry": { "type": "MultiLineString", "coordinates": [ [ [ 418860.62751048739301, 7624886.528004868887365 ], [ 418907.575089574733283, 7624923.959746677428484 ], [ 418942.261057369643822, 7624952.773205053061247 ], [ 418972.592414923128672, 7624979.510626472532749 ], [ 419003.800362547044642, 7625009.162383262068033 ], [ 419028.893302006705198, 7625035.06889789737761 ], [ 419053.019823992275633, 7625062.069675594568253 ], [ 419076.004549703327939, 7625089.955326934345067 ], [ 419103.116080974577926, 7625125.995410539209843 ], [ 419123.49456459574867, 7625155.730112405493855 ], [ 419147.301516611303668, 7625193.974022462964058 ], [ 419169.216917968995403, 7625233.359754869714379 ], [ 419185.351826677448116, 7625265.655784297734499 ], [ 419200.21242511109449, 7625298.632877055555582 ], [ 419216.815033291000873, 7625340.414784900844097 ], [ 419231.137813085108064, 7625382.260195281356573 ], [ 419243.322783616895322, 7625423.985892627388239 ], [ 419253.542678294877987, 7625465.481535119004548 ], [ 419263.459539758157916, 7625514.844677850604057 ], [ 419271.100700072012842, 7625563.618740856647491 ], [ 419277.547986213408876, 7625619.910856185480952 ], [ 419281.196492455434054, 7625669.639192632399499 ], [ 419282.627208283753134, 7625712.604139674454927 ], [ 419282.248002485954203, 7625756.914258579723537 ], [ 419279.690877204935532, 7625802.521483266726136 ], [ 419276.940924192487728, 7625830.479869024828076 ], [ 419274.541656260204036, 7625849.353614222258329 ], [ 419268.246498077642173, 7625887.626564326696098 ], [ 419259.740598685282748, 7625926.516446134075522 ], [ 419254.575219788646791, 7625946.151838354766369 ], [ 419248.756603879563045, 7625965.885816246271133 ], [ 419242.251482304534875, 7625985.69250800833106 ], [ 419235.021566365321632, 7626005.556883722543716 ], [ 419222.917920930543914, 7626035.010863471776247 ], [ 419214.251760570332408, 7626053.910476317629218 ], [ 419205.220026885624975, 7626072.141901683993638 ], [ 419188.558403205999639, 7626102.733296832069755 ] ] ] } },
{ "type": "Feature", "properties": { "fid": 348.0, "COMPR_M": 1372.03, "CLASSE": "06 - Acima do limite", "CD_FAZ": "403206", "TALHOES": "1, 2", "FAZ_tAL": "403206001, 403206002", "ID_LINHA": 194364 }, "geometry": { "type": "MultiLineString", "coordinates": [ [ [ 418857.200106383534148, 7624887.640080743469298 ], [ 418905.685298649710603, 7624926.289706237614155 ], [ 418940.312205557187553, 7624955.054003997705877 ], [ 418970.570880505547393, 7624981.727273439988494 ], [ 419001.687011135043576, 7625011.291689548641443 ], [ 419026.696867909864523, 7625037.112401446327567 ], [ 419050.743183075450361, 7625064.02342320792377 ], [ 419073.65221742587164, 7625091.817248549312353 ], [ 419100.675110541749746, 7625127.739508977159858 ], [ 419120.98721431766171, 7625157.377355485223234 ], [ 419144.716599935956765, 7625195.49665898643434 ], [ 419166.560269472363871, 7625234.753468738868833 ], [ 419182.641942421614658, 7625266.942932883277535 ], [ 419197.452982429298572, 7625299.810038031078875 ], [ 419214.000532780017238, 7625341.453437263146043 ], [ 419228.277521540760063, 7625383.165137227624655 ], [ 419240.4253330596257, 7625424.763674044981599 ], [ 419250.615725408773869, 7625466.139628856442869 ], [ 419260.505871585570276, 7625515.369996014982462 ], [ 419268.128171779680997, 7625564.023916525766253 ], [ 419274.560940477647819, 7625620.189502909779549 ], [ 419278.200607167382259, 7625669.796647826209664 ], [ 419279.627448512474075, 7625712.644121944904327 ], [ 419279.249432218610309, 7625756.820564668625593 ], [ 419276.70082301273942, 7625802.276875331066549 ], [ 419273.960635175695643, 7625830.136106522753835 ], [ 419271.570237945532426, 7625848.940097106620669 ], [ 419265.299507570860442, 7625887.064753481186926 ], [ 419256.828582473914139, 7625925.794910047203302 ], [ 419251.685288172680885, 7625945.346366746351123 ], [ 419245.892169941216707, 7625964.993882911279798 ], [ 419239.416215064295102, 7625984.711781226098537 ], [ 419232.219444560236298, 7626004.48510083835572 ], [ 419220.171623179514427, 7626033.803213309496641 ], [ 419211.544116401229985, 7626052.618512663990259 ], [ 419202.551182851020712, 7626070.77160219848156 ], [ 419184.852493520593271, 7626103.16300802025944 ] ] ] } },
{ "type": "Feature", "properties": { "fid": 349.0, "COMPR_M": 1371.98, "CLASSE": "06 - Acima do limite", "CD_FAZ": "403206", "TALHOES": "1, 2", "FAZ_tAL": "403206001, 403206002", "ID_LINHA": 194365 }, "geometry": { "type": "MultiLineString", "coordinates": [ [ [ 418853.772983496426605, 7624888.752065377309918 ], [ 418903.79550773621304, 7624928.6196657884866 ], [ 418938.363353750435635, 7624957.334802951663733 ], [ 418968.549346086510923, 7624983.943920401856303 ], [ 418999.573659717803821, 7625013.420995853841305 ], [ 419024.500433808076195, 7625039.15590500459075 ], [ 419048.466542166715953, 7625065.977170826867223 ], [ 419071.29988514399156, 7625093.679170161485672 ], [ 419098.234140116081107, 7625129.483607407659292 ], [ 419118.479864047549199, 7625159.024598559364676 ], [ 419142.131683272542432, 7625197.019295513629913 ], [ 419163.903620971133932, 7625236.147182609885931 ], [ 419179.932058167003561, 7625268.230081464163959 ], [ 419194.69353974587284, 7625300.987199012190104 ], [ 419211.186032284109388, 7625342.492089627310634 ], [ 419225.417230007995386, 7625384.070079169236124 ], [ 419237.527882495429367, 7625425.541455464437604 ], [ 419247.688772512366995, 7625466.797722598537803 ], [ 419257.552203417173587, 7625515.895314166322351 ], [ 419265.155643493519165, 7625564.429092200472951 ], [ 419271.573894728324376, 7625620.468149617314339 ], [ 419275.204721870366484, 7625669.95410302374512 ], [ 419276.62768874457106, 7625712.684104215353727 ], [ 419276.250861950626131, 7625756.726870756596327 ], [ 419273.71076881501358, 7625802.032267383299768 ], [ 419270.980346148426179, 7625829.792344000190496 ], [ 419268.598819635168184, 7625848.526579996570945 ], [ 419262.352517068502493, 7625886.502942619845271 ], [ 419253.916566251544282, 7625925.073373960331082 ], [ 419243.027736008516513, 7625964.101949568837881 ], [ 419236.580947826616466, 7625983.731054442934692 ], [ 419229.417322754627094, 7626003.413317948579788 ], [ 419217.425325428601354, 7626032.595563143491745 ], [ 419208.836472231894732, 7626051.326549003832042 ], [ 419199.882338817231357, 7626069.40130271948874 ], [ 419181.146583832218312, 7626103.592719212174416 ] ] ] } },
{ "type": "Feature", "properties": { "fid": 350.0, "COMPR_M": 1371.95, "CLASSE": "06 - Acima do limite", "CD_FAZ": "403206", "TALHOES": "1, 2", "FAZ_tAL": "403206001, 403206002", "ID_LINHA": 194366 }, "geometry": { "type": "MultiLineString", "coordinates": [ [ [ 418850.345861406705808, 7624889.864049739204347 ], [ 418901.905716813053004, 7624930.949625357985497 ], [ 418936.414501936989836, 7624959.615601900964975 ], [ 418966.527811665320769, 7624986.160567370243371 ], [ 418997.460308293404523, 7625015.550302153453231 ], [ 419022.303999710013159, 7625041.199408557265997 ], [ 419046.189901263394859, 7625067.930918442085385 ], [ 419068.947552865545731, 7625095.541091769933701 ], [ 419095.793169684940949, 7625131.227705851197243 ], [ 419115.97251377813518, 7625160.671841640025377 ], [ 419139.546766598825343, 7625198.541932039894164 ], [ 419161.246972466411535, 7625237.540896491147578 ], [ 419177.222173913032748, 7625269.51723004039377 ], [ 419191.934097070014104, 7625302.164359994232655 ], [ 419208.371531771030277, 7625343.530741988681257 ], [ 419222.556938470283058, 7625384.975021116435528 ], [ 419234.630431932280771, 7625426.319236885756254 ], [ 419244.761819616949651, 7625467.455816340632737 ], [ 419254.598535253549926, 7625516.420632330700755 ], [ 419262.183115210849792, 7625564.834267866797745 ], [ 419268.586848989652935, 7625620.746796336025 ], [ 419272.208836586680263, 7625670.111558212898672 ], [ 419273.627928980567958, 7625712.724086485803127 ], [ 419273.252291674027219, 7625756.633176841773093 ], [ 419270.720714624389075, 7625801.787659442052245 ], [ 419268.000057131575886, 7625829.448581490665674 ], [ 419265.627401329227723, 7625848.113062875345349 ], [ 419259.405526564398315, 7625885.941131770610809 ], [ 419251.004550039477181, 7625924.351837869733572 ], [ 419240.163302070228383, 7625963.210016237571836 ], [ 419233.745680592313875, 7625982.750327663496137 ], [ 419226.615200948377606, 7626002.341535059735179 ], [ 419214.679027675185353, 7626031.387912970036268 ], [ 419206.128828055225313, 7626050.034585352987051 ], [ 419197.21349479467608, 7626068.031003249809146 ], [ 419177.407364939979743, 7626104.026292709633708 ] ] ] } },
{ "type": "Feature", "properties": { "fid": 351.0, "COMPR_M": 1371.92, "CLASSE": "06 - Acima do limite", "CD_FAZ": "403206", "TALHOES": "1, 2", "FAZ_tAL": "403206001, 403206002", "ID_LINHA": 194367 }, "geometry": { "type": "MultiLineString", "coordinates": [ [ [ 418846.91996611864306, 7624890.975636057555676 ], [ 418894.480176572396886, 7624928.803723087534308 ], [ 418928.589046742941719, 7624956.902800702489913 ], [ 418958.420683518750593, 7624982.868711914867163 ], [ 418989.136841675965115, 7625011.573798514902592 ], [ 419020.107565615558997, 7625043.242912106215954 ], [ 419043.913260348374024, 7625069.884666063822806 ], [ 419066.595220589253586, 7625097.403013384900987 ], [ 419093.352199249784462, 7625132.971804276108742 ], [ 419113.46516350802267, 7625162.319084713235497 ], [ 419136.961849925282877, 7625200.064568562433124 ], [ 419158.590323968383018, 7625238.934610362164676 ], [ 419174.512289658829104, 7625270.804378629662097 ], [ 419189.174654379370622, 7625303.341520981863141 ], [ 419205.557031265285332, 7625344.56939435005188 ], [ 419219.696646925760433, 7625385.8799630664289 ], [ 419231.732981371460482, 7625427.097018297761679 ], [ 419241.834866721066646, 7625468.113910082727671 ], [ 419251.644867082824931, 7625516.945950483903289 ], [ 419259.210586923756637, 7625565.239443546161056 ], [ 419265.599803248536773, 7625621.025443057529628 ], [ 419269.212951291992795, 7625670.269013414159417 ], [ 419270.628169218485709, 7625712.764068758115172 ], [ 419270.253721408604179, 7625756.53948293812573 ], [ 419267.730660436092876, 7625801.543051489628851 ], [ 419265.019768114027102, 7625829.104818981140852 ], [ 419262.655983017582912, 7625847.699545759707689 ], [ 419256.458536065299995, 7625885.379320920445025 ], [ 419248.092533817805815, 7625923.630301778204739 ], [ 419237.298868139507249, 7625962.318082897923887 ], [ 419230.910413350793533, 7625981.769600880332291 ], [ 419223.813079144223593, 7626001.26975217089057 ], [ 419211.93272992252605, 7626030.180262817069888 ], [ 419203.421183890372049, 7626048.742621695622802 ], [ 419194.544650765019469, 7626066.6607037615031 ], [ 419185.360496934503317, 7626083.953470297157764 ], [ 419173.666965011972934, 7626104.460003141313791 ] ] ] } },
{ "type": "Feature", "properties": { "fid": 352.0, "COMPR_M": 1371.88, "CLASSE": "06 - Acima do limite", "CD_FAZ": "403206", "TALHOES": "1, 2", "FAZ_tAL": "403206001, 403206002", "ID_LINHA": 194368 }, "geometry": { "type": "MultiLineString", "coordinates": [ [ [ 418843.494794089114293, 7624892.086987697519362 ], [ 418892.597094935539644, 7624931.139107363298535 ], [ 418926.652234984212555, 7624959.193830612115562 ], [ 418956.415295832499396, 7624985.099974422715604 ], [ 418987.043243308726232, 7625013.722526099532843 ], [ 419017.911131516797468, 7625045.286415658891201 ], [ 419041.636619440163486, 7625071.838413680903614 ], [ 419064.242888305860106, 7625099.264934997074306 ], [ 419090.911228821147233, 7625134.715902715921402 ], [ 419110.957813237211667, 7625163.966327790170908 ], [ 419134.376933253137395, 7625201.587205093353987 ], [ 419155.933675466338173, 7625240.328324233181775 ], [ 419171.802405405207537, 7625272.091527212411165 ], [ 419186.415211699670181, 7625304.518681960180402 ], [ 419202.742530763382092, 7625345.608046713285148 ], [ 419216.836355394101702, 7625386.784905009903014 ], [ 419228.835530814307276, 7625427.874799720942974 ], [ 419238.907913836068474, 7625468.772003822028637 ], [ 419248.691198915592395, 7625517.471268648281693 ], [ 419256.238058633054607, 7625565.644619219005108 ], [ 419262.612757505616173, 7625621.304089777171612 ], [ 419266.217066008772235, 7625670.426468607969582 ], [ 419267.628409449825995, 7625712.804051026701927 ], [ 419267.255151133285835, 7625756.445789027027786 ], [ 419264.740606243605725, 7625801.298443551175296 ], [ 419262.039479096478317, 7625828.761056473478675 ], [ 419259.684564699826296, 7625847.286028636619449 ], [ 419253.511545562651008, 7625884.817510070279241 ], [ 419245.180517605040222, 7625922.908765684813261 ], [ 419234.434434201801196, 7625961.426149559207261 ], [ 419228.075146111892536, 7625980.788874097168446 ], [ 419221.01095733884722, 7626000.197969279251993 ], [ 419213.269385322812013, 7626019.483361385762691 ], [ 419204.998852050048299, 7626038.293463168665767 ], [ 419187.337985999241937, 7626073.976857939735055 ], [ 419169.926565087109338, 7626104.893713571131229 ] ] ] } },
{ "type": "Feature", "properties": { "fid": 353.0, "COMPR_M": 1371.86, "CLASSE": "06 - Acima do limite", "CD_FAZ": "403206", "TALHOES": "1, 2", "FAZ_tAL": "403206001, 403206002", "ID_LINHA": 194369 }, "geometry": { "type": "MultiLineString", "coordinates": [ [ [ 418840.069622060866095, 7624893.198339339345694 ], [ 418890.714013309101574, 7624933.474491626024246 ], [ 418924.715423243062105, 7624961.484860516153276 ], [ 418954.409908146539237, 7624987.331236941739917 ], [ 418984.949644957494456, 7625015.871253680437803 ], [ 419015.714697409886867, 7625047.329919209703803 ], [ 419039.359978529508226, 7625073.792161293327808 ], [ 419061.890556027879938, 7625101.126856615766883 ], [ 419088.470258387038484, 7625136.460001157596707 ], [ 419108.450462954584509, 7625165.613570870831609 ], [ 419131.792016591178253, 7625203.109841616824269 ], [ 419153.277026970870793, 7625241.72203810326755 ], [ 419169.092521152284462, 7625273.378675788640976 ], [ 419183.655769016360864, 7625305.695842944085598 ], [ 419199.928030254843179, 7625346.646699076518416 ], [ 419213.976063857553527, 7625387.689846945926547 ], [ 419225.938080257445108, 7625428.652581134811044 ], [ 419235.980960942106321, 7625469.430097563192248 ], [ 419245.737530744576361, 7625517.99658680241555 ], [ 419253.265530355623923, 7625566.04979489557445 ], [ 419259.625711762229912, 7625621.582736494019628 ], [ 419263.221180718508549, 7625670.583923803642392 ], [ 419264.260708616697229, 7625695.787710122764111 ], [ 419264.707354319340084, 7625721.447336163371801 ], [ 419263.938167033018544, 7625765.198978879489005 ], [ 419260.959090152289718, 7625810.131252402439713 ], [ 419257.943743593699764, 7625837.624173546209931 ], [ 419255.363695745589212, 7625856.161224749870598 ], [ 419248.701718795171473, 7625893.691571589559317 ], [ 419239.829155477345921, 7625931.741285072639585 ], [ 419234.483908766589593, 7625950.917643680237234 ], [ 419228.48995445528999, 7625970.165527592413127 ], [ 419221.813737678632606, 7625989.464661962352693 ], [ 419214.435005685780197, 7626008.755291001871228 ], [ 419202.271839329623617, 7626037.042887760326266 ], [ 419184.68846079200739, 7626072.569577709771693 ], [ 419166.184005706687458, 7626105.331080046482384 ] ] ] } },
{ "type": "Feature", "properties": { "fid": 354.0, "COMPR_M": 1371.85, "CLASSE": "06 - Acima do limite", "CD_FAZ": "403206", "TALHOES": "1, 2", "FAZ_tAL": "403206001, 403206002", "ID_LINHA": 194370 }, "geometry": { "type": "MultiLineString", "coordinates": [ [ [ 418836.645805887179449, 7624894.309251058846712 ], [ 418888.830931675736792, 7624935.809875904582441 ], [ 418922.778611485206056, 7624963.775890413671732 ], [ 418952.404520449053962, 7624989.562499448657036 ], [ 418982.85604658984812, 7625018.019981261342764 ], [ 419007.45282454736298, 7625042.919722352176905 ], [ 419031.295813545584679, 7625069.069511609151959 ], [ 419054.029101271764375, 7625096.098766397684813 ], [ 419080.872398115694523, 7625131.060962360352278 ], [ 419105.943112693086732, 7625167.260813946835697 ], [ 419129.207099919440225, 7625204.632478142157197 ], [ 419150.620378472667653, 7625243.115751977078617 ], [ 419166.382636901107617, 7625274.665824366733432 ], [ 419180.896326330141164, 7625306.873003927990794 ], [ 419197.1135297541623, 7625347.685351449996233 ], [ 419211.115772311459295, 7625388.594788900576532 ], [ 419223.040629695693497, 7625429.430362550541759 ], [ 419233.054008047212847, 7625470.088191295042634 ], [ 419242.783862576412503, 7625518.521904955618083 ], [ 419250.293002062710002, 7625566.454970560967922 ], [ 419256.6386660283315, 7625621.861383203417063 ], [ 419260.225295429117978, 7625670.741378988139331 ], [ 419261.262001054827124, 7625695.876561693847179 ], [ 419261.707362157467287, 7625721.461915154010057 ], [ 419260.940632395038847, 7625765.076510677114129 ], [ 419257.971854394418187, 7625809.854319307021797 ], [ 419254.967635575565509, 7625837.245901056565344 ], [ 419252.397504502208903, 7625855.711728016845882 ], [ 419245.762403927103151, 7625893.090881112031639 ], [ 419236.927771197864786, 7625930.978107441216707 ], [ 419225.639629609708209, 7625969.229475082829595 ], [ 419218.994534096564166, 7625988.438660053536296 ], [ 419211.650849006953649, 7626007.63766922801733 ], [ 419199.544826608907897, 7626035.792312340810895 ], [ 419182.03893557441188, 7626071.162297489121556 ], [ 419162.408556898881216, 7626105.779091661795974 ] ] ] } },
{ "type": "Feature", "properties": { "fid": 355.0, "COMPR_M": 1371.85, "CLASSE": "06 - Acima do limite", "CD_FAZ": "403206", "TALHOES": "1, 2", "FAZ_tAL": "403206001, 403206002", "ID_LINHA": 194371 }, "geometry": { "type": "MultiLineString", "coordinates": [ [ [ 418833.223399819689803, 7624895.419705232605338 ], [ 418886.94785004213918, 7624938.145260178484023 ], [ 418920.841799745510798, 7624966.066920313984156 ], [ 418950.399132772930898, 7624991.793761968612671 ], [ 418980.762448240071535, 7625020.168708845041692 ], [ 419005.277200919983443, 7625044.985368500463665 ], [ 419029.038790391758084, 7625071.045889960601926 ], [ 419051.695282771077473, 7625097.98384237382561 ], [ 419078.448642014525831, 7625132.828905458562076 ], [ 419103.435762419714592, 7625168.908057027496397 ], [ 419126.622183247876819, 7625206.155114667490125 ], [ 419147.963729969866108, 7625244.509465849027038 ], [ 419163.672752639336977, 7625275.952972952276468 ], [ 419178.136883652885444, 7625308.050164907239377 ], [ 419194.29902924556518, 7625348.724003812298179 ], [ 419208.25548078090651, 7625389.499730847775936 ], [ 419220.143179132952355, 7625430.208143976517022 ], [ 419230.127055152493995, 7625470.746285039000213 ], [ 419239.830194411682896, 7625519.04722310975194 ], [ 419247.320473773928825, 7625566.860146241262555 ], [ 419253.651620281976648, 7625622.140029923990369 ], [ 419257.229410140542313, 7625670.898834188468754 ], [ 419258.263293476891704, 7625695.96541325096041 ], [ 419258.707369998912327, 7625721.476494153961539 ], [ 419257.943097757757641, 7625764.954042481258512 ], [ 419254.984618645568844, 7625809.577386210672557 ], [ 419251.991527569363825, 7625836.867628555744886 ], [ 419249.431313254463021, 7625855.262231277301908 ], [ 419242.823089071782306, 7625892.490190651267767 ], [ 419234.026386920944788, 7625930.214929824694991 ], [ 419222.789304764999542, 7625968.293422581627965 ], [ 419216.17533052014187, 7625987.412658153101802 ], [ 419208.866692329524085, 7626006.520047467201948 ], [ 419196.817813888541423, 7626034.541736931540072 ], [ 419179.389410357049201, 7626069.755017261952162 ], [ 419170.225088394479826, 7626086.463254511356354 ], [ 419158.627018254075665, 7626106.227825934067369 ] ] ] } },
{ "type": "Feature", "properties": { "fid": 356.0, "COMPR_M": 1371.85, "CLASSE": "06 - Acima do limite", "CD_FAZ": "403206", "TALHOES": "1, 2", "FAZ_tAL": "403206001, 403206002", "ID_LINHA": 194372 }, "geometry": { "type": "MultiLineString", "coordinates": [ [ [ 418829.800993764016312, 7624896.5301594119519 ], [ 418885.064768410346005, 7624940.480644445866346 ], [ 418918.904987990390509, 7624968.35795022174716 ], [ 418948.393745075445622, 7624994.025024482980371 ], [ 418978.668849883775692, 7625022.31743642501533 ], [ 419003.101577286841348, 7625047.051014648750424 ], [ 419026.781767247477546, 7625073.022268323227763 ], [ 419049.361464272602461, 7625099.868918337859213 ], [ 419076.02488591556903, 7625134.596848554909229 ], [ 419100.928412145702168, 7625170.555300102569163 ], [ 419124.037266579107381, 7625207.677751196548343 ], [ 419145.307081462990027, 7625245.90317973215133 ], [ 419160.962868387287017, 7625277.24012153968215 ], [ 419175.377440962125547, 7625309.227325896732509 ], [ 419191.484528743603732, 7625349.762656172737479 ], [ 419205.395189242844936, 7625390.404672788456082 ], [ 419217.245728573179804, 7625430.985925393179059 ], [ 419227.200102258706465, 7625471.404378781095147 ], [ 419236.876526243169792, 7625519.572541276924312 ], [ 419244.347945492016152, 7625567.265321904793382 ], [ 419250.664574543770868, 7625622.418676637113094 ], [ 419254.233524853538256, 7625671.056289377622306 ], [ 419255.264585903962143, 7625696.054264812730253 ], [ 419255.707377841230482, 7625721.491073143668473 ], [ 419254.945563122630119, 7625764.831574283540249 ], [ 419251.997382889967412, 7625809.300453100353479 ], [ 419249.015419554605614, 7625836.489356061443686 ], [ 419246.46512201288715, 7625854.812734540551901 ], [ 419239.883774202316999, 7625891.889500175602734 ], [ 419231.125002637098078, 7625929.451752185821533 ], [ 419219.938979918486439, 7625967.3573700748384 ], [ 419213.356126942904666, 7625986.386656245216727 ], [ 419206.082535658963025, 7626005.402425691485405 ], [ 419194.090801171143539, 7626033.291161512956023 ], [ 419176.73988514195662, 7626068.347737034782767 ], [ 419167.613779466948472, 7626084.986286416649818 ], [ 419154.845479601935949, 7626106.676560196094215 ] ] ] } },
{ "type": "Feature", "properties": { "fid": 357.0, "COMPR_M": 1371.85, "CLASSE": "06 - Acima do limite", "CD_FAZ": "403206", "TALHOES": "1, 2", "FAZ_tAL": "403206001, 403206002", "ID_LINHA": 194373 }, "geometry": { "type": "MultiLineString", "coordinates": [ [ [ 418826.379976470489055, 7624897.640162989497185 ], [ 418883.181686769763473, 7624942.816028708592057 ], [ 418916.96817624027608, 7624970.648980123922229 ], [ 418946.388357388146687, 7624996.256286991760135 ], [ 418976.575251522939652, 7625024.46616401989013 ], [ 419000.925953659112565, 7625049.116660797037184 ], [ 419024.524744098307565, 7625074.998646680265665 ], [ 419047.027645774942357, 7625101.753994316793978 ], [ 419073.601129808230326, 7625136.36479165777564 ], [ 419098.421061872330029, 7625172.202543182298541 ], [ 419121.452349897997919, 7625209.200387720018625 ], [ 419142.650432962749619, 7625247.296893605962396 ], [ 419158.252984135760926, 7625278.527270121499896 ], [ 419172.617998278932646, 7625310.404486887156963 ], [ 419188.670028236228973, 7625350.801308535039425 ], [ 419202.534897698555142, 7625391.309614733792841 ], [ 419214.348278017074335, 7625431.763706803321838 ], [ 419224.273149364511482, 7625472.062472525984049 ], [ 419233.922858077508863, 7625520.097859431058168 ], [ 419241.37541720434092, 7625567.670497581362724 ], [ 419247.677528795204125, 7625622.697323358617723 ], [ 419251.237639557512011, 7625671.213744573295116 ], [ 419252.707385676447302, 7625721.505652129650116 ], [ 419251.948028488201089, 7625764.709106082096696 ], [ 419249.01014713285258, 7625809.023520002141595 ], [ 419246.039311542466749, 7625836.111083567142487 ], [ 419243.498930770147126, 7625854.363237812183797 ], [ 419236.944459341699257, 7625891.288809714838862 ], [ 419228.223618357093073, 7625928.688574559986591 ], [ 419217.088655072264373, 7625966.421317564323545 ], [ 419210.536923370673321, 7625985.360654342919588 ], [ 419203.298378979903646, 7626004.284803930670023 ], [ 419195.454943416349124, 7626022.934361815452576 ], [ 419187.175318851426709, 7626040.990839758887887 ], [ 419169.578513334679883, 7626075.296495855785906 ], [ 419151.063940952299163, 7626107.125294457189739 ] ] ] } },
{ "type": "Feature", "properties": { "fid": 358.0, "COMPR_M": 1371.87, "CLASSE": "06 - Acima do limite", "CD_FAZ": "403206", "TALHOES": "1, 2", "FAZ_tAL": "403206001, 403206002", "ID_LINHA": 194374 }, "geometry": { "type": "MultiLineString", "coordinates": [ [ [ 418822.960818481165916, 7624898.749563276767731 ], [ 418875.868350266944617, 7624940.784838617779315 ], [ 418909.283555169589818, 7624968.105790499597788 ], [ 418938.440434509771876, 7624993.184396042488515 ], [ 418968.420879095094278, 7625020.762847835198045 ], [ 418998.75033003417775, 7625051.182306936010718 ], [ 419022.26772094424814, 7625076.975025044754148 ], [ 419044.693827278912067, 7625103.639070275239646 ], [ 419071.177373695187271, 7625138.132734747603536 ], [ 419095.91371159569826, 7625173.849786255508661 ], [ 419118.867433228879236, 7625210.723024252802134 ], [ 419139.993784469028469, 7625248.690607478842139 ], [ 419155.5430998763768, 7625279.814418694935739 ], [ 419169.858555595506914, 7625311.581647858954966 ], [ 419185.855527733452618, 7625351.839960906654596 ], [ 419199.674606166488957, 7625392.214556682854891 ], [ 419211.450827451422811, 7625432.541488222777843 ], [ 419221.346196472004522, 7625472.720566256903112 ], [ 419230.96918991592247, 7625520.623177586123347 ], [ 419238.40288892085664, 7625568.075673259794712 ], [ 419244.690483054029755, 7625622.975970076397061 ], [ 419248.241754273534752, 7625671.371199768967927 ], [ 419249.707393524178769, 7625721.520231128670275 ], [ 419248.950493843993172, 7625764.586637880653143 ], [ 419246.022911380801816, 7625808.746586904861033 ], [ 419243.06320353114279, 7625835.732811065390706 ], [ 419240.532739523681812, 7625853.913741076365113 ], [ 419234.00514448271133, 7625890.688119247555733 ], [ 419225.322234082501382, 7625927.925396934151649 ], [ 419214.238330234074965, 7625965.485265057533979 ], [ 419207.717719785752706, 7625984.334652433171868 ], [ 419200.514222306199372, 7626003.16718216240406 ], [ 419192.708645658567548, 7626021.726711652241647 ], [ 419184.467674679704942, 7626039.69887609872967 ], [ 419166.948182733962312, 7626073.853666786104441 ], [ 419147.251046375429723, 7626107.577749567106366 ] ] ] } },
{ "type": "Feature", "properties": { "fid": 359.0, "COMPR_M": 1371.89, "CLASSE": "06 - Acima do limite", "CD_FAZ": "403206", "TALHOES": "1, 2", "FAZ_tAL": "403206001, 403206002", "ID_LINHA": 194375 }, "geometry": { "type": "MultiLineString", "coordinates": [ [ [ 418819.541660482995212, 7624899.858963573351502 ], [ 418873.99106383905746, 7624943.124882928095758 ], [ 418907.357918535009958, 7624970.406219285912812 ], [ 418936.45040621527005, 7624995.429365374147892 ], [ 418966.346382792748045, 7625022.930019598454237 ], [ 418996.574706402083393, 7625053.247953085228801 ], [ 419020.01069779653335, 7625078.951403401792049 ], [ 419042.360008784278762, 7625105.524146245792508 ], [ 419068.753617594833486, 7625139.900677845813334 ], [ 419093.406361331639346, 7625175.497029332444072 ], [ 419116.282516559993383, 7625212.245660776272416 ], [ 419137.337135962792672, 7625250.084321352653205 ], [ 419152.833215627993923, 7625281.101567273959517 ], [ 419167.099112917727325, 7625312.758808840997517 ], [ 419183.041027224157006, 7625352.878613267093897 ], [ 419196.814314618997741, 7625393.11949862819165 ], [ 419208.553376888681669, 7625433.319269644096494 ], [ 419218.4192435790319, 7625473.378660004585981 ], [ 419228.01552173809614, 7625521.148495743051171 ], [ 419235.430360633006785, 7625568.480848930776119 ], [ 419241.703437314368784, 7625623.254616790451109 ], [ 419245.24586897919653, 7625671.528654968366027 ], [ 419246.707401362888049, 7625721.534810123965144 ], [ 419245.952959211776033, 7625764.464169677346945 ], [ 419243.035675624560099, 7625808.469653805717826 ], [ 419240.087095523136668, 7625835.354538563638926 ], [ 419237.566548272909131, 7625853.464244334027171 ], [ 419231.065829612780362, 7625890.087428778409958 ], [ 419222.420849800109863, 7625927.162219302728772 ], [ 419211.388005384884309, 7625964.549212547950447 ], [ 419204.898516207234934, 7625983.308650527149439 ], [ 419197.73006563592935, 7626002.049560388550162 ], [ 419189.962347909517121, 7626020.519061485305429 ], [ 419181.760030509787612, 7626038.406912447884679 ], [ 419164.317852132953703, 7626072.410837715491652 ], [ 419143.434933950426057, 7626108.030586503446102 ] ] ] } },
{ "type": "Feature", "properties": { "fid": 360.0, "COMPR_M": 1371.9, "CLASSE": "06 - Acima do limite", "CD_FAZ": "403206", "TALHOES": "1, 2", "FAZ_tAL": "403206001, 403206002", "ID_LINHA": 194376 }, "geometry": { "type": "MultiLineString", "coordinates": [ [ [ 418816.12356364558218, 7624900.968019550666213 ], [ 418872.11377740179887, 7624945.464927230961621 ], [ 418905.432281908462755, 7624972.706648068502545 ], [ 418934.460377919720486, 7624997.674334697425365 ], [ 418964.271886477363296, 7625025.097191366367042 ], [ 418994.399082774820272, 7625055.313599225133657 ], [ 419017.7536746453261, 7625080.927781758829951 ], [ 419040.026190281263553, 7625107.409222217276692 ], [ 419066.329861487436574, 7625141.668620942160487 ], [ 419090.899011056346353, 7625177.144272402860224 ], [ 419113.697599891922437, 7625213.768297304399312 ], [ 419134.680487462435849, 7625251.478035226464272 ], [ 419150.123331367678475, 7625282.388715857639909 ], [ 419164.339670227724127, 7625313.935969835147262 ], [ 419180.226526721322443, 7625353.917265629395843 ], [ 419193.954023085010704, 7625394.024440579116344 ], [ 419205.655926328327041, 7625434.097051055170596 ], [ 419215.492290685710032, 7625474.036753738299012 ], [ 419225.061853574239649, 7625521.67381389811635 ], [ 419232.457832349988166, 7625568.886024603620172 ], [ 419238.716391582158394, 7625623.533263500779867 ], [ 419242.249983698304277, 7625671.686110155656934 ], [ 419243.707409204391297, 7625721.54938910715282 ], [ 419242.955424569081515, 7625764.341701483353972 ], [ 419240.048439876060002, 7625808.192720706574619 ], [ 419237.110987506515812, 7625834.976266076788306 ], [ 419234.600357030809391, 7625853.01474760659039 ], [ 419228.126514750416391, 7625889.486738310195506 ], [ 419219.51946552231675, 7625926.399041683413088 ], [ 419208.537680546403863, 7625963.613160045817494 ], [ 419202.079312636342365, 7625982.282648617401719 ], [ 419194.945908959256485, 7626000.931938618421555 ], [ 419187.216050159244332, 7626019.311411321163177 ], [ 419179.052386331837624, 7626037.114948789589107 ], [ 419161.687521530431695, 7626070.968008641153574 ], [ 419152.59089424170088, 7626087.052197529003024 ], [ 419139.618821525946259, 7626108.483423449099064 ] ] ] } },
{ "type": "Feature", "properties": { "fid": 361.0, "COMPR_M": 1371.93, "CLASSE": "06 - Acima do limite", "CD_FAZ": "403206", "TALHOES": "1, 2", "FAZ_tAL": "403206001, 403206002", "ID_LINHA": 194377 }, "geometry": { "type": "MultiLineString", "coordinates": [ [ [ 418812.707385897403583, 7624902.076452851295471 ], [ 418870.236490957729984, 7624947.804971531033516 ], [ 418903.506645277608186, 7624975.007076848298311 ], [ 418932.470349625626113, 7624999.919304020702839 ], [ 418962.197390166809782, 7625027.264363126829267 ], [ 418992.223459143016953, 7625057.37924537807703 ], [ 419015.496651489811484, 7625082.904160115867853 ], [ 419037.692371780402027, 7625109.294298190623522 ], [ 419063.906105382193346, 7625143.436564035713673 ], [ 419088.391660789609887, 7625178.791515490971506 ], [ 419111.112683214130811, 7625215.290933834388852 ], [ 419132.023838968016207, 7625252.871749090030789 ], [ 419147.413447119703051, 7625283.67586444504559 ], [ 419161.580227546102833, 7625315.1131308125332 ], [ 419177.412026213889476, 7625354.955917989835143 ], [ 419191.093731545493938, 7625394.929382518865168 ], [ 419202.758475770242512, 7625434.874832480214536 ], [ 419208.855259275471326, 7625458.787569556385279 ], [ 419214.317928905773442, 7625482.636248851194978 ], [ 419223.480714022589382, 7625530.079505586065352 ], [ 419230.523980076308362, 7625577.097498441115022 ], [ 419236.440163556719199, 7625631.695584449917078 ], [ 419239.65358397946693, 7625680.015672411769629 ], [ 419240.484276431787293, 7625704.808590868487954 ], [ 419240.712241685017943, 7625730.008356381207705 ], [ 419239.562002067046706, 7625772.877646721899509 ], [ 419236.191210167133249, 7625816.772821773774922 ], [ 419232.941799901484046, 7625843.564374597743154 ], [ 419230.208477349078748, 7625861.599277273751795 ], [ 419223.253172761760652, 7625898.037890976294875 ], [ 419214.116177244344726, 7625934.875235812738538 ], [ 419202.557740969990846, 7625971.96233306452632 ], [ 419195.791861086850986, 7625990.551923288032413 ], [ 419188.380335494061001, 7626009.015117686241865 ], [ 419180.455737582466099, 7626027.038284439593554 ], [ 419172.142592471675016, 7626044.462235132232308 ], [ 419154.557234813983086, 7626077.601445971056819 ], [ 419135.796724744257517, 7626108.936970533803105 ] ] ] } },
{ "type": "Feature", "properties": { "fid": 362.0, "COMPR_M": 1371.97, "CLASSE": "06 - Acima do limite", "CD_FAZ": "403206", "TALHOES": "1, 2", "FAZ_tAL": "403206001, 403206002", "ID_LINHA": 194378 }, "geometry": { "type": "MultiLineString", "coordinates": [ [ [ 418809.291208151727915, 7624903.184886157512665 ], [ 418868.359204525360838, 7624950.145015829242766 ], [ 418901.581008645007387, 7624977.307505633682013 ], [ 418930.480321322567761, 7625002.164273338392377 ], [ 418960.122893863008358, 7625029.431534895673394 ], [ 418990.047835514007602, 7625059.444891519844532 ], [ 419013.23962833994301, 7625084.880538477562368 ], [ 419035.358553290949203, 7625111.179374154657125 ], [ 419061.482349281723145, 7625145.204507136717439 ], [ 419085.884310511755757, 7625180.438758561387658 ], [ 419108.527766546409111, 7625216.813570354133844 ], [ 419129.367190470860805, 7625254.265462964773178 ], [ 419144.703562861133832, 7625284.963013026863337 ], [ 419158.820784860814456, 7625316.290291799232364 ], [ 419174.59752570965793, 7625355.994570361450315 ], [ 419188.23344000702491, 7625395.834324466064572 ], [ 419199.861025212565437, 7625435.652613895945251 ], [ 419211.385905966279097, 7625483.271369045600295 ], [ 419220.523401524405926, 7625530.583899792283773 ], [ 419227.548948534356896, 7625577.483860587701201 ], [ 419233.451425262028351, 7625631.955459160730243 ], [ 419236.656610778998584, 7625680.150872681289911 ], [ 419237.484950093086809, 7625704.873327710665762 ], [ 419237.712234633392654, 7625729.996874609030783 ], [ 419236.565814980946016, 7625772.725706532597542 ], [ 419233.207220850512385, 7625816.462838179431856 ], [ 419229.970381587860174, 7625843.150857474654913 ], [ 419227.24807964178035, 7625861.113069141283631 ], [ 419220.322223900875542, 7625897.397612479515374 ], [ 419211.226245634257793, 7625934.069764209911227 ], [ 419199.722473729285412, 7625970.981606279499829 ], [ 419192.989739276526961, 7625989.480140398256481 ], [ 419185.614885514194611, 7626007.851979507133365 ], [ 419169.454357231035829, 7626043.130368418060243 ], [ 419151.945925888139755, 7626076.124477881938219 ], [ 419131.946233095251955, 7626109.393887063488364 ] ] ] } },
{ "type": "Feature", "properties": { "fid": 363.0, "COMPR_M": 1372.0, "CLASSE": "06 - Acima do limite", "CD_FAZ": "403206", "TALHOES": "1, 2", "FAZ_tAL": "403206001, 403206002", "ID_LINHA": 194379 }, "geometry": { "type": "MultiLineString", "coordinates": [ [ [ 418805.875782478135079, 7624904.293075433932245 ], [ 418866.481918084900826, 7624952.485060133039951 ], [ 418899.655372006702237, 7624979.607934415340424 ], [ 418928.490293029462919, 7625004.409242673777044 ], [ 418958.048397553502582, 7625031.598706668242812 ], [ 418987.87221188849071, 7625061.510537661612034 ], [ 419010.982605186640285, 7625086.856916826218367 ], [ 419033.024734793114476, 7625113.064450120553374 ], [ 419059.058593174268026, 7625146.972450233995914 ], [ 419083.376960244379006, 7625182.086001635529101 ], [ 419105.942849880841095, 7625218.336206886917353 ], [ 419126.710541969048791, 7625255.659176839515567 ], [ 419141.993678603088483, 7625286.250161610543728 ], [ 419156.061342185828835, 7625317.467452773824334 ], [ 419171.783025201468263, 7625357.033222721889615 ], [ 419185.373148472863249, 7625396.739266406744719 ], [ 419196.963574650580995, 7625436.430395310744643 ], [ 419208.453883035457693, 7625483.906489236280322 ], [ 419217.56608901778236, 7625531.088293997570872 ], [ 419224.573916993977036, 7625577.870222747325897 ], [ 419230.462686982820742, 7625632.215333875268698 ], [ 419233.659637578995898, 7625680.286072940565646 ], [ 419234.485623767657671, 7625704.938064540736377 ], [ 419234.712227583688218, 7625729.985392833128572 ], [ 419233.569627888035029, 7625772.573766341432929 ], [ 419230.223231519514229, 7625816.152854571118951 ], [ 419226.998963277845178, 7625842.737340366467834 ], [ 419224.287681944668293, 7625860.626861004158854 ], [ 419217.391275043715723, 7625896.757333978079259 ], [ 419208.336314020794816, 7625933.264292597770691 ], [ 419196.887206493876874, 7625970.000879495404661 ], [ 419190.187617476738524, 7625988.408357520587742 ], [ 419182.849435531534255, 7626006.688841314055026 ], [ 419166.76612199167721, 7626041.798501691780984 ], [ 419149.334616960259154, 7626074.647509792819619 ], [ 419128.095741450786591, 7626109.850803607143462 ] ] ] } },
{ "type": "Feature", "properties": { "fid": 364.0, "COMPR_M": 1372.04, "CLASSE": "06 - Acima do limite", "CD_FAZ": "403206", "TALHOES": "1, 2", "FAZ_tAL": "403206001, 403206002", "ID_LINHA": 194380 }, "geometry": { "type": "MultiLineString", "coordinates": [ [ [ 418802.462485778552946, 7624905.400573942810297 ], [ 418864.604631657362916, 7624954.825104432180524 ], [ 418897.729735376546159, 7624981.90836320631206 ], [ 418926.500264739966951, 7625006.654211996123195 ], [ 418955.973901240853593, 7625033.765878430567682 ], [ 418985.696588257094845, 7625063.576183805242181 ], [ 419008.725582039565779, 7625088.833295187912881 ], [ 419030.69091629673494, 7625114.949526099488139 ], [ 419056.634837068268098, 7625148.74039333127439 ], [ 419080.869609965826385, 7625183.733244717121124 ], [ 419103.357933203573339, 7625219.858843410387635 ], [ 419124.053893464559224, 7625257.052890716120601 ], [ 419139.283794356160797, 7625287.537310188636184 ], [ 419153.301899497397244, 7625318.644613759592175 ], [ 419168.968524697877001, 7625358.071875082328916 ], [ 419182.512856931833085, 7625397.644208350218832 ], [ 419194.066124087024946, 7625437.208176726475358 ], [ 419205.521860101493075, 7625484.541609428822994 ], [ 419214.608776512031909, 7625531.592688199132681 ], [ 419221.598885444109328, 7625578.256584901362658 ], [ 419227.473948688188102, 7625632.475208587944508 ], [ 419230.662664376723114, 7625680.421273214742541 ], [ 419231.486297437688336, 7625705.002801380120218 ], [ 419231.712220534449443, 7625729.973911070264876 ], [ 419230.573440796229988, 7625772.421826150268316 ], [ 419227.239242198469583, 7625815.842870976775885 ], [ 419224.027544963581022, 7625842.323823250830173 ], [ 419221.327284246566705, 7625860.140652865171432 ], [ 419214.460326178348623, 7625896.117055489681661 ], [ 419205.446382416586857, 7625932.458820983767509 ], [ 419194.05193925119238, 7625969.020152722485363 ], [ 419187.385495667229407, 7625987.336574628949165 ], [ 419180.083985556615517, 7626005.525703117251396 ], [ 419164.077886754996143, 7626040.466634977608919 ], [ 419146.723308028944302, 7626073.17054170742631 ], [ 419137.664544489700347, 7626088.727359644137323 ], [ 419124.245249809580855, 7626110.307720141485333 ] ] ] } },
{ "type": "Feature", "properties": { "fid": 365.0, "COMPR_M": 1372.09, "CLASSE": "06 - Acima do limite", "CD_FAZ": "403206", "TALHOES": "1, 2", "FAZ_tAL": "403206001, 403206002", "ID_LINHA": 194381 }, "geometry": { "type": "MultiLineString", "coordinates": [ [ [ 418799.049189070588909, 7624906.508072443306446 ], [ 418890.175476396863814, 7624979.519497912377119 ], [ 418918.702734404825605, 7625003.785634081810713 ], [ 418947.984856852213852, 7625030.320253167301416 ], [ 418977.623218007967807, 7625059.492928372696042 ], [ 419000.83073701307876, 7625084.435855403542519 ], [ 419022.984753626515158, 7625110.250264586880803 ], [ 419049.175454235693906, 7625143.675394481047988 ], [ 419073.669927381561138, 7625178.313590887933969 ], [ 419096.432191329542547, 7625214.094149941578507 ], [ 419117.417821322451346, 7625250.951399611309171 ], [ 419132.891880737442989, 7625281.171322213485837 ], [ 419150.542456816474441, 7625319.821774747222662 ], [ 419166.154024198825937, 7625359.11052745487541 ], [ 419179.652565395750571, 7625398.549150303006172 ], [ 419191.168673527659848, 7625437.985958145931363 ], [ 419202.589837164967321, 7625485.176729615777731 ], [ 419211.651464006456081, 7625532.097082403488457 ], [ 419218.623853907105513, 7625578.642947051674128 ], [ 419224.4852104097954, 7625632.735083293169737 ], [ 419227.665691183530726, 7625680.556473478674889 ], [ 419228.486971101141535, 7625705.067538208328187 ], [ 419228.712213485734537, 7625729.962429292500019 ], [ 419227.577253705472685, 7625772.269885965622962 ], [ 419224.255252874223515, 7625815.532887370325625 ], [ 419221.056126652343664, 7625841.910306124016643 ], [ 419218.366886537580285, 7625859.654444716870785 ], [ 419211.52937731606653, 7625895.476776984520257 ], [ 419202.556450808886439, 7625931.653349375352263 ], [ 419191.216672021138947, 7625968.039425938390195 ], [ 419184.583373866975307, 7625986.264791737310588 ], [ 419177.318535577389412, 7626004.362564934417605 ], [ 419161.389651520876214, 7626039.134768253192306 ], [ 419144.111999095068313, 7626071.693573612719774 ], [ 419130.504068768641446, 7626094.743923084810376 ], [ 419120.373979810858145, 7626110.76710233092308 ] ] ] } },
{ "type": "Feature", "properties": { "fid": 366.0, "COMPR_M": 1372.15, "CLASSE": "06 - Acima do limite", "CD_FAZ": "403206", "TALHOES": "1, 2", "FAZ_tAL": "403206001, 403206002", "ID_LINHA": 194382 }, "geometry": { "type": "MultiLineString", "coordinates": [ [ [ 418795.636303207022138, 7624907.615437649190426 ], [ 418888.260138564626686, 7624981.828506777063012 ], [ 418916.727259600709658, 7625006.043417865410447 ], [ 418945.928749720333144, 7625032.504875924438238 ], [ 418975.46864779072348, 7625061.580524493008852 ], [ 418998.593617970356718, 7625086.434736270457506 ], [ 419020.669719073106535, 7625112.158362124115229 ], [ 419046.769165960140526, 7625145.467040016315877 ], [ 419071.178805432631634, 7625179.985274666920304 ], [ 419093.862316741375253, 7625215.642038948833942 ], [ 419114.775057538878173, 7625252.371265209279954 ], [ 419130.194959526648745, 7625282.485414625145495 ], [ 419147.783014132699464, 7625320.998935727402568 ], [ 419163.339523694536183, 7625360.149179814383388 ], [ 419176.79227386135608, 7625399.454092243686318 ], [ 419188.271222969342489, 7625438.763739565387368 ], [ 419199.657814227219205, 7625485.811849813908339 ], [ 419208.694151503790636, 7625532.601476605050266 ], [ 419215.64882237103302, 7625579.029309207573533 ], [ 419221.49647211591946, 7625632.994958007708192 ], [ 419224.668717980966903, 7625680.691673742607236 ], [ 419225.487644769193139, 7625705.132275050505996 ], [ 419225.712206441559829, 7625729.95094751380384 ], [ 419224.581066615879536, 7625772.117945780977607 ], [ 419221.271263548056595, 7625815.222903774119914 ], [ 419218.08470833679894, 7625841.496789015829563 ], [ 419215.406488839944359, 7625859.168236590921879 ], [ 419208.598428456054535, 7625894.836498493328691 ], [ 419199.666519197809976, 7625930.847877768799663 ], [ 419188.381404773914255, 7625967.05869915522635 ], [ 419181.781252059678081, 7625985.193008845672011 ], [ 419174.553085595311131, 7626003.199426749721169 ], [ 419158.701416278316174, 7626037.802901529707015 ], [ 419150.244632996385917, 7626054.274934783577919 ], [ 419137.035859551397152, 7626077.993870373815298 ], [ 419116.489379547652788, 7626111.228066347539425 ] ] ] } },
{ "type": "Feature", "properties": { "fid": 367.0, "COMPR_M": 1372.21, "CLASSE": "06 - Acima do limite", "CD_FAZ": "403206", "TALHOES": "1, 2", "FAZ_tAL": "403206001, 403206002", "ID_LINHA": 194383 }, "geometry": { "type": "MultiLineString", "coordinates": [ [ [ 418792.225793342804536, 7624908.7220319211483 ], [ 418886.344800719816703, 7624984.137515651062131 ], [ 418914.751784799387679, 7625008.301201649010181 ], [ 418943.872642584843561, 7625034.689498680643737 ], [ 418973.314077579590958, 7625063.668120605871081 ], [ 418996.356498923909385, 7625088.433617136441171 ], [ 419018.354684510966763, 7625114.06645966693759 ], [ 419044.362877675390337, 7625147.25868555251509 ], [ 419068.687683487718459, 7625181.65695845708251 ], [ 419091.292442149191629, 7625217.189927961677313 ], [ 419112.132293756061699, 7625253.791130815632641 ], [ 419127.498038330930285, 7625283.799507038667798 ], [ 419145.023571447236463, 7625322.1760967168957 ], [ 419160.525023184833117, 7625361.187832185067236 ], [ 419173.931982320733368, 7625400.359034192748368 ], [ 419185.373772413935512, 7625439.541520987637341 ], [ 419196.725791286269668, 7625486.446970000863075 ], [ 419205.736839001940098, 7625533.105870803818107 ], [ 419212.673790825414471, 7625579.415671352297068 ], [ 419218.507733836304396, 7625633.254832712933421 ], [ 419221.671744776831474, 7625680.826874009333551 ], [ 419222.488318441319279, 7625705.19701187685132 ], [ 419222.712199385976419, 7625729.939465743489563 ], [ 419221.584879517555237, 7625771.966005581431091 ], [ 419218.287274218746461, 7625814.912920167669654 ], [ 419215.113290025561582, 7625841.083271898329258 ], [ 419212.446091130841523, 7625858.682028444483876 ], [ 419205.667479587951675, 7625894.196219995617867 ], [ 419199.209775557043031, 7625921.056798281148076 ], [ 419194.197150438209064, 7625939.040074290707707 ], [ 419182.344887583283707, 7625975.100635267794132 ], [ 419175.45681224897271, 7625993.108586242422462 ], [ 419167.991965897963382, 7626010.857860161922872 ], [ 419151.84314627549611, 7626044.735912097617984 ], [ 419134.443353762384504, 7626076.484149182215333 ], [ 419112.604779285145923, 7626111.689030360430479 ] ] ] } },
{ "type": "Feature", "properties": { "fid": 368.0, "COMPR_M": 1372.27, "CLASSE": "06 - Acima do limite", "CD_FAZ": "403206", "TALHOES": "1, 2", "FAZ_tAL": "403206001, 403206002", "ID_LINHA": 194384 }, "geometry": { "type": "MultiLineString", "coordinates": [ [ [ 418788.815283472125884, 7624909.828626189380884 ], [ 418884.429462883039378, 7624986.446524511091411 ], [ 418912.776309998822398, 7625010.558985424228013 ], [ 418941.816535455058329, 7625036.874121435917914 ], [ 418971.159507360658608, 7625065.755716728046536 ], [ 418994.119379882817157, 7625090.432498008944094 ], [ 419016.039649956393987, 7625115.974557204172015 ], [ 419041.956589392037131, 7625149.050331081263721 ], [ 419066.196561541117262, 7625183.328642232343554 ], [ 419088.722567562945187, 7625218.737816971726716 ], [ 419109.489529973419849, 7625255.210996424779296 ], [ 419124.801117117400281, 7625285.113599459640682 ], [ 419142.264128769515082, 7625323.353257690556347 ], [ 419157.710522680485155, 7625362.226484544575214 ], [ 419171.071690783835948, 7625401.263976134359837 ], [ 419182.476321851718239, 7625440.319302395917475 ], [ 419193.793768353294581, 7625487.082090196199715 ], [ 419202.779526500962675, 7625533.610265012830496 ], [ 419206.480551481421571, 7625556.750540038570762 ], [ 419210.669783798512071, 7625587.467031256295741 ], [ 419216.171980652841739, 7625641.31236881390214 ], [ 419219.007919914438389, 7625689.020466731861234 ], [ 419219.632253188698087, 7625713.443767374381423 ], [ 419219.643907288089395, 7625738.229119597934186 ], [ 419218.115877535252366, 7625780.302362693473697 ], [ 419214.354854773904663, 7625823.260856276378036 ], [ 419210.87082706874935, 7625849.418773722834885 ], [ 419207.983116671734024, 7625866.999554935842752 ], [ 419200.729792961967178, 7625902.450921198353171 ], [ 419191.319524849532172, 7625938.191676474176347 ], [ 419179.525684007327072, 7625974.074633363634348 ], [ 419172.672655572649091, 7625991.990964477881789 ], [ 419165.245668141404167, 7626009.650209996849298 ], [ 419149.174302246537991, 7626043.365612618625164 ], [ 419131.850847986119334, 7626074.974428 ], [ 419122.836900085792877, 7626090.030410145409405 ], [ 419108.71351444843458, 7626112.150785236619413 ] ] ] } },
{ "type": "Feature", "properties": { "fid": 369.0, "COMPR_M": 1372.35, "CLASSE": "06 - Acima do limite", "CD_FAZ": "403206", "TALHOES": "1, 2", "FAZ_tAL": "403206001, 403206002", "ID_LINHA": 194385 }, "geometry": { "type": "MultiLineString", "coordinates": [ [ [ 418785.404816090129316, 7624910.935206664726138 ], [ 418882.5141250435845, 7624988.755533382296562 ], [ 418910.800835189700592, 7625012.816769206896424 ], [ 418939.760428313922603, 7625039.0587441874668 ], [ 418969.004937146499287, 7625067.843312844634056 ], [ 418991.88226083596237, 7625092.431378874927759 ], [ 419013.724615403625648, 7625117.882654752582312 ], [ 419039.550301117240451, 7625150.841976623982191 ], [ 419063.705439598532394, 7625185.00032601878047 ], [ 419086.152692972158547, 7625220.285705977119505 ], [ 419106.846766192815267, 7625256.630862027406693 ], [ 419122.104195919004269, 7625286.427691867575049 ], [ 419139.504686078289524, 7625324.530418671667576 ], [ 419154.896022170782089, 7625363.265136905014515 ], [ 419168.211399239313323, 7625402.168918080627918 ], [ 419179.578871289093513, 7625441.097083820030093 ], [ 419190.861745419795625, 7625487.71721038967371 ], [ 419199.822214000858366, 7625534.114659210667014 ], [ 419203.513543571927585, 7625557.194344867020845 ], [ 419207.692411343334243, 7625587.834914923645556 ], [ 419213.181623517884873, 7625641.552911896258593 ], [ 419216.010001452988945, 7625689.132802421227098 ], [ 419216.63249342184281, 7625713.48374964017421 ], [ 419216.644120097626001, 7625738.190910955891013 ], [ 419215.12137133901706, 7625780.120245952159166 ], [ 419211.374565752106719, 7625822.917093766853213 ], [ 419207.904635818791576, 7625848.969276985153556 ], [ 419205.029108982300386, 7625866.475907084532082 ], [ 419197.807932789553888, 7625901.770356560125947 ], [ 419188.44189925014507, 7625937.343278657644987 ], [ 419176.706480435736012, 7625973.048631463199854 ], [ 419169.888498899643309, 7625990.873342717066407 ], [ 419162.499370393459685, 7626008.442559836432338 ], [ 419146.505458220257424, 7626041.995313137769699 ], [ 419129.258342195069417, 7626073.464706800878048 ], [ 419115.722672644536942, 7626095.779554926790297 ], [ 419104.795152586069889, 7626112.615755552425981 ] ] ] } },
{ "type": "Feature", "properties": { "fid": 370.0, "COMPR_M": 1372.43, "CLASSE": "06 - Acima do limite", "CD_FAZ": "403206", "TALHOES": "1, 2", "FAZ_tAL": "403206001, 403206002", "ID_LINHA": 194386 }, "geometry": { "type": "MultiLineString", "coordinates": [ [ [ 418781.996999730821699, 7624912.040926992893219 ], [ 418880.598787201510277, 7624991.064542252570391 ], [ 418908.825360394548625, 7625015.074552987702191 ], [ 418937.704321177792735, 7625041.243366938084364 ], [ 418966.850366935832426, 7625069.93090895563364 ], [ 418989.645141784683801, 7625094.430259747430682 ], [ 419011.409580839390401, 7625119.790752283297479 ], [ 419037.144012833246961, 7625152.633622156456113 ], [ 419061.21431765158195, 7625186.67200980335474 ], [ 419083.582818378694355, 7625221.833594989031553 ], [ 419104.204002412443515, 7625258.050727635622025 ], [ 419119.40727471455466, 7625287.74178428389132 ], [ 419136.745243395853322, 7625325.70757966209203 ], [ 419152.081521666259505, 7625364.303789274767041 ], [ 419165.35110770969186, 7625403.073860021308064 ], [ 419176.681420731474645, 7625441.874865233898163 ], [ 419187.929722481814679, 7625488.352330580353737 ], [ 419196.864901490975171, 7625534.619053419679403 ], [ 419200.546535663423128, 7625557.63814970292151 ], [ 419204.715038895141333, 7625588.202798581682146 ], [ 419210.191266383626498, 7625641.793454984202981 ], [ 419213.012082999048289, 7625689.2451381245628 ], [ 419213.632733658188954, 7625713.523731909692287 ], [ 419213.644332897732966, 7625738.152702324092388 ], [ 419212.126865132537205, 7625779.938129227608442 ], [ 419208.394276732346043, 7625822.57333124242723 ], [ 419204.938444574247114, 7625848.519780250266194 ], [ 419202.075101306545548, 7625865.952259238809347 ], [ 419194.886072623194195, 7625901.089791903272271 ], [ 419185.564273654483259, 7625936.494880847632885 ], [ 419173.887276851455681, 7625972.022629556246102 ], [ 419167.104342220991384, 7625989.755720937624574 ], [ 419159.753072646271903, 7626007.234909670427442 ], [ 419143.836614184256177, 7626040.62501366250217 ], [ 419135.384215531230439, 7626056.539717910811305 ], [ 419122.220761632430367, 7626079.480678590945899 ], [ 419100.876790718582924, 7626113.080725869163871 ] ] ] } },
{ "type": "Feature", "properties": { "fid": 371.0, "COMPR_M": 1372.51, "CLASSE": "06 - Acima do limite", "CD_FAZ": "403206", "TALHOES": "1, 2", "FAZ_tAL": "403206001, 403206002", "ID_LINHA": 194387 }, "geometry": { "type": "MultiLineString", "coordinates": [ [ [ 418778.589183375122957, 7624913.146647304296494 ], [ 418878.683449368691072, 7624993.373551120981574 ], [ 418906.849885589675978, 7625017.332336761057377 ], [ 418935.648214049288072, 7625043.427989698015153 ], [ 418964.695796729880385, 7625072.018505074083805 ], [ 418987.40802274865564, 7625096.429140617139637 ], [ 419009.094546285457909, 7625121.698849828913808 ], [ 419034.737724549369887, 7625154.425267692655325 ], [ 419058.723195712082088, 7625188.343693586066365 ], [ 419081.012943789246492, 7625223.381483996286988 ], [ 419101.561238632886671, 7625259.470593237318099 ], [ 419116.710353505448438, 7625289.055876708589494 ], [ 419133.985800711321644, 7625326.884740643203259 ], [ 419149.267021166393533, 7625365.342441633343697 ], [ 419162.490816162666306, 7625403.978801966644824 ], [ 419173.783970174845308, 7625442.652646648697555 ], [ 419184.997699553088751, 7625488.987450771033764 ], [ 419193.907588993839454, 7625535.123447625897825 ], [ 419197.579527756664902, 7625558.081954533234239 ], [ 419201.73766644456191, 7625588.570682249963284 ], [ 419207.200909240404144, 7625642.033998066559434 ], [ 419210.014164531603456, 7625689.357473818585277 ], [ 419210.632973887957633, 7625713.563714186660945 ], [ 419210.644545699702576, 7625738.114493690431118 ], [ 419209.132358940318227, 7625779.756012491881847 ], [ 419205.413987711071968, 7625822.229568734765053 ], [ 419201.972253329935484, 7625848.070283519104123 ], [ 419199.121093622175977, 7625865.428611394017935 ], [ 419191.964212452701759, 7625900.409227266907692 ], [ 419182.68664806970628, 7625935.646483035758138 ], [ 419171.068073274218477, 7625970.996627643704414 ], [ 419164.32018554629758, 7625988.638099176809192 ], [ 419157.006774886744097, 7626006.02725949883461 ], [ 419141.167770161526278, 7626039.25471418350935 ], [ 419132.753884930338245, 7626055.096888840198517 ], [ 419119.646797833032906, 7626077.93956508859992 ], [ 419096.958428857848048, 7626113.545696189627051 ] ] ] } },
{ "type": "Feature", "properties": { "fid": 372.0, "COMPR_M": 1372.61, "CLASSE": "06 - Acima do limite", "CD_FAZ": "403206", "TALHOES": "1, 2", "FAZ_tAL": "403206001, 403206002", "ID_LINHA": 194388 }, "geometry": { "type": "MultiLineString", "coordinates": [ [ [ 418775.181367015116848, 7624914.252367623150349 ], [ 418876.768111522076651, 7624995.682559989392757 ], [ 418904.874410788761452, 7625019.590120544657111 ], [ 418933.592106916650664, 7625045.612612454220653 ], [ 418962.541226506989915, 7625074.106101198121905 ], [ 418985.170903697668109, 7625098.428021490573883 ], [ 419006.779511731932871, 7625123.606947366148233 ], [ 419032.331436266889796, 7625156.216913219541311 ], [ 419056.232073766121175, 7625190.01537736877799 ], [ 419078.443069206434302, 7625224.929372999817133 ], [ 419098.918474854785018, 7625260.890458832494915 ], [ 419114.013432299601845, 7625290.369969118386507 ], [ 419131.226358034240548, 7625328.0619016289711 ], [ 419146.452520661172457, 7625366.381094004958868 ], [ 419159.630524629785214, 7625404.883743917569518 ], [ 419170.886519608553499, 7625443.430428075604141 ], [ 419182.065676611382514, 7625489.622570959851146 ], [ 419190.950276485760696, 7625535.627841818146408 ], [ 419194.612519841641188, 7625558.525759369134903 ], [ 419198.760293991072103, 7625588.938565909862518 ], [ 419204.21055209991755, 7625642.274541154503822 ], [ 419207.01624607166741, 7625689.469809522852302 ], [ 419207.633214130881242, 7625713.603696454316378 ], [ 419207.644758512731642, 7625738.07628505770117 ], [ 419206.137852739309892, 7625779.573895754292607 ], [ 419202.433698691020254, 7625821.885806225240231 ], [ 419199.00606207997771, 7625847.620786784216762 ], [ 419196.167085940949619, 7625864.904963543638587 ], [ 419189.042352278949693, 7625899.728662614710629 ], [ 419182.326929535833187, 7625926.015048114582896 ], [ 419177.14575547107961, 7625943.587482790462673 ], [ 419164.968521225033328, 7625978.762311526574194 ], [ 419157.960385704762302, 7625996.220597609877586 ], [ 419150.458597692660987, 7626013.281954888254404 ], [ 419134.34748170489911, 7626045.831253441050649 ], [ 419117.072834023099858, 7626076.398451569490135 ], [ 419103.563117508776486, 7626098.10311090759933 ], [ 419093.009215311380103, 7626114.01432750467211 ] ] ] } },
{ "type": "Feature", "properties": { "fid": 373.0, "COMPR_M": 1372.71, "CLASSE": "06 - Acima do limite", "CD_FAZ": "403206", "TALHOES": "1, 2", "FAZ_tAL": "403206001, 403206002", "ID_LINHA": 194389 }, "geometry": { "type": "MultiLineString", "coordinates": [ [ [ 418771.775804638629779, 7624915.3573565967381 ], [ 418874.852773684018757, 7624997.991568865254521 ], [ 418902.898935978766531, 7625021.847904320806265 ], [ 418931.535999781801365, 7625047.797235202975571 ], [ 418960.386656298069283, 7625076.193697306327522 ], [ 418982.933784651570022, 7625100.426902351900935 ], [ 419004.464477166940924, 7625125.515044906176627 ], [ 419029.925147994305007, 7625158.008558760397136 ], [ 419053.740951815037988, 7625191.68706114962697 ], [ 419075.873194609710481, 7625226.477262010797858 ], [ 419096.275711077440064, 7625262.310324447229505 ], [ 419111.316511097655166, 7625291.684061529114842 ], [ 419128.466915343771689, 7625329.239062605425715 ], [ 419143.638020150712691, 7625367.419746364466846 ], [ 419156.770233089395333, 7625405.788685860112309 ], [ 419167.989069047966041, 7625444.208209492266178 ], [ 419179.133653676894028, 7625490.257691156119108 ], [ 419187.992963979835622, 7625536.132236020639539 ], [ 419191.645511938259006, 7625558.969564198516309 ], [ 419195.782921545789577, 7625589.306449582800269 ], [ 419201.220194960886147, 7625642.515084246173501 ], [ 419204.018327609403059, 7625689.582145215943456 ], [ 419204.633454355818685, 7625713.643678728491068 ], [ 419204.644971314410213, 7625738.038076432421803 ], [ 419203.143346540688071, 7625779.391779024153948 ], [ 419199.453409668290988, 7625821.542043717578053 ], [ 419196.039870838110801, 7625847.171290041878819 ], [ 419193.213078261644114, 7625864.381315689533949 ], [ 419186.120492113055661, 7625899.048097967170179 ], [ 419179.436997929296922, 7625925.209576500579715 ], [ 419174.281321534246672, 7625942.695549447089434 ], [ 419162.166399418900255, 7625977.690528638660908 ], [ 419155.19493573094951, 7625995.05745942145586 ], [ 419147.731584969500545, 7626012.031379474326968 ], [ 419131.697956494463142, 7626044.423973212949932 ], [ 419123.221527649904601, 7626059.877828907221556 ], [ 419110.058285610168241, 7626082.174555263482034 ], [ 419089.05751496728044, 7626114.483253923244774 ] ] ] } },
{ "type": "Feature", "properties": { "fid": 374.0, "COMPR_M": 1372.81, "CLASSE": "06 - Acima do limite", "CD_FAZ": "403206", "TALHOES": "1, 2", "FAZ_tAL": "403206001, 403206002", "ID_LINHA": 194390 }, "geometry": { "type": "MultiLineString", "coordinates": [ [ [ 418768.370589289232157, 7624916.462232976220548 ], [ 418872.937435843399726, 7625000.30057773180306 ], [ 418900.923461181344464, 7625024.105688104405999 ], [ 418929.479892644099891, 7625049.981857957318425 ], [ 418958.232086082047317, 7625078.281293421983719 ], [ 418980.696665611409117, 7625102.425783229991794 ], [ 419002.149442613590509, 7625127.423142453655601 ], [ 419027.518859711883124, 7625159.800204291939735 ], [ 419051.249829872802366, 7625193.35874493047595 ], [ 419073.303320018923841, 7625228.025151018053293 ], [ 419093.63294728967594, 7625263.730190051719546 ], [ 419108.619589891051874, 7625292.998153947293758 ], [ 419125.707472662266809, 7625330.416223586536944 ], [ 419140.823519644676708, 7625368.45839873328805 ], [ 419153.909941552032251, 7625406.693627808243036 ], [ 419165.091618487087544, 7625444.985990901477635 ], [ 419176.201630740659311, 7625490.892811343073845 ], [ 419185.035651484678965, 7625536.636630224063993 ], [ 419188.678504026611336, 7625559.413369031623006 ], [ 419192.805549087701365, 7625589.674333246424794 ], [ 419198.229837825347204, 7625642.755627334117889 ], [ 419201.020409145450685, 7625689.694480910897255 ], [ 419201.633694594609551, 7625713.683661004528403 ], [ 419201.645184118591715, 7625737.999867792241275 ], [ 419200.148840345034841, 7625779.209662295877934 ], [ 419196.473120647540782, 7625821.198281200602651 ], [ 419193.073679592460394, 7625846.721793305128813 ], [ 419190.259070577565581, 7625863.857667846605182 ], [ 419183.198631941806525, 7625898.367533328011632 ], [ 419176.54706631868612, 7625924.404104894027114 ], [ 419171.416887604398653, 7625941.803616106510162 ], [ 419159.364277612883598, 7625976.618745749816298 ], [ 419152.429485743690748, 7625993.894321233034134 ], [ 419145.004572257923428, 7626010.78080405946821 ], [ 419129.048431274364702, 7626043.01669298671186 ], [ 419120.610218720161356, 7626058.400860810652375 ], [ 419107.502562706184108, 7626080.603384286165237 ], [ 419085.105814613518305, 7626114.952180337160826 ] ] ] } },
{ "type": "Feature", "properties": { "fid": 375.0, "COMPR_M": 1372.92, "CLASSE": "06 - Acima do limite", "CD_FAZ": "403206", "TALHOES": "1, 2", "FAZ_tAL": "403206001, 403206002", "ID_LINHA": 194391 }, "geometry": { "type": "MultiLineString", "coordinates": [ [ [ 418764.965373934945092, 7624917.567109355702996 ], [ 418871.022098010755144, 7625002.609586594626307 ], [ 418898.947986376122572, 7625026.363471885211766 ], [ 418927.42378551204456, 7625052.166480710729957 ], [ 418956.077515872078948, 7625080.368889544159174 ], [ 418978.459546566242352, 7625104.424664091318846 ], [ 418999.834408059308771, 7625129.331239997409284 ], [ 419025.112571430159733, 7625161.591849827207625 ], [ 419048.758707924745977, 7625195.030428709462285 ], [ 419070.733445434772875, 7625229.573040033690631 ], [ 419090.990183513960801, 7625265.150055652484298 ], [ 419105.922668687650003, 7625294.312246361747384 ], [ 419122.948029978433624, 7625331.593384578824043 ], [ 419138.009019144694321, 7625369.497051091864705 ], [ 419151.049650018918328, 7625407.598569750785828 ], [ 419162.194167929177638, 7625445.763772322796285 ], [ 419173.269607812282629, 7625491.527931539341807 ], [ 419182.078338981722482, 7625537.141024434939027 ], [ 419185.711496116011404, 7625559.857173872180283 ], [ 419189.828176637820434, 7625590.042216904461384 ], [ 419195.239480682066642, 7625642.996170414611697 ], [ 419198.022490687668324, 7625689.80681661888957 ], [ 419198.633934826822951, 7625713.723643268458545 ], [ 419198.645396924577653, 7625737.961659163236618 ], [ 419197.154334141232539, 7625779.027545562945306 ], [ 419193.492831625393592, 7625820.854518683627248 ], [ 419190.107488343783189, 7625846.272296572104096 ], [ 419187.305062894069124, 7625863.334019987843931 ], [ 419180.276771777076647, 7625897.686968684196472 ], [ 419173.657134706736542, 7625923.598633278161287 ], [ 419168.552453668904491, 7625940.911682769656181 ], [ 419156.562155806983355, 7625975.546962859109044 ], [ 419142.277559537498746, 7626009.530228642746806 ], [ 419126.398906067013741, 7626041.60941276140511 ], [ 419117.998909798858222, 7626056.923892728053033 ], [ 419104.946839812037069, 7626079.032213304191828 ], [ 419081.128458928375039, 7626115.424151126295328 ] ] ] } },
{ "type": "Feature", "properties": { "fid": 376.0, "COMPR_M": 1373.04, "CLASSE": "06 - Acima do limite", "CD_FAZ": "403206", "TALHOES": "1, 2", "FAZ_tAL": "403206001, 403206002", "ID_LINHA": 194392 }, "geometry": { "type": "MultiLineString", "coordinates": [ [ [ 418761.561915966914967, 7624918.671415532007813 ], [ 418869.106760166236199, 7625004.918595466762781 ], [ 418896.972511571657378, 7625028.621255662292242 ], [ 418925.367678376438562, 7625054.351103473454714 ], [ 418953.922945655067451, 7625082.456485662609339 ], [ 418976.222427515895106, 7625106.423544971272349 ], [ 418997.519373504794203, 7625131.23933753464371 ], [ 419022.706283148436341, 7625163.38349536433816 ], [ 419046.267585982161108, 7625196.702112496830523 ], [ 419068.163570844742935, 7625231.120929030701518 ], [ 419088.347419728524983, 7625266.569921258836985 ], [ 419106.76518330257386, 7625302.98309316765517 ], [ 419123.355153057840653, 7625340.299110343679786 ], [ 419137.951469680992886, 7625378.11945693474263 ], [ 419150.557202119845897, 7625416.108217431232333 ], [ 419161.304372908372898, 7625454.150062374770641 ], [ 419171.951422131503932, 7625499.755919132381678 ], [ 419180.383165340812411, 7625545.205380621366203 ], [ 419187.755299685522914, 7625597.920082426629961 ], [ 419192.841810662997887, 7625650.920002866536379 ], [ 419195.290434486232698, 7625697.83129607886076 ], [ 419195.707534645451233, 7625721.782652996480465 ], [ 419195.505540389742237, 7625746.043997118249536 ], [ 419193.614103163825348, 7625787.122124716639519 ], [ 419189.493259321548976, 7625828.923906119540334 ], [ 419185.80251182091888, 7625854.306155199185014 ], [ 419182.783773494535126, 7625871.334049622528255 ], [ 419175.292128380504437, 7625905.591899531893432 ], [ 419165.68801972840447, 7625940.019749430939555 ], [ 419153.760034003062174, 7625974.475179970264435 ], [ 419139.55054681742331, 7626008.279653226956725 ], [ 419131.819063919130713, 7626024.484234326519072 ], [ 419119.602231930592097, 7626047.88274347037077 ], [ 419111.110801723611075, 7626062.896658450365067 ], [ 419097.957943202811293, 7626084.580094432458282 ], [ 419077.143918821122497, 7626115.896974459290504 ] ] ] } },
{ "type": "Feature", "properties": { "fid": 377.0, "COMPR_M": 1373.16, "CLASSE": "06 - Acima do limite", "CD_FAZ": "403206", "TALHOES": "1, 2", "FAZ_tAL": "403206001, 403206002", "ID_LINHA": 194393 }, "geometry": { "type": "MultiLineString", "coordinates": [ [ [ 418758.15920993022155, 7624919.775477720424533 ], [ 418867.191422328294721, 7625007.227604338899255 ], [ 418894.997036770568229, 7625030.879039444960654 ], [ 418923.311571238038596, 7625056.5357262250036 ], [ 418951.768375441490207, 7625084.544081783853471 ], [ 418973.985308470437303, 7625108.422425833530724 ], [ 418995.204338938929141, 7625133.147435070946813 ], [ 419020.299994866887573, 7625165.175140893086791 ], [ 419043.776464035792742, 7625198.373796273954213 ], [ 419065.593696251977235, 7625232.668818047270179 ], [ 419085.704655954381451, 7625267.989786856807768 ], [ 419104.055299042374827, 7625304.270241754129529 ], [ 419120.583944660669658, 7625341.448298132047057 ], [ 419135.127074663992971, 7625379.13089172821492 ], [ 419147.688819293281995, 7625416.98717291560024 ], [ 419158.400441206293181, 7625454.903281897306442 ], [ 419169.014586961944588, 7625500.368398452177644 ], [ 419177.422418522124644, 7625545.689203964546323 ], [ 419184.775742106256075, 7625598.269823115319014 ], [ 419189.849918497377075, 7625651.140646602958441 ], [ 419192.291726913186722, 7625697.920147646218538 ], [ 419192.707542482123245, 7625721.797231982462108 ], [ 419192.506225829594769, 7625745.978387134149671 ], [ 419190.621633528382517, 7625786.909120617434382 ], [ 419186.517151308129542, 7625828.545633625239134 ], [ 419182.842114110710099, 7625853.819947062060237 ], [ 419179.836782987229526, 7625870.772238770499825 ], [ 419172.38011215539882, 7625904.870363443158567 ], [ 419165.420894498587586, 7625930.556096157059073 ], [ 419160.082158195378724, 7625947.700267419219017 ], [ 419147.615245506982319, 7625981.932368567213416 ], [ 419133.022435400576796, 7626015.15156664699316 ], [ 419116.971901325392537, 7626046.439914403483272 ], [ 419108.518295939778909, 7626061.386937262490392 ], [ 419095.420124708907679, 7626082.98017150349915 ], [ 419073.159378720272798, 7626116.369797786697745 ] ] ] } },
{ "type": "Feature", "properties": { "fid": 378.0, "COMPR_M": 1373.3, "CLASSE": "06 - Acima do limite", "CD_FAZ": "403206", "TALHOES": "1, 2", "FAZ_tAL": "403206001, 403206002", "ID_LINHA": 194394 }, "geometry": { "type": "MultiLineString", "coordinates": [ [ [ 418754.756503911805339, 7624920.879539908841252 ], [ 418865.276084489130881, 7625009.536613211035728 ], [ 418893.021561961097177, 7625033.13682322204113 ], [ 418921.255464105284773, 7625058.720348983071744 ], [ 418949.613805232685991, 7625086.631677906028926 ], [ 418971.748189430334605, 7625110.421306703239679 ], [ 418992.889304385869764, 7625135.055532613769174 ], [ 419017.893706586561166, 7625166.966786436736584 ], [ 419041.285342094197404, 7625200.045480059459805 ], [ 419063.023821665265132, 7625234.216707048937678 ], [ 419083.061892172438093, 7625269.40965246129781 ], [ 419101.345414792653173, 7625305.557390336878598 ], [ 419117.812736258143559, 7625342.597485925070941 ], [ 419132.302679648855701, 7625380.142326518893242 ], [ 419144.82043646852253, 7625417.866128411144018 ], [ 419155.496509492164478, 7625455.656501410529017 ], [ 419166.077751785633154, 7625500.98087776824832 ], [ 419174.461671700992156, 7625546.17302730306983 ], [ 419181.796184532577172, 7625598.619563804008067 ], [ 419186.858026320696808, 7625651.361290328204632 ], [ 419189.293019344564527, 7625698.008999203331769 ], [ 419189.707550322811585, 7625721.811810979619622 ], [ 419189.506911270087585, 7625745.912777164950967 ], [ 419187.629163895559032, 7625786.696116502396762 ], [ 419183.541043297329452, 7625828.167361132800579 ], [ 419179.881716408010107, 7625853.33373892121017 ], [ 419176.889792488131206, 7625870.210427919402719 ], [ 419169.468095942400396, 7625904.148827352561057 ], [ 419162.54326890304219, 7625929.707698343321681 ], [ 419157.23183335113572, 7625946.764214906841516 ], [ 419144.831088828563225, 7625980.814746804535389 ], [ 419130.314791226235684, 7626013.859602988697588 ], [ 419114.341570720716845, 7626044.997085322625935 ], [ 419105.925790158798918, 7626059.877216069027781 ], [ 419092.882306219544262, 7626081.380248575471342 ], [ 419069.150507810001727, 7626116.845508309081197 ] ] ] } },
{ "type": "Feature", "properties": { "fid": 379.0, "COMPR_M": 1373.44, "CLASSE": "06 - Acima do limite", "CD_FAZ": "403206", "TALHOES": "1, 2", "FAZ_tAL": "403206001, 403206002", "ID_LINHA": 194395 }, "geometry": { "type": "MultiLineString", "coordinates": [ [ [ 418751.355049547972158, 7624921.983195972628891 ], [ 418863.360746648628265, 7625011.845622079446912 ], [ 418891.04608716419898, 7625035.394606998190284 ], [ 418919.199356971075758, 7625060.90497173089534 ], [ 418947.45923501678044, 7625088.719274018891156 ], [ 418969.511070386506617, 7625112.420187570154667 ], [ 418990.574269831296988, 7625136.963630151003599 ], [ 419015.487418305710889, 7625168.758431971073151 ], [ 419038.794220150157344, 7625201.717163844034076 ], [ 419060.453947074594907, 7625235.764596057124436 ], [ 419080.419128388690297, 7625270.82951807230711 ], [ 419098.63553053420037, 7625306.844538924284279 ], [ 419115.041527860215865, 7625343.746673723682761 ], [ 419129.478284638316836, 7625381.153761303052306 ], [ 419141.952053646207787, 7625418.745083907619119 ], [ 419152.592577789677307, 7625456.409720920957625 ], [ 419163.140916614618618, 7625501.593357081525028 ], [ 419171.500924888474401, 7625546.656850651837885 ], [ 419178.816626961692236, 7625598.969304491765797 ], [ 419183.866134154726751, 7625651.581934050656855 ], [ 419186.294311771518551, 7625698.09785077162087 ], [ 419186.707558163674548, 7625721.826389962807298 ], [ 419186.50759672204731, 7625745.847167178057134 ], [ 419184.63669425615808, 7625786.483112387359142 ], [ 419180.56493528932333, 7625827.789088631048799 ], [ 419176.921318706823513, 7625852.847530786879361 ], [ 419173.942801985365804, 7625869.648617076687515 ], [ 419166.55607972771395, 7625903.427291271276772 ], [ 419159.665643309301231, 7625928.859300523996353 ], [ 419154.381508505088277, 7625945.828162400983274 ], [ 419142.046932154276874, 7625979.697125036269426 ], [ 419127.607147055095993, 7626012.567639328539371 ], [ 419119.817017913970631, 7626028.292318345978856 ], [ 419107.553674080234487, 7626051.016020368784666 ], [ 419085.921137709403411, 7626086.711312904953957 ], [ 419065.133701704326086, 7626117.322160464711487 ] ] ] } },
{ "type": "Feature", "properties": { "fid": 380.0, "COMPR_M": 1373.58, "CLASSE": "06 - Acima do limite", "CD_FAZ": "403206", "TALHOES": "1, 2", "FAZ_tAL": "403206001, 403206002", "ID_LINHA": 194396 }, "geometry": { "type": "MultiLineString", "coordinates": [ [ [ 418747.954761922301259, 7624923.086473473347723 ], [ 418856.0013513166341, 7625009.658329652622342 ], [ 418883.499474095529877, 7625032.808581631630659 ], [ 418911.509017544100061, 7625057.830466317012906 ], [ 418939.688682417792734, 7625085.069088013842702 ], [ 418967.273951338254847, 7625114.41906844265759 ], [ 418988.259235276491381, 7625138.871727695688605 ], [ 419013.081130025559105, 7625170.550077505409718 ], [ 419036.303098201053217, 7625203.388847626745701 ], [ 419057.884072488406673, 7625237.312485073693097 ], [ 419077.776364607037976, 7625272.249383675865829 ], [ 419095.925646284944378, 7625308.131687501445413 ], [ 419112.270319458271842, 7625344.895861513912678 ], [ 419126.653889617882669, 7625382.165196097455919 ], [ 419139.083670813881326, 7625419.624039398506284 ], [ 419149.688646084920038, 7625457.162940440699458 ], [ 419160.204081440053415, 7625502.205836391076446 ], [ 419168.540178072231356, 7625547.140673986636102 ], [ 419175.837069383240305, 7625599.319045178592205 ], [ 419180.874241986894049, 7625651.802577776834369 ], [ 419183.295604196260683, 7625698.186702339909971 ], [ 419183.707565995980985, 7625721.840968959033489 ], [ 419183.508282163471449, 7625745.781557213515043 ], [ 419182.634447327116504, 7625769.99078313447535 ], [ 419181.019088897970505, 7625794.449421127326787 ], [ 419176.484851973014884, 7625835.707549379207194 ], [ 419172.535024480079301, 7625860.715780750848353 ], [ 419169.34021750127431, 7625877.472928961738944 ], [ 419161.491779900330584, 7625911.1354891192168 ], [ 419151.531183658516966, 7625944.892109887674451 ], [ 419139.262775482027791, 7625978.579503269866109 ], [ 419124.899502885702532, 7626011.27567567396909 ], [ 419117.148173886351287, 7626026.922018863260746 ], [ 419104.942365142167546, 7626049.539052276872098 ], [ 419083.400854883948341, 7626085.083913183771074 ], [ 419061.116895599814598, 7626117.798812622204423 ] ] ] } },
{ "type": "Feature", "properties": { "fid": 381.0, "COMPR_M": 1373.73, "CLASSE": "06 - Acima do limite", "CD_FAZ": "403206", "TALHOES": "1, 2", "FAZ_tAL": "403206001, 403206002", "ID_LINHA": 194397 }, "geometry": { "type": "MultiLineString", "coordinates": [ [ [ 418744.554474303731695, 7624924.189750970341265 ], [ 418854.095425760257058, 7625011.975112222135067 ], [ 418881.537729936069809, 7625035.078303476795554 ], [ 418909.470569305121899, 7625060.031572304666042 ], [ 418937.554989485186525, 7625087.178014199249446 ], [ 418959.656204320956022, 7625110.456470911391079 ], [ 418980.810122460708953, 7625134.613356936722994 ], [ 419005.854966461949516, 7625165.93426438421011 ], [ 419029.313920906453859, 7625198.427914645522833 ], [ 419051.146754256100394, 7625232.017433788627386 ], [ 419071.306862631405238, 7625266.630084222182631 ], [ 419089.741141456295736, 7625302.196800861507654 ], [ 419106.391373885795474, 7625338.656350470148027 ], [ 419121.122016112611163, 7625375.72896527312696 ], [ 419133.887900789733976, 7625413.028221422806382 ], [ 419140.653243159642443, 7625435.462397686205804 ], [ 419146.784714382549282, 7625457.916159948334098 ], [ 419157.26724625879433, 7625502.818315707147121 ], [ 419165.579431255406234, 7625547.624497327953577 ], [ 419172.857511811540462, 7625599.668785866349936 ], [ 419177.882349817256909, 7625652.02322150580585 ], [ 419180.296896623447537, 7625698.275553897023201 ], [ 419180.707573843654245, 7625721.85554795153439 ], [ 419180.508967607747763, 7625745.715947235003114 ], [ 419179.638260233623441, 7625769.838842948898673 ], [ 419178.029034709557891, 7625794.204813175834715 ], [ 419173.513433661893941, 7625835.294032264500856 ], [ 419169.581016803800594, 7625860.192132896743715 ], [ 419166.400902633089572, 7625876.872238489799201 ], [ 419158.590395629173145, 7625910.372311487793922 ], [ 419151.365850046626292, 7625935.56008274294436 ], [ 419145.852396208851133, 7625952.347797440364957 ], [ 419133.071335881133564, 7625985.752353912219405 ], [ 419118.377887732349336, 7626017.824900727719069 ], [ 419102.331056212075055, 7626048.062084184959531 ], [ 419080.880572057445534, 7626083.456513470038772 ], [ 419057.073714533355087, 7626118.278594543226063 ] ] ] } },
{ "type": "Feature", "properties": { "fid": 382.0, "COMPR_M": 1373.9, "CLASSE": "06 - Acima do limite", "CD_FAZ": "403206", "TALHOES": "1, 2", "FAZ_tAL": "403206001, 403206002", "ID_LINHA": 194398 }, "geometry": { "type": "MultiLineString", "coordinates": [ [ [ 418741.15492882381659, 7624925.292787669226527 ], [ 418852.189500213542487, 7625014.291894792579114 ], [ 418879.575985769450199, 7625037.348025320097804 ], [ 418907.432121072895825, 7625062.232678294181824 ], [ 418935.421296545711812, 7625089.286940384656191 ], [ 418957.439280145103112, 7625112.47772671841085 ], [ 418978.514145797584206, 7625136.544344639405608 ], [ 419003.46640269405907, 7625167.749472576193511 ], [ 419026.839270153606776, 7625200.123886056244373 ], [ 419048.592155894031748, 7625233.590406347066164 ], [ 419068.678213958395645, 7625268.075914119370282 ], [ 419087.044220253883395, 7625303.51089327223599 ], [ 419103.631931195268407, 7625339.833511460572481 ], [ 419118.307515606284142, 7625376.767617643810809 ], [ 419131.027609251264948, 7625413.933163376525044 ], [ 419137.769682188518345, 7625436.290195558220148 ], [ 419143.880782679247204, 7625458.669379467144608 ], [ 419154.330411094473675, 7625503.430795019492507 ], [ 419162.618684435496107, 7625548.108320668339729 ], [ 419169.877954232157208, 7625600.018526563420892 ], [ 419174.890457647736184, 7625652.243865231052041 ], [ 419177.298189059481956, 7625698.364405456930399 ], [ 419177.707581680791918, 7625721.870126942172647 ], [ 419177.509653050103225, 7625745.650337252765894 ], [ 419176.642073139897548, 7625769.68690275400877 ], [ 419175.038980515557341, 7625793.960205235518515 ], [ 419170.54201535647735, 7625834.880515144206583 ], [ 419166.62700911948923, 7625859.66848505102098 ], [ 419163.461587773694191, 7625876.271548029966652 ], [ 419155.689011342299636, 7625909.60913385823369 ], [ 419148.501416108687408, 7625934.668149407021701 ], [ 419143.017128969659097, 7625951.367070652544498 ], [ 419130.305885898007546, 7625984.589215718209743 ], [ 419115.689652494969778, 7626016.493034009821713 ], [ 419107.852229558862746, 7626031.758451183326542 ], [ 419095.555767028883565, 7626053.838331301696599 ], [ 419073.948822099366225, 7626088.581756299361587 ], [ 419053.02529052819591, 7626118.758998613804579 ] ] ] } },
{ "type": "Feature", "properties": { "fid": 383.0, "COMPR_M": 1374.06, "CLASSE": "06 - Acima do limite", "CD_FAZ": "403206", "TALHOES": "1, 2", "FAZ_tAL": "403206001, 403206002", "ID_LINHA": 194399 }, "geometry": { "type": "MultiLineString", "coordinates": [ [ [ 418737.756969462672714, 7624926.39530973136425 ], [ 418850.283574663917534, 7625016.608677362091839 ], [ 418877.614241606730502, 7625039.617747165262699 ], [ 418905.393672830192372, 7625064.433784283697605 ], [ 418933.287603611941449, 7625091.395866559818387 ], [ 418955.222355974605307, 7625114.498982538469136 ], [ 418976.218169122817926, 7625138.475332329981029 ], [ 419001.077838912489824, 7625169.564680753275752 ], [ 419024.364619392086752, 7625201.819857457652688 ], [ 419046.037557523290161, 7625235.163378906436265 ], [ 419066.049565271474421, 7625269.521744009107351 ], [ 419084.347299042739905, 7625304.824985690414906 ], [ 419100.872488513705321, 7625341.010672433301806 ], [ 419115.493015104613733, 7625377.806270001456141 ], [ 419128.167317713843659, 7625414.838105322793126 ], [ 419134.886121221992653, 7625437.117993439547718 ], [ 419140.976850975013804, 7625459.422598985023797 ], [ 419151.393575914844405, 7625504.043274342082441 ], [ 419159.657937614247203, 7625548.592144016176462 ], [ 419166.898396668140776, 7625600.368267251178622 ], [ 419171.898565476411022, 7625652.464508960954845 ], [ 419174.299481489229947, 7625698.453257024288177 ], [ 419174.707589520723559, 7625721.884705934673548 ], [ 419174.510338495136239, 7625745.58472728356719 ], [ 419173.6458860472776, 7625769.534962568432093 ], [ 419172.048926327843219, 7625793.715597295202315 ], [ 419167.570597033482045, 7625834.466998036950827 ], [ 419163.673001438961364, 7625859.144837201572955 ], [ 419160.522272914648056, 7625875.670857559889555 ], [ 419152.787627058103681, 7625908.845956230536103 ], [ 419145.636982175114099, 7625933.776216059923172 ], [ 419140.181861733144615, 7625950.386343866586685 ], [ 419127.540435922390316, 7625983.426077533513308 ], [ 419113.001417260908056, 7626015.161167282611132 ], [ 419105.202704347437248, 7626030.351170962676406 ], [ 419092.963261240569409, 7626052.328610115684569 ], [ 419071.445675156195648, 7626086.928126642480493 ], [ 419048.976473655959126, 7626119.239449311047792 ] ] ] } },
{ "type": "Feature", "properties": { "fid": 384.0, "COMPR_M": 1374.24, "CLASSE": "06 - Acima do limite", "CD_FAZ": "403206", "TALHOES": "1, 2", "FAZ_tAL": "403206001, 403206002", "ID_LINHA": 194400 }, "geometry": { "type": "MultiLineString", "coordinates": [ [ [ 418734.359010101354215, 7624927.497831789776683 ], [ 418848.377649104804732, 7625018.925459932535887 ], [ 418875.652497445349582, 7625041.887469010427594 ], [ 418903.355224594182801, 7625066.634890278801322 ], [ 418931.15391068183817, 7625093.504792748950422 ], [ 418953.005431797006167, 7625116.520238350145519 ], [ 418973.922192454163451, 7625140.406320022419095 ], [ 418998.689275137614459, 7625171.379888939671218 ], [ 419021.889968633768149, 7625203.515828862786293 ], [ 419043.482959153945558, 7625236.736351465806365 ], [ 419063.420916600211058, 7625270.967573904432356 ], [ 419081.650377838930581, 7625306.139078107662499 ], [ 419098.113045827194583, 7625342.187833417207003 ], [ 419112.678514596947934, 7625378.84492237213999 ], [ 419125.307026171474718, 7625415.743047261610627 ], [ 419132.002560254361015, 7625437.945791316218674 ], [ 419138.07291927060578, 7625460.175818488933146 ], [ 419148.456740739697125, 7625504.655753658153117 ], [ 419156.697190800507087, 7625549.075967350974679 ], [ 419163.918839087302331, 7625600.718007936142385 ], [ 419168.906673304620199, 7625652.685152681544423 ], [ 419171.300773915485479, 7625698.542108586058021 ], [ 419171.707597363914829, 7625721.899284936487675 ], [ 419171.511023939703591, 7625745.519117299467325 ], [ 419170.649698957742658, 7625769.38302237726748 ], [ 419169.058872132038232, 7625793.470989352092147 ], [ 419164.599178726028185, 7625834.053480910137296 ], [ 419160.718993750459049, 7625858.621189352124929 ], [ 419157.582958042621613, 7625875.070167089812458 ], [ 419149.886242778564338, 7625908.082778606563807 ], [ 419142.772548237117007, 7625932.884282728657126 ], [ 419137.346594489295967, 7625949.40561709087342 ], [ 419124.774985942698549, 7625982.262939341366291 ], [ 419110.313182028767187, 7626013.829300569370389 ], [ 419102.553179137641564, 7626028.943890733644366 ], [ 419090.370755455864128, 7626050.818888916634023 ], [ 419068.942528216983192, 7626085.274496986530721 ], [ 419044.897153320256621, 7626119.723519687540829 ] ] ] } },
{ "type": "Feature", "properties": { "fid": 385.0, "COMPR_M": 1374.42, "CLASSE": "06 - Acima do limite", "CD_FAZ": "403206", "TALHOES": "1, 2", "FAZ_tAL": "403206001, 403206002", "ID_LINHA": 194401 }, "geometry": { "type": "MultiLineString", "coordinates": [ [ [ 418730.961281954776496, 7624928.60027882643044 ], [ 418846.471723552735057, 7625021.242242506705225 ], [ 418873.690753280709032, 7625044.157190850004554 ], [ 418901.316776355612092, 7625068.835996276699007 ], [ 418929.020217746146955, 7625095.613718937151134 ], [ 418950.788507614983246, 7625118.541494173929095 ], [ 418971.626215775788296, 7625142.337307719513774 ], [ 418996.300711360177957, 7625173.195097132585943 ], [ 419019.415317878010683, 7625205.211800262331963 ], [ 419040.92836078669643, 7625238.309324026107788 ], [ 419060.792267924814951, 7625272.413403799757361 ], [ 419078.953456636983901, 7625307.453170522116125 ], [ 419095.353603151626885, 7625343.364994408562779 ], [ 419109.86401409516111, 7625379.883574739098549 ], [ 419122.446734631434083, 7625416.647989206016064 ], [ 419129.118999281548895, 7625438.773589198477566 ], [ 419135.168987567187287, 7625460.929038003087044 ], [ 419145.519905570370611, 7625505.268232971429825 ], [ 419153.736443986184895, 7625549.559790693223476 ], [ 419160.939281519211363, 7625601.067748624831438 ], [ 419165.914781130908523, 7625652.90579641982913 ], [ 419168.302066347328946, 7625698.630960155278444 ], [ 419168.707605196745135, 7625721.913863924331963 ], [ 419168.511709385667928, 7625745.453507320955396 ], [ 419167.653511868615169, 7625769.231082185171545 ], [ 419166.068817943159956, 7625793.226381409913301 ], [ 419161.627760413568467, 7625833.639963797293603 ], [ 419157.764986075111665, 7625858.097541496157646 ], [ 419154.643643181480002, 7625874.469476621598005 ], [ 419146.984858501062263, 7625907.319600977934897 ], [ 419139.908114304766059, 7625931.992349385283887 ], [ 419134.511327250103932, 7625948.424890315160155 ], [ 419122.009535960736685, 7625981.09980115480721 ], [ 419107.624946786789224, 7626012.49743384309113 ], [ 419099.903653916786425, 7626027.536610515788198 ], [ 419087.778249675349798, 7626049.309167725965381 ], [ 419066.439381271891762, 7626083.620867332443595 ], [ 419040.817832977685612, 7626120.207590050064027 ] ] ] } },
{ "type": "Feature", "properties": { "fid": 386.0, "COMPR_M": 1374.6, "CLASSE": "06 - Acima do limite", "CD_FAZ": "403206", "TALHOES": "1, 2", "FAZ_tAL": "403206001, 403206002", "ID_LINHA": 194402 }, "geometry": { "type": "MultiLineString", "coordinates": [ [ [ 418727.56553677219199, 7624929.702082458883524 ], [ 418844.565798000432551, 7625023.55902507994324 ], [ 418871.729009127244353, 7625046.426912691444159 ], [ 418899.278328115178738, 7625071.037102266214788 ], [ 418926.886524803005159, 7625097.722645114175975 ], [ 418948.571583437151276, 7625120.562749983742833 ], [ 418969.330239106202498, 7625144.268295413814485 ], [ 418993.91214758285787, 7625175.010305309668183 ], [ 419016.94066711422056, 7625206.907771665602922 ], [ 419038.373762420145795, 7625239.882296584546566 ], [ 419058.163619244005531, 7625273.859233694151044 ], [ 419076.256535431020893, 7625308.767262933775783 ], [ 419092.594160461216234, 7625344.542155388742685 ], [ 419107.049513587437104, 7625380.922227095812559 ], [ 419119.586443095700815, 7625417.552931157872081 ], [ 419126.235438306233846, 7625439.60138706676662 ], [ 419132.265055863419548, 7625461.68225752748549 ], [ 419142.583070395630784, 7625505.88071228004992 ], [ 419150.775697168661281, 7625550.043614033609629 ], [ 419157.959723944659345, 7625601.417489319108427 ], [ 419162.92288895737147, 7625653.126440139487386 ], [ 419165.303358772944193, 7625698.719811713322997 ], [ 419165.707613042264711, 7625721.928442912176251 ], [ 419165.512394833029248, 7625745.38789735827595 ], [ 419164.657324771978892, 7625769.079142003320158 ], [ 419163.078763758006971, 7625792.981773464009166 ], [ 419158.656342104892246, 7625833.226446676999331 ], [ 419154.810978392255493, 7625857.573893651366234 ], [ 419151.704328317951877, 7625873.868786155246198 ], [ 419144.083474219718482, 7625906.556423345580697 ], [ 419137.043680368107744, 7625931.100416045635939 ], [ 419131.676060012308881, 7625947.444163527339697 ], [ 419119.244085973943584, 7625979.936662970110774 ], [ 419104.936711549991742, 7626011.165567132644355 ], [ 419097.254128696862608, 7626026.129330288618803 ], [ 419085.185743889771402, 7626047.799446529708803 ], [ 419063.936234328895807, 7626081.967237678356469 ], [ 419050.693349327833857, 7626101.384269705973566 ], [ 419036.73003427661024, 7626120.692666502669454 ] ] ] } },
{ "type": "Feature", "properties": { "fid": 387.0, "COMPR_M": 1374.8, "CLASSE": "06 - Acima do limite", "CD_FAZ": "403206", "TALHOES": "1, 2", "FAZ_tAL": "403206001, 403206002", "ID_LINHA": 194403 }, "geometry": { "type": "MultiLineString", "coordinates": [ [ [ 418724.169792660046369, 7624930.803885746747255 ], [ 418842.659872445918154, 7625025.875807642005384 ], [ 418869.767264957248699, 7625048.696634544990957 ], [ 418897.239879872242454, 7625073.238208258524537 ], [ 418924.752831876045093, 7625099.831571305170655 ], [ 418946.354659263335634, 7625122.584005808457732 ], [ 418967.03426243289141, 7625146.199283111840487 ], [ 418991.523583812289871, 7625176.825513497926295 ], [ 419014.466016352176666, 7625208.60374307166785 ], [ 419035.819164054992143, 7625241.455269137397408 ], [ 419055.534970570297446, 7625275.305063586682081 ], [ 419073.559614228201099, 7625310.081355354748666 ], [ 419089.834717779769562, 7625345.719316374510527 ], [ 419104.235013084253296, 7625381.96087946370244 ], [ 419116.726151552400552, 7625418.45787309948355 ], [ 419123.351877337496262, 7625440.429184950888157 ], [ 419129.361124158836901, 7625462.435477037914097 ], [ 419139.64623521611793, 7625506.493191597983241 ], [ 419143.980564679193776, 7625528.518801225349307 ], [ 419148.986818796664011, 7625557.857169320806861 ], [ 419155.815487618208863, 7625609.073893819004297 ], [ 419160.458509054384194, 7625660.844803283922374 ], [ 419162.501791803224478, 7625706.491748569533229 ], [ 419162.712058391189203, 7625729.709830282256007 ], [ 419162.305191651801579, 7625753.166502158157527 ], [ 419161.220259752881248, 7625776.842144776135683 ], [ 419159.393074527790304, 7625800.715526972897351 ], [ 419154.513193396967836, 7625840.878335744142532 ], [ 419150.366877963475417, 7625865.154130257666111 ], [ 419147.04850234236801, 7625881.390650071203709 ], [ 419138.977955384820234, 7625913.932973962277174 ], [ 419131.578909749048762, 7625938.339742339216173 ], [ 419125.960816035047174, 7625954.580597132444382 ], [ 419113.066010866197757, 7625986.704856853932142 ], [ 419098.466265675029717, 7626017.329922502860427 ], [ 419090.668595326016657, 7626032.011623669415712 ], [ 419078.463376875384711, 7626053.281748931854963 ], [ 419057.068585252272896, 7626086.847339390777051 ], [ 419032.620611711405218, 7626121.180308943614364 ] ] ] } },
{ "type": "Feature", "properties": { "fid": 388.0, "COMPR_M": 1375.0, "CLASSE": "06 - Acima do limite", "CD_FAZ": "403206", "TALHOES": "1, 2", "FAZ_tAL": "403206001, 403206002", "ID_LINHA": 194404 }, "geometry": { "type": "MultiLineString", "coordinates": [ [ [ 418720.774049613217358, 7624931.905688684433699 ], [ 418840.753946891170926, 7625028.192590217106044 ], [ 418867.805520800524391, 7625050.966356383636594 ], [ 418895.201431637338828, 7625075.439314252696931 ], [ 418922.619138942856807, 7625101.940497484989464 ], [ 418944.137735084455926, 7625124.60526162199676 ], [ 418964.738285768951755, 7625148.130270810797811 ], [ 418989.13502003980102, 7625178.640721680596471 ], [ 419011.99136559345061, 7625210.299714472144842 ], [ 419033.264565692399628, 7625243.028241701424122 ], [ 419052.906321889837272, 7625276.750893490388989 ], [ 419070.862693020142615, 7625311.395447773858905 ], [ 419087.075275095412508, 7625346.896477349102497 ], [ 419101.420512577053159, 7625382.999531824141741 ], [ 419113.865860024001449, 7625419.362815046682954 ], [ 419120.468316375568975, 7625441.256982821971178 ], [ 419126.457192454603501, 7625463.188696548342705 ], [ 419136.709400042367633, 7625507.105670910328627 ], [ 419141.030758458247874, 7625529.065392673946917 ], [ 419146.022843137092423, 7625558.320797071792185 ], [ 419152.83389428112423, 7625609.405827332288027 ], [ 419157.465176302241161, 7625661.044971605762839 ], [ 419159.50246546335984, 7625706.556485406123102 ], [ 419159.71205134637421, 7625729.698348515667021 ], [ 419159.306621384923346, 7625753.072808240540326 ], [ 419158.225753558857832, 7625776.660028040409088 ], [ 419156.405838769394904, 7625800.438593879342079 ], [ 419151.547002160688862, 7625840.428839018568397 ], [ 419147.419887462980114, 7625864.592319408431649 ], [ 419144.117553471005522, 7625880.750371577218175 ], [ 419136.088023779971991, 7625913.127502348273993 ], [ 419128.728584906551987, 7625937.403689834289253 ], [ 419123.141612451174296, 7625953.554595234803855 ], [ 419110.319713115051854, 7625985.497206697240472 ], [ 419095.7974216422881, 7626015.959623033180833 ], [ 419088.038264723843895, 7626030.568794598802924 ], [ 419075.889413064229302, 7626051.740635417401791 ], [ 419054.582145692431368, 7626085.168698514811695 ], [ 419028.511189156153705, 7626121.667951380833983 ] ] ] } },
{ "type": "Feature", "properties": { "fid": 389.0, "COMPR_M": 1375.22, "CLASSE": "06 - Acima do limite", "CD_FAZ": "403206", "TALHOES": "1, 2", "FAZ_tAL": "403206001, 403206002", "ID_LINHA": 194405 }, "geometry": { "type": "MultiLineString", "coordinates": [ [ [ 418717.380265020881779, 7624933.006856173276901 ], [ 418838.848021346027963, 7625030.509372792206705 ], [ 418865.84377663716441, 7625053.236078232526779 ], [ 418887.68796941882465, 7625072.609798967838287 ], [ 418915.039602984907106, 7625098.593247707001865 ], [ 418941.920810901094228, 7625126.626517437398434 ], [ 418962.44230909406906, 7625150.061258507892489 ], [ 418986.746456265449524, 7625180.455929873511195 ], [ 419009.516714835888706, 7625211.995685875415802 ], [ 419030.709967319387943, 7625244.601214256137609 ], [ 419050.277673216536641, 7625278.196723379194736 ], [ 419068.165771815285552, 7625312.709540192037821 ], [ 419084.315832409367431, 7625348.073638333007693 ], [ 419098.606012073811144, 7625384.038184189237654 ], [ 419111.00556847685948, 7625420.267756989225745 ], [ 419123.553260749496985, 7625463.941916069015861 ], [ 419133.772564872400835, 7625507.718150231987238 ], [ 419138.080952244694345, 7625529.611984113231301 ], [ 419143.058867472864222, 7625558.78442483022809 ], [ 419149.852300932165235, 7625609.737760858610272 ], [ 419154.471843556384556, 7625661.245139922015369 ], [ 419156.50313913798891, 7625706.621222238987684 ], [ 419156.71204429352656, 7625729.686866734176874 ], [ 419156.308051107975189, 7625752.979114335030317 ], [ 419155.231247359246481, 7625776.477911303751171 ], [ 419153.418603018042631, 7625800.161660776473582 ], [ 419148.580810908926651, 7625839.979342274367809 ], [ 419144.472896956955083, 7625864.030508555471897 ], [ 419141.18660461116815, 7625880.110093081369996 ], [ 419133.198092162492685, 7625912.322030737996101 ], [ 419125.878260062308982, 7625936.467637322843075 ], [ 419120.322408875101246, 7625952.528593320399523 ], [ 419107.573415362800006, 7625984.28955652192235 ], [ 419093.128577613038942, 7626014.589323548600078 ], [ 419085.407934120798018, 7626029.125965524464846 ], [ 419073.315449255052954, 7626050.199521917849779 ], [ 419052.095706130785402, 7626083.490057636983693 ], [ 419038.903005794796627, 7626102.447720848955214 ], [ 419024.383240027120337, 7626122.157792260870337 ] ] ] } },
{ "type": "Feature", "properties": { "fid": 390.0, "COMPR_M": 1379.43, "CLASSE": "06 - Acima do limite", "CD_FAZ": "403206", "TALHOES": "1, 2", "FAZ_tAL": "403206001, 403206002", "ID_LINHA": 194406 }, "geometry": { "type": "MultiLineString", "coordinates": [ [ [ 418710.895971614518203, 7624931.58057014644146 ], [ 418836.942095788195729, 7625032.826155358925462 ], [ 418863.882032477820758, 7625055.505800071172416 ], [ 418885.666434997227043, 7625074.826445933431387 ], [ 418912.926251562021207, 7625100.722554004751146 ], [ 418934.446635753265582, 7625122.939550636336207 ], [ 418955.124264881771524, 7625146.080823177471757 ], [ 418979.636454340536147, 7625176.121391545049846 ], [ 419002.629433148424141, 7625207.320100963115692 ], [ 419015.678502904833294, 7625226.561564712785184 ], [ 419028.155368960287888, 7625246.174186819233 ], [ 419047.649024538404774, 7625279.642553281039 ], [ 419065.468850615725387, 7625314.023632603697479 ], [ 419081.556389730947558, 7625349.250799326226115 ], [ 419095.7915115657961, 7625385.076836558058858 ], [ 419108.145276945142541, 7625421.172698935493827 ], [ 419120.64932904538, 7625464.695135577581823 ], [ 419130.835729698359501, 7625508.330629548057914 ], [ 419135.131146017170977, 7625530.158575568348169 ], [ 419140.094891803339124, 7625559.248052584007382 ], [ 419146.870707585243508, 7625610.069694369100034 ], [ 419151.478510818211362, 7625661.445308240130544 ], [ 419153.503812796901911, 7625706.68595907650888 ], [ 419153.712037250981666, 7625729.675384963862598 ], [ 419153.309480844181962, 7625752.885420424863696 ], [ 419152.236741160624661, 7625776.295794578269124 ], [ 419150.431367262615822, 7625799.884727674536407 ], [ 419145.614619665895589, 7625839.529845548793674 ], [ 419141.52590645843884, 7625863.468697705306113 ], [ 419138.255655744520482, 7625879.469814581796527 ], [ 419130.308160552813206, 7625911.516559133306146 ], [ 419123.027935216319747, 7625935.5315848197788 ], [ 419117.50320529541932, 7625951.502591411583126 ], [ 419104.827117609267589, 7625983.081906363368034 ], [ 419090.459733585244976, 7626013.219024068675935 ], [ 419082.777603527996689, 7626027.683136457577348 ], [ 419070.741485448554158, 7626048.658408397808671 ], [ 419058.198026588885114, 7626068.809916030615568 ], [ 419045.258707174158189, 7626088.187837353907526 ], [ 419020.244580819038674, 7626122.648904047906399 ] ] ] } },
{ "type": "Feature", "properties": { "fid": 391.0, "COMPR_M": 1375.46, "CLASSE": "06 - Acima do limite", "CD_FAZ": "403206", "TALHOES": "1, 2", "FAZ_tAL": "403206001, 403206002", "ID_LINHA": 194407 }, "geometry": { "type": "MultiLineString", "coordinates": [ [ [ 418710.743269564292859, 7624935.331793067976832 ], [ 418835.036170238687191, 7625035.142937924712896 ], [ 418861.920288311201148, 7625057.775521918199956 ], [ 418883.644900584069546, 7625077.043092895299196 ], [ 418910.812900143966544, 7625102.851860298775136 ], [ 418932.250201652408578, 7625124.983054187148809 ], [ 418952.847623971640132, 7625148.034570799209177 ], [ 418977.265874795964919, 7625177.960024469532073 ], [ 419000.171498730778694, 7625209.040209695696831 ], [ 419013.171152629947755, 7625228.20880779158324 ], [ 419025.600770590011962, 7625247.74715937115252 ], [ 419045.020375856256578, 7625281.088383169844747 ], [ 419062.771929410169832, 7625315.337725015357137 ], [ 419078.796947050257586, 7625350.427960302680731 ], [ 419092.977011061855592, 7625386.115488925017416 ], [ 419105.284985405276529, 7625422.077640886418521 ], [ 419117.745397340331692, 7625465.448355094529688 ], [ 419127.89889452024363, 7625508.943108862265944 ], [ 419132.181339798378758, 7625530.705167011357844 ], [ 419137.130916148307733, 7625559.711680345237255 ], [ 419143.889114237041213, 7625610.401627892628312 ], [ 419148.485178063274361, 7625661.645476553589106 ], [ 419150.50448647030862, 7625706.75069590844214 ], [ 419150.712030199705623, 7625729.663903191685677 ], [ 419150.310910569154657, 7625752.791726510971785 ], [ 419149.242234954494052, 7625776.113677850924432 ], [ 419147.444131512776949, 7625799.607794568873942 ], [ 419142.648428417160176, 7625839.080348803661764 ], [ 419138.578915953694377, 7625862.906886850483716 ], [ 419135.324706892075483, 7625878.829536086879671 ], [ 419127.418228951573838, 7625910.711087523959577 ], [ 419120.177610381622799, 7625934.595532309263945 ], [ 419114.684001723420806, 7625950.476589506492019 ], [ 419102.080819855851587, 7625981.874256199225783 ], [ 419095.115416982560419, 7625997.064075462520123 ], [ 419084.006502624426503, 7626019.092929161153734 ], [ 419076.217966917203739, 7626033.292403301224113 ], [ 419064.05527349334443, 7626053.893477659672499 ], [ 419042.788520060887095, 7626086.485375985503197 ], [ 419016.104163882613648, 7626123.140224412083626 ] ] ] } },
{ "type": "Feature", "properties": { "fid": 392.0, "COMPR_M": 1371.51, "CLASSE": "06 - Acima do limite", "CD_FAZ": "403206", "TALHOES": "1, 2", "FAZ_tAL": "403206001, 403206002", "ID_LINHA": 194408 }, "geometry": { "type": "MultiLineString", "coordinates": [ [ [ 418710.597056657890789, 7624939.08659206982702 ], [ 418833.130244679632597, 7625037.459720501676202 ], [ 418859.958544147899374, 7625060.045243754982948 ], [ 418881.62336616817629, 7625079.259739852510393 ], [ 418908.699548732023686, 7625104.981166598387063 ], [ 418935.270038365270011, 7625132.690284888260067 ], [ 418955.554379077802878, 7625155.854221591725945 ], [ 418979.58076493779663, 7625185.901554426178336 ], [ 419002.092762557906099, 7625217.083600085228682 ], [ 419014.854878549464047, 7625236.303972810506821 ], [ 419027.045577409036923, 7625255.887153165414929 ], [ 419046.063199243624695, 7625289.287770928815007 ], [ 419063.407035231706686, 7625323.577470476739109 ], [ 419079.015818694897462, 7625358.686115039512515 ], [ 419092.761149454570841, 7625394.302413580939174 ], [ 419104.663076908153016, 7625430.171505310572684 ], [ 419116.681632558873389, 7625473.420791354030371 ], [ 419126.441365213016979, 7625516.787183498963714 ], [ 419130.544472214882262, 7625538.483994936570525 ], [ 419135.272361657116562, 7625567.401856034994125 ], [ 419141.689313427370507, 7625617.95007115509361 ], [ 419145.962503874266986, 7625669.27068299613893 ], [ 419147.638018801109865, 7625714.403341883793473 ], [ 419147.649014609749429, 7625737.312112400308251 ], [ 419147.034316192031838, 7625760.422719102352858 ], [ 419145.734588987543248, 7625783.714058952406049 ], [ 419143.687541114864871, 7625807.163330137729645 ], [ 419138.436148581851739, 7625846.526824986562133 ], [ 419134.068439147784375, 7625870.264643354341388 ], [ 419130.605148888891563, 7625886.117369705811143 ], [ 419122.256510585546494, 7625917.830128952860832 ], [ 419114.664456590428017, 7625941.55980284512043 ], [ 419108.926085109822452, 7625957.326653767377138 ], [ 419095.918343342724256, 7625988.270446604117751 ], [ 419081.356977410556283, 7626017.685648933984339 ], [ 419073.60665798583068, 7626031.815435200929642 ], [ 419061.49955059424974, 7626052.322306679561734 ], [ 419040.318332940165419, 7626084.782914629206061 ], [ 419027.177987786126323, 7626103.307354240678251 ], [ 419011.937203817011323, 7626123.634694507345557 ] ] ] } },
{ "type": "Feature", "properties": { "fid": 393.0, "COMPR_M": 1367.52, "CLASSE": "06 - Acima do limite", "CD_FAZ": "403206", "TALHOES": "1, 2", "FAZ_tAL": "403206001, 403206002", "ID_LINHA": 194409 }, "geometry": { "type": "MultiLineString", "coordinates": [ [ [ 418710.47137449530419, 7624942.858169693499804 ], [ 418831.224319129018113, 7625039.776503070257604 ], [ 418857.996799987216946, 7625062.314965598285198 ], [ 418879.601831752748694, 7625081.47638681717217 ], [ 418906.586197312339209, 7625107.110472892411053 ], [ 418933.053114189824555, 7625134.711540706455708 ], [ 418953.258402406994719, 7625157.785209286957979 ], [ 418977.192201153317001, 7625187.716762613505125 ], [ 418999.618111800518818, 7625218.779571494087577 ], [ 419012.331540688872337, 7625237.926619158126414 ], [ 419024.475702820462175, 7625257.435042170807719 ], [ 419043.420435464475304, 7625290.707636531442404 ], [ 419060.697150978376158, 7625324.864619066007435 ], [ 419076.244610297726467, 7625359.835302835330367 ], [ 419089.936754437745549, 7625395.313848370686173 ], [ 419101.794694091484416, 7625431.050460798665881 ], [ 419113.771518130903132, 7625474.149755233898759 ], [ 419123.499967468902469, 7625517.377358670346439 ], [ 419127.590804043749813, 7625539.009313090704381 ], [ 419132.305353745701723, 7625567.845660863444209 ], [ 419138.705824288539588, 7625618.264505142346025 ], [ 419142.967836178082507, 7625669.449791349470615 ], [ 419144.638259037339594, 7625714.443324155174196 ], [ 419144.649227422312833, 7625737.273903774097562 ], [ 419144.036781544680707, 7625760.30025090649724 ], [ 419142.742119345231913, 7625783.501054849475622 ], [ 419140.703551790560596, 7625806.853346538729966 ], [ 419135.475750876707025, 7625846.040616841986775 ], [ 419131.129124279599637, 7625869.663952887058258 ], [ 419127.68328871531412, 7625885.436805056408048 ], [ 419119.378884991107043, 7625916.981731137260795 ], [ 419111.829189344658516, 7625940.579076056368649 ], [ 419106.123963302699849, 7625956.254870871081948 ], [ 419093.191330616071355, 7625987.019871191121638 ], [ 419086.119064894854091, 7626001.842500085011125 ], [ 419074.886611723573878, 7626023.354649234563112 ], [ 419054.815028851560783, 7626057.381404677405953 ], [ 419033.512452277296688, 7626089.308438310399652 ], [ 419007.770243743259925, 7626124.129164604470134 ] ] ] } },
{ "type": "Feature", "properties": { "fid": 394.0, "COMPR_M": 1363.55, "CLASSE": "06 - Acima do limite", "CD_FAZ": "403206", "TALHOES": "1, 2", "FAZ_tAL": "403206001, 403206002", "ID_LINHA": 194410 }, "geometry": { "type": "MultiLineString", "coordinates": [ [ [ 418710.34575057803886, 7624946.627999191172421 ], [ 418829.318393576133531, 7625042.093285640701652 ], [ 418856.035055820597336, 7625064.584687445312738 ], [ 418877.580297334585339, 7625083.693033788353205 ], [ 418904.472845888114534, 7625109.239779193885624 ], [ 418930.836190017929766, 7625136.7327965144068 ], [ 418950.962425733741838, 7625159.716196982190013 ], [ 418974.803637378907297, 7625189.531970798037946 ], [ 418997.143461044994183, 7625220.475542893633246 ], [ 419009.808202830899972, 7625239.549265529029071 ], [ 419021.90582822856959, 7625258.982931185513735 ], [ 419040.777671673567966, 7625292.127502139657736 ], [ 419057.98726671829354, 7625326.151767649687827 ], [ 419073.473401893279515, 7625360.984490636736155 ], [ 419087.11235942208441, 7625396.325283164158463 ], [ 419098.926311265444383, 7625431.929416287690401 ], [ 419110.861403700022493, 7625474.878719111904502 ], [ 419120.558569726999849, 7625517.967533849179745 ], [ 419124.637135878729168, 7625539.534631246700883 ], [ 419129.338345835392829, 7625568.289465698413551 ], [ 419135.722335146158002, 7625618.578939124941826 ], [ 419139.973168484691996, 7625669.628899708390236 ], [ 419141.638499277411029, 7625714.483306428417563 ], [ 419141.649440225446597, 7625737.235695141367614 ], [ 419141.039246910542715, 7625760.177782703191042 ], [ 419139.749649716657586, 7625783.288050729781389 ], [ 419137.719562463695183, 7625806.543362939730287 ], [ 419132.515353171795141, 7625845.554408702999353 ], [ 419128.189809421543032, 7625869.063262419775128 ], [ 419124.761428549536504, 7625884.756240411661565 ], [ 419116.501259398355614, 7625916.133333321660757 ], [ 419108.993922108784318, 7625939.598349280655384 ], [ 419103.321841493016109, 7625955.183087985962629 ], [ 419090.464317904319614, 7625985.769295781850815 ], [ 419083.430829664051998, 7626000.510633357800543 ], [ 419072.256281117792241, 7626021.911820164881647 ], [ 419052.277210363885388, 7626055.781481739133596 ], [ 419031.058038412011229, 7626087.583319543860853 ], [ 419003.587975689617451, 7626124.625451215542853 ] ] ] } },
{ "type": "Feature", "properties": { "fid": 395.0, "COMPR_M": 1359.59, "CLASSE": "06 - Acima do limite", "CD_FAZ": "403206", "TALHOES": "1, 2", "FAZ_tAL": "403206001, 403206002", "ID_LINHA": 194411 }, "geometry": { "type": "MultiLineString", "coordinates": [ [ [ 418710.220162612269633, 7624950.396750286221504 ], [ 418827.412468023016118, 7625044.410068210214376 ], [ 418854.073311657295562, 7625066.854409286752343 ], [ 418880.93229396577226, 7625090.847056210041046 ], [ 418907.683288400003221, 7625116.70298078097403 ], [ 418928.619265842833556, 7625138.754052337259054 ], [ 418948.666449067997746, 7625161.647184679284692 ], [ 418972.415073611191474, 7625191.347178981639445 ], [ 418994.66881028143689, 7625222.171514299698174 ], [ 419007.284864977002144, 7625241.17191187851131 ], [ 419019.335953642672393, 7625260.53082019649446 ], [ 419038.134907895408105, 7625293.547367742285132 ], [ 419055.277382467407733, 7625327.438916228711605 ], [ 419070.702193494071253, 7625362.133678430691361 ], [ 419084.287964409100823, 7625397.336717955768108 ], [ 419096.057928440568503, 7625432.808371776714921 ], [ 419107.95128927816404, 7625475.607682999223471 ], [ 419117.617171977413818, 7625518.557709019631147 ], [ 419121.683467707247473, 7625540.059949403628707 ], [ 419126.371337927354034, 7625568.73327052872628 ], [ 419132.738846009422559, 7625618.893373106606305 ], [ 419136.978500785480719, 7625669.808008071966469 ], [ 419138.638739510206506, 7625714.523288698866963 ], [ 419138.649653030443005, 7625737.197486510500312 ], [ 419138.041712276462931, 7625760.055314501747489 ], [ 419136.757180070213508, 7625783.075046624056995 ], [ 419134.735573145444505, 7625806.23337933793664 ], [ 419129.554955475614406, 7625845.068200571462512 ], [ 419125.250494560459629, 7625868.462571953423321 ], [ 419121.83956837921869, 7625884.07567576598376 ], [ 419113.623633796116337, 7625915.2849355135113 ], [ 419106.158654869592283, 7625938.617622502148151 ], [ 419100.519719686009921, 7625954.111305098980665 ], [ 419087.737305180402473, 7625984.518720358610153 ], [ 419080.742594426614232, 7625999.178766643628478 ], [ 419069.625950519694015, 7626020.468991092406213 ], [ 419049.739391870156396, 7626054.181558815762401 ], [ 419037.177068758872338, 7626073.418212373740971 ], [ 419024.268153437413275, 7626091.967879271134734 ], [ 418999.393720984167885, 7626125.123160215094686 ] ] ] } },
{ "type": "Feature", "properties": { "fid": 396.0, "COMPR_M": 1355.63, "CLASSE": "06 - Acima do limite", "CD_FAZ": "403206", "TALHOES": "1, 2", "FAZ_tAL": "403206001, 403206002", "ID_LINHA": 194412 }, "geometry": { "type": "MultiLineString", "coordinates": [ [ [ 418710.094574587536044, 7624954.16550276055932 ], [ 418825.506542468385305, 7625046.726850779727101 ], [ 418852.111567497369833, 7625069.124131130985916 ], [ 418878.893845722544938, 7625093.048162195831537 ], [ 418905.549595460761338, 7625118.811906956136227 ], [ 418931.480046614829917, 7625146.401162356138229 ], [ 418951.218682363920379, 7625169.401288349181414 ], [ 418974.58051752881147, 7625199.216406067833304 ], [ 418996.445147083024494, 7625230.135788144543767 ], [ 419008.826122652972117, 7625249.18376561999321 ], [ 419020.640599742415361, 7625268.58321226015687 ], [ 419039.041141467518173, 7625301.651734655722976 ], [ 419055.779221820645034, 7625335.575828206725419 ], [ 419070.786530253128149, 7625370.268148491159081 ], [ 419083.95011653425172, 7625405.398223144933581 ], [ 419095.327983952360228, 7625440.779852944426239 ], [ 419106.795021695201285, 7625483.463292179629207 ], [ 419116.081301878439263, 7625526.292212341912091 ], [ 419119.974776413524523, 7625547.733302703127265 ], [ 419124.449267311720178, 7625576.324559694156051 ], [ 419130.48913344333414, 7625626.370051668956876 ], [ 419134.398113283212297, 7625677.354497142136097 ], [ 419135.707691442221403, 7625722.074232836253941 ], [ 419135.519249270553701, 7625744.731797587126493 ], [ 419134.695453857886605, 7625767.559740114025772 ], [ 419133.178221841051709, 7625790.53569402359426 ], [ 419130.906762203550898, 7625813.635505931451917 ], [ 419125.270901562646031, 7625852.337415159679949 ], [ 419120.669962574087549, 7625875.628143607638776 ], [ 419117.051804020768031, 7625891.161177740432322 ], [ 419108.399341003794689, 7625922.181082658469677 ], [ 419100.587983832228929, 7625945.346579977311194 ], [ 419094.71626869821921, 7625960.697554977610707 ], [ 419081.577196125057526, 7625990.604257186874747 ], [ 419074.446669406024739, 7626004.997227197512984 ], [ 419063.161422260920517, 7626025.907562844455242 ], [ 419043.076329620438628, 7626059.045517744496465 ], [ 419021.829011374968104, 7626090.221239006146789 ], [ 418995.196207969740499, 7626125.621255846694112 ] ] ] } },
{ "type": "Feature", "properties": { "fid": 397.0, "COMPR_M": 1351.69, "CLASSE": "06 - Acima do limite", "CD_FAZ": "403206", "TALHOES": "1, 2", "FAZ_tAL": "403206001, 403206002", "ID_LINHA": 194413 }, "geometry": { "type": "MultiLineString", "coordinates": [ [ [ 418709.969073345419019, 7624957.931651210412383 ], [ 418823.600616922718473, 7625049.043633351102471 ], [ 418850.149823340587318, 7625071.393852982670069 ], [ 418876.85539748670999, 7625095.249268191866577 ], [ 418903.415902533801273, 7625120.920833146199584 ], [ 418929.242927575483918, 7625148.400043216533959 ], [ 418948.903647808358073, 7625171.309385892003775 ], [ 418972.174229255528189, 7625201.008051602169871 ], [ 418993.954025140847079, 7625231.807471930980682 ], [ 419006.287036008841824, 7625250.781656192615628 ], [ 419018.055683064856566, 7625270.105848787352443 ], [ 419036.384492964367382, 7625303.045448534190655 ], [ 419053.056606336729601, 7625336.83582441881299 ], [ 419068.003932046587579, 7625371.389474350959063 ], [ 419081.116198296251241, 7625406.382656896486878 ], [ 419092.451847148244269, 7625441.633090939372778 ], [ 419103.879014908568934, 7625484.168312825262547 ], [ 419113.135583133262116, 7625526.860423784703016 ], [ 419117.017463903408498, 7625548.237696909345686 ], [ 419121.479411299224012, 7625576.748883228749037 ], [ 419127.503840149613097, 7625626.666875649243593 ], [ 419131.402227989456151, 7625677.51195233874023 ], [ 419132.707699281396344, 7625722.088811832480133 ], [ 419132.519934713724069, 7625744.66618762165308 ], [ 419131.699266758689191, 7625767.407799929380417 ], [ 419130.188167657528538, 7625790.29108607955277 ], [ 419127.926473188330419, 7625813.291743417270482 ], [ 419122.316893880430143, 7625851.813767313957214 ], [ 419117.739013716520276, 7625874.98786511272192 ], [ 419114.139787805266678, 7625890.439641652628779 ], [ 419105.534907064517029, 7625921.289149329066277 ], [ 419097.768780250917189, 7625944.320578069426119 ], [ 419091.932112022070214, 7625959.579933214001358 ], [ 419078.869551946874708, 7625989.312293523922563 ], [ 419071.777825370372739, 7626003.626927712932229 ], [ 419060.550113337114453, 7626024.430594759061933 ], [ 419040.556046790559776, 7626057.418118027038872 ], [ 419019.389869312755764, 7626088.474598737433553 ], [ 418990.975758657674305, 7626126.12207321729511 ] ] ] } },
{ "type": "Feature", "properties": { "fid": 398.0, "COMPR_M": 1347.75, "CLASSE": "06 - Acima do limite", "CD_FAZ": "403206", "TALHOES": "1, 2", "FAZ_tAL": "403206001, 403206002", "ID_LINHA": 194414 }, "geometry": { "type": "MultiLineString", "coordinates": [ [ [ 418709.843581922585145, 7624961.697504844516516 ], [ 418821.694691365642939, 7625051.360415924340487 ], [ 418848.188079176703468, 7625073.663574824109674 ], [ 418874.816949248313904, 7625097.450374191626906 ], [ 418901.282209591357969, 7625123.029759332537651 ], [ 418927.005808528338093, 7625150.39892409555614 ], [ 418946.588613250642084, 7625173.21748342551291 ], [ 418969.76794097176753, 7625202.799697138369083 ], [ 418991.462903195002582, 7625233.47915571462363 ], [ 419003.747949362325016, 7625252.379546771757305 ], [ 419015.470766397425905, 7625271.628485317341983 ], [ 419033.727844466455281, 7625304.439162412658334 ], [ 419050.333990858111065, 7625338.095820630900562 ], [ 419065.221333843655884, 7625372.510800212621689 ], [ 419078.28228007000871, 7625407.367090660147369 ], [ 419089.575710345292464, 7625442.486328937113285 ], [ 419100.963008119666483, 7625484.873333475552499 ], [ 419110.189864397863857, 7625527.428635221906006 ], [ 419114.060151404759381, 7625548.742091113701463 ], [ 419118.509555297263432, 7625577.173206767067313 ], [ 419124.518546848092228, 7625626.963699626736343 ], [ 419128.406342697213404, 7625677.669407526031137 ], [ 419129.70770712319063, 7625722.103390827775002 ], [ 419129.520620159688406, 7625744.600577644072473 ], [ 419128.703079669852741, 7625767.255859734490514 ], [ 419127.198113456659485, 7625790.046478131785989 ], [ 419124.94618417165475, 7625812.947980904951692 ], [ 419119.3628862000769, 7625851.290119465440512 ], [ 419114.808064850862138, 7625874.347586609423161 ], [ 419111.227771588717587, 7625889.718105563893914 ], [ 419102.670473130885512, 7625920.397215988487005 ], [ 419094.949576674611308, 7625943.294576165266335 ], [ 419089.14795534935547, 7625958.462311445735395 ], [ 419076.161907781730406, 7625988.020329870283604 ], [ 419069.108981348690577, 7626002.256628233939409 ], [ 419057.938804398756474, 7626022.953626675531268 ], [ 419038.03576395829441, 7626055.790718315169215 ], [ 419025.497210249071941, 7626074.568146457895637 ], [ 419012.631635218160227, 7626092.705040041357279 ], [ 418986.755309338390362, 7626126.622890585102141 ] ] ] } },
{ "type": "Feature", "properties": { "fid": 399.0, "COMPR_M": 1343.83, "CLASSE": "06 - Acima do limite", "CD_FAZ": "403206", "TALHOES": "1, 2", "FAZ_tAL": "403206001, 403206002", "ID_LINHA": 194415 }, "geometry": { "type": "MultiLineString", "coordinates": [ [ [ 418709.718105044856202, 7624965.462922118604183 ], [ 418819.788765817531385, 7625053.677198497578502 ], [ 418846.226335016777739, 7625075.933296662755311 ], [ 418872.778501007473096, 7625099.65148018207401 ], [ 418899.148516664572526, 7625125.138685513287783 ], [ 418924.768689488642849, 7625152.397804960608482 ], [ 418944.273578693973832, 7625175.125580973923206 ], [ 418967.361652688123286, 7625204.591342667117715 ], [ 418988.971781245374586, 7625235.150839496403933 ], [ 419001.208862724015489, 7625253.977437356486917 ], [ 419012.885849730169866, 7625273.151121834293008 ], [ 419031.071195965923835, 7625305.832876279950142 ], [ 419047.611375368316658, 7625339.355816844850779 ], [ 419062.438735642295796, 7625373.63212607614696 ], [ 419070.461007018748205, 7625394.424707839265466 ], [ 419077.835641390120145, 7625415.330439360812306 ], [ 419088.74914570216788, 7625450.362759476527572 ], [ 419099.723438048094977, 7625492.638119144365191 ], [ 419108.582890051882714, 7625535.077898588962853 ], [ 419116.529229171574116, 7625584.687875859439373 ], [ 419122.221607665764168, 7625634.400485447607934 ], [ 419124.538516101485584, 7625663.246823092922568 ], [ 419125.768602386175189, 7625685.15328255482018 ], [ 419126.711973803001456, 7625729.572049002163112 ], [ 419126.322348404210061, 7625752.042175237089396 ], [ 419125.286185362376273, 7625774.656743988394737 ], [ 419123.546245485602412, 7625797.392329762689769 ], [ 419121.042775053938385, 7625820.223638691939414 ], [ 419115.002991938323248, 7625858.41240003798157 ], [ 419110.152127700275742, 7625881.353417173959315 ], [ 419106.365478572668508, 7625896.635114180855453 ], [ 419097.375011624302715, 7625927.107112249359488 ], [ 419086.363798680074979, 7625957.344689678400755 ], [ 419080.110437846218701, 7625972.213054873980582 ], [ 419069.989653474942315, 7625993.851299764588475 ], [ 419062.810300907760393, 7626007.834687362425029 ], [ 419051.483168720616959, 7626028.173071041703224 ], [ 419031.395324103243183, 7626060.470052126795053 ], [ 419010.207243128970731, 7626090.937987667508423 ], [ 418982.516120699525345, 7626127.125931641086936 ] ] ] } },
{ "type": "Feature", "properties": { "fid": 400.0, "COMPR_M": 1339.9, "CLASSE": "06 - Acima do limite", "CD_FAZ": "403206", "TALHOES": "1, 2", "FAZ_tAL": "403206001, 403206002", "ID_LINHA": 194416 }, "geometry": { "type": "MultiLineString", "coordinates": [ [ [ 418709.592714392347261, 7624969.225751804187894 ], [ 418817.882840258069336, 7625055.993981059640646 ], [ 418844.264590849576052, 7625078.203018512576818 ], [ 418870.74005276337266, 7625101.852586176246405 ], [ 418897.014823729579803, 7625127.247611700557172 ], [ 418922.531570443243254, 7625154.396685829386115 ], [ 418941.958544137072749, 7625177.033678513020277 ], [ 418964.955364414316136, 7625206.382988208904862 ], [ 418986.480659300519619, 7625236.822523278184235 ], [ 418998.669776081456803, 7625255.575327923521399 ], [ 419010.300933053833432, 7625274.673758370801806 ], [ 419028.414547462656628, 7625307.226590158417821 ], [ 419044.888759885216132, 7625340.615813057869673 ], [ 419059.65613743418362, 7625374.753451926633716 ], [ 419067.646506510383915, 7625395.463360195979476 ], [ 419074.992573422437999, 7625416.288125028833747 ], [ 419085.865584730228875, 7625451.190557361580431 ], [ 419096.801821147208102, 7625493.319514658302069 ], [ 419105.633083834487479, 7625535.624490042217076 ], [ 419113.556700891000219, 7625585.093051531352103 ], [ 419119.234561919351108, 7625634.679132167249918 ], [ 419122.771629184833728, 7625685.288482816889882 ], [ 419123.711966744274832, 7625729.560567228123546 ], [ 419123.323778136749752, 7625751.948481317609549 ], [ 419122.291679167596158, 7625774.474627252668142 ], [ 419120.55900973174721, 7625797.115396664477885 ], [ 419118.066667036851868, 7625819.845366204157472 ], [ 419112.056001427874435, 7625857.85058918595314 ], [ 419107.230267530190758, 7625880.672852536663413 ], [ 419103.464094291965012, 7625895.871936559677124 ], [ 419094.524686780583579, 7625926.171059751883149 ], [ 419083.579642004915513, 7625956.227067907340825 ], [ 419077.364140095131006, 7625971.005404700525105 ], [ 419067.301418237504549, 7625992.519433044828475 ], [ 419060.160775700991508, 7626006.427407139912248 ], [ 419048.890662937250454, 7626026.663349845446646 ], [ 419028.892177160654683, 7626058.81642246991396 ], [ 419003.466071993636433, 7626095.042851179838181 ], [ 418978.270601770840585, 7626127.629723880439997 ] ] ] } },
{ "type": "Feature", "properties": { "fid": 401.0, "COMPR_M": 1335.99, "CLASSE": "06 - Acima do limite", "CD_FAZ": "403206", "TALHOES": "1, 2", "FAZ_tAL": "403206001, 403206002", "ID_LINHA": 194417 }, "geometry": { "type": "MultiLineString", "coordinates": [ [ [ 418709.467323739198036, 7624972.988581487908959 ], [ 418815.976914708851837, 7625058.310763634741306 ], [ 418842.302846687030979, 7625080.472740352153778 ], [ 418868.701604528701864, 7625104.053692161105573 ], [ 418894.881130789057352, 7625129.356537882238626 ], [ 418920.294451393419877, 7625156.395566696301103 ], [ 418939.643509579240344, 7625178.941776058636606 ], [ 418962.54907613270916, 7625208.174633741378784 ], [ 418983.989537362474948, 7625238.494207059033215 ], [ 418996.130689437151887, 7625257.173218511044979 ], [ 419007.716016387566924, 7625276.196394894272089 ], [ 419025.757898964686319, 7625308.620304027572274 ], [ 419042.166144409333356, 7625341.875809270888567 ], [ 419056.873539226246066, 7625375.874777788296342 ], [ 419064.832006005221047, 7625396.502012561075389 ], [ 419072.149505473382305, 7625417.245810687541962 ], [ 419082.982023764401674, 7625452.018355230800807 ], [ 419093.880204251967371, 7625494.00091016292572 ], [ 419102.683277613890823, 7625536.171081494539976 ], [ 419110.584172604605556, 7625585.498227195814252 ], [ 419116.247516181087121, 7625634.957778882235289 ], [ 419119.774655983841512, 7625685.42368308454752 ], [ 419120.711959698644932, 7625729.549085462465882 ], [ 419120.325207859918009, 7625751.854787403717637 ], [ 419119.297172965249047, 7625774.292510518804193 ], [ 419117.571773972420488, 7625796.838463567197323 ], [ 419115.090559030300938, 7625819.467093704268336 ], [ 419109.109010932850651, 7625857.288778334856033 ], [ 419104.308407356729731, 7625879.992287885397673 ], [ 419100.562710015918128, 7625895.108758926391602 ], [ 419091.674361936515197, 7625925.235007237643003 ], [ 419080.795485324051697, 7625955.109446140006185 ], [ 419074.617842343403026, 7625969.797754535451531 ], [ 419064.613183002686128, 7625991.187566326931119 ], [ 419057.511250484501943, 7626005.020126916468143 ], [ 419046.298157147539314, 7626025.153628650121391 ], [ 419026.389030221442226, 7626057.162792813032866 ], [ 419001.055889344890602, 7626093.256470357067883 ], [ 418974.0149221586762, 7626128.134721836075187 ] ] ] } },
{ "type": "Feature", "properties": { "fid": 402.0, "COMPR_M": 1332.09, "CLASSE": "06 - Acima do limite", "CD_FAZ": "403206", "TALHOES": "1, 2", "FAZ_tAL": "403206001, 403206002", "ID_LINHA": 194418 }, "geometry": { "type": "MultiLineString", "coordinates": [ [ [ 418709.341972817666829, 7624976.75021886639297 ], [ 418819.307976344367489, 7625064.952826071530581 ], [ 418845.610166678321548, 7625087.323633942753077 ], [ 418871.908892884268425, 7625111.151295091025531 ], [ 418897.904120103106834, 7625136.733984724618495 ], [ 418922.958702314761467, 7625163.935672800987959 ], [ 418942.005813377152663, 7625186.582412927411497 ], [ 418964.532105070305988, 7625215.922231021337211 ], [ 418985.590299637697171, 7625246.328481627628207 ], [ 418997.50018855422968, 7625265.049857517704368 ], [ 419008.85255486657843, 7625284.108190558850765 ], [ 419026.501835788832977, 7625316.574667993932962 ], [ 419042.511294807132799, 7625349.852683061733842 ], [ 419056.805136665992904, 7625383.829686858691275 ], [ 419064.517199310532305, 7625404.416761486791074 ], [ 419071.597817567177117, 7625425.112633660435677 ], [ 419082.062092761683743, 7625459.801177900284529 ], [ 419092.560269163572229, 7625501.676690846681595 ], [ 419101.007790537842084, 7625543.737176511436701 ], [ 419108.547686886275187, 7625592.938346700742841 ], [ 419113.901893808157183, 7625642.350447583012283 ], [ 419116.015826917893719, 7625671.061766568571329 ], [ 419117.078692206356209, 7625692.839880460873246 ], [ 419117.651142664835788, 7625736.93002606742084 ], [ 419117.058969817822799, 7625759.198037108406425 ], [ 419115.809892615070567, 7625781.584017852321267 ], [ 419112.114451016532257, 7625819.088821207173169 ], [ 419106.162020424322691, 7625856.726967481896281 ], [ 419101.386547191184945, 7625879.311723239719868 ], [ 419097.661325731372926, 7625894.345581295900047 ], [ 419088.824037091224454, 7625924.298954732716084 ], [ 419078.011328657739796, 7625953.991824368014932 ], [ 419071.871544591151178, 7625968.590104373171926 ], [ 419061.924947769846767, 7625989.855699595995247 ], [ 419054.861725269700401, 7626003.612846685573459 ], [ 419043.705651373194996, 7626023.643907461315393 ], [ 419023.88588327501202, 7626055.509163158014417 ], [ 418998.645706700044684, 7626091.470089529640973 ], [ 418969.74550362728769, 7626128.641350103542209 ] ] ] } },
{ "type": "Feature", "properties": { "fid": 403.0, "COMPR_M": 1328.19, "CLASSE": "06 - Acima do limite", "CD_FAZ": "403206", "TALHOES": "1, 2", "FAZ_tAL": "403206001, 403206002", "ID_LINHA": 194419 }, "geometry": { "type": "MultiLineString", "coordinates": [ [ [ 418709.216686194820795, 7624980.509926646947861 ], [ 418817.392638510908, 7625067.261834945529699 ], [ 418843.634691883344203, 7625089.581417717039585 ], [ 418869.852785749419127, 7625113.33591783978045 ], [ 418895.74954989249818, 7625138.821580840274692 ], [ 418920.701679165009409, 7625165.912051156163216 ], [ 418939.67199488368351, 7625188.467488901689649 ], [ 418962.108348963607568, 7625217.690174119547009 ], [ 418983.082949365023524, 7625247.975724704563618 ], [ 418994.945590183197055, 7625266.62283007055521 ], [ 419006.252829094650224, 7625285.605402164161205 ], [ 419023.831532829150092, 7625317.94203872513026 ], [ 419039.776180963090155, 7625351.085314081981778 ], [ 419054.011529632494785, 7625384.923295572400093 ], [ 419061.692804288002662, 7625405.428196281194687 ], [ 419068.745961955399252, 7625426.043822122737765 ], [ 419079.171429796260782, 7625460.603821063414216 ], [ 419089.63331627077423, 7625502.334784589707851 ], [ 419094.085990035906434, 7625523.279110383242369 ], [ 419099.273588885553181, 7625551.264062132686377 ], [ 419106.46174803172471, 7625600.342959491536021 ], [ 419111.509480797976721, 7625649.731376810930669 ], [ 419113.426916254218668, 7625678.456683503463864 ], [ 419114.325330058811232, 7625700.230288289487362 ], [ 419114.524047377868555, 7625744.272527759894729 ], [ 419113.722144213388674, 7625766.496158791705966 ], [ 419112.247842506621964, 7625788.823438414372504 ], [ 419108.142230804485735, 7625826.196655700914562 ], [ 419101.735975653748028, 7625863.657048210501671 ], [ 419096.667690497590229, 7625886.110425115562975 ], [ 419092.739049622439779, 7625901.045428201556206 ], [ 419083.476516960712615, 7625930.771808241494 ], [ 419072.231436304165982, 7625960.163313752040267 ], [ 419065.921203442441765, 7625974.514117043465376 ], [ 419055.764761188591365, 7625995.40513083525002 ], [ 419037.279955922916997, 7626028.623932779766619 ], [ 419017.285552260989789, 7626059.989085344597697 ], [ 418991.935753320867661, 7626095.437915975227952 ], [ 418965.472619259729981, 7626129.148389652371407 ] ] ] } },
{ "type": "Feature", "properties": { "fid": 404.0, "COMPR_M": 1324.3, "CLASSE": "06 - Acima do limite", "CD_FAZ": "403206", "TALHOES": "1, 2", "FAZ_tAL": "403206001, 403206002", "ID_LINHA": 194420 }, "geometry": { "type": "MultiLineString", "coordinates": [ [ [ 418709.091399579308927, 7624984.269634426571429 ], [ 418815.477300662954804, 7625069.570843814872205 ], [ 418841.65921707986854, 7625091.839201507158577 ], [ 418867.796678613696713, 7625115.520540590398014 ], [ 418893.594979674788192, 7625140.909176952205598 ], [ 418918.444656009669416, 7625167.888429516926408 ], [ 418941.921609721030109, 7625196.084858905524015 ], [ 418963.98076637921622, 7625225.409021344035864 ], [ 418976.516171519702766, 7625243.5092584034428 ], [ 418988.513429517741315, 7625261.966890242882073 ], [ 419007.282146492798347, 7625293.476113725453615 ], [ 419024.469390183163341, 7625325.849438327364624 ], [ 419040.016447271278594, 7625359.009600820019841 ], [ 419053.838592422893271, 7625392.810182707384229 ], [ 419061.278770691016689, 7625413.273693195544183 ], [ 419068.101195413561072, 7625433.841886172071099 ], [ 419078.168101681105327, 7625468.319433432072401 ], [ 419088.240942686854396, 7625509.946417098864913 ], [ 419096.31627638329519, 7625551.76845632866025 ], [ 419103.484375572530553, 7625600.710843165405095 ], [ 419108.519123651552945, 7625649.971919894218445 ], [ 419110.431030970241409, 7625678.614138694480062 ], [ 419111.326622486754786, 7625700.319139854982495 ], [ 419111.524732827034313, 7625744.206917785108089 ], [ 419110.72595711518079, 7625766.344218606129289 ], [ 419109.257788315881044, 7625788.578830473124981 ], [ 419105.170812493597623, 7625825.783138586208224 ], [ 419098.796660785796121, 7625863.056357746943831 ], [ 419093.755674281390384, 7625885.388889027759433 ], [ 419089.849118018290028, 7625900.23995659314096 ], [ 419080.64124972675927, 7625929.791081462986767 ], [ 419069.465986319526564, 7625959.000175567343831 ], [ 419063.194190728943795, 7625973.263541634194553 ], [ 419053.09591716749128, 7625994.034831365570426 ], [ 419034.70599211123772, 7626027.082819269970059 ], [ 419014.799112699052785, 7626058.310444470494986 ], [ 418989.539222495572176, 7626093.633265487849712 ], [ 418961.180532329482958, 7626129.65770785883069 ] ] ] } },
{ "type": "Feature", "properties": { "fid": 405.0, "COMPR_M": 1320.42, "CLASSE": "06 - Acima do limite", "CD_FAZ": "403206", "TALHOES": "1, 2", "FAZ_tAL": "403206001, 403206002", "ID_LINHA": 194421 }, "geometry": { "type": "MultiLineString", "coordinates": [ [ [ 418708.966178456903435, 7624988.027376699261367 ], [ 418813.561962823674548, 7625071.879852684214711 ], [ 418839.683742277906276, 7625094.096985282376409 ], [ 418865.740571484318934, 7625117.705163350328803 ], [ 418891.440409460512456, 7625142.996773079037666 ], [ 418916.187632860033773, 7625169.864807878620923 ], [ 418939.569277443632018, 7625197.946780514903367 ], [ 418961.539795953431167, 7625227.153119781985879 ], [ 418974.025049584335648, 7625245.180942189879715 ], [ 418985.974342871923, 7625263.564780818298459 ], [ 419004.667843636882026, 7625294.947724353522062 ], [ 419021.785662961541675, 7625327.190270097926259 ], [ 419037.269061499566305, 7625360.21463218703866 ], [ 419051.034352935093921, 7625393.876230060122907 ], [ 419058.44485245575197, 7625414.258126951754093 ], [ 419065.240903870610055, 7625434.746828122064471 ], [ 419075.270651116967201, 7625469.097214857116342 ], [ 419085.308919750503264, 7625510.58153728954494 ], [ 419093.358963881153613, 7625552.272850533947349 ], [ 419100.507003123639151, 7625601.078726829960942 ], [ 419105.52876651706174, 7625650.212462984025478 ], [ 419107.43514567654347, 7625678.771593887358904 ], [ 419108.32791492290562, 7625700.407991422340274 ], [ 419108.525418268400244, 7625744.14130781032145 ], [ 419107.729770027275663, 7625766.192278417758644 ], [ 419106.267734128166921, 7625788.33422252908349 ], [ 419102.199394177063368, 7625825.369621474295855 ], [ 419095.857345928030554, 7625862.455667272210121 ], [ 419090.843658064783085, 7625884.667352938093245 ], [ 419086.959186411462724, 7625899.434484986588359 ], [ 419077.805982486228459, 7625928.810354683548212 ], [ 419066.700536343909334, 7625957.837037379853427 ], [ 419060.467178005143069, 7625972.012966223061085 ], [ 419050.427073138067499, 7625992.664531880058348 ], [ 419032.132028301537503, 7626025.541705757379532 ], [ 419012.312673136650119, 7626056.631803590804338 ], [ 418987.142691657063551, 7626091.828615000471473 ], [ 418956.888445403776132, 7626130.167026068083942 ] ] ] } },
{ "type": "Feature", "properties": { "fid": 406.0, "COMPR_M": 1316.55, "CLASSE": "06 - Acima do limite", "CD_FAZ": "403206", "TALHOES": "1, 2", "FAZ_tAL": "403206001, 403206002", "ID_LINHA": 194422 }, "geometry": { "type": "MultiLineString", "coordinates": [ [ [ 418708.840999103966169, 7624991.783865654841065 ], [ 418811.646624983754009, 7625074.188861552625895 ], [ 418837.708267468144186, 7625096.35476906504482 ], [ 418863.684464340272825, 7625119.889786098152399 ], [ 418889.285839251708239, 7625145.084369190968573 ], [ 418913.930609707545955, 7625171.841186239384115 ], [ 418937.216945159831084, 7625199.80870212148875 ], [ 418959.098825525026768, 7625228.897218212485313 ], [ 418971.53392763400916, 7625246.852625966072083 ], [ 418983.435256233555265, 7625265.162671398371458 ], [ 419002.053540780034382, 7625296.41933498904109 ], [ 419019.10193572496064, 7625328.531101859174669 ], [ 419034.521675729425624, 7625361.419663554988801 ], [ 419048.230113443452865, 7625394.942277409136295 ], [ 419055.610934229043778, 7625415.242560712620616 ], [ 419062.380612332723103, 7625435.651770068332553 ], [ 419072.373200555273797, 7625469.874996274709702 ], [ 419082.376896810892504, 7625511.21665748860687 ], [ 419090.401651381864212, 7625552.777244741097093 ], [ 419097.529630678938702, 7625601.446610491722822 ], [ 419102.538409374828916, 7625650.453006069175899 ], [ 419104.439260384941008, 7625678.929049083031714 ], [ 419105.329207352246158, 7625700.496842976659536 ], [ 419105.526103709184099, 7625744.075697839260101 ], [ 419104.733582931919955, 7625766.040338228456676 ], [ 419103.277679936261848, 7625788.089614585042 ], [ 419099.227975866873749, 7625824.956104356795549 ], [ 419092.91803106921725, 7625861.854976810514927 ], [ 419087.93164184782654, 7625883.94581684563309 ], [ 419084.069254801841453, 7625898.629013376310468 ], [ 419074.9707152476185, 7625927.829627903178334 ], [ 419063.935086363402661, 7625956.673899194225669 ], [ 419057.74016529234359, 7625970.762390803545713 ], [ 419047.758229099446908, 7625991.294232403859496 ], [ 419029.55806449247757, 7626024.000592253170907 ], [ 419017.873501330206636, 7626042.771520594134927 ], [ 419005.735713323811069, 7626060.948455553501844 ], [ 418980.463149707764387, 7626095.668080899864435 ], [ 418952.576547641307116, 7626130.678695116192102 ] ] ] } },
{ "type": "Feature", "properties": { "fid": 407.0, "COMPR_M": 1312.68, "CLASSE": "06 - Acima do limite", "CD_FAZ": "403206", "TALHOES": "1, 2", "FAZ_tAL": "403206001, 403206002", "ID_LINHA": 194423 }, "geometry": { "type": "MultiLineString", "coordinates": [ [ [ 418708.715819740784355, 7624995.540354603901505 ], [ 418809.731287151167635, 7625076.49787041824311 ], [ 418835.732792672351934, 7625098.612552843056619 ], [ 418861.62835721380543, 7625122.074408853426576 ], [ 418887.131269035860896, 7625147.171965312212706 ], [ 418911.673586561460979, 7625173.817564591765404 ], [ 418934.864612877485342, 7625201.670623735524714 ], [ 418956.657855090510566, 7625230.641316646710038 ], [ 418969.042805689794477, 7625248.524309751577675 ], [ 418980.896169582381845, 7625266.760561974719167 ], [ 418999.439237924292684, 7625297.890945615246892 ], [ 419009.818007964640856, 7625316.982587266713381 ], [ 419019.621190130361356, 7625336.363203674554825 ], [ 419034.645864118880127, 7625369.262536030262709 ], [ 419047.945002975873649, 7625402.733926745131612 ], [ 419055.091097711934708, 7625422.991924671456218 ], [ 419061.637334531522356, 7625443.355837693437934 ], [ 419071.282490071374923, 7625477.499867325648665 ], [ 419080.909531745186541, 7625518.742777897976339 ], [ 419084.984440297528636, 7625539.450630174949765 ], [ 419089.707305543532129, 7625567.129724405705929 ], [ 419096.183620678377338, 7625615.712564142420888 ], [ 419100.591854136670008, 7625664.848169635981321 ], [ 419102.515265159716364, 7625707.786485265940428 ], [ 419102.333786237402819, 7625751.292623947374523 ], [ 419101.330135770491324, 7625773.19981012865901 ], [ 419099.648359450220596, 7625795.176864957436919 ], [ 419095.189368491584901, 7625831.888401044532657 ], [ 419088.429525081883185, 7625868.585080144926906 ], [ 419083.154404327564407, 7625890.529693156480789 ], [ 419079.092126663890667, 7625905.104161754250526 ], [ 419069.576744479243644, 7625934.060558998957276 ], [ 419058.140055836760439, 7625962.551853545941412 ], [ 419051.793110224301927, 7625976.392656965181231 ], [ 419041.614099196798634, 7625996.576445559039712 ], [ 419023.163707172148861, 7626028.754742005839944 ], [ 419003.265526204253547, 7626059.245994193479419 ], [ 418978.079697370179929, 7626093.846195680089295 ], [ 418948.26308275887277, 7626131.190550115890801 ] ] ] } },
{ "type": "Feature", "properties": { "fid": 408.0, "COMPR_M": 1308.83, "CLASSE": "06 - Acima do limite", "CD_FAZ": "403206", "TALHOES": "1, 2", "FAZ_tAL": "403206001, 403206002", "ID_LINHA": 194424 }, "geometry": { "type": "MultiLineString", "coordinates": [ [ [ 418708.590732059907168, 7624999.294092703610659 ], [ 418807.815949304727837, 7625078.806879294104874 ], [ 418833.757317866082303, 7625100.870336625725031 ], [ 418859.572250073892064, 7625124.259031608700752 ], [ 418884.976698824146297, 7625149.25956142321229 ], [ 418909.416563409846276, 7625175.793942945078015 ], [ 418932.512280599214137, 7625203.532545356079936 ], [ 418954.216884653316811, 7625232.385415082797408 ], [ 418966.551683741796296, 7625250.1959935342893 ], [ 418978.357082949951291, 7625268.358452556654811 ], [ 418996.824935068318155, 7625299.362556245177984 ], [ 419007.161359462421387, 7625318.376301137730479 ], [ 419016.92426892509684, 7625337.677296078763902 ], [ 419031.886421427712776, 7625370.43969701603055 ], [ 419045.130502474319655, 7625403.772579113021493 ], [ 419058.768951711594127, 7625444.234793185256422 ], [ 419068.37855836370727, 7625478.253086832351983 ], [ 419077.972696563054342, 7625519.355257217772305 ], [ 419082.034634075826034, 7625539.997221619822085 ], [ 419086.743329881108366, 7625567.593352161347866 ], [ 419093.202027332503349, 7625616.044497665017843 ], [ 419097.598521389008965, 7625665.048337943851948 ], [ 419099.515938825381454, 7625707.851222096011043 ], [ 419099.335215966159012, 7625751.198930033482611 ], [ 419098.335629574779887, 7625773.017693392932415 ], [ 419096.661123696481809, 7625794.899931855499744 ], [ 419092.22317724279128, 7625831.438904305920005 ], [ 419085.498576224432327, 7625867.944801649078727 ], [ 419080.253020045813173, 7625889.76651553530246 ], [ 419076.214501069742255, 7625904.255763939581811 ], [ 419066.757540901191533, 7625933.034557098522782 ], [ 419055.393758078454994, 7625961.344203381799161 ], [ 419049.085466047865339, 7625975.100693315267563 ], [ 419038.964573976641987, 7625995.169165339320898 ], [ 419020.60798427159898, 7626027.183571031317115 ], [ 419000.795339089061599, 7626057.543532833456993 ], [ 418975.696245045575779, 7626092.024310452863574 ], [ 418943.934740057215095, 7626131.704170595854521 ] ] ] } },
{ "type": "Feature", "properties": { "fid": 409.0, "COMPR_M": 1304.97, "CLASSE": "06 - Acima do limite", "CD_FAZ": "403206", "TALHOES": "1, 2", "FAZ_tAL": "403206001, 403206002", "ID_LINHA": 194425 }, "geometry": { "type": "MultiLineString", "coordinates": [ [ [ 418708.46566315216478, 7625003.047266944311559 ], [ 418805.900611467019189, 7625081.11588815972209 ], [ 418836.948991388082504, 7625107.677831603214145 ], [ 418862.621567347145174, 7625131.288607947528362 ], [ 418887.793524972861633, 7625156.530260336585343 ], [ 418907.159540253924206, 7625177.770321308635175 ], [ 418930.159948314016219, 7625205.394466962665319 ], [ 418951.775914221885614, 7625234.129513525404036 ], [ 418964.060561797930859, 7625251.867677314206958 ], [ 418975.817996304540429, 7625269.95634313300252 ], [ 418994.210632213391364, 7625300.834166876971722 ], [ 419004.5047109661391, 7625319.770015010610223 ], [ 419014.227347715059295, 7625338.991388505324721 ], [ 419029.126978745509405, 7625371.616858 ], [ 419042.316001969447825, 7625404.811231477186084 ], [ 419055.900568882934749, 7625445.113748674280941 ], [ 419065.47462665574858, 7625479.006306348368526 ], [ 419075.035861395299435, 7625519.967736531980336 ], [ 419079.084827860584483, 7625540.543813079595566 ], [ 419083.779354213387705, 7625568.056979915127158 ], [ 419090.220433986047283, 7625616.376431174576283 ], [ 419094.605188635759987, 7625665.24850625731051 ], [ 419096.516612494946457, 7625707.915958926081657 ], [ 419096.336645695439074, 7625751.105236126109958 ], [ 419095.341123381396756, 7625772.835576662793756 ], [ 419093.673887946468312, 7625794.622998751699924 ], [ 419089.256986001390032, 7625830.989407569169998 ], [ 419082.567627358075697, 7625867.304523153230548 ], [ 419077.351635768834967, 7625889.003337904810905 ], [ 419073.336875478620641, 7625903.407366123050451 ], [ 419063.938337319646962, 7625932.008555192500353 ], [ 419052.647460330917966, 7625960.136553214862943 ], [ 419046.377821881847922, 7625973.808729650452733 ], [ 419036.315048766729888, 7625993.761885110288858 ], [ 419018.052261380886193, 7626025.612400053068995 ], [ 419006.363854693248868, 7626043.933755559846759 ], [ 418994.241830454207957, 7626061.706538006663322 ], [ 418969.046127358393278, 7626095.743815815076232 ], [ 418939.601244832680095, 7626132.218402493745089 ] ] ] } },
{ "type": "Feature", "properties": { "fid": 410.0, "COMPR_M": 1301.13, "CLASSE": "06 - Acima do limite", "CD_FAZ": "403206", "TALHOES": "1, 2", "FAZ_tAL": "403206001, 403206002", "ID_LINHA": 194426 }, "geometry": { "type": "MultiLineString", "coordinates": [ [ [ 418708.340598704642616, 7625006.800307735800743 ], [ 418803.985273628612049, 7625083.424897033721209 ], [ 418834.958963091252372, 7625109.922800926491618 ], [ 418860.547071033040993, 7625133.455779714509845 ], [ 418885.617901352001354, 7625158.595906478352845 ], [ 418909.591446687700227, 7625185.155775537714362 ], [ 418932.224863458075561, 7625212.894050064496696 ], [ 418953.470744866412133, 7625241.722275651991367 ], [ 418965.531497465155553, 7625259.506426250562072 ], [ 418977.063401621591765, 7625277.633637981489301 ], [ 418995.076050986768678, 7625308.559151169843972 ], [ 419005.139412149786949, 7625327.51363386772573 ], [ 419014.629118656448554, 7625346.746144955977798 ], [ 419029.134067532897461, 7625379.371495331637561 ], [ 419041.922039197816048, 7625412.508239820599556 ], [ 419055.06206872704206, 7625452.725184905342758 ], [ 419064.299572862219065, 7625486.542141187936068 ], [ 419073.496205838979222, 7625527.41033657360822 ], [ 419081.866219284711406, 7625575.390343024395406 ], [ 419087.986508922302164, 7625623.609882913529873 ], [ 419092.058485355693847, 7625672.494633425027132 ], [ 419093.642343020590488, 7625715.123022765852511 ], [ 419093.078692720679101, 7625758.218291509896517 ], [ 419091.870135528384708, 7625779.879984967410564 ], [ 419089.975733277795371, 7625801.583625316619873 ], [ 419085.14898993918905, 7625837.775078482925892 ], [ 419078.011665829748381, 7625873.86720607150346 ], [ 419072.509528360271361, 7625895.407126938924193 ], [ 419068.297265892557334, 7625909.694015923887491 ], [ 419058.487892603385262, 7625938.034561777487397 ], [ 419046.832114420714788, 7625965.760089145973325 ], [ 419040.419065875874367, 7625979.200765836983919 ], [ 419030.170991521619726, 7625998.826554995030165 ], [ 419011.672114499844611, 7626030.182714901864529 ], [ 418991.787416587176267, 7626059.98141923174262 ], [ 418966.675165486871265, 7626093.905708422884345 ], [ 418935.256618388346396, 7626132.733955275267363 ] ] ] } },
{ "type": "Feature", "properties": { "fid": 411.0, "COMPR_M": 1297.29, "CLASSE": "06 - Acima do limite", "CD_FAZ": "403206", "TALHOES": "1, 2", "FAZ_tAL": "403206001, 403206002", "ID_LINHA": 194427 }, "geometry": { "type": "MultiLineString", "coordinates": [ [ [ 418708.215643420815468, 7625010.550072475336492 ], [ 418802.069935796316713, 7625085.733905894681811 ], [ 418832.96893479663413, 7625112.167770257219672 ], [ 418858.472574727027677, 7625135.622951485216618 ], [ 418883.442277723341249, 7625160.661552621051669 ], [ 418907.31480577896582, 7625187.10952316224575 ], [ 418929.854283914493863, 7625214.732682986184955 ], [ 418951.012810449232347, 7625243.442384387366474 ], [ 418963.024147187359631, 7625261.153669323772192 ], [ 418974.508803253644146, 7625279.206610532477498 ], [ 418992.44740230293246, 7625310.004981067031622 ], [ 419002.469109197147191, 7625328.881004597991705 ], [ 419011.91923440375831, 7625348.033293535932899 ], [ 419026.362859133689199, 7625380.5206831227988 ], [ 419039.097644174995366, 7625413.51967460475862 ], [ 419052.185931918385904, 7625453.57842290494591 ], [ 419061.389458440418821, 7625487.271105068735778 ], [ 419070.554808099754155, 7625528.000511747784913 ], [ 419078.899211371666752, 7625575.834147863090038 ], [ 419085.003019784518983, 7625623.924316907301545 ], [ 419089.063817653572187, 7625672.673741780221462 ], [ 419090.642583252687473, 7625715.163005037233233 ], [ 419090.081158082815818, 7625758.095823314040899 ], [ 419088.877665886015166, 7625779.666980857029557 ], [ 419086.99174395436421, 7625801.273641718551517 ], [ 419082.188592239283025, 7625837.288870353251696 ], [ 419075.08980565960519, 7625873.186641428619623 ], [ 419069.61959674739046, 7625894.601655330508947 ], [ 419065.432831956190057, 7625908.80208258703351 ], [ 419055.685770792362746, 7625936.962778886780143 ], [ 419044.105101702327374, 7625964.509513737633824 ], [ 419037.730830642336514, 7625977.868899118155241 ], [ 419027.540660913917236, 7625997.383725924417377 ], [ 419009.134296017698944, 7626028.582791980355978 ], [ 418997.394035767996684, 7626046.559958323836327 ], [ 418985.241880484507419, 7626064.021635048091412 ], [ 418960.041559407080058, 7626097.528465025126934 ], [ 418930.907833253848366, 7626133.246424620971084 ] ] ] } },
{ "type": "Feature", "properties": { "fid": 412.0, "COMPR_M": 1293.45, "CLASSE": "06 - Acima do limite", "CD_FAZ": "403206", "TALHOES": "1, 2", "FAZ_tAL": "403206001, 403206002", "ID_LINHA": 194428 }, "geometry": { "type": "MultiLineString", "coordinates": [ [ [ 418708.090688139142003, 7625014.299837211146951 ], [ 418774.494882690429222, 7625067.147230915725231 ], [ 418805.29917703801766, 7625092.328944768756628 ], [ 418836.092034604982473, 7625118.975725265219808 ], [ 418861.427341827424243, 7625142.646181121468544 ], [ 418886.125085565668996, 7625167.896628788672388 ], [ 418909.634845651686192, 7625194.473975513130426 ], [ 418931.809489426086657, 7625222.205718128010631 ], [ 418952.599747370928526, 7625251.003028159029782 ], [ 418964.388121362426318, 7625268.756899997591972 ], [ 418975.648085614433512, 7625286.844933340325952 ], [ 418993.207923629437573, 7625317.685083022341132 ], [ 419009.209350141056348, 7625349.320442117750645 ], [ 419023.591650739079341, 7625381.669870918616652 ], [ 419036.273249164631125, 7625414.53110939823091 ], [ 419049.309795117704198, 7625454.431660893373191 ], [ 419060.138913089700509, 7625494.743622524663806 ], [ 419068.949802018934861, 7625535.383595417253673 ], [ 419075.932203458913136, 7625576.277952698990703 ], [ 419082.019530643825419, 7625624.238750896416605 ], [ 419086.069149956223555, 7625672.852850127965212 ], [ 419087.642823486006819, 7625715.202987308613956 ], [ 419087.08362344710622, 7625757.973355109803379 ], [ 419085.885196247487329, 7625779.45397674664855 ], [ 419084.007754628430121, 7625800.963658111169934 ], [ 419079.228194539726246, 7625836.802662208676338 ], [ 419072.167945493943989, 7625872.506076781079173 ], [ 419066.729665133054368, 7625893.796183716505766 ], [ 419062.568398016155697, 7625907.910149250179529 ], [ 419052.883648993214592, 7625935.890995996072888 ], [ 419047.342386476579122, 7625949.695070057176054 ], [ 419038.254889358417131, 7625969.932838693261147 ], [ 419031.745164928084705, 7625983.072435528039932 ], [ 419021.380479378218297, 7626002.276073424145579 ], [ 419002.751804356288631, 7626033.00712229218334 ], [ 418982.802738423459232, 7626062.274994779378176 ], [ 418957.682480653864332, 7626095.675134211778641 ], [ 418926.557719413773157, 7626133.751435644924641 ] ] ] } },
{ "type": "Feature", "properties": { "fid": 413.0, "COMPR_M": 1289.61, "CLASSE": "06 - Acima do limite", "CD_FAZ": "403206", "TALHOES": "1, 2", "FAZ_tAL": "403206001, 403206002", "ID_LINHA": 194429 }, "geometry": { "type": "MultiLineString", "coordinates": [ [ [ 418707.965760622988455, 7625018.048768848180771 ], [ 418772.617596251424402, 7625069.487275209277868 ], [ 418803.37354040867649, 7625094.62937355786562 ], [ 418834.086646917450707, 7625121.206987774930894 ], [ 418859.333743462222628, 7625144.79490870423615 ], [ 418883.928651466732845, 7625169.940132338553667 ], [ 418907.338868978491519, 7625196.40496320836246 ], [ 418929.420925649814308, 7625224.020926317200065 ], [ 418950.125096619944088, 7625252.698999555781484 ], [ 418961.86478350678226, 7625270.379546353593469 ], [ 418973.078211024170741, 7625288.392822342924774 ], [ 418990.565159846446477, 7625319.104948628693819 ], [ 419006.499465889995918, 7625350.607590705156326 ], [ 419020.820442339696456, 7625382.819058719091117 ], [ 419033.448854145710357, 7625415.54254418797791 ], [ 419046.433658316847868, 7625455.284898902289569 ], [ 419057.222906306968071, 7625495.448643172159791 ], [ 419066.004083279462066, 7625535.951806854456663 ], [ 419073.961715184908826, 7625583.538059810176492 ], [ 419079.739147416839842, 7625631.416059359908104 ], [ 419083.46806336613372, 7625680.031235441565514 ], [ 419084.707824714365415, 7625722.322075708769262 ], [ 419083.760273287538439, 7625764.976756907999516 ], [ 419082.347300594614353, 7625786.377358976751566 ], [ 419080.241848869947717, 7625807.79154321923852 ], [ 419075.052770962996874, 7625843.435401722788811 ], [ 419067.547528327850159, 7625878.895064229145646 ], [ 419061.826373102259822, 7625900.013774867169559 ], [ 419057.470463806414045, 7625914.002377154305577 ], [ 419047.385605236806441, 7625941.697984920814633 ], [ 419035.547245191875845, 7625968.640875030308962 ], [ 419029.076320892898366, 7625981.702136043459177 ], [ 419018.769170446321368, 7626000.799105330370367 ], [ 419000.231521523790434, 7626031.379722582176328 ], [ 418976.265753808256704, 7626066.199254550971091 ], [ 418951.065272649517283, 7626099.20722608268261 ], [ 418922.198583956051152, 7626134.257493995130062 ] ] ] } },
{ "type": "Feature", "properties": { "fid": 414.0, "COMPR_M": 1285.77, "CLASSE": "06 - Acima do limite", "CD_FAZ": "403206", "TALHOES": "1, 2", "FAZ_tAL": "403206001, 403206002", "ID_LINHA": 194430 }, "geometry": { "type": "MultiLineString", "coordinates": [ [ [ 418707.840922078466974, 7625021.795030401088297 ], [ 418770.740309816261288, 7625071.827319508418441 ], [ 418801.447903774329461, 7625096.929802341386676 ], [ 418832.08125923020998, 7625123.438250297680497 ], [ 418857.240145105053671, 7625146.943636288866401 ], [ 418881.732217372744344, 7625171.983635882847011 ], [ 418905.042892314086203, 7625198.335950894281268 ], [ 418927.032361870456953, 7625225.836134502664208 ], [ 418947.650445858947933, 7625254.394970958121121 ], [ 418959.341445653175469, 7625272.002192718908191 ], [ 418970.508336430590134, 7625289.940711353905499 ], [ 418987.922396063571796, 7625320.52481422945857 ], [ 418997.632117910077795, 7625339.257756043225527 ], [ 419006.772143125825096, 7625358.255760029889643 ], [ 419020.699762576259673, 7625390.452013945207 ], [ 419032.939588387904223, 7625423.118030767887831 ], [ 419045.495731161558069, 7625462.779727647081017 ], [ 419055.899184601206798, 7625502.859051797538996 ], [ 419064.335796760045923, 7625543.276770306751132 ], [ 419070.991859173518606, 7625583.962383339181542 ], [ 419076.753854121663608, 7625631.712883343920112 ], [ 419080.472178075870033, 7625680.188690632581711 ], [ 419081.707832558080554, 7625722.33665469661355 ], [ 419080.764086193521507, 7625764.824816713109612 ], [ 419079.357246408937499, 7625786.132751036435366 ], [ 419077.261559849837795, 7625807.447780711576343 ], [ 419072.098763285728637, 7625842.911753874272108 ], [ 419064.635512109729461, 7625878.173528135754168 ], [ 419058.948747507878579, 7625899.165377059951425 ], [ 419054.620138959900942, 7625913.066324643790722 ], [ 419044.601448565197643, 7625940.580363158136606 ], [ 419032.839601015904918, 7625967.348911373876035 ], [ 419026.407476859109011, 7625980.331836566329002 ], [ 419016.157861522282474, 7625999.32213724963367 ], [ 418997.711238700721879, 7626029.752322867512703 ], [ 418973.841361718892585, 7626064.432202186435461 ], [ 418948.717460646759719, 7626097.339645760133862 ], [ 418917.832674780045636, 7626134.764338716864586 ] ] ] } },
{ "type": "Feature", "properties": { "fid": 415.0, "COMPR_M": 1281.95, "CLASSE": "06 - Acima do limite", "CD_FAZ": "403206", "TALHOES": "1, 2", "FAZ_tAL": "403206001, 403206002", "ID_LINHA": 194431 }, "geometry": { "type": "MultiLineString", "coordinates": [ [ [ 418707.716083531500772, 7625025.541291961446404 ], [ 418768.86302338144742, 7625074.167363816872239 ], [ 418799.522267148131505, 7625099.230231122113764 ], [ 418830.075871541397646, 7625125.669512808322906 ], [ 418855.146546752599534, 7625149.092363872565329 ], [ 418879.535783271305263, 7625174.027139435522258 ], [ 418902.746915636002086, 7625200.266938596963882 ], [ 418924.643798100412823, 7625227.651342684403062 ], [ 418945.175795100512914, 7625256.090942361392081 ], [ 418956.818107793631498, 7625273.624839073047042 ], [ 418967.938461843004916, 7625291.488600360229611 ], [ 418985.279632282210514, 7625321.94467983301729 ], [ 418994.948390676465351, 7625340.598587814718485 ], [ 419004.049527637194842, 7625359.515756238251925 ], [ 419017.917164370941464, 7625391.573339804075658 ], [ 419030.105670152814128, 7625424.10246451664716 ], [ 419042.612170189793687, 7625463.607525524683297 ], [ 419052.9775677016587, 7625503.540447308681905 ], [ 419061.385990547656547, 7625543.823361754417419 ], [ 419068.022003170568496, 7625584.386706873774529 ], [ 419073.768560829339549, 7625632.009707326069474 ], [ 419077.476292784442194, 7625680.346145827323198 ], [ 419078.707840394577943, 7625722.351233696565032 ], [ 419077.767899101774674, 7625764.672876527532935 ], [ 419075.055786659242585, 7625800.033707314170897 ], [ 419072.485211068182252, 7625821.234450302086771 ], [ 419069.144755601126235, 7625842.38810602016747 ], [ 419061.723495891899802, 7625877.45199204236269 ], [ 419056.071121913264506, 7625898.316979241557419 ], [ 419051.76981412403984, 7625912.130272142589092 ], [ 419041.817291897023097, 7625939.462741390801966 ], [ 419036.169673817930743, 7625952.890652224421501 ], [ 419026.977889691537712, 7625972.541432238183916 ], [ 419010.003076192631852, 7626004.017531959339976 ], [ 418991.344973050116096, 7626034.011977614834905 ], [ 418967.313332284742501, 7626068.247138850390911 ], [ 418942.116166571737267, 7626100.787212118506432 ], [ 418913.456177533022128, 7626135.272412628866732 ] ] ] } },
{ "type": "Feature", "properties": { "fid": 416.0, "COMPR_M": 1278.13, "CLASSE": "06 - Acima do limite", "CD_FAZ": "403206", "TALHOES": "1, 2", "FAZ_tAL": "403206001, 403206002", "ID_LINHA": 194432 }, "geometry": { "type": "MultiLineString", "coordinates": [ [ [ 418707.591295951744542, 7625029.286024115048349 ], [ 418766.985736939357594, 7625076.507408119738102 ], [ 418797.596630517742597, 7625101.53065989818424 ], [ 418828.070483854273334, 7625127.900775318965316 ], [ 418853.052948393800762, 7625151.241091445088387 ], [ 418877.339349176094402, 7625176.070642992854118 ], [ 418900.450938968686387, 7625202.197926296852529 ], [ 418922.255234317330178, 7625229.46655086427927 ], [ 418942.701144335325807, 7625257.786913759075105 ], [ 418954.294769926927984, 7625275.247485438361764 ], [ 418965.368587250704877, 7625293.036489373072982 ], [ 418982.63686850090744, 7625323.364545441232622 ], [ 418992.264663444424514, 7625341.93941957782954 ], [ 419001.326912155898754, 7625360.775752447545528 ], [ 419015.134566158696543, 7625392.694665663875639 ], [ 419027.271751929598395, 7625425.086898280307651 ], [ 419039.728609213547315, 7625464.435323395766318 ], [ 419050.055950805719476, 7625504.22184281796217 ], [ 419058.436184320715256, 7625544.369953203946352 ], [ 419065.052147164999042, 7625584.811030412092805 ], [ 419070.783267527236603, 7625632.306531304493546 ], [ 419074.480407494411338, 7625680.503601023927331 ], [ 419075.707848233869299, 7625722.365812681615353 ], [ 419074.771712012472562, 7625764.520936338230968 ], [ 419072.071797334763687, 7625799.723723707720637 ], [ 419069.513792749145068, 7625820.820933181792498 ], [ 419066.190747920947615, 7625841.864458173513412 ], [ 419058.811479674244765, 7625876.730455956421793 ], [ 419053.193496320978738, 7625897.468581430613995 ], [ 419048.91948927717749, 7625911.194219633936882 ], [ 419039.033135222445708, 7625938.345119612291455 ], [ 419033.423376064456534, 7625951.683002058416605 ], [ 419024.289654459280428, 7625971.209565512835979 ], [ 419007.410570409905631, 7626002.507810773327947 ], [ 418988.841826104209758, 7626032.358347957022488 ], [ 418964.903149638150353, 7626066.460758028551936 ], [ 418939.77900682867039, 7626098.906320738606155 ], [ 418909.074129937391263, 7626135.781130880117416 ] ] ] } },
{ "type": "Feature", "properties": { "fid": 417.0, "COMPR_M": 1274.32, "CLASSE": "06 - Acima do limite", "CD_FAZ": "403206", "TALHOES": "1, 2", "FAZ_tAL": "403206001, 403206002", "ID_LINHA": 194433 }, "geometry": { "type": "MultiLineString", "coordinates": [ [ [ 418707.466577227052767, 7625033.0286899600178 ], [ 418765.108450498431921, 7625078.847452422603965 ], [ 418795.670993884210475, 7625103.831088683567941 ], [ 418826.065096176054794, 7625130.132037840783596 ], [ 418850.95935003174236, 7625153.38981903064996 ], [ 418875.14291507343296, 7625178.114146549254656 ], [ 418898.154962298343889, 7625204.128913990221918 ], [ 418919.866670544201043, 7625231.281759051606059 ], [ 418932.248150771192741, 7625248.082301001995802 ], [ 418944.13158624334028, 7625265.241147572174668 ], [ 418955.505303166282829, 7625282.73946775496006 ], [ 418966.357349652564153, 7625300.558579320088029 ], [ 418983.251522957580164, 7625330.919725996442139 ], [ 418992.65197807608638, 7625349.504127826541662 ], [ 419001.484587046201341, 7625368.342148358002305 ], [ 419014.901031161483843, 7625400.233817571774125 ], [ 419026.660418132552877, 7625432.568781297653913 ], [ 419038.702148287091404, 7625471.840825350955129 ], [ 419048.655975762521848, 7625511.548096958547831 ], [ 419056.702768020681106, 7625551.616948861628771 ], [ 419063.922213766665664, 7625598.733778988942504 ], [ 419069.070819505781401, 7625646.248568238690495 ], [ 419071.823084789444692, 7625687.586887362413108 ], [ 419072.711846907041036, 7625729.365377090871334 ], [ 419071.385073786834255, 7625771.378642801195383 ], [ 419068.320692788809538, 7625806.416493175551295 ], [ 419065.527456035430077, 7625827.393433691933751 ], [ 419061.957162884413265, 7625848.299804709851742 ], [ 419054.140561516978778, 7625882.897916875779629 ], [ 419048.246228333795443, 7625903.450482556596398 ], [ 419043.782775633328129, 7625917.041633306071162 ], [ 419033.515136572066694, 7625943.879379115998745 ], [ 419021.601419219688978, 7625969.877698798663914 ], [ 419004.818064622872043, 7626000.998089578934014 ], [ 418986.338679171458352, 7626030.704718299210072 ], [ 418962.492966986144893, 7626064.674377202987671 ], [ 418937.441847081179731, 7626097.02542937733233 ], [ 418904.680468142672908, 7626136.29119744990021 ] ] ] } },
{ "type": "Feature", "properties": { "fid": 418.0, "COMPR_M": 1270.52, "CLASSE": "06 - Acima do limite", "CD_FAZ": "403206", "TALHOES": "1, 2", "FAZ_tAL": "403206001, 403206002", "ID_LINHA": 194434 }, "geometry": { "type": "MultiLineString", "coordinates": [ [ [ 418707.341858503350522, 7625036.771355803124607 ], [ 418763.231164071243256, 7625081.187496719881892 ], [ 418793.745357257546857, 7625106.131517475470901 ], [ 418824.059708488406613, 7625132.36330034956336 ], [ 418848.865751673700288, 7625155.538546616211534 ], [ 418872.946480975777376, 7625180.15765009727329 ], [ 418895.858985627535731, 7625206.059901680797338 ], [ 418917.478106767288409, 7625233.096967235207558 ], [ 418929.807180344185326, 7625249.826399437151849 ], [ 418941.640464291267563, 7625266.912831354886293 ], [ 418952.966216524073388, 7625284.337358338758349 ], [ 418963.772432975412812, 7625302.081215848214924 ], [ 418980.594874458911363, 7625332.313439873978496 ], [ 418989.9550568741397, 7625350.818220242857933 ], [ 418998.74947319785133, 7625369.574779372662306 ], [ 419012.107424124435056, 7625401.327426290139556 ], [ 419023.817350166733377, 7625433.526466959156096 ], [ 419035.811485327547416, 7625472.643468506634235 ], [ 419045.729022864135914, 7625512.206190695986152 ], [ 419053.749099851585925, 7625552.142267025075853 ], [ 419060.947182226809673, 7625599.120141142047942 ], [ 419066.082081222964916, 7625646.508442947641015 ], [ 419068.82611158315558, 7625687.72208762075752 ], [ 419069.71183985308744, 7625729.35389532148838 ], [ 419068.390567583497614, 7625771.196526076644659 ], [ 419065.340403768990654, 7625806.072730663232505 ], [ 419062.561264795600437, 7625826.943936952389777 ], [ 419059.010172379494179, 7625847.737993853166699 ], [ 419051.239177242852747, 7625882.134739247150719 ], [ 419045.381794394808821, 7625902.558549219742417 ], [ 419040.947508390643634, 7625916.060906524769962 ], [ 419030.749686594586819, 7625942.716240920126438 ], [ 419025.016012680309359, 7625955.755485830828547 ], [ 419015.732100742869079, 7625974.850638648495078 ], [ 418998.670498777413741, 7626005.507230142131448 ], [ 418979.988958830130287, 7626034.809472183696926 ], [ 418955.987790831481107, 7626068.368158668279648 ], [ 418930.866121153754648, 7626100.38175574503839 ], [ 418900.282036446966231, 7626136.801817750558257 ] ] ] } },
{ "type": "Feature", "properties": { "fid": 419.0, "COMPR_M": 1266.72, "CLASSE": "06 - Acima do limite", "CD_FAZ": "403206", "TALHOES": "1, 2", "FAZ_tAL": "403206001, 403206002", "ID_LINHA": 194435 }, "geometry": { "type": "MultiLineString", "coordinates": [ [ [ 418707.217213745694607, 7625040.511802082881331 ], [ 418766.430625522742048, 7625087.609853493049741 ], [ 418796.885847804835066, 7625112.692834100686014 ], [ 418827.04193691740511, 7625139.109207885339856 ], [ 418851.639060426852666, 7625162.472436607815325 ], [ 418875.413085577252787, 7625187.264191929250956 ], [ 418897.972887554788031, 7625213.287531783804297 ], [ 418919.235887071408797, 7625240.424253368750215 ], [ 418939.149342346587218, 7625268.584515146911144 ], [ 418950.427129882154986, 7625285.935248918831348 ], [ 418961.187516309029888, 7625303.603852367028594 ], [ 418977.938225956866518, 7625333.707153750583529 ], [ 418987.258135665557347, 7625352.132312655448914 ], [ 418996.014359341934323, 7625370.8074103994295 ], [ 419009.3138170868624, 7625402.421035001054406 ], [ 419023.116272026556544, 7625440.942837508395314 ], [ 419034.706343273282982, 7625479.986154697835445 ], [ 419044.26059865381103, 7625519.473219973966479 ], [ 419051.956588842207566, 7625559.334369381889701 ], [ 419058.823788821639027, 7625606.229098119772971 ], [ 419063.663766566081904, 7625653.580066175200045 ], [ 419066.114078356535174, 7625694.749587323516607 ], [ 419066.65476035233587, 7625736.280479313805699 ], [ 419066.100880981888622, 7625757.116077717393637 ], [ 419064.937908791354857, 7625777.962947969324887 ], [ 419061.52061481383862, 7625812.658188761211932 ], [ 419056.063181880104821, 7625847.17618300858885 ], [ 419048.337792960228398, 7625881.371561621315777 ], [ 419042.517360460886266, 7625901.666615874506533 ], [ 419038.112241151276976, 7625915.080179741606116 ], [ 419027.984236612799577, 7625941.553102735430002 ], [ 419022.288999960699584, 7625954.50491042342037 ], [ 419013.063256708963308, 7625973.480339173227549 ], [ 418996.096534974465612, 7626003.966116628609598 ], [ 418977.502519269299228, 7626033.130831302143633 ], [ 418953.591259999258909, 7626066.563508177176118 ], [ 418928.538992786547169, 7626098.488469501957297 ], [ 418895.871426804747898, 7626137.313851822167635 ] ] ] } },
{ "type": "Feature", "properties": { "fid": 420.0, "COMPR_M": 1262.93, "CLASSE": "06 - Acima do limite", "CD_FAZ": "403206", "TALHOES": "1, 2", "FAZ_tAL": "403206001, 403206002", "ID_LINHA": 194436 }, "geometry": { "type": "MultiLineString", "coordinates": [ [ [ 418707.092618063034024, 7625044.250775773078203 ], [ 418764.54754389898153, 7625089.945237770676613 ], [ 418794.949036060483195, 7625114.983864009380341 ], [ 418825.020402497495525, 7625141.325854855589569 ], [ 418849.525709011242725, 7625164.601742902770638 ], [ 418873.196161394705996, 7625189.285447751171887 ], [ 418895.657852995267604, 7625215.195629330351949 ], [ 418916.829598796204664, 7625242.215898908674717 ], [ 418928.891400725755375, 7625258.923362996429205 ], [ 418940.457994739932474, 7625275.978857018984854 ], [ 418951.517417945084162, 7625293.36336356215179 ], [ 418962.057490944629535, 7625311.057999425567687 ], [ 418978.436382609419525, 7625341.187341202050447 ], [ 418987.530276112956926, 7625359.617630766704679 ], [ 418996.058274964918382, 7625378.290102731436491 ], [ 419008.970760588650592, 7625409.866940310224891 ], [ 419020.264416410471313, 7625441.874025972560048 ], [ 419031.808892711240333, 7625480.76393610984087 ], [ 419041.328575723746326, 7625520.108340173959732 ], [ 419048.999276336049661, 7625559.838763581588864 ], [ 419055.846416365355253, 7625606.596981784328818 ], [ 419060.673409431474283, 7625653.820609259419143 ], [ 419063.116159897646867, 7625694.861923027783632 ], [ 419063.654973159660585, 7625736.242270681075752 ], [ 419063.103346353746019, 7625756.993609515950084 ], [ 419061.945439158705994, 7625777.749943858012557 ], [ 419058.544506805250421, 7625812.2799162697047 ], [ 419055.545012918417342, 7625832.912997100502253 ], [ 419051.767622990941163, 7625853.445310261100531 ], [ 419043.61021225823788, 7625887.352410834282637 ], [ 419037.518189898633864, 7625907.450009595602751 ], [ 419032.927097957697697, 7625920.722534216940403 ], [ 419022.438185063423589, 7625946.85240139439702 ], [ 419016.593735982780345, 7625959.597129445523024 ], [ 419007.170271404436789, 7625978.281802639365196 ], [ 418989.93930953356903, 7626008.329519290477037 ], [ 418971.153093700122554, 7626037.113996483385563 ], [ 418947.094817035133019, 7626070.161687762476504 ], [ 418921.977800818800461, 7626101.772279731929302 ], [ 418891.456414083950222, 7626137.826397041790187 ] ] ] } },
{ "type": "Feature", "properties": { "fid": 421.0, "COMPR_M": 1259.15, "CLASSE": "06 - Acima do limite", "CD_FAZ": "403206", "TALHOES": "1, 2", "FAZ_tAL": "403206001, 403206002", "ID_LINHA": 194437 }, "geometry": { "type": "MultiLineString", "coordinates": [ [ [ 418706.968022369546816, 7625047.989749459549785 ], [ 418762.664462266489863, 7625092.280622041784227 ], [ 418793.012224310659803, 7625117.274893907830119 ], [ 418822.998868085443974, 7625143.54250181466341 ], [ 418847.41235759051051, 7625166.731049199588597 ], [ 418870.979237216932233, 7625191.306703563779593 ], [ 418893.34281843691133, 7625217.103726871311665 ], [ 418914.423310509882867, 7625244.007544443942606 ], [ 418926.433466308459174, 7625260.643471736460924 ], [ 418937.95064446690958, 7625277.626100094988942 ], [ 418948.962819581502117, 7625294.936336118727922 ], [ 418959.457765177008696, 7625312.555211023427546 ], [ 418975.766079658409581, 7625342.554711944423616 ], [ 418984.8203918550862, 7625360.904779355973005 ], [ 418993.310889192682225, 7625379.495134097523987 ], [ 419006.166521094855852, 7625410.932987669482827 ], [ 419019.476239258830901, 7625449.225899253971875 ], [ 419030.62744620104786, 7625488.044940520077944 ], [ 419039.793839305697475, 7625527.317488305270672 ], [ 419047.149558557430282, 7625566.977430988103151 ], [ 419053.675208849366754, 7625613.658413445577025 ], [ 419058.206662985670846, 7625660.848970593884587 ], [ 419060.348593782866374, 7625701.829616422764957 ], [ 419060.536385374085512, 7625743.091548196040094 ], [ 419059.790776556823403, 7625763.761235397309065 ], [ 419058.426867067697458, 7625784.420495420694351 ], [ 419054.656701193540357, 7625818.753347607329488 ], [ 419048.828308119438589, 7625852.844619794748724 ], [ 419040.720280650653876, 7625886.546939233317971 ], [ 419034.667865056486335, 7625906.513957096263766 ], [ 419030.107894386979751, 7625919.696532312780619 ], [ 419019.691887305176351, 7625945.644751236774027 ], [ 419013.886091809137724, 7625958.305165787227452 ], [ 419004.520746184745803, 7625976.874522407539189 ], [ 418987.383586641110014, 7626006.758348306640983 ], [ 418968.682906582485884, 7626035.41153512056917 ], [ 418944.711364707560278, 7626068.339802535250783 ], [ 418919.660073265084065, 7626099.867498874664307 ], [ 418887.029086543363519, 7626138.34037190862 ] ] ] } },
{ "type": "Feature", "properties": { "fid": 422.0, "COMPR_M": 1255.37, "CLASSE": "06 - Acima do limite", "CD_FAZ": "403206", "TALHOES": "1, 2", "FAZ_tAL": "403206001, 403206002", "ID_LINHA": 194438 }, "geometry": { "type": "MultiLineString", "coordinates": [ [ [ 418706.843528509780299, 7625051.725667574442923 ], [ 418760.781380635104142, 7625094.616006309166551 ], [ 418791.075412556587253, 7625119.565923811867833 ], [ 418820.977333664079197, 7625145.759148777462542 ], [ 418845.299006173969246, 7625168.86035549454391 ], [ 418868.762313043291215, 7625193.327959379181266 ], [ 418891.027783876983449, 7625219.011824410408735 ], [ 418912.017022234853357, 7625245.799189975485206 ], [ 418923.975531900883652, 7625262.363580463454127 ], [ 418935.443294203141704, 7625279.273343166336417 ], [ 418956.858039407292381, 7625314.052422633394599 ], [ 418973.095776710077189, 7625343.922082674689591 ], [ 418982.110507598437835, 7625362.191927938722074 ], [ 418990.563503421377391, 7625380.700165466405451 ], [ 419003.36228160909377, 7625411.999035019427538 ], [ 419016.61594772443641, 7625450.130841195583344 ], [ 419027.723514502635226, 7625488.798160031437874 ], [ 419036.857004135672469, 7625527.929967629723251 ], [ 419044.188811739324592, 7625567.461254328489304 ], [ 419050.695651276619174, 7625614.008154133334756 ], [ 419055.214770816033706, 7625661.069614324718714 ], [ 419057.349886212090496, 7625701.918467994779348 ], [ 419057.537070827384014, 7625743.025938225910068 ], [ 419056.794589466648176, 7625763.609295209869742 ], [ 419055.436812877072953, 7625784.175887480378151 ], [ 419051.685282881604508, 7625818.339830487966537 ], [ 419045.888993257423863, 7625852.243929331190884 ], [ 419037.830349042313173, 7625885.741467614658177 ], [ 419031.81754021323286, 7625905.577904591336846 ], [ 419027.288690803572536, 7625918.670530403032899 ], [ 419016.945589557581116, 7625944.437101067975163 ], [ 419011.178447638638318, 7625957.013202135451138 ], [ 419001.871220967848785, 7625975.467242192476988 ], [ 418984.827863745216746, 7626005.187177332118154 ], [ 418966.212719467934221, 7626033.709073759615421 ], [ 418942.327912370557897, 7626066.517917309887707 ], [ 418917.342345703335013, 7626097.962718015536666 ], [ 418882.597341510816477, 7626138.854859611950815 ] ] ] } },
{ "type": "Feature", "properties": { "fid": 423.0, "COMPR_M": 1251.6, "CLASSE": "06 - Acima do limite", "CD_FAZ": "403206", "TALHOES": "1, 2", "FAZ_tAL": "403206001, 403206002", "ID_LINHA": 194439 }, "geometry": { "type": "MultiLineString", "coordinates": [ [ [ 418706.719065869692713, 7625055.460648646578193 ], [ 418758.898298994405195, 7625096.951390580274165 ], [ 418794.148319828906097, 7625126.11392530053854 ], [ 418823.855743271356914, 7625152.478024005889893 ], [ 418847.939886240230408, 7625175.752913940697908 ], [ 418871.07783239998389, 7625200.370945826172829 ], [ 418892.99562492890982, 7625226.169008284807205 ], [ 418913.633226858568378, 7625253.049036058597267 ], [ 418936.631404911575373, 7625286.60600994899869 ], [ 418957.610392212867737, 7625321.436715668067336 ], [ 418973.478572852734942, 7625351.325241982936859 ], [ 418987.816117649665102, 7625381.905196827836335 ], [ 418995.656378733867314, 7625400.543946665711701 ], [ 419002.91299489303492, 7625419.352364579215646 ], [ 419015.743209327571094, 7625457.419125570915639 ], [ 419026.468085308442824, 7625496.018671628087759 ], [ 419035.258035176084377, 7625535.082613797858357 ], [ 419042.283694937766995, 7625574.547768481075764 ], [ 419048.478127119073179, 7625621.023500399664044 ], [ 419052.698530190740712, 7625668.050862696021795 ], [ 419054.526043846446555, 7625708.822274612262845 ], [ 419054.356661908561364, 7625749.793521378189325 ], [ 419053.41803658567369, 7625770.2859424110502 ], [ 419051.852587391622365, 7625790.745935345999897 ], [ 419047.730308562051505, 7625824.696453278884292 ], [ 419041.534343287115917, 7625858.340624207630754 ], [ 419033.050117150240112, 7625891.529796732589602 ], [ 419026.771172202308662, 7625911.157272612676024 ], [ 419022.060309131164104, 7625924.101384233683348 ], [ 419011.380949085985776, 7625949.502608763054013 ], [ 418995.976693709613755, 7625980.069777050986886 ], [ 418978.680474118678831, 7626009.383716855198145 ], [ 418959.880036347662099, 7626037.554875222966075 ], [ 418935.852661136072129, 7626070.01031244546175 ], [ 418910.803991575608961, 7626101.168688666075468 ], [ 418878.153539190185256, 7626139.370747065171599 ] ] ] } },
{ "type": "Feature", "properties": { "fid": 424.0, "COMPR_M": 1247.84, "CLASSE": "06 - Acima do limite", "CD_FAZ": "403206", "TALHOES": "1, 2", "FAZ_tAL": "403206001, 403206002", "ID_LINHA": 194440 }, "geometry": { "type": "MultiLineString", "coordinates": [ [ [ 418706.594603231991641, 7625059.195629728958011 ], [ 418757.015217363950796, 7625099.286774848587811 ], [ 418792.199468017613981, 7625128.394724253565073 ], [ 418821.81729503168026, 7625154.67913000844419 ], [ 418845.806193305761553, 7625177.861840127035975 ], [ 418868.840713359066285, 7625202.369826698675752 ], [ 418890.661806437186897, 7625228.054084256291389 ], [ 418911.209470755071379, 7625254.816979156807065 ], [ 418934.108067051216494, 7625288.228656312450767 ], [ 418954.996089352469426, 7625322.908326299861073 ], [ 418970.794845623488072, 7625352.666073752567172 ], [ 418985.068731880746782, 7625383.110228200443089 ], [ 418992.873780530062504, 7625401.66527252830565 ], [ 419000.098494390607812, 7625420.391016943380237 ], [ 419012.874826506071258, 7625458.29808106739074 ], [ 419023.55797088338295, 7625496.747635504230857 ], [ 419032.316637437965255, 7625535.672788966447115 ], [ 419039.319719273073133, 7625575.011396235786378 ], [ 419045.496533774014097, 7625621.355433916673064 ], [ 419049.705197442497592, 7625668.251031024381518 ], [ 419051.526717518572696, 7625708.887011452578008 ], [ 419051.358091629634146, 7625749.699827472679317 ], [ 419050.423530397703871, 7625770.103825675323606 ], [ 419048.865351643762551, 7625790.469002248719335 ], [ 419044.764117323968094, 7625824.24695654399693 ], [ 419038.603394420817494, 7625857.700345706194639 ], [ 419030.172491559234913, 7625890.68139891512692 ], [ 419023.935904956888407, 7625910.176545841619372 ], [ 419019.258187324914616, 7625923.029601342976093 ], [ 419008.653936369461007, 7625948.252033347263932 ], [ 418993.346363112214021, 7625978.626947978511453 ], [ 418976.142655628384091, 7626007.783793926239014 ], [ 418957.42562248185277, 7626035.829756457358599 ], [ 418933.481699265656061, 7626068.172205072827637 ], [ 418904.27042680606246, 7626104.323207290843129 ], [ 418873.704956600442529, 7626139.88718946184963 ] ] ] } },
{ "type": "Feature", "properties": { "fid": 425.0, "COMPR_M": 1244.09, "CLASSE": "06 - Acima do limite", "CD_FAZ": "403206", "TALHOES": "1, 2", "FAZ_tAL": "403206001, 403206002", "ID_LINHA": 194441 }, "geometry": { "type": "MultiLineString", "coordinates": [ [ [ 418706.470243461721111, 7625062.927523916587234 ], [ 418760.171397944213822, 7625105.696592427790165 ], [ 418790.250616208300926, 7625130.67552319727838 ], [ 418819.778846792236436, 7625156.880235993303359 ], [ 418843.672500364482403, 7625179.970766305923462 ], [ 418866.603594313724898, 7625204.368707565590739 ], [ 418888.327987937664147, 7625229.939160234294832 ], [ 418908.785714646510314, 7625256.584922252222896 ], [ 418931.584729193535168, 7625289.851302675902843 ], [ 418952.381786501093302, 7625324.379936922341585 ], [ 418971.076608436356764, 7625360.016867155209184 ], [ 418984.97589581500506, 7625390.451433721929789 ], [ 418999.556113982631359, 7625427.679761679843068 ], [ 419011.920016692951322, 7625465.523754864931107 ], [ 419022.230824852536898, 7625503.908890925347805 ], [ 419030.655458390596323, 7625542.770344158634543 ], [ 419037.361100636655465, 7625582.047415524721146 ], [ 419043.234171828953549, 7625628.326392715796828 ], [ 419046.711864699958824, 7625668.451199333183467 ], [ 419048.527391185460147, 7625708.951748278923333 ], [ 419048.35952136060223, 7625749.606133554130793 ], [ 419047.429024190292694, 7625769.921708950772882 ], [ 419045.878115892468486, 7625790.192069135606289 ], [ 419041.797926073428243, 7625823.797459808178246 ], [ 419035.672445556148887, 7625857.060067217797041 ], [ 419027.294865967938676, 7625889.833001106977463 ], [ 419021.100637724681292, 7625909.195819059386849 ], [ 419016.456065519363619, 7625921.957818450406194 ], [ 419005.926923654624261, 7625947.001457940787077 ], [ 418990.716032514581457, 7625977.184118902310729 ], [ 418973.604837139951997, 7626006.183871002867818 ], [ 418954.97120862576412, 7626034.104637682437897 ], [ 418931.110737397451885, 7626066.334097683429718 ], [ 418901.969573405396659, 7626102.398081210441887 ], [ 418869.244935821450781, 7626140.40495974291116 ] ] ] } },
{ "type": "Feature", "properties": { "fid": 426.0, "COMPR_M": 1240.34, "CLASSE": "06 - Acima do limite", "CD_FAZ": "403206", "TALHOES": "1, 2", "FAZ_tAL": "403206001, 403206002", "ID_LINHA": 194442 }, "geometry": { "type": "MultiLineString", "coordinates": [ [ [ 418706.345893268764485, 7625066.659130468964577 ], [ 418758.281607025128324, 7625108.026551985181868 ], [ 418788.301764396193903, 7625132.956322154961526 ], [ 418817.740398559428286, 7625159.081341993063688 ], [ 418841.538807429547887, 7625182.079692497849464 ], [ 418864.366475274437107, 7625206.367588441818953 ], [ 418890.170299549528863, 7625237.047134395688772 ], [ 418910.279416891280562, 7625263.779186910949647 ], [ 418932.653523392276838, 7625297.12048296071589 ], [ 418953.017672149464488, 7625331.692429496906698 ], [ 418968.379687237204053, 7625361.330959565937519 ], [ 418982.216453132801689, 7625391.628594713285565 ], [ 418996.731718965747859, 7625428.69119646307081 ], [ 419009.043879897450097, 7625466.376992868259549 ], [ 419019.314818055252545, 7625504.6139115691185 ], [ 419027.709739647281822, 7625543.338555600494146 ], [ 419034.394092727336101, 7625582.491220358759165 ], [ 419040.250682693498675, 7625628.640826711431146 ], [ 419044.143802223377861, 7625675.360367122106254 ], [ 419045.646186758531258, 7625715.762739108875394 ], [ 419045.118138527323026, 7625756.258800318464637 ], [ 419043.990621338540222, 7625776.471919197589159 ], [ 419042.231904082989786, 7625796.623887702822685 ], [ 419037.782626708270982, 7625829.995748272165656 ], [ 419031.261903111007996, 7625862.978171739727259 ], [ 419022.46632290398702, 7625895.423082513734698 ], [ 419016.011876494332682, 7625914.566522775217891 ], [ 419011.191568477253895, 7625927.168901938945055 ], [ 419000.347870945930481, 7625951.845347503200173 ], [ 418984.82215435616672, 7625981.598520172759891 ], [ 418967.467844747938216, 7626010.223526279442012 ], [ 418948.654749582987279, 7626037.822031084448099 ], [ 418924.655378047784325, 7626069.728502786718309 ], [ 418895.448318172711879, 7626105.496380512602627 ], [ 418864.779456728254445, 7626140.923363680019975 ] ] ] } },
{ "type": "Feature", "properties": { "fid": 427.0, "COMPR_M": 1236.6, "CLASSE": "06 - Acima do limite", "CD_FAZ": "403206", "TALHOES": "1, 2", "FAZ_tAL": "403206001, 403206002", "ID_LINHA": 194443 }, "geometry": { "type": "MultiLineString", "coordinates": [ [ [ 418706.221546511922497, 7625070.390634227544069 ], [ 418756.391816109011415, 7625110.356511545367539 ], [ 418786.352912588045001, 7625135.237121103331447 ], [ 418815.701950314280111, 7625161.282447983510792 ], [ 418839.405114497698378, 7625184.188618678599596 ], [ 418862.129356219607871, 7625208.366469310596585 ], [ 418887.81796726770699, 7625238.909056010656059 ], [ 418907.838446456822567, 7625265.523285353556275 ], [ 418930.114436746691354, 7625298.718373542651534 ], [ 418950.38902346463874, 7625333.138259384781122 ], [ 418968.561086332076229, 7625368.627670841291547 ], [ 418982.02352476445958, 7625398.907687832601368 ], [ 418996.09865139273461, 7625435.915669601410627 ], [ 419008.009438555396628, 7625473.541100051254034 ], [ 419017.918164948292542, 7625511.717193430289626 ], [ 419025.988315914175473, 7625550.382459133863449 ], [ 419032.383731080568396, 7625589.478589313104749 ], [ 419037.945041270577349, 7625635.57159511372447 ], [ 419041.149134529172443, 7625675.539475481957197 ], [ 419042.646426998311654, 7625715.802721380256116 ], [ 419042.120603886141907, 7625756.136332127265632 ], [ 419040.998151700012386, 7625776.258915085345507 ], [ 419039.247914766077884, 7625796.313904099166393 ], [ 419034.822229003184475, 7625829.509540132246912 ], [ 419028.340042949537747, 7625862.297607089392841 ], [ 419019.601888971636072, 7625894.531149173155427 ], [ 419013.192672914243303, 7625913.540520865470171 ], [ 419008.407411805761512, 7625926.051280170679092 ], [ 418997.640226774732582, 7625950.553383848629892 ], [ 418982.210845424851868, 7625980.121552088297904 ], [ 418964.947561926092021, 7626008.596126571297646 ], [ 418946.215607525082305, 7626036.075390828773379 ], [ 418922.296299285488203, 7626067.875171978026628 ], [ 418893.155002941843122, 7626103.562281948514283 ], [ 418860.303486993769184, 7626141.44298549182713 ] ] ] } },
{ "type": "Feature", "properties": { "fid": 428.0, "COMPR_M": 1232.86, "CLASSE": "06 - Acima do limite", "CD_FAZ": "403206", "TALHOES": "1, 2", "FAZ_tAL": "403206001, 403206002", "ID_LINHA": 194444 }, "geometry": { "type": "MultiLineString", "coordinates": [ [ [ 418706.097273970313836, 7625074.119910566136241 ], [ 418754.502025191264693, 7625112.686471100896597 ], [ 418784.40406077390071, 7625137.517920054495335 ], [ 418813.663502077222802, 7625163.483553973957896 ], [ 418837.271421570214443, 7625186.297544859349728 ], [ 418859.89223718008725, 7625210.365350177511573 ], [ 418885.465634989319369, 7625240.7709776237607 ], [ 418905.397476026904769, 7625267.267383785918355 ], [ 418927.575350108614657, 7625300.316264118999243 ], [ 418947.760374785633758, 7625334.584089282900095 ], [ 418965.851202077348717, 7625369.914819427765906 ], [ 418979.252316367754247, 7625400.05687562841922 ], [ 418993.264733160496689, 7625436.90010335482657 ], [ 419005.125877579441294, 7625474.368897927924991 ], [ 419014.996548054507002, 7625512.398588942363858 ], [ 419023.038509690668434, 7625550.929050573147833 ], [ 419029.413875074649695, 7625589.90291284583509 ], [ 419034.959747978660744, 7625635.868419099599123 ], [ 419038.154466829146259, 7625675.718583844602108 ], [ 419039.6466672301176, 7625715.842703651636839 ], [ 419039.123069256311283, 7625756.013863918371499 ], [ 419038.005682065326255, 7625776.045910971239209 ], [ 419036.263925434090197, 7625796.003920494578779 ], [ 419031.861831300251652, 7625829.023331998847425 ], [ 419025.418182773399167, 7625861.617042444646358 ], [ 419016.737455034977756, 7625893.639215832576156 ], [ 419010.373469341197051, 7625912.514518962241709 ], [ 419005.623255125770811, 7625924.93365840613842 ], [ 418994.932582604698837, 7625949.261420191265643 ], [ 418979.599536500638351, 7625978.644583996385336 ], [ 418962.42727909272071, 7626006.968726847320795 ], [ 418943.776465466129594, 7626034.328750557266176 ], [ 418919.937220527906902, 7626066.021841160953045 ], [ 418890.861687713768333, 7626101.62818340305239 ], [ 418855.821099001273979, 7626141.963352411985397 ] ] ] } },
{ "type": "Feature", "properties": { "fid": 429.0, "COMPR_M": 1229.13, "CLASSE": "06 - Acima do limite", "CD_FAZ": "403206", "TALHOES": "1, 2", "FAZ_tAL": "403206001, 403206002", "ID_LINHA": 194445 }, "geometry": { "type": "MultiLineString", "coordinates": [ [ [ 418705.973001400823705, 7625077.849187829531729 ], [ 418752.612234274391085, 7625115.016430670395494 ], [ 418787.374010147759691, 7625144.024951990693808 ], [ 418816.394000257714652, 7625170.1361094545573 ], [ 418839.730724335357081, 7625193.099079892039299 ], [ 418862.019077246019151, 7625217.297888476401567 ], [ 418887.183852111105807, 7625247.828075645491481 ], [ 418906.769991004490294, 7625274.404341608285904 ], [ 418928.526032649795525, 7625307.520116586238146 ], [ 418948.28093935106881, 7625341.822798296809196 ], [ 418965.932910869421903, 7625377.155703214928508 ], [ 418978.960789502772968, 7625407.271901812404394 ], [ 418992.543602624500636, 7625444.0610092561692 ], [ 419004.014192710630596, 7625481.472543306648731 ], [ 419013.532541039749049, 7625519.445221839472651 ], [ 419021.258750008884817, 7625557.920766751281917 ], [ 419027.353380584681872, 7625596.843146046623588 ], [ 419032.610235421219841, 7625642.759886948391795 ], [ 419035.533898729132488, 7625682.550518548116088 ], [ 419036.707950157462619, 7625722.555339590646327 ], [ 419035.821279816154856, 7625762.545713881030679 ], [ 419034.50643354433123, 7625782.463631872087717 ], [ 419032.557224544289056, 7625802.291343024000525 ], [ 419027.788648048939649, 7625835.057036137208343 ], [ 419020.95526884146966, 7625867.350486787036061 ], [ 419011.865266301145311, 7625899.025537035427988 ], [ 419002.839098461088724, 7625923.816036636009812 ], [ 418997.721505299385171, 7625935.983549907803535 ], [ 418989.342596379457973, 7625953.895298155024648 ], [ 418973.707995236385614, 7625982.881435272283852 ], [ 418956.300915880477987, 7626010.861162403598428 ], [ 418937.475480303866789, 7626037.926416688598692 ], [ 418913.500280563253909, 7626069.325940985232592 ], [ 418884.357245015271474, 7626104.668289099819958 ], [ 418851.329462998313829, 7626142.484792944043875 ] ] ] } },
{ "type": "Feature", "properties": { "fid": 430.0, "COMPR_M": 1225.41, "CLASSE": "06 - Acima do limite", "CD_FAZ": "403206", "TALHOES": "1, 2", "FAZ_tAL": "403206001, 403206002", "ID_LINHA": 194446 }, "geometry": { "type": "MultiLineString", "coordinates": [ [ [ 418705.848735990002751, 7625081.578250398859382 ], [ 418750.72244335868163, 7625117.346390222199261 ], [ 418785.412265990511514, 7625146.294673833996058 ], [ 418814.337893116055056, 7625172.320732207968831 ], [ 418837.576154120964929, 7625195.186676017940044 ], [ 418859.762054088525474, 7625219.274266831576824 ], [ 418884.81327257346129, 7625249.666708571836352 ], [ 418904.312056588649284, 7625276.124450340867043 ], [ 418925.971434278821107, 7625309.093089144676924 ], [ 418945.638175571803004, 7625343.242663901299238 ], [ 418963.210295386554208, 7625378.415699422359467 ], [ 418976.178191301529296, 7625408.393227668479085 ], [ 418989.700534662581049, 7625445.018694918602705 ], [ 419001.123529744334519, 7625482.275186466053128 ], [ 419010.605588144157082, 7625520.103315585292876 ], [ 419018.305081838101614, 7625558.446084907278419 ], [ 419025.246803736838046, 7625603.75648697745055 ], [ 419030.217221785569564, 7625649.626939473673701 ], [ 419032.862433183589019, 7625689.344490826129913 ], [ 419033.711755259952042, 7625729.216114037670195 ], [ 419032.825092726503499, 7625762.393773697316647 ], [ 419031.516379352600779, 7625782.219023937359452 ], [ 419029.576935520453844, 7625801.947580512613058 ], [ 419024.834640365384985, 7625834.53338828496635 ], [ 419018.043252621544525, 7625866.628950700163841 ], [ 419009.01494146179175, 7625898.089484525844455 ], [ 419000.054941779351793, 7625922.698414868675172 ], [ 418994.975207543990109, 7625934.775899748317897 ], [ 418986.65436114766635, 7625952.563431433402002 ], [ 418971.115489454590715, 7625981.371714074164629 ], [ 418953.797768933000043, 7626009.207532753236592 ], [ 418935.05108820728492, 7626036.159364332444966 ], [ 418911.152468555723317, 7626067.45836067199707 ], [ 418882.071177441044711, 7626102.725629586726427 ], [ 418846.830200185300782, 7626143.007118884474039 ] ] ] } },
{ "type": "Feature", "properties": { "fid": 431.0, "COMPR_M": 1221.69, "CLASSE": "06 - Acima do limite", "CD_FAZ": "403206", "TALHOES": "1, 2", "FAZ_tAL": "403206001, 403206002", "ID_LINHA": 194447 }, "geometry": { "type": "MultiLineString", "coordinates": [ [ [ 418705.724506192258559, 7625085.306244218721986 ], [ 418753.821729320217855, 7625123.735637223348022 ], [ 418783.450521827500779, 7625148.564395677298307 ], [ 418812.281785980274435, 7625174.505354957655072 ], [ 418835.421583909483161, 7625197.274272124283016 ], [ 418857.505030946573243, 7625221.250645188614726 ], [ 418882.442693021672312, 7625251.505341499112546 ], [ 418901.854122169374023, 7625277.844559080898762 ], [ 418923.416835911106318, 7625310.666061699390411 ], [ 418942.995411793875974, 7625344.66252950951457 ], [ 418960.48767990100896, 7625379.675695642828941 ], [ 418973.395593093358912, 7625409.514553537592292 ], [ 418986.857466709276196, 7625445.9763805847615 ], [ 418998.232866782112978, 7625483.077829629182816 ], [ 419007.678635248739738, 7625520.761409319937229 ], [ 419015.35141367133474, 7625558.971403064206243 ], [ 419022.271772193314973, 7625604.142849132418633 ], [ 419027.22848350123968, 7625649.886814186349511 ], [ 419029.865459986496717, 7625689.479691093787551 ], [ 419030.711748204252217, 7625729.204632270149887 ], [ 419029.828905631264206, 7625762.241833511739969 ], [ 419028.52632515336154, 7625781.974415987730026 ], [ 419026.596646507096011, 7625801.603818001225591 ], [ 419021.88063268433325, 7625834.009740427136421 ], [ 419015.131236402550712, 7625865.907414614222944 ], [ 419006.164616611378733, 7625897.153432021848857 ], [ 418997.270785111584701, 7625921.580793097615242 ], [ 418992.228909799945541, 7625933.568249573931098 ], [ 418983.966125908715185, 7625951.231564709916711 ], [ 418968.522983669710811, 7625979.861992884427309 ], [ 418951.29462199943373, 7626007.553903092630208 ], [ 418928.750409921107348, 7626039.665045699104667 ], [ 418904.721610639069695, 7626070.692950182594359 ], [ 418875.574048864247743, 7626105.719844095408916 ], [ 418842.323193242831621, 7626143.530343852005899 ] ] ] } },
{ "type": "Feature", "properties": { "fid": 432.0, "COMPR_M": 1217.98, "CLASSE": "06 - Acima do limite", "CD_FAZ": "403206", "TALHOES": "1, 2", "FAZ_tAL": "403206001, 403206002", "ID_LINHA": 194448 }, "geometry": { "type": "MultiLineString", "coordinates": [ [ [ 418705.600276383105665, 7625089.034238322637975 ], [ 418751.924321512458846, 7625126.059399411082268 ], [ 418786.345922586624511, 7625155.057147335261106 ], [ 418814.908152233751025, 7625181.133558580651879 ], [ 418837.754181517229881, 7625204.040121678262949 ], [ 418859.505346685065888, 7625228.138223143294454 ], [ 418884.03821390948724, 7625258.509881827048957 ], [ 418903.106732195941731, 7625284.922456223517656 ], [ 418924.250593820703216, 7625317.802713502198458 ], [ 418943.401795464218594, 7625351.825434098951519 ], [ 418957.765064422099385, 7625380.935691848397255 ], [ 418972.996925652900245, 7625416.637948287650943 ], [ 418986.04214896861231, 7625453.048287503421307 ], [ 418997.039485990942921, 7625490.097313122823834 ], [ 419006.144300498825032, 7625527.729782476089895 ], [ 419013.511526299756952, 7625565.891494031064212 ], [ 419020.117946961778216, 7625611.011585749685764 ], [ 419024.789123760419898, 7625656.707126294262707 ], [ 419027.141138343256898, 7625696.209951404482126 ], [ 419027.657526819966733, 7625735.7837670808658 ], [ 419026.46748080191901, 7625768.646891824901104 ], [ 419024.96746560651809, 7625788.253537440672517 ], [ 419022.831210664124228, 7625807.740646312013268 ], [ 419017.752305343747139, 7625839.872641926631331 ], [ 419010.619797307474073, 7625871.450252457521856 ], [ 419001.253767053247429, 7625902.330731583759189 ], [ 418992.033386859751772, 7625926.432306277565658 ], [ 418978.368284318654332, 7625955.666445947252214 ], [ 418962.635005446500145, 7625983.931641008704901 ], [ 418945.178804958472028, 7626011.30849989131093 ], [ 418926.340227273991331, 7626037.878664874471724 ], [ 418902.384450895013288, 7626068.812058817595243 ], [ 418873.295121932285838, 7626103.768813187256455 ], [ 418837.80713593843393, 7626144.054619489237666 ] ] ] } },
{ "type": "Feature", "properties": { "fid": 433.0, "COMPR_M": 1214.28, "CLASSE": "06 - Acima do limite", "CD_FAZ": "403206", "TALHOES": "1, 2", "FAZ_tAL": "403206001, 403206002", "ID_LINHA": 194449 }, "geometry": { "type": "MultiLineString", "coordinates": [ [ [ 418705.476048915763386, 7625092.762162005528808 ], [ 418750.026913704758044, 7625128.383161614648998 ], [ 418784.370447775698267, 7625157.314931128174067 ], [ 418812.83365592698101, 7625183.300730348564684 ], [ 418835.578557897068094, 7625206.105767820030451 ], [ 418857.228705774410628, 7625230.091970760375261 ], [ 418881.649650141596794, 7625260.325090019032359 ], [ 418900.63208142836811, 7625286.618427623063326 ], [ 418921.680719230673276, 7625319.350602511316538 ], [ 418940.745146960834973, 7625353.219147980213165 ], [ 418955.042448940570466, 7625382.195688066072762 ], [ 418970.203318622196093, 7625417.731557006947696 ], [ 418983.190293344086967, 7625453.979475975036621 ], [ 418994.142035438038874, 7625490.875094544142485 ], [ 419003.21227755700238, 7625528.364902665838599 ], [ 419010.554213787661865, 7625566.395888224244118 ], [ 419017.140574513876345, 7625611.379469411447644 ], [ 419021.798766621330287, 7625656.947669370099902 ], [ 419024.143219888210297, 7625696.322287099435925 ], [ 419024.657739620248321, 7625735.745558448135853 ], [ 419023.472974603995681, 7625768.464775085449219 ], [ 419021.980229853768833, 7625787.976604336872697 ], [ 419019.855102650704794, 7625807.362373813986778 ], [ 419014.80531484587118, 7625839.31083108112216 ], [ 419007.718413027236238, 7625870.687074831686914 ], [ 418998.418499815685209, 7625901.350004799664021 ], [ 418989.267936883668881, 7625925.269168082624674 ], [ 418975.699440290918574, 7625954.296146458946168 ], [ 418960.061041640408803, 7625982.390527496114373 ], [ 418942.692365400493145, 7626009.629859020933509 ], [ 418920.039828333887272, 7626041.298401361331344 ], [ 418895.959195697156247, 7626071.982461958192289 ], [ 418866.805150396598037, 7626106.718534342944622 ], [ 418833.285066217416897, 7626144.579593113623559 ] ] ] } },
{ "type": "Feature", "properties": { "fid": 434.0, "COMPR_M": 293.83, "CLASSE": "02 - Curta", "CD_FAZ": "403206", "TALHOES": "2", "FAZ_tAL": "403206002", "ID_LINHA": 194450 }, "geometry": { "type": "MultiLineString", "coordinates": [ [ [ 418734.870224581100047, 7624491.948013340122998 ], [ 418774.299191287078429, 7624476.25048952549696 ], [ 418814.230198161851149, 7624458.360793188214302 ], [ 418847.965811747591943, 7624441.384111474268138 ], [ 418880.854530549782794, 7624422.745050025172532 ], [ 418912.444384238042403, 7624402.311374748125672 ], [ 418937.448768817353994, 7624383.81666595954448 ], [ 418960.971509831550065, 7624363.906381345354021 ], [ 418974.264195240044501, 7624351.248628824949265 ], [ 418984.017239725566469, 7624341.128829278051853 ] ] ] } },
{ "type": "Feature", "properties": { "fid": 435.0, "COMPR_M": 7.67, "CLASSE": "01 - Muito curta", "CD_FAZ": "403206", "TALHOES": "2", "FAZ_tAL": "403206002", "ID_LINHA": 194451 }, "geometry": { "type": "MultiLineString", "coordinates": [ [ [ 419472.891817416879348, 7624672.533912105485797 ], [ 419477.508447897213046, 7624666.414933314546943 ] ] ] } },
{ "type": "Feature", "properties": { "fid": 436.0, "COMPR_M": 16.36, "CLASSE": "01 - Muito curta", "CD_FAZ": "403206", "TALHOES": "2", "FAZ_tAL": "403206002", "ID_LINHA": 194452 }, "geometry": { "type": "MultiLineString", "coordinates": [ [ [ 419467.704261490493082, 7624674.319607053883374 ], [ 419477.598994849831797, 7624661.301816679537296 ] ] ] } },
{ "type": "Feature", "properties": { "fid": 437.0, "COMPR_M": 25.05, "CLASSE": "01 - Muito curta", "CD_FAZ": "403206", "TALHOES": "2", "FAZ_tAL": "403206002", "ID_LINHA": 194453 }, "geometry": { "type": "MultiLineString", "coordinates": [ [ [ 419462.51670557167381, 7624676.105302016250789 ], [ 419477.689541812753305, 7624656.18870004080236 ] ] ] } },
{ "type": "Feature", "properties": { "fid": 438.0, "COMPR_M": 33.82, "CLASSE": "01 - Muito curta", "CD_FAZ": "403206", "TALHOES": "2", "FAZ_tAL": "403206002", "ID_LINHA": 194454 }, "geometry": { "type": "MultiLineString", "coordinates": [ [ [ 419457.329149651224725, 7624677.890996965579689 ], [ 419477.781988915638067, 7624650.968283742666245 ] ] ] } },
{ "type": "Feature", "properties": { "fid": 439.0, "COMPR_M": 42.7, "CLASSE": "01 - Muito curta", "CD_FAZ": "403206", "TALHOES": "2", "FAZ_tAL": "403206002", "ID_LINHA": 194455 }, "geometry": { "type": "MultiLineString", "coordinates": [ [ [ 419452.033959331049118, 7624679.71374255232513 ], [ 419477.874564769561402, 7624645.740596601739526 ] ] ] } },
{ "type": "Feature", "properties": { "fid": 440.0, "COMPR_M": 51.6, "CLASSE": "01 - Muito curta", "CD_FAZ": "403206", "TALHOES": "2", "FAZ_tAL": "403206002", "ID_LINHA": 194456 }, "geometry": { "type": "MultiLineString", "coordinates": [ [ [ 419446.711790303350426, 7624681.545774923637509 ], [ 419461.487290388031397, 7624662.764165456406772 ], [ 419477.967140634951647, 7624640.512909456156194 ] ] ] } },
{ "type": "Feature", "properties": { "fid": 441.0, "COMPR_M": 60.55, "CLASSE": "01 - Muito curta", "CD_FAZ": "403206", "TALHOES": "2", "FAZ_tAL": "403206002", "ID_LINHA": 194457 }, "geometry": { "type": "MultiLineString", "coordinates": [ [ [ 419441.389621271984652, 7624683.377807296812534 ], [ 419459.103799277974758, 7624660.94220104906708 ], [ 419478.060601825127378, 7624635.235228349454701 ] ] ] } },
{ "type": "Feature", "properties": { "fid": 442.0, "COMPR_M": 69.62, "CLASSE": "01 - Muito curta", "CD_FAZ": "403206", "TALHOES": "2", "FAZ_tAL": "403206002", "ID_LINHA": 194458 }, "geometry": { "type": "MultiLineString", "coordinates": [ [ [ 419435.989735165087041, 7624685.236591957509518 ], [ 419456.720308168849442, 7624659.120236644521356 ], [ 419478.155276638979558, 7624629.889014581218362 ] ] ] } },
{ "type": "Feature", "properties": { "fid": 443.0, "COMPR_M": 78.75, "CLASSE": "01 - Muito curta", "CD_FAZ": "403206", "TALHOES": "2", "FAZ_tAL": "403206002", "ID_LINHA": 194459 }, "geometry": { "type": "MultiLineString", "coordinates": [ [ [ 419430.521474183828104, 7624687.118913074024022 ], [ 419454.336817062634509, 7624657.298272242769599 ], [ 419478.24995146348374, 7624624.542800802737474 ] ] ] } },
{ "type": "Feature", "properties": { "fid": 444.0, "COMPR_M": 87.89, "CLASSE": "01 - Muito curta", "CD_FAZ": "403206", "TALHOES": "2", "FAZ_tAL": "403206002", "ID_LINHA": 194460 }, "geometry": { "type": "MultiLineString", "coordinates": [ [ [ 419425.053213202801999, 7624689.001234193332493 ], [ 419451.95332594611682, 7624655.476307842880487 ], [ 419478.344848583452404, 7624619.184033659286797 ] ] ] } },
{ "type": "Feature", "properties": { "fid": 445.0, "COMPR_M": 97.18, "CLASSE": "01 - Muito curta", "CD_FAZ": "403206", "TALHOES": "2", "FAZ_tAL": "403206002", "ID_LINHA": 194461 }, "geometry": { "type": "MultiLineString", "coordinates": [ [ [ 419419.524433564336505, 7624690.904387446120381 ], [ 419449.569834840542171, 7624653.65434343367815 ], [ 419467.232368220051285, 7624629.770550847053528 ], [ 419478.441688219434582, 7624613.715574577450752 ] ] ] } },
{ "type": "Feature", "properties": { "fid": 446.0, "COMPR_M": 106.56, "CLASSE": "02 - Curta", "CD_FAZ": "403206", "TALHOES": "2", "FAZ_tAL": "403206002", "ID_LINHA": 194462 }, "geometry": { "type": "MultiLineString", "coordinates": [ [ [ 419413.897322899196297, 7624692.841388853266835 ], [ 419428.373859685903881, 7624675.627713322639465 ], [ 419447.186343727342319, 7624651.832379026338458 ], [ 419464.792567251657601, 7624628.024724899791181 ], [ 419478.538527846278157, 7624608.247115495614707 ] ] ] } },
{ "type": "Feature", "properties": { "fid": 447.0, "COMPR_M": 115.94, "CLASSE": "02 - Curta", "CD_FAZ": "403206", "TALHOES": "2", "FAZ_tAL": "403206002", "ID_LINHA": 194463 }, "geometry": { "type": "MultiLineString", "coordinates": [ [ [ 419408.270212236559018, 7624694.778390258550644 ], [ 419426.051505824027117, 7624673.72842313721776 ], [ 419444.802852614317089, 7624650.010414624586701 ], [ 419462.352766272495501, 7624626.27889895811677 ], [ 419478.635367477021646, 7624602.778656407259405 ] ] ] } },
{ "type": "Feature", "properties": { "fid": 448.0, "COMPR_M": 125.47, "CLASSE": "02 - Curta", "CD_FAZ": "403206", "TALHOES": "2", "FAZ_tAL": "403206002", "ID_LINHA": 194464 }, "geometry": { "type": "MultiLineString", "coordinates": [ [ [ 419402.582903395290487, 7624696.736113477498293 ], [ 419423.729151971638203, 7624671.829132960177958 ], [ 419442.419361501757521, 7624648.188450210727751 ], [ 419459.912965291878209, 7624624.533073015511036 ], [ 419478.734365446667653, 7624597.188317967578769 ] ] ] } },
{ "type": "Feature", "properties": { "fid": 449.0, "COMPR_M": 135.11, "CLASSE": "02 - Curta", "CD_FAZ": "403206", "TALHOES": "2", "FAZ_tAL": "403206002", "ID_LINHA": 194465 }, "geometry": { "type": "MultiLineString", "coordinates": [ [ [ 419396.782879923412111, 7624698.732636081986129 ], [ 419421.406798109121155, 7624669.92984276637435 ], [ 419440.035870391991921, 7624646.366485809907317 ], [ 419457.47316432360094, 7624622.787247071042657 ], [ 419478.833436889282893, 7624591.593830211088061 ] ] ] } },
{ "type": "Feature", "properties": { "fid": 450.0, "COMPR_M": 144.76, "CLASSE": "02 - Curta", "CD_FAZ": "403206", "TALHOES": "2", "FAZ_tAL": "403206002", "ID_LINHA": 194466 }, "geometry": { "type": "MultiLineString", "coordinates": [ [ [ 419390.982856449263636, 7624700.729158688336611 ], [ 419419.084444249456283, 7624668.030552583746612 ], [ 419437.65237928123679, 7624644.54452140443027 ], [ 419455.033363343973178, 7624621.041421124711633 ], [ 419478.932512053812388, 7624585.999132361263037 ] ] ] } },
{ "type": "Feature", "properties": { "fid": 451.0, "COMPR_M": 154.59, "CLASSE": "02 - Curta", "CD_FAZ": "403206", "TALHOES": "2", "FAZ_tAL": "403206002", "ID_LINHA": 194467 }, "geometry": { "type": "MultiLineString", "coordinates": [ [ [ 419385.098892008361872, 7624702.754576005041599 ], [ 419407.05615870305337, 7624677.798504798673093 ], [ 419435.268888173392043, 7624642.722557000815868 ], [ 419460.81855432811426, 7624607.611458760686219 ], [ 419479.033882635587361, 7624580.274813666939735 ] ] ] } },
{ "type": "Feature", "properties": { "fid": 452.0, "COMPR_M": 164.51, "CLASSE": "02 - Curta", "CD_FAZ": "403206", "TALHOES": "2", "FAZ_tAL": "403206002", "ID_LINHA": 194468 }, "geometry": { "type": "MultiLineString", "coordinates": [ [ [ 419379.11518509243615, 7624704.814327351748943 ], [ 419404.766213648661505, 7624675.860256846994162 ], [ 419432.885397065198049, 7624640.900592597201467 ], [ 419458.352397164562717, 7624605.903073503635824 ], [ 419479.135253231681418, 7624574.550494974479079 ] ] ] } },
{ "type": "Feature", "properties": { "fid": 453.0, "COMPR_M": 174.46, "CLASSE": "02 - Curta", "CD_FAZ": "403206", "TALHOES": "2", "FAZ_tAL": "403206002", "ID_LINHA": 194469 }, "geometry": { "type": "MultiLineString", "coordinates": [ [ [ 419373.131478179479018, 7624706.874078687280416 ], [ 419402.47626859677257, 7624673.92200890276581 ], [ 419430.501905948738568, 7624639.078628197312355 ], [ 419455.886240005725995, 7624604.194688233546913 ], [ 419479.237084509746637, 7624568.800161466002464 ] ] ] } },
{ "type": "Feature", "properties": { "fid": 454.0, "COMPR_M": 184.63, "CLASSE": "02 - Curta", "CD_FAZ": "403206", "TALHOES": "2", "FAZ_tAL": "403206002", "ID_LINHA": 194470 }, "geometry": { "type": "MultiLineString", "coordinates": [ [ [ 419367.006375161756296, 7624708.982502335682511 ], [ 419380.152196601731703, 7624694.84448554739356 ], [ 419400.186323540809099, 7624671.983760952949524 ], [ 419428.118414843745995, 7624637.256663788110018 ], [ 419453.420082850207109, 7624602.486302964389324 ], [ 419479.34082084603142, 7624562.942250831052661 ] ] ] } },
{ "type": "Feature", "properties": { "fid": 455.0, "COMPR_M": 194.84, "CLASSE": "02 - Curta", "CD_FAZ": "403206", "TALHOES": "2", "FAZ_tAL": "403206002", "ID_LINHA": 194471 }, "geometry": { "type": "MultiLineString", "coordinates": [ [ [ 419360.830167352978606, 7624711.108517609536648 ], [ 419377.930269815085921, 7624692.828623041510582 ], [ 419397.89637848874554, 7624670.04551300778985 ], [ 419425.734923728567082, 7624635.434699381701648 ], [ 419450.953925687470473, 7624600.777917696163058 ], [ 419466.351628461969085, 7624577.830208977684379 ], [ 419479.444557174982037, 7624557.08434019330889 ] ] ] } },
{ "type": "Feature", "properties": { "fid": 456.0, "COMPR_M": 205.16, "CLASSE": "02 - Curta", "CD_FAZ": "403206", "TALHOES": "2", "FAZ_tAL": "403206002", "ID_LINHA": 194472 }, "geometry": { "type": "MultiLineString", "coordinates": [ [ [ 419354.617945030680858, 7624713.246930031105876 ], [ 419385.766087699739728, 7624679.534265669062734 ], [ 419405.15032109618187, 7624656.634811474010348 ], [ 419423.351432616240345, 7624633.612734977155924 ], [ 419440.394557502120733, 7624610.566465458832681 ], [ 419456.298701812513173, 7624587.610413229092956 ], [ 419479.549596780736465, 7624551.152835424989462 ] ] ] } },
{ "type": "Feature", "properties": { "fid": 457.0, "COMPR_M": 215.68, "CLASSE": "02 - Curta", "CD_FAZ": "403206", "TALHOES": "2", "FAZ_tAL": "403206002", "ID_LINHA": 194473 }, "geometry": { "type": "MultiLineString", "coordinates": [ [ [ 419348.23940938396845, 7624715.442591945640743 ], [ 419363.373665701248683, 7624699.753324154764414 ], [ 419383.509771658224054, 7624677.556966384872794 ], [ 419402.827967230172362, 7624654.735521283000708 ], [ 419420.967941513517871, 7624631.790770566090941 ], [ 419437.954756521328818, 7624608.82063951343298 ], [ 419453.807382125174627, 7624585.93894294463098 ], [ 419468.56972573971143, 7624563.232103133574128 ], [ 419479.655764482566155, 7624545.157627520151436 ] ] ] } },
{ "type": "Feature", "properties": { "fid": 458.0, "COMPR_M": 226.21, "CLASSE": "02 - Curta", "CD_FAZ": "403206", "TALHOES": "2", "FAZ_tAL": "403206002", "ID_LINHA": 194474 }, "geometry": { "type": "MultiLineString", "coordinates": [ [ [ 419341.860873729339801, 7624717.638253854587674 ], [ 419361.186165130115114, 7624697.700163353234529 ], [ 419381.253455616300926, 7624675.579667089506984 ], [ 419400.505613373010419, 7624652.836231101304293 ], [ 419418.584450403810479, 7624629.96880616620183 ], [ 419435.514955550141167, 7624607.074813578277826 ], [ 419451.316062437254004, 7624584.26747265458107 ], [ 419466.031505395483691, 7624561.632766807451844 ], [ 419479.761971675907262, 7624539.160189287737012 ] ] ] } },
{ "type": "Feature", "properties": { "fid": 459.0, "COMPR_M": 237.02, "CLASSE": "02 - Curta", "CD_FAZ": "403206", "TALHOES": "2", "FAZ_tAL": "403206002", "ID_LINHA": 194475 }, "geometry": { "type": "MultiLineString", "coordinates": [ [ [ 419335.317722405830864, 7624719.890580862760544 ], [ 419358.99866455065785, 7624695.64700255356729 ], [ 419378.997139559476636, 7624673.602367799729109 ], [ 419398.183259519457351, 7624650.936940917745233 ], [ 419416.200959293695632, 7624628.146841758862138 ], [ 419433.075154569, 7624605.328987629152834 ], [ 419448.824742746539414, 7624582.596002357080579 ], [ 419463.493285051546991, 7624560.03343048132956 ], [ 419479.870635094004683, 7624533.024050118401647 ] ] ] } },
{ "type": "Feature", "properties": { "fid": 460.0, "COMPR_M": 247.87, "CLASSE": "02 - Curta", "CD_FAZ": "403206", "TALHOES": "2", "FAZ_tAL": "403206002", "ID_LINHA": 194476 }, "geometry": { "type": "MultiLineString", "coordinates": [ [ [ 419328.726492538466118, 7624722.15945777669549 ], [ 419356.811163974634837, 7624693.593841762281954 ], [ 419376.740823523898143, 7624671.625068504363298 ], [ 419395.86090565304039, 7624649.037650730460882 ], [ 419413.817468174675014, 7624626.324877353385091 ], [ 419430.635353597579524, 7624603.583161687478423 ], [ 419446.333423062402289, 7624580.924532065168023 ], [ 419460.955064712441526, 7624558.434094170108438 ], [ 419479.979298516642302, 7624526.887910942547023 ] ] ] } },
{ "type": "Feature", "properties": { "fid": 461.0, "COMPR_M": 255.38, "CLASSE": "02 - Curta", "CD_FAZ": "403206", "TALHOES": "2", "FAZ_tAL": "403206002", "ID_LINHA": 194477 }, "geometry": { "type": "MultiLineString", "coordinates": [ [ [ 419322.020710317534395, 7624724.467766679823399 ], [ 419344.603628802113235, 7624702.039192482829094 ], [ 419364.598709043348208, 7624680.73344799503684 ], [ 419384.156708145979792, 7624658.416025321930647 ], [ 419402.629913303768262, 7624635.830063074827194 ], [ 419419.954551711678505, 7624613.168201244436204 ], [ 419443.842103364993818, 7624579.253061776980758 ], [ 419458.416844367748126, 7624556.834757849574089 ], [ 419478.349806400248781, 7624523.728862328454852 ] ] ] } },
{ "type": "Feature", "properties": { "fid": 462.0, "COMPR_M": 257.63, "CLASSE": "02 - Curta", "CD_FAZ": "403206", "TALHOES": "2", "FAZ_tAL": "403206002", "ID_LINHA": 194478 }, "geometry": { "type": "MultiLineString", "coordinates": [ [ [ 419315.205837435147259, 7624726.813627487979829 ], [ 419342.450345917022787, 7624699.950180027633905 ], [ 419362.376782254665159, 7624678.717585487291217 ], [ 419381.86676309700124, 7624656.477777378633618 ], [ 419400.27638064045459, 7624633.969554658979177 ], [ 419417.542309151147492, 7624611.384484190493822 ], [ 419441.350783675501589, 7624577.581591484136879 ], [ 419455.878624025441241, 7624555.235421516001225 ], [ 419474.012456355267204, 7624525.207798125222325 ] ] ] } },
{ "type": "Feature", "properties": { "fid": 463.0, "COMPR_M": 259.96, "CLASSE": "02 - Curta", "CD_FAZ": "403206", "TALHOES": "2", "FAZ_tAL": "403206002", "ID_LINHA": 194479 }, "geometry": { "type": "MultiLineString", "coordinates": [ [ [ 419308.300778337114025, 7624729.1905327886343 ], [ 419330.301731502520852, 7624707.997067864984274 ], [ 419350.248662246740423, 7624687.43435936793685 ], [ 419369.971875380899291, 7624665.693170644342899 ], [ 419397.922847992565949, 7624632.109046240337193 ], [ 419415.130066586658359, 7624609.600767141208053 ], [ 419438.859463993110694, 7624575.910121193155646 ], [ 419453.340403687965591, 7624553.636085200123489 ], [ 419469.675106317328755, 7624526.686733927577734 ] ] ] } },
{ "type": "Feature", "properties": { "fid": 464.0, "COMPR_M": 262.43, "CLASSE": "02 - Curta", "CD_FAZ": "403206", "TALHOES": "2", "FAZ_tAL": "403206002", "ID_LINHA": 194480 }, "geometry": { "type": "MultiLineString", "coordinates": [ [ [ 419301.250684089551214, 7624731.617363061755896 ], [ 419328.18246045219712, 7624705.873565249145031 ], [ 419348.061161664430983, 7624685.381198570132256 ], [ 419367.715559337637387, 7624663.715871354565024 ], [ 419386.57149022287922, 7624641.44048997759819 ], [ 419404.283503739105072, 7624619.037019735202193 ], [ 419428.758511251711752, 7624585.402450278401375 ], [ 419450.802183342922945, 7624552.036748873069882 ], [ 419465.337756282533519, 7624528.165669715031981 ] ] ] } },
{ "type": "Feature", "properties": { "fid": 465.0, "COMPR_M": 264.98, "CLASSE": "02 - Curta", "CD_FAZ": "403206", "TALHOES": "2", "FAZ_tAL": "403206002", "ID_LINHA": 194481 }, "geometry": { "type": "MultiLineString", "coordinates": [ [ [ 419294.106808536627796, 7624734.0764753613621 ], [ 419316.101106795715168, 7624713.534868262708187 ], [ 419345.873661084217019, 7624683.328037771396339 ], [ 419365.459243291290477, 7624661.738572057336569 ], [ 419384.249136360595003, 7624639.541199798695743 ], [ 419401.900012626196258, 7624617.215055329725146 ], [ 419426.29235408664681, 7624583.694065019488335 ], [ 419441.198329887585714, 7624561.479128029197454 ], [ 419460.975238251965493, 7624529.653187217190862 ] ] ] } },
{ "type": "Feature", "properties": { "fid": 466.0, "COMPR_M": 267.64, "CLASSE": "02 - Curta", "CD_FAZ": "403206", "TALHOES": "2", "FAZ_tAL": "403206002", "ID_LINHA": 194482 }, "geometry": { "type": "MultiLineString", "coordinates": [ [ [ 419286.809250191086903, 7624736.588489361107349 ], [ 419314.015598084428348, 7624711.378204122185707 ], [ 419333.837214363622479, 7624691.594130223616958 ], [ 419363.202927243139129, 7624659.761272778734565 ], [ 419381.926782498718239, 7624637.64190960675478 ], [ 419399.516521514218766, 7624615.393090927042067 ], [ 419423.826196923735552, 7624581.985679747536778 ], [ 419438.683000035176519, 7624559.844019928015769 ], [ 419456.570255314290989, 7624531.155184267088771 ] ] ] } },
{ "type": "Feature", "properties": { "fid": 467.0, "COMPR_M": 270.42, "CLASSE": "02 - Curta", "CD_FAZ": "403206", "TALHOES": "2", "FAZ_tAL": "403206002", "ID_LINHA": 194483 }, "geometry": { "type": "MultiLineString", "coordinates": [ [ [ 419279.383822724106722, 7624739.1445193272084 ], [ 419302.008940282918047, 7624718.666831091046333 ], [ 419331.683931473118719, 7624689.505117771215737 ], [ 419351.267148281098343, 7624668.638272944837809 ], [ 419370.417037812294438, 7624646.786537641659379 ], [ 419388.508717363583855, 7624624.66701259277761 ], [ 419413.55674677377101, 7624591.362380078062415 ], [ 419436.167670174443629, 7624558.208911836147308 ], [ 419452.165272385056596, 7624532.657181318849325 ] ] ] } },
{ "type": "Feature", "properties": { "fid": 468.0, "COMPR_M": 273.33, "CLASSE": "02 - Curta", "CD_FAZ": "403206", "TALHOES": "2", "FAZ_tAL": "403206002", "ID_LINHA": 194484 }, "geometry": { "type": "MultiLineString", "coordinates": [ [ [ 419271.825795996119268, 7624741.74619347974658 ], [ 419299.956904419115745, 7624716.478299591690302 ], [ 419319.705376248282846, 7624697.379554802551866 ], [ 419349.045221487933304, 7624666.62241043895483 ], [ 419368.127092761278618, 7624644.848289703950286 ], [ 419386.155184705508873, 7624622.806504173204303 ], [ 419411.116945800255053, 7624589.616554138250649 ], [ 419426.40286554954946, 7624567.552769735455513 ], [ 419447.760289447149262, 7624534.159178368747234 ] ] ] } },
{ "type": "Feature", "properties": { "fid": 469.0, "COMPR_M": 276.39, "CLASSE": "02 - Curta", "CD_FAZ": "403206", "TALHOES": "2", "FAZ_tAL": "403206002", "ID_LINHA": 194485 }, "geometry": { "type": "MultiLineString", "coordinates": [ [ [ 419264.072511414589826, 7624744.415080593898892 ], [ 419288.031701883010101, 7624723.406955705955625 ], [ 419317.586105206923094, 7624695.256052190437913 ], [ 419346.823294696048833, 7624664.606547925621271 ], [ 419365.837147704325616, 7624642.910041747614741 ], [ 419383.801652056339663, 7624620.945995754562318 ], [ 419408.677144826739095, 7624587.870728186331689 ], [ 419423.911545858951285, 7624565.881299450993538 ], [ 419443.296858655638061, 7624535.681104773655534 ] ] ] } },
{ "type": "Feature", "properties": { "fid": 470.0, "COMPR_M": 279.52, "CLASSE": "02 - Curta", "CD_FAZ": "403206", "TALHOES": "2", "FAZ_tAL": "403206002", "ID_LINHA": 194486 }, "geometry": { "type": "MultiLineString", "coordinates": [ [ [ 419256.230081309040543, 7624747.11465398222208 ], [ 419286.01281180861406, 7624721.187816362828016 ], [ 419305.673563241085503, 7624702.751547543331981 ], [ 419334.936158207128756, 7624673.062233775854111 ], [ 419354.177663053502329, 7624651.852075613103807 ], [ 419372.637367063493002, 7624630.044748870655894 ], [ 419398.24436865124153, 7624597.114747760817409 ], [ 419421.420226167654619, 7624564.209829160943627 ], [ 419438.81925483775558, 7624537.207863860763609 ] ] ] } },
{ "type": "Feature", "properties": { "fid": 471.0, "COMPR_M": 282.93, "CLASSE": "02 - Curta", "CD_FAZ": "403206", "TALHOES": "2", "FAZ_tAL": "403206002", "ID_LINHA": 194487 }, "geometry": { "type": "MultiLineString", "coordinates": [ [ [ 419248.108756477071438, 7624749.910230351611972 ], [ 419274.17477488075383, 7624727.769360670819879 ], [ 419303.588054531021044, 7624700.594883393496275 ], [ 419332.748657626914792, 7624671.009072983637452 ], [ 419351.921347007097211, 7624649.874776322394609 ], [ 419370.31501320580719, 7624628.145458687096834 ], [ 419395.832126092747785, 7624595.331030709668994 ], [ 419418.928906483517494, 7624562.538358862511814 ], [ 419434.341651011025533, 7624538.734622946940362 ] ] ] } },
{ "type": "Feature", "properties": { "fid": 472.0, "COMPR_M": 286.46, "CLASSE": "02 - Curta", "CD_FAZ": "403206", "TALHOES": "2", "FAZ_tAL": "403206002", "ID_LINHA": 194488 }, "geometry": { "type": "MultiLineString", "coordinates": [ [ [ 419239.849100807623472, 7624752.753423895686865 ], [ 419262.396092479582876, 7624734.044994553551078 ], [ 419291.748760939401109, 7624707.724173612892628 ], [ 419320.917517041089013, 7624679.060055513866246 ], [ 419340.157514315680601, 7624658.558960400521755 ], [ 419358.967312533350196, 7624637.095297910273075 ], [ 419385.215574851958081, 7624604.461304502561688 ], [ 419409.02925396990031, 7624571.735368140041828 ], [ 419429.838599146576598, 7624540.270059226080775 ] ] ] } },
{ "type": "Feature", "properties": { "fid": 473.0, "COMPR_M": 290.11, "CLASSE": "02 - Curta", "CD_FAZ": "403206", "TALHOES": "2", "FAZ_tAL": "403206002", "ID_LINHA": 194489 }, "geometry": { "type": "MultiLineString", "coordinates": [ [ [ 419231.423113092314452, 7624755.653873344883323 ], [ 419260.44238800148014, 7624731.76826691813767 ], [ 419289.69672507623909, 7624705.535642116330564 ], [ 419318.764234148489777, 7624676.97104306332767 ], [ 419337.935587526590098, 7624656.543097896501422 ], [ 419356.677367486525327, 7624635.157049957662821 ], [ 419382.83208373747766, 7624602.639340094290674 ], [ 419406.563096813857555, 7624570.026982877403498 ], [ 419425.282950407301541, 7624541.82342981826514 ] ] ] } },
{ "type": "Feature", "properties": { "fid": 474.0, "COMPR_M": 294.07, "CLASSE": "02 - Curta", "CD_FAZ": "403206", "TALHOES": "2", "FAZ_tAL": "403206002", "ID_LINHA": 194490 }, "geometry": { "type": "MultiLineString", "coordinates": [ [ [ 419222.687554642325267, 7624758.660885302349925 ], [ 419248.760026459000073, 7624737.721173183061182 ], [ 419277.937251508061308, 7624712.311258971691132 ], [ 419306.989749957923777, 7624684.638539116829634 ], [ 419335.713660730223637, 7624654.527235385030508 ], [ 419354.387422424333636, 7624633.218802012503147 ], [ 419380.44859262323007, 7624600.817375689744949 ], [ 419404.096939651877619, 7624568.318597602657974 ], [ 419420.727301658131182, 7624543.37680041231215 ] ] ] } },
{ "type": "Feature", "properties": { "fid": 475.0, "COMPR_M": 298.22, "CLASSE": "02 - Curta", "CD_FAZ": "403206", "TALHOES": "2", "FAZ_tAL": "403206002", "ID_LINHA": 194491 }, "geometry": { "type": "MultiLineString", "coordinates": [ [ [ 419213.751135400903877, 7624761.73703888617456 ], [ 419246.838309244660195, 7624735.417386991903186 ], [ 419275.918361430522054, 7624710.092119624838233 ], [ 419304.870478910568636, 7624682.515036503784359 ], [ 419323.998655319621321, 7624662.796429784968495 ], [ 419342.896082820429001, 7624641.9655791670084 ], [ 419369.680456117377616, 7624609.782945275306702 ], [ 419394.038338976446539, 7624577.395772526040673 ], [ 419416.17165292071877, 7624544.930171007290483 ] ] ] } },
{ "type": "Feature", "properties": { "fid": 476.0, "COMPR_M": 302.55, "CLASSE": "03 - Média", "CD_FAZ": "403206", "TALHOES": "2", "FAZ_tAL": "403206002", "ID_LINHA": 194492 }, "geometry": { "type": "MultiLineString", "coordinates": [ [ [ 419204.581693849875592, 7624764.893404964357615 ], [ 419235.255998276697937, 7624741.059727917425334 ], [ 419264.244255200610496, 7624716.526736479252577 ], [ 419293.160510973248165, 7624689.811562676914036 ], [ 419321.811154736555181, 7624660.743268994614482 ], [ 419340.639766775188036, 7624639.98827987536788 ], [ 419367.326923468965106, 7624607.92243686504662 ], [ 419391.598538001650013, 7624575.649946589022875 ], [ 419411.537260099838022, 7624546.510391511023045 ] ] ] } },
{ "type": "Feature", "properties": { "fid": 477.0, "COMPR_M": 307.15, "CLASSE": "03 - Média", "CD_FAZ": "403206", "TALHOES": "2", "FAZ_tAL": "403206002", "ID_LINHA": 194493 }, "geometry": { "type": "MultiLineString", "coordinates": [ [ [ 419195.1368296664441, 7624768.144578848034143 ], [ 419223.745784085360356, 7624746.428280590102077 ], [ 419252.627570077427663, 7624722.661356370896101 ], [ 419281.488581598503515, 7624696.781516136601567 ], [ 419310.151102599222213, 7624668.614993263036013 ], [ 419338.383450726803858, 7624638.01098058745265 ], [ 419364.973390806408133, 7624606.061928443610668 ], [ 419389.158737027435564, 7624573.904120637103915 ], [ 419406.89765709702624, 7624548.092388553544879 ] ] ] } },
{ "type": "Feature", "properties": { "fid": 478.0, "COMPR_M": 312.13, "CLASSE": "03 - Média", "CD_FAZ": "403206", "TALHOES": "2", "FAZ_tAL": "403206002", "ID_LINHA": 194494 }, "geometry": { "type": "MultiLineString", "coordinates": [ [ [ 419185.320591605850495, 7624771.523589508607984 ], [ 419221.886712557985447, 7624744.073659726418555 ], [ 419250.673865603632294, 7624720.384628735482693 ], [ 419279.436545726086479, 7624694.592984639108181 ], [ 419307.997819711221382, 7624666.525980815291405 ], [ 419336.127134687209036, 7624636.033681306056678 ], [ 419354.05853619123809, 7624614.850427381694317 ], [ 419378.946428163733799, 7624582.845011327415705 ], [ 419402.258054102072492, 7624549.674385603517294 ] ] ] } },
{ "type": "Feature", "properties": { "fid": 479.0, "COMPR_M": 317.39, "CLASSE": "03 - Média", "CD_FAZ": "403206", "TALHOES": "2", "FAZ_tAL": "403206002", "ID_LINHA": 194495 }, "geometry": { "type": "MultiLineString", "coordinates": [ [ [ 419175.176121086289641, 7624775.015586528927088 ], [ 419210.482767348410562, 7624749.154108771122992 ], [ 419239.151440375368111, 7624726.202242204919457 ], [ 419267.842801139340736, 7624701.215562233701348 ], [ 419296.393394713755697, 7624674.02102604880929 ], [ 419324.604026760789566, 7624644.4479228425771 ], [ 419351.73618232877925, 7624612.951137199997902 ], [ 419376.534185598837212, 7624581.061294274404645 ], [ 419397.560381635325029, 7624551.276182997971773 ] ] ] } },
{ "type": "Feature", "properties": { "fid": 480.0, "COMPR_M": 323.0, "CLASSE": "03 - Média", "CD_FAZ": "403206", "TALHOES": "2", "FAZ_tAL": "403206002", "ID_LINHA": 194496 }, "geometry": { "type": "MultiLineString", "coordinates": [ [ [ 419164.659897920675576, 7624778.635550717823207 ], [ 419199.157093074172735, 7624753.980629463680089 ], [ 419218.1685695037595, 7624739.364417970180511 ], [ 419237.229723154916428, 7624723.898456014692783 ], [ 419265.823911060695536, 7624698.996422883123159 ], [ 419294.274123666866217, 7624671.897523439489305 ], [ 419322.382099970418494, 7624642.432060335762799 ], [ 419349.413828467368148, 7624611.051847016438842 ], [ 419374.121943039877806, 7624579.277577226981521 ], [ 419392.830373624397907, 7624552.889006052166224 ] ] ] } },
{ "type": "Feature", "properties": { "fid": 481.0, "COMPR_M": 329.04, "CLASSE": "03 - Média", "CD_FAZ": "403206", "TALHOES": "2", "FAZ_tAL": "403206002", "ID_LINHA": 194497 }, "geometry": { "type": "MultiLineString", "coordinates": [ [ [ 419153.724119047517888, 7624782.399937158450484 ], [ 419187.912385661678854, 7624758.562289820984006 ], [ 419206.825862358266022, 7624744.397165044210851 ], [ 419225.805168761289679, 7624729.411037433892488 ], [ 419254.313735531643033, 7624705.284112283959985 ], [ 419282.732967421819922, 7624679.028241948224604 ], [ 419310.873651857022196, 7624650.477465000934899 ], [ 419338.35780703445198, 7624619.651066380552948 ], [ 419363.764154858072288, 7624588.063624846749008 ], [ 419388.100365625927225, 7624554.50182912312448 ] ] ] } },
{ "type": "Feature", "properties": { "fid": 482.0, "COMPR_M": 335.52, "CLASSE": "03 - Média", "CD_FAZ": "403206", "TALHOES": "2", "FAZ_tAL": "403206002", "ID_LINHA": 194498 }, "geometry": { "type": "MultiLineString", "coordinates": [ [ [ 419142.316122360760346, 7624786.326873547397554 ], [ 419176.750977103540208, 7624762.90791842341423 ], [ 419214.450426444876939, 7624734.655176228843629 ], [ 419233.386288719484583, 7624719.290883615612984 ], [ 419252.327631596650463, 7624703.035587447695434 ], [ 419280.647458708961494, 7624676.871577808633447 ], [ 419308.68615127337398, 7624648.424304205924273 ], [ 419336.067861978663132, 7624617.712818442843854 ], [ 419361.380663742951583, 7624586.241660450585186 ], [ 419383.327404216863215, 7624556.129298286512494 ] ] ] } },
{ "type": "Feature", "properties": { "fid": 483.0, "COMPR_M": 342.51, "CLASSE": "03 - Média", "CD_FAZ": "403206", "TALHOES": "2", "FAZ_tAL": "403206002", "ID_LINHA": 194499 }, "geometry": { "type": "MultiLineString", "coordinates": [ [ [ 419130.377719221927691, 7624790.436389975249767 ], [ 419165.674870281829499, 7624767.026092978194356 ], [ 419203.168957382149529, 7624739.64022131729871 ], [ 419222.024836954602506, 7624724.751561256125569 ], [ 419240.905343201127835, 7624709.000990567728877 ], [ 419269.176366388564929, 7624683.65032715164125 ], [ 419297.231405274826102, 7624656.080918556079268 ], [ 419324.845554452447686, 7624626.147184857167304 ], [ 419350.852194870822132, 7624594.898877961561084 ], [ 419366.885215356713161, 7624573.926426063291728 ], [ 419378.499895285931416, 7624557.775366900488734 ] ] ] } },
{ "type": "Feature", "properties": { "fid": 484.0, "COMPR_M": 349.74, "CLASSE": "03 - Média", "CD_FAZ": "403206", "TALHOES": "2", "FAZ_tAL": "403206002", "ID_LINHA": 194500 }, "geometry": { "type": "MultiLineString", "coordinates": [ [ [ 419118.149059047224, 7624794.560458345338702 ], [ 419154.685772057506256, 7624770.925131857395172 ], [ 419191.963793951144908, 7624744.375317408703268 ], [ 419210.732283391349483, 7624729.945934481918812 ], [ 419229.542854289175011, 7624714.683311231434345 ], [ 419257.748350760317408, 7624690.119865491986275 ], [ 419276.476441284641623, 7624672.55824951082468 ], [ 419295.078122386825271, 7624653.99190610088408 ], [ 419322.589238399756141, 7624624.169885569252074 ], [ 419348.498662221012637, 7624593.038369540125132 ], [ 419373.67238636687398, 7624559.42143551632762 ] ] ] } },
{ "type": "Feature", "properties": { "fid": 485.0, "COMPR_M": 356.98, "CLASSE": "03 - Média", "CD_FAZ": "403206", "TALHOES": "2", "FAZ_tAL": "403206002", "ID_LINHA": 194501 }, "geometry": { "type": "MultiLineString", "coordinates": [ [ [ 419105.806454126141034, 7624798.565213171765208 ], [ 419143.785124463553075, 7624774.613088419660926 ], [ 419180.837577125872485, 7624748.869386726990342 ], [ 419199.512052389094606, 7624734.883277591317892 ], [ 419218.244505156530067, 7624720.092085065320134 ], [ 419236.997934251965489, 7624704.447535295039415 ], [ 419255.72946068784222, 7624687.900726137682796 ], [ 419274.390932582900859, 7624670.401585374958813 ], [ 419292.924839492014144, 7624651.902893656864762 ], [ 419320.332922359113581, 7624622.192586272023618 ], [ 419346.145129558164626, 7624591.177861128933728 ], [ 419368.809775414178148, 7624561.079473108053207 ] ] ] } },
{ "type": "Feature", "properties": { "fid": 486.0, "COMPR_M": 364.83, "CLASSE": "03 - Média", "CD_FAZ": "403206", "TALHOES": "2", "FAZ_tAL": "403206002", "ID_LINHA": 194502 }, "geometry": { "type": "MultiLineString", "coordinates": [ [ [ 419092.814758365799207, 7624802.780575877986848 ], [ 419132.974133861833252, 7624778.097747786901891 ], [ 419169.792592225130647, 7624753.131114615127444 ], [ 419207.014140343875624, 7624725.236692730337381 ], [ 419225.699419851531275, 7624710.075738837942481 ], [ 419244.38321586465463, 7624694.041488097980618 ], [ 419263.02025878126733, 7624677.084732663817704 ], [ 419281.558497364690993, 7624659.156507762148976 ], [ 419309.050539209332783, 7624630.336885280907154 ], [ 419335.479705309728161, 7624599.656105892732739 ], [ 419351.846699304122012, 7624578.953802822157741 ], [ 419363.876900728268083, 7624562.761468999087811 ] ] ] } },
{ "type": "Feature", "properties": { "fid": 487.0, "COMPR_M": 373.4, "CLASSE": "03 - Média", "CD_FAZ": "403206", "TALHOES": "2", "FAZ_tAL": "403206002", "ID_LINHA": 194503 }, "geometry": { "type": "MultiLineString", "coordinates": [ [ [ 419079.112892862176523, 7624807.226364458911121 ], [ 419122.253902651951648, 7624781.386558977887034 ], [ 419158.830803089716937, 7624757.168938429094851 ], [ 419195.85514741204679, 7624730.126333866268396 ], [ 419214.464173340704292, 7624715.432608875446022 ], [ 419233.090525286621414, 7624699.894080028869212 ], [ 419251.691680542600807, 7624683.462447440251708 ], [ 419270.219915155204944, 7624666.088257083669305 ], [ 419297.748648393317126, 7624638.158500218763947 ], [ 419315.820290268631652, 7624618.237987694330513 ], [ 419333.157351453206502, 7624597.756815711967647 ], [ 419358.944026041659527, 7624564.443464895710349 ] ] ] } },
{ "type": "Feature", "properties": { "fid": 488.0, "COMPR_M": 382.89, "CLASSE": "03 - Média", "CD_FAZ": "403206", "TALHOES": "2", "FAZ_tAL": "403206002", "ID_LINHA": 194504 }, "geometry": { "type": "MultiLineString", "coordinates": [ [ [ 419064.493795513524674, 7624811.969763541594148 ], [ 419084.796708060777746, 7624800.517495548352599 ], [ 419111.625296155107208, 7624784.486747705377638 ], [ 419138.818720826704521, 7624767.107275106012821 ], [ 419157.119786296912935, 7624754.70464979019016 ], [ 419194.026694914442487, 7624727.747861998155713 ], [ 419212.574007444083691, 7624713.102870779111981 ], [ 419231.136820813408121, 7624697.617352392524481 ], [ 419249.672790467855521, 7624681.243308098986745 ], [ 419268.134406441065948, 7624663.931592928245664 ], [ 419295.561147820262704, 7624636.105339414440095 ], [ 419322.328191646607593, 7624606.083330761641264 ], [ 419339.084531594067812, 7624585.596335883252323 ], [ 419353.97445466904901, 7624566.137973517179489 ] ] ] } },
{ "type": "Feature", "properties": { "fid": 489.0, "COMPR_M": 393.36, "CLASSE": "03 - Média", "CD_FAZ": "403206", "TALHOES": "2", "FAZ_tAL": "403206002", "ID_LINHA": 194505 }, "geometry": { "type": "MultiLineString", "coordinates": [ [ [ 419048.857178222038783, 7624817.04331317730248 ], [ 419092.169691489310935, 7624792.73289539385587 ], [ 419119.049698785529472, 7624776.313686753623188 ], [ 419137.163252945872955, 7624764.605337340384722 ], [ 419164.573803568491712, 7624745.798511769622564 ], [ 419182.97217004786944, 7624732.368677340447903 ], [ 419201.436925755057018, 7624718.172830101102591 ], [ 419219.934268200595398, 7624703.16438025329262 ], [ 419238.424904051644262, 7624687.295913577079773 ], [ 419256.864151169429533, 7624670.519138183444738 ], [ 419275.20068422233453, 7624652.785999922081828 ], [ 419293.373647238826379, 7624634.052178624086082 ], [ 419320.038246594078373, 7624604.145082811824977 ], [ 419336.730998935468961, 7624583.735827470198274 ], [ 419348.92778444045689, 7624567.858771055936813 ] ] ] } },
{ "type": "Feature", "properties": { "fid": 490.0, "COMPR_M": 405.24, "CLASSE": "03 - Média", "CD_FAZ": "403206", "TALHOES": "2", "FAZ_tAL": "403206002", "ID_LINHA": 194506 }, "geometry": { "type": "MultiLineString", "coordinates": [ [ [ 419031.862077898753341, 7624822.55764427781105 ], [ 419055.519261276465841, 7624810.052100498229265 ], [ 419081.792748299485538, 7624795.323557734489441 ], [ 419108.472801868105307, 7624779.381585292518139 ], [ 419126.460094782232773, 7624768.019487425684929 ], [ 419153.697752699896228, 7624749.776072520762682 ], [ 419171.994066461338662, 7624736.753257876262069 ], [ 419208.793675632216036, 7624708.443394591100514 ], [ 419227.229411854292266, 7624693.063897117972374 ], [ 419245.635010314756073, 7624676.805029397830367 ], [ 419263.963389021228068, 7624659.618264645338058 ], [ 419282.158425056608394, 7624641.457831399515271 ], [ 419300.162832033005543, 7624622.273435248993337 ], [ 419317.74830153491348, 7624602.206834868527949 ], [ 419343.881114199000876, 7624569.579568587243557 ] ] ] } },
{ "type": "Feature", "properties": { "fid": 491.0, "COMPR_M": 418.74, "CLASSE": "03 - Média", "CD_FAZ": "403206", "TALHOES": "2", "FAZ_tAL": "403206002", "ID_LINHA": 194507 }, "geometry": { "type": "MultiLineString", "coordinates": [ [ [ 419013.262737526383717, 7624828.592496614903212 ], [ 419036.86461475584656, 7624816.591959646902978 ], [ 419062.773593842342962, 7624802.647023699246347 ], [ 419106.896554723964073, 7624776.829004084691405 ], [ 419133.85231717734132, 7624759.601461797021329 ], [ 419151.986735897022299, 7624747.311783883720636 ], [ 419179.375520494126249, 7624727.566021310165524 ], [ 419197.718782701063901, 7624713.463588357903063 ], [ 419216.090833766153082, 7624698.556807854212821 ], [ 419234.452696189284325, 7624682.798863898962736 ], [ 419252.760079438681714, 7624666.142075189389288 ], [ 419270.962142119533382, 7624648.538994690403342 ], [ 419288.998646086547524, 7624629.945857018232346 ], [ 419306.795026075094938, 7624610.328790543600917 ], [ 419323.867936009948608, 7624590.159654963761568 ], [ 419338.783856662746985, 7624571.31761522591114 ] ] ] } },
{ "type": "Feature", "properties": { "fid": 492.0, "COMPR_M": 434.39, "CLASSE": "03 - Média", "CD_FAZ": "403206", "TALHOES": "2", "FAZ_tAL": "403206002", "ID_LINHA": 194508 }, "geometry": { "type": "MultiLineString", "coordinates": [ [ [ 418992.533699721680023, 7624835.318363232538104 ], [ 419018.508416854194365, 7624822.62788381613791 ], [ 419044.039144783979282, 7624809.415610766038299 ], [ 419070.030585626838729, 7624795.141292819753289 ], [ 419096.43564840068575, 7624779.701504927128553 ], [ 419123.203075243043713, 7624762.980357240885496 ], [ 419141.221997026936151, 7624751.056946977972984 ], [ 419168.456662194221281, 7624731.906806324608624 ], [ 419186.712884946842678, 7624718.233974549919367 ], [ 419214.169116549543105, 7624696.253021663054824 ], [ 419232.466592249111272, 7624680.550339065492153 ], [ 419250.70804357243469, 7624663.953543689101934 ], [ 419268.842871072120033, 7624646.41549208201468 ], [ 419286.811145505809691, 7624627.892696227878332 ], [ 419304.53871003142558, 7624608.351491255685687 ], [ 419321.545582156337332, 7624588.260364782065153 ], [ 419333.614129187888466, 7624573.080372426658869 ] ] ] } },
{ "type": "Feature", "properties": { "fid": 493.0, "COMPR_M": 453.17, "CLASSE": "03 - Média", "CD_FAZ": "403206", "TALHOES": "2", "FAZ_tAL": "403206002", "ID_LINHA": 194509 }, "geometry": { "type": "MultiLineString", "coordinates": [ [ [ 418968.804099080094602, 7624843.017810272052884 ], [ 419000.4570506894961, 7624828.192618787288666 ], [ 419025.596585008199327, 7624815.665970101952553 ], [ 419051.221367765974719, 7624802.144536988809705 ], [ 419077.286808658624068, 7624787.5326510053128 ], [ 419103.744060432945844, 7624771.723841672763228 ], [ 419130.541381417540833, 7624754.597586264833808 ], [ 419157.615418692934327, 7624736.021707972511649 ], [ 419175.7788709331071, 7624722.763365276157856 ], [ 419203.123177933972329, 7624701.454180305823684 ], [ 419221.368298420042265, 7624686.233714208938181 ], [ 419239.578340097388718, 7624670.147611360996962 ], [ 419257.706862893130165, 7624653.148272205144167 ], [ 419275.698576397495344, 7624635.190794046968222 ], [ 419293.497051659389399, 7624616.225847720168531 ], [ 419310.878466369817033, 7624596.392091028392315 ], [ 419328.444401707674842, 7624574.843129636719823 ] ] ] } },
{ "type": "Feature", "properties": { "fid": 494.0, "COMPR_M": 477.18, "CLASSE": "03 - Média", "CD_FAZ": "403206", "TALHOES": "2", "FAZ_tAL": "403206002", "ID_LINHA": 194510 }, "geometry": { "type": "MultiLineString", "coordinates": [ [ [ 418940.414777987345587, 7624852.229177857749164 ], [ 418966.355312767671421, 7624840.836792997084558 ], [ 418999.1486116136075, 7624825.49297066219151 ], [ 419032.697297991602682, 7624808.614819738082588 ], [ 419058.407983397482894, 7624794.776637392118573 ], [ 419084.538753214525059, 7624779.818800995126367 ], [ 419111.039189131755847, 7624763.631506170146167 ], [ 419137.856053273775615, 7624746.089900765568018 ], [ 419155.875822475005407, 7624733.577507019042969 ], [ 419183.055979969387408, 7624713.477030824869871 ], [ 419201.233012028271332, 7624699.124442202970386 ], [ 419228.494384383666329, 7624676.053289388306439 ], [ 419246.603971828357317, 7624659.576480697840452 ], [ 419273.545293506293092, 7624633.101781588979065 ], [ 419291.275124863896053, 7624614.209985218942165 ], [ 419308.588521310244687, 7624594.453843073919415 ], [ 419323.46232748485636, 7624576.300315652042627 ] ] ] } },
{ "type": "Feature", "properties": { "fid": 495.0, "COMPR_M": 713.09, "CLASSE": "04 - Longa", "CD_FAZ": "403206", "TALHOES": "2", "FAZ_tAL": "403206002", "ID_LINHA": 194511 }, "geometry": { "type": "MultiLineString", "coordinates": [ [ [ 418711.055729137675371, 7624927.656024775467813 ], [ 418763.877518725115806, 7624912.401974141597748 ], [ 418815.718610899872147, 7624896.012124079279602 ], [ 418861.643539606709965, 7624880.067344818264246 ], [ 418908.796192796551622, 7624862.072060959413648 ], [ 418956.999179318489041, 7624841.738800281658769 ], [ 418997.840172532538418, 7624822.793322538025677 ], [ 419039.807346229092218, 7624801.472484881058335 ], [ 419074.282848904025741, 7624782.338713185861707 ], [ 419109.43708720325958, 7624761.095070051029325 ], [ 419145.142668710555881, 7624737.454629343003035 ], [ 419181.22752747539198, 7624711.098558967933059 ], [ 419208.403964899713174, 7624689.34166307747364 ], [ 419226.508280447218567, 7624673.804764548316598 ], [ 419244.551935960480478, 7624657.387949204072356 ], [ 419271.392010611016303, 7624631.012769140303135 ], [ 419297.769761895819101, 7624602.419593387283385 ], [ 419318.570353471674025, 7624577.597249606624246 ] ] ] } },
{ "type": "Feature", "properties": { "fid": 496.0, "COMPR_M": 706.18, "CLASSE": "04 - Longa", "CD_FAZ": "403206", "TALHOES": "2", "FAZ_tAL": "403206002", "ID_LINHA": 194512 }, "geometry": { "type": "MultiLineString", "coordinates": [ [ [ 418711.183895393449347, 7624924.507539280690253 ], [ 418763.011272681993432, 7624909.529754588380456 ], [ 418814.77394068002468, 7624893.164732171222568 ], [ 418860.618817051465157, 7624877.24777012038976 ], [ 418907.680329398484901, 7624859.287294588983059 ], [ 418955.782079915865324, 7624838.99676414206624 ], [ 418996.53173345560208, 7624820.093674417585135 ], [ 419038.39674670191016, 7624798.824776253663003 ], [ 419072.780869019916281, 7624779.741744278930128 ], [ 419107.834985266672447, 7624758.558633929118514 ], [ 419143.431651916995179, 7624734.990340703167021 ], [ 419179.39907498616958, 7624708.720087101683021 ], [ 419206.482247687061317, 7624687.037876879796386 ], [ 419233.521669868030585, 7624663.490193318575621 ], [ 419260.365786880778614, 7624637.921481629833579 ], [ 419286.831271275819745, 7624610.178260207176208 ], [ 419313.67837944830535, 7624578.894183563068509 ] ] ] } },
{ "type": "Feature", "properties": { "fid": 497.0, "COMPR_M": 699.39, "CLASSE": "04 - Longa", "CD_FAZ": "403206", "TALHOES": "2", "FAZ_tAL": "403206002", "ID_LINHA": 194513 }, "geometry": { "type": "MultiLineString", "coordinates": [ [ [ 418711.312061646487564, 7624921.359053799882531 ], [ 418762.14502664655447, 7624906.657535035163164 ], [ 418813.829270471469499, 7624890.317340264096856 ], [ 418859.594094484345987, 7624874.428195433691144 ], [ 418898.659329630318098, 7624859.643708536401391 ], [ 418946.501971473102458, 7624839.802619073539972 ], [ 418987.033179723075591, 7624821.327784704975784 ], [ 419028.529981223342475, 7624800.637679828330874 ], [ 419062.638990567880683, 7624782.088751437142491 ], [ 419097.439071839035023, 7624761.51351684704423 ], [ 419132.807137639843859, 7624738.639331431128085 ], [ 419168.585571805655491, 7624713.15805322304368 ], [ 419195.562514316989109, 7624692.135227924212813 ], [ 419213.553480494883843, 7624677.126803672872484 ], [ 419231.502779803762678, 7624661.271053967997432 ], [ 419258.246515822655056, 7624635.797979011200368 ], [ 419284.609344483353198, 7624608.162397695705295 ], [ 419308.836622240021825, 7624580.082817517220974 ] ] ] } },
{ "type": "Feature", "properties": { "fid": 498.0, "COMPR_M": 692.71, "CLASSE": "04 - Longa", "CD_FAZ": "403206", "TALHOES": "2", "FAZ_tAL": "403206002", "ID_LINHA": 194514 }, "geometry": { "type": "MultiLineString", "coordinates": [ [ [ 418711.440227897604927, 7624918.210568307898939 ], [ 418761.278780615306459, 7624903.785315481945872 ], [ 418812.884600249817595, 7624887.46994835883379 ], [ 418858.569371931371279, 7624871.608620726503432 ], [ 418897.559387715242337, 7624856.852615615352988 ], [ 418945.302394941041712, 7624837.052872501313686 ], [ 418985.743605241295882, 7624818.619075804948807 ], [ 419027.140875634853728, 7624797.978633191436529 ], [ 419061.160671544843353, 7624779.478243166580796 ], [ 419095.86282470007427, 7624758.960935638286173 ], [ 419131.124165761400945, 7624736.155808324925601 ], [ 419166.787247032974847, 7624710.756725205108523 ], [ 419193.672348416526802, 7624689.805489832535386 ], [ 419211.599776023649611, 7624674.850076043047011 ], [ 419229.483889723545872, 7624659.051914619281888 ], [ 419256.127244780538604, 7624633.674476401880383 ], [ 419282.387417681573424, 7624606.146535178646445 ], [ 419304.0434422561666, 7624581.153641721233726 ] ] ] } },
{ "type": "Feature", "properties": { "fid": 499.0, "COMPR_M": 686.04, "CLASSE": "04 - Longa", "CD_FAZ": "403206", "TALHOES": "2", "FAZ_tAL": "403206002", "ID_LINHA": 194515 }, "geometry": { "type": "MultiLineString", "coordinates": [ [ [ 418711.568477280961815, 7624915.060040748678148 ], [ 418760.412534579110797, 7624900.913095925934613 ], [ 418811.939930036838632, 7624884.622556450776756 ], [ 418857.544649369781837, 7624868.789046034216881 ], [ 418896.459445810469333, 7624854.061522687785327 ], [ 418944.102818408107851, 7624834.3031259290874 ], [ 418984.454030752298422, 7624815.910366918891668 ], [ 419025.751770039554685, 7624795.319586557336152 ], [ 419059.682352533505764, 7624776.867734888568521 ], [ 419094.286577547958586, 7624756.408354435116053 ], [ 419129.441193877952173, 7624733.672285215929151 ], [ 419164.988922250515316, 7624708.355397193692625 ], [ 419191.782182506576646, 7624687.475751738995314 ], [ 419218.563864706724416, 7624664.810665195807815 ], [ 419245.193810626340564, 7624640.208287336863577 ], [ 419271.498641469574068, 7624613.520570635795593 ], [ 419299.250262284884229, 7624582.224465912207961 ] ] ] } },
{ "type": "Feature", "properties": { "fid": 500.0, "COMPR_M": 679.66, "CLASSE": "04 - Longa", "CD_FAZ": "403206", "TALHOES": "2", "FAZ_tAL": "403206002", "ID_LINHA": 194516 }, "geometry": { "type": "MultiLineString", "coordinates": [ [ [ 418711.696751888957806, 7624911.908893380314112 ], [ 418759.546288538607769, 7624898.040876381099224 ], [ 418810.995259822579101, 7624881.775164536200464 ], [ 418856.519926818902604, 7624865.969471342861652 ], [ 418895.359503908839542, 7624851.270429762080312 ], [ 418942.90324187366059, 7624831.553379353135824 ], [ 418983.164456260332372, 7624813.201658020727336 ], [ 419024.362664458574727, 7624792.660539920441806 ], [ 419058.204033523215912, 7624774.257226606830955 ], [ 419092.710330407018773, 7624753.855773232877254 ], [ 419127.758221998810768, 7624731.188762106001377 ], [ 419163.190597468230408, 7624705.954069178551435 ], [ 419189.892016604833771, 7624685.146013641729951 ], [ 419216.577760772954207, 7624662.562140361405909 ], [ 419243.108301916741766, 7624638.05162319727242 ], [ 419269.311140884819906, 7624611.467409839853644 ], [ 419294.646870915952604, 7624583.058902669698 ] ] ] } },
{ "type": "Feature", "properties": { "fid": 501.0, "COMPR_M": 673.44, "CLASSE": "04 - Longa", "CD_FAZ": "403206", "TALHOES": "2", "FAZ_tAL": "403206002", "ID_LINHA": 194517 }, "geometry": { "type": "MultiLineString", "coordinates": [ [ [ 418711.825026492995676, 7624908.757746012881398 ], [ 418765.903739808592945, 7624892.976282949559391 ], [ 418810.050589606398717, 7624878.927772632800043 ], [ 418855.495204258942977, 7624863.149896642193198 ], [ 418902.101012396509759, 7624845.363462744280696 ], [ 418941.703665336302947, 7624828.803632777184248 ], [ 418981.874881771043874, 7624810.492949137464166 ], [ 419022.973558868747205, 7624790.001493286341429 ], [ 419056.725714504776988, 7624771.646718330681324 ], [ 419091.134083263517823, 7624751.30319201759994 ], [ 419126.075250117981341, 7624728.705238997004926 ], [ 419161.392272685421631, 7624703.552741169929504 ], [ 419188.001850701402873, 7624682.816275551915169 ], [ 419214.591656843957026, 7624660.313615520484746 ], [ 419241.022793202544563, 7624635.894959049299359 ], [ 419267.123640313395299, 7624609.414249043911695 ], [ 419290.097519314149395, 7624583.744367405772209 ] ] ] } },
{ "type": "Feature", "properties": { "fid": 502.0, "COMPR_M": 667.22, "CLASSE": "04 - Longa", "CD_FAZ": "403206", "TALHOES": "2", "FAZ_tAL": "403206002", "ID_LINHA": 194518 }, "geometry": { "type": "MultiLineString", "coordinates": [ [ [ 418711.953301105531864, 7624905.606598634272814 ], [ 418765.027307704673149, 7624890.107154848985374 ], [ 418809.105919398891274, 7624876.080380720086396 ], [ 418854.470481701020617, 7624860.330321941524744 ], [ 418893.159620091726538, 7624845.688243916258216 ], [ 418932.551236543920822, 7624829.493410298600793 ], [ 418972.529036981228273, 7624811.585810938850045 ], [ 419013.283269735286012, 7624791.636962344869971 ], [ 419046.766355554922484, 7624773.788940588012338 ], [ 419080.926215466344729, 7624754.021184429526329 ], [ 419115.642170500010252, 7624732.080146325752139 ], [ 419150.769640854792669, 7624707.674548614770174 ], [ 419177.268995892663952, 7624687.56275874376297 ], [ 419194.951944384432863, 7624673.215159711427987 ], [ 419212.605552909197286, 7624658.065090677700937 ], [ 419238.937284486310091, 7624633.738294908776879 ], [ 419264.936139736324549, 7624607.361088249832392 ], [ 419285.548167719563935, 7624584.429832155816257 ] ] ] } },
{ "type": "Feature", "properties": { "fid": 503.0, "COMPR_M": 661.22, "CLASSE": "04 - Longa", "CD_FAZ": "403206", "TALHOES": "2", "FAZ_tAL": "403206002", "ID_LINHA": 194519 }, "geometry": { "type": "MultiLineString", "coordinates": [ [ [ 418712.081575715274084, 7624902.455451268702745 ], [ 418764.150875598948915, 7624887.238026744686067 ], [ 418808.161249178927392, 7624873.232988808304071 ], [ 418853.445759145193733, 7624857.51074724458158 ], [ 418892.059678186196834, 7624842.897150997072458 ], [ 418931.368931050936226, 7624826.736194191500545 ], [ 418971.257934819266666, 7624808.868385383859277 ], [ 419011.915123598766513, 7624788.967072600498796 ], [ 419045.311152075184509, 7624771.165478486567736 ], [ 419079.375272171630058, 7624751.453152377158403 ], [ 419113.986702615045942, 7624729.57820856757462 ], [ 419149.000938723620493, 7624705.251322841271758 ], [ 419175.409924365521874, 7624685.208137863315642 ], [ 419201.831253630458377, 7624663.466437868773937 ], [ 419228.135649007628672, 7624639.879697242751718 ], [ 419254.165747514343821, 7624614.30066953599453 ], [ 419281.148972269380465, 7624584.940929606556892 ] ] ] } },
{ "type": "Feature", "properties": { "fid": 504.0, "COMPR_M": 655.79, "CLASSE": "04 - Longa", "CD_FAZ": "403206", "TALHOES": "2", "FAZ_tAL": "403206002", "ID_LINHA": 194520 }, "geometry": { "type": "MultiLineString", "coordinates": [ [ [ 418712.20985032961471, 7624899.304303891956806 ], [ 418763.274443492817227, 7624884.368898639455438 ], [ 418807.21657896891702, 7624870.385596909560263 ], [ 418852.421036589425057, 7624854.691172549501061 ], [ 418890.959736283170059, 7624840.106058068573475 ], [ 418930.186625550559256, 7624823.97897807136178 ], [ 418969.986832640366629, 7624806.150959826074541 ], [ 419010.546977459278423, 7624786.297182845883071 ], [ 419043.855948602315038, 7624768.542016383260489 ], [ 419077.824328872957267, 7624748.885120326653123 ], [ 419112.331234744051471, 7624727.076270788908005 ], [ 419147.232236589188688, 7624702.828097071498632 ], [ 419173.550852834712714, 7624682.853516997769475 ], [ 419199.877549145021476, 7624661.189710229635239 ], [ 419226.083613145281561, 7624637.691165748983622 ], [ 419252.012464622035623, 7624612.211657084524632 ], [ 419277.109047688194551, 7624585.020720217376947 ] ] ] } },
{ "type": "Feature", "properties": { "fid": 505.0, "COMPR_M": 650.32, "CLASSE": "04 - Longa", "CD_FAZ": "403206", "TALHOES": "2", "FAZ_tAL": "403206002", "ID_LINHA": 194521 }, "geometry": { "type": "MultiLineString", "coordinates": [ [ [ 418712.338124934001826, 7624896.153156515210867 ], [ 418762.398011383542325, 7624881.499770534224808 ], [ 418806.271908747730777, 7624867.538204997777939 ], [ 418851.396314025914762, 7624851.871597854420543 ], [ 418889.85979437129572, 7624837.314965142868459 ], [ 418929.004320054606069, 7624821.221761956810951 ], [ 418968.715730468393303, 7624803.433534266427159 ], [ 419009.178831318160519, 7624783.627293096855283 ], [ 419042.400745115242898, 7624765.918554278090596 ], [ 419076.27338557690382, 7624746.317088279873133 ], [ 419110.675766863219906, 7624724.574333024211228 ], [ 419145.463534462673124, 7624700.404871294274926 ], [ 419171.691781311586965, 7624680.498896115459502 ], [ 419197.923844672099221, 7624658.912982597947121 ], [ 419224.031577268964611, 7624635.502634244039655 ], [ 419249.859181735489983, 7624610.122644634917378 ], [ 419273.017383652855642, 7624585.101532701402903 ] ] ] } },
{ "type": "Feature", "properties": { "fid": 506.0, "COMPR_M": 644.86, "CLASSE": "04 - Longa", "CD_FAZ": "403206", "TALHOES": "2", "FAZ_tAL": "403206002", "ID_LINHA": 194522 }, "geometry": { "type": "MultiLineString", "coordinates": [ [ [ 418712.466441750875674, 7624893.000972358509898 ], [ 418761.521579282416496, 7624878.630642425268888 ], [ 418805.327238533296622, 7624864.690813090652227 ], [ 418850.371591463219374, 7624849.052023151889443 ], [ 418888.759852473100182, 7624834.523872220888734 ], [ 418927.822014551842585, 7624818.464545851573348 ], [ 418967.444628291355912, 7624800.716108707711101 ], [ 419007.810685174714308, 7624780.957403339445591 ], [ 419040.945541634981055, 7624763.295092174783349 ], [ 419074.722442287544254, 7624743.749056227505207 ], [ 419109.020298974588513, 7624722.072395253926516 ], [ 419143.694832323002629, 7624697.981645528227091 ], [ 419169.83270978287328, 7624678.144275248982012 ], [ 419195.97014019190101, 7624656.636254955083132 ], [ 419221.97954140836373, 7624633.314102753065526 ], [ 419247.705898853484541, 7624608.033632177859545 ], [ 419268.925719624559861, 7624585.182345195673406 ] ] ] } },
{ "type": "Feature", "properties": { "fid": 507.0, "COMPR_M": 639.8, "CLASSE": "04 - Longa", "CD_FAZ": "403206", "TALHOES": "2", "FAZ_tAL": "403206002", "ID_LINHA": 194523 }, "geometry": { "type": "MultiLineString", "coordinates": [ [ [ 418712.594831007358152, 7624889.847008626908064 ], [ 418760.645147170987912, 7624875.761514318175614 ], [ 418804.382568316883408, 7624861.843421183526516 ], [ 418849.346868912456557, 7624846.23244846239686 ], [ 418887.659910565591417, 7624831.732779286801815 ], [ 418926.639709053619299, 7624815.707329735159874 ], [ 418966.173526121827308, 7624797.998683144338429 ], [ 419006.442539030918851, 7624778.287513598799706 ], [ 419039.490338162169792, 7624760.671630080789328 ], [ 419073.171498992247507, 7624741.181024175137281 ], [ 419098.775428698631003, 7624725.186880856752396 ], [ 419133.261071620509028, 7624701.80289466585964 ], [ 419159.286097575328313, 7624682.556896617636085 ], [ 419185.343358299112879, 7624661.696228725835681 ], [ 419211.3138790561934, 7624639.07966049015522 ], [ 419237.053805340721738, 7624614.562952876091003 ], [ 419265.110038637765683, 7624584.95367743819952 ] ] ] } },
{ "type": "Feature", "properties": { "fid": 508.0, "COMPR_M": 634.89, "CLASSE": "04 - Longa", "CD_FAZ": "403206", "TALHOES": "2", "FAZ_tAL": "403206002", "ID_LINHA": 194524 }, "geometry": { "type": "MultiLineString", "coordinates": [ [ [ 418712.723220261221286, 7624886.693044883199036 ], [ 418759.768715065612923, 7624872.89238621853292 ], [ 418803.43789811048191, 7624858.996029276400805 ], [ 418848.322146353195421, 7624843.412873763591051 ], [ 418886.559968661051244, 7624828.94168636854738 ], [ 418925.457403558422811, 7624812.95011362247169 ], [ 418964.90242394717643, 7624795.281257590278983 ], [ 419005.074392883572727, 7624775.617623837664723 ], [ 419038.035134673235007, 7624758.048167974688113 ], [ 419071.620555700268596, 7624738.612992128357291 ], [ 419097.146918927086517, 7624722.66731577180326 ], [ 419131.521475404151715, 7624699.358693722635508 ], [ 419157.457645078306086, 7624680.178424752317369 ], [ 419183.421641082386486, 7624659.392442531883717 ], [ 419209.294988983077928, 7624636.860521143302321 ], [ 419234.934534286498092, 7624612.439450273290277 ], [ 419261.389350516546983, 7624584.618487138301134 ] ] ] } },
{ "type": "Feature", "properties": { "fid": 509.0, "COMPR_M": 629.98, "CLASSE": "04 - Longa", "CD_FAZ": "403206", "TALHOES": "2", "FAZ_tAL": "403206002", "ID_LINHA": 194525 }, "geometry": { "type": "MultiLineString", "coordinates": [ [ [ 418712.851609522127546, 7624883.539081150665879 ], [ 418758.892282960528973, 7624870.023258117958903 ], [ 418802.493227893661242, 7624856.148637363687158 ], [ 418847.297423793468624, 7624840.593299062922597 ], [ 418885.460026747838128, 7624826.150593439117074 ], [ 418924.275098056532443, 7624810.192897511646152 ], [ 418963.63132177805528, 7624792.563832035288215 ], [ 419003.706246744375676, 7624772.947734091430902 ], [ 419036.579931193089578, 7624755.424705881625414 ], [ 419070.069612404273357, 7624736.044960082508624 ], [ 419095.518409163807519, 7624720.147750673815608 ], [ 419129.781879181566183, 7624696.914492761716247 ], [ 419155.629192585416604, 7624677.799952885136008 ], [ 419181.499923864437733, 7624657.088656339794397 ], [ 419207.276098903384991, 7624634.641381787136197 ], [ 419232.815263238502666, 7624610.315947655588388 ], [ 419257.659687087929342, 7624584.282488266006112 ] ] ] } },
{ "type": "Feature", "properties": { "fid": 510.0, "COMPR_M": 625.04, "CLASSE": "04 - Longa", "CD_FAZ": "403206", "TALHOES": "2", "FAZ_tAL": "403206002", "ID_LINHA": 194526 }, "geometry": { "type": "MultiLineString", "coordinates": [ [ [ 418712.979998779017478, 7624880.385117412544787 ], [ 418758.015850852360018, 7624867.15413000062108 ], [ 418801.548557683418039, 7624853.301245458424091 ], [ 418846.272701237059664, 7624837.773724368773401 ], [ 418884.360084847663529, 7624823.359500516206026 ], [ 418923.092792560404632, 7624807.435681401751935 ], [ 418954.470684399886522, 7624793.50442991964519 ], [ 418994.249498322664294, 7624774.383235136047006 ], [ 419026.866637890867423, 7624757.335010388866067 ], [ 419060.119750710320659, 7624738.493698958307505 ], [ 419093.889899389701895, 7624717.628185585141182 ], [ 419128.042282961832825, 7624694.470291813835502 ], [ 419153.80074009578675, 7624675.421481030993164 ], [ 419179.5782066504471, 7624654.784870138391852 ], [ 419205.257208830153104, 7624632.422242441214621 ], [ 419230.695992186083458, 7624608.192445043474436 ], [ 419253.890534459555056, 7624583.94293188303709 ] ] ] } },
{ "type": "Feature", "properties": { "fid": 511.0, "COMPR_M": 620.48, "CLASSE": "04 - Longa", "CD_FAZ": "403206", "TALHOES": "2", "FAZ_tAL": "403206002", "ID_LINHA": 194527 }, "geometry": { "type": "MultiLineString", "coordinates": [ [ [ 418713.108388035092503, 7624877.231153672561049 ], [ 418757.139418753620703, 7624864.285001896321774 ], [ 418800.603887462115381, 7624850.453853543847799 ], [ 418845.247978682862595, 7624834.954149673692882 ], [ 418883.260142938641366, 7624820.568407593294978 ], [ 418921.910487056185957, 7624804.678465289995074 ], [ 418953.217810379224829, 7624790.77855278365314 ], [ 418992.901780621381477, 7624771.702976880595088 ], [ 419025.434006722003687, 7624754.699155883863568 ], [ 419058.59356305852998, 7624735.910880075767636 ], [ 419092.261389623221476, 7624715.108620495535433 ], [ 419126.302686736453325, 7624692.02609087061137 ], [ 419151.972287599695846, 7624673.043009163811803 ], [ 419177.65648942644475, 7624652.481083948165178 ], [ 419203.238318752264604, 7624630.2031030934304 ], [ 419228.576721139834262, 7624606.068942430429161 ], [ 419250.378468942537438, 7624583.324840390123427 ] ] ] } },
{ "type": "Feature", "properties": { "fid": 512.0, "COMPR_M": 616.01, "CLASSE": "04 - Longa", "CD_FAZ": "403206", "TALHOES": "2", "FAZ_tAL": "403206002", "ID_LINHA": 194528 }, "geometry": { "type": "MultiLineString", "coordinates": [ [ [ 418713.236777286394499, 7624874.077189931645989 ], [ 418756.262986641959287, 7624861.415873792022467 ], [ 418799.659217249369249, 7624847.606461644172668 ], [ 418844.223256119468715, 7624832.13457497023046 ], [ 418882.160201032180339, 7624817.777314662002027 ], [ 418920.728181556391064, 7624801.921249181032181 ], [ 418951.964936350355856, 7624788.052675649523735 ], [ 418991.55406292428961, 7624769.02271862141788 ], [ 419024.001375553256366, 7624752.063301371410489 ], [ 419057.067375405982602, 7624733.328061200678349 ], [ 419090.632879853830673, 7624712.58905540779233 ], [ 419124.563090523937717, 7624689.581889917142689 ], [ 419150.143835107679479, 7624670.664537297561765 ], [ 419175.734772213734686, 7624650.177297746762633 ], [ 419201.219428680837154, 7624627.983963748440146 ], [ 419226.457450087938923, 7624603.945439810864627 ], [ 419246.929475863347761, 7624582.638414518907666 ] ] ] } },
{ "type": "Feature", "properties": { "fid": 513.0, "COMPR_M": 611.54, "CLASSE": "04 - Longa", "CD_FAZ": "403206", "TALHOES": "2", "FAZ_tAL": "403206002", "ID_LINHA": 194529 }, "geometry": { "type": "MultiLineString", "coordinates": [ [ [ 418713.365172748744953, 7624870.923073938116431 ], [ 418755.386554538330529, 7624858.546745685860515 ], [ 418798.714547035458963, 7624844.759069731459022 ], [ 418843.198533566726837, 7624829.315000278875232 ], [ 418881.060259127989411, 7624814.986221741884947 ], [ 418919.545876060437877, 7624799.164033064618707 ], [ 418950.712062323640566, 7624785.32679851539433 ], [ 418990.206345230748411, 7624766.342460357584059 ], [ 419022.568744387826882, 7624749.427446871064603 ], [ 419055.541187742957845, 7624730.745242323726416 ], [ 419080.599252426822204, 7624715.439219944179058 ], [ 419114.344366352248471, 7624693.097433878108859 ], [ 419139.812375326349866, 7624674.736805000342429 ], [ 419165.319859870243818, 7624654.859418410807848 ], [ 419190.758409629925154, 7624633.331317463889718 ], [ 419215.996688673330937, 7624610.01498931273818 ], [ 419243.480482786661014, 7624581.951988652348518 ] ] ] } },
{ "type": "Feature", "properties": { "fid": 514.0, "COMPR_M": 607.07, "CLASSE": "04 - Longa", "CD_FAZ": "403206", "TALHOES": "2", "FAZ_tAL": "403206002", "ID_LINHA": 194530 }, "geometry": { "type": "MultiLineString", "coordinates": [ [ [ 418713.493683095031884, 7624867.766135421581566 ], [ 418754.510122424457222, 7624855.677617585286498 ], [ 418797.769876819686033, 7624841.91167782060802 ], [ 418842.173811005603056, 7624826.495425578206778 ], [ 418879.960317215882242, 7624812.195128816179931 ], [ 418918.363570556975901, 7624796.406816957518458 ], [ 418949.459188297856599, 7624782.600921394303441 ], [ 418988.85862753080437, 7624763.662202101200819 ], [ 419021.136113212676719, 7624746.791592365130782 ], [ 419054.015000091749243, 7624728.162423443049192 ], [ 419078.997150495299138, 7624712.902783827856183 ], [ 419112.633349556592293, 7624690.633145237341523 ], [ 419138.014050551748369, 7624672.335476979613304 ], [ 419163.429693963495083, 7624652.52968031540513 ], [ 419188.772305688471533, 7624631.082792621105909 ], [ 419213.911179961927701, 7624607.858325161039829 ], [ 419240.031489713233896, 7624581.265562783926725 ] ] ] } },
{ "type": "Feature", "properties": { "fid": 515.0, "COMPR_M": 602.88, "CLASSE": "04 - Longa", "CD_FAZ": "403206", "TALHOES": "2", "FAZ_tAL": "403206002", "ID_LINHA": 194531 }, "geometry": { "type": "MultiLineString", "coordinates": [ [ [ 418713.622193448361941, 7624864.609196906909347 ], [ 418753.633690317336004, 7624852.808489475399256 ], [ 418796.825206601875834, 7624839.064285913482308 ], [ 418841.149088447156828, 7624823.675850882194936 ], [ 418878.860375316115096, 7624809.404035891406238 ], [ 418917.181265058694407, 7624793.649600842036307 ], [ 418948.206314273760654, 7624779.875044260174036 ], [ 418987.510909835109487, 7624760.981943842023611 ], [ 419019.70348205085611, 7624744.155737853609025 ], [ 419052.488812429248355, 7624725.57960456982255 ], [ 419077.395048564299941, 7624710.366347717121243 ], [ 419110.922332759946585, 7624688.168856604024768 ], [ 419136.215725767426193, 7624669.934148965403438 ], [ 419161.539528066292405, 7624650.199942218139768 ], [ 419186.786201762210112, 7624628.834267783910036 ], [ 419211.825671245111153, 7624605.701661029830575 ], [ 419236.769472273183055, 7624580.376562476158142 ] ] ] } },
{ "type": "Feature", "properties": { "fid": 516.0, "COMPR_M": 598.87, "CLASSE": "03 - Média", "CD_FAZ": "403206", "TALHOES": "2", "FAZ_tAL": "403206002", "ID_LINHA": 194532 }, "geometry": { "type": "MultiLineString", "coordinates": [ [ [ 418713.750703798956238, 7624861.452258391305804 ], [ 418759.862129192159045, 7624847.755008672364056 ], [ 418803.179719975567423, 7624833.777648189105093 ], [ 418840.124365888244938, 7624820.85627618432045 ], [ 418877.760433408839162, 7624806.612942969426513 ], [ 418915.998959565535188, 7624790.892384725622833 ], [ 418946.953440250013955, 7624777.14916711859405 ], [ 418986.16319214226678, 7624758.301685577258468 ], [ 419018.270850880537182, 7624741.51988335326314 ], [ 419050.962624778738245, 7624722.996785683557391 ], [ 419075.792946630623192, 7624707.829911597073078 ], [ 419109.211315965047106, 7624685.704567970708013 ], [ 419134.417400993115734, 7624667.532820950262249 ], [ 419159.649362156284042, 7624647.870204128324986 ], [ 419184.800097819708753, 7624626.585742944851518 ], [ 419209.740162536327261, 7624603.544996879994869 ], [ 419233.618391310621519, 7624579.34265717677772 ] ] ] } },
{ "type": "Feature", "properties": { "fid": 517.0, "COMPR_M": 594.85, "CLASSE": "03 - Média", "CD_FAZ": "403206", "TALHOES": "2", "FAZ_tAL": "403206002", "ID_LINHA": 194533 }, "geometry": { "type": "MultiLineString", "coordinates": [ [ [ 418713.879214145359583, 7624858.295319879427552 ], [ 418758.975168321281672, 7624844.889117580838501 ], [ 418802.222511709958781, 7624830.934446263127029 ], [ 418839.099643331370316, 7624818.036701489239931 ], [ 418876.660491502087098, 7624803.821850037202239 ], [ 418914.816654064226896, 7624788.135168623179197 ], [ 418945.700566228479147, 7624774.423289990052581 ], [ 418984.815474443719722, 7624755.62142732180655 ], [ 419016.838219711673446, 7624738.884028848260641 ], [ 419049.436437116295565, 7624720.413966802880168 ], [ 419074.190844697470311, 7624705.293475482612848 ], [ 419107.500299158680718, 7624683.240279331803322 ], [ 419132.619076209783088, 7624665.13149293884635 ], [ 419157.759196257859003, 7624645.540466032922268 ], [ 419182.813993892457802, 7624624.33721811324358 ], [ 419207.654653822304681, 7624601.388332732021809 ], [ 419230.460287698020693, 7624578.306447666138411 ] ] ] } },
{ "type": "Feature", "properties": { "fid": 518.0, "COMPR_M": 590.84, "CLASSE": "03 - Média", "CD_FAZ": "403206", "TALHOES": "2", "FAZ_tAL": "403206002", "ID_LINHA": 194534 }, "geometry": { "type": "MultiLineString", "coordinates": [ [ [ 418714.007724500261247, 7624855.138381354510784 ], [ 418758.088207460532431, 7624842.023226477205753 ], [ 418801.265303435036913, 7624828.091244325973094 ], [ 418838.074920775950886, 7624815.21712679695338 ], [ 418875.560549599060323, 7624801.030757119879127 ], [ 418913.634348566178232, 7624785.377952510491014 ], [ 418944.447692207875662, 7624771.697412861511111 ], [ 418983.467756747384556, 7624752.94116906169802 ], [ 419015.405588544846978, 7624736.248174343258142 ], [ 419047.910249465610832, 7624717.831147933378816 ], [ 419072.588742768915836, 7624702.757039359770715 ], [ 419105.78928236127831, 7624680.775990695692599 ], [ 419130.820751426625066, 7624662.730164924636483 ], [ 419155.869030357804149, 7624643.210727938450873 ], [ 419180.827889948966913, 7624622.088693264871836 ], [ 419205.569145116780419, 7624599.231668589636683 ], [ 419227.302184092754032, 7624577.270238153636456 ] ] ] } },
{ "type": "Feature", "properties": { "fid": 519.0, "COMPR_M": 586.83, "CLASSE": "03 - Média", "CD_FAZ": "403206", "TALHOES": "2", "FAZ_tAL": "403206002", "ID_LINHA": 194535 }, "geometry": { "type": "MultiLineString", "coordinates": [ [ [ 418714.13623485097196, 7624851.981442842632532 ], [ 418757.201246591401286, 7624839.157335381023586 ], [ 418800.308095163316466, 7624825.248042399063706 ], [ 418837.050198212149553, 7624812.397552093490958 ], [ 418874.460607688000891, 7624798.239664195105433 ], [ 418912.452043063240126, 7624782.620736398734152 ], [ 418943.194818179006688, 7624768.971535721793771 ], [ 418982.12003904604353, 7624750.260910797864199 ], [ 419013.972957370977383, 7624733.612319830805063 ], [ 419046.384061806485988, 7624715.248329048976302 ], [ 419070.986640832968988, 7624700.220603253692389 ], [ 419104.07826556568034, 7624678.311702054925263 ], [ 419129.022426643699873, 7624660.328836904838681 ], [ 419153.978864456759766, 7624640.880989838391542 ], [ 419178.841786020086147, 7624619.840168436989188 ], [ 419203.483636405318975, 7624597.075004442594945 ], [ 419224.14408049499616, 7624576.234028640203178 ] ] ] } },
{ "type": "Feature", "properties": { "fid": 520.0, "COMPR_M": 582.81, "CLASSE": "03 - Média", "CD_FAZ": "403206", "TALHOES": "2", "FAZ_tAL": "403206002", "ID_LINHA": 194536 }, "geometry": { "type": "MultiLineString", "coordinates": [ [ [ 418714.264745210064575, 7624848.824504332616925 ], [ 418756.314285724423826, 7624836.291444282978773 ], [ 418799.350886893458664, 7624822.404840460978448 ], [ 418836.02547566028079, 7624809.577977394685149 ], [ 418873.360665778745897, 7624795.448571268469095 ], [ 418911.269737563561648, 7624779.863520277664065 ], [ 418941.94194415176753, 7624766.245658596046269 ], [ 418980.772321357449982, 7624747.580652542412281 ], [ 419012.540326197165996, 7624730.976465324871242 ], [ 419044.857874154520687, 7624712.665510172024369 ], [ 419069.384538902959321, 7624697.684167128056288 ], [ 419102.367248769733123, 7624675.847413426265121 ], [ 419127.224101870786399, 7624657.927508894354105 ], [ 419152.088698554085568, 7624638.551251746714115 ], [ 419176.855682086199522, 7624617.591643594205379 ], [ 419201.398127690656111, 7624594.918340297415853 ], [ 419220.985976884840056, 7624575.197819128632545 ] ] ] } },
{ "type": "Feature", "properties": { "fid": 521.0, "COMPR_M": 578.8, "CLASSE": "03 - Média", "CD_FAZ": "403206", "TALHOES": "2", "FAZ_tAL": "403206002", "ID_LINHA": 194537 }, "geometry": { "type": "MultiLineString", "coordinates": [ [ [ 418714.393360620655585, 7624845.66498474124819 ], [ 418755.427324856922496, 7624833.425553191453218 ], [ 418798.393678614986129, 7624819.561638533137739 ], [ 418835.000753099331632, 7624806.758402696810663 ], [ 418872.260723881889135, 7624792.657478336244822 ], [ 418910.087432068248745, 7624777.106304166838527 ], [ 418940.689070125517901, 7624763.519781459122896 ], [ 418979.424603653256781, 7624744.900394284166396 ], [ 419011.107695036684163, 7624728.340610818937421 ], [ 419043.33168649522122, 7624710.082691304385662 ], [ 419067.782436975452583, 7624695.147731017321348 ], [ 419100.656231972971, 7624673.38312479108572 ], [ 419125.425777090829797, 7624655.526180878281593 ], [ 419150.198532649839763, 7624636.221513653174043 ], [ 419174.869578146433923, 7624615.343118757940829 ], [ 419199.312618983269203, 7624592.761676149442792 ], [ 419217.827873280679341, 7624574.16160961613059 ] ] ] } },
{ "type": "Feature", "properties": { "fid": 522.0, "COMPR_M": 574.78, "CLASSE": "03 - Média", "CD_FAZ": "403206", "TALHOES": "2", "FAZ_tAL": "403206002", "ID_LINHA": 194538 }, "geometry": { "type": "MultiLineString", "coordinates": [ [ [ 418714.521998691605404, 7624842.50490890443325 ], [ 418754.540363991691265, 7624830.559662086889148 ], [ 418797.436470339715015, 7624816.718436603434384 ], [ 418833.976030540419742, 7624803.938827998936176 ], [ 418871.160781966289505, 7624789.866385417059064 ], [ 418908.905126575380564, 7624774.349088059738278 ], [ 418939.436196100141387, 7624760.793904336169362 ], [ 418978.076885963208042, 7624742.220136020332575 ], [ 419009.675063868344296, 7624725.704756319522858 ], [ 419041.805498835339677, 7624707.499872421845794 ], [ 419066.180335039331112, 7624692.611294900998473 ], [ 419098.945215177314822, 7624670.918836148455739 ], [ 419123.62745230901055, 7624653.124852869659662 ], [ 419148.308366745361127, 7624633.891775554046035 ], [ 419172.883474221336655, 7624613.09459391515702 ], [ 419197.227110271225683, 7624590.605012005195022 ], [ 419214.669769674772397, 7624573.12540010176599 ] ] ] } },
{ "type": "Feature", "properties": { "fid": 523.0, "COMPR_M": 570.77, "CLASSE": "03 - Média", "CD_FAZ": "403206", "TALHOES": "2", "FAZ_tAL": "403206002", "ID_LINHA": 194539 }, "geometry": { "type": "MultiLineString", "coordinates": [ [ [ 418714.6506367479451, 7624839.344833059236407 ], [ 418753.653403129254002, 7624827.693770989775658 ], [ 418796.479262066364754, 7624813.875234667211771 ], [ 418832.951307981682476, 7624801.119253302924335 ], [ 418870.060840063088108, 7624787.075292490422726 ], [ 418907.72282107907813, 7624771.59187195263803 ], [ 418938.183322077151388, 7624758.068027200177312 ], [ 418968.945833372301422, 7624743.416973468847573 ], [ 419000.310559717938304, 7624727.336643296293914 ], [ 419032.227412247564644, 7624709.623583706095815 ], [ 419056.456646044156514, 7624695.146405472420156 ], [ 419089.049868781119585, 7624674.067730595357716 ], [ 419113.626896064146422, 7624656.786807401105762 ], [ 419138.228493815055117, 7624638.115720382891595 ], [ 419162.757164039649069, 7624617.931885164231062 ], [ 419187.094931642932352, 7624596.109067323617637 ], [ 419211.511666074278764, 7624572.089190590195358 ] ] ] } },
{ "type": "Feature", "properties": { "fid": 524.0, "COMPR_M": 566.74, "CLASSE": "03 - Média", "CD_FAZ": "403206", "TALHOES": "2", "FAZ_tAL": "403206002", "ID_LINHA": 194540 }, "geometry": { "type": "MultiLineString", "coordinates": [ [ [ 418714.779274810571223, 7624836.18475722335279 ], [ 418752.766442257154267, 7624824.827879890799522 ], [ 418795.522053795517422, 7624811.032032737508416 ], [ 418831.926585425040685, 7624798.299678608775139 ], [ 418868.960898163728416, 7624784.284199563786387 ], [ 418906.540515573462471, 7624768.834655834361911 ], [ 418936.930448055092711, 7624755.342150066979229 ], [ 418967.618016771681141, 7624740.72680192347616 ], [ 418998.899960196577013, 7624724.688934665173292 ], [ 419030.725432372128125, 7624707.026614798232913 ], [ 419054.880398902867455, 7624692.59382427111268 ], [ 419087.366896898602135, 7624671.58420748449862 ], [ 419111.85819392290432, 7624654.363581633195281 ], [ 419136.369422283140011, 7624635.761099502444267 ], [ 419160.803459565155208, 7624615.655157528817654 ], [ 419185.042895772552583, 7624593.920535827055573 ], [ 419208.338672036072239, 7624571.048095365986228 ] ] ] } },
{ "type": "Feature", "properties": { "fid": 525.0, "COMPR_M": 562.72, "CLASSE": "03 - Média", "CD_FAZ": "403206", "TALHOES": "2", "FAZ_tAL": "403206002", "ID_LINHA": 194541 }, "geometry": { "type": "MultiLineString", "coordinates": [ [ [ 418714.907912880298682, 7624833.024681381881237 ], [ 418758.920067376282532, 7624819.768597403541207 ], [ 418794.564845526590943, 7624808.188830808736384 ], [ 418830.901862869854085, 7624795.48010391741991 ], [ 418867.860956254182383, 7624781.493106642737985 ], [ 418905.358210073609371, 7624766.077439719811082 ], [ 418935.677574033965357, 7624752.616272935643792 ], [ 418966.290200171351898, 7624738.036630375310779 ], [ 418997.489360681036487, 7624722.041226040571928 ], [ 419029.223452494596131, 7624704.429645892232656 ], [ 419053.304151750344317, 7624690.041243070736527 ], [ 419085.683925021614414, 7624669.100684371776879 ], [ 419110.089491789054591, 7624651.940355855040252 ], [ 419134.510350756812841, 7624633.406478635966778 ], [ 419158.849755083385389, 7624613.378429888747633 ], [ 419182.990859897399787, 7624591.732004336081445 ], [ 419205.155347435851581, 7624570.003610553219914 ] ] ] } },
{ "type": "Feature", "properties": { "fid": 526.0, "COMPR_M": 558.69, "CLASSE": "03 - Média", "CD_FAZ": "403206", "TALHOES": "2", "FAZ_tAL": "403206002", "ID_LINHA": 194542 }, "geometry": { "type": "MultiLineString", "coordinates": [ [ [ 418715.036550937860738, 7624829.864605547860265 ], [ 418758.022237049532123, 7624816.906092529185116 ], [ 418793.607637249049731, 7624805.345628866925836 ], [ 418829.877140305528883, 7624792.660529218614101 ], [ 418866.761014347837772, 7624778.702013717964292 ], [ 418904.175904576200992, 7624763.320223616436124 ], [ 418934.424700005212799, 7624749.890395803377032 ], [ 418964.962383577716537, 7624735.346458818763494 ], [ 418996.078761164215393, 7624719.393517412245274 ], [ 419027.721472611650825, 7624701.832676977850497 ], [ 419051.72790460777469, 7624687.488661853596568 ], [ 419084.000953141017817, 7624666.617161272093654 ], [ 419108.320789651828818, 7624649.51713009364903 ], [ 419132.651279228855856, 7624631.051857763901353 ], [ 419156.896050603478216, 7624611.101702252402902 ], [ 419180.938824030745309, 7624589.543472833931446 ], [ 419201.972022837260738, 7624568.959125749766827 ] ] ] } },
{ "type": "Feature", "properties": { "fid": 527.0, "COMPR_M": 555.55, "CLASSE": "03 - Média", "CD_FAZ": "403206", "TALHOES": "2", "FAZ_tAL": "403206002", "ID_LINHA": 194543 }, "geometry": { "type": "MultiLineString", "coordinates": [ [ [ 418715.165189001883846, 7624826.70452970918268 ], [ 418757.124406739487313, 7624814.043587648309767 ], [ 418792.650428985245526, 7624802.502426939085126 ], [ 418828.852417753252666, 7624789.840954517945647 ], [ 418865.661072442657314, 7624775.910920789465308 ], [ 418902.993599083856679, 7624760.563007501885295 ], [ 418933.171825976169202, 7624747.164518672972918 ], [ 418963.634566974418703, 7624732.656287272460759 ], [ 418994.668161644018255, 7624716.745808781124651 ], [ 419026.219492733245715, 7624699.235708075575531 ], [ 419050.151657463284209, 7624684.93608064763248 ], [ 419082.317981266707648, 7624664.133638156577945 ], [ 419106.552087523275986, 7624647.093904318287969 ], [ 419130.792207704624161, 7624628.697236882522702 ], [ 419154.942346127470955, 7624608.824974622577429 ], [ 419178.88678815937601, 7624587.35494134388864 ], [ 419199.408456615055911, 7624567.286166626960039 ] ] ] } },
{ "type": "Feature", "properties": { "fid": 528.0, "COMPR_M": 553.1, "CLASSE": "03 - Média", "CD_FAZ": "403206", "TALHOES": "2", "FAZ_tAL": "403206002", "ID_LINHA": 194544 }, "geometry": { "type": "MultiLineString", "coordinates": [ [ [ 418715.29391968739219, 7624823.542178569361567 ], [ 418756.226576425135136, 7624811.181082763709128 ], [ 418791.693220712128095, 7624799.659225008450449 ], [ 418827.827695192536339, 7624787.021379822865129 ], [ 418864.561130531365052, 7624773.11982786282897 ], [ 418901.811293584178202, 7624757.805791389197111 ], [ 418931.918951961910352, 7624744.438641533255577 ], [ 418962.306750382471364, 7624729.966115724295378 ], [ 418993.257562121143565, 7624714.098100155591965 ], [ 419024.717512852163054, 7624696.638739163056016 ], [ 419048.575410318095237, 7624682.383499438874424 ], [ 419080.635009387449827, 7624661.650115051306784 ], [ 419104.783385392802302, 7624644.670678550377488 ], [ 419128.933136168925557, 7624626.342616008594632 ], [ 419152.988641642907169, 7624606.548246984370053 ], [ 419176.83475229452597, 7624585.166409846395254 ], [ 419197.337468965968583, 7624565.113701575435698 ] ] ] } },
{ "type": "Feature", "properties": { "fid": 529.0, "COMPR_M": 550.66, "CLASSE": "03 - Média", "CD_FAZ": "403206", "TALHOES": "2", "FAZ_tAL": "403206002", "ID_LINHA": 194545 }, "geometry": { "type": "MultiLineString", "coordinates": [ [ [ 418715.422692256106529, 7624820.37879853695631 ], [ 418755.328746103798039, 7624808.318577889353037 ], [ 418790.736012442153879, 7624796.816023077815771 ], [ 418826.80297263385728, 7624784.201805124059319 ], [ 418863.461188632471021, 7624770.328734936192632 ], [ 418900.628988077747636, 7624755.048575276508927 ], [ 418930.666077935369685, 7624741.712764404714108 ], [ 418960.978933776903432, 7624727.275944165885448 ], [ 418991.846962605603039, 7624711.45039152726531 ], [ 419023.215532966365572, 7624694.041770251467824 ], [ 419046.999163172906265, 7624679.830918241292238 ], [ 419078.952037504524924, 7624659.166591945104301 ], [ 419103.01468325778842, 7624642.247452769428492 ], [ 419127.074064649350476, 7624623.987995134666562 ], [ 419151.034937163582072, 7624604.271519347093999 ], [ 419174.782716424902901, 7624582.977878352627158 ], [ 419195.266481322643813, 7624562.941236531361938 ] ] ] } },
{ "type": "Feature", "properties": { "fid": 530.0, "COMPR_M": 548.22, "CLASSE": "03 - Média", "CD_FAZ": "403206", "TALHOES": "2", "FAZ_tAL": "403206002", "ID_LINHA": 194546 }, "geometry": { "type": "MultiLineString", "coordinates": [ [ [ 418715.551464831805788, 7624817.215418508276343 ], [ 418754.430915787350386, 7624805.45607300940901 ], [ 418789.778804162924644, 7624793.972821147181094 ], [ 418825.77825007471256, 7624781.382230431772768 ], [ 418862.361246722808573, 7624767.537642013281584 ], [ 418899.446682587033138, 7624752.291359167546034 ], [ 418929.413203911855817, 7624738.986887268722057 ], [ 418959.651117181405425, 7624724.585772615857422 ], [ 418990.436363086570054, 7624708.802682897076011 ], [ 419021.713553085690364, 7624691.444801343604922 ], [ 419045.422916025854647, 7624677.278337029740214 ], [ 419077.269065627944656, 7624656.683068824931979 ], [ 419101.245981119398493, 7624639.824227004311979 ], [ 419125.214993116387632, 7624621.633374257944524 ], [ 419149.081232686818112, 7624601.994791718199849 ], [ 419172.730680563196074, 7624580.789346847683191 ], [ 419193.195493665989488, 7624560.76877149567008 ] ] ] } },
{ "type": "Feature", "properties": { "fid": 531.0, "COMPR_M": 545.77, "CLASSE": "03 - Média", "CD_FAZ": "403206", "TALHOES": "2", "FAZ_tAL": "403206002", "ID_LINHA": 194547 }, "geometry": { "type": "MultiLineString", "coordinates": [ [ [ 418715.680237393418793, 7624814.052038479596376 ], [ 418753.53308546525659, 7624802.593568135052919 ], [ 418788.821595896151848, 7624791.129619214683771 ], [ 418824.753527518303599, 7624778.562655729241669 ], [ 418861.261304818210192, 7624764.746549094095826 ], [ 418898.264377088227775, 7624749.534143048338592 ], [ 418928.160329879377969, 7624736.261010142043233 ], [ 418958.32330057490617, 7624721.895601069554687 ], [ 418989.025763566896785, 7624706.154974274337292 ], [ 419020.211573211534414, 7624688.847832435742021 ], [ 419043.846668879385106, 7624674.725755829364061 ], [ 419075.586093747057021, 7624654.199545728042722 ], [ 419099.477278989041224, 7624637.40100122988224 ], [ 419123.355921589012723, 7624619.278753383085132 ], [ 419147.127528212673496, 7624599.718064079061151 ], [ 419170.678644685482141, 7624578.600815357640386 ], [ 419191.124506016494706, 7624558.596306446939707 ] ] ] } },
{ "type": "Feature", "properties": { "fid": 532.0, "COMPR_M": 543.33, "CLASSE": "03 - Média", "CD_FAZ": "403206", "TALHOES": "2", "FAZ_tAL": "403206002", "ID_LINHA": 194548 }, "geometry": { "type": "MultiLineString", "coordinates": [ [ [ 418715.809009963937569, 7624810.888658453710377 ], [ 418752.635255148634315, 7624799.731063256040215 ], [ 418787.864387622685172, 7624788.286417281255126 ], [ 418823.728804963990115, 7624775.743081036955118 ], [ 418860.161362902959809, 7624761.955456165596843 ], [ 418897.082071583950892, 7624746.776926941238344 ], [ 418926.907455859764013, 7624733.535133006051183 ], [ 418956.995483977079857, 7624719.205429522320628 ], [ 418987.615164053859189, 7624703.507265644147992 ], [ 419018.709593323466834, 7624686.250863520428538 ], [ 419042.270421730994713, 7624672.173174624331295 ], [ 419073.903121873096097, 7624651.716022618114948 ], [ 419097.708576857345179, 7624634.977775457315147 ], [ 419121.496850057388656, 7624616.924132514744997 ], [ 419145.173823731252924, 7624597.441336445510387 ], [ 419168.626608825521544, 7624576.412283858284354 ], [ 419189.05351837282069, 7624556.423841405659914 ] ] ] } },
{ "type": "Feature", "properties": { "fid": 533.0, "COMPR_M": 540.89, "CLASSE": "03 - Média", "CD_FAZ": "403206", "TALHOES": "2", "FAZ_tAL": "403206002", "ID_LINHA": 194549 }, "geometry": { "type": "MultiLineString", "coordinates": [ [ [ 418715.937782530963887, 7624807.725278414785862 ], [ 418758.718400164565537, 7624794.664167620241642 ], [ 418794.018344391195569, 7624783.031433184631169 ], [ 418829.93306809628848, 7624770.275507215410471 ], [ 418866.393383622984402, 7624756.250938906334341 ], [ 418903.317216208903119, 7624740.811742476187646 ], [ 418933.124869621940888, 7624727.345618644729257 ], [ 418963.251991300261579, 7624712.737295154482126 ], [ 418993.916120997397229, 7624696.710356755182147 ], [ 419025.017434624140151, 7624679.088864762336016 ], [ 419048.557213784719352, 7624664.710497615858912 ], [ 419072.22014999424573, 7624649.232499505393207 ], [ 419095.939874720468652, 7624632.554549688473344 ], [ 419119.637778534146491, 7624614.569511634297669 ], [ 419143.22011925309198, 7624595.164608809165657 ], [ 419166.574572948971763, 7624574.223752362653613 ], [ 419186.982530717854388, 7624554.251376362517476 ] ] ] } },
{ "type": "Feature", "properties": { "fid": 534.0, "COMPR_M": 538.45, "CLASSE": "03 - Média", "CD_FAZ": "403206", "TALHOES": "2", "FAZ_tAL": "403206002", "ID_LINHA": 194550 }, "geometry": { "type": "MultiLineString", "coordinates": [ [ [ 418716.066555102996062, 7624804.561898390762508 ], [ 418757.809361833147705, 7624791.805201910436153 ], [ 418793.048272180487402, 7624780.192594107240438 ], [ 418828.893902056792285, 7624767.461223209276795 ], [ 418865.277520218864083, 7624753.466172537766397 ], [ 418902.11763967142906, 7624738.061995905824006 ], [ 418931.853767449094448, 7624724.628193087875843 ], [ 418961.904273602529429, 7624710.057036902755499 ], [ 418992.483489831269253, 7624694.074502250179648 ], [ 419023.491246967518236, 7624676.506045885384083 ], [ 419046.955111854360439, 7624662.174061493948102 ], [ 419070.53717811248498, 7624646.748976392671466 ], [ 419094.171172592847142, 7624630.131323909386992 ], [ 419117.77870700659696, 7624612.214890763163567 ], [ 419141.266414778772742, 7624592.887881182134151 ], [ 419164.522537081502378, 7624572.035220876336098 ], [ 419184.911543067952152, 7624552.078911313787103 ] ] ] } },
{ "type": "Feature", "properties": { "fid": 535.0, "COMPR_M": 536.0, "CLASSE": "03 - Média", "CD_FAZ": "403206", "TALHOES": "2", "FAZ_tAL": "403206002", "ID_LINHA": 194551 }, "geometry": { "type": "MultiLineString", "coordinates": [ [ [ 418716.195420251286123, 7624801.396243886090815 ], [ 418756.900323499459773, 7624788.946236195042729 ], [ 418792.078199975425377, 7624777.353755030781031 ], [ 418827.854736012406647, 7624764.646939200349152 ], [ 418864.161656821030192, 7624750.681406159885228 ], [ 418900.918063141056336, 7624735.312249332666397 ], [ 418930.582665281253867, 7624721.910767527297139 ], [ 418960.556555908522569, 7624707.376778637990355 ], [ 418991.050858667236753, 7624691.438647739589214 ], [ 419021.965059311478399, 7624673.923227006569505 ], [ 419045.353009926620871, 7624659.637625373899937 ], [ 419068.854206234915182, 7624644.265453287400305 ], [ 419092.402470461267512, 7624627.708098145201802 ], [ 419115.919635485392064, 7624609.860269894823432 ], [ 419139.312710297293961, 7624590.611153537407517 ], [ 419162.47050120937638, 7624569.846689373254776 ], [ 419182.840555425907951, 7624549.906446265988052 ] ] ] } },
{ "type": "Feature", "properties": { "fid": 536.0, "COMPR_M": 533.56, "CLASSE": "03 - Média", "CD_FAZ": "403206", "TALHOES": "2", "FAZ_tAL": "403206002", "ID_LINHA": 194552 }, "geometry": { "type": "MultiLineString", "coordinates": [ [ [ 418716.32433430175297, 7624798.229388268664479 ], [ 418755.991285172814969, 7624786.087270487099886 ], [ 418791.108127756451722, 7624774.514915961772203 ], [ 418826.815569974249229, 7624761.832655195146799 ], [ 418863.045793418830726, 7624747.896639792248607 ], [ 418899.718486601195764, 7624732.562502758577466 ], [ 418929.311563108931296, 7624719.193341976031661 ], [ 418959.208838219288737, 7624704.696520375087857 ], [ 418989.618227494764142, 7624688.802793229930103 ], [ 419020.438871654798277, 7624671.340408138930798 ], [ 419043.75090799148893, 7624657.101189261302352 ], [ 419067.171234355133492, 7624641.781930170953274 ], [ 419090.633768327184953, 7624625.284872370772064 ], [ 419114.060563948762137, 7624607.505649019032717 ], [ 419137.359005816339049, 7624588.334425911307335 ], [ 419160.418465342489071, 7624567.65815788321197 ], [ 419180.769567770534195, 7624547.733981227502227 ] ] ] } },
{ "type": "Feature", "properties": { "fid": 537.0, "COMPR_M": 531.11, "CLASSE": "03 - Média", "CD_FAZ": "403206", "TALHOES": "2", "FAZ_tAL": "403206002", "ID_LINHA": 194553 }, "geometry": { "type": "MultiLineString", "coordinates": [ [ [ 418716.453248349251226, 7624795.062532654032111 ], [ 418755.082246834761463, 7624783.228304773569107 ], [ 418790.138055554358289, 7624771.676076891832054 ], [ 418825.776403930562083, 7624759.018371189013124 ], [ 418861.929930024198256, 7624745.111873423680663 ], [ 418898.518910067738034, 7624729.81275618262589 ], [ 418928.040460931719281, 7624716.475916413590312 ], [ 418957.861120522371493, 7624702.01626212336123 ], [ 418988.185596326366067, 7624686.166938723996282 ], [ 419018.912683998816647, 7624668.757589252665639 ], [ 419042.14880605955841, 7624654.564753150567412 ], [ 419065.488262470404152, 7624639.298407064750791 ], [ 419088.865066190483049, 7624622.86164659820497 ], [ 419112.201492421794683, 7624605.151028136722744 ], [ 419135.405301330785733, 7624586.057698275893927 ], [ 419158.366429473448079, 7624565.469626381993294 ], [ 419178.698580121563282, 7624545.561516184359789 ] ] ] } },
{ "type": "Feature", "properties": { "fid": 538.0, "COMPR_M": 528.67, "CLASSE": "03 - Média", "CD_FAZ": "403206", "TALHOES": "2", "FAZ_tAL": "403206002", "ID_LINHA": 194554 }, "geometry": { "type": "MultiLineString", "coordinates": [ [ [ 418716.582162402279209, 7624791.895677041262388 ], [ 418754.173208505031653, 7624780.369339062832296 ], [ 418789.167983337654732, 7624768.837237820029259 ], [ 418824.737237883207854, 7624756.204087191261351 ], [ 418860.814066614722833, 7624742.327107053250074 ], [ 418897.319333532708697, 7624727.063009615987539 ], [ 418926.76935876061907, 7624713.758490858599544 ], [ 418956.513402817829046, 7624699.336003856733441 ], [ 418986.752965157385916, 7624683.531084222719073 ], [ 419017.386496343475301, 7624666.174770375713706 ], [ 419040.546704132924788, 7624652.028317034244537 ], [ 419063.805290592601523, 7624636.814883956685662 ], [ 419087.096364059019834, 7624620.43842083029449 ], [ 419110.342420898377895, 7624602.796407270245254 ], [ 419133.451596857747063, 7624583.780970634892583 ], [ 419156.314393609645776, 7624563.281094884499907 ], [ 419176.627592478471342, 7624543.389051140286028 ] ] ] } },
{ "type": "Feature", "properties": { "fid": 539.0, "COMPR_M": 526.22, "CLASSE": "03 - Média", "CD_FAZ": "403206", "TALHOES": "2", "FAZ_tAL": "403206002", "ID_LINHA": 194555 }, "geometry": { "type": "MultiLineString", "coordinates": [ [ [ 418716.711076453095302, 7624788.72882141917944 ], [ 418753.264170182403177, 7624777.510373351164162 ], [ 418788.197911125374958, 7624765.998398743569851 ], [ 418823.698071841616184, 7624753.389803184196353 ], [ 418859.6982032226515, 7624739.542340687476099 ], [ 418896.119756996282376, 7624724.313263037241995 ], [ 418925.498256586492062, 7624711.041065303608775 ], [ 418955.165685129410122, 7624696.655745595693588 ], [ 418985.320333982061129, 7624680.895229713991284 ], [ 419015.860308687493671, 7624663.591951495036483 ], [ 419038.944602199015208, 7624649.491880910471082 ], [ 419062.122318720386829, 7624634.331360848620534 ], [ 419085.327661927673034, 7624618.015195050276816 ], [ 419108.483349374146201, 7624600.441786395385861 ], [ 419131.497892378771212, 7624581.504242997616529 ], [ 419154.262357742467429, 7624561.092563388869166 ], [ 419174.556604823446833, 7624541.216586091555655 ] ] ] } },
{ "type": "Feature", "properties": { "fid": 540.0, "COMPR_M": 523.78, "CLASSE": "03 - Média", "CD_FAZ": "403206", "TALHOES": "2", "FAZ_tAL": "403206002", "ID_LINHA": 194556 }, "geometry": { "type": "MultiLineString", "coordinates": [ [ [ 418716.839990500244312, 7624785.561965808272362 ], [ 418759.282224609632976, 7624772.433680081740022 ], [ 418794.271329218754545, 7624760.734637144953012 ], [ 418829.806520200858358, 7624747.915200475603342 ], [ 418858.582339827611577, 7624736.757574317976832 ], [ 418894.920180468121544, 7624721.563516467809677 ], [ 418924.227154417312704, 7624708.323639744892716 ], [ 418953.817967432551086, 7624693.975487343966961 ], [ 418983.887702817912214, 7624678.259375218302011 ], [ 419014.334121032152325, 7624661.009132623672485 ], [ 419037.342500268830918, 7624646.955444801598787 ], [ 419060.43934683338739, 7624631.847837736830115 ], [ 419083.55895979172783, 7624615.591969286091626 ], [ 419106.624277845025063, 7624598.087165514007211 ], [ 419129.54418790229829, 7624579.227515362203121 ], [ 419152.210321870516054, 7624558.904031896963716 ], [ 419172.485617174825165, 7624539.044121051207185 ] ] ] } },
{ "type": "Feature", "properties": { "fid": 541.0, "COMPR_M": 521.33, "CLASSE": "03 - Média", "CD_FAZ": "403206", "TALHOES": "2", "FAZ_tAL": "403206002", "ID_LINHA": 194557 }, "geometry": { "type": "MultiLineString", "coordinates": [ [ [ 418716.968904553796165, 7624782.395110186189413 ], [ 418758.361641978728585, 7624769.578410310670733 ], [ 418793.288070256588981, 7624757.900337992236018 ], [ 418828.752606105525047, 7624745.106405651196837 ], [ 418857.466476417088415, 7624733.972807950340211 ], [ 418893.720603927911725, 7624718.813769896514714 ], [ 418922.956052243127488, 7624705.606214184314013 ], [ 418952.470249730162323, 7624691.295229078270495 ], [ 418982.45507164549781, 7624675.623520703986287 ], [ 419012.807933367614169, 7624658.426313737407327 ], [ 419035.740398331545293, 7624644.419008675962687 ], [ 419058.756374962511472, 7624629.3643146334216 ], [ 419081.790257653221488, 7624613.16874351259321 ], [ 419104.765206312236842, 7624595.732544650323689 ], [ 419127.590483417909127, 7624576.950787734240294 ], [ 419150.15828600502573, 7624556.715500405058265 ], [ 419170.414629533363041, 7624536.871656010858715 ] ] ] } },
{ "type": "Feature", "properties": { "fid": 542.0, "COMPR_M": 518.89, "CLASSE": "03 - Média", "CD_FAZ": "403206", "TALHOES": "2", "FAZ_tAL": "403206002", "ID_LINHA": 194558 }, "geometry": { "type": "MultiLineString", "coordinates": [ [ [ 418717.097926400369033, 7624779.225606475025415 ], [ 418757.441059342061635, 7624766.72314053401351 ], [ 418792.304811291571241, 7624755.066038836725056 ], [ 418827.698692020843737, 7624742.297610810026526 ], [ 418856.350613024667837, 7624731.188041571527719 ], [ 418892.521027395385318, 7624716.064023323357105 ], [ 418921.684950066497549, 7624702.888788621872663 ], [ 418951.122532031266019, 7624688.614970817230642 ], [ 418981.022440475760959, 7624672.987666204571724 ], [ 419011.281745712971315, 7624655.843494861386716 ], [ 419034.138296398741659, 7624641.882572561502457 ], [ 419057.07340307882987, 7624626.880791521631181 ], [ 419080.021555522689596, 7624610.745517740957439 ], [ 419102.906134785851464, 7624593.377923775464296 ], [ 419125.636778937478084, 7624574.674060097895563 ], [ 419148.106250136974268, 7624554.526968905702233 ], [ 419168.343641878571361, 7624534.699190964922309 ] ] ] } },
{ "type": "Feature", "properties": { "fid": 543.0, "COMPR_M": 516.44, "CLASSE": "03 - Média", "CD_FAZ": "403206", "TALHOES": "2", "FAZ_tAL": "403206002", "ID_LINHA": 194559 }, "geometry": { "type": "MultiLineString", "coordinates": [ [ [ 418717.226989104761742, 7624776.055099047720432 ], [ 418756.520476713893004, 7624763.867870774120092 ], [ 418791.321552327717654, 7624752.231739677488804 ], [ 418826.644777926267125, 7624739.488815980963409 ], [ 418855.234749627998099, 7624728.403275202959776 ], [ 418891.321450862684287, 7624713.314276749268174 ], [ 418920.413847896095831, 7624700.17136306874454 ], [ 418949.774814337259158, 7624685.934712566435337 ], [ 418979.589809308818076, 7624670.351811695843935 ], [ 419009.755558058270253, 7624653.260675990954041 ], [ 419032.536194469139446, 7624639.346136445179582 ], [ 419055.390431201492902, 7624624.397268416360021 ], [ 419078.252853388781659, 7624608.322291972115636 ], [ 419101.047063255857211, 7624591.023302895948291 ], [ 419123.683074458967894, 7624572.397332465276122 ], [ 419146.054214263451286, 7624552.338437407277524 ], [ 419166.272654228960164, 7624532.526725918985903 ] ] ] } },
{ "type": "Feature", "properties": { "fid": 544.0, "COMPR_M": 514.0, "CLASSE": "03 - Média", "CD_FAZ": "403206", "TALHOES": "2", "FAZ_tAL": "403206002", "ID_LINHA": 194560 }, "geometry": { "type": "MultiLineString", "coordinates": [ [ [ 418717.356051814800594, 7624772.884591612964869 ], [ 418755.599894077866338, 7624761.012600994668901 ], [ 418790.338293363631237, 7624749.397440521977842 ], [ 418825.590863840770908, 7624736.680021159350872 ], [ 418854.118886226962786, 7624725.618508834391832 ], [ 418890.121874325152021, 7624710.564530185423791 ], [ 418919.142745718709193, 7624697.453937515616417 ], [ 418948.427096645522397, 7624683.254454297013581 ], [ 418978.157178141351324, 7624667.715957194566727 ], [ 419008.229370403685607, 7624650.677857106551528 ], [ 419030.934092543437146, 7624636.809700330719352 ], [ 419053.707459319150075, 7624621.913745297119021 ], [ 419076.484151251846924, 7624605.89906619489193 ], [ 419099.187991732207593, 7624588.668682021088898 ], [ 419121.729369984415825, 7624570.120604826137424 ], [ 419144.002178397146054, 7624550.149905911646783 ], [ 419164.201666577311698, 7624530.354260869324207 ] ] ] } },
{ "type": "Feature", "properties": { "fid": 545.0, "COMPR_M": 511.55, "CLASSE": "03 - Média", "CD_FAZ": "403206", "TALHOES": "2", "FAZ_tAL": "403206002", "ID_LINHA": 194561 }, "geometry": { "type": "MultiLineString", "coordinates": [ [ [ 418717.485114510520361, 7624769.714084187522531 ], [ 418754.679311445157509, 7624758.157331230118871 ], [ 418789.355034398089629, 7624746.563141367398202 ], [ 418824.536949752829969, 7624733.871226324699819 ], [ 418853.003022823599167, 7624722.833742465823889 ], [ 418888.922297788783908, 7624707.814783608540893 ], [ 418917.871643549471628, 7624694.736511958763003 ], [ 418947.079378948081285, 7624680.57419603690505 ], [ 418976.724546966783237, 7624665.080102682113647 ], [ 419006.703182749683037, 7624648.09503823146224 ], [ 419029.331990599981509, 7624634.273264208808541 ], [ 419052.024487443151884, 7624619.430222191847861 ], [ 419074.715449122712016, 7624603.475840419530869 ], [ 419097.328920205007307, 7624586.314061149954796 ], [ 419119.775665502646007, 7624567.843877190724015 ], [ 419141.950142526766285, 7624547.961374417878687 ], [ 419162.130678933404852, 7624528.181795826181769 ] ] ] } },
{ "type": "Feature", "properties": { "fid": 546.0, "COMPR_M": 509.11, "CLASSE": "03 - Média", "CD_FAZ": "403206", "TALHOES": "2", "FAZ_tAL": "403206002", "ID_LINHA": 194562 }, "geometry": { "type": "MultiLineString", "coordinates": [ [ [ 418717.614177224459127, 7624766.543576752766967 ], [ 418753.758728811168112, 7624755.302061448805034 ], [ 418788.37177543429425, 7624743.728842209093273 ], [ 418823.483035656157881, 7624731.062431497499347 ], [ 418851.887159425823484, 7624720.04897609911859 ], [ 418887.722721248224843, 7624705.06503704097122 ], [ 418916.60054137458792, 7624692.019086400046945 ], [ 418945.731661254132632, 7624677.893937787041068 ], [ 418975.29191580490442, 7624662.444248173385859 ], [ 419005.176995087182149, 7624645.512219352647662 ], [ 419027.729888671543449, 7624631.736828092485666 ], [ 419050.341515562846325, 7624616.946699084714055 ], [ 419072.946746991015971, 7624601.052614656277001 ], [ 419095.469848674896639, 7624583.95944027043879 ], [ 419117.821961024019402, 7624565.567149560898542 ], [ 419139.898106661625206, 7624545.772842916660011 ], [ 419160.059691286063753, 7624526.009330783039331 ] ] ] } },
{ "type": "Feature", "properties": { "fid": 547.0, "COMPR_M": 506.66, "CLASSE": "03 - Média", "CD_FAZ": "403206", "TALHOES": "2", "FAZ_tAL": "403206002", "ID_LINHA": 194563 }, "geometry": { "type": "MultiLineString", "coordinates": [ [ [ 418717.743239924078807, 7624763.373069321736693 ], [ 418752.838146179798059, 7624752.446791682392359 ], [ 418787.388516468345188, 7624740.894543054513633 ], [ 418822.429121569439303, 7624728.253636668436229 ], [ 418857.895004407502711, 7624714.385848818346858 ], [ 418886.523144717386458, 7624702.31529046036303 ], [ 418915.329439206630923, 7624689.301660839468241 ], [ 418944.383943552616984, 7624675.213679518550634 ], [ 418973.859284633887, 7624659.80839366838336 ], [ 419003.650807434518356, 7624642.929400480352342 ], [ 419026.127786744968034, 7624629.200391979888082 ], [ 419048.658543689525686, 7624614.463175972923636 ], [ 419071.178044856118504, 7624598.629388876259327 ], [ 419093.610777151130605, 7624581.604819397442043 ], [ 419115.868256548710633, 7624563.290421921759844 ], [ 419137.846070793631952, 7624543.58431142847985 ], [ 419157.988703634066042, 7624523.836865736171603 ] ] ] } },
{ "type": "Feature", "properties": { "fid": 548.0, "COMPR_M": 504.22, "CLASSE": "03 - Média", "CD_FAZ": "403206", "TALHOES": "2", "FAZ_tAL": "403206002", "ID_LINHA": 194564 }, "geometry": { "type": "MultiLineString", "coordinates": [ [ [ 418717.872302631207276, 7624760.202561898157001 ], [ 418758.773788440274075, 7624747.365436902269721 ], [ 418793.362577512394637, 7624735.628281977958977 ], [ 418828.421584660653025, 7624722.779564214870334 ], [ 418856.762938481406309, 7624711.607629150152206 ], [ 418885.323568185674958, 7624699.565543890930712 ], [ 418914.058337024413049, 7624686.584235277958214 ], [ 418943.036225855990779, 7624672.533421258442104 ], [ 418972.426653465663549, 7624657.172539168968797 ], [ 419002.124619781272486, 7624640.346581595018506 ], [ 419024.525684814492706, 7624626.663955859839916 ], [ 419046.975571800023317, 7624611.97965286206454 ], [ 419069.409342728496995, 7624596.206163105554879 ], [ 419091.751705623115413, 7624579.25019852630794 ], [ 419113.914552066125907, 7624561.013694288209081 ], [ 419135.7940349210985, 7624541.395779930055141 ], [ 419155.917715990450233, 7624521.664400698617101 ] ] ] } },
{ "type": "Feature", "properties": { "fid": 549.0, "COMPR_M": 501.77, "CLASSE": "03 - Média", "CD_FAZ": "403206", "TALHOES": "2", "FAZ_tAL": "403206002", "ID_LINHA": 194565 }, "geometry": { "type": "MultiLineString", "coordinates": [ [ [ 418718.001506605767645, 7624757.028583999723196 ], [ 418757.841327649133746, 7624744.514023740775883 ], [ 418792.3658122374909, 7624732.798704012297094 ], [ 418827.352622216450982, 7624719.976461390033364 ], [ 418855.630872545705643, 7624708.829409478232265 ], [ 418884.123991649772506, 7624696.815797316841781 ], [ 418912.787234856863506, 7624683.866809724830091 ], [ 418941.688508162857033, 7624669.853163003921509 ], [ 418970.994022289698478, 7624654.536684658378363 ], [ 419000.598432118073106, 7624637.763762718066573 ], [ 419022.923582876042929, 7624624.127519743517041 ], [ 419045.292599929380231, 7624609.496129761449993 ], [ 419067.640640586381778, 7624593.782937341369689 ], [ 419089.892634090851061, 7624576.89557764865458 ], [ 419111.960847586218733, 7624558.736966647207737 ], [ 419133.741999054967891, 7624539.207248432561755 ], [ 419153.846728331584018, 7624519.491935645230114 ] ] ] } },
{ "type": "Feature", "properties": { "fid": 550.0, "COMPR_M": 499.32, "CLASSE": "03 - Média", "CD_FAZ": "403206", "TALHOES": "2", "FAZ_tAL": "403206002", "ID_LINHA": 194566 }, "geometry": { "type": "MultiLineString", "coordinates": [ [ [ 418718.130725344701204, 7624753.85424340236932 ], [ 418756.908866853103973, 7624741.662610584869981 ], [ 418791.369046966428868, 7624729.969126051291823 ], [ 418826.283659773936961, 7624717.173358572646976 ], [ 418854.498806610179599, 7624706.051189793273807 ], [ 418882.924415114335716, 7624694.066050743684173 ], [ 418911.51613268640358, 7624681.149384168908 ], [ 418940.340790462854784, 7624667.17290473729372 ], [ 418969.561391125025693, 7624651.900830152444541 ], [ 418999.072244466864504, 7624635.18094383738935 ], [ 419021.321480941434857, 7624621.591083631850779 ], [ 419043.609628043952398, 7624607.012606645934284 ], [ 419065.871938454336487, 7624591.359711565077305 ], [ 419088.033562566968612, 7624574.540956776589155 ], [ 419110.007143109454773, 7624556.460239021107554 ], [ 419131.68996318615973, 7624537.018716940656304 ], [ 419151.775740691111423, 7624517.319470602087677 ] ] ] } },
{ "type": "Feature", "properties": { "fid": 551.0, "COMPR_M": 496.88, "CLASSE": "03 - Média", "CD_FAZ": "403206", "TALHOES": "2", "FAZ_tAL": "403206002", "ID_LINHA": 194567 }, "geometry": { "type": "MultiLineString", "coordinates": [ [ [ 418718.259944092424121, 7624750.6799028031528 ], [ 418755.976406051544473, 7624738.811197428032756 ], [ 418790.372281688614748, 7624727.13954808562994 ], [ 418825.214697337709367, 7624714.370255751535296 ], [ 418853.366740675352048, 7624703.2729701269418 ], [ 418881.72483857604675, 7624691.316304182633758 ], [ 418910.245030511519872, 7624678.431958612054586 ], [ 418938.993072766985279, 7624664.492646478116512 ], [ 418968.128759951912798, 7624649.264975652098656 ], [ 418997.546056814258918, 7624632.598124966956675 ], [ 419019.719379010144621, 7624619.054647512733936 ], [ 419041.926656164112501, 7624604.529083542525768 ], [ 419064.103236328170169, 7624588.936485791578889 ], [ 419086.174491038778797, 7624572.186335908249021 ], [ 419108.053438626928255, 7624554.18351137638092 ], [ 419129.637927311297972, 7624534.830185439437628 ], [ 419149.704753036552574, 7624515.147005569189787 ] ] ] } },
{ "type": "Feature", "properties": { "fid": 552.0, "COMPR_M": 494.43, "CLASSE": "03 - Média", "CD_FAZ": "403206", "TALHOES": "2", "FAZ_tAL": "403206002", "ID_LINHA": 194568 }, "geometry": { "type": "MultiLineString", "coordinates": [ [ [ 418718.389162836421747, 7624747.505562208592892 ], [ 418755.043945255572908, 7624735.959784262813628 ], [ 418789.375516414642334, 7624724.309970112517476 ], [ 418824.145734904450364, 7624711.567152922973037 ], [ 418852.234674742154311, 7624700.494750447571278 ], [ 418880.525262035022024, 7624688.566557604819536 ], [ 418908.973928331688512, 7624675.714533055201173 ], [ 418937.64535507466644, 7624661.812388227321208 ], [ 418966.696128781652078, 7624646.629121141508222 ], [ 418996.01986915175803, 7624630.015306090004742 ], [ 419018.117277082754299, 7624616.518211400136352 ], [ 419040.243684291257523, 7624602.045560425147414 ], [ 419062.334534188907128, 7624586.513260022737086 ], [ 419084.315419506456237, 7624569.831715032458305 ], [ 419106.09973414556589, 7624551.906783748418093 ], [ 419127.585891444294248, 7624532.641653949394822 ], [ 419147.633765389269684, 7624512.974540520459414 ] ] ] } },
{ "type": "Feature", "properties": { "fid": 553.0, "COMPR_M": 491.98, "CLASSE": "03 - Média", "CD_FAZ": "403206", "TALHOES": "2", "FAZ_tAL": "403206002", "ID_LINHA": 194569 }, "geometry": { "type": "MultiLineString", "coordinates": [ [ [ 418718.518381576694082, 7624744.331221613101661 ], [ 418754.11148446390871, 7624733.10837110131979 ], [ 418788.378751143813133, 7624721.480392146855593 ], [ 418823.076772464322858, 7624708.764050101861358 ], [ 418851.102608809014782, 7624697.716530768200755 ], [ 418879.325685502961278, 7624685.816811038181186 ], [ 418907.702826168620959, 7624672.997107492759824 ], [ 418936.297637376119383, 7624659.132129957899451 ], [ 418965.263497612904757, 7624643.993266632780433 ], [ 418994.493681499210652, 7624627.432487212121487 ], [ 419016.515175149368588, 7624613.981775278225541 ], [ 419038.56071241281461, 7624599.562037315219641 ], [ 419060.565832058200613, 7624584.090034253895283 ], [ 419082.456347981758881, 7624567.477094151079655 ], [ 419104.146029668103438, 7624549.630056113004684 ], [ 419125.533855583169498, 7624530.453122451901436 ], [ 419145.562777737854049, 7624510.802075481042266 ] ] ] } },
{ "type": "Feature", "properties": { "fid": 554.0, "COMPR_M": 489.53, "CLASSE": "03 - Média", "CD_FAZ": "403206", "TALHOES": "2", "FAZ_tAL": "403206002", "ID_LINHA": 194570 }, "geometry": { "type": "MultiLineString", "coordinates": [ [ [ 418718.647600323078223, 7624741.156881018541753 ], [ 418753.17902366805356, 7624730.25695794261992 ], [ 418787.381985865533352, 7624718.650814187712967 ], [ 418822.007810028502718, 7624705.960947277024388 ], [ 418849.970542877388652, 7624694.938311095349491 ], [ 418878.126108968805056, 7624683.067064457572997 ], [ 418906.431723991350736, 7624670.279681931249797 ], [ 418934.949919681064785, 7624656.451871698722243 ], [ 418963.830866446834989, 7624641.357412131503224 ], [ 418992.967493840144016, 7624624.849668329581618 ], [ 419014.913073218544014, 7624611.445339161902666 ], [ 419036.87774053006433, 7624597.078514207154512 ], [ 419058.797129923070315, 7624581.666808476671576 ], [ 419080.597276452812366, 7624565.12247328273952 ], [ 419102.192325194657315, 7624547.353328470140696 ], [ 419123.481819707434624, 7624528.264590956270695 ], [ 419143.491790083760861, 7624508.629610426723957 ] ] ] } },
{ "type": "Feature", "properties": { "fid": 555.0, "COMPR_M": 487.09, "CLASSE": "03 - Média", "CD_FAZ": "403206", "TALHOES": "2", "FAZ_tAL": "403206002", "ID_LINHA": 194571 }, "geometry": { "type": "MultiLineString", "coordinates": [ [ [ 418718.776851667382289, 7624737.981739385053515 ], [ 418752.246562875807285, 7624727.405544785782695 ], [ 418786.385220593074337, 7624715.821236221119761 ], [ 418820.938847585814074, 7624703.157844448462129 ], [ 418848.838476945355069, 7624692.160091420635581 ], [ 418876.926532434416004, 7624680.317317886278033 ], [ 418905.16062181891175, 7624667.562256378121674 ], [ 418933.602201989560854, 7624653.771613446995616 ], [ 418962.39823528227862, 7624638.72155762091279 ], [ 418991.441306187596638, 7624622.266849457286298 ], [ 419013.310971292317845, 7624608.908903045579791 ], [ 419035.194768656278029, 7624594.594991096295416 ], [ 419057.028427784680389, 7624579.243582701310515 ], [ 419078.738204930210486, 7624562.76785240881145 ], [ 419100.238620711897966, 7624545.07660084310919 ], [ 419121.429783838219009, 7624526.076059462502599 ], [ 419141.420802437351085, 7624506.457145392894745 ] ] ] } },
{ "type": "Feature", "properties": { "fid": 556.0, "COMPR_M": 484.64, "CLASSE": "03 - Média", "CD_FAZ": "403206", "TALHOES": "2", "FAZ_tAL": "403206002", "ID_LINHA": 194572 }, "geometry": { "type": "MultiLineString", "coordinates": [ [ [ 418718.906234043242875, 7624734.803379262797534 ], [ 418751.314102079311851, 7624724.554131624288857 ], [ 418785.388455312640872, 7624712.991658249869943 ], [ 418819.869885147374589, 7624700.354741625487804 ], [ 418847.706411014718469, 7624689.381871743127704 ], [ 418875.726955897174776, 7624677.567571314051747 ], [ 418903.889519642805681, 7624664.844830822199583 ], [ 418932.254484291770495, 7624651.091355178505182 ], [ 418960.965604108583648, 7624636.085703123360872 ], [ 418989.915118527249433, 7624619.684030570089817 ], [ 419011.708869358815718, 7624606.372466926462948 ], [ 419033.511796776962001, 7624592.111467994749546 ], [ 419055.259725656185765, 7624576.820356929674745 ], [ 419076.87913339358056, 7624560.413231527432799 ], [ 419098.284916234435514, 7624542.799873208627105 ], [ 419119.377747975522652, 7624523.887527959421277 ], [ 419139.349814786342904, 7624504.284680344164371 ] ] ] } },
{ "type": "Feature", "properties": { "fid": 557.0, "COMPR_M": 482.19, "CLASSE": "03 - Média", "CD_FAZ": "403206", "TALHOES": "2", "FAZ_tAL": "403206002", "ID_LINHA": 194573 }, "geometry": { "type": "MultiLineString", "coordinates": [ [ [ 418719.035616406064946, 7624731.625019138678908 ], [ 418750.381641277228482, 7624721.702718471176922 ], [ 418784.391690045886207, 7624710.162080283276737 ], [ 418818.800922713184264, 7624697.551638811826706 ], [ 418846.574345074419398, 7624686.603652062825859 ], [ 418874.527379368315451, 7624674.817824741825461 ], [ 418902.618417472927831, 7624662.127405266277492 ], [ 418930.906766586995218, 7624648.411096919327974 ], [ 418959.532972938381135, 7624633.449848609045148 ], [ 418988.3889308773214, 7624617.101211701519787 ], [ 419010.106767429213505, 7624603.836030809208751 ], [ 419031.828824893338606, 7624589.627944881096482 ], [ 419053.491023523150943, 7624574.397131158038974 ], [ 419075.020061874354724, 7624558.05861066095531 ], [ 419096.331211759592406, 7624540.523145568557084 ], [ 419117.325712098856457, 7624521.698996471241117 ], [ 419137.278827143716626, 7624502.112215306609869 ] ] ] } },
{ "type": "Feature", "properties": { "fid": 558.0, "COMPR_M": 479.74, "CLASSE": "03 - Média", "CD_FAZ": "403206", "TALHOES": "2", "FAZ_tAL": "403206002", "ID_LINHA": 194574 }, "geometry": { "type": "MultiLineString", "coordinates": [ [ [ 418719.164998774998821, 7624728.44665901735425 ], [ 418756.204387373116333, 7624716.626433871686459 ], [ 418790.23286223463947, 7624704.905150596052408 ], [ 418824.641075456340332, 7624692.092272087931633 ], [ 418852.398729884065688, 7624680.966941067948937 ], [ 418880.321916684391908, 7624668.990523127838969 ], [ 418908.369135878281668, 7624656.096542291343212 ], [ 418936.667085805907845, 7624642.123136332258582 ], [ 418965.274960665323306, 7624626.875062914565206 ], [ 418994.073391002777498, 7624610.211389655247331 ], [ 419015.721430449455511, 7624596.689061177894473 ], [ 419037.348610462271608, 7624582.204445235431194 ], [ 419058.887760223296937, 7624566.677044357173145 ], [ 419080.262394236633554, 7624550.021204151213169 ], [ 419101.383732577844057, 7624532.147699741646647 ], [ 419122.148796676192433, 7624512.965102797374129 ], [ 419135.207839495735243, 7624499.93975025229156 ] ] ] } },
{ "type": "Feature", "properties": { "fid": 559.0, "COMPR_M": 477.3, "CLASSE": "03 - Média", "CD_FAZ": "403206", "TALHOES": "2", "FAZ_tAL": "403206002", "ID_LINHA": 194575 }, "geometry": { "type": "MultiLineString", "coordinates": [ [ [ 418719.294381140731275, 7624725.268298909068108 ], [ 418755.259717159089632, 7624713.779041959904134 ], [ 418789.2222745497711, 7624702.080479353666306 ], [ 418823.556768853974063, 7624689.295068452134728 ], [ 418851.250185710145161, 7624678.195492507889867 ], [ 418879.104817273037042, 7624666.248486974276602 ], [ 418907.079561391379684, 7624653.387833399698138 ], [ 418935.298939664557111, 7624639.453246588818729 ], [ 418963.819757191638928, 7624624.251600814983249 ], [ 418992.522447704570368, 7624607.643357602879405 ], [ 419014.09292067901697, 7624594.169496083632112 ], [ 419035.637593663937878, 7624579.740156594663858 ], [ 419057.089435442234389, 7624564.275716343894601 ], [ 419078.372228333959356, 7624547.69146606232971 ], [ 419099.397628638893366, 7624529.899174897000194 ], [ 419120.063287966535427, 7624510.808438654989004 ], [ 419133.136851846356876, 7624497.767285209149122 ] ] ] } },
{ "type": "Feature", "properties": { "fid": 560.0, "COMPR_M": 474.85, "CLASSE": "03 - Média", "CD_FAZ": "403206", "TALHOES": "2", "FAZ_tAL": "403206002", "ID_LINHA": 194576 }, "geometry": { "type": "MultiLineString", "coordinates": [ [ [ 418719.423763502796646, 7624722.089938790537417 ], [ 418754.315046945121139, 7624710.931650057435036 ], [ 418788.211686864262447, 7624699.25580810662359 ], [ 418822.472462238511071, 7624686.497864814475179 ], [ 418850.101641530403867, 7624675.424043942242861 ], [ 418877.887717865407467, 7624663.506450836546719 ], [ 418905.789986903313547, 7624650.679124516434968 ], [ 418933.930793520994484, 7624636.783356841653585 ], [ 418962.364553705207072, 7624621.628138714469969 ], [ 418990.971504411660135, 7624605.075325555168092 ], [ 419012.464410905027762, 7624591.649930991232395 ], [ 419033.926576864090748, 7624577.275867959484458 ], [ 419055.291110660764389, 7624561.874388329684734 ], [ 419076.482062440365553, 7624545.361727961339056 ], [ 419097.411524705355987, 7624527.65065005980432 ], [ 419117.977779252978507, 7624508.651774505153298 ], [ 419131.065864193544257, 7624495.594820172525942 ] ] ] } },
{ "type": "Feature", "properties": { "fid": 561.0, "COMPR_M": 472.33, "CLASSE": "03 - Média", "CD_FAZ": "403206", "TALHOES": "2", "FAZ_tAL": "403206002", "ID_LINHA": 194577 }, "geometry": { "type": "MultiLineString", "coordinates": [ [ [ 418719.617723864095751, 7624718.891724523156881 ], [ 418753.370376729290001, 7624708.084258148446679 ], [ 418787.201099175494164, 7624696.431136859580874 ], [ 418821.388155632419512, 7624683.700661178678274 ], [ 418848.953097357298248, 7624672.65259538218379 ], [ 418876.670618459465913, 7624660.76441468577832 ], [ 418904.500412414839957, 7624647.970415626652539 ], [ 418932.56264737789752, 7624634.113467084243894 ], [ 418960.909350226284005, 7624619.00467661395669 ], [ 418989.420561123464722, 7624602.507293500006199 ], [ 419010.83590114058461, 7624589.130365908145905 ], [ 419032.215560066630132, 7624574.811579318717122 ], [ 419053.492785881331656, 7624559.473060320131481 ], [ 419074.591896535188425, 7624543.031989867798984 ], [ 419095.425420765415765, 7624525.402125218883157 ], [ 419115.892270546057262, 7624506.495110362768173 ], [ 419128.994876547250897, 7624493.422355122864246 ] ] ] } },
{ "type": "Feature", "properties": { "fid": 562.0, "COMPR_M": 469.79, "CLASSE": "03 - Média", "CD_FAZ": "403206", "TALHOES": "2", "FAZ_tAL": "403206002", "ID_LINHA": 194578 }, "geometry": { "type": "MultiLineString", "coordinates": [ [ [ 418719.833329754706938, 7624715.683699702844024 ], [ 418752.42570651229471, 7624705.236866237595677 ], [ 418786.19051148329163, 7624693.606465619988739 ], [ 418820.303849022369832, 7624680.903457544744015 ], [ 418847.804553177615162, 7624669.881146818399429 ], [ 418875.453519057366066, 7624658.022378539666533 ], [ 418903.210837917402387, 7624645.261706730350852 ], [ 418931.194501243007835, 7624631.443577330559492 ], [ 418959.454146750969812, 7624616.381214511580765 ], [ 418987.869617829448543, 7624599.939261447638273 ], [ 419009.207391372707207, 7624586.610800812020898 ], [ 419030.504543267656118, 7624572.347290679812431 ], [ 419051.694461102248169, 7624557.071732306852937 ], [ 419072.701730629778467, 7624540.70225178077817 ], [ 419093.439316830947064, 7624523.153600385412574 ], [ 419113.80676183453761, 7624504.338446212001145 ], [ 419126.923888898163568, 7624491.249890081584454 ] ] ] } },
{ "type": "Feature", "properties": { "fid": 563.0, "COMPR_M": 467.25, "CLASSE": "03 - Média", "CD_FAZ": "403206", "TALHOES": "2", "FAZ_tAL": "403206002", "ID_LINHA": 194579 }, "geometry": { "type": "MultiLineString", "coordinates": [ [ [ 418720.049028652138077, 7624712.474291110411286 ], [ 418751.481036303332075, 7624702.389474330469966 ], [ 418785.179923799762037, 7624690.781794370152056 ], [ 418819.219542411854491, 7624678.106253907084465 ], [ 418846.656009003869258, 7624667.109698262065649 ], [ 418874.23641964700073, 7624655.280342401005328 ], [ 418901.921263430733234, 7624642.552997840568423 ], [ 418929.826355094031896, 7624628.773687581531703 ], [ 418957.998943264072295, 7624613.757752409204841 ], [ 418986.318674530135468, 7624597.37122939992696 ], [ 419007.57888159272261, 7624584.091235725209117 ], [ 419028.793526468565688, 7624569.883002043701708 ], [ 419049.896136322058737, 7624554.67040428891778 ], [ 419070.811564722796902, 7624538.372513681650162 ], [ 419091.45321289927233, 7624520.905075550079346 ], [ 419111.721253120456822, 7624502.181782066822052 ], [ 419124.852901244419627, 7624489.077425038442016 ] ] ] } },
{ "type": "Feature", "properties": { "fid": 564.0, "COMPR_M": 464.71, "CLASSE": "03 - Média", "CD_FAZ": "403206", "TALHOES": "2", "FAZ_tAL": "403206002", "ID_LINHA": 194580 }, "geometry": { "type": "MultiLineString", "coordinates": [ [ [ 418720.264727533329278, 7624709.26488252915442 ], [ 418750.536366082611494, 7624699.542082421481609 ], [ 418784.169336113438476, 7624687.957123136147857 ], [ 418818.135235797381029, 7624675.309050273150206 ], [ 418845.507464824942872, 7624664.338249698281288 ], [ 418873.019320239778608, 7624652.538306245580316 ], [ 418900.631688943598419, 7624639.844288947060704 ], [ 418928.458208955242299, 7624626.103797837160528 ], [ 418956.543739784799982, 7624611.134290305897593 ], [ 418984.767731236177497, 7624594.803197352215648 ], [ 419005.950371832353994, 7624581.57167062535882 ], [ 419027.082509680301882, 7624567.418713413178921 ], [ 419048.097811544081196, 7624552.269076275639236 ], [ 419068.921398824779317, 7624536.042775589972734 ], [ 419089.467108963173814, 7624518.65655070822686 ], [ 419109.635744411614724, 7624500.025117925368249 ], [ 419122.781913598417304, 7624486.904959991574287 ] ] ] } },
{ "type": "Feature", "properties": { "fid": 565.0, "COMPR_M": 462.17, "CLASSE": "03 - Média", "CD_FAZ": "403206", "TALHOES": "2", "FAZ_tAL": "403206002", "ID_LINHA": 194581 }, "geometry": { "type": "MultiLineString", "coordinates": [ [ [ 418720.480426427267957, 7624706.055473934859037 ], [ 418749.591695869923569, 7624696.694690516218543 ], [ 418783.158748422632925, 7624685.132451885379851 ], [ 418817.05092918232549, 7624672.511846644803882 ], [ 418844.358920651371591, 7624661.566801130771637 ], [ 418871.802220833546016, 7624649.796270109713078 ], [ 418899.342114455415867, 7624637.13558004796505 ], [ 418927.090062813600525, 7624623.433908086270094 ], [ 418955.08853631047532, 7624608.510828200727701 ], [ 418983.216787946992554, 7624592.235165297985077 ], [ 419004.321862057200633, 7624579.052105536684394 ], [ 419025.371492881327868, 7624564.95442477799952 ], [ 419046.29948676622007, 7624549.867748262360692 ], [ 419067.031232925830409, 7624533.713037494570017 ], [ 419087.48100503324531, 7624516.408025874756277 ], [ 419107.550235698930919, 7624497.868453778326511 ], [ 419120.710143207281362, 7624484.731673849746585 ] ] ] } },
{ "type": "Feature", "properties": { "fid": 566.0, "COMPR_M": 459.63, "CLASSE": "03 - Média", "CD_FAZ": "403206", "TALHOES": "2", "FAZ_tAL": "403206002", "ID_LINHA": 194582 }, "geometry": { "type": "MultiLineString", "coordinates": [ [ [ 418720.696125314803794, 7624702.846065353602171 ], [ 418755.319306360906921, 7624691.617551593109965 ], [ 418782.148160742945038, 7624682.307780645787716 ], [ 418815.966622574662324, 7624669.714643009006977 ], [ 418843.210376473260112, 7624658.795352568849921 ], [ 418870.585121422540396, 7624647.054233958944678 ], [ 418898.052539959549904, 7624634.426871155388653 ], [ 418925.721916670328937, 7624620.764018338173628 ], [ 418953.633332823170349, 7624605.887366107665002 ], [ 418981.665844652510714, 7624589.667133245617151 ], [ 419002.693352291709743, 7624576.532540448009968 ], [ 419023.66047608217923, 7624562.490136140957475 ], [ 419044.501161977474112, 7624547.46642024256289 ], [ 419065.141067015414592, 7624531.383299397304654 ], [ 419085.494901094236411, 7624514.159501036629081 ], [ 419105.464726993464865, 7624495.711789635010064 ], [ 419118.637833310640417, 7624482.557821770198643 ] ] ] } },
{ "type": "Feature", "properties": { "fid": 567.0, "COMPR_M": 457.09, "CLASSE": "03 - Média", "CD_FAZ": "403206", "TALHOES": "2", "FAZ_tAL": "403206002", "ID_LINHA": 194583 }, "geometry": { "type": "MultiLineString", "coordinates": [ [ [ 418720.911824205890298, 7624699.636656762100756 ], [ 418754.362098081968725, 7624688.77434965595603 ], [ 418781.137573048064951, 7624679.483109403401613 ], [ 418814.882315965776797, 7624666.917439367622137 ], [ 418842.061832299805246, 7624656.023904003202915 ], [ 418869.368022021139041, 7624644.312197813764215 ], [ 418896.762965473113582, 7624631.718162268400192 ], [ 418924.353770534740761, 7624618.094128580763936 ], [ 418952.178129342850298, 7624603.263903999701142 ], [ 418980.1149013529066, 7624587.099101200699806 ], [ 419001.064842524006963, 7624574.012975355610251 ], [ 419021.949459283496253, 7624560.025847496464849 ], [ 419042.702837200078648, 7624545.065092230215669 ], [ 419063.250901114603039, 7624529.053561307489872 ], [ 419083.508797163376585, 7624511.910976197570562 ], [ 419103.379218272923026, 7624493.555125487968326 ], [ 419116.565523421741091, 7624480.383969699963927 ] ] ] } },
{ "type": "Feature", "properties": { "fid": 568.0, "COMPR_M": 454.55, "CLASSE": "03 - Média", "CD_FAZ": "403206", "TALHOES": "2", "FAZ_tAL": "403206002", "ID_LINHA": 194584 }, "geometry": { "type": "MultiLineString", "coordinates": [ [ [ 418721.12775990110822, 7624696.423724772408605 ], [ 418753.404889816709328, 7624685.931147731840611 ], [ 418780.12698536174139, 7624676.658438161015511 ], [ 418813.798009353689849, 7624664.120235729962587 ], [ 418840.913288121053483, 7624653.252455444075167 ], [ 418868.150922614964657, 7624641.57016166485846 ], [ 418895.47339098691009, 7624629.009453376755118 ], [ 418922.985624388325959, 7624615.424238830804825 ], [ 418950.722925868758466, 7624600.640441904775798 ], [ 418978.563958068494685, 7624584.531069155782461 ], [ 418999.436332752811722, 7624571.493410263210535 ], [ 419020.238442483299877, 7624557.561558861285448 ], [ 419040.90451242425479, 7624542.66376422252506 ], [ 419061.360735212918371, 7624526.723823202773929 ], [ 419081.522693224134855, 7624509.662451352924109 ], [ 419101.293709569610655, 7624491.3984613455832 ], [ 419114.493213529582135, 7624478.210117625072598 ] ] ] } },
{ "type": "Feature", "properties": { "fid": 569.0, "COMPR_M": 452.01, "CLASSE": "03 - Média", "CD_FAZ": "403206", "TALHOES": "2", "FAZ_tAL": "403206002", "ID_LINHA": 194585 }, "geometry": { "type": "MultiLineString", "coordinates": [ [ [ 418721.343782667594496, 7624693.209497191011906 ], [ 418752.447681542893406, 7624683.087945794686675 ], [ 418785.814070320571773, 7624671.418817243538797 ], [ 418812.713702739682049, 7624661.323032096959651 ], [ 418839.764743947074749, 7624650.481006877496839 ], [ 418866.933823200582992, 7624638.828125521540642 ], [ 418894.183816500939429, 7624626.300744480453432 ], [ 418921.617478250176646, 7624612.754349079914391 ], [ 418949.267722381162457, 7624598.016979796811938 ], [ 418977.01301476766821, 7624581.963037104345858 ], [ 418997.807822980103083, 7624568.973845168948174 ], [ 419018.52742568415124, 7624555.097270225174725 ], [ 419039.106187638069969, 7624540.262436201795936 ], [ 419059.470569309545681, 7624524.394085119478405 ], [ 419079.536589291063137, 7624507.413926514796913 ], [ 419099.208200853085145, 7624489.24179720506072 ], [ 419112.420903645921499, 7624476.036265547387302 ] ] ] } },
{ "type": "Feature", "properties": { "fid": 570.0, "COMPR_M": 449.47, "CLASSE": "03 - Média", "CD_FAZ": "403206", "TALHOES": "2", "FAZ_tAL": "403206002", "ID_LINHA": 194586 }, "geometry": { "type": "MultiLineString", "coordinates": [ [ [ 418721.559805438038893, 7624689.995269620791078 ], [ 418751.490473269601353, 7624680.244743867777288 ], [ 418784.789347760670353, 7624668.599242554977536 ], [ 418818.363570472225547, 7624655.893925013020635 ], [ 418845.382042909157462, 7624644.88186389952898 ], [ 418872.505381427996326, 7624633.046642297878861 ], [ 418899.707241610391065, 7624620.319713328965008 ], [ 418927.125273190787993, 7624606.527275368571281 ], [ 418947.812518910330255, 7624595.393517699092627 ], [ 418975.462071472778916, 7624579.3950050547719 ], [ 418996.179313205182552, 7624566.454280074685812 ], [ 419016.816408885468263, 7624552.632981594651937 ], [ 419037.307862863352057, 7624537.861108187586069 ], [ 419057.580403405998368, 7624522.064347019419074 ], [ 419077.55048536270624, 7624505.165401685982943 ], [ 419097.12269214191474, 7624487.08513306081295 ], [ 419110.348593759583309, 7624473.862413480877876 ] ] ] } },
{ "type": "Feature", "properties": { "fid": 571.0, "COMPR_M": 446.93, "CLASSE": "03 - Média", "CD_FAZ": "403206", "TALHOES": "2", "FAZ_tAL": "403206002", "ID_LINHA": 194587 }, "geometry": { "type": "MultiLineString", "coordinates": [ [ [ 418721.775828201905824, 7624686.78104205057025 ], [ 418750.533264990430325, 7624677.401541930623353 ], [ 418783.76462520158384, 7624665.779667854309082 ], [ 418817.263628563610837, 7624653.102832097560167 ], [ 418844.216750261955895, 7624642.117415148764849 ], [ 418871.270513907889836, 7624630.312561372295022 ], [ 418898.398802531184629, 7624617.620065212249756 ], [ 418925.736167602532078, 7624603.868228733539581 ], [ 418946.357315426052082, 7624592.770055592991412 ], [ 418973.911128182022367, 7624576.826973009854555 ], [ 418994.550803439226002, 7624563.934714987874031 ], [ 419015.105392085970379, 7624550.168692955747247 ], [ 419035.509538076934405, 7624535.459780179895461 ], [ 419055.69023750082124, 7624519.734608927741647 ], [ 419075.564381427364424, 7624502.916876841336489 ], [ 419095.037183427542914, 7624484.928468908183277 ], [ 419108.27628387050936, 7624471.688561407849193 ] ] ] } },
{ "type": "Feature", "properties": { "fid": 572.0, "COMPR_M": 444.39, "CLASSE": "03 - Média", "CD_FAZ": "403206", "TALHOES": "2", "FAZ_tAL": "403206002", "ID_LINHA": 194588 }, "geometry": { "type": "MultiLineString", "coordinates": [ [ [ 418721.9918509691488, 7624683.566814480349422 ], [ 418756.185528190922923, 7624672.31670936010778 ], [ 418782.739902644651011, 7624662.960093158297241 ], [ 418816.163686666171998, 7624650.311739160679281 ], [ 418843.051457614870742, 7624639.352966379374266 ], [ 418870.035646394710056, 7624627.578480441123247 ], [ 418897.090363456110936, 7624614.920417089946568 ], [ 418924.347062008164357, 7624601.209182096645236 ], [ 418944.902111947303638, 7624590.146593492478132 ], [ 418972.360184885445051, 7624574.258940956555307 ], [ 418992.922293669194914, 7624561.415149890817702 ], [ 419013.39437529805582, 7624547.704404322430491 ], [ 419033.71121330402093, 7624533.058452156372368 ], [ 419053.800071605306584, 7624517.404870832338929 ], [ 419073.57827748823911, 7624500.668352003209293 ], [ 419092.951674719806761, 7624482.771804763004184 ], [ 419106.203973978816066, 7624469.514709332957864 ] ] ] } },
{ "type": "Feature", "properties": { "fid": 573.0, "COMPR_M": 441.85, "CLASSE": "03 - Média", "CD_FAZ": "403206", "TALHOES": "2", "FAZ_tAL": "403206002", "ID_LINHA": 194589 }, "geometry": { "type": "MultiLineString", "coordinates": [ [ [ 418722.207873740349896, 7624680.352586910128593 ], [ 418755.215455980564002, 7624669.477870292030275 ], [ 418781.715180089173373, 7624660.140518462285399 ], [ 418815.063744749408215, 7624647.52064623683691 ], [ 418841.88616496702889, 7624636.588517623953521 ], [ 418868.800778870121576, 7624624.844399515539408 ], [ 418895.78192437661346, 7624612.220768965780735 ], [ 418922.957956416299567, 7624598.550135458819568 ], [ 418943.446908466925379, 7624587.523131392896175 ], [ 418970.809241595503408, 7624571.690908905118704 ], [ 418991.293783898174297, 7624558.895584803074598 ], [ 419011.683358498150483, 7624545.240115677006543 ], [ 419031.912888519989792, 7624530.657124150544405 ], [ 419051.909905697684735, 7624515.075132735073566 ], [ 419071.592173551965971, 7624498.419827163219452 ], [ 419090.866166007413995, 7624480.615140620619059 ], [ 419104.131664083804935, 7624467.3408572524786 ] ] ] } },
{ "type": "Feature", "properties": { "fid": 574.0, "COMPR_M": 439.3, "CLASSE": "03 - Média", "CD_FAZ": "403206", "TALHOES": "2", "FAZ_tAL": "403206002", "ID_LINHA": 194590 }, "geometry": { "type": "MultiLineString", "coordinates": [ [ [ 418722.424190254183486, 7624677.133988613262773 ], [ 418754.245383774046786, 7624666.639031221158803 ], [ 418780.690457534510642, 7624657.320943769067526 ], [ 418813.963802846963517, 7624644.729553317651153 ], [ 418840.720872317906469, 7624633.824068861082196 ], [ 418867.565911349840462, 7624622.110318580642343 ], [ 418894.473485300666653, 7624609.521120836958289 ], [ 418921.568850837473292, 7624595.891088822856545 ], [ 418941.991704981541261, 7624584.899669293314219 ], [ 418969.258298300323077, 7624569.122876857407391 ], [ 418989.665274136816151, 7624556.376019714400172 ], [ 419009.972341698710807, 7624542.775827039033175 ], [ 419030.114563737006392, 7624528.255796128883958 ], [ 419050.019739799608942, 7624512.745394647121429 ], [ 419069.606069621746428, 7624496.171302329748869 ], [ 419088.780657301773317, 7624478.458476472645998 ], [ 419102.0593541978742, 7624465.167005184106529 ] ] ] } },
{ "type": "Feature", "properties": { "fid": 575.0, "COMPR_M": 436.76, "CLASSE": "03 - Média", "CD_FAZ": "403206", "TALHOES": "2", "FAZ_tAL": "403206002", "ID_LINHA": 194591 }, "geometry": { "type": "MultiLineString", "coordinates": [ [ [ 418722.640551610733382, 7624673.914723128080368 ], [ 418753.275311556179076, 7624663.800192149356008 ], [ 418786.288094325049315, 7624652.075578987598419 ], [ 418812.863860947138164, 7624641.938460387289524 ], [ 418839.555579668609425, 7624631.059620101004839 ], [ 418866.331043838523328, 7624619.37623765040189 ], [ 418893.165046220237855, 7624606.821472721174359 ], [ 418920.179745240719058, 7624593.232042188756168 ], [ 418940.536501504480839, 7624582.276207191869617 ], [ 418967.707355007936712, 7624566.554844804108143 ], [ 418988.036764360149391, 7624553.856454622931778 ], [ 419008.2613248990383, 7624540.311538405716419 ], [ 419028.316238965315279, 7624525.854468116536736 ], [ 419048.129573891463224, 7624510.415656544268131 ], [ 419067.619965685240459, 7624493.922777492552996 ], [ 419086.695148592814803, 7624476.301812328398228 ], [ 419099.987044308683835, 7624462.993153112009168 ] ] ] } },
{ "type": "Feature", "properties": { "fid": 576.0, "COMPR_M": 434.21, "CLASSE": "03 - Média", "CD_FAZ": "403206", "TALHOES": "2", "FAZ_tAL": "403206002", "ID_LINHA": 194592 }, "geometry": { "type": "MultiLineString", "coordinates": [ [ [ 418722.856912959017791, 7624670.695457655005157 ], [ 418752.305239351990167, 7624660.961353074759245 ], [ 418785.248928286426235, 7624649.261294983327389 ], [ 418811.763919037941378, 7624639.147367459721863 ], [ 418838.390287019428797, 7624628.295171336270869 ], [ 418865.096176324295811, 7624616.642156722024083 ], [ 418891.856607144698501, 7624604.121824596077204 ], [ 418918.790639657003339, 7624590.5729955509305 ], [ 418939.081298023054842, 7624579.652745090425014 ], [ 418966.156411711592227, 7624563.986812761053443 ], [ 418986.408254593843594, 7624551.336889532394707 ], [ 419006.550308099715039, 7624537.847249774262309 ], [ 419026.517914182681125, 7624523.453140108846128 ], [ 419046.239407990942709, 7624508.085918447934091 ], [ 419065.633861754147802, 7624491.674252651631832 ], [ 419084.609639879199676, 7624474.145148191601038 ], [ 419097.914734416175634, 7624460.819301035255194 ] ] ] } },
{ "type": "Feature", "properties": { "fid": 577.0, "COMPR_M": 431.67, "CLASSE": "03 - Média", "CD_FAZ": "403206", "TALHOES": "2", "FAZ_tAL": "403206002", "ID_LINHA": 194593 }, "geometry": { "type": "MultiLineString", "coordinates": [ [ [ 418723.073274313239381, 7624667.476192180067301 ], [ 418751.335167135170195, 7624658.122513998299837 ], [ 418784.209762242331635, 7624646.447010979987681 ], [ 418810.663977131829597, 7624636.356274536810815 ], [ 418837.224994370073546, 7624625.530722583644092 ], [ 418863.861308806517627, 7624613.908075791783631 ], [ 418890.548168062057812, 7624601.422176476567984 ], [ 418917.401534065254964, 7624587.913948914036155 ], [ 418937.626094547915272, 7624577.029282988980412 ], [ 418964.605468419380486, 7624561.418780701234937 ], [ 418984.77974482398713, 7624548.817324438132346 ], [ 419004.839291300275363, 7624535.382961133494973 ], [ 419024.719589401618578, 7624521.051812086254358 ], [ 419044.349242090131156, 7624505.756180360913277 ], [ 419063.647757816652302, 7624489.425727818161249 ], [ 419082.524131162499543, 7624471.988484045490623 ], [ 419095.842424532864243, 7624458.645448955707252 ] ] ] } },
{ "type": "Feature", "properties": { "fid": 578.0, "COMPR_M": 429.13, "CLASSE": "03 - Média", "CD_FAZ": "403206", "TALHOES": "2", "FAZ_tAL": "403206002", "ID_LINHA": 194594 }, "geometry": { "type": "MultiLineString", "coordinates": [ [ [ 418723.289635669847485, 7624664.256926706060767 ], [ 418756.907488545228262, 7624653.031269229948521 ], [ 418783.170596205862239, 7624643.632726974785328 ], [ 418816.179530646419153, 7624630.936452258378267 ], [ 418842.696018635062501, 7624619.944985792040825 ], [ 418869.275250721373595, 7624608.144784930162132 ], [ 418895.915920411935076, 7624595.457538216374815 ], [ 418922.727586214896291, 7624581.712668754160404 ], [ 418942.895150456402916, 7624570.637581009417772 ], [ 418963.054525123210624, 7624558.850748655386269 ], [ 418983.151235052617267, 7624546.297759343869984 ], [ 419003.128274510556366, 7624532.918672500178218 ], [ 419022.921264619391877, 7624518.65048408228904 ], [ 419042.459076188446488, 7624503.426442259922624 ], [ 419061.661653883405961, 7624487.177202979102731 ], [ 419080.438622452435084, 7624469.831819895654917 ], [ 419093.770114634244237, 7624456.471596884541214 ] ] ] } },
{ "type": "Feature", "properties": { "fid": 579.0, "COMPR_M": 426.58, "CLASSE": "03 - Média", "CD_FAZ": "403206", "TALHOES": "2", "FAZ_tAL": "403206002", "ID_LINHA": 194595 }, "geometry": { "type": "MultiLineString", "coordinates": [ [ [ 418723.506036381935701, 7624661.037075661122799 ], [ 418755.924229578231461, 7624650.196970077231526 ], [ 418782.131430151988752, 7624640.818442970514297 ], [ 418815.063667242415249, 7624628.151685891672969 ], [ 418841.513713139807805, 7624617.187769681215286 ], [ 418868.02237669803435, 7624605.41890780068934 ], [ 418894.588103812129702, 7624592.767366664484143 ], [ 418921.316986696561798, 7624579.06496012955904 ], [ 418941.416831447510049, 7624568.027072727680206 ], [ 418961.503581829776522, 7624556.282716613262892 ], [ 418981.52272527909372, 7624543.7781942486763 ], [ 419001.41725771210622, 7624530.454383857548237 ], [ 419021.122939840133768, 7624516.249156061559916 ], [ 419040.568910285190213, 7624501.096704166382551 ], [ 419059.675549944979139, 7624484.928678138181567 ], [ 419078.353113748307806, 7624467.675155749544501 ], [ 419091.697804744879249, 7624454.29774481151253 ] ] ] } },
{ "type": "Feature", "properties": { "fid": 580.0, "COMPR_M": 424.04, "CLASSE": "03 - Média", "CD_FAZ": "403206", "TALHOES": "2", "FAZ_tAL": "403206002", "ID_LINHA": 194596 }, "geometry": { "type": "MultiLineString", "coordinates": [ [ [ 418723.722751460620202, 7624657.812547083944082 ], [ 418754.940970613795798, 7624647.362670921720564 ], [ 418781.092264116276056, 7624638.004158966243267 ], [ 418813.94780384330079, 7624625.366919524036348 ], [ 418840.331407638615929, 7624614.430553574115038 ], [ 418866.769502674462274, 7624602.693030660971999 ], [ 418893.260287211916875, 7624590.077195113524795 ], [ 418919.90638717636466, 7624576.417251501232386 ], [ 418939.938512429129332, 7624565.416564451530576 ], [ 418959.952638533140998, 7624553.714684562757611 ], [ 418979.894215512496885, 7624541.258629163727164 ], [ 418999.706240912084468, 7624527.990095218643546 ], [ 419019.32461505907122, 7624513.847828050144017 ], [ 419038.6787443816429, 7624498.766966069117188 ], [ 419057.689446011499967, 7624482.680153293535113 ], [ 419076.267605030385312, 7624465.518491609022021 ], [ 419089.625494853418786, 7624452.123892745003104 ] ] ] } },
{ "type": "Feature", "properties": { "fid": 581.0, "COMPR_M": 421.49, "CLASSE": "03 - Média", "CD_FAZ": "403206", "TALHOES": "2", "FAZ_tAL": "403206002", "ID_LINHA": 194597 }, "geometry": { "type": "MultiLineString", "coordinates": [ [ [ 418723.939466540236026, 7624654.588018517941236 ], [ 418753.95771164848702, 7624644.52837177272886 ], [ 418786.596042526827659, 7624632.754612429998815 ], [ 418812.831940441275947, 7624622.582153155468404 ], [ 418839.149102139868774, 7624611.67333746701479 ], [ 418865.516628644545563, 7624599.967153534293175 ], [ 418891.932470611936878, 7624587.387023562565446 ], [ 418918.495787663501687, 7624573.769542869180441 ], [ 418938.460193421808071, 7624562.80605616979301 ], [ 418958.401695239299443, 7624551.146652503870428 ], [ 418978.265705743804574, 7624538.739064065739512 ], [ 418997.995224111829884, 7624525.525806584395468 ], [ 419017.526290280977264, 7624511.446500030346215 ], [ 419036.788578475185204, 7624496.437227981165051 ], [ 419055.703342082793824, 7624480.43162845633924 ], [ 419074.182096318458207, 7624463.361827460117638 ], [ 419087.553184969292488, 7624449.950040666386485 ] ] ] } },
{ "type": "Feature", "properties": { "fid": 582.0, "COMPR_M": 418.95, "CLASSE": "03 - Média", "CD_FAZ": "403206", "TALHOES": "2", "FAZ_tAL": "403206002", "ID_LINHA": 194598 }, "geometry": { "type": "MultiLineString", "coordinates": [ [ [ 418724.156181623518933, 7624651.363489938899875 ], [ 418752.974452681082767, 7624641.694072609767318 ], [ 418785.542128436267376, 7624629.945817600935698 ], [ 418811.716077046236023, 7624619.797386778518558 ], [ 418837.9667966470588, 7624608.916121345944703 ], [ 418864.263754624349531, 7624597.241276396438479 ], [ 418890.604654010792729, 7624584.696852019988 ], [ 418917.085188138007652, 7624571.121834242716432 ], [ 418936.981874405755661, 7624560.195547893643379 ], [ 418956.850751952035353, 7624548.57862046174705 ], [ 418976.637195973540656, 7624536.219498978927732 ], [ 418996.284207312040962, 7624523.061517952010036 ], [ 419015.727965501602739, 7624509.045172020792961 ], [ 419034.898412569193169, 7624494.107489887624979 ], [ 419053.717238146928139, 7624478.183103626593947 ], [ 419072.096587613166776, 7624461.205163318663836 ], [ 419085.480875081731938, 7624447.776188597083092 ] ] ] } },
{ "type": "Feature", "properties": { "fid": 583.0, "COMPR_M": 416.4, "CLASSE": "03 - Média", "CD_FAZ": "403206", "TALHOES": "2", "FAZ_tAL": "403206002", "ID_LINHA": 194599 }, "geometry": { "type": "MultiLineString", "coordinates": [ [ [ 418724.372896700457204, 7624648.138961374759674 ], [ 418751.991193714842666, 7624638.859773451462388 ], [ 418784.488214345008601, 7624627.137022769078612 ], [ 418810.600213647587225, 7624617.012620408087969 ], [ 418836.784491146099754, 7624606.158905242569745 ], [ 418863.010880596470088, 7624594.515399273484945 ], [ 418889.27683740737848, 7624582.006680468097329 ], [ 418915.67458861914929, 7624568.474125614389777 ], [ 418935.503555391449481, 7624557.585039624944329 ], [ 418955.299808648473118, 7624546.010588407516479 ], [ 418975.008686201123055, 7624533.69993388839066 ], [ 418994.573190524650272, 7624520.59722931496799 ], [ 419013.929640724556521, 7624506.643844006583095 ], [ 419033.008246672805399, 7624491.777751782909036 ], [ 419051.731134208093863, 7624475.934578780084848 ], [ 419070.011078904033639, 7624459.048499169759452 ], [ 419083.408565192832612, 7624445.602336520329118 ] ] ] } },
{ "type": "Feature", "properties": { "fid": 584.0, "COMPR_M": 413.86, "CLASSE": "03 - Média", "CD_FAZ": "403206", "TALHOES": "2", "FAZ_tAL": "403206002", "ID_LINHA": 194600 }, "geometry": { "type": "MultiLineString", "coordinates": [ [ [ 418724.589611781062558, 7624644.914432797580957 ], [ 418757.479027622845024, 7624633.763475220650434 ], [ 418783.434300252469257, 7624624.328227946534753 ], [ 418809.484350244631059, 7624614.227854042313993 ], [ 418835.60218564979732, 7624603.401689126156271 ], [ 418861.75800656969659, 7624591.78952213563025 ], [ 418887.949020815314725, 7624579.316508915275335 ], [ 418914.26398910820717, 7624565.826416995376348 ], [ 418934.025236378365662, 7624554.974531339481473 ], [ 418953.74886536138365, 7624543.442556358873844 ], [ 418973.380176437727641, 7624531.180368788540363 ], [ 418992.862173724512104, 7624518.132940676063299 ], [ 419012.13131593586877, 7624504.242515997961164 ], [ 419031.118080764310434, 7624489.448013696819544 ], [ 419049.745030272053555, 7624473.686053942888975 ], [ 419067.925570191582665, 7624456.891835025511682 ], [ 419081.336255302012432, 7624443.428484441712499 ] ] ] } },
{ "type": "Feature", "properties": { "fid": 585.0, "COMPR_M": 411.31, "CLASSE": "03 - Média", "CD_FAZ": "403206", "TALHOES": "2", "FAZ_tAL": "403206002", "ID_LINHA": 194601 }, "geometry": { "type": "MultiLineString", "coordinates": [ [ [ 418724.80649833579082, 7624641.687352880835533 ], [ 418756.482262357254513, 7624630.933897254057229 ], [ 418782.380386170523707, 7624621.519433109089732 ], [ 418808.368486848543398, 7624611.443087674677372 ], [ 418834.419880147965159, 7624600.644473010674119 ], [ 418860.505132543854415, 7624589.063645001500845 ], [ 418886.62120421032887, 7624576.626337362453341 ], [ 418912.85338958480861, 7624563.178708357736468 ], [ 418932.54691736435052, 7624552.364023074507713 ], [ 418952.197922068473417, 7624540.874524314887822 ], [ 418971.75166666158475, 7624528.660803695209324 ], [ 418991.151156924199313, 7624515.668652037158608 ], [ 419010.332991159288213, 7624501.841187974438071 ], [ 419029.227914865477942, 7624487.118275595828891 ], [ 419047.758926341484766, 7624471.437529111281037 ], [ 419065.840061475231778, 7624454.735170885920525 ], [ 419079.263945405138656, 7624441.25463237054646 ] ] ] } },
{ "type": "Feature", "properties": { "fid": 586.0, "COMPR_M": 408.76, "CLASSE": "03 - Média", "CD_FAZ": "403206", "TALHOES": "2", "FAZ_tAL": "403206002", "ID_LINHA": 194602 }, "geometry": { "type": "MultiLineString", "coordinates": [ [ [ 418725.023582708847243, 7624638.457329517230392 ], [ 418755.485497083573136, 7624628.104319293051958 ], [ 418781.326472077402286, 7624618.710638282820582 ], [ 418807.252623448264785, 7624608.658321306109428 ], [ 418833.237574649450835, 7624597.887256897985935 ], [ 418859.252258520398755, 7624586.337767869234085 ], [ 418885.293387616053224, 7624573.936165821738541 ], [ 418911.442790069326293, 7624560.530999727547169 ], [ 418931.068598354177084, 7624549.753514787182212 ], [ 418950.646978769800626, 7624538.306492259725928 ], [ 418970.12315689312527, 7624526.141238613985479 ], [ 418989.440140124992467, 7624513.20436339545995 ], [ 419008.534666382882278, 7624499.439859967678785 ], [ 419027.337748965714127, 7624484.788537504151464 ], [ 419045.772822404571343, 7624469.189004265703261 ], [ 419063.754552764235996, 7624452.578506739810109 ], [ 419077.191635518101975, 7624439.080780299380422 ] ] ] } },
{ "type": "Feature", "properties": { "fid": 587.0, "COMPR_M": 406.22, "CLASSE": "03 - Média", "CD_FAZ": "403206", "TALHOES": "2", "FAZ_tAL": "403206002", "ID_LINHA": 194603 }, "geometry": { "type": "MultiLineString", "coordinates": [ [ [ 418725.240667085337918, 7624635.22730615362525 ], [ 418754.488731803256087, 7624625.27474132552743 ], [ 418780.272557984339073, 7624615.901843452826142 ], [ 418806.136760044435505, 7624605.873554928228259 ], [ 418832.055269154720008, 7624595.130040784366429 ], [ 418857.999384497932624, 7624583.611890736967325 ], [ 418883.965571008971892, 7624571.245994267985225 ], [ 418910.03219054848887, 7624557.883291106671095 ], [ 418929.590279333933722, 7624547.143006507307291 ], [ 418949.096035475726239, 7624535.73846021015197 ], [ 418968.494647121871822, 7624523.621673518791795 ], [ 418987.729123324912507, 7624510.740074761211872 ], [ 419006.73634159687208, 7624497.038531946949661 ], [ 419025.447583055123687, 7624482.458799408748746 ], [ 419043.786718471790664, 7624466.940479428507388 ], [ 419061.669044060516171, 7624450.421842597424984 ], [ 419075.119325629784726, 7624436.90692822355777 ] ] ] } },
{ "type": "Feature", "properties": { "fid": 588.0, "COMPR_M": 403.67, "CLASSE": "03 - Média", "CD_FAZ": "403206", "TALHOES": "2", "FAZ_tAL": "403206002", "ID_LINHA": 194604 }, "geometry": { "type": "MultiLineString", "coordinates": [ [ [ 418725.457751453912351, 7624631.997282801195979 ], [ 418779.218643901171163, 7624613.09304862190038 ], [ 418805.020896648755297, 7624603.08878855779767 ], [ 418830.872963653993793, 7624592.372824674472213 ], [ 418856.746510477154516, 7624580.88601360656321 ], [ 418882.637754413182847, 7624568.555822713300586 ], [ 418908.621591027709655, 7624555.235582482069731 ], [ 418928.111960324691609, 7624544.532498237676919 ], [ 418947.545092186424881, 7624533.170428162440658 ], [ 418966.866137358301785, 7624521.102108422666788 ], [ 418986.01810653519351, 7624508.27578613255173 ], [ 419004.938016820990015, 7624494.637203931808472 ], [ 419023.557417152856942, 7624480.129061320796609 ], [ 419041.800614535983186, 7624464.691954585723579 ], [ 419059.583535343059339, 7624448.265178453177214 ], [ 419073.047015737334732, 7624434.733076155185699 ] ] ] } },
{ "type": "Feature", "properties": { "fid": 589.0, "COMPR_M": 401.12, "CLASSE": "03 - Média", "CD_FAZ": "403206", "TALHOES": "2", "FAZ_tAL": "403206002", "ID_LINHA": 194605 }, "geometry": { "type": "MultiLineString", "coordinates": [ [ [ 418725.674835825979244, 7624628.767259447835386 ], [ 418778.164729807525873, 7624610.284253786318004 ], [ 418803.905033248185646, 7624600.304022191092372 ], [ 418829.690658157749567, 7624589.615608564577997 ], [ 418855.493636447470635, 7624578.160136478021741 ], [ 418881.309937816404272, 7624565.865651171654463 ], [ 418907.210991514206398, 7624552.587873853743076 ], [ 418926.63364130735863, 7624541.921989960595965 ], [ 418945.994148892641533, 7624530.602396106347442 ], [ 418965.237627583963331, 7624518.582543337717652 ], [ 418984.307089735404588, 7624505.811497490853071 ], [ 419003.139692036726046, 7624492.235875925049186 ], [ 419021.667251249717083, 7624477.799323217011988 ], [ 419039.814510601572692, 7624462.443429754115641 ], [ 419057.498026631597895, 7624446.108514308929443 ], [ 419070.974705852218904, 7624432.55922407656908 ] ] ] } },
{ "type": "Feature", "properties": { "fid": 590.0, "COMPR_M": 398.57, "CLASSE": "03 - Média", "CD_FAZ": "403206", "TALHOES": "2", "FAZ_tAL": "403206002", "ID_LINHA": 194606 }, "geometry": { "type": "MultiLineString", "coordinates": [ [ [ 418725.891920200141612, 7624625.537236083298922 ], [ 418757.894056249642745, 7624614.515670800581574 ], [ 418783.525162245030515, 7624605.04924562945962 ], [ 418809.216169273015112, 7624594.922402773983777 ], [ 418834.941353700938635, 7624584.076187860220671 ], [ 418879.982121217879467, 7624563.175479616969824 ], [ 418905.80039199750172, 7624549.940165221691132 ], [ 418925.155322291189805, 7624539.311481688171625 ], [ 418944.443205593561288, 7624528.034364067949355 ], [ 418963.609117817366496, 7624516.062978238798678 ], [ 418982.596072936081327, 7624503.347208857536316 ], [ 419001.341367262008134, 7624489.834547903388739 ], [ 419019.777085345005617, 7624475.469585122540593 ], [ 419037.828406663553324, 7624460.1949049141258 ], [ 419055.412517926772125, 7624443.951850162819028 ], [ 419068.902395966404583, 7624430.385372001677752 ] ] ] } },
{ "type": "Feature", "properties": { "fid": 591.0, "COMPR_M": 396.03, "CLASSE": "03 - Média", "CD_FAZ": "403206", "TALHOES": "2", "FAZ_tAL": "403206002", "ID_LINHA": 194607 }, "geometry": { "type": "MultiLineString", "coordinates": [ [ [ 418726.109362365561537, 7624622.301889223977923 ], [ 418756.883468565822113, 7624611.690999557264149 ], [ 418782.456199797044974, 7624602.246142806485295 ], [ 418808.084103338886052, 7624592.144183101132512 ], [ 418833.741777170682326, 7624581.326441291719675 ], [ 418878.654304617666639, 7624560.485308062285185 ], [ 418904.389792478061281, 7624547.292456596158445 ], [ 418923.677003286778927, 7624536.700973400846124 ], [ 418942.892262299312279, 7624525.466332008130848 ], [ 418961.98060804855777, 7624513.543413151986897 ], [ 418980.885056135943159, 7624500.882920214906335 ], [ 418999.543042479490396, 7624487.433219897560775 ], [ 419017.886919450596906, 7624473.139847028069198 ], [ 419035.842302730306983, 7624457.946380071341991 ], [ 419053.327009208151139, 7624441.795186018571258 ], [ 419066.83008607593365, 7624428.211519924923778 ] ] ] } },
{ "type": "Feature", "properties": { "fid": 592.0, "COMPR_M": 393.48, "CLASSE": "03 - Média", "CD_FAZ": "403206", "TALHOES": "2", "FAZ_tAL": "403206002", "ID_LINHA": 194608 }, "geometry": { "type": "MultiLineString", "coordinates": [ [ [ 418726.326832053484395, 7624619.066132660955191 ], [ 418755.872880878043361, 7624608.866328313946724 ], [ 418781.387237363262102, 7624599.443039984442294 ], [ 418806.952037404465955, 7624589.365963417105377 ], [ 418832.542200629133731, 7624578.576694717630744 ], [ 418877.326488018210512, 7624557.795136516913772 ], [ 418902.979192956059705, 7624544.644747966900468 ], [ 418922.19868427090114, 7624534.090465128421783 ], [ 418941.341319009719882, 7624522.89829995855689 ], [ 418960.352098276256584, 7624511.023848062381148 ], [ 418979.174039335513953, 7624498.418631587177515 ], [ 418997.744717695342842, 7624485.031891877762973 ], [ 419015.996753544663079, 7624470.810108937323093 ], [ 419033.856198801193386, 7624455.697855236008763 ], [ 419051.241500506759621, 7624439.638521868735552 ], [ 419064.757776183425449, 7624426.037667857483029 ] ] ] } },
{ "type": "Feature", "properties": { "fid": 593.0, "COMPR_M": 390.93, "CLASSE": "03 - Média", "CD_FAZ": "403206", "TALHOES": "2", "FAZ_tAL": "403206002", "ID_LINHA": 194609 }, "geometry": { "type": "MultiLineString", "coordinates": [ [ [ 418726.544301743851975, 7624615.830376097932458 ], [ 418780.318274923309218, 7624596.639937166124582 ], [ 418805.819971470744349, 7624586.587743751704693 ], [ 418831.342624095326755, 7624575.826948143541813 ], [ 418875.998671417124569, 7624555.10496496129781 ], [ 418901.568593441392295, 7624541.997039334848523 ], [ 418920.720365258806851, 7624531.479956854134798 ], [ 418939.79037571430672, 7624520.330267908982933 ], [ 418958.723588503082283, 7624508.504282971844077 ], [ 418977.463022546842694, 7624495.954342940822244 ], [ 418995.946392923942767, 7624482.630563864484429 ], [ 419014.106587638554629, 7624468.480370845645666 ], [ 419031.870094866375439, 7624453.44933039881289 ], [ 419049.155991790234111, 7624437.481857722625136 ], [ 419062.685466288239695, 7624423.863815786316991 ] ] ] } },
{ "type": "Feature", "properties": { "fid": 594.0, "COMPR_M": 388.38, "CLASSE": "03 - Média", "CD_FAZ": "403206", "TALHOES": "2", "FAZ_tAL": "403206002", "ID_LINHA": 194610 }, "geometry": { "type": "MultiLineString", "coordinates": [ [ [ 418726.761771438119467, 7624612.594619534909725 ], [ 418779.249312486383133, 7624593.836834333837032 ], [ 418804.687905528757256, 7624583.80952407233417 ], [ 418830.143047561286949, 7624573.07720157969743 ], [ 418874.670854815572966, 7624552.414793418720365 ], [ 418900.157993924687617, 7624539.349330706521869 ], [ 418919.242046237399336, 7624528.869448572397232 ], [ 418938.239432424190454, 7624517.762235866859555 ], [ 418957.095078737009317, 7624505.984717879444361 ], [ 418975.75200574612245, 7624493.490054309368134 ], [ 418994.148068140842952, 7624480.229235856793821 ], [ 419012.216421739431098, 7624466.150632749311626 ], [ 419029.883990925853141, 7624451.200805569067597 ], [ 419047.070483079762198, 7624435.325193582102656 ], [ 419060.613156401668675, 7624421.689963711425662 ] ] ] } },
{ "type": "Feature", "properties": { "fid": 595.0, "COMPR_M": 385.83, "CLASSE": "03 - Média", "CD_FAZ": "403206", "TALHOES": "2", "FAZ_tAL": "403206002", "ID_LINHA": 194611 }, "geometry": { "type": "MultiLineString", "coordinates": [ [ [ 418726.979241134249605, 7624609.358862973749638 ], [ 418778.180350045789964, 7624591.033731520175934 ], [ 418803.555839597480372, 7624581.031304391101003 ], [ 418828.943471023230813, 7624570.327455000951886 ], [ 418854.316534892539494, 7624558.865234065800905 ], [ 418879.693494134582579, 7624546.561283050104976 ], [ 418905.092988507181872, 7624533.287377394735813 ], [ 418924.08486086683115, 7624522.641822210513055 ], [ 418942.966851526405662, 7624511.360558602958918 ], [ 418961.68365763744805, 7624499.399933742359281 ], [ 418980.176604304171633, 7624486.713211053051054 ], [ 418998.382278275152203, 7624473.251372698694468 ], [ 419016.232243203907274, 7624458.963043508119881 ], [ 419027.897886991500854, 7624448.952280720695853 ], [ 419044.984974366030656, 7624433.168529434129596 ], [ 419058.540846511081327, 7624419.516111634671688 ] ] ] } },
{ "type": "Feature", "properties": { "fid": 596.0, "COMPR_M": 383.28, "CLASSE": "03 - Média", "CD_FAZ": "403206", "TALHOES": "2", "FAZ_tAL": "403206002", "ID_LINHA": 194612 }, "geometry": { "type": "MultiLineString", "coordinates": [ [ [ 418727.196913898224011, 7624606.120084922760725 ], [ 418758.146561258821748, 7624595.29030042886734 ], [ 418783.43742425693199, 7624585.798533948138356 ], [ 418808.754051197553053, 7624575.651895686984062 ], [ 418834.072139216819778, 7624564.793149596080184 ], [ 418878.345776432601269, 7624543.881024787202477 ], [ 418903.660357344080694, 7624530.65152289159596 ], [ 418922.582880984351505, 7624520.044853293336928 ], [ 418941.390604379004799, 7624508.807977395132184 ], [ 418960.028189760807436, 7624496.897995973005891 ], [ 418978.437008081295062, 7624484.269010104238987 ], [ 418996.55382578773424, 7624470.872900835238397 ], [ 419014.310525990789756, 7624456.659257316961884 ], [ 419025.911783060000744, 7624446.70375588349998 ], [ 419042.899465660215355, 7624431.011865293607116 ], [ 419056.468536620377563, 7624417.34225956350565 ] ] ] } },
{ "type": "Feature", "properties": { "fid": 597.0, "COMPR_M": 380.72, "CLASSE": "03 - Média", "CD_FAZ": "403206", "TALHOES": "2", "FAZ_tAL": "403206002", "ID_LINHA": 194613 }, "geometry": { "type": "MultiLineString", "coordinates": [ [ [ 418727.414785409288015, 7624602.878349632024765 ], [ 418757.121838698338252, 7624592.470725731924176 ], [ 418782.353117645834573, 7624583.001330310478806 ], [ 418807.605507017520722, 7624572.880447121337056 ], [ 418832.855039804882836, 7624562.051113456487656 ], [ 418876.998058745404705, 7624541.200766524299979 ], [ 418902.227726172015537, 7624528.015668377280235 ], [ 418921.080901100474875, 7624517.447884388267994 ], [ 418939.814357230265159, 7624506.255396196618676 ], [ 418958.372721886262298, 7624494.396058204583824 ], [ 418976.697411862143781, 7624481.824809149838984 ], [ 418994.725373293971643, 7624468.494428972713649 ], [ 419012.388808768591844, 7624454.355471113696694 ], [ 419023.925679123378359, 7624444.455231053754687 ], [ 419040.813956949277781, 7624428.85520114377141 ], [ 419054.396226735669188, 7624415.168407490476966 ] ] ] } },
{ "type": "Feature", "properties": { "fid": 598.0, "COMPR_M": 378.17, "CLASSE": "03 - Média", "CD_FAZ": "403206", "TALHOES": "2", "FAZ_tAL": "403206002", "ID_LINHA": 194614 }, "geometry": { "type": "MultiLineString", "coordinates": [ [ [ 418727.632656922098249, 7624599.636614334769547 ], [ 418756.097116139251739, 7624589.651151034981012 ], [ 418781.268811031593941, 7624580.204126676544547 ], [ 418806.456962842203211, 7624570.10899855941534 ], [ 418831.637940396030899, 7624559.309077311307192 ], [ 418875.650341040047351, 7624538.520508266985416 ], [ 418900.795095001347363, 7624525.379813879728317 ], [ 418919.578921219916083, 7624514.850915472954512 ], [ 418938.238110081059858, 7624503.702814983204007 ], [ 418956.717254002811387, 7624491.894120432436466 ], [ 418974.957815646543168, 7624479.380608208477497 ], [ 418992.89692080358509, 7624466.115957109257579 ], [ 419010.467091557628009, 7624452.05168492347002 ], [ 419021.939575191005133, 7624442.206706207245588 ], [ 419038.728448234382086, 7624426.698537001386285 ], [ 419052.323916848283261, 7624412.994555417448282 ] ] ] } },
{ "type": "Feature", "properties": { "fid": 599.0, "COMPR_M": 375.62, "CLASSE": "03 - Média", "CD_FAZ": "403206", "TALHOES": "2", "FAZ_tAL": "403206002", "ID_LINHA": 194615 }, "geometry": { "type": "MultiLineString", "coordinates": [ [ [ 418727.850528437120374, 7624596.394879049621522 ], [ 418780.18450442730682, 7624577.406923037022352 ], [ 418805.308418670902029, 7624567.337549993768334 ], [ 418830.420840990380384, 7624556.567041161470115 ], [ 418874.302623349474743, 7624535.840250005945563 ], [ 418899.362463834229857, 7624522.743959372863173 ], [ 418918.076941346400417, 7624512.253946572542191 ], [ 418936.661862941808067, 7624501.150233780033886 ], [ 418955.061786122038029, 7624489.392182663083076 ], [ 418973.218219424888957, 7624476.936407251283526 ], [ 418991.068468306795694, 7624463.737485244870186 ], [ 419008.545374338864349, 7624449.74789872020483 ], [ 419019.953471253567841, 7624439.95818136818707 ], [ 419036.642939525423571, 7624424.54187286272645 ], [ 419050.251606958219782, 7624410.820703336037695 ] ] ] } },
{ "type": "Feature", "properties": { "fid": 600.0, "COMPR_M": 373.07, "CLASSE": "03 - Média", "CD_FAZ": "403206", "TALHOES": "2", "FAZ_tAL": "403206002", "ID_LINHA": 194616 }, "geometry": { "type": "MultiLineString", "coordinates": [ [ [ 418728.068399947253056, 7624593.153143762610853 ], [ 418779.100197810621466, 7624574.609719399362803 ], [ 418804.159874486504123, 7624564.566101433709264 ], [ 418829.203741586359683, 7624553.825005019083619 ], [ 418872.954905651975423, 7624533.159991752356291 ], [ 418897.929832658730447, 7624520.108104857616127 ], [ 418916.574961459147744, 7624509.656977658160031 ], [ 418935.085615790158045, 7624498.597652565687895 ], [ 418953.40631824277807, 7624486.890244896523654 ], [ 418971.47862320614513, 7624474.492206302471459 ], [ 418989.240015812159982, 7624461.359013384208083 ], [ 419006.623657120100688, 7624447.444112531840801 ], [ 419017.967367320903577, 7624437.709656536579132 ], [ 419034.557430814020336, 7624422.38520871847868 ], [ 419048.17929706547875, 7624408.646851265802979 ] ] ] } },
{ "type": "Feature", "properties": { "fid": 601.0, "COMPR_M": 370.52, "CLASSE": "03 - Média", "CD_FAZ": "403206", "TALHOES": "2", "FAZ_tAL": "403206002", "ID_LINHA": 194617 }, "geometry": { "type": "MultiLineString", "coordinates": [ [ [ 418728.286353553412482, 7624589.910187095403671 ], [ 418778.015891201910563, 7624571.812515769153833 ], [ 418803.011330316017848, 7624561.794652869924903 ], [ 418827.986642176285386, 7624551.08296887204051 ], [ 418871.607187958143186, 7624530.479733483865857 ], [ 418896.497201494523324, 7624517.472250359132886 ], [ 418915.07298158633057, 7624507.060008749365807 ], [ 418933.509368648403324, 7624496.045071358792484 ], [ 418951.750850367010571, 7624484.388307126238942 ], [ 418969.739026992407162, 7624472.048005350865424 ], [ 418987.411563324159943, 7624458.980541521683335 ], [ 419004.701939902792219, 7624445.140326332300901 ], [ 419015.981263392488472, 7624435.461131691932678 ], [ 419032.471922098658979, 7624420.228544566780329 ], [ 419046.106987171398941, 7624406.472999192774296 ] ] ] } },
{ "type": "Feature", "properties": { "fid": 602.0, "COMPR_M": 367.96, "CLASSE": "03 - Média", "CD_FAZ": "403206", "TALHOES": "2", "FAZ_tAL": "403206002", "ID_LINHA": 194618 }, "geometry": { "type": "MultiLineString", "coordinates": [ [ [ 418728.504643869353458, 7624586.662220309488475 ], [ 418776.931584590114653, 7624569.015312131494284 ], [ 418801.862786140351091, 7624559.023204310797155 ], [ 418826.769542768597603, 7624548.340932732447982 ], [ 418870.259470258664805, 7624527.799475222826004 ], [ 418895.064570322050713, 7624514.836395852267742 ], [ 418913.57100170099875, 7624504.463039841502905 ], [ 418931.933121496229433, 7624493.492490150034428 ], [ 418950.095382480823901, 7624481.886369358748198 ], [ 418967.999430771160405, 7624469.603804396465421 ], [ 418985.583110827836208, 7624456.602069661021233 ], [ 419002.78022268746281, 7624442.836540140211582 ], [ 419013.995159458310809, 7624433.21260685287416 ], [ 419030.386413390049711, 7624418.071880419738591 ], [ 419044.034677283896599, 7624404.299147116951644 ] ] ] } },
{ "type": "Feature", "properties": { "fid": 603.0, "COMPR_M": 365.41, "CLASSE": "03 - Média", "CD_FAZ": "403206", "TALHOES": "2", "FAZ_tAL": "403206002", "ID_LINHA": 194619 }, "geometry": { "type": "MultiLineString", "coordinates": [ [ [ 418728.722934196586721, 7624583.414253525435925 ], [ 418775.847277975757606, 7624566.218108497560024 ], [ 418800.714241960144136, 7624556.251755748875439 ], [ 418825.552443362714257, 7624545.598896587267518 ], [ 418868.911752562096808, 7624525.119216969236732 ], [ 418893.631939153012354, 7624512.200541347265244 ], [ 418912.069021821487695, 7624501.866070924326777 ], [ 418930.356874352670275, 7624490.939908952452242 ], [ 418948.439914598828182, 7624479.384431585669518 ], [ 418966.259834543685429, 7624467.159603454172611 ], [ 418983.754658345482312, 7624454.22359779663384 ], [ 419000.858505472249817, 7624440.532753944396973 ], [ 419012.009055518370587, 7624430.964082019403577 ], [ 419028.300904686679132, 7624415.915216278284788 ], [ 419041.962367393658496, 7624402.125295050442219 ] ] ] } },
{ "type": "Feature", "properties": { "fid": 604.0, "COMPR_M": 362.85, "CLASSE": "03 - Média", "CD_FAZ": "403206", "TALHOES": "2", "FAZ_tAL": "403206002", "ID_LINHA": 194620 }, "geometry": { "type": "MultiLineString", "coordinates": [ [ [ 418728.941224518639501, 7624580.166286747902632 ], [ 418756.15227910480462, 7624570.461342828348279 ], [ 418780.965545664657839, 7624560.996765563264489 ], [ 418824.335343960556202, 7624542.856860440224409 ], [ 418867.56403486977797, 7624522.438958710059524 ], [ 418892.199307985487394, 7624509.564686836674809 ], [ 418910.567041945992969, 7624499.269102016463876 ], [ 418928.780627209926024, 7624488.387327739968896 ], [ 418946.784446718287654, 7624476.882493812590837 ], [ 418964.520238330471329, 7624464.715402506291866 ], [ 418981.926205847412348, 7624451.845125933177769 ], [ 419010.022951584600378, 7624428.715557185932994 ], [ 419026.215395970852114, 7624413.758552129380405 ], [ 419039.890057501557749, 7624399.951442964375019 ] ] ] } },
{ "type": "Feature", "properties": { "fid": 605.0, "COMPR_M": 360.3, "CLASSE": "03 - Média", "CD_FAZ": "403206", "TALHOES": "2", "FAZ_tAL": "403206002", "ID_LINHA": 194621 }, "geometry": { "type": "MultiLineString", "coordinates": [ [ [ 418729.159514841507189, 7624576.918319962918758 ], [ 418779.865603761165403, 7624558.205672634765506 ], [ 418823.118244551005773, 7624540.114824295975268 ], [ 418866.216317171230912, 7624519.758700450882316 ], [ 418890.766676819475833, 7624506.928832339122891 ], [ 418909.065062067762483, 7624496.672133103013039 ], [ 418927.204380063922144, 7624485.83474653866142 ], [ 418945.128978839842603, 7624474.380556045100093 ], [ 418962.780642111087218, 7624462.271201556548476 ], [ 418980.097753352834843, 7624449.466654071584344 ], [ 419008.036847654439043, 7624426.467032346874475 ], [ 419024.129887259099633, 7624411.601887987926602 ], [ 419037.817747616616543, 7624397.777590890415013 ] ] ] } },
{ "type": "Feature", "properties": { "fid": 606.0, "COMPR_M": 357.75, "CLASSE": "03 - Média", "CD_FAZ": "403206", "TALHOES": "2", "FAZ_tAL": "403206002", "ID_LINHA": 194622 }, "geometry": { "type": "MultiLineString", "coordinates": [ [ [ 418729.377805727010127, 7624573.670344701036811 ], [ 418778.765661847079173, 7624555.414579711854458 ], [ 418821.901145143201575, 7624537.372788149863482 ], [ 418864.868599475652445, 7624517.078442186117172 ], [ 418889.334045646362938, 7624504.292977834120393 ], [ 418907.563082184875384, 7624494.075164200738072 ], [ 418925.628132918674964, 7624483.282165333628654 ], [ 418943.473510962969158, 7624471.878618273884058 ], [ 418961.041045895952266, 7624459.827000604942441 ], [ 418978.269300861749798, 7624447.088182207196951 ], [ 419006.05074371851515, 7624424.218507504090667 ], [ 419022.044378544727806, 7624409.445223849266768 ], [ 419035.74543772963807, 7624395.603738825768232 ] ] ] } },
{ "type": "Feature", "properties": { "fid": 607.0, "COMPR_M": 355.19, "CLASSE": "03 - Média", "CD_FAZ": "403206", "TALHOES": "2", "FAZ_tAL": "403206002", "ID_LINHA": 194623 }, "geometry": { "type": "MultiLineString", "coordinates": [ [ [ 418729.596532344585285, 7624570.415886184200644 ], [ 418777.665719946031459, 7624552.623486789874732 ], [ 418820.684045738482382, 7624534.630751999095082 ], [ 418863.520881773787551, 7624514.398183928802609 ], [ 418887.901414474181365, 7624501.657123320735991 ], [ 418906.06110229738988, 7624491.47819528914988 ], [ 418924.051885774824768, 7624480.729584127664566 ], [ 418941.818043078295887, 7624469.376680504530668 ], [ 418959.301449672784656, 7624457.382799649611115 ], [ 418976.440848374681082, 7624444.709710346534848 ], [ 419004.064639777527191, 7624421.969982668757439 ], [ 419019.958869838388637, 7624407.288559705018997 ], [ 419033.673127839399967, 7624393.429886745288968 ] ] ] } },
{ "type": "Feature", "properties": { "fid": 608.0, "COMPR_M": 352.63, "CLASSE": "03 - Média", "CD_FAZ": "403206", "TALHOES": "2", "FAZ_tAL": "403206002", "ID_LINHA": 194624 }, "geometry": { "type": "MultiLineString", "coordinates": [ [ [ 418729.815258973336313, 7624567.161427656188607 ], [ 418776.565778037067503, 7624549.832393858581781 ], [ 418801.100922233541496, 7624539.832811011001468 ], [ 418825.580415755859576, 7624529.151566952466965 ], [ 418868.259778725274373, 7624508.628648830577731 ], [ 418904.559122425678652, 7624488.881226378493011 ], [ 418922.475638627191074, 7624478.177002919837832 ], [ 418940.162575195776299, 7624466.874742738902569 ], [ 418957.56185345450649, 7624454.938598703593016 ], [ 418974.612395880511031, 7624442.3312384840101 ], [ 419002.078535840089899, 7624419.721457827836275 ], [ 419017.873361125472002, 7624405.131895553320646 ], [ 419031.600817946426105, 7624391.256034673191607 ] ] ] } },
{ "type": "Feature", "properties": { "fid": 609.0, "COMPR_M": 350.08, "CLASSE": "03 - Média", "CD_FAZ": "403206", "TALHOES": "2", "FAZ_tAL": "403206002", "ID_LINHA": 194625 }, "geometry": { "type": "MultiLineString", "coordinates": [ [ [ 418730.033985585323535, 7624563.906969139352441 ], [ 418757.086448012443725, 7624554.108357183635235 ], [ 418781.587765257107094, 7624544.608694791793823 ], [ 418824.345548233832233, 7624526.41748602502048 ], [ 418866.891632585378829, 7624505.958759079687297 ], [ 418903.057142539415509, 7624486.284257469698787 ], [ 418920.899391480255872, 7624475.624421709217131 ], [ 418938.507107326004189, 7624464.372804969549179 ], [ 418955.822257230000105, 7624452.494397755712271 ], [ 418972.783943391172215, 7624439.952766621485353 ], [ 418989.328202169970609, 7624426.710036771371961 ], [ 419005.387091475422494, 7624412.727446991950274 ], [ 419015.787852411391214, 7624402.975231406278908 ], [ 419029.528508051531389, 7624389.082182597368956 ] ] ] } },
{ "type": "Feature", "properties": { "fid": 610.0, "COMPR_M": 347.52, "CLASSE": "03 - Média", "CD_FAZ": "403206", "TALHOES": "2", "FAZ_tAL": "403206002", "ID_LINHA": 194626 }, "geometry": { "type": "MultiLineString", "coordinates": [ [ [ 418730.252712208544835, 7624560.652510611340404 ], [ 418780.47190186282387, 7624541.823928421363235 ], [ 418823.11068071826594, 7624523.68340508826077 ], [ 418865.523486443213187, 7624503.288869332522154 ], [ 418889.604379696131218, 7624490.455033648759127 ], [ 418907.500985089456663, 7624480.211811170913279 ], [ 418925.195365033694543, 7624469.4049166245386 ], [ 418942.631315313978121, 7624458.001220093108714 ], [ 418970.955490894033574, 7624437.574294758960605 ], [ 418987.406484953942709, 7624424.406250577419996 ], [ 419003.368201399687678, 7624410.508307645097375 ], [ 419013.702343701967038, 7624400.818567264825106 ], [ 419027.456198163796216, 7624386.908330529928207 ] ] ] } },
{ "type": "Feature", "properties": { "fid": 611.0, "COMPR_M": 344.96, "CLASSE": "03 - Média", "CD_FAZ": "403206", "TALHOES": "2", "FAZ_tAL": "403206002", "ID_LINHA": 194627 }, "geometry": { "type": "MultiLineString", "coordinates": [ [ [ 418730.471438834851142, 7624557.398052094504237 ], [ 418779.356038464873563, 7624539.039162055589259 ], [ 418821.875813199731056, 7624520.949324157088995 ], [ 418864.155340299592353, 7624500.618979578837752 ], [ 418888.149176215461921, 7624487.831571541726589 ], [ 418905.974797435395885, 7624477.628992290236056 ], [ 418923.593263098387979, 7624466.868480509147048 ], [ 418940.948343428142834, 7624455.517696989700198 ], [ 418969.127038401085883, 7624435.195822893641889 ], [ 418985.484767728834413, 7624422.102464371360838 ], [ 419001.349311318714172, 7624408.289168298244476 ], [ 419011.61683498864295, 7624398.66190311871469 ], [ 419025.383888274780475, 7624384.734478460624814 ] ] ] } },
{ "type": "Feature", "properties": { "fid": 612.0, "COMPR_M": 342.4, "CLASSE": "03 - Média", "CD_FAZ": "403206", "TALHOES": "2", "FAZ_tAL": "403206002", "ID_LINHA": 194628 }, "geometry": { "type": "MultiLineString", "coordinates": [ [ [ 418730.690584275114816, 7624554.137361777946353 ], [ 418778.240175062732305, 7624536.254395687952638 ], [ 418820.640945688879583, 7624518.21524322964251 ], [ 418862.787194154341705, 7624497.949089827015996 ], [ 418886.693972741661128, 7624485.208109446801245 ], [ 418904.4486097820336, 7624475.046173417940736 ], [ 418921.991161166981328, 7624464.332044396549463 ], [ 418939.265371549292468, 7624453.034173874184489 ], [ 418967.298585911514238, 7624432.817351032048464 ], [ 418983.56305051560048, 7624419.798678178340197 ], [ 418999.330421243736055, 7624406.070028949528933 ], [ 419009.531326283293311, 7624396.505238972604275 ], [ 419023.311578392342199, 7624382.560626376420259 ] ] ] } },
{ "type": "Feature", "properties": { "fid": 613.0, "COMPR_M": 339.84, "CLASSE": "03 - Média", "CD_FAZ": "403206", "TALHOES": "2", "FAZ_tAL": "403206002", "ID_LINHA": 194629 }, "geometry": { "type": "MultiLineString", "coordinates": [ [ [ 418730.909765206626616, 7624550.876143554225564 ], [ 418777.124311656923965, 7624533.469629319384694 ], [ 418801.315326177165844, 7624523.44242187961936 ], [ 418825.42465985682793, 7624512.739085303619504 ], [ 418867.39373284613248, 7624492.188270008191466 ], [ 418902.922422127448954, 7624472.463354542851448 ], [ 418920.38905924023129, 7624461.795608278363943 ], [ 418937.582399676786736, 7624450.550650767982006 ], [ 418965.470133415481541, 7624430.438879169523716 ], [ 418981.641333302424755, 7624417.494891986250877 ], [ 418997.311531173239928, 7624403.850889610126615 ], [ 419007.44581757276319, 7624394.348574826493859 ], [ 419021.23926849727286, 7624380.386774309910834 ] ] ] } },
{ "type": "Feature", "properties": { "fid": 614.0, "COMPR_M": 337.28, "CLASSE": "03 - Média", "CD_FAZ": "403206", "TALHOES": "2", "FAZ_tAL": "403206002", "ID_LINHA": 194630 }, "geometry": { "type": "MultiLineString", "coordinates": [ [ [ 418731.128946131153498, 7624547.614925314672291 ], [ 418757.870063719630707, 7624537.774777863174677 ], [ 418782.04658686806215, 7624528.245130555704236 ], [ 418824.171785834420007, 7624510.013208168558776 ], [ 418866.004627249028999, 7624489.529223376885056 ], [ 418901.396234465646558, 7624469.880535663105547 ], [ 418918.786957305623218, 7624459.259172162972391 ], [ 418935.899427789496258, 7624448.067127658054233 ], [ 418963.641680924978573, 7624428.060407306998968 ], [ 418979.719616081449203, 7624415.191105793230236 ], [ 418995.29264110152144, 7624401.631750260479748 ], [ 419005.360308859613724, 7624392.191910682246089 ], [ 419019.166958610177971, 7624378.212922230362892 ] ] ] } },
{ "type": "Feature", "properties": { "fid": 615.0, "COMPR_M": 334.73, "CLASSE": "03 - Média", "CD_FAZ": "403206", "TALHOES": "2", "FAZ_tAL": "403206002", "ID_LINHA": 194631 }, "geometry": { "type": "MultiLineString", "coordinates": [ [ [ 418731.348127065808512, 7624544.35370709002018 ], [ 418780.914520931022707, 7624525.466910881921649 ], [ 418822.918911812303122, 7624507.287331042811275 ], [ 418864.615521663799882, 7624486.870176734402776 ], [ 418899.870046812517103, 7624467.297716781497002 ], [ 418917.184855374274775, 7624456.72273604106158 ], [ 418934.216455909190699, 7624445.583604548126459 ], [ 418961.813228437211365, 7624425.681935446336865 ], [ 418977.797898861928843, 7624412.887319589965045 ], [ 418993.273751022526994, 7624399.412610910832882 ], [ 419003.274800152517855, 7624390.035246540792286 ], [ 419017.094648719066754, 7624376.039070159196854 ] ] ] } },
{ "type": "Feature", "properties": { "fid": 616.0, "COMPR_M": 332.17, "CLASSE": "03 - Média", "CD_FAZ": "403206", "TALHOES": "2", "FAZ_tAL": "403206002", "ID_LINHA": 194632 }, "geometry": { "type": "MultiLineString", "coordinates": [ [ [ 418731.567307993536815, 7624541.092488864436746 ], [ 418779.782454996253364, 7624522.688691204413772 ], [ 418821.666037780698389, 7624504.561453910544515 ], [ 418863.226416071061976, 7624484.211130101233721 ], [ 418898.343859160784632, 7624464.714897908270359 ], [ 418915.582753447524738, 7624454.186299923807383 ], [ 418932.533484034589492, 7624443.100081438198686 ], [ 418959.984775941702537, 7624423.303463581949472 ], [ 418975.876181652944069, 7624410.583533398807049 ], [ 418991.25486094946973, 7624397.193471558392048 ], [ 419001.189291441580281, 7624387.878582393750548 ], [ 419015.022338827315252, 7624373.865218084305525 ] ] ] } },
{ "type": "Feature", "properties": { "fid": 617.0, "COMPR_M": 329.6, "CLASSE": "03 - Média", "CD_FAZ": "403206", "TALHOES": "2", "FAZ_tAL": "403206002", "ID_LINHA": 194633 }, "geometry": { "type": "MultiLineString", "coordinates": [ [ [ 418731.786941982340068, 7624537.824529454112053 ], [ 418778.650389060378075, 7624519.910471538081765 ], [ 418820.413163753517438, 7624501.835576774552464 ], [ 418861.837310481059831, 7624481.552083460614085 ], [ 418896.817671499855351, 7624462.132079031318426 ], [ 418913.980651512916666, 7624451.649863809347153 ], [ 418930.85051215585554, 7624440.616558324545622 ], [ 418958.156323450966738, 7624420.924991718493402 ], [ 418973.954464435460977, 7624408.279747208580375 ], [ 418989.235970873094629, 7624394.974332218058407 ], [ 418999.103782726684585, 7624385.721918251365423 ], [ 419012.950028943479992, 7624371.691366007551551 ] ] ] } },
{ "type": "Feature", "properties": { "fid": 618.0, "COMPR_M": 327.04, "CLASSE": "03 - Média", "CD_FAZ": "403206", "TALHOES": "2", "FAZ_tAL": "403206002", "ID_LINHA": 194634 }, "geometry": { "type": "MultiLineString", "coordinates": [ [ [ 418732.006595763959922, 7624534.556275585666299 ], [ 418777.518323128693737, 7624517.132251856848598 ], [ 418819.160289736522827, 7624499.10969964414835 ], [ 418860.448204896063544, 7624478.893036829307675 ], [ 418895.291483846958727, 7624459.549260150641203 ], [ 418912.378549583489075, 7624449.113427699543536 ], [ 418929.167540274152998, 7624438.133035222068429 ], [ 418956.32787096494576, 7624418.546519856899977 ], [ 418972.032747219491284, 7624405.975961008109152 ], [ 418987.217080800037365, 7624392.755192863754928 ], [ 418997.018274017842487, 7624383.565254107117653 ], [ 419010.87771904503461, 7624369.517513938248158 ] ] ] } },
{ "type": "Feature", "properties": { "fid": 619.0, "COMPR_M": 324.48, "CLASSE": "03 - Média", "CD_FAZ": "403206", "TALHOES": "2", "FAZ_tAL": "403206002", "ID_LINHA": 194635 }, "geometry": { "type": "MultiLineString", "coordinates": [ [ [ 418732.226249548839405, 7624531.28802171908319 ], [ 418776.386257195845246, 7624514.354032184928656 ], [ 418817.907415711320937, 7624496.383822512812912 ], [ 418859.059099302452523, 7624476.233990186825395 ], [ 418893.765296185563784, 7624456.966441266238689 ], [ 418910.776447647600435, 7624446.576991581358016 ], [ 418927.48456839757273, 7624435.64951210655272 ], [ 418943.831491251999978, 7624424.157133316621184 ], [ 418959.757627148646861, 7624412.072116456925869 ], [ 418985.198190725641325, 7624390.536053523421288 ], [ 418999.695447830192279, 7624376.730660184286535 ], [ 419008.805409155203961, 7624367.343661863356829 ] ] ] } },
{ "type": "Feature", "properties": { "fid": 620.0, "COMPR_M": 321.92, "CLASSE": "03 - Média", "CD_FAZ": "403206", "TALHOES": "2", "FAZ_tAL": "403206002", "ID_LINHA": 194636 }, "geometry": { "type": "MultiLineString", "coordinates": [ [ [ 418732.445903334533796, 7624528.01976783759892 ], [ 418775.254191263287794, 7624511.575812510214746 ], [ 418816.654541686584707, 7624493.65794538334012 ], [ 418857.669993710704148, 7624473.574943554587662 ], [ 418892.239108534762636, 7624454.383622391149402 ], [ 418909.174345715029631, 7624444.040555458515882 ], [ 418925.801596518023871, 7624433.165989000350237 ], [ 418942.062789114541374, 7624421.733907544985414 ], [ 418957.898555626627058, 7624409.717495582997799 ], [ 418983.179300654563121, 7624388.316914169117808 ], [ 418997.576176783593837, 7624374.607157576829195 ], [ 419006.733099273289554, 7624365.169809790328145 ] ] ] } },
{ "type": "Feature", "properties": { "fid": 621.0, "COMPR_M": 319.36, "CLASSE": "03 - Média", "CD_FAZ": "403206", "TALHOES": "2", "FAZ_tAL": "403206002", "ID_LINHA": 194637 }, "geometry": { "type": "MultiLineString", "coordinates": [ [ [ 418732.665611298638396, 7624524.750707745552063 ], [ 418774.122125332301948, 7624508.797592833638191 ], [ 418815.401667664234992, 7624490.932068241760135 ], [ 418856.280888123437762, 7624470.915896913968027 ], [ 418890.712920874124393, 7624451.800803512334824 ], [ 418907.572243787697516, 7624441.504119338467717 ], [ 418924.118624643539079, 7624430.682465894147754 ], [ 418940.294086986454204, 7624419.310681764036417 ], [ 418956.039484101173002, 7624407.362874703481793 ], [ 418981.160410580225289, 7624386.097774825058877 ], [ 418995.45690573338652, 7624372.483654964715242 ], [ 419004.660166731919162, 7624362.995304554700851 ] ] ] } },
{ "type": "Feature", "properties": { "fid": 622.0, "COMPR_M": 316.79, "CLASSE": "03 - Média", "CD_FAZ": "403206", "TALHOES": "2", "FAZ_tAL": "403206002", "ID_LINHA": 194638 }, "geometry": { "type": "MultiLineString", "coordinates": [ [ [ 418732.88575702853268, 7624521.475134060718119 ], [ 418772.990059390896931, 7624506.019373152405024 ], [ 418814.148793632281013, 7624488.206191113218665 ], [ 418854.89178253809223, 7624468.256850281730294 ], [ 418889.18673322419636, 7624449.2179846316576 ], [ 418905.970141851808876, 7624438.967683224007487 ], [ 418922.435652765445411, 7624428.198942786082625 ], [ 418938.52538485446712, 7624416.887455997057259 ], [ 418954.180412572866771, 7624405.008253827691078 ], [ 418979.14152049983386, 7624383.878635479137301 ], [ 418993.337634688825347, 7624370.360152350738645 ], [ 419002.585929734108504, 7624360.819430951029062 ] ] ] } },
{ "type": "Feature", "properties": { "fid": 623.0, "COMPR_M": 314.23, "CLASSE": "03 - Média", "CD_FAZ": "403206", "TALHOES": "2", "FAZ_tAL": "403206002", "ID_LINHA": 194639 }, "geometry": { "type": "MultiLineString", "coordinates": [ [ [ 418733.105902769428212, 7624518.199560372158885 ], [ 418771.857993460318539, 7624503.241153482347727 ], [ 418812.895919613307342, 7624485.48031397536397 ], [ 418853.502676945412531, 7624465.597803641110659 ], [ 418887.660545564373024, 7624446.635165758430958 ], [ 418904.368039919878356, 7624436.431247111409903 ], [ 418920.752680883917492, 7624425.715419674292207 ], [ 418936.756682719336823, 7624414.464230220764875 ], [ 418952.321341041650157, 7624402.653632957488298 ], [ 418977.122630426893011, 7624381.659496122971177 ], [ 418991.218363639840391, 7624368.236649742349982 ], [ 419000.51169273344567, 7624358.643557332456112 ] ] ] } },
{ "type": "Feature", "properties": { "fid": 624.0, "COMPR_M": 311.66, "CLASSE": "03 - Média", "CD_FAZ": "403206", "TALHOES": "2", "FAZ_tAL": "403206002", "ID_LINHA": 194640 }, "geometry": { "type": "MultiLineString", "coordinates": [ [ [ 418733.326048502058256, 7624514.923986694775522 ], [ 418776.594814265496098, 7624498.051335928961635 ], [ 418817.454571879876312, 7624480.059892888180912 ], [ 418857.840008375933394, 7624459.918071877211332 ], [ 418891.711133602075279, 7624440.721274377778172 ], [ 418908.239785648300312, 7624430.39776511862874 ], [ 418924.421501817298122, 7624419.561395205557346 ], [ 418950.462269515555818, 7624400.299012079834938 ], [ 418975.103740360413212, 7624379.440356776118279 ], [ 418989.099092587362975, 7624366.113147117197514 ], [ 418998.437455731735099, 7624356.467683732509613 ] ] ] } },
{ "type": "Feature", "properties": { "fid": 625.0, "COMPR_M": 309.09, "CLASSE": "03 - Média", "CD_FAZ": "403206", "TALHOES": "2", "FAZ_tAL": "403206002", "ID_LINHA": 194641 }, "geometry": { "type": "MultiLineString", "coordinates": [ [ [ 418733.546194235852454, 7624511.64841300714761 ], [ 418775.446270088024903, 7624495.279887370765209 ], [ 418816.183469707844779, 7624477.342467335052788 ], [ 418856.429408858413808, 7624457.270363247953355 ], [ 418890.160190312191844, 7624438.153242325410247 ], [ 418906.611275878443848, 7624427.878200031816959 ], [ 418922.710485017800238, 7624417.097106576897204 ], [ 418948.603197986027226, 7624397.944391205906868 ], [ 418973.084850278159138, 7624377.22121742926538 ], [ 418986.979821538319811, 7624363.989644512534142 ], [ 418996.363218739686999, 7624354.291810119524598 ] ] ] } },
{ "type": "Feature", "properties": { "fid": 626.0, "COMPR_M": 306.53, "CLASSE": "03 - Média", "CD_FAZ": "403206", "TALHOES": "2", "FAZ_tAL": "403206002", "ID_LINHA": 194642 }, "geometry": { "type": "MultiLineString", "coordinates": [ [ [ 418733.766533238114789, 7624508.369963666424155 ], [ 418774.297725915908813, 7624492.508438806980848 ], [ 418814.912367531505879, 7624474.625041780993342 ], [ 418855.018809337634593, 7624454.622654614038765 ], [ 418888.609247015207075, 7624435.585210276767612 ], [ 418904.982766105793417, 7624425.358634944073856 ], [ 418920.999468217487447, 7624414.632817940786481 ], [ 418946.744126462785061, 7624395.589770335704088 ], [ 418971.065960211097263, 7624375.002078082412481 ], [ 418984.860550487763248, 7624361.866141894832253 ], [ 418994.288981744670309, 7624352.115936513990164 ] ] ] } },
{ "type": "Feature", "properties": { "fid": 627.0, "COMPR_M": 303.96, "CLASSE": "03 - Média", "CD_FAZ": "403206", "TALHOES": "2", "FAZ_tAL": "403206002", "ID_LINHA": 194643 }, "geometry": { "type": "MultiLineString", "coordinates": [ [ [ 418733.987190595827997, 7624505.086777506396174 ], [ 418773.149181738030165, 7624489.736990239471197 ], [ 418813.641265361453407, 7624471.907616220414639 ], [ 418853.60820982477162, 7624451.974945986643434 ], [ 418887.058303724916186, 7624433.017178219743073 ], [ 418903.354256340884604, 7624422.839069843292236 ], [ 418919.288451428292319, 7624412.168529295362532 ], [ 418944.885054926155135, 7624393.23514945898205 ], [ 418969.047070130764041, 7624372.782938735559583 ], [ 418982.741279442096129, 7624359.742639280855656 ], [ 418992.214744748082012, 7624349.940062904730439 ] ] ] } },
{ "type": "Feature", "properties": { "fid": 628.0, "COMPR_M": 301.39, "CLASSE": "03 - Média", "CD_FAZ": "403206", "TALHOES": "2", "FAZ_tAL": "403206002", "ID_LINHA": 194644 }, "geometry": { "type": "MultiLineString", "coordinates": [ [ [ 418734.207847953599412, 7624501.803591357544065 ], [ 418772.000637565448415, 7624486.965541675686836 ], [ 418812.370163187151775, 7624469.190190659835935 ], [ 418852.197610308765434, 7624449.327237356454134 ], [ 418885.507360428804532, 7624430.449146179482341 ], [ 418901.725746573181823, 7624420.319504751823843 ], [ 418917.577434627572075, 7624409.704240665771067 ], [ 418943.02598340716213, 7624390.880528585985303 ], [ 418967.02818005514564, 7624370.563799383118749 ], [ 418980.622008393402211, 7624357.619136663153768 ], [ 418990.140507750562392, 7624347.764189288951457 ] ] ] } },
{ "type": "Feature", "properties": { "fid": 629.0, "COMPR_M": 298.82, "CLASSE": "02 - Curta", "CD_FAZ": "403206", "TALHOES": "2", "FAZ_tAL": "403206002", "ID_LINHA": 194645 }, "geometry": { "type": "MultiLineString", "coordinates": [ [ [ 418734.428505302290432, 7624498.520405208691955 ], [ 418776.629776585730724, 7624481.779387041926384 ], [ 418816.80934714153409, 7624463.778210973367095 ], [ 418850.787010790721979, 7624446.67952873185277 ], [ 418883.956417138047982, 7624427.881114127114415 ], [ 418900.097236803965643, 7624417.799939660355449 ], [ 418915.866417828132398, 7624407.239952031522989 ], [ 418941.166911874082871, 7624388.525907706469297 ], [ 418965.00928998546442, 7624368.34466003626585 ], [ 418978.502737339760642, 7624355.495634054765105 ], [ 418988.066270750714466, 7624345.588315684348345 ] ] ] } },
{ "type": "Feature", "properties": { "fid": 630.0, "COMPR_M": 296.26, "CLASSE": "02 - Curta", "CD_FAZ": "403206", "TALHOES": "2", "FAZ_tAL": "403206002", "ID_LINHA": 194646 }, "geometry": { "type": "MultiLineString", "coordinates": [ [ [ 418734.649162661633454, 7624495.237219046801329 ], [ 418775.46448393643368, 7624479.014938287436962 ], [ 418815.519772652885877, 7624461.069502085447311 ], [ 418849.376411270757671, 7624444.031820104457438 ], [ 418882.40547384286765, 7624425.313082080334425 ], [ 418898.468727033294272, 7624415.280374566093087 ], [ 418914.155401028576307, 7624404.775663386099041 ], [ 418939.307840348687023, 7624386.171286842785776 ], [ 418962.990399911766872, 7624366.125520695000887 ], [ 418976.383466293045785, 7624353.372131442651153 ], [ 418985.992033749935217, 7624343.41244207508862 ] ] ] } },
{ "type": "Feature", "properties": { "fid": 631.0, "COMPR_M": 20.8, "CLASSE": "01 - Muito curta", "CD_FAZ": "403206", "TALHOES": "2", "FAZ_tAL": "403206002", "ID_LINHA": 194647 }, "geometry": { "type": "MultiLineString", "coordinates": [ [ [ 418760.466038026439492, 7624111.104963231831789 ], [ 418769.921642321569379, 7624092.587229315191507 ] ] ] } },
{ "type": "Feature", "properties": { "fid": 632.0, "COMPR_M": 25.57, "CLASSE": "01 - Muito curta", "CD_FAZ": "403206", "TALHOES": "2", "FAZ_tAL": "403206002", "ID_LINHA": 194648 }, "geometry": { "type": "MultiLineString", "coordinates": [ [ [ 418760.029066883958876, 7624117.60670702625066 ], [ 418766.490532947296742, 7624106.395595015026629 ], [ 418772.070906886656303, 7624095.082290675491095 ] ] ] } },
{ "type": "Feature", "properties": { "fid": 633.0, "COMPR_M": 29.85, "CLASSE": "01 - Muito curta", "CD_FAZ": "403206", "TALHOES": "2", "FAZ_tAL": "403206002", "ID_LINHA": 194649 }, "geometry": { "type": "MultiLineString", "coordinates": [ [ [ 418759.628580300835893, 7624123.565592959523201 ], [ 418766.919819784467109, 7624111.896508784964681 ], [ 418774.218541634094436, 7624097.575460013002157 ] ] ] } },
{ "type": "Feature", "properties": { "fid": 634.0, "COMPR_M": 33.65, "CLASSE": "01 - Muito curta", "CD_FAZ": "403206", "TALHOES": "2", "FAZ_tAL": "403206002", "ID_LINHA": 194650 }, "geometry": { "type": "MultiLineString", "coordinates": [ [ [ 418759.266279995557852, 7624128.956300772726536 ], [ 418767.429237619042397, 7624117.028549637645483 ], [ 418776.360352769144811, 7624100.061868760734797 ] ] ] } },
{ "type": "Feature", "properties": { "fid": 635.0, "COMPR_M": 37.01, "CLASSE": "01 - Muito curta", "CD_FAZ": "403206", "TALHOES": "2", "FAZ_tAL": "403206002", "ID_LINHA": 194651 }, "geometry": { "type": "MultiLineString", "coordinates": [ [ [ 418758.941009966365527, 7624133.796030959114432 ], [ 418763.124394968850538, 7624128.928594786673784 ], [ 418768.020911235478707, 7624121.815278237685561 ], [ 418773.287800681719091, 7624112.770043198019266 ], [ 418778.498262473847717, 7624102.543748360127211 ] ] ] } },
{ "type": "Feature", "properties": { "fid": 636.0, "COMPR_M": 40.12, "CLASSE": "01 - Muito curta", "CD_FAZ": "403206", "TALHOES": "2", "FAZ_tAL": "403206002", "ID_LINHA": 194652 }, "geometry": { "type": "MultiLineString", "coordinates": [ [ [ 418758.637788557389285, 7624138.307697132229805 ], [ 418763.581598062242847, 7624133.150831690058112 ], [ 418768.694467716384679, 7624126.284612834453583 ], [ 418774.777400793042034, 7624116.285308972001076 ], [ 418780.63276943314122, 7624105.021677763201296 ] ] ] } },
{ "type": "Feature", "properties": { "fid": 637.0, "COMPR_M": 43.11, "CLASSE": "01 - Muito curta", "CD_FAZ": "403206", "TALHOES": "2", "FAZ_tAL": "403206002", "ID_LINHA": 194653 }, "geometry": { "type": "MultiLineString", "coordinates": [ [ [ 418758.345763656310737, 7624142.652769144624472 ], [ 418764.678474793792702, 7624136.450570737943053 ], [ 418770.294549587182701, 7624129.263583778403699 ], [ 418776.265970641747117, 7624119.743171950802207 ], [ 418782.760924629867077, 7624107.492233449593186 ] ] ] } },
{ "type": "Feature", "properties": { "fid": 638.0, "COMPR_M": 46.02, "CLASSE": "01 - Muito curta", "CD_FAZ": "403206", "TALHOES": "2", "FAZ_tAL": "403206002", "ID_LINHA": 194654 }, "geometry": { "type": "MultiLineString", "coordinates": [ [ [ 418758.06130213837605, 7624146.885304864495993 ], [ 418766.186008154414594, 7624139.240426305681467 ], [ 418771.88909039250575, 7624132.210156809538603 ], [ 418777.752283586538397, 7624123.147455992177129 ], [ 418784.888352445093915, 7624109.961944739334285 ] ] ] } },
{ "type": "Feature", "properties": { "fid": 639.0, "COMPR_M": 48.88, "CLASSE": "01 - Muito curta", "CD_FAZ": "403206", "TALHOES": "2", "FAZ_tAL": "403206002", "ID_LINHA": 194655 }, "geometry": { "type": "MultiLineString", "coordinates": [ [ [ 418757.782860107021406, 7624151.028275893069804 ], [ 418766.575632422813214, 7624143.145372722297907 ], [ 418772.658359414257575, 7624136.216452408581972 ], [ 418779.23484500637278, 7624126.502311417832971 ], [ 418787.006750046450179, 7624112.4211729420349 ] ] ] } },
{ "type": "Feature", "properties": { "fid": 640.0, "COMPR_M": 51.68, "CLASSE": "01 - Muito curta", "CD_FAZ": "403206", "TALHOES": "2", "FAZ_tAL": "403206002", "ID_LINHA": 194656 }, "geometry": { "type": "MultiLineString", "coordinates": [ [ [ 418757.508776793198194, 7624155.106392942368984 ], [ 418767.612315809354186, 7624146.332198172807693 ], [ 418774.236694197636098, 7624139.074316460639238 ], [ 418781.794865598785691, 7624128.066507888957858 ], [ 418789.125147652172018, 7624114.880401133559644 ] ] ] } },
{ "type": "Feature", "properties": { "fid": 641.0, "COMPR_M": 54.46, "CLASSE": "01 - Muito curta", "CD_FAZ": "403206", "TALHOES": "2", "FAZ_tAL": "403206002", "ID_LINHA": 194657 }, "geometry": { "type": "MultiLineString", "coordinates": [ [ [ 418757.238491958647501, 7624159.127992116846144 ], [ 418768.479614423762541, 7624149.648642184212804 ], [ 418775.792425190331414, 7624141.927171131595969 ], [ 418783.250233291764744, 7624131.411296160891652 ], [ 418791.236070581886452, 7624117.330952061340213 ] ] ] } },
{ "type": "Feature", "properties": { "fid": 642.0, "COMPR_M": 57.2, "CLASSE": "01 - Muito curta", "CD_FAZ": "403206", "TALHOES": "2", "FAZ_tAL": "403206002", "ID_LINHA": 194658 }, "geometry": { "type": "MultiLineString", "coordinates": [ [ [ 418756.971509457391221, 7624163.100455353036523 ], [ 418769.176952778128907, 7624153.088143292814493 ], [ 418777.321268391911872, 7624144.780319377779961 ], [ 418784.697237173328176, 7624134.715915141627192 ], [ 418793.344734528916888, 7624119.778880528174341 ] ] ] } },
{ "type": "Feature", "properties": { "fid": 643.0, "COMPR_M": 59.91, "CLASSE": "01 - Muito curta", "CD_FAZ": "403206", "TALHOES": "2", "FAZ_tAL": "403206002", "ID_LINHA": 194659 }, "geometry": { "type": "MultiLineString", "coordinates": [ [ [ 418756.707389994815458, 7624167.030319314450026 ], [ 418769.704375501314644, 7624156.644051754847169 ], [ 418778.817071235971525, 7624147.640756834298372 ], [ 418787.212567033537198, 7624136.35102323628962 ], [ 418795.449335778190289, 7624122.222092675045133 ] ] ] } },
{ "type": "Feature", "properties": { "fid": 644.0, "COMPR_M": 62.61, "CLASSE": "01 - Muito curta", "CD_FAZ": "403206", "TALHOES": "2", "FAZ_tAL": "403206002", "ID_LINHA": 194660 }, "geometry": { "type": "MultiLineString", "coordinates": [ [ [ 418756.445744646945968, 7624170.923370442353189 ], [ 418770.062563746701926, 7624160.309630510397255 ], [ 418781.073387279815506, 7624149.618056120350957 ], [ 418789.727896893280558, 7624137.986131336539984 ], [ 418797.548317548003979, 7624124.658781200647354 ] ] ] } },
{ "type": "Feature", "properties": { "fid": 645.0, "COMPR_M": 65.28, "CLASSE": "01 - Muito curta", "CD_FAZ": "403206", "TALHOES": "2", "FAZ_tAL": "403206002", "ID_LINHA": 194661 }, "geometry": { "type": "MultiLineString", "coordinates": [ [ [ 418756.186229366576299, 7624174.784728081896901 ], [ 418770.25243943114765, 7624164.078410467132926 ], [ 418782.453889141150285, 7624152.577470796182752 ], [ 418791.116344915237278, 7624141.327845461666584 ], [ 418799.64712064753985, 7624127.095262324437499 ] ] ] } },
{ "type": "Feature", "properties": { "fid": 646.0, "COMPR_M": 67.95, "CLASSE": "01 - Muito curta", "CD_FAZ": "403206", "TALHOES": "2", "FAZ_tAL": "403206002", "ID_LINHA": 194662 }, "geometry": { "type": "MultiLineString", "coordinates": [ [ [ 418755.928540028224234, 7624178.6189174214378 ], [ 418772.17415665416047, 7624166.382196654565632 ], [ 418783.686012769932859, 7624155.665712697431445 ], [ 418792.489964025910012, 7624144.639051184058189 ], [ 418801.736499855527654, 7624129.520803339779377 ] ] ] } },
{ "type": "Feature", "properties": { "fid": 647.0, "COMPR_M": 70.6, "CLASSE": "01 - Muito curta", "CD_FAZ": "403206", "TALHOES": "2", "FAZ_tAL": "403206002", "ID_LINHA": 194663 }, "geometry": { "type": "MultiLineString", "coordinates": [ [ [ 418755.672408110753167, 7624182.429933615028858 ], [ 418772.165352068084758, 7624170.27389473002404 ], [ 418779.271403143648058, 7624164.183840027078986 ], [ 418785.873513351310976, 7624157.718873495236039 ], [ 418794.956121185212396, 7624146.34743645042181 ], [ 418803.825879071897361, 7624131.946344345808029 ] ] ] } },
{ "type": "Feature", "properties": { "fid": 648.0, "COMPR_M": 73.23, "CLASSE": "01 - Muito curta", "CD_FAZ": "403206", "TALHOES": "2", "FAZ_tAL": "403206002", "ID_LINHA": 194664 }, "geometry": { "type": "MultiLineString", "coordinates": [ [ [ 418755.418331953696907, 7624186.210362036712468 ], [ 418774.055517976288684, 7624172.60363282263279 ], [ 418786.903360844531562, 7624160.984967643395066 ], [ 418796.287100139539689, 7624149.668416246771812 ], [ 418805.910016838577576, 7624134.365800620988011 ] ] ] } },
{ "type": "Feature", "properties": { "fid": 649.0, "COMPR_M": 75.85, "CLASSE": "01 - Muito curta", "CD_FAZ": "403206", "TALHOES": "2", "FAZ_tAL": "403206002", "ID_LINHA": 194665 }, "geometry": { "type": "MultiLineString", "coordinates": [ [ [ 418755.165621368039865, 7624189.970471831038594 ], [ 418773.850474381411914, 7624176.610029027797282 ], [ 418787.76834291999694, 7624164.380398854613304 ], [ 418797.595970787806436, 7624152.969201309606433 ], [ 418807.989900982880499, 7624136.780318895354867 ] ] ] } },
{ "type": "Feature", "properties": { "fid": 650.0, "COMPR_M": 78.47, "CLASSE": "01 - Muito curta", "CD_FAZ": "403206", "TALHOES": "2", "FAZ_tAL": "403206002", "ID_LINHA": 194666 }, "geometry": { "type": "MultiLineString", "coordinates": [ [ [ 418754.91390539391432, 7624193.715782772749662 ], [ 418773.482621761620976, 7624180.699333589524031 ], [ 418781.784790626494214, 7624173.969996331259608 ], [ 418789.88761397061171, 7624166.503901472315192 ], [ 418794.61128355783876, 7624161.481851857155561 ], [ 418800.00821334880311, 7624154.752918364480138 ], [ 418810.06974266236648, 7624139.194787877611816 ] ] ] } },
{ "type": "Feature", "properties": { "fid": 651.0, "COMPR_M": 81.07, "CLASSE": "01 - Muito curta", "CD_FAZ": "403206", "TALHOES": "2", "FAZ_tAL": "403206002", "ID_LINHA": 194667 }, "geometry": { "type": "MultiLineString", "coordinates": [ [ [ 418754.663912467367481, 7624197.435456180945039 ], [ 418775.311074257013388, 7624183.077805457636714 ], [ 418790.552911628445145, 7624170.055503766983747 ], [ 418795.785449894727208, 7624164.672645851969719 ], [ 418801.260252744017635, 7624158.080025266855955 ], [ 418807.335205888550263, 7624149.431888004764915 ], [ 418812.140267590293661, 7624141.598441120237112 ] ] ] } },
{ "type": "Feature", "properties": { "fid": 652.0, "COMPR_M": 83.67, "CLASSE": "01 - Muito curta", "CD_FAZ": "403206", "TALHOES": "2", "FAZ_tAL": "403206002", "ID_LINHA": 194668 }, "geometry": { "type": "MultiLineString", "coordinates": [ [ [ 418754.414888752391562, 7624201.140708779916167 ], [ 418774.752444963261951, 7624187.267218124121428 ], [ 418783.704459948465228, 7624180.204913826659322 ], [ 418792.638420339091681, 7624172.212167913094163 ], [ 418798.007376689987723, 7624166.688508359715343 ], [ 418803.643743855180219, 7624159.901989676989615 ], [ 418814.210792524449062, 7624144.002094374969602 ] ] ] } },
{ "type": "Feature", "properties": { "fid": 653.0, "COMPR_M": 86.25, "CLASSE": "01 - Muito curta", "CD_FAZ": "403206", "TALHOES": "2", "FAZ_tAL": "403206002", "ID_LINHA": 194669 }, "geometry": { "type": "MultiLineString", "coordinates": [ [ [ 418754.166768323513679, 7624204.832521191798151 ], [ 418776.550769749155734, 7624189.668546137399971 ], [ 418793.104044845560566, 7624175.911020133644342 ], [ 418798.998516815830953, 7624170.037838282063603 ], [ 418804.832618727174122, 7624163.260925843380392 ], [ 418811.046902428206522, 7624154.699607791379094 ], [ 418816.278031282592565, 7624146.401932745240629 ] ] ] } },
{ "type": "Feature", "properties": { "fid": 654.0, "COMPR_M": 88.83, "CLASSE": "01 - Muito curta", "CD_FAZ": "403206", "TALHOES": "2", "FAZ_tAL": "403206002", "ID_LINHA": 194670 }, "geometry": { "type": "MultiLineString", "coordinates": [ [ [ 418753.920078428345732, 7624208.503048384562135 ], [ 418775.804788580804598, 7624193.950684998184443 ], [ 418785.396513395826332, 7624186.582061400637031 ], [ 418795.156080720887985, 7624178.099551631137729 ], [ 418801.186017392436042, 7624172.090999083593488 ], [ 418807.186151388450526, 7624165.121434254571795 ], [ 418812.219221307314001, 7624158.306133331730962 ], [ 418818.339363088889513, 7624148.794913779944181 ] ] ] } },
{ "type": "Feature", "properties": { "fid": 655.0, "COMPR_M": 91.41, "CLASSE": "01 - Muito curta", "CD_FAZ": "403206", "TALHOES": "2", "FAZ_tAL": "403206002", "ID_LINHA": 194671 }, "geometry": { "type": "MultiLineString", "coordinates": [ [ [ 418753.677180444239639, 7624212.166421964764595 ], [ 418766.338447777205147, 7624204.171276908367872 ], [ 418777.573490710696205, 7624196.373910760506988 ], [ 418787.286679296346847, 7624188.911799490451813 ], [ 418795.422523737070151, 7624181.936954813078046 ], [ 418801.97634105803445, 7624175.608054807409644 ], [ 418808.305379220866598, 7624168.517233731225133 ], [ 418814.685378464695532, 7624160.014518601819873 ], [ 418820.400694896641653, 7624151.187894824892282 ] ] ] } },
{ "type": "Feature", "properties": { "fid": 656.0, "COMPR_M": 93.98, "CLASSE": "01 - Muito curta", "CD_FAZ": "403206", "TALHOES": "2", "FAZ_tAL": "403206002", "ID_LINHA": 194672 }, "geometry": { "type": "MultiLineString", "coordinates": [ [ [ 418753.429053869680502, 7624215.809059210121632 ], [ 418776.643846625462174, 7624200.741699885576963 ], [ 418786.863975072221365, 7624193.092375150881708 ], [ 418797.441413812106475, 7624184.156094158999622 ], [ 418804.129623952612747, 7624177.697067252360284 ], [ 418810.627733081404585, 7624170.416523920372128 ], [ 418817.15153562737396, 7624161.722903873771429 ], [ 418822.456737452885136, 7624153.574735622853041 ] ] ] } },
{ "type": "Feature", "properties": { "fid": 657.0, "COMPR_M": 96.54, "CLASSE": "01 - Muito curta", "CD_FAZ": "403206", "TALHOES": "2", "FAZ_tAL": "403206002", "ID_LINHA": 194673 }, "geometry": { "type": "MultiLineString", "coordinates": [ [ [ 418753.184530458238441, 7624219.447351217269897 ], [ 418766.559435687493533, 7624211.195602133870125 ], [ 418778.383442841935903, 7624203.185900829732418 ], [ 418788.723046603437979, 7624195.4469960257411 ], [ 418797.509830586554017, 7624188.12339948490262 ], [ 418804.722511311643757, 7624181.368419760838151 ], [ 418811.67044423223706, 7624173.854038577526808 ], [ 418818.245308915968053, 7624165.380849748849869 ], [ 418824.509072082873899, 7624155.957271929830313 ] ] ] } },
{ "type": "Feature", "properties": { "fid": 658.0, "COMPR_M": 99.1, "CLASSE": "01 - Muito curta", "CD_FAZ": "403206", "TALHOES": "2", "FAZ_tAL": "403206002", "ID_LINHA": 194674 }, "geometry": { "type": "MultiLineString", "coordinates": [ [ [ 418752.941437618457712, 7624223.064357440918684 ], [ 418777.274057218804955, 7624207.632572455331683 ], [ 418788.110241702059284, 7624199.727108497172594 ], [ 418799.495934520266019, 7624190.371924329549074 ], [ 418806.841782359930221, 7624183.491922378540039 ], [ 418813.960389283485711, 7624175.792286519892514 ], [ 418820.685109895013738, 7624167.126675689592957 ], [ 418826.561406708497088, 7624158.339808225631714 ] ] ] } },
{ "type": "Feature", "properties": { "fid": 659.0, "COMPR_M": 101.65, "CLASSE": "02 - Curta", "CD_FAZ": "403206", "TALHOES": "2", "FAZ_tAL": "403206002", "ID_LINHA": 194675 }, "geometry": { "type": "MultiLineString", "coordinates": [ [ [ 418752.698483014130034, 7624226.679306915029883 ], [ 418766.587273778452072, 7624218.297741074115038 ], [ 418778.985074014985003, 7624210.096861097030342 ], [ 418789.93869419733528, 7624202.105580360628664 ], [ 418799.368130933202337, 7624194.460545046254992 ], [ 418807.236981317168102, 7624187.308816929347813 ], [ 418814.918127976998221, 7624179.277545464225113 ], [ 418821.718396403943188, 7624170.806371847167611 ], [ 418828.607884310884401, 7624160.715545145794749 ] ] ] } },
{ "type": "Feature", "properties": { "fid": 660.0, "COMPR_M": 104.19, "CLASSE": "02 - Curta", "CD_FAZ": "403206", "TALHOES": "2", "FAZ_tAL": "403206002", "ID_LINHA": 194676 }, "geometry": { "type": "MultiLineString", "coordinates": [ [ [ 418752.456890233268496, 7624230.273993730545044 ], [ 418768.189375714573544, 7624220.834177192300558 ], [ 418780.696090822282713, 7624212.561149731278419 ], [ 418791.767146686441265, 7624204.484052215702832 ], [ 418801.321835408278275, 7624196.73727267049253 ], [ 418809.322490028920583, 7624189.465481066145003 ], [ 418817.174444023577962, 7624181.25484474748373 ], [ 418824.130638961622026, 7624172.590088911354542 ], [ 418830.651447857962921, 7624163.087899183854461 ] ] ] } },
{ "type": "Feature", "properties": { "fid": 661.0, "COMPR_M": 106.74, "CLASSE": "02 - Curta", "CD_FAZ": "403206", "TALHOES": "2", "FAZ_tAL": "403206002", "ID_LINHA": 194677 }, "geometry": { "type": "MultiLineString", "coordinates": [ [ [ 418752.215297450835351, 7624233.868680553510785 ], [ 418766.427171153831296, 7624225.471463460475206 ], [ 418779.383043046458624, 7624217.099478497169912 ], [ 418790.93736798397731, 7624208.879170250147581 ], [ 418803.275539897265844, 7624199.014000311493874 ], [ 418811.407998735434376, 7624191.622145219705999 ], [ 418819.430760068469681, 7624183.23214403912425 ], [ 418826.54288152535446, 7624174.373805956915021 ], [ 418832.695011408650316, 7624165.460253221914172 ] ] ] } },
{ "type": "Feature", "properties": { "fid": 662.0, "COMPR_M": 109.27, "CLASSE": "02 - Curta", "CD_FAZ": "403206", "TALHOES": "2", "FAZ_tAL": "403206002", "ID_LINHA": 194678 }, "geometry": { "type": "MultiLineString", "coordinates": [ [ [ 418751.97510655032238, 7624237.442508485168219 ], [ 418768.003418299136683, 7624228.024044675752521 ], [ 418781.066014922747854, 7624219.583001613616943 ], [ 418792.735692766262218, 7624211.280498269945383 ], [ 418802.921632118232083, 7624203.242775788530707 ], [ 418811.572367671644315, 7624195.607803598046303 ], [ 418820.226644631125964, 7624186.847133442759514 ], [ 418827.478654956503306, 7624178.121633722446859 ], [ 418834.733787450823002, 7624167.827049484476447 ] ] ] } },
{ "type": "Feature", "properties": { "fid": 663.0, "COMPR_M": 111.81, "CLASSE": "02 - Curta", "CD_FAZ": "403206", "TALHOES": "2", "FAZ_tAL": "403206002", "ID_LINHA": 194679 }, "geometry": { "type": "MultiLineString", "coordinates": [ [ [ 418751.734934906358831, 7624241.016049956902862 ], [ 418766.084726792993024, 7624232.710678358562291 ], [ 418779.58219081920106, 7624224.186779072508216 ], [ 418791.723107785917819, 7624215.759716935455799 ], [ 418804.843349343165755, 7624205.546561985276639 ], [ 418813.624403532710858, 7624197.796335091814399 ], [ 418822.44857141940156, 7624188.862995954230428 ], [ 418829.862146070459858, 7624179.943598134443164 ], [ 418836.7688363797497, 7624170.189518972299993 ] ] ] } },
{ "type": "Feature", "properties": { "fid": 664.0, "COMPR_M": 114.34, "CLASSE": "02 - Curta", "CD_FAZ": "403206", "TALHOES": "2", "FAZ_tAL": "403206002", "ID_LINHA": 194680 }, "geometry": { "type": "MultiLineString", "coordinates": [ [ [ 418751.495812429173384, 7624244.573980786837637 ], [ 418767.635670095856767, 7624235.278710402548313 ], [ 418781.23765870911302, 7624226.688716835342348 ], [ 418793.491809911560267, 7624218.18294270709157 ], [ 418806.765066559019033, 7624207.850348182953894 ], [ 418815.676439408271108, 7624199.98486659117043 ], [ 418824.67049821751425, 7624190.878858465701342 ], [ 418832.245637175044976, 7624181.765562537126243 ], [ 418838.80388530518394, 7624172.551988453604281 ] ] ] } },
{ "type": "Feature", "properties": { "fid": 665.0, "COMPR_M": 116.87, "CLASSE": "02 - Curta", "CD_FAZ": "403206", "TALHOES": "2", "FAZ_tAL": "403206002", "ID_LINHA": 194681 }, "geometry": { "type": "MultiLineString", "coordinates": [ [ [ 418751.256987811299041, 7624248.127479761838913 ], [ 418765.565533069078811, 7624240.009655537083745 ], [ 418779.58751384052448, 7624231.35212286747992 ], [ 418792.300212596892379, 7624222.739508436992764 ], [ 418806.188338324136566, 7624212.209180442616343 ], [ 418815.611424479400739, 7624204.128348292782903 ], [ 418825.248523739923257, 7624194.675767861306667 ], [ 418833.075010595959611, 7624185.587026810273528 ], [ 418840.83706237829756, 7624174.91228492744267 ] ] ] } },
{ "type": "Feature", "properties": { "fid": 666.0, "COMPR_M": 119.39, "CLASSE": "02 - Curta", "CD_FAZ": "403206", "TALHOES": "2", "FAZ_tAL": "403206002", "ID_LINHA": 194682 }, "geometry": { "type": "MultiLineString", "coordinates": [ [ [ 418751.018761789542623, 7624251.672072218731046 ], [ 418767.091720719297882, 7624242.592474406585097 ], [ 418781.216023611836135, 7624233.871687967330217 ], [ 418794.039808818255551, 7624225.183709390461445 ], [ 418808.078504226228688, 7624214.538918533362448 ], [ 418817.630314551759511, 7624206.347487643361092 ], [ 418827.436024317343254, 7624196.728928656317294 ], [ 418835.428543250949588, 7624187.44753522798419 ], [ 418842.863883628626354, 7624177.265202973969281 ] ] ] } },
{ "type": "Feature", "properties": { "fid": 667.0, "COMPR_M": 121.91, "CLASSE": "02 - Curta", "CD_FAZ": "403206", "TALHOES": "2", "FAZ_tAL": "403206002", "ID_LINHA": 194683 }, "geometry": { "type": "MultiLineString", "coordinates": [ [ [ 418750.781214490882121, 7624255.206565668806434 ], [ 418768.61790838080924, 7624245.17529328353703 ], [ 418782.844533381168731, 7624236.391253052279353 ], [ 418795.779405044158921, 7624227.627910340204835 ], [ 418809.968670126225334, 7624216.868656620383263 ], [ 418819.649204629589804, 7624208.56662698276341 ], [ 418829.623524887254462, 7624198.782089453190565 ], [ 418837.782075912167784, 7624189.308043647557497 ], [ 418844.890704871388152, 7624179.618121024221182 ] ] ] } },
{ "type": "Feature", "properties": { "fid": 668.0, "COMPR_M": 124.43, "CLASSE": "02 - Curta", "CD_FAZ": "403206", "TALHOES": "2", "FAZ_tAL": "403206002", "ID_LINHA": 194684 }, "geometry": { "type": "MultiLineString", "coordinates": [ [ [ 418750.543733948550653, 7624258.740066065452993 ], [ 418766.37697342527099, 7624249.960086669772863 ], [ 418781.006191163905896, 7624241.125666119158268 ], [ 418794.38422519620508, 7624232.275458827614784 ], [ 418809.172833402408287, 7624221.347825640812516 ], [ 418819.356973868911155, 7624212.857172702439129 ], [ 418829.969018609030172, 7624202.765216664411128 ], [ 418838.495979395695031, 7624193.208006151951849 ], [ 418846.917526125558652, 7624181.971039084717631 ] ] ] } },
{ "type": "Feature", "properties": { "fid": 669.0, "COMPR_M": 126.94, "CLASSE": "02 - Curta", "CD_FAZ": "403206", "TALHOES": "2", "FAZ_tAL": "403206002", "ID_LINHA": 194685 }, "geometry": { "type": "MultiLineString", "coordinates": [ [ [ 418750.307398388104048, 7624262.256529949605465 ], [ 418767.878953311068472, 7624252.557055586017668 ], [ 418782.608293104101904, 7624243.662102239206433 ], [ 418796.095241994189564, 7624234.73974746093154 ], [ 418811.031904933217447, 7624223.702446520328522 ], [ 418821.343077803845517, 7624215.105697548016906 ], [ 418832.12230149761308, 7624204.854229122400284 ], [ 418840.818333245115355, 7624195.10729633551091 ], [ 418848.939534090459347, 7624184.318369439803064 ] ] ] } },
{ "type": "Feature", "properties": { "fid": 670.0, "COMPR_M": 129.45, "CLASSE": "02 - Curta", "CD_FAZ": "403206", "TALHOES": "2", "FAZ_tAL": "403206002", "ID_LINHA": 194686 }, "geometry": { "type": "MultiLineString", "coordinates": [ [ [ 418750.071062829229049, 7624265.772993844002485 ], [ 418769.380933193024248, 7624255.15402449388057 ], [ 418784.210395037138369, 7624246.198538352735341 ], [ 418797.806258791941218, 7624237.204036097973585 ], [ 418812.890976458671503, 7624226.057067390531301 ], [ 418823.329181733774021, 7624217.354222390800714 ], [ 418834.275584380317014, 7624206.943241573870182 ], [ 418843.140687106060795, 7624197.006586527451873 ], [ 418850.958442154573277, 7624186.662101150490344 ] ] ] } },
{ "type": "Feature", "properties": { "fid": 671.0, "COMPR_M": 131.96, "CLASSE": "02 - Curta", "CD_FAZ": "403206", "TALHOES": "2", "FAZ_tAL": "403206002", "ID_LINHA": 194687 }, "geometry": { "type": "MultiLineString", "coordinates": [ [ [ 418749.835345694969874, 7624269.280256207101047 ], [ 418766.975187833188102, 7624259.987096047028899 ], [ 418782.1896426124149, 7624250.997275527566671 ], [ 418796.212761838745791, 7624241.934709595516324 ], [ 418811.880124095827341, 7624230.647242709994316 ], [ 418822.812584685219917, 7624221.781276658177376 ], [ 418834.392306003370322, 7624211.097456350922585 ], [ 418843.729675011360087, 7624200.989509837701917 ], [ 418852.977350217057392, 7624189.005832860246301 ] ] ] } },
{ "type": "Feature", "properties": { "fid": 672.0, "COMPR_M": 134.46, "CLASSE": "02 - Curta", "CD_FAZ": "403206", "TALHOES": "2", "FAZ_tAL": "403206002", "ID_LINHA": 194688 }, "geometry": { "type": "MultiLineString", "coordinates": [ [ [ 418749.600160080357455, 7624272.779610022902489 ], [ 418768.453506847028621, 7624262.59760432317853 ], [ 418783.765889762202278, 7624253.549856734462082 ], [ 418797.895733716664836, 7624244.418232705444098 ], [ 418813.708576590870507, 7624233.025714578106999 ], [ 418824.766289168619551, 7624224.05800429917872 ], [ 418836.511577042809222, 7624213.220958969555795 ], [ 418846.01962006976828, 7624202.927757788449526 ], [ 418854.996258284430951, 7624191.349564576521516 ] ] ] } },
{ "type": "Feature", "properties": { "fid": 673.0, "COMPR_M": 136.97, "CLASSE": "02 - Curta", "CD_FAZ": "403206", "TALHOES": "2", "FAZ_tAL": "403206002", "ID_LINHA": 194689 }, "geometry": { "type": "MultiLineString", "coordinates": [ [ [ 418749.364974466850981, 7624276.278963826596737 ], [ 418769.931825862615369, 7624265.208112604916096 ], [ 418785.342136910767294, 7624256.102437938563526 ], [ 418799.578705589810852, 7624246.901755815371871 ], [ 418815.537029078288469, 7624235.404186430387199 ], [ 418826.719993641483597, 7624226.33473193179816 ], [ 418838.630848099826835, 7624215.344461573287845 ], [ 418848.309565120958723, 7624204.866005726158619 ], [ 418857.010362984728999, 7624193.687720102258027 ] ] ] } },
{ "type": "Feature", "properties": { "fid": 674.0, "COMPR_M": 139.46, "CLASSE": "02 - Curta", "CD_FAZ": "403206", "TALHOES": "2", "FAZ_tAL": "403206002", "ID_LINHA": 194690 }, "geometry": { "type": "MultiLineString", "coordinates": [ [ [ 418749.130789340706542, 7624279.763431256636977 ], [ 418767.367287364206277, 7624270.084217135794461 ], [ 418786.918384060089011, 7624258.655019151046872 ], [ 418801.261677469417918, 7624249.385278922505677 ], [ 418817.365481569780968, 7624237.782658293843269 ], [ 418828.673698121740017, 7624228.611459568142891 ], [ 418840.750119141303003, 7624217.467964196577668 ], [ 418850.599510177969933, 7624206.804253680631518 ], [ 418859.021697947522625, 7624196.022660264745355 ] ] ] } },
{ "type": "Feature", "properties": { "fid": 675.0, "COMPR_M": 141.96, "CLASSE": "02 - Curta", "CD_FAZ": "403206", "TALHOES": "2", "FAZ_tAL": "403206002", "ID_LINHA": 194691 }, "geometry": { "type": "MultiLineString", "coordinates": [ [ [ 418748.896695382951293, 7624283.246542066335678 ], [ 418768.822490843362175, 7624272.707679243758321 ], [ 418784.696046327939257, 7624263.527062950655818 ], [ 418799.447805384872481, 7624254.210032309405506 ], [ 418816.113914908666629, 7624242.497762446291745 ], [ 418830.627402602694929, 7624230.888187197037041 ], [ 418842.869390189123806, 7624219.591466800309718 ], [ 418852.88945522980066, 7624208.742501627653837 ], [ 418861.033032903564163, 7624198.35760043002665 ] ] ] } },
{ "type": "Feature", "properties": { "fid": 676.0, "COMPR_M": 144.46, "CLASSE": "02 - Curta", "CD_FAZ": "403206", "TALHOES": "2", "FAZ_tAL": "403206002", "ID_LINHA": 194692 }, "geometry": { "type": "MultiLineString", "coordinates": [ [ [ 418748.662799537123647, 7624286.726705318316817 ], [ 418766.127765090321191, 7624277.609490323811769 ], [ 418786.246989617880899, 7624266.095095001161098 ], [ 418801.103273269138299, 7624256.711970080621541 ], [ 418817.912239689554553, 7624244.899090473540127 ], [ 418829.825673154671676, 7624235.495782525278628 ], [ 418842.690629401768092, 7624223.972107391804457 ], [ 418853.275500759249553, 7624212.891633377410471 ], [ 418863.044367862108629, 7624200.692540590651333 ] ] ] } },
{ "type": "Feature", "properties": { "fid": 677.0, "COMPR_M": 146.95, "CLASSE": "02 - Curta", "CD_FAZ": "403206", "TALHOES": "2", "FAZ_tAL": "403206002", "ID_LINHA": 194693 }, "geometry": { "type": "MultiLineString", "coordinates": [ [ [ 418748.429742242151406, 7624290.194391595199704 ], [ 418767.560396258893888, 7624280.245344828814268 ], [ 418787.79793291259557, 7624268.663127053529024 ], [ 418802.758741144498345, 7624259.213907841593027 ], [ 418819.710564470209647, 7624247.300418482162058 ], [ 418831.747390377684496, 7624237.799568720161915 ], [ 418844.776138109795284, 7624226.128771532326937 ], [ 418855.531816806062125, 7624214.868932669982314 ], [ 418865.054213704250287, 7624203.025752043351531 ] ] ] } },
{ "type": "Feature", "properties": { "fid": 678.0, "COMPR_M": 149.44, "CLASSE": "02 - Curta", "CD_FAZ": "403206", "TALHOES": "2", "FAZ_tAL": "403206002", "ID_LINHA": 194694 }, "geometry": { "type": "MultiLineString", "coordinates": [ [ [ 418748.196684940252453, 7624293.662077868357301 ], [ 418768.993027428979985, 7624282.881199337542057 ], [ 418789.348876202187967, 7624271.231159099377692 ], [ 418804.41420902335085, 7624261.715845609083772 ], [ 418821.508889243938029, 7624249.701746501028538 ], [ 418833.669107592198998, 7624240.103354924358428 ], [ 418846.861646825098433, 7624228.285435676574707 ], [ 418857.788132851186674, 7624216.846231965348125 ], [ 418867.058361045725178, 7624205.352348169311881 ] ] ] } },
{ "type": "Feature", "properties": { "fid": 679.0, "COMPR_M": 151.93, "CLASSE": "02 - Curta", "CD_FAZ": "403206", "TALHOES": "2", "FAZ_tAL": "403206002", "ID_LINHA": 194695 }, "geometry": { "type": "MultiLineString", "coordinates": [ [ [ 418747.963983863359317, 7624297.124464032240212 ], [ 418766.151039699092507, 7624287.817011050879955 ], [ 418786.932160258525982, 7624276.169119827449322 ], [ 418806.069676904473454, 7624264.217783379368484 ], [ 418820.022341912495904, 7624254.531329285353422 ], [ 418835.590824808226898, 7624242.407141116447747 ], [ 418848.947155536618084, 7624230.442099824547768 ], [ 418860.044448906497564, 7624218.823531251400709 ], [ 418869.06250838690903, 7624207.678944282233715 ] ] ] } },
{ "type": "Feature", "properties": { "fid": 680.0, "COMPR_M": 154.42, "CLASSE": "02 - Curta", "CD_FAZ": "403206", "TALHOES": "2", "FAZ_tAL": "403206002", "ID_LINHA": 194696 }, "geometry": { "type": "MultiLineString", "coordinates": [ [ [ 418747.731911247654352, 7624300.577499099075794 ], [ 418767.561639211024158, 7624290.464719684794545 ], [ 418788.458347914624028, 7624278.751938698813319 ], [ 418807.725144787051249, 7624266.719721156172454 ], [ 418821.791044045530725, 7624256.954555057920516 ], [ 418837.512542024371214, 7624244.710927312262356 ], [ 418851.03266424627509, 7624232.598763968795538 ], [ 418862.300764948362485, 7624220.800830531865358 ], [ 418871.066655725007877, 7624210.005540411919355 ] ] ] } },
{ "type": "Feature", "properties": { "fid": 681.0, "COMPR_M": 156.9, "CLASSE": "02 - Curta", "CD_FAZ": "403206", "TALHOES": "2", "FAZ_tAL": "403206002", "ID_LINHA": 194697 }, "geometry": { "type": "MultiLineString", "coordinates": [ [ [ 418747.4998386373627, 7624304.03053417801857 ], [ 418768.972238729707897, 7624293.112428307533264 ], [ 418789.98453556955792, 7624281.334757577627897 ], [ 418809.380612663342617, 7624269.221658924594522 ], [ 418823.55974618595792, 7624259.377780833281577 ], [ 418836.430992771638557, 7624249.484989951364696 ], [ 418850.561049176030792, 7624237.189902016893029 ], [ 418862.443253707548138, 7624225.148521104827523 ], [ 418873.070803074690048, 7624212.33213653229177 ] ] ] } },
{ "type": "Feature", "properties": { "fid": 682.0, "COMPR_M": 159.38, "CLASSE": "02 - Curta", "CD_FAZ": "403206", "TALHOES": "2", "FAZ_tAL": "403206002", "ID_LINHA": 194698 }, "geometry": { "type": "MultiLineString", "coordinates": [ [ [ 418747.268167159345467, 7624307.47760069463402 ], [ 418770.382838246412575, 7624295.760136939585209 ], [ 418791.510723227227572, 7624283.91757645085454 ], [ 418811.036080549820326, 7624271.723596697673202 ], [ 418825.32844831404509, 7624261.80100660212338 ], [ 418838.321158668491989, 7624251.814728047698736 ], [ 418852.613085045944899, 7624239.37843350507319 ], [ 418864.665180496813264, 7624227.164383606985211 ], [ 418875.073637784342282, 7624214.65720883756876 ] ] ] } },
{ "type": "Feature", "properties": { "fid": 683.0, "COMPR_M": 161.86, "CLASSE": "02 - Curta", "CD_FAZ": "403206", "TALHOES": "2", "FAZ_tAL": "403206002", "ID_LINHA": 194699 }, "geometry": { "type": "MultiLineString", "coordinates": [ [ [ 418747.037030077714007, 7624310.916715955361724 ], [ 418767.378130395023618, 7624300.736912197433412 ], [ 418788.906671639473643, 7624288.914620324969292 ], [ 418808.900689694099128, 7624276.704294526949525 ], [ 418827.097150449524634, 7624264.224232371896505 ], [ 418840.211324574309401, 7624254.144466141238809 ], [ 418854.665120911202393, 7624241.566965009085834 ], [ 418866.887107288697734, 7624229.180246121250093 ], [ 418877.071012894797605, 7624216.975943136960268 ] ] ] } },
{ "type": "Feature", "properties": { "fid": 684.0, "COMPR_M": 164.35, "CLASSE": "02 - Curta", "CD_FAZ": "403206", "TALHOES": "2", "FAZ_tAL": "403206002", "ID_LINHA": 194700 }, "geometry": { "type": "MultiLineString", "coordinates": [ [ [ 418746.805892992764711, 7624314.355831222608685 ], [ 418768.767235991661437, 7624303.39595883153379 ], [ 418790.408651512814686, 7624291.511589230969548 ], [ 418810.529199468786828, 7624279.223859613761306 ], [ 418825.352540774736553, 7624269.179326493293047 ], [ 418842.101490480010398, 7624256.474204230122268 ], [ 418856.717156783735845, 7624243.755496503785253 ], [ 418869.109034091117792, 7624231.196108628064394 ], [ 418879.068388010200579, 7624219.29467744845897 ] ] ] } },
{ "type": "Feature", "properties": { "fid": 685.0, "COMPR_M": 166.82, "CLASSE": "02 - Curta", "CD_FAZ": "403206", "TALHOES": "2", "FAZ_tAL": "403206002", "ID_LINHA": 194701 }, "geometry": { "type": "MultiLineString", "coordinates": [ [ [ 418746.575105485797394, 7624317.789744975976646 ], [ 418770.156341580383014, 7624306.055005468428135 ], [ 418791.910631392151117, 7624294.10855813510716 ], [ 418812.157709241961129, 7624281.743424711748958 ], [ 418827.092136986495461, 7624271.623527441173792 ], [ 418843.991656383499503, 7624258.803942328318954 ], [ 418858.769192652311176, 7624245.944027999415994 ], [ 418871.33096088306047, 7624233.211971133947372 ], [ 418881.065763120714109, 7624221.613411752507091 ] ] ] } },
{ "type": "Feature", "properties": { "fid": 686.0, "COMPR_M": 169.3, "CLASSE": "02 - Curta", "CD_FAZ": "403206", "TALHOES": "2", "FAZ_tAL": "403206002", "ID_LINHA": 194702 }, "geometry": { "type": "MultiLineString", "coordinates": [ [ [ 418746.344858041382395, 7624321.215623272582889 ], [ 418767.016964242095128, 7624311.056807316839695 ], [ 418789.14997303794371, 7624299.144720207899809 ], [ 418809.844025943777524, 7624286.781516228802502 ], [ 418828.831733214552514, 7624274.067728387191892 ], [ 418845.881822287570685, 7624261.133680424652994 ], [ 418860.821228516346309, 7624248.132559487596154 ], [ 418873.552887667785399, 7624235.227833644486964 ], [ 418883.063138236175291, 7624223.932146061211824 ] ] ] } },
{ "type": "Feature", "properties": { "fid": 687.0, "COMPR_M": 171.77, "CLASSE": "02 - Curta", "CD_FAZ": "403206", "TALHOES": "2", "FAZ_tAL": "403206002", "ID_LINHA": 194703 }, "geometry": { "type": "MultiLineString", "coordinates": [ [ [ 418746.114610584510956, 7624324.641501569189131 ], [ 418768.385110379545949, 7624313.726697069592774 ], [ 418790.628292051784229, 7624301.755228484049439 ], [ 418811.446127869479824, 7624289.3179523460567 ], [ 418830.571329425263684, 7624276.511929340660572 ], [ 418844.495192432194017, 7624266.085622247308493 ], [ 418860.027006121352315, 7624252.949413942173123 ], [ 418873.373536430764943, 7624239.845305416733027 ], [ 418885.060513347387314, 7624226.25088035967201 ] ] ] } },
{ "type": "Feature", "properties": { "fid": 688.0, "COMPR_M": 174.24, "CLASSE": "02 - Curta", "CD_FAZ": "403206", "TALHOES": "2", "FAZ_tAL": "403206002", "ID_LINHA": 194704 }, "geometry": { "type": "MultiLineString", "coordinates": [ [ [ 418745.884584720537532, 7624328.064082939177752 ], [ 418769.753256525960751, 7624316.39658681396395 ], [ 418792.10661106556654, 7624304.365736752748489 ], [ 418813.048229809093755, 7624291.854388454928994 ], [ 418832.310925649595447, 7624278.956130292266607 ], [ 418846.354263966029976, 7624268.440243126824498 ], [ 418862.045896187599283, 7624255.16855329927057 ], [ 418875.561037011037115, 7624241.898466211743653 ], [ 418887.055251934449188, 7624228.566553942859173 ] ] ] } },
{ "type": "Feature", "properties": { "fid": 689.0, "COMPR_M": 176.71, "CLASSE": "02 - Curta", "CD_FAZ": "403206", "TALHOES": "2", "FAZ_tAL": "403206002", "ID_LINHA": 194705 }, "geometry": { "type": "MultiLineString", "coordinates": [ [ [ 418745.655193590733688, 7624331.47721990942955 ], [ 418771.121402669639792, 7624319.066476561129093 ], [ 418793.58493008185178, 7624306.97624502889812 ], [ 418814.650331730896141, 7624294.39082457870245 ], [ 418830.315577950852457, 7624284.025520195253193 ], [ 418848.213335487293079, 7624270.794863998889923 ], [ 418864.06478626979515, 7624257.387692642398179 ], [ 418877.748537585721351, 7624243.951627007685602 ], [ 418889.046298284549266, 7624230.877941251732409 ] ] ] } },
{ "type": "Feature", "properties": { "fid": 690.0, "COMPR_M": 179.18, "CLASSE": "02 - Curta", "CD_FAZ": "403206", "TALHOES": "2", "FAZ_tAL": "403206002", "ID_LINHA": 194706 }, "geometry": { "type": "MultiLineString", "coordinates": [ [ [ 418745.425802455400117, 7624334.890356877818704 ], [ 418767.832925336842891, 7624324.099847480654716 ], [ 418790.65054304653313, 7624312.059610761702061 ], [ 418812.138338395161554, 7624299.496318459510803 ], [ 418832.026594749186188, 7624286.489808827638626 ], [ 418850.07240701362025, 7624273.149484873749316 ], [ 418866.083676338195801, 7624259.606831986457109 ], [ 418879.936038163374178, 7624246.004787804558873 ], [ 418891.037344636628404, 7624233.189328545704484 ] ] ] } },
{ "type": "Feature", "properties": { "fid": 691.0, "COMPR_M": 181.65, "CLASSE": "02 - Curta", "CD_FAZ": "403206", "TALHOES": "2", "FAZ_tAL": "403206002", "ID_LINHA": 194707 }, "geometry": { "type": "MultiLineString", "coordinates": [ [ [ 418745.196436069731135, 7624338.303125726059079 ], [ 418769.180643033818342, 7624326.780105737969279 ], [ 418792.105746520566754, 7624314.68307285476476 ], [ 418813.714585542737041, 7624302.048899663612247 ], [ 418833.737611548043787, 7624288.954097462818027 ], [ 418851.931478547747247, 7624275.504105743020773 ], [ 418868.102566412533633, 7624261.825971339829266 ], [ 418882.123538745334372, 7624248.057948599569499 ], [ 418893.02839097881224, 7624235.500715853646398 ] ] ] } },
{ "type": "Feature", "properties": { "fid": 692.0, "COMPR_M": 184.11, "CLASSE": "02 - Curta", "CD_FAZ": "403206", "TALHOES": "2", "FAZ_tAL": "403206002", "ID_LINHA": 194708 }, "geometry": { "type": "MultiLineString", "coordinates": [ [ [ 418744.967872547800653, 7624341.703948552720249 ], [ 418770.52836073783692, 7624329.460363991558552 ], [ 418793.560950004204642, 7624317.306534959003329 ], [ 418815.290832686470821, 7624304.601480866782367 ], [ 418835.448628334910609, 7624291.418386101722717 ], [ 418853.790550076926593, 7624277.858726626262069 ], [ 418870.121456492226571, 7624264.045110679231584 ], [ 418884.311039319029078, 7624250.111109395511448 ], [ 418895.019437333568931, 7624237.812103157863021 ] ] ] } },
{ "type": "Feature", "properties": { "fid": 693.0, "COMPR_M": 186.58, "CLASSE": "02 - Curta", "CD_FAZ": "403206", "TALHOES": "2", "FAZ_tAL": "403206002", "ID_LINHA": 194709 }, "geometry": { "type": "MultiLineString", "coordinates": [ [ [ 418744.739309035416227, 7624345.104771378450096 ], [ 418771.876078432949726, 7624332.140622251667082 ], [ 418795.016153483011294, 7624319.929997063241899 ], [ 418816.86707983299857, 7624307.154062075540423 ], [ 418837.159645134175662, 7624293.88267473410815 ], [ 418855.649621603486594, 7624280.213347490876913 ], [ 418872.140346566622611, 7624266.264250030741096 ], [ 418886.498539898253512, 7624252.164270203560591 ], [ 418897.010483678313904, 7624240.123490464873612 ] ] ] } },
{ "type": "Feature", "properties": { "fid": 694.0, "COMPR_M": 189.04, "CLASSE": "02 - Curta", "CD_FAZ": "403206", "TALHOES": "2", "FAZ_tAL": "403206002", "ID_LINHA": 194710 }, "geometry": { "type": "MultiLineString", "coordinates": [ [ [ 418744.510745517385658, 7624348.50559420324862 ], [ 418773.22379612311488, 7624334.820880519226193 ], [ 418796.471356968802866, 7624322.553459164686501 ], [ 418818.443326977081597, 7624309.706643275916576 ], [ 418838.870661932625808, 7624296.346963379532099 ], [ 418857.508693126495928, 7624282.567968371324241 ], [ 418874.15923663781723, 7624268.48338938318193 ], [ 418888.686040468630381, 7624254.21743100322783 ], [ 418899.001530037028715, 7624242.434877768158913 ] ] ] } },
{ "type": "Feature", "properties": { "fid": 695.0, "COMPR_M": 191.5, "CLASSE": "02 - Curta", "CD_FAZ": "403206", "TALHOES": "2", "FAZ_tAL": "403206002", "ID_LINHA": 194711 }, "geometry": { "type": "MultiLineString", "coordinates": [ [ [ 418744.282745253934991, 7624351.898036450147629 ], [ 418769.773343470471445, 7624339.891240954399109 ], [ 418793.347757306124549, 7624327.690725936554372 ], [ 418815.714912200463004, 7624314.887703945860267 ], [ 418836.604086934181396, 7624301.539264218881726 ], [ 418855.762983899156097, 7624287.73056741245091 ], [ 418872.981780105095822, 7624273.567343344911933 ], [ 418888.107656577194575, 7624259.168552847579122 ], [ 418900.988917354901787, 7624244.742017343640327 ] ] ] } },
{ "type": "Feature", "properties": { "fid": 696.0, "COMPR_M": 193.96, "CLASSE": "02 - Curta", "CD_FAZ": "403206", "TALHOES": "2", "FAZ_tAL": "403206002", "ID_LINHA": 194712 }, "geometry": { "type": "MultiLineString", "coordinates": [ [ [ 418744.05498056934448, 7624355.286973377689719 ], [ 418771.101160066551529, 7624342.581412512809038 ], [ 418794.780388473009225, 7624330.326580440625548 ], [ 418817.265855497855227, 7624317.455735991708934 ], [ 418838.287058810237795, 7624304.022787326946855 ], [ 418857.591436392744072, 7624290.109039274975657 ], [ 418874.967884033801965, 7624275.815868176519871 ], [ 418890.260939469560981, 7624261.25756529532373 ], [ 418902.974106169363949, 7624247.046604671515524 ] ] ] } },
{ "type": "Feature", "properties": { "fid": 697.0, "COMPR_M": 196.42, "CLASSE": "02 - Curta", "CD_FAZ": "403206", "TALHOES": "2", "FAZ_tAL": "403206002", "ID_LINHA": 194713 }, "geometry": { "type": "MultiLineString", "coordinates": [ [ [ 418743.82721588149434, 7624358.67591030523181 ], [ 418772.4289766716538, 7624345.271584058180451 ], [ 418796.213019644026645, 7624332.962434943765402 ], [ 418818.816798790125176, 7624320.023768039420247 ], [ 418839.970030692056753, 7624306.506310433149338 ], [ 418859.419888889882714, 7624292.48751113936305 ], [ 418876.953987967339344, 7624278.064393012784421 ], [ 418892.414222355990205, 7624263.346577750518918 ], [ 418904.959294969914481, 7624249.351192003116012 ] ] ] } },
{ "type": "Feature", "properties": { "fid": 698.0, "COMPR_M": 198.88, "CLASSE": "02 - Curta", "CD_FAZ": "403206", "TALHOES": "2", "FAZ_tAL": "403206002", "ID_LINHA": 194714 }, "geometry": { "type": "MultiLineString", "coordinates": [ [ [ 418743.599668514099903, 7624362.061613697558641 ], [ 418773.75679326581303, 7624347.96175560541451 ], [ 418797.645650815975387, 7624335.598289456218481 ], [ 418820.367742085887585, 7624322.59180009085685 ], [ 418841.653002569684759, 7624308.989833539351821 ], [ 418861.248341381317005, 7624294.865983003750443 ], [ 418878.940091906348243, 7624280.312917858362198 ], [ 418894.567505237821024, 7624265.435590201988816 ], [ 418906.944483780185692, 7624251.655779344961047 ] ] ] } },
{ "type": "Feature", "properties": { "fid": 699.0, "COMPR_M": 201.33, "CLASSE": "02 - Curta", "CD_FAZ": "403206", "TALHOES": "2", "FAZ_tAL": "403206002", "ID_LINHA": 194715 }, "geometry": { "type": "MultiLineString", "coordinates": [ [ [ 418743.372674695507158, 7624365.439080791547894 ], [ 418770.171772805741057, 7624353.054549181833863 ], [ 418799.078281979600433, 7624338.234143966808915 ], [ 418821.918685379088856, 7624325.159832147881389 ], [ 418843.335974451736547, 7624311.473356653004885 ], [ 418863.076793865649961, 7624297.244454866275191 ], [ 418880.926195838430431, 7624282.561442702077329 ], [ 418896.720788123551756, 7624267.52460265532136 ], [ 418908.929672577301972, 7624253.960366670973599 ] ] ] } },
{ "type": "Feature", "properties": { "fid": 700.0, "COMPR_M": 203.78, "CLASSE": "02 - Curta", "CD_FAZ": "403206", "TALHOES": "2", "FAZ_tAL": "403206002", "ID_LINHA": 194716 }, "geometry": { "type": "MultiLineString", "coordinates": [ [ [ 418743.145680885296315, 7624368.816547883674502 ], [ 418771.480211884016171, 7624355.754197295755148 ], [ 418800.510913156031165, 7624340.869998473674059 ], [ 418823.469628675840795, 7624327.727864192798734 ], [ 418845.018946322379634, 7624313.956879764795303 ], [ 418864.905246364709456, 7624299.622926730662584 ], [ 418882.912299777497537, 7624284.809967527166009 ], [ 418898.874071016558446, 7624269.613615102134645 ], [ 418910.914861383498646, 7624256.264954000711441 ] ] ] } },
{ "type": "Feature", "properties": { "fid": 701.0, "COMPR_M": 206.24, "CLASSE": "02 - Curta", "CD_FAZ": "403206", "TALHOES": "2", "FAZ_tAL": "403206002", "ID_LINHA": 194717 }, "geometry": { "type": "MultiLineString", "coordinates": [ [ [ 418742.918687061057426, 7624372.194014977663755 ], [ 418772.788650967064314, 7624358.453845426440239 ], [ 418797.184229091741145, 7624346.066600874997675 ], [ 418820.508288694894873, 7624332.991135131567717 ], [ 418842.4899702675757, 7624319.260414324700832 ], [ 418862.870359186141286, 7624304.932290817610919 ], [ 418881.423719054902904, 7624290.083105715923011 ], [ 418897.970437469892204, 7624274.802534757182002 ], [ 418912.900050187658053, 7624258.569541340693831 ] ] ] } },
{ "type": "Feature", "properties": { "fid": 702.0, "COMPR_M": 208.69, "CLASSE": "02 - Curta", "CD_FAZ": "403206", "TALHOES": "2", "FAZ_tAL": "403206002", "ID_LINHA": 194718 }, "geometry": { "type": "MultiLineString", "coordinates": [ [ [ 418742.692257241171319, 7624375.563090394251049 ], [ 418769.095091033377685, 7624363.555981966666877 ], [ 418798.594828617700841, 7624348.714309496805072 ], [ 418822.034476349712349, 7624335.573954010382295 ], [ 418844.145438146195374, 7624321.7623520931229 ], [ 418864.668683973897714, 7624307.333618830889463 ], [ 418883.377423529978842, 7624292.359833342954516 ], [ 418900.089708517771214, 7624276.92603736743331 ], [ 418914.885238990536891, 7624260.874128664843738 ] ] ] } },
{ "type": "Feature", "properties": { "fid": 703.0, "COMPR_M": 211.14, "CLASSE": "02 - Curta", "CD_FAZ": "403206", "TALHOES": "2", "FAZ_tAL": "403206002", "ID_LINHA": 194719 }, "geometry": { "type": "MultiLineString", "coordinates": [ [ [ 418742.466007118579, 7624378.929491846822202 ], [ 418770.38466552371392, 7624366.264690868556499 ], [ 418800.005428130563814, 7624351.362018123269081 ], [ 418823.560664003365673, 7624338.156772895716131 ], [ 418845.800906027667224, 7624324.264289854094386 ], [ 418866.467008753330447, 7624309.734946849755943 ], [ 418885.331128009653185, 7624294.636560984887183 ], [ 418902.208979573217221, 7624279.049539975821972 ], [ 418916.868010111269541, 7624263.175909332931042 ] ] ] } },
{ "type": "Feature", "properties": { "fid": 704.0, "COMPR_M": 213.59, "CLASSE": "02 - Curta", "CD_FAZ": "403206", "TALHOES": "2", "FAZ_tAL": "403206002", "ID_LINHA": 194720 }, "geometry": { "type": "MultiLineString", "coordinates": [ [ [ 418742.23975701269228, 7624382.295893296599388 ], [ 418771.674240012536757, 7624368.973399754613638 ], [ 418801.416027651983313, 7624354.00972674973309 ], [ 418825.086851658532396, 7624340.739591769874096 ], [ 418847.456373913213611, 7624326.766227631829679 ], [ 418868.265333533054218, 7624312.136274863965809 ], [ 418887.284832493402064, 7624296.913288621231914 ], [ 418904.328250623773783, 7624281.17304259352386 ], [ 418918.847839913854841, 7624265.474275446496904 ] ] ] } },
{ "type": "Feature", "properties": { "fid": 705.0, "COMPR_M": 216.04, "CLASSE": "02 - Curta", "CD_FAZ": "403206", "TALHOES": "2", "FAZ_tAL": "403206002", "ID_LINHA": 194721 }, "geometry": { "type": "MultiLineString", "coordinates": [ [ [ 418742.013601897575427, 7624385.660881242714822 ], [ 418772.963814501592424, 7624371.682108645327389 ], [ 418797.938453364302404, 7624359.23593819513917 ], [ 418826.613039312360343, 7624343.322410648688674 ], [ 418849.111841788515449, 7624329.268165401183069 ], [ 418870.063658313127235, 7624314.537602873519063 ], [ 418889.238536967313848, 7624299.190016249194741 ], [ 418906.447521670022979, 7624283.296545203775167 ], [ 418920.827669711376075, 7624267.772641556337476 ] ] ] } },
{ "type": "Feature", "properties": { "fid": 706.0, "COMPR_M": 218.48, "CLASSE": "02 - Curta", "CD_FAZ": "403206", "TALHOES": "2", "FAZ_tAL": "403206002", "ID_LINHA": 194722 }, "geometry": { "type": "MultiLineString", "coordinates": [ [ [ 418741.788069095695391, 7624389.016609654761851 ], [ 418769.152689306647517, 7624376.797721700742841 ], [ 418799.327558953780681, 7624361.894984821788967 ], [ 418828.139226969040465, 7624345.905229525640607 ], [ 418850.767309675982688, 7624331.770103165879846 ], [ 418871.861983092792798, 7624316.938930890522897 ], [ 418891.192241445824038, 7624301.466743891127408 ], [ 418908.566792721860111, 7624285.42004781216383 ], [ 418922.80749950511381, 7624270.071007672697306 ] ] ] } },
{ "type": "Feature", "properties": { "fid": 707.0, "COMPR_M": 220.93, "CLASSE": "02 - Curta", "CD_FAZ": "403206", "TALHOES": "2", "FAZ_tAL": "403206002", "ID_LINHA": 194723 }, "geometry": { "type": "MultiLineString", "coordinates": [ [ [ 418741.562536302488297, 7624392.372338069602847 ], [ 418770.423791480134241, 7624379.515147259458899 ], [ 418800.716664546460379, 7624364.55403146147728 ], [ 418829.665414625196718, 7624348.488048397004604 ], [ 418852.4227775556501, 7624334.272040943615139 ], [ 418873.660307875426952, 7624319.340258902870119 ], [ 418893.145945928408764, 7624303.743471529334784 ], [ 418910.686063770146575, 7624287.543550426140428 ], [ 418924.787329302285798, 7624272.369373776949942 ] ] ] } },
{ "type": "Feature", "properties": { "fid": 708.0, "COMPR_M": 223.37, "CLASSE": "02 - Curta", "CD_FAZ": "403206", "TALHOES": "2", "FAZ_tAL": "403206002", "ID_LINHA": 194724 }, "geometry": { "type": "MultiLineString", "coordinates": [ [ [ 418741.337003507243935, 7624395.728066481649876 ], [ 418771.694893649430014, 7624382.232572816312313 ], [ 418802.105770130525343, 7624367.21307810023427 ], [ 418826.456168645061553, 7624353.838843069970608 ], [ 418849.613433938240632, 7624339.693421820178628 ], [ 418871.314703788957559, 7624324.804876666516066 ], [ 418891.320624096901156, 7624309.216940785758197 ], [ 418909.426908149034716, 7624292.985360024496913 ], [ 418926.767159106209874, 7624274.667739886790514 ] ] ] } },
{ "type": "Feature", "properties": { "fid": 709.0, "COMPR_M": 225.81, "CLASSE": "02 - Curta", "CD_FAZ": "403206", "TALHOES": "2", "FAZ_tAL": "403206002", "ID_LINHA": 194725 }, "geometry": { "type": "MultiLineString", "coordinates": [ [ [ 418741.111748971277848, 7624399.079654575325549 ], [ 418772.965995825012214, 7624384.949998369440436 ], [ 418798.484325500321575, 7624372.464271574281156 ], [ 418827.958148524339776, 7624356.435811979696155 ], [ 418851.241943712928332, 7624342.212986906990409 ], [ 418873.083405913319439, 7624327.228102436289191 ], [ 418893.24234132131096, 7624311.520726983435452 ], [ 418911.512416862009559, 7624295.142024163156748 ], [ 418928.746988905011676, 7624276.966105996631086 ] ] ] } },
{ "type": "Feature", "properties": { "fid": 710.0, "COMPR_M": 228.26, "CLASSE": "02 - Curta", "CD_FAZ": "403206", "TALHOES": "2", "FAZ_tAL": "403206002", "ID_LINHA": 194726 }, "geometry": { "type": "MultiLineString", "coordinates": [ [ [ 418740.886907854233868, 7624402.425091301091015 ], [ 418769.045328749925829, 7624390.074614356271923 ], [ 418799.852471638703719, 7624375.134161323308945 ], [ 418829.460128400358371, 7624359.032780889421701 ], [ 418852.870453483483288, 7624344.732551995664835 ], [ 418874.852108045830391, 7624329.651328208856285 ], [ 418895.164058536523953, 7624313.824513184837997 ], [ 418913.597925581620075, 7624297.298688312992454 ], [ 418930.726818699971773, 7624279.264472115784883 ] ] ] } },
{ "type": "Feature", "properties": { "fid": 711.0, "COMPR_M": 230.7, "CLASSE": "02 - Curta", "CD_FAZ": "403206", "TALHOES": "2", "FAZ_tAL": "403206002", "ID_LINHA": 194727 }, "geometry": { "type": "MultiLineString", "coordinates": [ [ [ 418740.662066746735945, 7624405.770528027787805 ], [ 418770.298202767444309, 7624392.800491490401328 ], [ 418801.220617784187198, 7624377.804051065817475 ], [ 418830.962108281673864, 7624361.629749801009893 ], [ 418854.498963253223337, 7624347.252117091789842 ], [ 418876.620810184977017, 7624332.074553987011313 ], [ 418897.085775751969777, 7624316.128299372270703 ], [ 418915.683434286154807, 7624299.455352459102869 ], [ 418932.706648498366121, 7624281.562838230282068 ] ] ] } },
{ "type": "Feature", "properties": { "fid": 712.0, "COMPR_M": 233.14, "CLASSE": "02 - Curta", "CD_FAZ": "403206", "TALHOES": "2", "FAZ_tAL": "403206002", "ID_LINHA": 194728 }, "geometry": { "type": "MultiLineString", "coordinates": [ [ [ 418740.437225638364907, 7624409.115964754484594 ], [ 418771.551076795964036, 7624395.526368617080152 ], [ 418802.588763928681146, 7624380.473940821364522 ], [ 418832.464088168926537, 7624364.22671870328486 ], [ 418856.12747302086791, 7624349.771682186052203 ], [ 418878.389512313820887, 7624334.497779752127826 ], [ 418899.007492969452869, 7624318.432085576467216 ], [ 418917.768942998140119, 7624301.612016595900059 ], [ 418934.686478293035179, 7624283.861204341053963 ] ] ] } },
{ "type": "Feature", "properties": { "fid": 713.0, "COMPR_M": 235.57, "CLASSE": "02 - Curta", "CD_FAZ": "403206", "TALHOES": "2", "FAZ_tAL": "403206002", "ID_LINHA": 194729 }, "geometry": { "type": "MultiLineString", "coordinates": [ [ [ 418740.212762036477216, 7624412.45578445494175 ], [ 418772.803950816218276, 7624398.252245753072202 ], [ 418803.956910071778111, 7624383.143830575048923 ], [ 418833.966068040987011, 7624366.823687620460987 ], [ 418857.755982785078231, 7624352.291247280314565 ], [ 418880.158214447961655, 7624336.921005534008145 ], [ 418900.929210190370213, 7624320.735871765762568 ], [ 418919.854451705585234, 7624303.768680740147829 ], [ 418936.664685601426754, 7624286.157686902210116 ] ] ] } },
{ "type": "Feature", "properties": { "fid": 714.0, "COMPR_M": 238.01, "CLASSE": "02 - Curta", "CD_FAZ": "403206", "TALHOES": "2", "FAZ_tAL": "403206002", "ID_LINHA": 194730 }, "geometry": { "type": "MultiLineString", "coordinates": [ [ [ 418739.988587720203213, 7624415.79129996150732 ], [ 418774.056824848870747, 7624400.978122880682349 ], [ 418805.325056212663185, 7624385.813720315694809 ], [ 418835.468047930276953, 7624369.420656524598598 ], [ 418859.384492559009232, 7624354.810812372714281 ], [ 418881.926916579715908, 7624339.344231303781271 ], [ 418902.850927398831118, 7624323.039657968096435 ], [ 418921.939960420364514, 7624305.92534489184618 ], [ 418938.639685850823298, 7624288.450446451082826 ] ] ] } },
{ "type": "Feature", "properties": { "fid": 715.0, "COMPR_M": 240.45, "CLASSE": "02 - Curta", "CD_FAZ": "403206", "TALHOES": "2", "FAZ_tAL": "403206002", "ID_LINHA": 194731 }, "geometry": { "type": "MultiLineString", "coordinates": [ [ [ 418739.764413392113056, 7624419.126815477386117 ], [ 418775.309698872617446, 7624403.704000017605722 ], [ 418806.693202350637875, 7624388.483610074035823 ], [ 418836.970027805073187, 7624372.0176254324615 ], [ 418861.01300232950598, 7624357.330377463251352 ], [ 418883.695618719502818, 7624341.767457067035139 ], [ 418904.772644621320069, 7624325.343444161117077 ], [ 418924.025469130603597, 7624308.082009034231305 ], [ 418940.614686114131473, 7624290.743205986917019 ] ] ] } },
{ "type": "Feature", "properties": { "fid": 716.0, "COMPR_M": 242.89, "CLASSE": "02 - Curta", "CD_FAZ": "403206", "TALHOES": "2", "FAZ_tAL": "403206002", "ID_LINHA": 194732 }, "geometry": { "type": "MultiLineString", "coordinates": [ [ [ 418739.540239074151032, 7624422.462330982089043 ], [ 418771.246244976122398, 7624408.852006021887064 ], [ 418802.873585440102033, 7624393.786562234163284 ], [ 418833.499543455196545, 7624377.45996851567179 ], [ 418857.907083901052829, 7624362.874599721282721 ], [ 418885.464320855448022, 7624344.190682843327522 ], [ 418906.694361833331641, 7624327.647230352275074 ], [ 418926.110977837699465, 7624310.238673179410398 ], [ 418942.589686370862182, 7624293.035965533927083 ] ] ] } },
{ "type": "Feature", "properties": { "fid": 717.0, "COMPR_M": 245.32, "CLASSE": "02 - Curta", "CD_FAZ": "403206", "TALHOES": "2", "FAZ_tAL": "403206002", "ID_LINHA": 194733 }, "geometry": { "type": "MultiLineString", "coordinates": [ [ [ 418739.316464688279666, 7624425.791895665228367 ], [ 418772.481112495181151, 7624411.586086958646774 ], [ 418804.221303134807386, 7624396.46682049240917 ], [ 418834.977862465835642, 7624380.07047679182142 ], [ 418859.509185825590976, 7624365.411035846918821 ], [ 418887.233022988191806, 7624346.613908620551229 ], [ 418908.616079057916068, 7624329.951016554608941 ], [ 418928.196486550150439, 7624312.395337319001555 ], [ 418944.56468662963016, 7624295.328725077211857 ] ] ] } },
{ "type": "Feature", "properties": { "fid": 718.0, "COMPR_M": 247.75, "CLASSE": "02 - Curta", "CD_FAZ": "403206", "TALHOES": "2", "FAZ_tAL": "403206002", "ID_LINHA": 194734 }, "geometry": { "type": "MultiLineString", "coordinates": [ [ [ 418739.092932982835919, 7624429.117849612608552 ], [ 418773.715980010048952, 7624414.320167886093259 ], [ 418805.569020833820105, 7624399.14707874879241 ], [ 418836.456181477115024, 7624382.680985063314438 ], [ 418861.111287755484227, 7624367.947471955791116 ], [ 418889.001725119771436, 7624349.037134390324354 ], [ 418910.537796272779815, 7624332.254802749492228 ], [ 418930.281995260040276, 7624314.552001466974616 ], [ 418946.539686879259534, 7624297.62148460932076 ] ] ] } },
{ "type": "Feature", "properties": { "fid": 719.0, "COMPR_M": 250.19, "CLASSE": "02 - Curta", "CD_FAZ": "403206", "TALHOES": "2", "FAZ_tAL": "403206002", "ID_LINHA": 194735 }, "geometry": { "type": "MultiLineString", "coordinates": [ [ [ 418738.869401275878772, 7624432.443803573027253 ], [ 418774.950847532018088, 7624417.054248807951808 ], [ 418806.916738537722267, 7624401.827337014488876 ], [ 418837.934500490198843, 7624385.291493341326714 ], [ 418862.713389688695315, 7624370.483908079564571 ], [ 418886.238408448349219, 7624354.726359739899635 ], [ 418908.257297083910089, 7624338.01503754965961 ], [ 418928.538412178691942, 7624320.354098852723837 ], [ 418939.786445890611503, 7624309.304851671680808 ], [ 418948.514687143266201, 7624299.914244163781404 ] ] ] } },
{ "type": "Feature", "properties": { "fid": 720.0, "COMPR_M": 252.62, "CLASSE": "02 - Curta", "CD_FAZ": "403206", "TALHOES": "2", "FAZ_tAL": "403206002", "ID_LINHA": 194736 }, "geometry": { "type": "MultiLineString", "coordinates": [ [ [ 418738.645869568688795, 7624435.769757520407438 ], [ 418776.185715052415617, 7624419.788329746574163 ], [ 418808.264456234115642, 7624404.507595272734761 ], [ 418839.4128195050871, 7624387.902001613751054 ], [ 418864.315491625922732, 7624373.020344195887446 ], [ 418887.978004673554096, 7624357.170560689643025 ], [ 418910.147462984838057, 7624340.344775637611747 ], [ 418930.590448055707384, 7624322.542630346491933 ], [ 418941.939728770055808, 7624311.393864123150706 ], [ 418950.489687400171533, 7624302.207003703340888 ] ] ] } },
{ "type": "Feature", "properties": { "fid": 721.0, "COMPR_M": 255.05, "CLASSE": "02 - Curta", "CD_FAZ": "403206", "TALHOES": "2", "FAZ_tAL": "403206002", "ID_LINHA": 194737 }, "geometry": { "type": "MultiLineString", "coordinates": [ [ [ 418738.422690391249489, 7624439.090466188266873 ], [ 418777.42058256798191, 7624422.522410675883293 ], [ 418809.612173924280796, 7624407.187853528186679 ], [ 418840.891138521255925, 7624390.512509892694652 ], [ 418865.917593557271175, 7624375.556780304759741 ], [ 418889.717600893229246, 7624359.614761646836996 ], [ 418912.037628885474987, 7624342.67451373487711 ], [ 418932.642483918811195, 7624324.731161849573255 ], [ 418944.093011665856466, 7624313.482876570895314 ], [ 418952.464687658473849, 7624304.499763242900372 ] ] ] } },
{ "type": "Feature", "properties": { "fid": 722.0, "COMPR_M": 257.48, "CLASSE": "02 - Curta", "CD_FAZ": "403206", "TALHOES": "2", "FAZ_tAL": "403206002", "ID_LINHA": 194738 }, "geometry": { "type": "MultiLineString", "coordinates": [ [ [ 418738.19977783318609, 7624442.40720777399838 ], [ 418773.217168864619453, 7624427.691342333331704 ], [ 418805.624391652992927, 7624412.525872809812427 ], [ 418837.217054409557022, 7624396.010397995822132 ], [ 418867.519695490540471, 7624378.093216428533196 ], [ 418891.457197115989402, 7624362.058962590992451 ], [ 418913.927794784656726, 7624345.004251826554537 ], [ 418934.694519787793979, 7624326.919693347997963 ], [ 418954.439687909442, 7624306.792522789910436 ] ] ] } },
{ "type": "Feature", "properties": { "fid": 723.0, "COMPR_M": 259.91, "CLASSE": "02 - Curta", "CD_FAZ": "403206", "TALHOES": "2", "FAZ_tAL": "403206002", "ID_LINHA": 194739 }, "geometry": { "type": "MultiLineString", "coordinates": [ [ [ 418737.976865274540614, 7624445.723949370905757 ], [ 418774.434268266602885, 7624430.433378472924232 ], [ 418806.952208247268572, 7624415.216044360771775 ], [ 418838.672257887781598, 7624398.633860096335411 ], [ 418869.121797417290509, 7624380.629652547650039 ], [ 418893.196793332579546, 7624364.503163542598486 ], [ 418915.817960693442728, 7624347.33398992754519 ], [ 418936.746555662190076, 7624329.108224833384156 ], [ 418956.414688165124971, 7624309.085282323881984 ] ] ] } },
{ "type": "Feature", "properties": { "fid": 724.0, "COMPR_M": 262.34, "CLASSE": "02 - Curta", "CD_FAZ": "403206", "TALHOES": "2", "FAZ_tAL": "403206002", "ID_LINHA": 194740 }, "geometry": { "type": "MultiLineString", "coordinates": [ [ [ 418737.753952714730985, 7624449.040690967813134 ], [ 418775.65136768022785, 7624433.175414621829987 ], [ 418808.28002485120669, 7624417.906215909868479 ], [ 418840.1274613730493, 7624401.257322198711336 ], [ 418865.730741357256193, 7624386.284079473465681 ], [ 418894.936389552953187, 7624366.947364492341876 ], [ 418917.708126590936445, 7624349.663728013634682 ], [ 418938.798591524595395, 7624331.296756336465478 ], [ 418958.389688421448227, 7624311.378041869029403 ] ] ] } },
{ "type": "Feature", "properties": { "fid": 725.0, "COMPR_M": 264.76, "CLASSE": "02 - Curta", "CD_FAZ": "403206", "TALHOES": "2", "FAZ_tAL": "403206002", "ID_LINHA": 194741 }, "geometry": { "type": "MultiLineString", "coordinates": [ [ [ 418737.53128214366734, 7624452.353832075372338 ], [ 418776.868467086402234, 7624435.917450765147805 ], [ 418809.607841444783844, 7624420.596387459896505 ], [ 418841.582664854708128, 7624403.880784296430647 ], [ 418867.306988510885276, 7624388.836660681292415 ], [ 418896.675985767098609, 7624369.391565438359976 ], [ 418919.598292498674709, 7624351.993466108106077 ], [ 418940.850627392239403, 7624333.485287826508284 ], [ 418960.364688681089319, 7624313.670801414176822 ] ] ] } },
{ "type": "Feature", "properties": { "fid": 726.0, "COMPR_M": 267.19, "CLASSE": "02 - Curta", "CD_FAZ": "403206", "TALHOES": "2", "FAZ_tAL": "403206002", "ID_LINHA": 194742 }, "geometry": { "type": "MultiLineString", "coordinates": [ [ [ 418737.308965939970221, 7624455.661700415425003 ], [ 418772.563373873883393, 7624441.089366113767028 ], [ 418805.49962792993756, 7624425.945048496127129 ], [ 418837.759323549747933, 7624409.402215613983572 ], [ 418868.883235653396696, 7624391.389241889119148 ], [ 418898.41558198427083, 7624371.835766395553946 ], [ 418921.488458403502591, 7624354.323204211890697 ], [ 418942.902663267159369, 7624335.673819319345057 ], [ 418962.338162639935035, 7624315.961789077147841 ] ] ] } },
{ "type": "Feature", "properties": { "fid": 727.0, "COMPR_M": 269.62, "CLASSE": "02 - Curta", "CD_FAZ": "403206", "TALHOES": "2", "FAZ_tAL": "403206002", "ID_LINHA": 194743 }, "geometry": { "type": "MultiLineString", "coordinates": [ [ [ 418737.086649736214895, 7624458.969568747095764 ], [ 418773.76295040268451, 7624443.839112685061991 ], [ 418806.808067017002031, 7624428.644696611911058 ], [ 418839.191954721929505, 7624412.038070120848715 ], [ 418870.459482804639265, 7624393.94182310346514 ], [ 418900.155178206448909, 7624374.279967349022627 ], [ 418923.378624298376963, 7624356.652942298911512 ], [ 418944.954699136782438, 7624337.862350815907121 ], [ 418964.308987826341763, 7624318.249701825901866 ] ] ] } },
{ "type": "Feature", "properties": { "fid": 728.0, "COMPR_M": 272.04, "CLASSE": "02 - Curta", "CD_FAZ": "403206", "TALHOES": "2", "FAZ_tAL": "403206002", "ID_LINHA": 194744 }, "geometry": { "type": "MultiLineString", "coordinates": [ [ [ 418736.864333533041645, 7624462.277437074109912 ], [ 418774.96252694062423, 7624446.5888592582196 ], [ 418808.116506098362152, 7624431.344344731420279 ], [ 418840.624585894984193, 7624414.673924629576504 ], [ 418872.035729945404455, 7624396.494404304772615 ], [ 418901.894774431711994, 7624376.724168298766017 ], [ 418925.268790200236253, 7624358.982680396176875 ], [ 418947.00673500308767, 7624340.050882313400507 ], [ 418966.279813011817168, 7624320.537614566273987 ] ] ] } },
{ "type": "Feature", "properties": { "fid": 729.0, "COMPR_M": 274.47, "CLASSE": "02 - Curta", "CD_FAZ": "403206", "TALHOES": "2", "FAZ_tAL": "403206002", "ID_LINHA": 194745 }, "geometry": { "type": "MultiLineString", "coordinates": [ [ [ 418736.642092137655709, 7624465.58419232070446 ], [ 418776.162103476410266, 7624449.338605827651918 ], [ 418809.424945173319429, 7624434.043992854654789 ], [ 418842.057217059773393, 7624417.309779132716358 ], [ 418873.611977094900794, 7624399.046985517255962 ], [ 418903.634370650222991, 7624379.168369246646762 ], [ 418927.158956104482058, 7624361.312418489716947 ], [ 418949.058770865318365, 7624342.239413812756538 ], [ 418968.250638208002783, 7624322.825527315959334 ] ] ] } },
{ "type": "Feature", "properties": { "fid": 730.0, "COMPR_M": 276.89, "CLASSE": "02 - Curta", "CD_FAZ": "403206", "TALHOES": "2", "FAZ_tAL": "403206002", "ID_LINHA": 194746 }, "geometry": { "type": "MultiLineString", "coordinates": [ [ [ 418736.420350159227382, 7624468.883516643196344 ], [ 418777.361680010100827, 7624452.088352406397462 ], [ 418810.733384255203418, 7624436.743640979751945 ], [ 418843.489848226716276, 7624419.945633636787534 ], [ 418875.188224244629964, 7624401.599566713906825 ], [ 418905.373966863204259, 7624381.612570192664862 ], [ 418929.04912200657418, 7624363.642156591638923 ], [ 418951.110806734883226, 7624344.427945304661989 ], [ 418970.221463395981118, 7624325.113440060988069 ] ] ] } },
{ "type": "Feature", "properties": { "fid": 731.0, "COMPR_M": 279.31, "CLASSE": "02 - Curta", "CD_FAZ": "403206", "TALHOES": "2", "FAZ_tAL": "403206002", "ID_LINHA": 194747 }, "geometry": { "type": "MultiLineString", "coordinates": [ [ [ 418736.198608190752566, 7624472.182840973138809 ], [ 418772.939994207408745, 7624457.269235202111304 ], [ 418812.041823329986073, 7624439.443289110437036 ], [ 418844.922479395172559, 7624422.581488146446645 ], [ 418876.764471382484771, 7624404.152147922664881 ], [ 418907.113563089747913, 7624384.056771146133542 ], [ 418930.939287917048205, 7624365.971894677728415 ], [ 418953.162842609686777, 7624346.616476807743311 ], [ 418972.192288583610207, 7624327.401352799497545 ] ] ] } },
{ "type": "Feature", "properties": { "fid": 732.0, "COMPR_M": 281.73, "CLASSE": "02 - Curta", "CD_FAZ": "403206", "TALHOES": "2", "FAZ_tAL": "403206002", "ID_LINHA": 194748 }, "geometry": { "type": "MultiLineString", "coordinates": [ [ [ 418735.976866211276501, 7624475.482165304943919 ], [ 418774.122299709531944, 7624460.02645131573081 ], [ 418813.350262410414871, 7624442.142937229946256 ], [ 418846.355110567761585, 7624425.217342657037079 ], [ 418878.340718531049788, 7624406.704729128628969 ], [ 418908.853159310063347, 7624386.500972101464868 ], [ 418932.829453817452304, 7624368.301632773131132 ], [ 418955.214878479775507, 7624348.805008303374052 ], [ 418974.163113770773634, 7624329.689265549182892 ] ] ] } },
{ "type": "Feature", "properties": { "fid": 733.0, "COMPR_M": 284.16, "CLASSE": "02 - Curta", "CD_FAZ": "403206", "TALHOES": "2", "FAZ_tAL": "403206002", "ID_LINHA": 194749 }, "geometry": { "type": "MultiLineString", "coordinates": [ [ [ 418735.755124234652612, 7624478.781489623710513 ], [ 418775.304605205135886, 7624462.783667418174446 ], [ 418814.658701484499034, 7624444.842585353180766 ], [ 418847.78774174064165, 7624427.853197161108255 ], [ 418879.916965678334236, 7624409.257310343906283 ], [ 418895.464942431717645, 7624399.32242295332253 ], [ 418910.592755524266977, 7624388.945173049345613 ], [ 418934.719619715586305, 7624370.631370865739882 ], [ 418957.266914347943384, 7624350.993539800867438 ], [ 418976.133938960265368, 7624331.977178294211626 ] ] ] } },
{ "type": "Feature", "properties": { "fid": 734.0, "COMPR_M": 286.58, "CLASSE": "02 - Curta", "CD_FAZ": "403206", "TALHOES": "2", "FAZ_tAL": "403206002", "ID_LINHA": 194750 }, "geometry": { "type": "MultiLineString", "coordinates": [ [ [ 418735.533792278089095, 7624482.074713246896863 ], [ 418776.486910705221817, 7624465.540883531793952 ], [ 418810.361474693170749, 7624450.23466651327908 ], [ 418843.734013191598933, 7624433.440985593944788 ], [ 418876.201700664765667, 7624415.040953876450658 ], [ 418907.31133383710403, 7624394.918508836999536 ], [ 418931.871554236218799, 7624376.752803334966302 ], [ 418954.914839610049967, 7624357.248963296413422 ], [ 418967.906382090819534, 7624344.878120984882116 ], [ 418978.104764157906175, 7624334.265091042034328 ] ] ] } },
{ "type": "Feature", "properties": { "fid": 735.0, "COMPR_M": 288.99, "CLASSE": "02 - Curta", "CD_FAZ": "403206", "TALHOES": "2", "FAZ_tAL": "403206002", "ID_LINHA": 194751 }, "geometry": { "type": "MultiLineString", "coordinates": [ [ [ 418735.312603052589111, 7624485.36581327393651 ], [ 418771.968605988426134, 7624470.7215920034796 ], [ 418811.651049181993585, 7624452.943375399336219 ], [ 418845.144612712669186, 7624436.088694214820862 ], [ 418877.752643960760906, 7624417.608985923230648 ], [ 418909.022350638639182, 7624397.382797477766871 ], [ 418933.73062576627126, 7624379.107424216344953 ], [ 418956.933729680953547, 7624359.468102650716901 ], [ 418970.025653144810349, 7624347.001623601652682 ], [ 418980.075589348678477, 7624336.55300378613174 ] ] ] } },
{ "type": "Feature", "properties": { "fid": 736.0, "COMPR_M": 291.41, "CLASSE": "02 - Curta", "CD_FAZ": "403206", "TALHOES": "2", "FAZ_tAL": "403206002", "ID_LINHA": 194752 }, "geometry": { "type": "MultiLineString", "coordinates": [ [ [ 418735.091413816262502, 7624488.656913302838802 ], [ 418773.133898637839593, 7624473.486040757037699 ], [ 418812.940623672446236, 7624455.652084291912615 ], [ 418846.555212231702171, 7624438.736402852460742 ], [ 418879.303587252274156, 7624420.177017983049154 ], [ 418910.733367438078858, 7624399.847086111083627 ], [ 418935.589697294170037, 7624381.462045092135668 ], [ 418958.952619759947993, 7624361.687241992913187 ], [ 418972.144924195890781, 7624349.125126214697957 ], [ 418982.046414537006058, 7624338.840916534885764 ] ] ] } }
]
}
