{
"type": "FeatureCollection",
"name": "403932",
"crs": { "type": "name", "properties": { "name": "urn:ogc:def:crs:EPSG::32722" } },
"xy_coordinate_resolution": 1e-15,
"features": [
{ "type": "Feature", "properties": { "fid": 1.0, "COMPR_M": 498.71, "CLASSE": "03 - Média", "CD_FAZ": "403932", "TALHOES": "1", "FAZ_tAL": "403932001", "ID_LINHA": 228641 }, "geometry": { "type": "MultiLineString", "coordinates": [ [ [ 418224.111463648907375, 7632019.19101978559047 ], [ 418225.916014428716153, 7631520.64148279838264 ] ] ] } },
{ "type": "Feature", "properties": { "fid": 2.0, "COMPR_M": 498.4, "CLASSE": "03 - Média", "CD_FAZ": "403932", "TALHOES": "1", "FAZ_tAL": "403932001", "ID_LINHA": 228642 }, "geometry": { "type": "MultiLineString", "coordinates": [ [ [ 418227.111590142943896, 7632019.161502273753285 ], [ 418228.915007785893977, 7631520.925020797178149 ] ] ] } },
{ "type": "Feature", "properties": { "fid": 3.0, "COMPR_M": 498.08, "CLASSE": "03 - Média", "CD_FAZ": "403932", "TALHOES": "1", "FAZ_tAL": "403932001", "ID_LINHA": 228643 }, "geometry": { "type": "MultiLineString", "coordinates": [ [ [ 418230.111716636572964, 7632019.131984758190811 ], [ 418231.914001144876238, 7631521.208558797836304 ] ] ] } },
{ "type": "Feature", "properties": { "fid": 4.0, "COMPR_M": 497.77, "CLASSE": "03 - Média", "CD_FAZ": "403932", "TALHOES": "1", "FAZ_tAL": "403932001", "ID_LINHA": 228644 }, "geometry": { "type": "MultiLineString", "coordinates": [ [ [ 418233.111843130551279, 7632019.102467245422304 ], [ 418234.912994502577931, 7631521.492096798494458 ] ] ] } },
{ "type": "Feature", "properties": { "fid": 5.0, "COMPR_M": 497.46, "CLASSE": "03 - Média", "CD_FAZ": "403932", "TALHOES": "1", "FAZ_tAL": "403932001", "ID_LINHA": 228645 }, "geometry": { "type": "MultiLineString", "coordinates": [ [ [ 418236.111969623481855, 7632019.072949729859829 ], [ 418237.911987860105, 7631521.775634801015258 ] ] ] } },
{ "type": "Feature", "properties": { "fid": 6.0, "COMPR_M": 497.15, "CLASSE": "03 - Média", "CD_FAZ": "403932", "TALHOES": "1", "FAZ_tAL": "403932001", "ID_LINHA": 228646 }, "geometry": { "type": "MultiLineString", "coordinates": [ [ [ 418239.112096117401961, 7632019.043432216159999 ], [ 418240.910981217573863, 7631522.05917280074209 ] ] ] } },
{ "type": "Feature", "properties": { "fid": 7.0, "COMPR_M": 496.83, "CLASSE": "03 - Média", "CD_FAZ": "403932", "TALHOES": "1", "FAZ_tAL": "403932001", "ID_LINHA": 228647 }, "geometry": { "type": "MultiLineString", "coordinates": [ [ [ 418242.11222261225339, 7632019.013914704322815 ], [ 418243.909974575683009, 7631522.342710799537599 ] ] ] } },
{ "type": "Feature", "properties": { "fid": 9.0, "COMPR_M": 499.34, "CLASSE": "03 - Média", "CD_FAZ": "403932", "TALHOES": "1", "FAZ_tAL": "403932001", "ID_LINHA": 228648 }, "geometry": { "type": "MultiLineString", "coordinates": [ [ [ 418218.111210661125369, 7632019.250054813921452 ], [ 418219.918027715582866, 7631520.074406797066331 ] ] ] } },
{ "type": "Feature", "properties": { "fid": 10.0, "COMPR_M": 499.02, "CLASSE": "03 - Média", "CD_FAZ": "403932", "TALHOES": "1", "FAZ_tAL": "403932001", "ID_LINHA": 228649 }, "geometry": { "type": "MultiLineString", "coordinates": [ [ [ 418221.111337155220099, 7632019.220537299290299 ], [ 418222.917021072236821, 7631520.35794479586184 ] ] ] } },
{ "type": "Feature", "properties": { "fid": 11.0, "COMPR_M": 496.52, "CLASSE": "03 - Média", "CD_FAZ": "403932", "TALHOES": "1", "FAZ_tAL": "403932001", "ID_LINHA": 228650 }, "geometry": { "type": "MultiLineString", "coordinates": [ [ [ 418245.112349106115289, 7632018.98439718876034 ], [ 418246.908967933035456, 7631522.626248800195754 ] ] ] } },
{ "type": "Feature", "properties": { "fid": 12.0, "COMPR_M": 494.33, "CLASSE": "03 - Média", "CD_FAZ": "403932", "TALHOES": "1", "FAZ_tAL": "403932001", "ID_LINHA": 228651 }, "geometry": { "type": "MultiLineString", "coordinates": [ [ [ 418266.113234563264996, 7632018.777774592861533 ], [ 418267.901921435026452, 7631524.61101480294019 ] ] ] } },
{ "type": "Feature", "properties": { "fid": 13.0, "COMPR_M": 492.13, "CLASSE": "03 - Média", "CD_FAZ": "403932", "TALHOES": "1", "FAZ_tAL": "403932001", "ID_LINHA": 228652 }, "geometry": { "type": "MultiLineString", "coordinates": [ [ [ 418287.114120019949041, 7632018.571151994168758 ], [ 418288.894874939171132, 7631526.595780807547271 ] ] ] } },
{ "type": "Feature", "properties": { "fid": 14.0, "COMPR_M": 489.94, "CLASSE": "03 - Média", "CD_FAZ": "403932", "TALHOES": "1", "FAZ_tAL": "403932001", "ID_LINHA": 228653 }, "geometry": { "type": "MultiLineString", "coordinates": [ [ [ 418308.115005477098748, 7632018.364529397338629 ], [ 418309.887828441685997, 7631528.580546809360385 ] ] ] } },
{ "type": "Feature", "properties": { "fid": 15.0, "COMPR_M": 487.75, "CLASSE": "03 - Média", "CD_FAZ": "403932", "TALHOES": "1", "FAZ_tAL": "403932001", "ID_LINHA": 228654 }, "geometry": { "type": "MultiLineString", "coordinates": [ [ [ 418329.115890934306663, 7632018.157906799577177 ], [ 418330.880781944957562, 7631530.565312812104821 ] ] ] } },
{ "type": "Feature", "properties": { "fid": 16.0, "COMPR_M": 485.56, "CLASSE": "03 - Média", "CD_FAZ": "403932", "TALHOES": "1", "FAZ_tAL": "403932001", "ID_LINHA": 228655 }, "geometry": { "type": "MultiLineString", "coordinates": [ [ [ 418350.116776391398162, 7632017.951284204609692 ], [ 418351.873735448461957, 7631532.550078816711903 ] ] ] } },
{ "type": "Feature", "properties": { "fid": 17.0, "COMPR_M": 483.37, "CLASSE": "03 - Média", "CD_FAZ": "403932", "TALHOES": "1", "FAZ_tAL": "403932001", "ID_LINHA": 228656 }, "geometry": { "type": "MultiLineString", "coordinates": [ [ [ 418371.117661848431453, 7632017.744661604985595 ], [ 418372.866688949929085, 7631534.534844817593694 ] ] ] } },
{ "type": "Feature", "properties": { "fid": 18.0, "COMPR_M": 481.17, "CLASSE": "03 - Média", "CD_FAZ": "403932", "TALHOES": "1", "FAZ_tAL": "403932001", "ID_LINHA": 228657 }, "geometry": { "type": "MultiLineString", "coordinates": [ [ [ 418392.118547305231914, 7632017.53803901001811 ], [ 418393.859642453608103, 7631536.519610819406807 ] ] ] } },
{ "type": "Feature", "properties": { "fid": 19.0, "COMPR_M": 478.98, "CLASSE": "03 - Média", "CD_FAZ": "403932", "TALHOES": "1", "FAZ_tAL": "403932001", "ID_LINHA": 228658 }, "geometry": { "type": "MultiLineString", "coordinates": [ [ [ 418413.119432762032375, 7632017.331416414119303 ], [ 418414.85259595583193, 7631538.504376821219921 ] ] ] } },
{ "type": "Feature", "properties": { "fid": 20.0, "COMPR_M": 476.79, "CLASSE": "03 - Média", "CD_FAZ": "403932", "TALHOES": "1", "FAZ_tAL": "403932001", "ID_LINHA": 228659 }, "geometry": { "type": "MultiLineString", "coordinates": [ [ [ 418434.12031821848359, 7632017.124793816357851 ], [ 418435.84554945823038, 7631540.489142826758325 ] ] ] } },
{ "type": "Feature", "properties": { "fid": 21.0, "COMPR_M": 474.6, "CLASSE": "03 - Média", "CD_FAZ": "403932", "TALHOES": "1", "FAZ_tAL": "403932001", "ID_LINHA": 228660 }, "geometry": { "type": "MultiLineString", "coordinates": [ [ [ 418455.121203676913865, 7632016.918171221390367 ], [ 418456.838502963073552, 7631542.473908828571439 ] ] ] } },
{ "type": "Feature", "properties": { "fid": 22.0, "COMPR_M": 472.41, "CLASSE": "03 - Média", "CD_FAZ": "403932", "TALHOES": "1", "FAZ_tAL": "403932001", "ID_LINHA": 228661 }, "geometry": { "type": "MultiLineString", "coordinates": [ [ [ 418476.122089133539703, 7632016.711548622697592 ], [ 418477.831456465995871, 7631544.458674831315875 ] ] ] } },
{ "type": "Feature", "properties": { "fid": 23.0, "COMPR_M": 470.21, "CLASSE": "03 - Média", "CD_FAZ": "403932", "TALHOES": "1", "FAZ_tAL": "403932001", "ID_LINHA": 228662 }, "geometry": { "type": "MultiLineString", "coordinates": [ [ [ 418497.122974590747617, 7632016.50492602493614 ], [ 418498.824409968568943, 7631546.443440835922956 ] ] ] } },
{ "type": "Feature", "properties": { "fid": 24.0, "COMPR_M": 468.02, "CLASSE": "03 - Média", "CD_FAZ": "403932", "TALHOES": "1", "FAZ_tAL": "403932001", "ID_LINHA": 228663 }, "geometry": { "type": "MultiLineString", "coordinates": [ [ [ 418518.123860046733171, 7632016.29830342810601 ], [ 418519.817363471898716, 7631548.42820683773607 ] ] ] } },
{ "type": "Feature", "properties": { "fid": 25.0, "COMPR_M": 465.83, "CLASSE": "03 - Média", "CD_FAZ": "403932", "TALHOES": "1", "FAZ_tAL": "403932001", "ID_LINHA": 228664 }, "geometry": { "type": "MultiLineString", "coordinates": [ [ [ 418539.124745503882878, 7632016.091680830344558 ], [ 418540.810316974238958, 7631550.412972839549184 ] ] ] } },
{ "type": "Feature", "properties": { "fid": 26.0, "COMPR_M": 463.64, "CLASSE": "03 - Média", "CD_FAZ": "403932", "TALHOES": "1", "FAZ_tAL": "403932001", "ID_LINHA": 228665 }, "geometry": { "type": "MultiLineString", "coordinates": [ [ [ 418560.125630961207207, 7632015.885058231651783 ], [ 418561.803270477103069, 7631552.39773884229362 ] ] ] } },
{ "type": "Feature", "properties": { "fid": 27.0, "COMPR_M": 461.45, "CLASSE": "03 - Média", "CD_FAZ": "403932", "TALHOES": "1", "FAZ_tAL": "403932001", "ID_LINHA": 228666 }, "geometry": { "type": "MultiLineString", "coordinates": [ [ [ 418581.126516418298706, 7632015.678435636684299 ], [ 418582.796223980840296, 7631554.382504846900702 ] ] ] } },
{ "type": "Feature", "properties": { "fid": 28.0, "COMPR_M": 459.25, "CLASSE": "03 - Média", "CD_FAZ": "403932", "TALHOES": "1", "FAZ_tAL": "403932001", "ID_LINHA": 228667 }, "geometry": { "type": "MultiLineString", "coordinates": [ [ [ 418602.12740187603049, 7632015.471813042648137 ], [ 418603.78917748387903, 7631556.367270848713815 ] ] ] } },
{ "type": "Feature", "properties": { "fid": 29.0, "COMPR_M": 457.06, "CLASSE": "03 - Média", "CD_FAZ": "403932", "TALHOES": "1", "FAZ_tAL": "403932001", "ID_LINHA": 228668 }, "geometry": { "type": "MultiLineString", "coordinates": [ [ [ 418623.128287332830951, 7632015.265190443024039 ], [ 418624.782130986335687, 7631558.352036852389574 ] ] ] } },
{ "type": "Feature", "properties": { "fid": 30.0, "COMPR_M": 385.48, "CLASSE": "03 - Média", "CD_FAZ": "403932", "TALHOES": "1", "FAZ_tAL": "403932001", "ID_LINHA": 228669 }, "geometry": { "type": "MultiLineString", "coordinates": [ [ [ 418644.380253776966128, 7631945.691547667607665 ], [ 418645.77508448989829, 7631560.336802854202688 ] ] ] } },
{ "type": "Feature", "properties": { "fid": 31.0, "COMPR_M": 143.38, "CLASSE": "02 - Curta", "CD_FAZ": "403932", "TALHOES": "1", "FAZ_tAL": "403932001", "ID_LINHA": 228670 }, "geometry": { "type": "MultiLineString", "coordinates": [ [ [ 418666.24921768339118, 7631705.65786469168961 ], [ 418666.768037992238533, 7631562.321568856947124 ] ] ] } },
{ "type": "Feature", "properties": { "fid": 32.0, "COMPR_M": 496.21, "CLASSE": "03 - Média", "CD_FAZ": "403932", "TALHOES": "1", "FAZ_tAL": "403932001", "ID_LINHA": 228671 }, "geometry": { "type": "MultiLineString", "coordinates": [ [ [ 418248.112475598987658, 7632018.954879673197865 ], [ 418249.907961290911771, 7631522.909786801785231 ] ] ] } },
{ "type": "Feature", "properties": { "fid": 33.0, "COMPR_M": 495.89, "CLASSE": "03 - Média", "CD_FAZ": "403932", "TALHOES": "1", "FAZ_tAL": "403932001", "ID_LINHA": 228672 }, "geometry": { "type": "MultiLineString", "coordinates": [ [ [ 418251.112602093489841, 7632018.925362160429358 ], [ 418252.906954648729879, 7631523.19332480058074 ] ] ] } },
{ "type": "Feature", "properties": { "fid": 34.0, "COMPR_M": 495.58, "CLASSE": "03 - Média", "CD_FAZ": "403932", "TALHOES": "1", "FAZ_tAL": "403932001", "ID_LINHA": 228673 }, "geometry": { "type": "MultiLineString", "coordinates": [ [ [ 418254.112728586944286, 7632018.895844646729529 ], [ 418255.905948005267419, 7631523.476862802170217 ] ] ] } },
{ "type": "Feature", "properties": { "fid": 35.0, "COMPR_M": 495.27, "CLASSE": "03 - Média", "CD_FAZ": "403932", "TALHOES": "1", "FAZ_tAL": "403932001", "ID_LINHA": 228674 }, "geometry": { "type": "MultiLineString", "coordinates": [ [ [ 418257.112855080049485, 7632018.866327133961022 ], [ 418258.904941363609396, 7631523.760400803759694 ] ] ] } },
{ "type": "Feature", "properties": { "fid": 36.0, "COMPR_M": 494.95, "CLASSE": "03 - Média", "CD_FAZ": "403932", "TALHOES": "1", "FAZ_tAL": "403932001", "ID_LINHA": 228675 }, "geometry": { "type": "MultiLineString", "coordinates": [ [ [ 418260.112981575482991, 7632018.836809620261192 ], [ 418261.903934720612597, 7631524.043938803486526 ] ] ] } },
{ "type": "Feature", "properties": { "fid": 37.0, "COMPR_M": 494.64, "CLASSE": "03 - Média", "CD_FAZ": "403932", "TALHOES": "1", "FAZ_tAL": "403932001", "ID_LINHA": 228676 }, "geometry": { "type": "MultiLineString", "coordinates": [ [ [ 418263.113108069228474, 7632018.807292103767395 ], [ 418264.902928078197874, 7631524.327476803213358 ] ] ] } },
{ "type": "Feature", "properties": { "fid": 38.0, "COMPR_M": 108.77, "CLASSE": "02 - Curta", "CD_FAZ": "403932", "TALHOES": "1", "FAZ_tAL": "403932001", "ID_LINHA": 228677 }, "geometry": { "type": "MultiLineString", "coordinates": [ [ [ 418669.373453709471505, 7631671.340174103155732 ], [ 418669.767031350522302, 7631562.605106856673956 ] ] ] } },
{ "type": "Feature", "properties": { "fid": 39.0, "COMPR_M": 74.32, "CLASSE": "01 - Muito curta", "CD_FAZ": "403932", "TALHOES": "1", "FAZ_tAL": "403932001", "ID_LINHA": 228678 }, "geometry": { "type": "MultiLineString", "coordinates": [ [ [ 418672.497102796274703, 7631637.1846391428262 ], [ 418672.766024707641918, 7631562.88864485733211 ] ] ] } },
{ "type": "Feature", "properties": { "fid": 40.0, "COMPR_M": 38.72, "CLASSE": "01 - Muito curta", "CD_FAZ": "403932", "TALHOES": "1", "FAZ_tAL": "403932001", "ID_LINHA": 228679 }, "geometry": { "type": "MultiLineString", "coordinates": [ [ [ 418675.624927908240352, 7631601.875379081815481 ], [ 418675.765018065343611, 7631563.172182857990265 ] ] ] } },
{ "type": "Feature", "properties": { "fid": 42.0, "COMPR_M": 347.59, "CLASSE": "03 - Média", "CD_FAZ": "403932", "TALHOES": "1", "FAZ_tAL": "403932001", "ID_LINHA": 228680 }, "geometry": { "type": "MultiLineString", "coordinates": [ [ [ 418647.516343780676834, 7631908.098917545750737 ], [ 418648.774077847250737, 7631560.62034085392952 ] ] ] } },
{ "type": "Feature", "properties": { "fid": 43.0, "COMPR_M": 313.69, "CLASSE": "03 - Média", "CD_FAZ": "403932", "TALHOES": "1", "FAZ_tAL": "403932001", "ID_LINHA": 228681 }, "geometry": { "type": "MultiLineString", "coordinates": [ [ [ 418650.638019944017287, 7631874.48844853322953 ], [ 418651.773071205301676, 7631560.903878854587674 ] ] ] } },
{ "type": "Feature", "properties": { "fid": 44.0, "COMPR_M": 279.72, "CLASSE": "02 - Curta", "CD_FAZ": "403932", "TALHOES": "1", "FAZ_tAL": "403932001", "ID_LINHA": 228682 }, "geometry": { "type": "MultiLineString", "coordinates": [ [ [ 418653.759932618006133, 7631840.812638632953167 ], [ 418654.77206456271233, 7631561.187416855245829 ] ] ] } },
{ "type": "Feature", "properties": { "fid": 45.0, "COMPR_M": 245.71, "CLASSE": "02 - Curta", "CD_FAZ": "403932", "TALHOES": "1", "FAZ_tAL": "403932001", "ID_LINHA": 228683 }, "geometry": { "type": "MultiLineString", "coordinates": [ [ [ 418656.881962328392547, 7631807.104494655504823 ], [ 418657.771057920879684, 7631561.470954857766628 ] ] ] } },
{ "type": "Feature", "properties": { "fid": 46.0, "COMPR_M": 211.89, "CLASSE": "02 - Curta", "CD_FAZ": "403932", "TALHOES": "1", "FAZ_tAL": "403932001", "ID_LINHA": 228684 }, "geometry": { "type": "MultiLineString", "coordinates": [ [ [ 418660.00334084907081, 7631773.576256697997451 ], [ 418660.770051277708262, 7631561.754492854699492 ] ] ] } },
{ "type": "Feature", "properties": { "fid": 47.0, "COMPR_M": 179.04, "CLASSE": "02 - Curta", "CD_FAZ": "403932", "TALHOES": "1", "FAZ_tAL": "403932001", "ID_LINHA": 228685 }, "geometry": { "type": "MultiLineString", "coordinates": [ [ [ 418663.121209089411423, 7631741.017815927043557 ], [ 418663.769044634653255, 7631562.038030857220292 ] ] ] } },
{ "type": "Feature", "properties": { "fid": 48.0, "COMPR_M": 456.75, "CLASSE": "03 - Média", "CD_FAZ": "403932", "TALHOES": "1", "FAZ_tAL": "403932001", "ID_LINHA": 228686 }, "geometry": { "type": "MultiLineString", "coordinates": [ [ [ 418626.12841382517945, 7632015.23567292932421 ], [ 418627.781124344735872, 7631558.635574851185083 ] ] ] } },
{ "type": "Feature", "properties": { "fid": 49.0, "COMPR_M": 456.44, "CLASSE": "03 - Média", "CD_FAZ": "403932", "TALHOES": "1", "FAZ_tAL": "403932001", "ID_LINHA": 228687 }, "geometry": { "type": "MultiLineString", "coordinates": [ [ [ 418629.128538241726346, 7632015.206729627214372 ], [ 418630.780117703136057, 7631558.919112851843238 ] ] ] } },
{ "type": "Feature", "properties": { "fid": 50.0, "COMPR_M": 456.12, "CLASSE": "03 - Média", "CD_FAZ": "403932", "TALHOES": "1", "FAZ_tAL": "403932001", "ID_LINHA": 228688 }, "geometry": { "type": "MultiLineString", "coordinates": [ [ [ 418632.12866075290367, 7632015.178312438540161 ], [ 418633.77911106031388, 7631559.202650850638747 ] ] ] } },
{ "type": "Feature", "properties": { "fid": 51.0, "COMPR_M": 455.81, "CLASSE": "03 - Média", "CD_FAZ": "403932", "TALHOES": "1", "FAZ_tAL": "403932001", "ID_LINHA": 228689 }, "geometry": { "type": "MultiLineString", "coordinates": [ [ [ 418635.128783263615333, 7632015.149895248003304 ], [ 418636.778104416793212, 7631559.486188853159547 ] ] ] } },
{ "type": "Feature", "properties": { "fid": 52.0, "COMPR_M": 453.75, "CLASSE": "03 - Média", "CD_FAZ": "403932", "TALHOES": "1", "FAZ_tAL": "403932001", "ID_LINHA": 228690 }, "geometry": { "type": "MultiLineString", "coordinates": [ [ [ 418638.135239913710393, 7632013.371523646637797 ], [ 418639.777097773388959, 7631559.769726851955056 ] ] ] } },
{ "type": "Feature", "properties": { "fid": 53.0, "COMPR_M": 418.29, "CLASSE": "03 - Média", "CD_FAZ": "403932", "TALHOES": "1", "FAZ_tAL": "403932001", "ID_LINHA": 228691 }, "geometry": { "type": "MultiLineString", "coordinates": [ [ [ 418641.262521996686701, 7631978.212288033217192 ], [ 418642.776091132604051, 7631560.053264853544533 ] ] ] } },
{ "type": "Feature", "properties": { "fid": 54.0, "COMPR_M": 458.94, "CLASSE": "03 - Média", "CD_FAZ": "403932", "TALHOES": "1", "FAZ_tAL": "403932001", "ID_LINHA": 228692 }, "geometry": { "type": "MultiLineString", "coordinates": [ [ [ 418605.127528369426727, 7632015.442295528016984 ], [ 418606.788170841347892, 7631556.650808850303292 ] ] ] } },
{ "type": "Feature", "properties": { "fid": 55.0, "COMPR_M": 458.63, "CLASSE": "03 - Média", "CD_FAZ": "403932", "TALHOES": "1", "FAZ_tAL": "403932001", "ID_LINHA": 228693 }, "geometry": { "type": "MultiLineString", "coordinates": [ [ [ 418608.127654863288626, 7632015.412778014317155 ], [ 418609.787164198874962, 7631556.934346847236156 ] ] ] } },
{ "type": "Feature", "properties": { "fid": 56.0, "COMPR_M": 458.31, "CLASSE": "03 - Média", "CD_FAZ": "403932", "TALHOES": "1", "FAZ_tAL": "403932001", "ID_LINHA": 228694 }, "geometry": { "type": "MultiLineString", "coordinates": [ [ [ 418611.127781357557978, 7632015.383260497823358 ], [ 418612.786157555761747, 7631557.217884850688279 ] ] ] } },
{ "type": "Feature", "properties": { "fid": 57.0, "COMPR_M": 458.0, "CLASSE": "03 - Média", "CD_FAZ": "403932", "TALHOES": "1", "FAZ_tAL": "403932001", "ID_LINHA": 228695 }, "geometry": { "type": "MultiLineString", "coordinates": [ [ [ 418614.1279078515945, 7632015.353742985054851 ], [ 418615.785150914045516, 7631557.501422849483788 ] ] ] } },
{ "type": "Feature", "properties": { "fid": 58.0, "COMPR_M": 457.69, "CLASSE": "03 - Média", "CD_FAZ": "403932", "TALHOES": "1", "FAZ_tAL": "403932001", "ID_LINHA": 228696 }, "geometry": { "type": "MultiLineString", "coordinates": [ [ [ 418617.128034344641492, 7632015.324225471355021 ], [ 418618.784144271630794, 7631557.78496084921062 ] ] ] } },
{ "type": "Feature", "properties": { "fid": 59.0, "COMPR_M": 457.37, "CLASSE": "03 - Média", "CD_FAZ": "403932", "TALHOES": "1", "FAZ_tAL": "403932001", "ID_LINHA": 228697 }, "geometry": { "type": "MultiLineString", "coordinates": [ [ [ 418620.128160838852637, 7632015.294707958586514 ], [ 418621.783137629972771, 7631558.068498850800097 ] ] ] } },
{ "type": "Feature", "properties": { "fid": 60.0, "COMPR_M": 461.13, "CLASSE": "03 - Média", "CD_FAZ": "403932", "TALHOES": "1", "FAZ_tAL": "403932001", "ID_LINHA": 228698 }, "geometry": { "type": "MultiLineString", "coordinates": [ [ [ 418584.126642912102398, 7632015.648918123915792 ], [ 418585.795217337552458, 7631554.666042847558856 ] ] ] } },
{ "type": "Feature", "properties": { "fid": 61.0, "COMPR_M": 460.82, "CLASSE": "03 - Média", "CD_FAZ": "403932", "TALHOES": "1", "FAZ_tAL": "403932001", "ID_LINHA": 228699 }, "geometry": { "type": "MultiLineString", "coordinates": [ [ [ 418587.126769406429958, 7632015.619400611147285 ], [ 418588.794210696185473, 7631554.94958084821701 ] ] ] } },
{ "type": "Feature", "properties": { "fid": 62.0, "COMPR_M": 460.51, "CLASSE": "03 - Média", "CD_FAZ": "403932", "TALHOES": "1", "FAZ_tAL": "403932001", "ID_LINHA": 228700 }, "geometry": { "type": "MultiLineString", "coordinates": [ [ [ 418590.126895900408272, 7632015.589883096516132 ], [ 418591.793204054178204, 7631555.23311884701252 ] ] ] } },
{ "type": "Feature", "properties": { "fid": 63.0, "COMPR_M": 460.19, "CLASSE": "03 - Média", "CD_FAZ": "403932", "TALHOES": "1", "FAZ_tAL": "403932001", "ID_LINHA": 228701 }, "geometry": { "type": "MultiLineString", "coordinates": [ [ [ 418593.127022394211963, 7632015.560365582816303 ], [ 418594.792197410890367, 7631555.516656849533319 ] ] ] } },
{ "type": "Feature", "properties": { "fid": 64.0, "COMPR_M": 459.88, "CLASSE": "03 - Média", "CD_FAZ": "403932", "TALHOES": "1", "FAZ_tAL": "403932001", "ID_LINHA": 228702 }, "geometry": { "type": "MultiLineString", "coordinates": [ [ [ 418596.127148887724616, 7632015.530848069116473 ], [ 418597.791190768301021, 7631555.800194847397506 ] ] ] } },
{ "type": "Feature", "properties": { "fid": 65.0, "COMPR_M": 459.57, "CLASSE": "03 - Média", "CD_FAZ": "403932", "TALHOES": "1", "FAZ_tAL": "403932001", "ID_LINHA": 228703 }, "geometry": { "type": "MultiLineString", "coordinates": [ [ [ 418599.127275381004438, 7632015.501330555416644 ], [ 418600.79018412635196, 7631556.083732848055661 ] ] ] } },
{ "type": "Feature", "properties": { "fid": 66.0, "COMPR_M": 463.32, "CLASSE": "03 - Média", "CD_FAZ": "403932", "TALHOES": "1", "FAZ_tAL": "403932001", "ID_LINHA": 228704 }, "geometry": { "type": "MultiLineString", "coordinates": [ [ [ 418563.125757455534767, 7632015.855540720745921 ], [ 418564.802263835561462, 7631552.681276842951775 ] ] ] } },
{ "type": "Feature", "properties": { "fid": 67.0, "COMPR_M": 463.01, "CLASSE": "03 - Média", "CD_FAZ": "403932", "TALHOES": "1", "FAZ_tAL": "403932001", "ID_LINHA": 228705 }, "geometry": { "type": "MultiLineString", "coordinates": [ [ [ 418566.125883948989213, 7632015.826023207977414 ], [ 418567.801257192099001, 7631552.964814843609929 ] ] ] } },
{ "type": "Feature", "properties": { "fid": 68.0, "COMPR_M": 462.7, "CLASSE": "03 - Média", "CD_FAZ": "403932", "TALHOES": "1", "FAZ_tAL": "403932001", "ID_LINHA": 228706 }, "geometry": { "type": "MultiLineString", "coordinates": [ [ [ 418569.126010442851111, 7632015.796505691483617 ], [ 418570.800250550557394, 7631553.248352844268084 ] ] ] } },
{ "type": "Feature", "properties": { "fid": 69.0, "COMPR_M": 462.39, "CLASSE": "03 - Média", "CD_FAZ": "403932", "TALHOES": "1", "FAZ_tAL": "403932001", "ID_LINHA": 228707 }, "geometry": { "type": "MultiLineString", "coordinates": [ [ [ 418572.126136936421972, 7632015.76698817871511 ], [ 418573.799243907793425, 7631553.531890846788883 ] ] ] } },
{ "type": "Feature", "properties": { "fid": 70.0, "COMPR_M": 462.07, "CLASSE": "03 - Média", "CD_FAZ": "403932", "TALHOES": "1", "FAZ_tAL": "403932001", "ID_LINHA": 228708 }, "geometry": { "type": "MultiLineString", "coordinates": [ [ [ 418575.12626343104057, 7632015.737470665946603 ], [ 418576.798237265029456, 7631553.81542884465307 ] ] ] } },
{ "type": "Feature", "properties": { "fid": 71.0, "COMPR_M": 461.76, "CLASSE": "03 - Média", "CD_FAZ": "403932", "TALHOES": "1", "FAZ_tAL": "403932001", "ID_LINHA": 228709 }, "geometry": { "type": "MultiLineString", "coordinates": [ [ [ 418578.126389924087562, 7632015.707953151315451 ], [ 418579.797230623604264, 7631554.098966846242547 ] ] ] } },
{ "type": "Feature", "properties": { "fid": 72.0, "COMPR_M": 465.52, "CLASSE": "03 - Média", "CD_FAZ": "403932", "TALHOES": "1", "FAZ_tAL": "403932001", "ID_LINHA": 228710 }, "geometry": { "type": "MultiLineString", "coordinates": [ [ [ 418542.124871997453738, 7632016.062163317576051 ], [ 418543.809310332580935, 7631550.696510840207338 ] ] ] } },
{ "type": "Feature", "properties": { "fid": 73.0, "COMPR_M": 465.2, "CLASSE": "03 - Média", "CD_FAZ": "403932", "TALHOES": "1", "FAZ_tAL": "403932001", "ID_LINHA": 228711 }, "geometry": { "type": "MultiLineString", "coordinates": [ [ [ 418545.124998491432052, 7632016.032645802944899 ], [ 418546.808303690282628, 7631550.980048840865493 ] ] ] } },
{ "type": "Feature", "properties": { "fid": 74.0, "COMPR_M": 464.89, "CLASSE": "03 - Média", "CD_FAZ": "403932", "TALHOES": "1", "FAZ_tAL": "403932001", "ID_LINHA": 228712 }, "geometry": { "type": "MultiLineString", "coordinates": [ [ [ 418548.12512498581782, 7632016.003128290176392 ], [ 418549.807297047344036, 7631551.263586843386292 ] ] ] } },
{ "type": "Feature", "properties": { "fid": 75.0, "COMPR_M": 464.58, "CLASSE": "03 - Média", "CD_FAZ": "403932", "TALHOES": "1", "FAZ_tAL": "403932001", "ID_LINHA": 228713 }, "geometry": { "type": "MultiLineString", "coordinates": [ [ [ 418551.125251479854342, 7632015.973610775545239 ], [ 418552.806290405103937, 7631551.547124842181802 ] ] ] } },
{ "type": "Feature", "properties": { "fid": 76.0, "COMPR_M": 464.26, "CLASSE": "03 - Média", "CD_FAZ": "403932", "TALHOES": "1", "FAZ_tAL": "403932001", "ID_LINHA": 228714 }, "geometry": { "type": "MultiLineString", "coordinates": [ [ [ 418554.125377974356525, 7632015.944093260914087 ], [ 418555.805283762863837, 7631551.830662841908634 ] ] ] } },
{ "type": "Feature", "properties": { "fid": 77.0, "COMPR_M": 463.95, "CLASSE": "03 - Média", "CD_FAZ": "403932", "TALHOES": "1", "FAZ_tAL": "403932001", "ID_LINHA": 228715 }, "geometry": { "type": "MultiLineString", "coordinates": [ [ [ 418557.125504467869177, 7632015.914575749076903 ], [ 418558.804277120623738, 7631552.114200843498111 ] ] ] } },
{ "type": "Feature", "properties": { "fid": 78.0, "COMPR_M": 467.71, "CLASSE": "03 - Média", "CD_FAZ": "403932", "TALHOES": "1", "FAZ_tAL": "403932001", "ID_LINHA": 228716 }, "geometry": { "type": "MultiLineString", "coordinates": [ [ [ 418521.123986541526392, 7632016.26878591440618 ], [ 418522.816356829542201, 7631548.711744836531579 ] ] ] } },
{ "type": "Feature", "properties": { "fid": 79.0, "COMPR_M": 467.4, "CLASSE": "03 - Média", "CD_FAZ": "403932", "TALHOES": "1", "FAZ_tAL": "403932001", "ID_LINHA": 228717 }, "geometry": { "type": "MultiLineString", "coordinates": [ [ [ 418524.124113035388291, 7632016.239268401637673 ], [ 418525.815350187185686, 7631548.995282839052379 ] ] ] } },
{ "type": "Feature", "properties": { "fid": 80.0, "COMPR_M": 467.08, "CLASSE": "03 - Média", "CD_FAZ": "403932", "TALHOES": "1", "FAZ_tAL": "403932001", "ID_LINHA": 228718 }, "geometry": { "type": "MultiLineString", "coordinates": [ [ [ 418527.124239528959151, 7632016.209750887937844 ], [ 418528.814343544829171, 7631549.278820837847888 ] ] ] } },
{ "type": "Feature", "properties": { "fid": 81.0, "COMPR_M": 466.77, "CLASSE": "03 - Média", "CD_FAZ": "403932", "TALHOES": "1", "FAZ_tAL": "403932001", "ID_LINHA": 228719 }, "geometry": { "type": "MultiLineString", "coordinates": [ [ [ 418530.124366022297181, 7632016.180233372375369 ], [ 418531.813336901832372, 7631549.562358839437366 ] ] ] } },
{ "type": "Feature", "properties": { "fid": 82.0, "COMPR_M": 466.46, "CLASSE": "03 - Média", "CD_FAZ": "403932", "TALHOES": "1", "FAZ_tAL": "403932001", "ID_LINHA": 228720 }, "geometry": { "type": "MultiLineString", "coordinates": [ [ [ 418533.124492516624741, 7632016.150715859606862 ], [ 418534.812330258835573, 7631549.845896838232875 ] ] ] } },
{ "type": "Feature", "properties": { "fid": 83.0, "COMPR_M": 466.14, "CLASSE": "03 - Média", "CD_FAZ": "403932", "TALHOES": "1", "FAZ_tAL": "403932001", "ID_LINHA": 228721 }, "geometry": { "type": "MultiLineString", "coordinates": [ [ [ 418536.124619009438902, 7632016.12119834497571 ], [ 418537.81132361717755, 7631550.129434839822352 ] ] ] } },
{ "type": "Feature", "properties": { "fid": 84.0, "COMPR_M": 469.9, "CLASSE": "03 - Média", "CD_FAZ": "403932", "TALHOES": "1", "FAZ_tAL": "403932001", "ID_LINHA": 228722 }, "geometry": { "type": "MultiLineString", "coordinates": [ [ [ 418500.123101083445363, 7632016.47540851123631 ], [ 418501.823403326212429, 7631546.726978833787143 ] ] ] } },
{ "type": "Feature", "properties": { "fid": 85.0, "COMPR_M": 469.59, "CLASSE": "03 - Média", "CD_FAZ": "403932", "TALHOES": "1", "FAZ_tAL": "403932001", "ID_LINHA": 228723 }, "geometry": { "type": "MultiLineString", "coordinates": [ [ [ 418503.12322757858783, 7632016.445890998467803 ], [ 418504.822396683855914, 7631547.01051683537662 ] ] ] } },
{ "type": "Feature", "properties": { "fid": 86.0, "COMPR_M": 469.27, "CLASSE": "03 - Média", "CD_FAZ": "403932", "TALHOES": "1", "FAZ_tAL": "403932001", "ID_LINHA": 228724 }, "geometry": { "type": "MultiLineString", "coordinates": [ [ [ 418506.123354072100483, 7632016.416373485699296 ], [ 418507.821390041441191, 7631547.294054836034775 ] ] ] } },
{ "type": "Feature", "properties": { "fid": 87.0, "COMPR_M": 468.96, "CLASSE": "03 - Média", "CD_FAZ": "403932", "TALHOES": "1", "FAZ_tAL": "403932001", "ID_LINHA": 228725 }, "geometry": { "type": "MultiLineString", "coordinates": [ [ [ 418509.123480566020589, 7632016.386855971068144 ], [ 418510.820383399026468, 7631547.577592836692929 ] ] ] } },
{ "type": "Feature", "properties": { "fid": 88.0, "COMPR_M": 468.65, "CLASSE": "03 - Média", "CD_FAZ": "403932", "TALHOES": "1", "FAZ_tAL": "403932001", "ID_LINHA": 228726 }, "geometry": { "type": "MultiLineString", "coordinates": [ [ [ 418512.123607059009373, 7632016.357338457368314 ], [ 418513.819376755331177, 7631547.861130835488439 ] ] ] } },
{ "type": "Feature", "properties": { "fid": 89.0, "COMPR_M": 468.34, "CLASSE": "03 - Média", "CD_FAZ": "403932", "TALHOES": "1", "FAZ_tAL": "403932001", "ID_LINHA": 228727 }, "geometry": { "type": "MultiLineString", "coordinates": [ [ [ 418515.123733553686179, 7632016.327820940874517 ], [ 418516.818370114313439, 7631548.144668838009238 ] ] ] } },
{ "type": "Feature", "properties": { "fid": 90.0, "COMPR_M": 472.09, "CLASSE": "03 - Média", "CD_FAZ": "403932", "TALHOES": "1", "FAZ_tAL": "403932001", "ID_LINHA": 228728 }, "geometry": { "type": "MultiLineString", "coordinates": [ [ [ 418479.12221562693594, 7632016.68203110806644 ], [ 418480.830449823581148, 7631544.74221283197403 ] ] ] } },
{ "type": "Feature", "properties": { "fid": 91.0, "COMPR_M": 471.78, "CLASSE": "03 - Média", "CD_FAZ": "403932", "TALHOES": "1", "FAZ_tAL": "403932001", "ID_LINHA": 228729 }, "geometry": { "type": "MultiLineString", "coordinates": [ [ [ 418482.122342120739631, 7632016.652513595297933 ], [ 418483.829443180584349, 7631545.025750831700861 ] ] ] } },
{ "type": "Feature", "properties": { "fid": 92.0, "COMPR_M": 471.47, "CLASSE": "03 - Média", "CD_FAZ": "403932", "TALHOES": "1", "FAZ_tAL": "403932001", "ID_LINHA": 228730 }, "geometry": { "type": "MultiLineString", "coordinates": [ [ [ 418485.122468614892568, 7632016.622996081598103 ], [ 418486.82843653880991, 7631545.309288833290339 ] ] ] } },
{ "type": "Feature", "properties": { "fid": 93.0, "COMPR_M": 471.15, "CLASSE": "03 - Média", "CD_FAZ": "403932", "TALHOES": "1", "FAZ_tAL": "403932001", "ID_LINHA": 228731 }, "geometry": { "type": "MultiLineString", "coordinates": [ [ [ 418488.122595109452959, 7632016.593478567898273 ], [ 418489.827429895114619, 7631545.592826833948493 ] ] ] } },
{ "type": "Feature", "properties": { "fid": 94.0, "COMPR_M": 470.84, "CLASSE": "03 - Média", "CD_FAZ": "403932", "TALHOES": "1", "FAZ_tAL": "403932001", "ID_LINHA": 228732 }, "geometry": { "type": "MultiLineString", "coordinates": [ [ [ 418491.12272160302382, 7632016.563961055129766 ], [ 418492.826423254038673, 7631545.876364834606647 ] ] ] } },
{ "type": "Feature", "properties": { "fid": 95.0, "COMPR_M": 470.53, "CLASSE": "03 - Média", "CD_FAZ": "403932", "TALHOES": "1", "FAZ_tAL": "403932001", "ID_LINHA": 228733 }, "geometry": { "type": "MultiLineString", "coordinates": [ [ [ 418494.122848097002134, 7632016.534443538635969 ], [ 418495.825416610983666, 7631546.159902834333479 ] ] ] } },
{ "type": "Feature", "properties": { "fid": 96.0, "COMPR_M": 474.29, "CLASSE": "03 - Média", "CD_FAZ": "403932", "TALHOES": "1", "FAZ_tAL": "403932001", "ID_LINHA": 228734 }, "geometry": { "type": "MultiLineString", "coordinates": [ [ [ 418458.121330170310102, 7632016.888653704896569 ], [ 418459.837496320717037, 7631542.757446828298271 ] ] ] } },
{ "type": "Feature", "properties": { "fid": 97.0, "COMPR_M": 473.97, "CLASSE": "03 - Média", "CD_FAZ": "403932", "TALHOES": "1", "FAZ_tAL": "403932001", "ID_LINHA": 228735 }, "geometry": { "type": "MultiLineString", "coordinates": [ [ [ 418461.121456664172001, 7632016.859136190265417 ], [ 418462.836489678360522, 7631543.040984829887748 ] ] ] } },
{ "type": "Feature", "properties": { "fid": 98.0, "COMPR_M": 473.66, "CLASSE": "03 - Média", "CD_FAZ": "403932", "TALHOES": "1", "FAZ_tAL": "403932001", "ID_LINHA": 228736 }, "geometry": { "type": "MultiLineString", "coordinates": [ [ [ 418464.121583156404085, 7632016.82961867749691 ], [ 418465.835483036062215, 7631543.324522830545902 ] ] ] } },
{ "type": "Feature", "properties": { "fid": 99.0, "COMPR_M": 473.35, "CLASSE": "03 - Média", "CD_FAZ": "403932", "TALHOES": "1", "FAZ_tAL": "403932001", "ID_LINHA": 228737 }, "geometry": { "type": "MultiLineString", "coordinates": [ [ [ 418467.12170965160476, 7632016.800101164728403 ], [ 418468.834476393065415, 7631543.608060830272734 ] ] ] } },
{ "type": "Feature", "properties": { "fid": 100.0, "COMPR_M": 473.03, "CLASSE": "03 - Média", "CD_FAZ": "403932", "TALHOES": "1", "FAZ_tAL": "403932001", "ID_LINHA": 228738 }, "geometry": { "type": "MultiLineString", "coordinates": [ [ [ 418470.121836145175621, 7632016.770583651959896 ], [ 418471.8334697507089, 7631543.891598831862211 ] ] ] } },
{ "type": "Feature", "properties": { "fid": 101.0, "COMPR_M": 472.72, "CLASSE": "03 - Média", "CD_FAZ": "403932", "TALHOES": "1", "FAZ_tAL": "403932001", "ID_LINHA": 228739 }, "geometry": { "type": "MultiLineString", "coordinates": [ [ [ 418473.121962639852427, 7632016.741066137328744 ], [ 418474.832463108352385, 7631544.175136830657721 ] ] ] } },
{ "type": "Feature", "properties": { "fid": 102.0, "COMPR_M": 476.48, "CLASSE": "03 - Média", "CD_FAZ": "403932", "TALHOES": "1", "FAZ_tAL": "403932001", "ID_LINHA": 228740 }, "geometry": { "type": "MultiLineString", "coordinates": [ [ [ 418437.120444713335019, 7632017.095276303589344 ], [ 418438.844542817969341, 7631540.77268082741648 ] ] ] } },
{ "type": "Feature", "properties": { "fid": 103.0, "COMPR_M": 476.16, "CLASSE": "03 - Média", "CD_FAZ": "403932", "TALHOES": "1", "FAZ_tAL": "403932001", "ID_LINHA": 228741 }, "geometry": { "type": "MultiLineString", "coordinates": [ [ [ 418440.120571206556633, 7632017.065758788026869 ], [ 418441.843536174448673, 7631541.056218829005957 ] ] ] } },
{ "type": "Feature", "properties": { "fid": 104.0, "COMPR_M": 475.85, "CLASSE": "03 - Média", "CD_FAZ": "403932", "TALHOES": "1", "FAZ_tAL": "403932001", "ID_LINHA": 228742 }, "geometry": { "type": "MultiLineString", "coordinates": [ [ [ 418443.120697700185701, 7632017.03624127432704 ], [ 418444.842529532848857, 7631541.339756826870143 ] ] ] } },
{ "type": "Feature", "properties": { "fid": 105.0, "COMPR_M": 475.54, "CLASSE": "03 - Média", "CD_FAZ": "403932", "TALHOES": "1", "FAZ_tAL": "403932001", "ID_LINHA": 228743 }, "geometry": { "type": "MultiLineString", "coordinates": [ [ [ 418446.1208241948043, 7632017.00672376062721 ], [ 418447.841522889910266, 7631541.623294826596975 ] ] ] } },
{ "type": "Feature", "properties": { "fid": 106.0, "COMPR_M": 475.22, "CLASSE": "03 - Média", "CD_FAZ": "403932", "TALHOES": "1", "FAZ_tAL": "403932001", "ID_LINHA": 228744 }, "geometry": { "type": "MultiLineString", "coordinates": [ [ [ 418449.120950688491575, 7632016.977206246927381 ], [ 418450.840516247670166, 7631541.90683282725513 ] ] ] } },
{ "type": "Feature", "properties": { "fid": 107.0, "COMPR_M": 474.91, "CLASSE": "03 - Média", "CD_FAZ": "403932", "TALHOES": "1", "FAZ_tAL": "403932001", "ID_LINHA": 228745 }, "geometry": { "type": "MultiLineString", "coordinates": [ [ [ 418452.12107718246989, 7632016.947688734158874 ], [ 418453.839509605313651, 7631542.190370827913284 ] ] ] } },
{ "type": "Feature", "properties": { "fid": 108.0, "COMPR_M": 478.67, "CLASSE": "03 - Média", "CD_FAZ": "403932", "TALHOES": "1", "FAZ_tAL": "403932001", "ID_LINHA": 228746 }, "geometry": { "type": "MultiLineString", "coordinates": [ [ [ 418416.119559255661443, 7632017.301898900419474 ], [ 418417.851589314406738, 7631538.787914824672043 ] ] ] } },
{ "type": "Feature", "properties": { "fid": 109.0, "COMPR_M": 478.36, "CLASSE": "03 - Média", "CD_FAZ": "403932", "TALHOES": "1", "FAZ_tAL": "403932001", "ID_LINHA": 228747 }, "geometry": { "type": "MultiLineString", "coordinates": [ [ [ 418419.119685749756172, 7632017.272381384856999 ], [ 418420.850582671642769, 7631539.071452824398875 ] ] ] } },
{ "type": "Feature", "properties": { "fid": 110.0, "COMPR_M": 478.04, "CLASSE": "03 - Média", "CD_FAZ": "403932", "TALHOES": "1", "FAZ_tAL": "403932001", "ID_LINHA": 228748 }, "geometry": { "type": "MultiLineString", "coordinates": [ [ [ 418422.119812244083732, 7632017.242863872088492 ], [ 418423.849576028878801, 7631539.354990826919675 ] ] ] } },
{ "type": "Feature", "properties": { "fid": 111.0, "COMPR_M": 477.73, "CLASSE": "03 - Média", "CD_FAZ": "403932", "TALHOES": "1", "FAZ_tAL": "403932001", "ID_LINHA": 228749 }, "geometry": { "type": "MultiLineString", "coordinates": [ [ [ 418425.119938736781478, 7632017.213346359319985 ], [ 418426.848569386755116, 7631539.638528823852539 ] ] ] } },
{ "type": "Feature", "properties": { "fid": 112.0, "COMPR_M": 477.42, "CLASSE": "03 - Média", "CD_FAZ": "403932", "TALHOES": "1", "FAZ_tAL": "403932001", "ID_LINHA": 228750 }, "geometry": { "type": "MultiLineString", "coordinates": [ [ [ 418428.120065231923945, 7632017.183828840963542 ], [ 418429.847562743234448, 7631539.922066826373339 ] ] ] } },
{ "type": "Feature", "properties": { "fid": 113.0, "COMPR_M": 477.1, "CLASSE": "03 - Média", "CD_FAZ": "403932", "TALHOES": "1", "FAZ_tAL": "403932001", "ID_LINHA": 228751 }, "geometry": { "type": "MultiLineString", "coordinates": [ [ [ 418431.120191725320183, 7632017.154311329126358 ], [ 418432.846556102391332, 7631540.205604825168848 ] ] ] } },
{ "type": "Feature", "properties": { "fid": 114.0, "COMPR_M": 480.86, "CLASSE": "03 - Média", "CD_FAZ": "403932", "TALHOES": "1", "FAZ_tAL": "403932001", "ID_LINHA": 228752 }, "geometry": { "type": "MultiLineString", "coordinates": [ [ [ 418395.118673798395321, 7632017.508521497249603 ], [ 418396.858635811717249, 7631536.80314882285893 ] ] ] } },
{ "type": "Feature", "properties": { "fid": 115.0, "COMPR_M": 480.55, "CLASSE": "03 - Média", "CD_FAZ": "403932", "TALHOES": "1", "FAZ_tAL": "403932001", "ID_LINHA": 228753 }, "geometry": { "type": "MultiLineString", "coordinates": [ [ [ 418398.11880029324675, 7632017.479003981687129 ], [ 418399.857629168429412, 7631537.086686821654439 ] ] ] } },
{ "type": "Feature", "properties": { "fid": 116.0, "COMPR_M": 480.23, "CLASSE": "03 - Média", "CD_FAZ": "403932", "TALHOES": "1", "FAZ_tAL": "403932001", "ID_LINHA": 228754 }, "geometry": { "type": "MultiLineString", "coordinates": [ [ [ 418401.118926787748933, 7632017.449486469849944 ], [ 418402.856622525898274, 7631537.370224820449948 ] ] ] } },
{ "type": "Feature", "properties": { "fid": 117.0, "COMPR_M": 479.92, "CLASSE": "03 - Média", "CD_FAZ": "403932", "TALHOES": "1", "FAZ_tAL": "403932001", "ID_LINHA": 228755 }, "geometry": { "type": "MultiLineString", "coordinates": [ [ [ 418404.119053281261586, 7632017.419968954287469 ], [ 418405.855615883250721, 7631537.653762822039425 ] ] ] } },
{ "type": "Feature", "properties": { "fid": 118.0, "COMPR_M": 479.61, "CLASSE": "03 - Média", "CD_FAZ": "403932", "TALHOES": "1", "FAZ_tAL": "403932001", "ID_LINHA": 228756 }, "geometry": { "type": "MultiLineString", "coordinates": [ [ [ 418407.1191797744832, 7632017.390451441518962 ], [ 418408.85460924252402, 7631537.937300821766257 ] ] ] } },
{ "type": "Feature", "properties": { "fid": 119.0, "COMPR_M": 479.3, "CLASSE": "03 - Média", "CD_FAZ": "403932", "TALHOES": "1", "FAZ_tAL": "403932001", "ID_LINHA": 228757 }, "geometry": { "type": "MultiLineString", "coordinates": [ [ [ 418410.119306268752553, 7632017.360933927819133 ], [ 418411.853602598537691, 7631538.220838824287057 ] ] ] } },
{ "type": "Feature", "properties": { "fid": 120.0, "COMPR_M": 483.05, "CLASSE": "03 - Média", "CD_FAZ": "403932", "TALHOES": "1", "FAZ_tAL": "403932001", "ID_LINHA": 228758 }, "geometry": { "type": "MultiLineString", "coordinates": [ [ [ 418374.117788341129199, 7632017.715144094079733 ], [ 418375.865682308271062, 7631534.818382816389203 ] ] ] } },
{ "type": "Feature", "properties": { "fid": 121.0, "COMPR_M": 482.74, "CLASSE": "03 - Média", "CD_FAZ": "403932", "TALHOES": "1", "FAZ_tAL": "403932001", "ID_LINHA": 228759 }, "geometry": { "type": "MultiLineString", "coordinates": [ [ [ 418377.117914835456759, 7632017.685626581311226 ], [ 418378.864675665914547, 7631535.101920818910003 ] ] ] } },
{ "type": "Feature", "properties": { "fid": 122.0, "COMPR_M": 482.43, "CLASSE": "03 - Média", "CD_FAZ": "403932", "TALHOES": "1", "FAZ_tAL": "403932001", "ID_LINHA": 228760 }, "geometry": { "type": "MultiLineString", "coordinates": [ [ [ 418380.118041329551488, 7632017.656109068542719 ], [ 418381.863669023499824, 7631535.385458819568157 ] ] ] } },
{ "type": "Feature", "properties": { "fid": 123.0, "COMPR_M": 482.11, "CLASSE": "03 - Média", "CD_FAZ": "403932", "TALHOES": "1", "FAZ_tAL": "403932001", "ID_LINHA": 228761 }, "geometry": { "type": "MultiLineString", "coordinates": [ [ [ 418383.118167823937256, 7632017.626591552048922 ], [ 418384.862662381026894, 7631535.668996820226312 ] ] ] } },
{ "type": "Feature", "properties": { "fid": 124.0, "COMPR_M": 481.8, "CLASSE": "03 - Média", "CD_FAZ": "403932", "TALHOES": "1", "FAZ_tAL": "403932001", "ID_LINHA": 228762 }, "geometry": { "type": "MultiLineString", "coordinates": [ [ [ 418386.118294317333493, 7632017.597074039280415 ], [ 418387.861655739252456, 7631535.952534820884466 ] ] ] } },
{ "type": "Feature", "properties": { "fid": 125.0, "COMPR_M": 481.49, "CLASSE": "03 - Média", "CD_FAZ": "403932", "TALHOES": "1", "FAZ_tAL": "403932001", "ID_LINHA": 228763 }, "geometry": { "type": "MultiLineString", "coordinates": [ [ [ 418389.118420811137185, 7632017.567556522786617 ], [ 418390.860649095498957, 7631536.236072819679976 ] ] ] } },
{ "type": "Feature", "properties": { "fid": 126.0, "COMPR_M": 485.25, "CLASSE": "03 - Média", "CD_FAZ": "403932", "TALHOES": "1", "FAZ_tAL": "403932001", "ID_LINHA": 228764 }, "geometry": { "type": "MultiLineString", "coordinates": [ [ [ 418353.116902884969022, 7632017.921766690909863 ], [ 418354.872728805756196, 7631532.833616815507412 ] ] ] } },
{ "type": "Feature", "properties": { "fid": 127.0, "COMPR_M": 484.93, "CLASSE": "03 - Média", "CD_FAZ": "403932", "TALHOES": "1", "FAZ_tAL": "403932001", "ID_LINHA": 228765 }, "geometry": { "type": "MultiLineString", "coordinates": [ [ [ 418356.117029378248844, 7632017.892249174416065 ], [ 418357.871722162293736, 7631533.117154818028212 ] ] ] } },
{ "type": "Feature", "properties": { "fid": 128.0, "COMPR_M": 484.62, "CLASSE": "03 - Média", "CD_FAZ": "403932", "TALHOES": "1", "FAZ_tAL": "403932001", "ID_LINHA": 228766 }, "geometry": { "type": "MultiLineString", "coordinates": [ [ [ 418359.117155871877912, 7632017.862731663510203 ], [ 418360.870715520170052, 7631533.400692817755044 ] ] ] } },
{ "type": "Feature", "properties": { "fid": 129.0, "COMPR_M": 484.31, "CLASSE": "03 - Média", "CD_FAZ": "403932", "TALHOES": "1", "FAZ_tAL": "403932001", "ID_LINHA": 228767 }, "geometry": { "type": "MultiLineString", "coordinates": [ [ [ 418362.117282366496511, 7632017.833214147947729 ], [ 418363.86970887798816, 7631533.684230817481875 ] ] ] } },
{ "type": "Feature", "properties": { "fid": 130.0, "COMPR_M": 483.99, "CLASSE": "03 - Média", "CD_FAZ": "403932", "TALHOES": "1", "FAZ_tAL": "403932001", "ID_LINHA": 228768 }, "geometry": { "type": "MultiLineString", "coordinates": [ [ [ 418365.117408860125579, 7632017.803696636110544 ], [ 418366.868702235165983, 7631533.967768816277385 ] ] ] } },
{ "type": "Feature", "properties": { "fid": 131.0, "COMPR_M": 483.68, "CLASSE": "03 - Média", "CD_FAZ": "403932", "TALHOES": "1", "FAZ_tAL": "403932001", "ID_LINHA": 228769 }, "geometry": { "type": "MultiLineString", "coordinates": [ [ [ 418368.117535354103893, 7632017.774179122410715 ], [ 418369.86769559350796, 7631534.251306816004217 ] ] ] } },
{ "type": "Feature", "properties": { "fid": 132.0, "COMPR_M": 487.44, "CLASSE": "03 - Média", "CD_FAZ": "403932", "TALHOES": "1", "FAZ_tAL": "403932001", "ID_LINHA": 228770 }, "geometry": { "type": "MultiLineString", "coordinates": [ [ [ 418332.116017428867053, 7632018.128389288671315 ], [ 418333.879775302484632, 7631530.848850810900331 ] ] ] } },
{ "type": "Feature", "properties": { "fid": 133.0, "COMPR_M": 487.12, "CLASSE": "03 - Média", "CD_FAZ": "403932", "TALHOES": "1", "FAZ_tAL": "403932001", "ID_LINHA": 228771 }, "geometry": { "type": "MultiLineString", "coordinates": [ [ [ 418335.116143921739422, 7632018.09887177310884 ], [ 418336.878768660069909, 7631531.13238881342113 ] ] ] } },
{ "type": "Feature", "properties": { "fid": 134.0, "COMPR_M": 486.81, "CLASSE": "03 - Média", "CD_FAZ": "403932", "TALHOES": "1", "FAZ_tAL": "403932001", "ID_LINHA": 228772 }, "geometry": { "type": "MultiLineString", "coordinates": [ [ [ 418338.116270415659528, 7632018.069354258477688 ], [ 418339.877762017538771, 7631531.41592681221664 ] ] ] } },
{ "type": "Feature", "properties": { "fid": 135.0, "COMPR_M": 486.5, "CLASSE": "03 - Média", "CD_FAZ": "403932", "TALHOES": "1", "FAZ_tAL": "403932001", "ID_LINHA": 228773 }, "geometry": { "type": "MultiLineString", "coordinates": [ [ [ 418341.116396909230389, 7632018.039836745709181 ], [ 418342.876755373727065, 7631531.699464812874794 ] ] ] } },
{ "type": "Feature", "properties": { "fid": 136.0, "COMPR_M": 486.18, "CLASSE": "03 - Média", "CD_FAZ": "403932", "TALHOES": "1", "FAZ_tAL": "403932001", "ID_LINHA": 228774 }, "geometry": { "type": "MultiLineString", "coordinates": [ [ [ 418344.116523403848987, 7632018.010319231078029 ], [ 418345.875748731778003, 7631531.983002816326916 ] ] ] } },
{ "type": "Feature", "properties": { "fid": 137.0, "COMPR_M": 485.87, "CLASSE": "03 - Média", "CD_FAZ": "403932", "TALHOES": "1", "FAZ_tAL": "403932001", "ID_LINHA": 228775 }, "geometry": { "type": "MultiLineString", "coordinates": [ [ [ 418347.116649897419848, 7632017.980801718309522 ], [ 418348.874742089770734, 7631532.266540816053748 ] ] ] } },
{ "type": "Feature", "properties": { "fid": 138.0, "COMPR_M": 489.63, "CLASSE": "03 - Média", "CD_FAZ": "403932", "TALHOES": "1", "FAZ_tAL": "403932001", "ID_LINHA": 228776 }, "geometry": { "type": "MultiLineString", "coordinates": [ [ [ 418311.115131970611401, 7632018.335011884570122 ], [ 418312.886821798339952, 7631528.864084809087217 ] ] ] } },
{ "type": "Feature", "properties": { "fid": 139.0, "COMPR_M": 489.32, "CLASSE": "03 - Média", "CD_FAZ": "403932", "TALHOES": "1", "FAZ_tAL": "403932001", "ID_LINHA": 228777 }, "geometry": { "type": "MultiLineString", "coordinates": [ [ [ 418314.115258463891223, 7632018.305494369007647 ], [ 418315.885815156216267, 7631529.147622810676694 ] ] ] } },
{ "type": "Feature", "properties": { "fid": 140.0, "COMPR_M": 489.0, "CLASSE": "03 - Média", "CD_FAZ": "403932", "TALHOES": "1", "FAZ_tAL": "403932001", "ID_LINHA": 228778 }, "geometry": { "type": "MultiLineString", "coordinates": [ [ [ 418317.115384957403876, 7632018.275976858101785 ], [ 418318.884808514732867, 7631529.431160808540881 ] ] ] } },
{ "type": "Feature", "properties": { "fid": 141.0, "COMPR_M": 488.69, "CLASSE": "03 - Média", "CD_FAZ": "403932", "TALHOES": "1", "FAZ_tAL": "403932001", "ID_LINHA": 228779 }, "geometry": { "type": "MultiLineString", "coordinates": [ [ [ 418320.115511452662759, 7632018.24645934253931 ], [ 418321.883801871852484, 7631529.714698811993003 ] ] ] } },
{ "type": "Feature", "properties": { "fid": 142.0, "COMPR_M": 488.38, "CLASSE": "03 - Média", "CD_FAZ": "403932", "TALHOES": "1", "FAZ_tAL": "403932001", "ID_LINHA": 228780 }, "geometry": { "type": "MultiLineString", "coordinates": [ [ [ 418323.115637945535127, 7632018.216941827908158 ], [ 418324.882795229612384, 7631529.998236812651157 ] ] ] } },
{ "type": "Feature", "properties": { "fid": 143.0, "COMPR_M": 488.06, "CLASSE": "03 - Média", "CD_FAZ": "403932", "TALHOES": "1", "FAZ_tAL": "403932001", "ID_LINHA": 228781 }, "geometry": { "type": "MultiLineString", "coordinates": [ [ [ 418326.115764440095518, 7632018.187424314208329 ], [ 418327.881788587255869, 7631530.281774813309312 ] ] ] } },
{ "type": "Feature", "properties": { "fid": 144.0, "COMPR_M": 491.82, "CLASSE": "03 - Média", "CD_FAZ": "403932", "TALHOES": "1", "FAZ_tAL": "403932001", "ID_LINHA": 228782 }, "geometry": { "type": "MultiLineString", "coordinates": [ [ [ 418290.114246513869148, 7632018.541634481400251 ], [ 418291.893868296174332, 7631526.879318807274103 ] ] ] } },
{ "type": "Feature", "properties": { "fid": 145.0, "COMPR_M": 491.51, "CLASSE": "03 - Média", "CD_FAZ": "403932", "TALHOES": "1", "FAZ_tAL": "403932001", "ID_LINHA": 228783 }, "geometry": { "type": "MultiLineString", "coordinates": [ [ [ 418293.1143730081385, 7632018.512116967700422 ], [ 418294.892861654458102, 7631527.162856806069613 ] ] ] } },
{ "type": "Feature", "properties": { "fid": 146.0, "COMPR_M": 491.2, "CLASSE": "03 - Média", "CD_FAZ": "403932", "TALHOES": "1", "FAZ_tAL": "403932001", "ID_LINHA": 228784 }, "geometry": { "type": "MultiLineString", "coordinates": [ [ [ 418296.114499501418322, 7632018.48259945306927 ], [ 418297.891855011403095, 7631527.446394808590412 ] ] ] } },
{ "type": "Feature", "properties": { "fid": 147.0, "COMPR_M": 490.88, "CLASSE": "03 - Média", "CD_FAZ": "403932", "TALHOES": "1", "FAZ_tAL": "403932001", "ID_LINHA": 228785 }, "geometry": { "type": "MultiLineString", "coordinates": [ [ [ 418299.114625994989183, 7632018.453081938438118 ], [ 418300.890848368930165, 7631527.729932807385921 ] ] ] } },
{ "type": "Feature", "properties": { "fid": 148.0, "COMPR_M": 490.57, "CLASSE": "03 - Média", "CD_FAZ": "403932", "TALHOES": "1", "FAZ_tAL": "403932001", "ID_LINHA": 228786 }, "geometry": { "type": "MultiLineString", "coordinates": [ [ [ 418302.114752490248065, 7632018.423564425669611 ], [ 418303.889841726981103, 7631528.013470807112753 ] ] ] } },
{ "type": "Feature", "properties": { "fid": 149.0, "COMPR_M": 490.26, "CLASSE": "03 - Média", "CD_FAZ": "403932", "TALHOES": "1", "FAZ_tAL": "403932001", "ID_LINHA": 228787 }, "geometry": { "type": "MultiLineString", "coordinates": [ [ [ 418305.11487898248015, 7632018.394046913832426 ], [ 418306.888835083693266, 7631528.297008809633553 ] ] ] } },
{ "type": "Feature", "properties": { "fid": 150.0, "COMPR_M": 494.01, "CLASSE": "03 - Média", "CD_FAZ": "403932", "TALHOES": "1", "FAZ_tAL": "403932001", "ID_LINHA": 228788 }, "geometry": { "type": "MultiLineString", "coordinates": [ [ [ 418269.113361056952272, 7632018.748257079161704 ], [ 418270.900914793135598, 7631524.894552804529667 ] ] ] } },
{ "type": "Feature", "properties": { "fid": 151.0, "COMPR_M": 493.7, "CLASSE": "03 - Média", "CD_FAZ": "403932", "TALHOES": "1", "FAZ_tAL": "403932001", "ID_LINHA": 228789 }, "geometry": { "type": "MultiLineString", "coordinates": [ [ [ 418272.113487549708225, 7632018.718739562667906 ], [ 418273.899908151244745, 7631525.178090806119144 ] ] ] } },
{ "type": "Feature", "properties": { "fid": 152.0, "COMPR_M": 493.39, "CLASSE": "03 - Média", "CD_FAZ": "403932", "TALHOES": "1", "FAZ_tAL": "403932001", "ID_LINHA": 228790 }, "geometry": { "type": "MultiLineString", "coordinates": [ [ [ 418275.113614044676069, 7632018.689222048968077 ], [ 418276.898901508538984, 7631525.461628805845976 ] ] ] } },
{ "type": "Feature", "properties": { "fid": 153.0, "COMPR_M": 493.07, "CLASSE": "03 - Média", "CD_FAZ": "403932", "TALHOES": "1", "FAZ_tAL": "403932001", "ID_LINHA": 228791 }, "geometry": { "type": "MultiLineString", "coordinates": [ [ [ 418278.113740538014099, 7632018.659704538062215 ], [ 418279.897894865833223, 7631525.745166807435453 ] ] ] } },
{ "type": "Feature", "properties": { "fid": 154.0, "COMPR_M": 492.76, "CLASSE": "03 - Média", "CD_FAZ": "403932", "TALHOES": "1", "FAZ_tAL": "403932001", "ID_LINHA": 228792 }, "geometry": { "type": "MultiLineString", "coordinates": [ [ [ 418281.113867032981943, 7632018.630187023431063 ], [ 418282.896888222312555, 7631526.028704807162285 ] ] ] } },
{ "type": "Feature", "properties": { "fid": 155.0, "COMPR_M": 492.45, "CLASSE": "03 - Média", "CD_FAZ": "403932", "TALHOES": "1", "FAZ_tAL": "403932001", "ID_LINHA": 228793 }, "geometry": { "type": "MultiLineString", "coordinates": [ [ [ 418284.113993526319973, 7632018.600669507868588 ], [ 418285.895881581469439, 7631526.312242806889117 ] ] ] } },
{ "type": "Feature", "properties": { "fid": 156.0, "COMPR_M": 259.72, "CLASSE": "02 - Curta", "CD_FAZ": "403932", "TALHOES": "2", "FAZ_tAL": "403932002", "ID_LINHA": 228794 }, "geometry": { "type": "MultiLineString", "coordinates": [ [ [ 418642.746224584465381, 7632006.081104918383062 ], [ 418902.370926859555766, 7632003.563584864139557 ] ] ] } },
{ "type": "Feature", "properties": { "fid": 157.0, "COMPR_M": 258.56, "CLASSE": "02 - Curta", "CD_FAZ": "403932", "TALHOES": "2", "FAZ_tAL": "403932002", "ID_LINHA": 228795 }, "geometry": { "type": "MultiLineString", "coordinates": [ [ [ 418642.500120572163723, 7632009.083599794656038 ], [ 418900.969158747815527, 7632006.577783476561308 ] ] ] } },
{ "type": "Feature", "properties": { "fid": 158.0, "COMPR_M": 256.63, "CLASSE": "02 - Curta", "CD_FAZ": "403932", "TALHOES": "2", "FAZ_tAL": "403932002", "ID_LINHA": 228796 }, "geometry": { "type": "MultiLineString", "coordinates": [ [ [ 418642.254016557126306, 7632012.086094671860337 ], [ 418898.786233026359696, 7632009.599801798351109 ] ] ] } },
{ "type": "Feature", "properties": { "fid": 160.0, "COMPR_M": 258.38, "CLASSE": "02 - Curta", "CD_FAZ": "403932", "TALHOES": "2", "FAZ_tAL": "403932002", "ID_LINHA": 228797 }, "geometry": { "type": "MultiLineString", "coordinates": [ [ [ 418644.624167068570387, 7631985.062202299013734 ], [ 418902.910142263281159, 7631982.557105010375381 ] ] ] } },
{ "type": "Feature", "properties": { "fid": 161.0, "COMPR_M": 255.62, "CLASSE": "02 - Curta", "CD_FAZ": "403932", "TALHOES": "2", "FAZ_tAL": "403932002", "ID_LINHA": 228798 }, "geometry": { "type": "MultiLineString", "coordinates": [ [ [ 418646.639351683901623, 7631964.042018320411444 ], [ 418902.165284865594003, 7631961.563530517742038 ] ] ] } },
{ "type": "Feature", "properties": { "fid": 162.0, "COMPR_M": 273.38, "CLASSE": "02 - Curta", "CD_FAZ": "403932", "TALHOES": "2", "FAZ_tAL": "403932002", "ID_LINHA": 228799 }, "geometry": { "type": "MultiLineString", "coordinates": [ [ [ 418648.627707735518925, 7631943.022090323269367 ], [ 418921.906641114619561, 7631940.363927336409688 ] ] ] } },
{ "type": "Feature", "properties": { "fid": 163.0, "COMPR_M": 360.63, "CLASSE": "03 - Média", "CD_FAZ": "403932", "TALHOES": "2", "FAZ_tAL": "403932002", "ID_LINHA": 228800 }, "geometry": { "type": "MultiLineString", "coordinates": [ [ [ 418650.337417517032009, 7631922.004821050912142 ], [ 419010.839915529824793, 7631918.467731632292271 ] ] ] } },
{ "type": "Feature", "properties": { "fid": 164.0, "COMPR_M": 358.87, "CLASSE": "03 - Média", "CD_FAZ": "403932", "TALHOES": "2", "FAZ_tAL": "403932002", "ID_LINHA": 228801 }, "geometry": { "type": "MultiLineString", "coordinates": [ [ [ 418652.194179800688289, 7631900.986148659139872 ], [ 419010.93153591977898, 7631897.465750110335648 ] ] ] } },
{ "type": "Feature", "properties": { "fid": 165.0, "COMPR_M": 357.01, "CLASSE": "03 - Média", "CD_FAZ": "403932", "TALHOES": "2", "FAZ_tAL": "403932002", "ID_LINHA": 228802 }, "geometry": { "type": "MultiLineString", "coordinates": [ [ [ 418654.146438576921355, 7631879.966565072536469 ], [ 419011.023156309209298, 7631876.463768587447703 ] ] ] } },
{ "type": "Feature", "properties": { "fid": 166.0, "COMPR_M": 355.15, "CLASSE": "03 - Média", "CD_FAZ": "403932", "TALHOES": "2", "FAZ_tAL": "403932002", "ID_LINHA": 228803 }, "geometry": { "type": "MultiLineString", "coordinates": [ [ [ 418656.096044553618412, 7631858.947015749290586 ], [ 419011.114776699512731, 7631855.46178706549108 ] ] ] } },
{ "type": "Feature", "properties": { "fid": 167.0, "COMPR_M": 353.28, "CLASSE": "03 - Média", "CD_FAZ": "403932", "TALHOES": "2", "FAZ_tAL": "403932002", "ID_LINHA": 228804 }, "geometry": { "type": "MultiLineString", "coordinates": [ [ [ 418658.044291039579548, 7631837.927522360347211 ], [ 419011.193925712723285, 7631834.459930889308453 ] ] ] } },
{ "type": "Feature", "properties": { "fid": 168.0, "COMPR_M": 346.44, "CLASSE": "03 - Média", "CD_FAZ": "403932", "TALHOES": "2", "FAZ_tAL": "403932002", "ID_LINHA": 228805 }, "geometry": { "type": "MultiLineString", "coordinates": [ [ [ 418659.991089529474266, 7631816.908042751252651 ], [ 419006.302893040410709, 7631813.508035205304623 ] ] ] } },
{ "type": "Feature", "properties": { "fid": 169.0, "COMPR_M": 344.51, "CLASSE": "03 - Média", "CD_FAZ": "403932", "TALHOES": "2", "FAZ_tAL": "403932002", "ID_LINHA": 228806 }, "geometry": { "type": "MultiLineString", "coordinates": [ [ [ 418661.937888017797377, 7631795.888563140295446 ], [ 419006.323339679045603, 7631792.50676853954792 ] ] ] } },
{ "type": "Feature", "properties": { "fid": 170.0, "COMPR_M": 343.03, "CLASSE": "03 - Média", "CD_FAZ": "403932", "TALHOES": "2", "FAZ_tAL": "403932002", "ID_LINHA": 228807 }, "geometry": { "type": "MultiLineString", "coordinates": [ [ [ 418663.897847835032735, 7631774.86895826458931 ], [ 419006.800811347842682, 7631771.500907428562641 ] ] ] } },
{ "type": "Feature", "properties": { "fid": 171.0, "COMPR_M": 340.87, "CLASSE": "03 - Média", "CD_FAZ": "403932", "TALHOES": "2", "FAZ_tAL": "403932002", "ID_LINHA": 228808 }, "geometry": { "type": "MultiLineString", "coordinates": [ [ [ 418665.910779930651188, 7631753.848849227651954 ], [ 419006.652236887894105, 7631750.501339921727777 ] ] ] } },
{ "type": "Feature", "properties": { "fid": 172.0, "COMPR_M": 338.48, "CLASSE": "03 - Média", "CD_FAZ": "403932", "TALHOES": "2", "FAZ_tAL": "403932002", "ID_LINHA": 228809 }, "geometry": { "type": "MultiLineString", "coordinates": [ [ [ 418667.906544760684483, 7631732.828903578221798 ], [ 419006.260930651449598, 7631729.504212576895952 ] ] ] } },
{ "type": "Feature", "properties": { "fid": 173.0, "COMPR_M": 336.35, "CLASSE": "03 - Média", "CD_FAZ": "403932", "TALHOES": "2", "FAZ_tAL": "403932002", "ID_LINHA": 228810 }, "geometry": { "type": "MultiLineString", "coordinates": [ [ [ 418669.730357833323069, 7631711.810615153051913 ], [ 419005.956512358272448, 7631708.506211754865944 ] ] ] } },
{ "type": "Feature", "properties": { "fid": 174.0, "COMPR_M": 335.12, "CLASSE": "03 - Média", "CD_FAZ": "403932", "TALHOES": "2", "FAZ_tAL": "403932002", "ID_LINHA": 228811 }, "geometry": { "type": "MultiLineString", "coordinates": [ [ [ 418671.584407942718826, 7631690.792042069137096 ], [ 419006.577291260764468, 7631687.498909989371896 ] ] ] } },
{ "type": "Feature", "properties": { "fid": 175.0, "COMPR_M": 333.46, "CLASSE": "03 - Média", "CD_FAZ": "403932", "TALHOES": "2", "FAZ_tAL": "403932002", "ID_LINHA": 228812 }, "geometry": { "type": "MultiLineString", "coordinates": [ [ [ 418673.536228545941412, 7631669.772539592348039 ], [ 419006.875938797777053, 7631666.494846588000655 ] ] ] } },
{ "type": "Feature", "properties": { "fid": 176.0, "COMPR_M": 331.85, "CLASSE": "03 - Média", "CD_FAZ": "403932", "TALHOES": "2", "FAZ_tAL": "403932002", "ID_LINHA": 228813 }, "geometry": { "type": "MultiLineString", "coordinates": [ [ [ 418675.487994663126301, 7631648.753037635236979 ], [ 419007.213226344960276, 7631645.490394739434123 ] ] ] } },
{ "type": "Feature", "properties": { "fid": 177.0, "COMPR_M": 329.6, "CLASSE": "03 - Média", "CD_FAZ": "403932", "TALHOES": "2", "FAZ_tAL": "403932002", "ID_LINHA": 228814 }, "geometry": { "type": "MultiLineString", "coordinates": [ [ [ 418677.349904380156659, 7631627.734389836899936 ], [ 419006.824514373904094, 7631624.493241315707564 ] ] ] } },
{ "type": "Feature", "properties": { "fid": 178.0, "COMPR_M": 296.19, "CLASSE": "02 - Curta", "CD_FAZ": "403932", "TALHOES": "2", "FAZ_tAL": "403932002", "ID_LINHA": 228815 }, "geometry": { "type": "MultiLineString", "coordinates": [ [ [ 418679.211814097012393, 7631606.715742040425539 ], [ 418975.295348622195888, 7631603.80922394618392 ] ] ] } },
{ "type": "Feature", "properties": { "fid": 179.0, "COMPR_M": 172.75, "CLASSE": "02 - Curta", "CD_FAZ": "403932", "TALHOES": "2", "FAZ_tAL": "403932002", "ID_LINHA": 228816 }, "geometry": { "type": "MultiLineString", "coordinates": [ [ [ 418681.083685243851505, 7631585.696998845785856 ], [ 418853.771338796184864, 7631584.027125604450703 ] ] ] } },
{ "type": "Feature", "properties": { "fid": 180.0, "COMPR_M": 7.94, "CLASSE": "01 - Muito curta", "CD_FAZ": "403932", "TALHOES": "2", "FAZ_tAL": "403932002", "ID_LINHA": 228817 }, "geometry": { "type": "MultiLineString", "coordinates": [ [ [ 418682.95927855244372, 7631564.678218929097056 ], [ 418690.896322250599042, 7631564.602762795984745 ] ] ] } },
{ "type": "Feature", "properties": { "fid": 181.0, "COMPR_M": 167.26, "CLASSE": "02 - Curta", "CD_FAZ": "403932", "TALHOES": "2", "FAZ_tAL": "403932002", "ID_LINHA": 228818 }, "geometry": { "type": "MultiLineString", "coordinates": [ [ [ 418681.351627147349063, 7631582.694315999746323 ], [ 418848.55547868454596, 7631581.078542432747781 ] ] ] } },
{ "type": "Feature", "properties": { "fid": 182.0, "COMPR_M": 153.29, "CLASSE": "02 - Curta", "CD_FAZ": "403932", "TALHOES": "2", "FAZ_tAL": "403932002", "ID_LINHA": 228819 }, "geometry": { "type": "MultiLineString", "coordinates": [ [ [ 418681.619569047936238, 7631579.691633153706789 ], [ 418834.857174151111394, 7631578.21345385722816 ] ] ] } },
{ "type": "Feature", "properties": { "fid": 183.0, "COMPR_M": 124.26, "CLASSE": "02 - Curta", "CD_FAZ": "403932", "TALHOES": "2", "FAZ_tAL": "403932002", "ID_LINHA": 228820 }, "geometry": { "type": "MultiLineString", "coordinates": [ [ [ 418681.887510948814452, 7631576.688950309529901 ], [ 418806.104142817668617, 7631575.49501602165401 ] ] ] } },
{ "type": "Feature", "properties": { "fid": 184.0, "COMPR_M": 95.21, "CLASSE": "01 - Muito curta", "CD_FAZ": "403932", "TALHOES": "2", "FAZ_tAL": "403932002", "ID_LINHA": 228821 }, "geometry": { "type": "MultiLineString", "coordinates": [ [ [ 418682.155452850798611, 7631573.686267463490367 ], [ 418777.329563811363187, 7631572.774540975689888 ] ] ] } },
{ "type": "Feature", "properties": { "fid": 185.0, "COMPR_M": 66.14, "CLASSE": "01 - Muito curta", "CD_FAZ": "403932", "TALHOES": "2", "FAZ_tAL": "403932002", "ID_LINHA": 228822 }, "geometry": { "type": "MultiLineString", "coordinates": [ [ [ 418682.423394750512671, 7631570.683584620244801 ], [ 418748.535425984358881, 7631570.052216751500964 ] ] ] } },
{ "type": "Feature", "properties": { "fid": 186.0, "COMPR_M": 37.05, "CLASSE": "01 - Muito curta", "CD_FAZ": "403932", "TALHOES": "2", "FAZ_tAL": "403932002", "ID_LINHA": 228823 }, "geometry": { "type": "MultiLineString", "coordinates": [ [ [ 418682.691336652613245, 7631567.680901773273945 ], [ 418719.723396863788366, 7631567.328201008960605 ] ] ] } },
{ "type": "Feature", "properties": { "fid": 187.0, "COMPR_M": 270.99, "CLASSE": "02 - Curta", "CD_FAZ": "403932", "TALHOES": "2", "FAZ_tAL": "403932002", "ID_LINHA": 228824 }, "geometry": { "type": "MultiLineString", "coordinates": [ [ [ 418679.477801198780071, 7631603.713078070431948 ], [ 418950.373439647082705, 7631601.059920728206635 ] ] ] } },
{ "type": "Feature", "properties": { "fid": 188.0, "COMPR_M": 248.77, "CLASSE": "02 - Curta", "CD_FAZ": "403932", "TALHOES": "2", "FAZ_tAL": "403932002", "ID_LINHA": 228825 }, "geometry": { "type": "MultiLineString", "coordinates": [ [ [ 418679.743975807330571, 7631600.710412316955626 ], [ 418928.419383218919393, 7631598.280976418405771 ] ] ] } },
{ "type": "Feature", "properties": { "fid": 189.0, "COMPR_M": 228.53, "CLASSE": "02 - Curta", "CD_FAZ": "403932", "TALHOES": "2", "FAZ_tAL": "403932002", "ID_LINHA": 228826 }, "geometry": { "type": "MultiLineString", "coordinates": [ [ [ 418680.011917682364583, 7631597.707729762420058 ], [ 418908.456328259548172, 7631595.481819251552224 ] ] ] } },
{ "type": "Feature", "properties": { "fid": 190.0, "COMPR_M": 205.72, "CLASSE": "02 - Curta", "CD_FAZ": "403932", "TALHOES": "2", "FAZ_tAL": "403932002", "ID_LINHA": 228827 }, "geometry": { "type": "MultiLineString", "coordinates": [ [ [ 418680.279859556409065, 7631594.705047210678458 ], [ 418885.926712518732529, 7631592.707701230421662 ] ] ] } },
{ "type": "Feature", "properties": { "fid": 191.0, "COMPR_M": 186.6, "CLASSE": "02 - Curta", "CD_FAZ": "403932", "TALHOES": "2", "FAZ_tAL": "403932002", "ID_LINHA": 228828 }, "geometry": { "type": "MultiLineString", "coordinates": [ [ [ 418680.547801443375647, 7631591.702364534139633 ], [ 418867.078464271151461, 7631589.895440731197596 ] ] ] } },
{ "type": "Feature", "properties": { "fid": 192.0, "COMPR_M": 178.24, "CLASSE": "02 - Curta", "CD_FAZ": "403932", "TALHOES": "2", "FAZ_tAL": "403932002", "ID_LINHA": 228829 }, "geometry": { "type": "MultiLineString", "coordinates": [ [ [ 418680.815743344777729, 7631588.699681690894067 ], [ 418858.987066685047466, 7631586.975634027272463 ] ] ] } },
{ "type": "Feature", "properties": { "fid": 193.0, "COMPR_M": 328.81, "CLASSE": "03 - Média", "CD_FAZ": "403932", "TALHOES": "2", "FAZ_tAL": "403932002", "ID_LINHA": 228830 }, "geometry": { "type": "MultiLineString", "coordinates": [ [ [ 418677.615891482098959, 7631624.731725867837667 ], [ 419006.302020640694536, 7631621.498342323116958 ] ] ] } },
{ "type": "Feature", "properties": { "fid": 194.0, "COMPR_M": 327.8, "CLASSE": "03 - Média", "CD_FAZ": "403932", "TALHOES": "2", "FAZ_tAL": "403932002", "ID_LINHA": 228831 }, "geometry": { "type": "MultiLineString", "coordinates": [ [ [ 418677.881878584390506, 7631621.729061895981431 ], [ 419005.556715403159615, 7631618.505683235824108 ] ] ] } },
{ "type": "Feature", "properties": { "fid": 195.0, "COMPR_M": 326.79, "CLASSE": "03 - Média", "CD_FAZ": "403932", "TALHOES": "2", "FAZ_tAL": "403932002", "ID_LINHA": 228832 }, "geometry": { "type": "MultiLineString", "coordinates": [ [ [ 418678.14786568726413, 7631618.726397924125195 ], [ 419004.813630515884142, 7631615.513001831248403 ] ] ] } },
{ "type": "Feature", "properties": { "fid": 196.0, "COMPR_M": 324.58, "CLASSE": "03 - Média", "CD_FAZ": "403932", "TALHOES": "2", "FAZ_tAL": "403932002", "ID_LINHA": 228833 }, "geometry": { "type": "MultiLineString", "coordinates": [ [ [ 418678.413852789846715, 7631615.723733952268958 ], [ 419002.874970978475176, 7631612.53233945555985 ] ] ] } },
{ "type": "Feature", "properties": { "fid": 197.0, "COMPR_M": 321.15, "CLASSE": "03 - Média", "CD_FAZ": "403932", "TALHOES": "2", "FAZ_tAL": "403932002", "ID_LINHA": 228834 }, "geometry": { "type": "MultiLineString", "coordinates": [ [ [ 418678.6798398909159, 7631612.721069982275367 ], [ 418999.707789420557674, 7631609.564027328975499 ] ] ] } },
{ "type": "Feature", "properties": { "fid": 198.0, "COMPR_M": 315.45, "CLASSE": "03 - Média", "CD_FAZ": "403932", "TALHOES": "2", "FAZ_tAL": "403932002", "ID_LINHA": 228835 }, "geometry": { "type": "MultiLineString", "coordinates": [ [ [ 418678.9458269943716, 7631609.718406012281775 ], [ 418994.281655492784921, 7631606.618424296379089 ] ] ] } },
{ "type": "Feature", "properties": { "fid": 199.0, "COMPR_M": 331.64, "CLASSE": "03 - Média", "CD_FAZ": "403932", "TALHOES": "2", "FAZ_tAL": "403932002", "ID_LINHA": 228836 }, "geometry": { "type": "MultiLineString", "coordinates": [ [ [ 418675.753981765825301, 7631645.750373663380742 ], [ 419007.274684662930667, 7631642.489625313319266 ] ] ] } },
{ "type": "Feature", "properties": { "fid": 200.0, "COMPR_M": 331.44, "CLASSE": "03 - Média", "CD_FAZ": "403932", "TALHOES": "2", "FAZ_tAL": "403932002", "ID_LINHA": 228837 }, "geometry": { "type": "MultiLineString", "coordinates": [ [ [ 418676.019968868291471, 7631642.747709693387151 ], [ 419007.336142980435397, 7631639.488855889998376 ] ] ] } },
{ "type": "Feature", "properties": { "fid": 201.0, "COMPR_M": 331.24, "CLASSE": "03 - Média", "CD_FAZ": "403932", "TALHOES": "2", "FAZ_tAL": "403932002", "ID_LINHA": 228838 }, "geometry": { "type": "MultiLineString", "coordinates": [ [ [ 418676.285955971223302, 7631639.745045723393559 ], [ 419007.406150170019828, 7631636.488000523298979 ] ] ] } },
{ "type": "Feature", "properties": { "fid": 202.0, "COMPR_M": 331.05, "CLASSE": "03 - Média", "CD_FAZ": "403932", "TALHOES": "2", "FAZ_tAL": "403932002", "ID_LINHA": 228839 }, "geometry": { "type": "MultiLineString", "coordinates": [ [ [ 418676.551943071943242, 7631636.742381751537323 ], [ 419007.478144854714628, 7631633.487125324085355 ] ] ] } },
{ "type": "Feature", "properties": { "fid": 203.0, "COMPR_M": 330.7, "CLASSE": "03 - Média", "CD_FAZ": "403932", "TALHOES": "2", "FAZ_tAL": "403932002", "ID_LINHA": 228840 }, "geometry": { "type": "MultiLineString", "coordinates": [ [ [ 418676.81793017446762, 7631633.739717781543732 ], [ 419007.394590539159253, 7631630.487813588231802 ] ] ] } },
{ "type": "Feature", "properties": { "fid": 204.0, "COMPR_M": 330.3, "CLASSE": "03 - Média", "CD_FAZ": "403932", "TALHOES": "2", "FAZ_tAL": "403932002", "ID_LINHA": 228841 }, "geometry": { "type": "MultiLineString", "coordinates": [ [ [ 418677.083917278097942, 7631630.73705380782485 ], [ 419007.258772560337093, 7631627.489027336239815 ] ] ] } },
{ "type": "Feature", "properties": { "fid": 205.0, "COMPR_M": 333.21, "CLASSE": "03 - Média", "CD_FAZ": "403932", "TALHOES": "2", "FAZ_tAL": "403932002", "ID_LINHA": 228842 }, "geometry": { "type": "MultiLineString", "coordinates": [ [ [ 418673.815060060354881, 7631666.769753526896238 ], [ 419006.906834735127632, 7631663.494384404271841 ] ] ] } },
{ "type": "Feature", "properties": { "fid": 206.0, "COMPR_M": 332.98, "CLASSE": "03 - Média", "CD_FAZ": "403932", "TALHOES": "2", "FAZ_tAL": "403932002", "ID_LINHA": 228843 }, "geometry": { "type": "MultiLineString", "coordinates": [ [ [ 418674.093891575117595, 7631663.766967457719147 ], [ 419006.953356160316616, 7631660.493765139952302 ] ] ] } },
{ "type": "Feature", "properties": { "fid": 207.0, "COMPR_M": 332.75, "CLASSE": "03 - Média", "CD_FAZ": "403932", "TALHOES": "2", "FAZ_tAL": "403932002", "ID_LINHA": 228844 }, "geometry": { "type": "MultiLineString", "coordinates": [ [ [ 418674.372723089589272, 7631660.764181388542056 ], [ 419006.999877585330978, 7631657.49314587470144 ] ] ] } },
{ "type": "Feature", "properties": { "fid": 208.0, "COMPR_M": 332.52, "CLASSE": "03 - Média", "CD_FAZ": "403932", "TALHOES": "2", "FAZ_tAL": "403932002", "ID_LINHA": 228845 }, "geometry": { "type": "MultiLineString", "coordinates": [ [ [ 418674.651554604351986, 7631657.761395322158933 ], [ 419007.046399010752793, 7631654.492526608519256 ] ] ] } },
{ "type": "Feature", "properties": { "fid": 209.0, "COMPR_M": 332.28, "CLASSE": "03 - Média", "CD_FAZ": "403932", "TALHOES": "2", "FAZ_tAL": "403932002", "ID_LINHA": 228846 }, "geometry": { "type": "MultiLineString", "coordinates": [ [ [ 418674.930386119405739, 7631654.758609252050519 ], [ 419007.092920435301494, 7631651.491907343268394 ] ] ] } },
{ "type": "Feature", "properties": { "fid": 210.0, "COMPR_M": 332.06, "CLASSE": "03 - Média", "CD_FAZ": "403932", "TALHOES": "2", "FAZ_tAL": "403932002", "ID_LINHA": 228847 }, "geometry": { "type": "MultiLineString", "coordinates": [ [ [ 418675.209217634052038, 7631651.755823185667396 ], [ 419007.151768029143568, 7631648.491164164617658 ] ] ] } },
{ "type": "Feature", "properties": { "fid": 211.0, "COMPR_M": 334.93, "CLASSE": "03 - Média", "CD_FAZ": "403932", "TALHOES": "2", "FAZ_tAL": "403932002", "ID_LINHA": 228848 }, "geometry": { "type": "MultiLineString", "coordinates": [ [ [ 418671.863239457714371, 7631687.789256002753973 ], [ 419006.674393930006772, 7631684.497782234102488 ] ] ] } },
{ "type": "Feature", "properties": { "fid": 212.0, "COMPR_M": 334.71, "CLASSE": "03 - Média", "CD_FAZ": "403932", "TALHOES": "2", "FAZ_tAL": "403932002", "ID_LINHA": 228849 }, "geometry": { "type": "MultiLineString", "coordinates": [ [ [ 418672.142070972244255, 7631684.786469932645559 ], [ 419006.72974199190503, 7631681.497074235230684 ] ] ] } },
{ "type": "Feature", "properties": { "fid": 213.0, "COMPR_M": 334.46, "CLASSE": "03 - Média", "CD_FAZ": "403932", "TALHOES": "2", "FAZ_tAL": "403932002", "ID_LINHA": 228850 }, "geometry": { "type": "MultiLineString", "coordinates": [ [ [ 418672.420902486541308, 7631681.783683864399791 ], [ 419006.758981353545096, 7631678.496628704480827 ] ] ] } },
{ "type": "Feature", "properties": { "fid": 214.0, "COMPR_M": 334.21, "CLASSE": "03 - Média", "CD_FAZ": "403932", "TALHOES": "2", "FAZ_tAL": "403932002", "ID_LINHA": 228851 }, "geometry": { "type": "MultiLineString", "coordinates": [ [ [ 418672.699734001769684, 7631678.780897797085345 ], [ 419006.788220714777708, 7631675.496183175593615 ] ] ] } },
{ "type": "Feature", "properties": { "fid": 215.0, "COMPR_M": 333.96, "CLASSE": "03 - Média", "CD_FAZ": "403932", "TALHOES": "2", "FAZ_tAL": "403932002", "ID_LINHA": 228852 }, "geometry": { "type": "MultiLineString", "coordinates": [ [ [ 418672.978565515950322, 7631675.778111730702221 ], [ 419006.817460075544659, 7631672.495737647637725 ] ] ] } },
{ "type": "Feature", "properties": { "fid": 216.0, "COMPR_M": 333.71, "CLASSE": "03 - Média", "CD_FAZ": "403932", "TALHOES": "2", "FAZ_tAL": "403932002", "ID_LINHA": 228853 }, "geometry": { "type": "MultiLineString", "coordinates": [ [ [ 418673.257397030421998, 7631672.77532566152513 ], [ 419006.846699435904156, 7631669.49529211781919 ] ] ] } },
{ "type": "Feature", "properties": { "fid": 217.0, "COMPR_M": 336.13, "CLASSE": "03 - Média", "CD_FAZ": "403932", "TALHOES": "2", "FAZ_tAL": "403932002", "ID_LINHA": 228854 }, "geometry": { "type": "MultiLineString", "coordinates": [ [ [ 418669.99090252222959, 7631708.808002916164696 ], [ 419005.994675249152351, 7631705.505676518194377 ] ] ] } },
{ "type": "Feature", "properties": { "fid": 218.0, "COMPR_M": 335.96, "CLASSE": "03 - Média", "CD_FAZ": "403932", "TALHOES": "2", "FAZ_tAL": "403932002", "ID_LINHA": 228855 }, "geometry": { "type": "MultiLineString", "coordinates": [ [ [ 418670.251447212242056, 7631705.805390682071447 ], [ 419006.091777918394655, 7631702.504548763856292 ] ] ] } },
{ "type": "Feature", "properties": { "fid": 219.0, "COMPR_M": 335.8, "CLASSE": "03 - Média", "CD_FAZ": "403932", "TALHOES": "2", "FAZ_tAL": "403932002", "ID_LINHA": 228856 }, "geometry": { "type": "MultiLineString", "coordinates": [ [ [ 418670.511991902138107, 7631702.802778443321586 ], [ 419006.188880585890729, 7631699.503421008586884 ] ] ] } },
{ "type": "Feature", "properties": { "fid": 220.0, "COMPR_M": 335.64, "CLASSE": "03 - Média", "CD_FAZ": "403932", "TALHOES": "2", "FAZ_tAL": "403932002", "ID_LINHA": 228857 }, "geometry": { "type": "MultiLineString", "coordinates": [ [ [ 418670.772536592441611, 7631699.800166206434369 ], [ 419006.285983254900202, 7631696.502293253317475 ] ] ] } },
{ "type": "Feature", "properties": { "fid": 221.0, "COMPR_M": 335.47, "CLASSE": "03 - Média", "CD_FAZ": "403932", "TALHOES": "2", "FAZ_tAL": "403932002", "ID_LINHA": 228858 }, "geometry": { "type": "MultiLineString", "coordinates": [ [ [ 418671.033081284025684, 7631696.79755397234112 ], [ 419006.38308592478279, 7631693.501165499910712 ] ] ] } },
{ "type": "Feature", "properties": { "fid": 222.0, "COMPR_M": 335.3, "CLASSE": "03 - Média", "CD_FAZ": "403932", "TALHOES": "2", "FAZ_tAL": "403932002", "ID_LINHA": 228859 }, "geometry": { "type": "MultiLineString", "coordinates": [ [ [ 418671.305576428130735, 7631693.794828137382865 ], [ 419006.480188591056503, 7631690.500037743709981 ] ] ] } },
{ "type": "Feature", "properties": { "fid": 223.0, "COMPR_M": 338.16, "CLASSE": "03 - Média", "CD_FAZ": "403932", "TALHOES": "2", "FAZ_tAL": "403932002", "ID_LINHA": 228860 }, "geometry": { "type": "MultiLineString", "coordinates": [ [ [ 418668.167089691385627, 7631729.826288568787277 ], [ 419006.198391627171077, 7631726.504689691588283 ] ] ] } },
{ "type": "Feature", "properties": { "fid": 224.0, "COMPR_M": 337.85, "CLASSE": "03 - Média", "CD_FAZ": "403932", "TALHOES": "2", "FAZ_tAL": "403932002", "ID_LINHA": 228861 }, "geometry": { "type": "MultiLineString", "coordinates": [ [ [ 418668.42763438122347, 7631726.823676332831383 ], [ 419006.158078415435739, 7631723.504943367093801 ] ] ] } },
{ "type": "Feature", "properties": { "fid": 225.0, "COMPR_M": 337.55, "CLASSE": "03 - Média", "CD_FAZ": "403932", "TALHOES": "2", "FAZ_tAL": "403932002", "ID_LINHA": 228862 }, "geometry": { "type": "MultiLineString", "coordinates": [ [ [ 418668.688179070246406, 7631723.821064097806811 ], [ 419006.117765203176532, 7631720.50519704259932 ] ] ] } },
{ "type": "Feature", "properties": { "fid": 226.0, "COMPR_M": 337.25, "CLASSE": "03 - Média", "CD_FAZ": "403932", "TALHOES": "2", "FAZ_tAL": "403932002", "ID_LINHA": 228863 }, "geometry": { "type": "MultiLineString", "coordinates": [ [ [ 418668.948723760433495, 7631720.818451860919595 ], [ 419006.077451992430724, 7631717.50545072183013 ] ] ] } },
{ "type": "Feature", "properties": { "fid": 227.0, "COMPR_M": 336.95, "CLASSE": "03 - Média", "CD_FAZ": "403932", "TALHOES": "2", "FAZ_tAL": "403932002", "ID_LINHA": 228864 }, "geometry": { "type": "MultiLineString", "coordinates": [ [ [ 418669.209268452425022, 7631717.815839626826346 ], [ 419006.037138779764064, 7631714.505704400129616 ] ] ] } },
{ "type": "Feature", "properties": { "fid": 228.0, "COMPR_M": 336.65, "CLASSE": "03 - Média", "CD_FAZ": "403932", "TALHOES": "2", "FAZ_tAL": "403932002", "ID_LINHA": 228865 }, "geometry": { "type": "MultiLineString", "coordinates": [ [ [ 418669.469813141622581, 7631714.813227389007807 ], [ 419005.996825569251087, 7631711.505958076566458 ] ] ] } },
{ "type": "Feature", "properties": { "fid": 229.0, "COMPR_M": 340.55, "CLASSE": "03 - Média", "CD_FAZ": "403932", "TALHOES": "2", "FAZ_tAL": "403932002", "ID_LINHA": 228866 }, "geometry": { "type": "MultiLineString", "coordinates": [ [ [ 418666.198341657000128, 7631750.845976507291198 ], [ 419006.624298469221685, 7631747.501469196751714 ] ] ] } },
{ "type": "Feature", "properties": { "fid": 230.0, "COMPR_M": 340.22, "CLASSE": "03 - Média", "CD_FAZ": "403932", "TALHOES": "2", "FAZ_tAL": "403932002", "ID_LINHA": 228867 }, "geometry": { "type": "MultiLineString", "coordinates": [ [ [ 418666.485903386317659, 7631747.843103788793087 ], [ 419006.577001422061585, 7631744.501793082803488 ] ] ] } },
{ "type": "Feature", "properties": { "fid": 231.0, "COMPR_M": 339.87, "CLASSE": "03 - Média", "CD_FAZ": "403932", "TALHOES": "2", "FAZ_tAL": "403932002", "ID_LINHA": 228868 }, "geometry": { "type": "MultiLineString", "coordinates": [ [ [ 418666.77346511540236, 7631744.840231067501009 ], [ 419006.513787267904263, 7631741.502276981249452 ] ] ] } },
{ "type": "Feature", "properties": { "fid": 232.0, "COMPR_M": 339.51, "CLASSE": "03 - Média", "CD_FAZ": "403932", "TALHOES": "2", "FAZ_tAL": "403932002", "ID_LINHA": 228869 }, "geometry": { "type": "MultiLineString", "coordinates": [ [ [ 418667.061026842216961, 7631741.837358348071575 ], [ 419006.450573113746941, 7631738.502760879695415 ] ] ] } },
{ "type": "Feature", "properties": { "fid": 233.0, "COMPR_M": 339.16, "CLASSE": "03 - Média", "CD_FAZ": "403932", "TALHOES": "2", "FAZ_tAL": "403932002", "ID_LINHA": 228870 }, "geometry": { "type": "MultiLineString", "coordinates": [ [ [ 418667.348588569322601, 7631738.834485626779497 ], [ 419006.387358960346319, 7631735.503244779072702 ] ] ] } },
{ "type": "Feature", "properties": { "fid": 234.0, "COMPR_M": 338.81, "CLASSE": "03 - Média", "CD_FAZ": "403932", "TALHOES": "2", "FAZ_tAL": "403932002", "ID_LINHA": 228871 }, "geometry": { "type": "MultiLineString", "coordinates": [ [ [ 418667.636150298232678, 7631735.831612909212708 ], [ 419006.324144804268144, 7631732.503728678449988 ] ] ] } },
{ "type": "Feature", "properties": { "fid": 235.0, "COMPR_M": 342.76, "CLASSE": "03 - Média", "CD_FAZ": "403932", "TALHOES": "2", "FAZ_tAL": "403932002", "ID_LINHA": 228872 }, "geometry": { "type": "MultiLineString", "coordinates": [ [ [ 418664.185409563360736, 7631771.866085546091199 ], [ 419006.819867383805104, 7631768.500564272515476 ] ] ] } },
{ "type": "Feature", "properties": { "fid": 236.0, "COMPR_M": 342.44, "CLASSE": "03 - Média", "CD_FAZ": "403932", "TALHOES": "2", "FAZ_tAL": "403932002", "ID_LINHA": 228873 }, "geometry": { "type": "MultiLineString", "coordinates": [ [ [ 418664.472971291397698, 7631768.863212826661766 ], [ 419006.791928967926651, 7631765.500693545676768 ] ] ] } },
{ "type": "Feature", "properties": { "fid": 237.0, "COMPR_M": 342.13, "CLASSE": "03 - Média", "CD_FAZ": "403932", "TALHOES": "2", "FAZ_tAL": "403932002", "ID_LINHA": 228874 }, "geometry": { "type": "MultiLineString", "coordinates": [ [ [ 418664.760533019842114, 7631765.860340105369687 ], [ 419006.763990552106407, 7631762.50082282256335 ] ] ] } },
{ "type": "Feature", "properties": { "fid": 238.0, "COMPR_M": 341.81, "CLASSE": "03 - Média", "CD_FAZ": "403932", "TALHOES": "2", "FAZ_tAL": "403932002", "ID_LINHA": 228875 }, "geometry": { "type": "MultiLineString", "coordinates": [ [ [ 418665.048094747238792, 7631762.857467388734221 ], [ 419006.736052135238424, 7631759.500952096655965 ] ] ] } },
{ "type": "Feature", "properties": { "fid": 239.0, "COMPR_M": 341.5, "CLASSE": "03 - Média", "CD_FAZ": "403932", "TALHOES": "2", "FAZ_tAL": "403932002", "ID_LINHA": 228876 }, "geometry": { "type": "MultiLineString", "coordinates": [ [ [ 418665.335656475799624, 7631759.854594668373466 ], [ 419006.708113719243556, 7631756.501081371679902 ] ] ] } },
{ "type": "Feature", "properties": { "fid": 240.0, "COMPR_M": 341.18, "CLASSE": "03 - Média", "CD_FAZ": "403932", "TALHOES": "2", "FAZ_tAL": "403932002", "ID_LINHA": 228877 }, "geometry": { "type": "MultiLineString", "coordinates": [ [ [ 418665.623218202032149, 7631756.851721947081387 ], [ 419006.680175302841235, 7631753.501210646703839 ] ] ] } },
{ "type": "Feature", "properties": { "fid": 241.0, "COMPR_M": 344.3, "CLASSE": "03 - Média", "CD_FAZ": "403932", "TALHOES": "2", "FAZ_tAL": "403932002", "ID_LINHA": 228878 }, "geometry": { "type": "MultiLineString", "coordinates": [ [ [ 418662.216002086992376, 7631792.885780338197947 ], [ 419006.391549917170778, 7631789.505931237712502 ] ] ] } },
{ "type": "Feature", "properties": { "fid": 242.0, "COMPR_M": 344.09, "CLASSE": "03 - Média", "CD_FAZ": "403932", "TALHOES": "2", "FAZ_tAL": "403932002", "ID_LINHA": 228879 }, "geometry": { "type": "MultiLineString", "coordinates": [ [ [ 418662.494116158050019, 7631789.88299753703177 ], [ 419006.459760156285483, 7631786.50509393773973 ] ] ] } },
{ "type": "Feature", "properties": { "fid": 243.0, "COMPR_M": 343.88, "CLASSE": "03 - Média", "CD_FAZ": "403932", "TALHOES": "2", "FAZ_tAL": "403932002", "ID_LINHA": 228880 }, "geometry": { "type": "MultiLineString", "coordinates": [ [ [ 418662.772230226430111, 7631786.880214735865593 ], [ 419006.527970394468866, 7631783.504256634041667 ] ] ] } },
{ "type": "Feature", "properties": { "fid": 244.0, "COMPR_M": 343.67, "CLASSE": "03 - Média", "CD_FAZ": "403932", "TALHOES": "2", "FAZ_tAL": "403932002", "ID_LINHA": 228881 }, "geometry": { "type": "MultiLineString", "coordinates": [ [ [ 418663.050344297313131, 7631783.877431932836771 ], [ 419006.596180632943287, 7631780.503419334068894 ] ] ] } },
{ "type": "Feature", "properties": { "fid": 245.0, "COMPR_M": 343.46, "CLASSE": "03 - Média", "CD_FAZ": "403932", "TALHOES": "2", "FAZ_tAL": "403932002", "ID_LINHA": 228882 }, "geometry": { "type": "MultiLineString", "coordinates": [ [ [ 418663.328458366217092, 7631780.874649131670594 ], [ 419006.664390871766955, 7631777.502582034096122 ] ] ] } },
{ "type": "Feature", "properties": { "fid": 246.0, "COMPR_M": 343.25, "CLASSE": "03 - Média", "CD_FAZ": "403932", "TALHOES": "2", "FAZ_tAL": "403932002", "ID_LINHA": 228883 }, "geometry": { "type": "MultiLineString", "coordinates": [ [ [ 418663.610286107752472, 7631777.871830984950066 ], [ 419006.732601109659299, 7631774.501744732260704 ] ] ] } },
{ "type": "Feature", "properties": { "fid": 247.0, "COMPR_M": 346.1, "CLASSE": "03 - Média", "CD_FAZ": "403932", "TALHOES": "2", "FAZ_tAL": "403932002", "ID_LINHA": 228884 }, "geometry": { "type": "MultiLineString", "coordinates": [ [ [ 418660.269203599193133, 7631813.905259949155152 ], [ 419006.24158049072139, 7631810.508499990217388 ] ] ] } },
{ "type": "Feature", "properties": { "fid": 248.0, "COMPR_M": 345.76, "CLASSE": "03 - Média", "CD_FAZ": "403932", "TALHOES": "2", "FAZ_tAL": "403932002", "ID_LINHA": 228885 }, "geometry": { "type": "MultiLineString", "coordinates": [ [ [ 418660.547317668795586, 7631810.902477147057652 ], [ 419006.180267940915655, 7631807.508964772336185 ] ] ] } },
{ "type": "Feature", "properties": { "fid": 249.0, "COMPR_M": 345.46, "CLASSE": "03 - Média", "CD_FAZ": "403932", "TALHOES": "2", "FAZ_tAL": "403932002", "ID_LINHA": 228886 }, "geometry": { "type": "MultiLineString", "coordinates": [ [ [ 418660.825431739038322, 7631807.899694345891476 ], [ 419006.159828235337045, 7631804.509018662385643 ] ] ] } },
{ "type": "Feature", "properties": { "fid": 250.0, "COMPR_M": 345.21, "CLASSE": "03 - Média", "CD_FAZ": "403932", "TALHOES": "2", "FAZ_tAL": "403932002", "ID_LINHA": 228887 }, "geometry": { "type": "MultiLineString", "coordinates": [ [ [ 418661.103545808524359, 7631804.896911545656621 ], [ 419006.185598927084357, 7631801.508608002215624 ] ] ] } },
{ "type": "Feature", "properties": { "fid": 251.0, "COMPR_M": 344.96, "CLASSE": "03 - Média", "CD_FAZ": "403932", "TALHOES": "2", "FAZ_tAL": "403932002", "ID_LINHA": 228888 }, "geometry": { "type": "MultiLineString", "coordinates": [ [ [ 418661.381659878592473, 7631801.894128741696477 ], [ 419006.211369619064499, 7631798.50819734390825 ] ] ] } },
{ "type": "Feature", "properties": { "fid": 252.0, "COMPR_M": 344.72, "CLASSE": "03 - Média", "CD_FAZ": "403932", "TALHOES": "2", "FAZ_tAL": "403932002", "ID_LINHA": 228889 }, "geometry": { "type": "MultiLineString", "coordinates": [ [ [ 418661.659773947903886, 7631798.891345943324268 ], [ 419006.255129439290613, 7631795.507605839520693 ] ] ] } },
{ "type": "Feature", "properties": { "fid": 253.0, "COMPR_M": 352.49, "CLASSE": "03 - Média", "CD_FAZ": "403932", "TALHOES": "2", "FAZ_tAL": "403932002", "ID_LINHA": 228890 }, "geometry": { "type": "MultiLineString", "coordinates": [ [ [ 418658.322405110462569, 7631834.924739558249712 ], [ 419010.686573648301419, 7631831.464878652244806 ] ] ] } },
{ "type": "Feature", "properties": { "fid": 254.0, "COMPR_M": 350.89, "CLASSE": "03 - Média", "CD_FAZ": "403932", "TALHOES": "2", "FAZ_tAL": "403932002", "ID_LINHA": 228891 }, "geometry": { "type": "MultiLineString", "coordinates": [ [ [ 418658.600519179250114, 7631831.921956758014858 ], [ 419009.36014801915735, 7631828.478058772161603 ] ] ] } },
{ "type": "Feature", "properties": { "fid": 255.0, "COMPR_M": 349.25, "CLASSE": "03 - Média", "CD_FAZ": "403932", "TALHOES": "2", "FAZ_tAL": "403932002", "ID_LINHA": 228892 }, "geometry": { "type": "MultiLineString", "coordinates": [ [ [ 418658.878633249318227, 7631828.919173957780004 ], [ 419007.999214964453131, 7631825.491588551551104 ] ] ] } },
{ "type": "Feature", "properties": { "fid": 256.0, "COMPR_M": 348.12, "CLASSE": "03 - Média", "CD_FAZ": "403932", "TALHOES": "2", "FAZ_tAL": "403932002", "ID_LINHA": 228893 }, "geometry": { "type": "MultiLineString", "coordinates": [ [ [ 418659.156747319968417, 7631825.916391152888536 ], [ 419007.147471065924037, 7631822.499999485909939 ] ] ] } },
{ "type": "Feature", "properties": { "fid": 257.0, "COMPR_M": 347.12, "CLASSE": "03 - Média", "CD_FAZ": "403932", "TALHOES": "2", "FAZ_tAL": "403932002", "ID_LINHA": 228894 }, "geometry": { "type": "MultiLineString", "coordinates": [ [ [ 418659.434861389221624, 7631822.91360835544765 ], [ 419006.425518139090855, 7631819.507105641067028 ] ] ] } },
{ "type": "Feature", "properties": { "fid": 258.0, "COMPR_M": 346.78, "CLASSE": "03 - Média", "CD_FAZ": "403932", "TALHOES": "2", "FAZ_tAL": "403932002", "ID_LINHA": 228895 }, "geometry": { "type": "MultiLineString", "coordinates": [ [ [ 418659.712975459056906, 7631819.910825552418828 ], [ 419006.364205590100028, 7631816.507570423185825 ] ] ] } },
{ "type": "Feature", "properties": { "fid": 259.0, "COMPR_M": 354.88, "CLASSE": "03 - Média", "CD_FAZ": "403932", "TALHOES": "2", "FAZ_tAL": "403932002", "ID_LINHA": 228896 }, "geometry": { "type": "MultiLineString", "coordinates": [ [ [ 418656.374399541120511, 7631855.944230653345585 ], [ 419011.127865324669983, 7631852.461503989063203 ] ] ] } },
{ "type": "Feature", "properties": { "fid": 260.0, "COMPR_M": 354.62, "CLASSE": "03 - Média", "CD_FAZ": "403932", "TALHOES": "2", "FAZ_tAL": "403932002", "ID_LINHA": 228897 }, "geometry": { "type": "MultiLineString", "coordinates": [ [ [ 418656.652754527807701, 7631852.94144556298852 ], [ 419011.140953952737618, 7631849.461220914497972 ] ] ] } },
{ "type": "Feature", "properties": { "fid": 261.0, "COMPR_M": 354.35, "CLASSE": "03 - Média", "CD_FAZ": "403932", "TALHOES": "2", "FAZ_tAL": "403932002", "ID_LINHA": 228898 }, "geometry": { "type": "MultiLineString", "coordinates": [ [ [ 418656.931109514960553, 7631849.938660468906164 ], [ 419011.154042580339592, 7631846.460937840864062 ] ] ] } },
{ "type": "Feature", "properties": { "fid": 262.0, "COMPR_M": 354.09, "CLASSE": "03 - Média", "CD_FAZ": "403932", "TALHOES": "2", "FAZ_tAL": "403932002", "ID_LINHA": 228899 }, "geometry": { "type": "MultiLineString", "coordinates": [ [ [ 418657.209464502695482, 7631846.935875372961164 ], [ 419011.167131206253543, 7631843.460654765367508 ] ] ] } },
{ "type": "Feature", "properties": { "fid": 263.0, "COMPR_M": 353.82, "CLASSE": "03 - Média", "CD_FAZ": "403932", "TALHOES": "2", "FAZ_tAL": "403932002", "ID_LINHA": 228900 }, "geometry": { "type": "MultiLineString", "coordinates": [ [ [ 418657.487819489557296, 7631843.933090278878808 ], [ 419011.179908532591071, 7631840.460374819114804 ] ] ] } },
{ "type": "Feature", "properties": { "fid": 264.0, "COMPR_M": 353.55, "CLASSE": "03 - Média", "CD_FAZ": "403932", "TALHOES": "2", "FAZ_tAL": "403932002", "ID_LINHA": 228901 }, "geometry": { "type": "MultiLineString", "coordinates": [ [ [ 418657.766174476244487, 7631840.930305182933807 ], [ 419011.186917122744489, 7631837.460152855142951 ] ] ] } },
{ "type": "Feature", "properties": { "fid": 265.0, "COMPR_M": 356.74, "CLASSE": "03 - Média", "CD_FAZ": "403932", "TALHOES": "2", "FAZ_tAL": "403932002", "ID_LINHA": 228902 }, "geometry": { "type": "MultiLineString", "coordinates": [ [ [ 418654.425332686631009, 7631876.963767420500517 ], [ 419011.036244935938157, 7631873.463485512882471 ] ] ] } },
{ "type": "Feature", "properties": { "fid": 266.0, "COMPR_M": 356.48, "CLASSE": "03 - Média", "CD_FAZ": "403932", "TALHOES": "2", "FAZ_tAL": "403932002", "ID_LINHA": 228903 }, "geometry": { "type": "MultiLineString", "coordinates": [ [ [ 418654.704226798028685, 7631873.96096976287663 ], [ 419011.049333563656546, 7631870.463202439248562 ] ] ] } },
{ "type": "Feature", "properties": { "fid": 267.0, "COMPR_M": 356.21, "CLASSE": "03 - Média", "CD_FAZ": "403932", "TALHOES": "2", "FAZ_tAL": "403932002", "ID_LINHA": 228904 }, "geometry": { "type": "MultiLineString", "coordinates": [ [ [ 418654.982622683164664, 7631870.958176861517131 ], [ 419011.06242218951229, 7631867.462919363752007 ] ] ] } },
{ "type": "Feature", "properties": { "fid": 268.0, "COMPR_M": 355.95, "CLASSE": "03 - Média", "CD_FAZ": "403932", "TALHOES": "2", "FAZ_tAL": "403932002", "ID_LINHA": 228905 }, "geometry": { "type": "MultiLineString", "coordinates": [ [ [ 418655.260978358564898, 7631867.955384341999888 ], [ 419011.075510817638133, 7631864.462636287324131 ] ] ] } },
{ "type": "Feature", "properties": { "fid": 269.0, "COMPR_M": 355.68, "CLASSE": "03 - Média", "CD_FAZ": "403932", "TALHOES": "2", "FAZ_tAL": "403932002", "ID_LINHA": 228906 }, "geometry": { "type": "MultiLineString", "coordinates": [ [ [ 418655.539334032451734, 7631864.952591824345291 ], [ 419011.088599444716237, 7631861.462353215552866 ] ] ] } },
{ "type": "Feature", "properties": { "fid": 270.0, "COMPR_M": 355.41, "CLASSE": "03 - Média", "CD_FAZ": "403932", "TALHOES": "2", "FAZ_tAL": "403932002", "ID_LINHA": 228907 }, "geometry": { "type": "MultiLineString", "coordinates": [ [ [ 418655.817689567920752, 7631861.949800844304264 ], [ 419011.101688071968965, 7631858.462070137262344 ] ] ] } },
{ "type": "Feature", "properties": { "fid": 271.0, "COMPR_M": 358.6, "CLASSE": "03 - Média", "CD_FAZ": "403932", "TALHOES": "2", "FAZ_tAL": "403932002", "ID_LINHA": 228908 }, "geometry": { "type": "MultiLineString", "coordinates": [ [ [ 418652.473073910921812, 7631897.983351005241275 ], [ 419010.944624545460101, 7631894.465467035770416 ] ] ] } },
{ "type": "Feature", "properties": { "fid": 272.0, "COMPR_M": 358.34, "CLASSE": "03 - Média", "CD_FAZ": "403932", "TALHOES": "2", "FAZ_tAL": "403932002", "ID_LINHA": 228909 }, "geometry": { "type": "MultiLineString", "coordinates": [ [ [ 418652.751968021504581, 7631894.980553349480033 ], [ 419010.957713174051605, 7631891.465183958411217 ] ] ] } },
{ "type": "Feature", "properties": { "fid": 273.0, "COMPR_M": 358.07, "CLASSE": "03 - Média", "CD_FAZ": "403932", "TALHOES": "2", "FAZ_tAL": "403932002", "ID_LINHA": 228910 }, "geometry": { "type": "MultiLineString", "coordinates": [ [ [ 418653.030862133018672, 7631891.977755695581436 ], [ 419010.970801801478956, 7631888.464900886639953 ] ] ] } },
{ "type": "Feature", "properties": { "fid": 274.0, "COMPR_M": 357.81, "CLASSE": "03 - Média", "CD_FAZ": "403932", "TALHOES": "2", "FAZ_tAL": "403932002", "ID_LINHA": 228911 }, "geometry": { "type": "MultiLineString", "coordinates": [ [ [ 418653.309756244183518, 7631888.974958037026227 ], [ 419010.983890427858569, 7631885.464617813006043 ] ] ] } },
{ "type": "Feature", "properties": { "fid": 275.0, "COMPR_M": 357.54, "CLASSE": "03 - Média", "CD_FAZ": "403932", "TALHOES": "2", "FAZ_tAL": "403932002", "ID_LINHA": 228912 }, "geometry": { "type": "MultiLineString", "coordinates": [ [ [ 418653.588650354358833, 7631885.972160384058952 ], [ 419010.996979055227712, 7631882.464334737509489 ] ] ] } },
{ "type": "Feature", "properties": { "fid": 276.0, "COMPR_M": 357.27, "CLASSE": "03 - Média", "CD_FAZ": "403932", "TALHOES": "2", "FAZ_tAL": "403932002", "ID_LINHA": 228913 }, "geometry": { "type": "MultiLineString", "coordinates": [ [ [ 418653.867544465465471, 7631882.96936272829771 ], [ 419011.010067682131194, 7631879.464051662012935 ] ] ] } },
{ "type": "Feature", "properties": { "fid": 277.0, "COMPR_M": 360.4, "CLASSE": "03 - Média", "CD_FAZ": "403932", "TALHOES": "2", "FAZ_tAL": "403932002", "ID_LINHA": 228914 }, "geometry": { "type": "MultiLineString", "coordinates": [ [ [ 418650.581661770236678, 7631919.002354010939598 ], [ 419010.853004157077521, 7631915.467448556795716 ] ] ] } },
{ "type": "Feature", "properties": { "fid": 278.0, "COMPR_M": 360.17, "CLASSE": "03 - Média", "CD_FAZ": "403932", "TALHOES": "2", "FAZ_tAL": "403932002", "ID_LINHA": 228915 }, "geometry": { "type": "MultiLineString", "coordinates": [ [ [ 418650.825906024721917, 7631915.9998869728297 ], [ 419010.866092783922795, 7631912.467165483161807 ] ] ] } },
{ "type": "Feature", "properties": { "fid": 279.0, "COMPR_M": 359.93, "CLASSE": "03 - Média", "CD_FAZ": "403932", "TALHOES": "2", "FAZ_tAL": "403932002", "ID_LINHA": 228916 }, "geometry": { "type": "MultiLineString", "coordinates": [ [ [ 418651.078603357367683, 7631912.997339276596904 ], [ 419010.8791814110009, 7631909.46688240673393 ] ] ] } },
{ "type": "Feature", "properties": { "fid": 280.0, "COMPR_M": 359.67, "CLASSE": "03 - Média", "CD_FAZ": "403932", "TALHOES": "2", "FAZ_tAL": "403932002", "ID_LINHA": 228917 }, "geometry": { "type": "MultiLineString", "coordinates": [ [ [ 418651.357497468416113, 7631909.994541621766984 ], [ 419010.892270036973059, 7631906.466599334031343 ] ] ] } },
{ "type": "Feature", "properties": { "fid": 281.0, "COMPR_M": 359.4, "CLASSE": "03 - Média", "CD_FAZ": "403932", "TALHOES": "2", "FAZ_tAL": "403932002", "ID_LINHA": 228918 }, "geometry": { "type": "MultiLineString", "coordinates": [ [ [ 418651.63639157905709, 7631906.99174396879971 ], [ 419010.905358665215317, 7631903.466316258534789 ] ] ] } },
{ "type": "Feature", "properties": { "fid": 282.0, "COMPR_M": 359.13, "CLASSE": "03 - Média", "CD_FAZ": "403932", "TALHOES": "2", "FAZ_tAL": "403932002", "ID_LINHA": 228919 }, "geometry": { "type": "MultiLineString", "coordinates": [ [ [ 418651.915285690047313, 7631903.988946313038468 ], [ 419010.918447292409837, 7631900.466033183038235 ] ] ] } },
{ "type": "Feature", "properties": { "fid": 283.0, "COMPR_M": 283.22, "CLASSE": "02 - Curta", "CD_FAZ": "403932", "TALHOES": "2", "FAZ_tAL": "403932002", "ID_LINHA": 228920 }, "geometry": { "type": "MultiLineString", "coordinates": [ [ [ 418648.871951989713125, 7631940.019623284228146 ], [ 418931.98452021391131, 7631937.262261969037354 ] ] ] } },
{ "type": "Feature", "properties": { "fid": 284.0, "COMPR_M": 292.92, "CLASSE": "02 - Curta", "CD_FAZ": "403932", "TALHOES": "2", "FAZ_tAL": "403932002", "ID_LINHA": 228921 }, "geometry": { "type": "MultiLineString", "coordinates": [ [ [ 418649.116196244489402, 7631937.01715624704957 ], [ 418941.928920590144116, 7631934.1618896657601 ] ] ] } },
{ "type": "Feature", "properties": { "fid": 285.0, "COMPR_M": 302.71, "CLASSE": "03 - Média", "CD_FAZ": "403932", "TALHOES": "2", "FAZ_tAL": "403932002", "ID_LINHA": 228922 }, "geometry": { "type": "MultiLineString", "coordinates": [ [ [ 418649.360440498567186, 7631934.014689207077026 ], [ 418951.963970085605979, 7631931.060642441734672 ] ] ] } },
{ "type": "Feature", "properties": { "fid": 287.0, "COMPR_M": 361.33, "CLASSE": "03 - Média", "CD_FAZ": "403932", "TALHOES": "2", "FAZ_tAL": "403932002", "ID_LINHA": 228923 }, "geometry": { "type": "MultiLineString", "coordinates": [ [ [ 418649.604684753227048, 7631931.012222167104483 ], [ 419010.800649648299441, 7631927.468580855056643 ] ] ] } },
{ "type": "Feature", "properties": { "fid": 288.0, "COMPR_M": 361.1, "CLASSE": "03 - Média", "CD_FAZ": "403932", "TALHOES": "2", "FAZ_tAL": "403932002", "ID_LINHA": 228924 }, "geometry": { "type": "MultiLineString", "coordinates": [ [ [ 418649.848929007246625, 7631928.009755127131939 ], [ 419010.81373827601783, 7631924.468297783285379 ] ] ] } },
{ "type": "Feature", "properties": { "fid": 289.0, "COMPR_M": 360.87, "CLASSE": "03 - Média", "CD_FAZ": "403932", "TALHOES": "2", "FAZ_tAL": "403932002", "ID_LINHA": 228925 }, "geometry": { "type": "MultiLineString", "coordinates": [ [ [ 418650.093173261790071, 7631925.007288090884686 ], [ 419010.826826902164612, 7631921.468014706857502 ] ] ] } },
{ "type": "Feature", "properties": { "fid": 290.0, "COMPR_M": 256.21, "CLASSE": "02 - Curta", "CD_FAZ": "403932", "TALHOES": "2", "FAZ_tAL": "403932002", "ID_LINHA": 228926 }, "geometry": { "type": "MultiLineString", "coordinates": [ [ [ 418646.927235200419091, 7631961.039134895429015 ], [ 418903.038719559612218, 7631958.554600698873401 ] ] ] } },
{ "type": "Feature", "properties": { "fid": 291.0, "COMPR_M": 256.92, "CLASSE": "02 - Curta", "CD_FAZ": "403932", "TALHOES": "2", "FAZ_tAL": "403932002", "ID_LINHA": 228927 }, "geometry": { "type": "MultiLineString", "coordinates": [ [ [ 418647.215118717227597, 7631958.036251467652619 ], [ 418904.039019516902044, 7631955.544395840726793 ] ] ] } },
{ "type": "Feature", "properties": { "fid": 292.0, "COMPR_M": 258.55, "CLASSE": "02 - Curta", "CD_FAZ": "403932", "TALHOES": "2", "FAZ_tAL": "403932002", "ID_LINHA": 228928 }, "geometry": { "type": "MultiLineString", "coordinates": [ [ [ 418647.503002233628649, 7631955.03336804267019 ], [ 418905.954637182992883, 7631952.524991730228066 ] ] ] } },
{ "type": "Feature", "properties": { "fid": 293.0, "COMPR_M": 260.75, "CLASSE": "02 - Curta", "CD_FAZ": "403932", "TALHOES": "2", "FAZ_tAL": "403932002", "ID_LINHA": 228929 }, "geometry": { "type": "MultiLineString", "coordinates": [ [ [ 418647.790885748981964, 7631952.030484616756439 ], [ 418908.445825614151545, 7631949.499802943319082 ] ] ] } },
{ "type": "Feature", "properties": { "fid": 294.0, "COMPR_M": 263.79, "CLASSE": "02 - Curta", "CD_FAZ": "403932", "TALHOES": "2", "FAZ_tAL": "403932002", "ID_LINHA": 228930 }, "geometry": { "type": "MultiLineString", "coordinates": [ [ [ 418648.078769266663585, 7631949.027601187117398 ], [ 418911.776582629303448, 7631946.466176209971309 ] ] ] } },
{ "type": "Feature", "properties": { "fid": 295.0, "COMPR_M": 267.78, "CLASSE": "02 - Curta", "CD_FAZ": "403932", "TALHOES": "2", "FAZ_tAL": "403932002", "ID_LINHA": 228931 }, "geometry": { "type": "MultiLineString", "coordinates": [ [ [ 418648.366652782540768, 7631946.024717761203647 ], [ 418916.050002656586003, 7631943.423058489337564 ] ] ] } },
{ "type": "Feature", "properties": { "fid": 296.0, "COMPR_M": 257.73, "CLASSE": "02 - Curta", "CD_FAZ": "403932", "TALHOES": "2", "FAZ_tAL": "403932002", "ID_LINHA": 228932 }, "geometry": { "type": "MultiLineString", "coordinates": [ [ [ 418644.912050585844554, 7631982.059318874031305 ], [ 418902.546781821583863, 7631979.560605394653976 ] ] ] } },
{ "type": "Feature", "properties": { "fid": 297.0, "COMPR_M": 257.11, "CLASSE": "02 - Curta", "CD_FAZ": "403932", "TALHOES": "2", "FAZ_tAL": "403932002", "ID_LINHA": 228933 }, "geometry": { "type": "MultiLineString", "coordinates": [ [ [ 418645.199934101372492, 7631979.056435449048877 ], [ 418902.214466820296366, 7631976.563793762587011 ] ] ] } },
{ "type": "Feature", "properties": { "fid": 298.0, "COMPR_M": 256.52, "CLASSE": "02 - Curta", "CD_FAZ": "403932", "TALHOES": "2", "FAZ_tAL": "403932002", "ID_LINHA": 228934 }, "geometry": { "type": "MultiLineString", "coordinates": [ [ [ 418645.487817618530244, 7631976.053552024066448 ], [ 418901.909864405577537, 7631973.566703611984849 ] ] ] } },
{ "type": "Feature", "properties": { "fid": 299.0, "COMPR_M": 256.02, "CLASSE": "02 - Curta", "CD_FAZ": "403932", "TALHOES": "2", "FAZ_tAL": "403932002", "ID_LINHA": 228935 }, "geometry": { "type": "MultiLineString", "coordinates": [ [ [ 418645.775701135280542, 7631973.050668597221375 ], [ 418901.702912944136187, 7631970.568626661784947 ] ] ] } },
{ "type": "Feature", "properties": { "fid": 300.0, "COMPR_M": 255.65, "CLASSE": "02 - Curta", "CD_FAZ": "403932", "TALHOES": "2", "FAZ_tAL": "403932002", "ID_LINHA": 228936 }, "geometry": { "type": "MultiLineString", "coordinates": [ [ [ 418646.063584651681595, 7631970.047785174101591 ], [ 418901.615788567462005, 7631967.569348918274045 ] ] ] } },
{ "type": "Feature", "properties": { "fid": 301.0, "COMPR_M": 255.55, "CLASSE": "02 - Curta", "CD_FAZ": "403932", "TALHOES": "2", "FAZ_tAL": "403932002", "ID_LINHA": 228937 }, "geometry": { "type": "MultiLineString", "coordinates": [ [ [ 418646.351468166976701, 7631967.044901747256517 ], [ 418901.804350914026145, 7631964.567309438250959 ] ] ] } },
{ "type": "Feature", "properties": { "fid": 302.0, "COMPR_M": 260.39, "CLASSE": "02 - Curta", "CD_FAZ": "403932", "TALHOES": "2", "FAZ_tAL": "403932002", "ID_LINHA": 228938 }, "geometry": { "type": "MultiLineString", "coordinates": [ [ [ 418642.992328598687891, 7632003.078610038384795 ], [ 418903.284958197386004, 7632000.554247034713626 ] ] ] } },
{ "type": "Feature", "properties": { "fid": 303.0, "COMPR_M": 260.47, "CLASSE": "02 - Curta", "CD_FAZ": "403932", "TALHOES": "2", "FAZ_tAL": "403932002", "ID_LINHA": 228939 }, "geometry": { "type": "MultiLineString", "coordinates": [ [ [ 418643.238432614132762, 7632000.076115163043141 ], [ 418903.612166551058181, 7631997.550806974992156 ] ] ] } },
{ "type": "Feature", "properties": { "fid": 304.0, "COMPR_M": 260.34, "CLASSE": "02 - Curta", "CD_FAZ": "403932", "TALHOES": "2", "FAZ_tAL": "403932002", "ID_LINHA": 228940 }, "geometry": { "type": "MultiLineString", "coordinates": [ [ [ 418643.484536453324836, 7631997.073622422292829 ], [ 418903.733609562390484, 7631994.549434922635555 ] ] ] } },
{ "type": "Feature", "properties": { "fid": 305.0, "COMPR_M": 260.04, "CLASSE": "02 - Curta", "CD_FAZ": "403932", "TALHOES": "2", "FAZ_tAL": "403932002", "ID_LINHA": 228941 }, "geometry": { "type": "MultiLineString", "coordinates": [ [ [ 418643.760516519017983, 7631994.07085257768631 ], [ 418903.700941675167996, 7631991.549611737951636 ] ] ] } },
{ "type": "Feature", "properties": { "fid": 306.0, "COMPR_M": 259.55, "CLASSE": "02 - Curta", "CD_FAZ": "403932", "TALHOES": "2", "FAZ_tAL": "403932002", "ID_LINHA": 228942 }, "geometry": { "type": "MultiLineString", "coordinates": [ [ [ 418644.04840003681602, 7631991.067969150841236 ], [ 418903.502596694044769, 7631988.551453663036227 ] ] ] } },
{ "type": "Feature", "properties": { "fid": 307.0, "COMPR_M": 259.02, "CLASSE": "02 - Curta", "CD_FAZ": "403932", "TALHOES": "2", "FAZ_tAL": "403932002", "ID_LINHA": 228943 }, "geometry": { "type": "MultiLineString", "coordinates": [ [ [ 418644.336283552926034, 7631988.065085725858808 ], [ 418903.258901290770154, 7631985.553751374594867 ] ] ] } }
]
}
