{
"type": "FeatureCollection",
"name": "403973",
"crs": { "type": "name", "properties": { "name": "urn:ogc:def:crs:EPSG::32722" } },
"xy_coordinate_resolution": 1e-15,
"features": [
{ "type": "Feature", "properties": { "fid": 78.0, "COMPR_M": 393.88, "CLASSE": "03 - Média", "CD_FAZ": "403973", "TALHOES": "1", "FAZ_tAL": "403973001", "ID_LINHA": 241198 }, "geometry": { "type": "MultiLineString", "coordinates": [ [ [ 416519.041409254190512, 7621730.06408566609025 ], [ 416515.808642473944928, 7621712.20431805960834 ], [ 416512.886971694068052, 7621690.430025260895491 ], [ 416511.007824063766748, 7621668.543943291530013 ], [ 416510.10185518162325, 7621646.596743982285261 ], [ 416510.072765371878631, 7621624.632205691188574 ], [ 416510.824393769027665, 7621602.689685023389757 ], [ 416512.297343148791697, 7621580.7974141119048 ], [ 416514.570002578664571, 7621558.977772275917232 ], [ 416517.744841296400409, 7621537.268817828968167 ], [ 416521.799092585220933, 7621515.706630298867822 ], [ 416526.609287272789516, 7621494.308295102789998 ], [ 416532.079966101096943, 7621473.079755730926991 ], [ 416538.194640647969209, 7621452.031091464683414 ], [ 416544.949449169915169, 7621431.17751192022115 ], [ 416552.350309365370777, 7621410.536128671839833 ], [ 416560.456918521143962, 7621390.15389197319746 ], [ 416569.343906195368618, 7621370.09779067710042 ], [ 416580.23281735542696, 7621348.110484746284783 ] ] ] } },
{ "type": "Feature", "properties": { "fid": 79.0, "COMPR_M": 400.23, "CLASSE": "03 - Média", "CD_FAZ": "403973", "TALHOES": "1", "FAZ_tAL": "403973001", "ID_LINHA": 241199 }, "geometry": { "type": "MultiLineString", "coordinates": [ [ [ 416516.4672093517147, 7621732.685788324102759 ], [ 416512.844404710223898, 7621712.671214612200856 ], [ 416509.904095103556756, 7621690.75801251269877 ], [ 416508.013123766926583, 7621668.734222032129765 ], [ 416507.101937150058802, 7621646.66062256321311 ], [ 416507.07269734016154, 7621624.582825156860054 ], [ 416507.827843912411481, 7621602.537597352638841 ], [ 416509.307796460750978, 7621580.54123916849494 ], [ 416511.59258374478668, 7621558.605158679187298 ], [ 416514.785239822871517, 7621536.774372447282076 ], [ 416518.860532110324129, 7621515.100280173122883 ], [ 416523.692559992021415, 7621493.604819172993302 ], [ 416529.186300198431127, 7621472.286791931837797 ], [ 416535.326517010922544, 7621451.150203028693795 ], [ 416542.109776407014579, 7621430.208789376541972 ], [ 416549.543696314445697, 7621409.47520087659359 ], [ 416557.690689159499016, 7621388.991428516805172 ], [ 416566.624841944896616, 7621368.828885277733207 ], [ 416578.630032806831878, 7621344.744707047007978 ] ] ] } },
{ "type": "Feature", "properties": { "fid": 80.0, "COMPR_M": 406.57, "CLASSE": "03 - Média", "CD_FAZ": "403973", "TALHOES": "1", "FAZ_tAL": "403973001", "ID_LINHA": 241200 }, "geometry": { "type": "MultiLineString", "coordinates": [ [ [ 416513.90344476827886, 7621735.296863099560142 ], [ 416509.880166944232769, 7621713.13811116758734 ], [ 416506.921218512114137, 7621691.085999765433371 ], [ 416505.018423469155096, 7621668.924500774592161 ], [ 416504.102019119949546, 7621646.724501149728894 ], [ 416504.072629310947377, 7621624.533444621600211 ], [ 416504.831294054340106, 7621602.385509677231312 ], [ 416506.31824977346696, 7621580.285064220428467 ], [ 416508.615164909046143, 7621558.232545081526041 ], [ 416511.825638348294888, 7621536.27992706745863 ], [ 416515.921971634204965, 7621514.493930051103234 ], [ 416520.775832711777184, 7621492.901343240402639 ], [ 416526.292634297395125, 7621471.493828133679926 ], [ 416532.458393373293802, 7621450.269314592704177 ], [ 416539.270103643881157, 7621429.240066831931472 ], [ 416546.737083263928071, 7621408.414273083209991 ], [ 416554.924459797912277, 7621387.828965062275529 ], [ 416563.905777694482822, 7621367.559979876503348 ], [ 416577.027248259750195, 7621341.378929347731173 ] ] ] } },
{ "type": "Feature", "properties": { "fid": 81.0, "COMPR_M": 412.86, "CLASSE": "03 - Média", "CD_FAZ": "403973", "TALHOES": "1", "FAZ_tAL": "403973001", "ID_LINHA": 241201 }, "geometry": { "type": "MultiLineString", "coordinates": [ [ [ 416511.401595671486575, 7621737.84487983211875 ], [ 416506.915929178474471, 7621713.605007723905146 ], [ 416503.938341921020765, 7621691.41398702096194 ], [ 416502.023723170510493, 7621669.114779513329268 ], [ 416501.10210108931642, 7621646.788379732519388 ], [ 416501.072561280336231, 7621624.484064089134336 ], [ 416501.83474419801496, 7621602.233422007411718 ], [ 416503.32870308693964, 7621580.028889274224639 ], [ 416505.637746074062306, 7621557.859931483864784 ], [ 416508.866036874649581, 7621535.785481683909893 ], [ 416512.983411158202216, 7621513.887579925358295 ], [ 416517.859105432056822, 7621492.197867307811975 ], [ 416523.398968396009877, 7621470.700864334590733 ], [ 416529.590269735082984, 7621449.388426156714559 ], [ 416536.430430880340282, 7621428.271344290114939 ], [ 416543.93047021178063, 7621407.353345287963748 ], [ 416552.158230436267331, 7621386.666501604951918 ], [ 416561.186713442904875, 7621366.2910744715482 ], [ 416575.424463711620774, 7621338.013151649385691 ] ] ] } },
{ "type": "Feature", "properties": { "fid": 82.0, "COMPR_M": 419.15, "CLASSE": "03 - Média", "CD_FAZ": "403973", "TALHOES": "1", "FAZ_tAL": "403973001", "ID_LINHA": 241202 }, "geometry": { "type": "MultiLineString", "coordinates": [ [ [ 416508.899746574752498, 7621740.392896568402648 ], [ 416503.951691413647495, 7621714.071904278360307 ], [ 416500.955465330334846, 7621691.741974274627864 ], [ 416499.029022872797213, 7621669.305058255791664 ], [ 416498.102183059439994, 7621646.852258315309882 ], [ 416498.072493250365369, 7621624.434683553874493 ], [ 416498.838194342155475, 7621602.081334333866835 ], [ 416500.33915639918996, 7621579.772714329883456 ], [ 416502.660327239253093, 7621557.487317889928818 ], [ 416505.906435399956536, 7621535.291036302223802 ], [ 416510.044850682141259, 7621513.281229799613357 ], [ 416514.94237815157976, 7621491.494391376152635 ], [ 416520.505302494158968, 7621469.907900532707572 ], [ 416526.722146097628865, 7621448.507537718862295 ], [ 416533.590758117148653, 7621427.302621746435761 ], [ 416541.123857158643659, 7621406.29241749458015 ], [ 416549.392001073400024, 7621385.504038147628307 ], [ 416558.467649193364196, 7621365.022169071249664 ], [ 416573.821679162210785, 7621334.647373950108886 ] ] ] } },
{ "type": "Feature", "properties": { "fid": 83.0, "COMPR_M": 425.43, "CLASSE": "03 - Média", "CD_FAZ": "403973", "TALHOES": "1", "FAZ_tAL": "403973001", "ID_LINHA": 241203 }, "geometry": { "type": "MultiLineString", "coordinates": [ [ [ 416506.397897477436345, 7621742.940913300961256 ], [ 416500.987453648587689, 7621714.538800833746791 ], [ 416497.972588739357889, 7621692.069961527362466 ], [ 416496.034322574210819, 7621669.495336998254061 ], [ 416495.102265029097907, 7621646.916136898100376 ], [ 416495.0724252195796, 7621624.38530301861465 ], [ 416495.841644484782591, 7621601.929246662184596 ], [ 416497.349609711614903, 7621579.516539385542274 ], [ 416499.682908405200578, 7621557.114704294130206 ], [ 416502.946833926835097, 7621534.796590922400355 ], [ 416507.106290206313133, 7621512.674879673868418 ], [ 416512.025650871626567, 7621490.790915444493294 ], [ 416517.611636592657305, 7621469.114936733618379 ], [ 416523.854022460174747, 7621447.626649282872677 ], [ 416530.751085354946554, 7621426.333899202756584 ], [ 416538.317244107834995, 7621405.231489697471261 ], [ 416546.625771712511778, 7621384.341574691236019 ], [ 416555.748584943939932, 7621363.753263669088483 ], [ 416572.218894613091834, 7621331.281596248969436 ] ] ] } },
{ "type": "Feature", "properties": { "fid": 84.0, "COMPR_M": 431.72, "CLASSE": "03 - Média", "CD_FAZ": "403973", "TALHOES": "1", "FAZ_tAL": "403973001", "ID_LINHA": 241204 }, "geometry": { "type": "MultiLineString", "coordinates": [ [ [ 416503.896048381458968, 7621745.488930035382509 ], [ 416498.023215883062221, 7621715.005697390064597 ], [ 416494.989712149428669, 7621692.397948781959713 ], [ 416493.039622276613954, 7621669.685615738853812 ], [ 416492.102346998173743, 7621646.980015481822193 ], [ 416492.072357188793831, 7621624.335922485217452 ], [ 416492.845094628573861, 7621601.777158988639712 ], [ 416494.360063024156261, 7621579.260364439338446 ], [ 416496.705489571264479, 7621556.742090699262917 ], [ 416499.987232450686861, 7621534.302145542576909 ], [ 416504.167729730485007, 7621512.068529549986124 ], [ 416509.108923589577898, 7621490.08743951190263 ], [ 416514.717970691330265, 7621468.321972933597863 ], [ 416520.985898822837044, 7621446.745760848745704 ], [ 416527.911412591754925, 7621425.365176657214761 ], [ 416535.510631056153215, 7621404.170561907812953 ], [ 416543.859542350983247, 7621383.179111234843731 ], [ 416553.029520693235099, 7621362.484358268789947 ], [ 416562.983601378102321, 7621342.197510567493737 ], [ 416570.616110066068359, 7621327.915818552486598 ] ] ] } },
{ "type": "Feature", "properties": { "fid": 85.0, "COMPR_M": 438.01, "CLASSE": "03 - Média", "CD_FAZ": "403973", "TALHOES": "1", "FAZ_tAL": "403973001", "ID_LINHA": 241205 }, "geometry": { "type": "MultiLineString", "coordinates": [ [ [ 416501.394199284899514, 7621748.03694676887244 ], [ 416495.058978117827792, 7621715.472593946382403 ], [ 416492.006835556589067, 7621692.725936033762991 ], [ 416490.044921977503691, 7621669.875894479453564 ], [ 416489.102428968064487, 7621647.043894065544009 ], [ 416489.072289157891646, 7621624.286541949957609 ], [ 416489.848544771492016, 7621601.625071316957474 ], [ 416491.370516337454319, 7621579.004189494997263 ], [ 416493.728070734883659, 7621556.369477096945047 ], [ 416497.027630977507215, 7621533.807700160890818 ], [ 416501.229169254133012, 7621511.462179425172508 ], [ 416506.19219631201122, 7621489.383963581174612 ], [ 416511.824304789013695, 7621467.529009137302637 ], [ 416518.117775183636695, 7621445.864872409030795 ], [ 416525.071739828912541, 7621424.396454114466906 ], [ 416532.704018003540114, 7621403.109634110704064 ], [ 416541.093312989512924, 7621382.016647778451443 ], [ 416550.310456442646682, 7621361.215452866628766 ], [ 416560.31324054102879, 7621340.829345499165356 ], [ 416569.013325518579222, 7621324.550040852278471 ] ] ] } },
{ "type": "Feature", "properties": { "fid": 86.0, "COMPR_M": 444.3, "CLASSE": "03 - Média", "CD_FAZ": "403973", "TALHOES": "1", "FAZ_tAL": "403973001", "ID_LINHA": 241206 }, "geometry": { "type": "MultiLineString", "coordinates": [ [ [ 416498.892350187699776, 7621750.58496350236237 ], [ 416496.195568285358604, 7621738.594955265522003 ], [ 416492.094740352942608, 7621715.939490498974919 ], [ 416489.023958966718055, 7621693.053923286497593 ], [ 416487.050221680663526, 7621670.066173220053315 ], [ 416486.102510938129853, 7621647.107772648334503 ], [ 416486.072221127571538, 7621624.237161415629089 ], [ 416486.851994914875831, 7621601.472983641549945 ], [ 416488.380969650228508, 7621578.748014551587403 ], [ 416490.750651900540106, 7621555.996863503009081 ], [ 416494.068029503221624, 7621533.313254776410758 ], [ 416498.290608778479509, 7621510.855829300358891 ], [ 416503.275469030952081, 7621488.680487651377916 ], [ 416508.930638886988163, 7621466.736045336350799 ], [ 416515.249651547695976, 7621444.983983973041177 ], [ 416522.23206706577912, 7621423.42773157171905 ], [ 416529.897404951858334, 7621402.048706319183111 ], [ 416538.327083627402317, 7621380.854184320196509 ], [ 416547.591392193455249, 7621359.946547463536263 ], [ 416557.64287970418809, 7621339.461180431768298 ], [ 416567.410540969925933, 7621321.184263154864311 ] ] ] } },
{ "type": "Feature", "properties": { "fid": 87.0, "COMPR_M": 450.58, "CLASSE": "03 - Média", "CD_FAZ": "403973", "TALHOES": "1", "FAZ_tAL": "403973001", "ID_LINHA": 241207 }, "geometry": { "type": "MultiLineString", "coordinates": [ [ [ 416496.39050109119853, 7621753.132980237714946 ], [ 416493.254806432581972, 7621739.191547017544508 ], [ 416489.130502588348463, 7621716.40638705343008 ], [ 416486.041082375973929, 7621693.381910542026162 ], [ 416484.055521382193547, 7621670.256451960653067 ], [ 416483.102592906914651, 7621647.171651232987642 ], [ 416483.072153097135015, 7621624.187780880369246 ], [ 416483.855445057386532, 7621601.320895972661674 ], [ 416485.391422961838543, 7621578.491839606314898 ], [ 416487.773233066312969, 7621555.624249906279147 ], [ 416491.108428029227071, 7621532.81880939938128 ], [ 416495.352048302302137, 7621510.249479174613953 ], [ 416500.358741749136243, 7621487.977011715993285 ], [ 416506.036972985195462, 7621465.943081540055573 ], [ 416512.381527909252327, 7621444.103095536120236 ], [ 416519.39239430159796, 7621422.45900902710855 ], [ 416527.090791900525801, 7621400.987778522074223 ], [ 416535.560854265233502, 7621379.691720863804221 ], [ 416544.872327943739947, 7621358.677642064169049 ], [ 416554.972518866998143, 7621338.093015361577272 ], [ 416565.810543998959474, 7621317.824339249171317 ] ] ] } },
{ "type": "Feature", "properties": { "fid": 88.0, "COMPR_M": 456.82, "CLASSE": "03 - Média", "CD_FAZ": "403973", "TALHOES": "1", "FAZ_tAL": "403973001", "ID_LINHA": 241208 }, "geometry": { "type": "MultiLineString", "coordinates": [ [ [ 416493.888651994755492, 7621755.680996969342232 ], [ 416490.314044579223264, 7621739.788138769567013 ], [ 416486.16626482270658, 7621716.873283611610532 ], [ 416483.058205784240272, 7621693.709897794760764 ], [ 416481.060821084131021, 7621670.446730703115463 ], [ 416480.102674877212849, 7621647.235529815778136 ], [ 416480.072085066640284, 7621624.138400347903371 ], [ 416480.858895200421102, 7621601.168808298185468 ], [ 416482.401876274845563, 7621578.235664661973715 ], [ 416484.795814230921678, 7621555.251636310480535 ], [ 416488.148826555465348, 7621532.324364014901221 ], [ 416492.413487826765049, 7621509.643129052594304 ], [ 416497.44201446918305, 7621487.273535785265267 ], [ 416503.143307083635591, 7621465.15011774096638 ], [ 416509.513404272147454, 7621443.222207099199295 ], [ 416516.552721539046615, 7621421.490286484360695 ], [ 416524.284178848960437, 7621399.926850728690624 ], [ 416532.794624904461671, 7621378.529257405549288 ], [ 416542.153263692802284, 7621357.408736661076546 ], [ 416552.302158030681312, 7621336.724850295111537 ], [ 416564.242884346225765, 7621314.53232229873538 ] ] ] } },
{ "type": "Feature", "properties": { "fid": 89.0, "COMPR_M": 463.07, "CLASSE": "03 - Média", "CD_FAZ": "403973", "TALHOES": "1", "FAZ_tAL": "403973001", "ID_LINHA": 241209 }, "geometry": { "type": "MultiLineString", "coordinates": [ [ [ 416491.386802897090092, 7621758.229013704694808 ], [ 416487.373282725980971, 7621740.384730523452163 ], [ 416483.20202705799602, 7621717.340180164203048 ], [ 416480.075329194194637, 7621694.03788504935801 ], [ 416478.066120786417741, 7621670.637009443715215 ], [ 416477.102756846928969, 7621647.29940839856863 ], [ 416477.072017036087345, 7621624.089019812643528 ], [ 416477.86234534450341, 7621601.016720626503229 ], [ 416479.412329587968998, 7621577.979489714838564 ], [ 416481.818395397625864, 7621554.879022712819278 ], [ 416485.189225080714095, 7621531.829918634146452 ], [ 416489.474927349423524, 7621509.036778926849365 ], [ 416494.52528719039401, 7621486.570059852674603 ], [ 416500.249641181784682, 7621464.357153940945864 ], [ 416506.645280635158997, 7621442.341318663209677 ], [ 416513.713048775622156, 7621420.521563940681517 ], [ 416521.477565797104035, 7621398.865922931581736 ], [ 416530.028395543107763, 7621377.366793951019645 ], [ 416539.43419944262132, 7621356.139831257984042 ], [ 416549.631797193316743, 7621335.356685226783156 ], [ 416562.675224692095071, 7621311.240305343642831 ] ] ] } },
{ "type": "Feature", "properties": { "fid": 90.0, "COMPR_M": 469.31, "CLASSE": "03 - Média", "CD_FAZ": "403973", "TALHOES": "1", "FAZ_tAL": "403973001", "ID_LINHA": 241210 }, "geometry": { "type": "MultiLineString", "coordinates": [ [ [ 416488.884953801403753, 7621760.777030438184738 ], [ 416484.432520872156601, 7621740.981322279199958 ], [ 416480.237789291597437, 7621717.807076722383499 ], [ 416477.092452603275888, 7621694.365872301161289 ], [ 416475.071420488413423, 7621670.827288185246289 ], [ 416474.102838816819713, 7621647.363286982290447 ], [ 416474.071949005359784, 7621624.039639280177653 ], [ 416474.865795487130526, 7621600.864632953889668 ], [ 416476.422782900568563, 7621577.723314771428704 ], [ 416478.840976561827119, 7621554.506409118883312 ], [ 416482.229623606894165, 7621531.335473252460361 ], [ 416486.536366874759551, 7621508.430428801104426 ], [ 416491.608559910207987, 7621485.866583921015263 ], [ 416497.355975279468112, 7621463.564190139994025 ], [ 416503.777156997588463, 7621441.460430227220058 ], [ 416510.873376012430526, 7621419.552841398864985 ], [ 416518.670952745596878, 7621397.804995138198137 ], [ 416527.262166180415079, 7621376.204330492764711 ], [ 416536.715135192498565, 7621354.870925856754184 ], [ 416546.961436356301419, 7621333.988520158454776 ], [ 416561.10756503790617, 7621307.948288394138217 ] ] ] } },
{ "type": "Feature", "properties": { "fid": 91.0, "COMPR_M": 475.55, "CLASSE": "03 - Média", "CD_FAZ": "403973", "TALHOES": "1", "FAZ_tAL": "403973001", "ID_LINHA": 241211 }, "geometry": { "type": "MultiLineString", "coordinates": [ [ [ 416486.383104704495054, 7621763.325047172605991 ], [ 416481.491759019088931, 7621741.577914033085108 ], [ 416477.273551528167445, 7621718.273973278701305 ], [ 416474.109576011367608, 7621694.693859553895891 ], [ 416472.076720190118067, 7621671.017566926777363 ], [ 416471.102920786128379, 7621647.427165565080941 ], [ 416471.071880974632222, 7621623.990258743986487 ], [ 416471.869245630863588, 7621600.712545281276107 ], [ 416473.433236213284545, 7621577.467139825224876 ], [ 416475.863557726785075, 7621554.133795522153378 ], [ 416479.270022131328005, 7621530.841027868911624 ], [ 416483.597806397534441, 7621507.824078675359488 ], [ 416488.69183262984734, 7621485.163107991218567 ], [ 416494.462309378781356, 7621462.771226342767477 ], [ 416500.909033359377645, 7621440.579541790299118 ], [ 416508.033703250228427, 7621418.584118850529194 ], [ 416515.864339694438968, 7621396.744067343883216 ], [ 416524.495936819002964, 7621375.041867039166391 ], [ 416533.996070943190716, 7621353.602020455524325 ], [ 416544.291075518820435, 7621332.620355090126395 ], [ 416559.539905384299345, 7621304.656271442770958 ] ] ] } },
{ "type": "Feature", "properties": { "fid": 92.0, "COMPR_M": 481.77, "CLASSE": "03 - Média", "CD_FAZ": "403973", "TALHOES": "1", "FAZ_tAL": "403973001", "ID_LINHA": 241212 }, "geometry": { "type": "MultiLineString", "coordinates": [ [ [ 416483.901092247106135, 7621765.852861213497818 ], [ 416478.550997165439185, 7621742.174505786038935 ], [ 416474.309313762350939, 7621718.740869833156466 ], [ 416471.126699421089143, 7621695.021846808493137 ], [ 416469.082019892870449, 7621671.207845667377114 ], [ 416468.103002754913177, 7621647.491044148802757 ], [ 416468.071812944486737, 7621623.940878209657967 ], [ 416468.872695773025043, 7621600.560457609593868 ], [ 416470.443689525476657, 7621577.210964878089726 ], [ 416472.886138893198222, 7621553.761181926354766 ], [ 416476.310420657973737, 7621530.346582487225533 ], [ 416480.659245923045091, 7621507.217728552408516 ], [ 416485.775105349370278, 7621484.459632057696581 ], [ 416491.56864347634837, 7621461.978262543678284 ], [ 416498.040909721865319, 7621439.698653355240822 ], [ 416505.194030486396514, 7621417.615396311506629 ], [ 416513.057726641651243, 7621395.683139549568295 ], [ 416521.729707457008772, 7621373.879403580911458 ], [ 416531.277006691962015, 7621352.333115051500499 ], [ 416541.620714681688696, 7621331.25219002366066 ], [ 416557.972245729295537, 7621301.364254487678409 ] ] ] } },
{ "type": "Feature", "properties": { "fid": 93.0, "COMPR_M": 487.98, "CLASSE": "03 - Média", "CD_FAZ": "403973", "TALHOES": "1", "FAZ_tAL": "403973001", "ID_LINHA": 241213 }, "geometry": { "type": "MultiLineString", "coordinates": [ [ [ 416481.458456035354175, 7621768.340572384186089 ], [ 416475.610235313186422, 7621742.771097539924085 ], [ 416471.345075995544903, 7621719.207766387611628 ], [ 416468.143822829297278, 7621695.349834062159061 ], [ 416466.087319593993016, 7621671.398124407976866 ], [ 416465.103084724512883, 7621647.554922733455896 ], [ 416465.071744913526345, 7621623.891497675329447 ], [ 416465.876145917689428, 7621600.408369934186339 ], [ 416467.454142839065753, 7621576.954789935611188 ], [ 416469.908720057806931, 7621553.388568329624832 ], [ 416473.350819183629937, 7621529.852137107402086 ], [ 416477.720685445994604, 7621506.6113784275949 ], [ 416482.858378068660386, 7621483.756156128831208 ], [ 416488.674977574846707, 7621461.185298742726445 ], [ 416495.172786084469408, 7621438.817764916457236 ], [ 416502.354357724194415, 7621416.646673767827451 ], [ 416510.251113589270972, 7621394.622211756184697 ], [ 416518.963478095654864, 7621372.716940123587847 ], [ 416528.557942442130297, 7621351.064209651201963 ], [ 416538.95035384473158, 7621329.884024955332279 ], [ 416556.409121150441933, 7621298.064350543543696 ] ] ] } },
{ "type": "Feature", "properties": { "fid": 94.0, "COMPR_M": 494.21, "CLASSE": "03 - Média", "CD_FAZ": "403973", "TALHOES": "1", "FAZ_tAL": "403973001", "ID_LINHA": 241214 }, "geometry": { "type": "MultiLineString", "coordinates": [ [ [ 416479.015819822263438, 7621770.828283555805683 ], [ 416472.669473459769506, 7621743.367689294740558 ], [ 416468.380838231008966, 7621719.674662942066789 ], [ 416465.160946239135228, 7621695.67782131396234 ], [ 416463.092619296163321, 7621671.588403151370585 ], [ 416462.103166694869287, 7621647.61880131624639 ], [ 416462.071676883788314, 7621623.842117141932249 ], [ 416462.879596060200129, 7621600.256282262504101 ], [ 416464.46459615015192, 7621576.698614992201328 ], [ 416466.931301222473849, 7621553.015954732894897 ], [ 416470.391217709518969, 7621529.357691726647317 ], [ 416474.782124970981386, 7621506.005028302781284 ], [ 416479.941650789231062, 7621483.052680193446577 ], [ 416485.781311673577875, 7621460.392334943637252 ], [ 416492.304662447771989, 7621437.936876479536295 ], [ 416499.514684960362501, 7621415.677951224148273 ], [ 416507.444500537239946, 7621393.561283963732421 ], [ 416516.197248734999448, 7621371.554476667195559 ], [ 416525.838878192414995, 7621349.795304249972105 ], [ 416536.279993007425219, 7621328.515859889797866 ], [ 416554.860506938479375, 7621294.739211473613977 ] ] ] } },
{ "type": "Feature", "properties": { "fid": 95.0, "COMPR_M": 500.45, "CLASSE": "03 - Média", "CD_FAZ": "403973", "TALHOES": "1", "FAZ_tAL": "403973001", "ID_LINHA": 241215 }, "geometry": { "type": "MultiLineString", "coordinates": [ [ [ 416476.573183609754778, 7621773.315994723699987 ], [ 416469.728711605770513, 7621743.964281048625708 ], [ 416465.416600467404351, 7621720.141559497453272 ], [ 416462.17806964868214, 7621696.005808567628264 ], [ 416460.09791899798438, 7621671.778681891970336 ], [ 416459.103248664643615, 7621647.682679899036884 ], [ 416459.071608851314522, 7621623.792736605741084 ], [ 416459.883046204398852, 7621600.104194588959217 ], [ 416461.475049464032054, 7621576.442440044134855 ], [ 416463.953882388595957, 7621552.643341135233641 ], [ 416467.431616235699039, 7621528.863246344029903 ], [ 416471.843564494745806, 7621505.398678177967668 ], [ 416477.024923508986831, 7621482.349204262718558 ], [ 416482.887645771959797, 7621459.599371146410704 ], [ 416489.436538809153717, 7621437.055988042615354 ], [ 416496.675012198160402, 7621414.709228678606451 ], [ 416504.637887486198451, 7621392.500356170348823 ], [ 416513.431019371084403, 7621370.39201321080327 ], [ 416523.119813941477332, 7621348.526398846879601 ], [ 416533.609632171108387, 7621327.147694819606841 ], [ 416544.735389907611534, 7621306.329553378745914 ], [ 416553.311892725760117, 7621291.414072407409549 ] ] ] } },
{ "type": "Feature", "properties": { "fid": 96.0, "COMPR_M": 506.68, "CLASSE": "03 - Média", "CD_FAZ": "403973", "TALHOES": "1", "FAZ_tAL": "403973001", "ID_LINHA": 241216 }, "geometry": { "type": "MultiLineString", "coordinates": [ [ [ 416474.130547397187911, 7621775.803705897182226 ], [ 416466.787949753168505, 7621744.560872802510858 ], [ 416462.452362701413222, 7621720.608456052839756 ], [ 416459.195193057297729, 7621696.333795821294188 ], [ 416457.103218698233832, 7621671.968960631638765 ], [ 416456.103330634534359, 7621647.746558482758701 ], [ 416456.071540822158568, 7621623.743356071412563 ], [ 416456.886496347142383, 7621599.952106919139624 ], [ 416458.485502777271904, 7621576.186265100724995 ], [ 416460.976463554194197, 7621552.270727538503706 ], [ 416464.472014761413448, 7621528.368800962343812 ], [ 416468.905004018568434, 7621504.792328054085374 ], [ 416474.108196228626184, 7621481.645728332921863 ], [ 416479.99397986929398, 7621458.806407346390188 ], [ 416486.568415172572713, 7621436.175099607557058 ], [ 416493.835339433629997, 7621413.740506134927273 ], [ 416501.831274432886858, 7621391.439428374171257 ], [ 416510.664790011127479, 7621369.229549752548337 ], [ 416520.400749691296369, 7621347.257493447512388 ], [ 416530.939271333627403, 7621325.779529752209783 ], [ 416542.111473960219882, 7621304.874482203274965 ], [ 416551.763278511643875, 7621288.08893333747983 ] ] ] } },
{ "type": "Feature", "properties": { "fid": 97.0, "COMPR_M": 512.92, "CLASSE": "03 - Média", "CD_FAZ": "403973", "TALHOES": "1", "FAZ_tAL": "403973001", "ID_LINHA": 241217 }, "geometry": { "type": "MultiLineString", "coordinates": [ [ [ 416471.687766369548626, 7621778.290872589685023 ], [ 416463.847187898063567, 7621745.157464554533362 ], [ 416459.488124936411623, 7621721.075352609157562 ], [ 416456.212316464981996, 7621696.661783074960113 ], [ 416454.108518401510082, 7621672.159239374101162 ], [ 416453.103412604599725, 7621647.810437068343163 ], [ 416453.071472790208645, 7621623.693975538015366 ], [ 416453.889946490293369, 7621599.800019247457385 ], [ 416455.495956089405809, 7621575.930090157315135 ], [ 416457.999044718511868, 7621551.898113943636417 ], [ 416461.512413286836818, 7621527.874355582520366 ], [ 416465.966443543089554, 7621504.18597793020308 ], [ 416471.191468948731199, 7621480.942252399399877 ], [ 416477.100313967501279, 7621458.013443548232317 ], [ 416483.700291534070857, 7621435.29421117156744 ], [ 416490.995666672708467, 7621412.771783592179418 ], [ 416499.024661382543854, 7621390.378500578925014 ], [ 416507.898560648551211, 7621368.067086294293404 ], [ 416517.681685441173613, 7621345.988588044419885 ], [ 416528.268910496495664, 7621324.411364684812725 ], [ 416539.487558013119269, 7621303.41941102873534 ], [ 416550.214664300787263, 7621284.763794268481433 ] ] ] } },
{ "type": "Feature", "properties": { "fid": 98.0, "COMPR_M": 519.14, "CLASSE": "03 - Média", "CD_FAZ": "403973", "TALHOES": "1", "FAZ_tAL": "403973001", "ID_LINHA": 241218 }, "geometry": { "type": "MultiLineString", "coordinates": [ [ [ 416469.242018305580132, 7621780.766883866861463 ], [ 416466.25833055016119, 7621769.548853753134608 ], [ 416460.906426045636181, 7621745.754056309349835 ], [ 416456.523887171060778, 7621721.542249163612723 ], [ 416453.22943987569306, 7621696.989770328626037 ], [ 416451.113818103796802, 7621672.349518114700913 ], [ 416450.103494572802447, 7621647.874315651133657 ], [ 416450.071404760761652, 7621623.644595003686845 ], [ 416450.893396633269731, 7621599.647931575775146 ], [ 416452.506409402936697, 7621575.673915211111307 ], [ 416455.021625884342939, 7621551.525500345975161 ], [ 416458.552811813075095, 7621527.379910200834274 ], [ 416463.027883067086805, 7621503.579627806320786 ], [ 416468.274741668079514, 7621480.238776468671858 ], [ 416474.2066480666399, 7621457.220479747280478 ], [ 416480.832167896965984, 7621434.413322735577822 ], [ 416488.155993909516837, 7621411.80306104850024 ], [ 416496.218048330687452, 7621389.31757278367877 ], [ 416505.132331287371926, 7621366.904622839763761 ], [ 416514.962621190468781, 7621344.719682643190026 ], [ 416525.598549659596756, 7621323.043199617415667 ], [ 416536.863642065552995, 7621301.964339855127037 ], [ 416548.66605008719489, 7621281.438655203208327 ] ] ] } },
{ "type": "Feature", "properties": { "fid": 99.0, "COMPR_M": 525.32, "CLASSE": "03 - Média", "CD_FAZ": "403973", "TALHOES": "1", "FAZ_tAL": "403973001", "ID_LINHA": 241219 }, "geometry": { "type": "MultiLineString", "coordinates": [ [ [ 416466.79627024452202, 7621783.242895148694515 ], [ 416463.344196019403171, 7621770.263831727206707 ], [ 416457.965664191986434, 7621746.350648064166307 ], [ 416453.559649405942764, 7621722.00914571993053 ], [ 416450.246563284075819, 7621697.317757582291961 ], [ 416448.119117805734277, 7621672.53979685716331 ], [ 416447.103576542402152, 7621647.93819423392415 ], [ 416447.071336729335599, 7621623.59521447122097 ], [ 416447.896846776711755, 7621599.495843902230263 ], [ 416449.516862715245225, 7621575.417740264907479 ], [ 416452.044207048951648, 7621551.152886750176549 ], [ 416455.593210338964127, 7621526.885464819148183 ], [ 416460.089322590501979, 7621502.973277680575848 ], [ 416465.358014387951698, 7621479.535300535149872 ], [ 416471.312982165429275, 7621456.42751595005393 ], [ 416477.964044257940259, 7621433.532434297725558 ], [ 416485.316321146674454, 7621410.834338502958417 ], [ 416493.411435278423596, 7621388.256644992157817 ], [ 416502.366101926134434, 7621365.742159381508827 ], [ 416512.243556939880364, 7621343.450777240097523 ], [ 416522.928188822290394, 7621321.675034547224641 ], [ 416534.239726119383704, 7621300.509268680587411 ], [ 416547.148517074645497, 7621278.180252777412534 ] ] ] } },
{ "type": "Feature", "properties": { "fid": 100.0, "COMPR_M": 531.5, "CLASSE": "03 - Média", "CD_FAZ": "403973", "TALHOES": "1", "FAZ_tAL": "403973001", "ID_LINHA": 241220 }, "geometry": { "type": "MultiLineString", "coordinates": [ [ [ 416464.350522181252018, 7621785.718906424939632 ], [ 416460.430061488412321, 7621770.978809704072773 ], [ 416455.024902339035179, 7621746.947239819914103 ], [ 416450.595411640475504, 7621722.476042272523046 ], [ 416447.263686694204807, 7621697.64574483409524 ], [ 416445.12441750743892, 7621672.730075597763062 ], [ 416444.103658513457049, 7621648.002072816714644 ], [ 416444.071268699655775, 7621623.545833935029805 ], [ 416444.900296921259724, 7621599.343756228685379 ], [ 416446.527316027670167, 7621575.161565318703651 ], [ 416449.066788213676773, 7621550.780273152515292 ], [ 416452.633608864445705, 7621526.391019437462091 ], [ 416457.15076211525593, 7621502.366927552968264 ], [ 416462.441287107649259, 7621478.831824602559209 ], [ 416468.419316263112705, 7621455.634552150964737 ], [ 416475.095920621650293, 7621432.65154586173594 ], [ 416482.476648382784333, 7621409.865615963935852 ], [ 416490.604822227265686, 7621387.195717196911573 ], [ 416499.599872564256657, 7621364.579695925116539 ], [ 416509.524492690106854, 7621342.181871837936342 ], [ 416520.257827985973563, 7621320.306869480758905 ], [ 416531.615810171468183, 7621299.054197506979108 ], [ 416545.63334337878041, 7621274.926916205324233 ] ] ] } },
{ "type": "Feature", "properties": { "fid": 101.0, "COMPR_M": 537.68, "CLASSE": "03 - Média", "CD_FAZ": "403973", "TALHOES": "1", "FAZ_tAL": "403973001", "ID_LINHA": 241221 }, "geometry": { "type": "MultiLineString", "coordinates": [ [ [ 416461.904774118389469, 7621788.19491770491004 ], [ 416457.515926958643831, 7621771.69378767721355 ], [ 416452.084140484919772, 7621747.54383157286793 ], [ 416447.63117387460079, 7621722.942938830703497 ], [ 416444.280810102645773, 7621697.973732087761164 ], [ 416442.129717208794318, 7621672.920354339294136 ], [ 416441.103740483347792, 7621648.065951399505138 ], [ 416441.071200669335667, 7621623.496453401632607 ], [ 416441.903747062257025, 7621599.19166855700314 ], [ 416443.53776934085181, 7621574.905390374362469 ], [ 416446.089369379798882, 7621550.407659556716681 ], [ 416449.674007390218321, 7621525.896574057638645 ], [ 416454.212201638787519, 7621501.76057742908597 ], [ 416459.524559827870689, 7621478.128348673693836 ], [ 416465.525650361087173, 7621454.841588351875544 ], [ 416472.227796984021552, 7621431.770657425746322 ], [ 416479.636975619883742, 7621408.896893418394029 ], [ 416487.798209174419753, 7621386.134789403527975 ], [ 416496.833643202437088, 7621363.417232468724251 ], [ 416506.805428441031836, 7621340.912966436706483 ], [ 416517.587467148550786, 7621318.938704412430525 ], [ 416528.991894223727286, 7621297.599126329645514 ], [ 416544.118169681751169, 7621271.673579631373286 ] ] ] } },
{ "type": "Feature", "properties": { "fid": 102.0, "COMPR_M": 543.85, "CLASSE": "03 - Média", "CD_FAZ": "403973", "TALHOES": "1", "FAZ_tAL": "403973001", "ID_LINHA": 241222 }, "geometry": { "type": "MultiLineString", "coordinates": [ [ [ 416459.459026056458242, 7621790.670928981155157 ], [ 416454.601792428002227, 7621772.408765654079616 ], [ 416449.143378630978987, 7621748.140423323959112 ], [ 416444.666936109715607, 7621723.409835385158658 ], [ 416441.297933512134477, 7621698.301719343289733 ], [ 416439.135016911197454, 7621673.110633078962564 ], [ 416438.103822452598251, 7621648.129829986020923 ], [ 416438.071132638200652, 7621623.447072865441442 ], [ 416438.907197205699049, 7621599.039580885320902 ], [ 416440.548222654149868, 7621574.649215428158641 ], [ 416443.111950545455329, 7621550.035045959055424 ], [ 416446.714405916223768, 7621525.402128672227263 ], [ 416451.273641163017601, 7621501.154227306134999 ], [ 416456.60783254733542, 7621477.424872739240527 ], [ 416462.631984458654188, 7621454.048624551855028 ], [ 416469.359673345810734, 7621430.889768987894058 ], [ 416476.797302856633905, 7621407.928170872852206 ], [ 416484.991596124600619, 7621385.073861608281732 ], [ 416494.067413840617519, 7621362.25476901140064 ], [ 416504.086364189395681, 7621339.644061034545302 ], [ 416514.917106311419047, 7621317.570539344102144 ], [ 416526.367978276801296, 7621296.144055157899857 ], [ 416542.602995984780136, 7621268.42024306114763 ] ] ] } },
{ "type": "Feature", "properties": { "fid": 103.0, "COMPR_M": 550.03, "CLASSE": "03 - Média", "CD_FAZ": "403973", "TALHOES": "1", "FAZ_tAL": "403973001", "ID_LINHA": 241223 }, "geometry": { "type": "MultiLineString", "coordinates": [ [ [ 416457.013277993013617, 7621793.146940259262919 ], [ 416451.687657897186, 7621773.123743627220392 ], [ 416446.202616776979994, 7621748.737015077844262 ], [ 416441.702698343782686, 7621723.876731939613819 ], [ 416438.315056921332143, 7621698.629706595093012 ], [ 416436.140316613949835, 7621673.300911821424961 ], [ 416435.103904422721826, 7621648.193708566948771 ], [ 416435.071064607647713, 7621623.397692335769534 ], [ 416435.910647348267958, 7621598.887493210844696 ], [ 416437.558675966225564, 7621574.393040485680103 ], [ 416440.134531710471492, 7621549.662432365119457 ], [ 416443.754804441123269, 7621524.907683292403817 ], [ 416448.335080687364098, 7621500.54787718039006 ], [ 416453.69110526656732, 7621476.721396809443831 ], [ 416459.738318557734601, 7621453.255660751834512 ], [ 416466.491549708996899, 7621430.008880552835763 ], [ 416473.957630093733314, 7621406.959448330104351 ], [ 416482.184983071812894, 7621384.012933813035488 ], [ 416491.30118447879795, 7621361.092305554077029 ], [ 416501.36729993915651, 7621338.375155634246767 ], [ 416512.246745474520139, 7621316.202374276705086 ], [ 416523.744062329409644, 7621294.688983980566263 ], [ 416541.087822286586743, 7621265.166906489059329 ] ] ] } },
{ "type": "Feature", "properties": { "fid": 104.0, "COMPR_M": 556.21, "CLASSE": "03 - Média", "CD_FAZ": "403973", "TALHOES": "1", "FAZ_tAL": "403973001", "ID_LINHA": 241224 }, "geometry": { "type": "MultiLineString", "coordinates": [ [ [ 416454.567529931198806, 7621795.622951538302004 ], [ 416448.773523366835434, 7621773.838721604086459 ], [ 416443.261854925076477, 7621749.333606833592057 ], [ 416438.738460580760147, 7621724.343628495931625 ], [ 416435.332180329656694, 7621698.957693848758936 ], [ 416433.145616315072402, 7621673.491190560162067 ], [ 416432.103986392263323, 7621648.257587148807943 ], [ 416432.070996575697791, 7621623.348311798647046 ], [ 416432.914097493339796, 7621598.735405538231134 ], [ 416434.569129278417677, 7621574.136865541338921 ], [ 416437.157112875662278, 7621549.2898187674582 ], [ 416440.795202967710793, 7621524.413237913511693 ], [ 416445.396520210430026, 7621499.941527057439089 ], [ 416450.774377986439504, 7621476.017920878715813 ], [ 416456.844652655825485, 7621452.462696954607964 ], [ 416463.623426072241273, 7621429.127992115914822 ], [ 416471.117957330483478, 7621405.990725786425173 ], [ 416479.378370020072907, 7621382.952006017789245 ], [ 416488.534955117618665, 7621359.929842099547386 ], [ 416498.648235689732246, 7621337.106250233016908 ], [ 416509.576384637271985, 7621314.834209209308028 ], [ 416521.120146382250823, 7621293.233912807889283 ], [ 416539.572648589150049, 7621261.91356991790235 ] ] ] } },
{ "type": "Feature", "properties": { "fid": 105.0, "COMPR_M": 562.39, "CLASSE": "03 - Média", "CD_FAZ": "403973", "TALHOES": "1", "FAZ_tAL": "403973001", "ID_LINHA": 241225 }, "geometry": { "type": "MultiLineString", "coordinates": [ [ [ 416452.121781869092956, 7621798.098962818272412 ], [ 416445.859388835669961, 7621774.55369957908988 ], [ 416440.3210930719506, 7621749.930198587477207 ], [ 416435.774222814710811, 7621724.810525052249432 ], [ 416432.349303739552852, 7621699.285681103356183 ], [ 416430.150916017242707, 7621673.681469302624464 ], [ 416429.104068361863028, 7621648.321465734392405 ], [ 416429.070928547531366, 7621623.298931266181171 ], [ 416429.917547636840027, 7621598.583317866548896 ], [ 416431.579582592006773, 7621573.880690593272448 ], [ 416434.179694040911272, 7621548.917205173522234 ], [ 416437.835601493774448, 7621523.918792532756925 ], [ 416442.457959736231714, 7621499.33517693169415 ], [ 416447.857650706719141, 7621475.31444494612515 ], [ 416453.950986754149199, 7621451.66973315551877 ], [ 416460.755302433564793, 7621428.247103678062558 ], [ 416468.278284567524679, 7621405.022003242745996 ], [ 416476.571756968041882, 7621381.891078224405646 ], [ 416485.768725755217019, 7621358.767378644086421 ], [ 416495.929171439667698, 7621335.837344829924405 ], [ 416506.906023800256662, 7621313.46604414191097 ], [ 416518.496230434509926, 7621291.77884163428098 ], [ 416538.057474892528262, 7621258.660233346745372 ] ] ] } },
{ "type": "Feature", "properties": { "fid": 106.0, "COMPR_M": 568.54, "CLASSE": "03 - Média", "CD_FAZ": "403973", "TALHOES": "1", "FAZ_tAL": "403973001", "ID_LINHA": 241226 }, "geometry": { "type": "MultiLineString", "coordinates": [ [ [ 416449.708133683074266, 7621800.542477022856474 ], [ 416442.945254304970149, 7621775.268677553161979 ], [ 416437.380331218941137, 7621750.526790341362357 ], [ 416432.809985049592797, 7621725.277421604841948 ], [ 416429.366427148517687, 7621699.613668355159461 ], [ 416427.156215718365274, 7621673.871748045086861 ], [ 416426.104150330938864, 7621648.385344317182899 ], [ 416426.070860516745597, 7621623.24955072812736 ], [ 416426.920997778768651, 7621598.431230193004012 ], [ 416428.590035904431716, 7621573.62451565079391 ], [ 416431.202275206334889, 7621548.5445915767923 ], [ 416434.876000018208288, 7621523.424347151070833 ], [ 416439.519399259472266, 7621498.728826804086566 ], [ 416444.94092342624208, 7621474.610969012603164 ], [ 416451.057320852763951, 7621450.876769356429577 ], [ 416457.887178795586806, 7621427.366215243935585 ], [ 416465.438611804274842, 7621404.053280699066818 ], [ 416473.765143916301895, 7621380.830150431022048 ], [ 416483.002496392815374, 7621357.604915184900165 ], [ 416493.210107189021073, 7621334.568439427763224 ], [ 416504.235662962251808, 7621312.097879074513912 ], [ 416515.872314486361574, 7621290.323770463466644 ], [ 416528.124974359001499, 7621269.015048356726766 ], [ 416536.542301197303459, 7621255.406896773725748 ] ] ] } },
{ "type": "Feature", "properties": { "fid": 107.0, "COMPR_M": 574.69, "CLASSE": "03 - Média", "CD_FAZ": "403973", "TALHOES": "1", "FAZ_tAL": "403973001", "ID_LINHA": 241227 }, "geometry": { "type": "MultiLineString", "coordinates": [ [ [ 416447.3100369728636, 7621802.970247318968177 ], [ 416440.03111977345543, 7621775.983655530028045 ], [ 416434.439569365349598, 7621751.12338209617883 ], [ 416429.845747284824029, 7621725.744318161159754 ], [ 416426.383550557889976, 7621699.941655609756708 ], [ 416424.161515421234071, 7621674.062026785686612 ], [ 416423.104232300829608, 7621648.449222900904715 ], [ 416423.070792486425489, 7621623.200170194730163 ], [ 416423.924447923141997, 7621598.279142525047064 ], [ 416425.600489216914866, 7621573.368340704590082 ], [ 416428.224856371816713, 7621548.17197797819972 ], [ 416431.916398545494303, 7621522.929901767522097 ], [ 416436.580838783993386, 7621498.122476683929563 ], [ 416442.024196146288887, 7621473.907493082806468 ], [ 416448.163654950913042, 7621450.083805559203029 ], [ 416455.019055157667026, 7621426.485326804220676 ], [ 416462.598939041316044, 7621403.08455815538764 ], [ 416470.958530864329077, 7621379.769222635775805 ], [ 416480.236267033033073, 7621356.442451727576554 ], [ 416490.491042938549072, 7621333.299534026533365 ], [ 416501.56530212512007, 7621310.729714004322886 ], [ 416513.248398540308699, 7621288.868699286133051 ], [ 416525.548273116815835, 7621267.477865621447563 ], [ 416535.027127498877235, 7621252.153560202568769 ] ] ] } },
{ "type": "Feature", "properties": { "fid": 108.0, "COMPR_M": 580.83, "CLASSE": "03 - Média", "CD_FAZ": "403973", "TALHOES": "1", "FAZ_tAL": "403973001", "ID_LINHA": 241228 }, "geometry": { "type": "MultiLineString", "coordinates": [ [ [ 416444.911940261605196, 7621805.398017616942525 ], [ 416437.116985243745148, 7621776.698633504100144 ], [ 416431.498807511175983, 7621751.719973849132657 ], [ 416426.881509517610539, 7621726.211214715614915 ], [ 416423.400673966913018, 7621700.26964286249131 ], [ 416421.166815123113338, 7621674.252305528149009 ], [ 416420.104314270778559, 7621648.513101484626532 ], [ 416420.070724455348682, 7621623.15078965947032 ], [ 416420.927898064721376, 7621598.12705484777689 ], [ 416422.610942529514432, 7621573.112165762111545 ], [ 416425.247437537414953, 7621547.799364382401109 ], [ 416428.95679706975352, 7621522.435456385836005 ], [ 416433.64227830740856, 7621497.516126556321979 ], [ 416439.107468864880502, 7621473.204017151147127 ], [ 416445.269989049411379, 7621449.29084175825119 ], [ 416452.15093152114423, 7621425.604438369162381 ], [ 416459.759266278066207, 7621402.115835613571107 ], [ 416468.151917811366729, 7621378.708294840529561 ], [ 416477.470037671271712, 7621355.279988272115588 ], [ 416487.771978688833769, 7621332.030628622509539 ], [ 416498.894941288919654, 7621309.361548937857151 ], [ 416510.624482592509594, 7621287.413628114387393 ], [ 416522.971571874630172, 7621265.940682888031006 ], [ 416533.511953801906202, 7621248.900223629549146 ] ] ] } },
{ "type": "Feature", "properties": { "fid": 109.0, "COMPR_M": 586.98, "CLASSE": "03 - Média", "CD_FAZ": "403973", "TALHOES": "1", "FAZ_tAL": "403973001", "ID_LINHA": 241229 }, "geometry": { "type": "MultiLineString", "coordinates": [ [ [ 416442.513843552500475, 7621807.825787914916873 ], [ 416434.202850713743828, 7621777.41361148096621 ], [ 416428.558045657060575, 7621752.316565604880452 ], [ 416423.917271754005924, 7621726.678111271932721 ], [ 416420.417797375004739, 7621700.597630116157234 ], [ 416418.172114824701566, 7621674.442584269680083 ], [ 416417.104396240902133, 7621648.576980066485703 ], [ 416417.070656423573382, 7621623.101409126073122 ], [ 416417.931348208629061, 7621597.974967176094651 ], [ 416419.621395842288621, 7621572.855990814045072 ], [ 416422.270018703187816, 7621547.426750786602497 ], [ 416425.997195596864913, 7621521.941011004149914 ], [ 416430.703717831405811, 7621496.909776432439685 ], [ 416436.190741586557124, 7621472.500541218556464 ], [ 416442.376323146105278, 7621448.497877959161997 ], [ 416449.282807883282658, 7621424.723549934104085 ], [ 416456.919593515107408, 7621401.147113068029284 ], [ 416465.345304761372972, 7621377.647367049008608 ], [ 416474.703808308928274, 7621354.117524814791977 ], [ 416485.052914438478183, 7621330.761723222211003 ], [ 416496.2245804516715, 7621307.993383867666125 ], [ 416508.000566644244827, 7621285.958556937985122 ], [ 416520.394870632560924, 7621264.403500152751803 ], [ 416531.996780106390361, 7621245.646887056529522 ] ] ] } },
{ "type": "Feature", "properties": { "fid": 110.0, "COMPR_M": 593.13, "CLASSE": "03 - Média", "CD_FAZ": "403973", "TALHOES": "1", "FAZ_tAL": "403973001", "ID_LINHA": 241230 }, "geometry": { "type": "MultiLineString", "coordinates": [ [ [ 416440.119748479512054, 7621810.266737594269216 ], [ 416431.288716182985809, 7621778.128589456900954 ], [ 416425.617283805040643, 7621752.91315735783428 ], [ 416420.953033988713287, 7621727.14500782918185 ], [ 416417.434920784726273, 7621700.92561737075448 ], [ 416415.177414525300264, 7621674.632863009348512 ], [ 416414.10447820846457, 7621648.64085865020752 ], [ 416414.07058839360252, 7621623.052028590813279 ], [ 416414.934798353060614, 7621597.822879504412413 ], [ 416416.63184915506281, 7621572.599815871566534 ], [ 416419.292599866341334, 7621547.054137191735208 ], [ 416423.037594122928567, 7621521.446565622463822 ], [ 416427.765157354879193, 7621496.303426308557391 ], [ 416433.27401430613827, 7621471.797065287828445 ], [ 416439.482657245709561, 7621447.704914160072803 ], [ 416446.414684245537501, 7621423.842661498114467 ], [ 416454.079920751799364, 7621400.178390524350107 ], [ 416462.53869170777034, 7621376.586439253762364 ], [ 416471.937578947166912, 7621352.955061359331012 ], [ 416482.333850187598728, 7621329.4928178191185 ], [ 416493.554219614714384, 7621306.625218799337745 ], [ 416505.376650699414313, 7621284.503485765308142 ], [ 416517.818169390549883, 7621262.866317416541278 ], [ 416530.481606409593951, 7621242.393550485372543 ] ] ] } },
{ "type": "Feature", "properties": { "fid": 111.0, "COMPR_M": 599.28, "CLASSE": "03 - Média", "CD_FAZ": "403973", "TALHOES": "1", "FAZ_tAL": "403973001", "ID_LINHA": 241231 }, "geometry": { "type": "MultiLineString", "coordinates": [ [ [ 416437.727291227318347, 7621812.713081426918507 ], [ 416428.374581652053166, 7621778.843567430973053 ], [ 416422.676521951740142, 7621753.509749108925462 ], [ 416417.98879622365348, 7621727.611904384568334 ], [ 416414.45204419415677, 7621701.253604622557759 ], [ 416412.182714228285477, 7621674.823141748085618 ], [ 416411.104560180043336, 7621648.704737232998013 ], [ 416411.070520362874959, 7621623.002648058347404 ], [ 416411.938248495920561, 7621597.670791830867529 ], [ 416413.642302467953414, 7621572.343640923500061 ], [ 416416.315181032929104, 7621546.681523593142629 ], [ 416420.077992647886276, 7621520.952120242640376 ], [ 416424.82659687846899, 7621495.697076182812452 ], [ 416430.357287025603, 7621471.093589356169105 ], [ 416436.588991344266105, 7621446.911950362846255 ], [ 416443.546560607850552, 7621422.961773058399558 ], [ 416451.240247988782357, 7621399.209667980670929 ], [ 416459.732078657194506, 7621375.525511458516121 ], [ 416469.171349586220458, 7621351.792597899213433 ], [ 416479.614785938058048, 7621328.223912417888641 ], [ 416490.883858778630383, 7621305.257053734734654 ], [ 416502.752734750742093, 7621283.048414587974548 ], [ 416515.241468147898559, 7621261.329134680330753 ], [ 416528.981128623941913, 7621239.171768544241786 ] ] ] } },
{ "type": "Feature", "properties": { "fid": 112.0, "COMPR_M": 605.4, "CLASSE": "04 - Longa", "CD_FAZ": "403973", "TALHOES": "1", "FAZ_tAL": "403973001", "ID_LINHA": 241232 }, "geometry": { "type": "MultiLineString", "coordinates": [ [ [ 416435.334833975881338, 7621815.159425259567797 ], [ 416425.460447121527977, 7621779.558545408770442 ], [ 416419.735760098556057, 7621754.106340862810612 ], [ 416415.024558458244428, 7621728.078800938092172 ], [ 416411.469167603354435, 7621701.581591875292361 ], [ 416409.188013930222951, 7621675.01342049241066 ], [ 416408.104642149119172, 7621648.768615817651153 ], [ 416408.070452331448905, 7621622.953267522156239 ], [ 416408.941698637907393, 7621597.51870415918529 ], [ 416410.652755780320149, 7621572.087465977296233 ], [ 416413.337762197654229, 7621546.308909997344017 ], [ 416417.118391173193231, 7621520.45767485909164 ], [ 416421.888036403397564, 7621495.090726058930159 ], [ 416427.440559745533392, 7621470.390113423578441 ], [ 416433.695325442415196, 7621446.118986563757062 ], [ 416440.678436970862094, 7621422.08088462240994 ], [ 416448.400575224775821, 7621398.240945437923074 ], [ 416456.925465604988858, 7621374.464583665132523 ], [ 416466.405120223818813, 7621350.630134442821145 ], [ 416476.895721688691992, 7621326.955007016658783 ], [ 416488.213497940218076, 7621303.888888666406274 ], [ 416500.128818803641479, 7621281.59334341622889 ], [ 416512.664766905305441, 7621259.791951944120228 ], [ 416527.498669291264378, 7621235.988675294443965 ] ] ] } },
{ "type": "Feature", "properties": { "fid": 113.0, "COMPR_M": 611.52, "CLASSE": "04 - Longa", "CD_FAZ": "403973", "TALHOES": "1", "FAZ_tAL": "403973001", "ID_LINHA": 241233 }, "geometry": { "type": "MultiLineString", "coordinates": [ [ [ 416432.942376723163761, 7621817.605769092217088 ], [ 416429.179183658678085, 7621805.211705079302192 ], [ 416422.546312590246089, 7621780.273523382842541 ], [ 416416.794998243451118, 7621754.702932618558407 ], [ 416412.060320693126414, 7621728.545697493478656 ], [ 416408.486291012144648, 7621701.909579129889607 ], [ 416406.193313632509671, 7621675.203699233010411 ], [ 416405.104724118951708, 7621648.832494400441647 ], [ 416405.070384302467573, 7621622.903886987827718 ], [ 416405.945148782338947, 7621597.366616488434374 ], [ 416407.663209092803299, 7621571.831291033886373 ], [ 416410.360343363136053, 7621545.936296397820115 ], [ 416414.15878970065387, 7621519.963229479268193 ], [ 416418.949475928384345, 7621494.484375934116542 ], [ 416424.523832464707084, 7621469.686637490987778 ], [ 416430.801659540156834, 7621445.326022763736546 ], [ 416437.810313333931845, 7621421.199996185488999 ], [ 416445.560902463155799, 7621397.272222892381251 ], [ 416454.118852553132456, 7621373.403655869886279 ], [ 416463.638890862173866, 7621349.467670986428857 ], [ 416474.176657438045368, 7621325.686101615428925 ], [ 416485.543137102678884, 7621302.520723597146571 ], [ 416497.504902856715489, 7621280.138272241689265 ], [ 416510.088065664051101, 7621258.254769210703671 ], [ 416526.016209958004765, 7621232.805582049302757 ] ] ] } },
{ "type": "Feature", "properties": { "fid": 114.0, "COMPR_M": 617.65, "CLASSE": "04 - Longa", "CD_FAZ": "403973", "TALHOES": "1", "FAZ_tAL": "403973001", "ID_LINHA": 241234 }, "geometry": { "type": "MultiLineString", "coordinates": [ [ [ 416430.549919471086469, 7621820.052112923935056 ], [ 416426.29340797837358, 7621806.033306289464235 ], [ 416419.63217806071043, 7621780.988501356914639 ], [ 416413.854236391722225, 7621755.299524373374879 ], [ 416409.096082928241231, 7621729.012594047933817 ], [ 416405.503414421400521, 7621702.237566381692886 ], [ 416403.198613333865069, 7621675.393977973610163 ], [ 416402.104806088900659, 7621648.896372985094786 ], [ 416402.070316271448974, 7621622.854506453499198 ], [ 416402.948598925897386, 7621597.214528812095523 ], [ 416404.673662406625226, 7621571.57511608954519 ], [ 416407.382924528035801, 7621545.563682802952826 ], [ 416411.199188224447425, 7621519.468784099444747 ], [ 416416.010915451392066, 7621493.878025810234249 ], [ 416421.607105184986722, 7621468.983161559328437 ], [ 416427.907993638771586, 7621444.533058964647353 ], [ 416434.942189694440458, 7621420.319107748568058 ], [ 416442.721229699731339, 7621396.303500350564718 ], [ 416451.312239500985015, 7621372.342728078365326 ], [ 416460.872661500470713, 7621348.305207530036569 ], [ 416471.457593187515158, 7621324.417196214199066 ], [ 416482.872776266769506, 7621301.152558529749513 ], [ 416494.880986909323838, 7621278.683201066218317 ], [ 416507.511364421574399, 7621256.717586472630501 ], [ 416524.533750625618268, 7621229.622488799504936 ] ] ] } },
{ "type": "Feature", "properties": { "fid": 115.0, "COMPR_M": 623.77, "CLASSE": "04 - Longa", "CD_FAZ": "403973", "TALHOES": "1", "FAZ_tAL": "403973001", "ID_LINHA": 241235 }, "geometry": { "type": "MultiLineString", "coordinates": [ [ [ 416428.157462219125591, 7621822.498456757515669 ], [ 416423.407632299466059, 7621806.854907499626279 ], [ 416416.718043530301657, 7621781.703479334712029 ], [ 416410.913474538130686, 7621755.896116126328707 ], [ 416406.131845162366517, 7621729.479490604251623 ], [ 416402.520537830889225, 7621702.565553637221456 ], [ 416400.203913035569713, 7621675.584256716072559 ], [ 416399.104888058267534, 7621648.960251568816602 ], [ 416399.070248240313958, 7621622.805125920102 ], [ 416399.952049068524502, 7621597.062441142275929 ], [ 416401.684115717362147, 7621571.31894114613533 ], [ 416404.405505693051964, 7621545.191069208085537 ], [ 416408.239586750452872, 7621518.974338714033365 ], [ 416413.072354975214694, 7621493.271675683557987 ], [ 416418.69037790450966, 7621468.279685626737773 ], [ 416425.014327737037092, 7621443.740095164626837 ], [ 416432.074066056928132, 7621419.43821931257844 ], [ 416439.881556936074048, 7621395.334777805954218 ], [ 416448.505626449827105, 7621371.281800281256437 ], [ 416458.106432139524259, 7621347.14274407364428 ], [ 416468.738528937741648, 7621323.148290811106563 ], [ 416480.202415429754183, 7621299.784393463283777 ], [ 416492.257070960768033, 7621277.228129893541336 ], [ 416504.934663179796189, 7621255.180403739213943 ], [ 416523.051291292707901, 7621226.439395550638437 ] ] ] } },
{ "type": "Feature", "properties": { "fid": 116.0, "COMPR_M": 629.89, "CLASSE": "04 - Longa", "CD_FAZ": "403973", "TALHOES": "1", "FAZ_tAL": "403973001", "ID_LINHA": 241236 }, "geometry": { "type": "MultiLineString", "coordinates": [ [ [ 416425.765004965185653, 7621824.944800591096282 ], [ 416420.521856619394384, 7621807.67650871258229 ], [ 416413.803908999136183, 7621782.418457308784127 ], [ 416407.972712684597354, 7621756.492707880213857 ], [ 416403.167607396724634, 7621729.946387158706784 ], [ 416399.537661238806322, 7621702.89354089088738 ], [ 416397.209212737565394, 7621675.774535456672311 ], [ 416396.104970026412047, 7621649.024130152538419 ], [ 416396.070180209062528, 7621622.755745384842157 ], [ 416396.955499212315772, 7621596.910353468731046 ], [ 416398.694569031416904, 7621571.06276619900018 ], [ 416401.428086858824827, 7621544.81845561042428 ], [ 416405.279985277331434, 7621518.479893334209919 ], [ 416410.133794499735814, 7621492.665325558744371 ], [ 416415.773650624556467, 7621467.57620969414711 ], [ 416422.120661835535429, 7621442.947131366468966 ], [ 416429.205942420754582, 7621418.557330876588821 ], [ 416437.041884173988365, 7621394.366055263206363 ], [ 416445.69901339703938, 7621370.220872488804162 ], [ 416455.340202776598744, 7621345.980280618183315 ], [ 416466.019464687327854, 7621321.879385409876704 ], [ 416477.532054592447821, 7621298.416228394024074 ], [ 416489.633155013027135, 7621275.77305871900171 ], [ 416502.357961937435903, 7621253.643221002072096 ], [ 416521.568831959331874, 7621223.256302306428552 ] ] ] } },
{ "type": "Feature", "properties": { "fid": 262.0, "COMPR_M": 815.45, "CLASSE": "04 - Longa", "CD_FAZ": "403973", "TALHOES": "1", "FAZ_tAL": "403973001", "ID_LINHA": 241378 }, "geometry": { "type": "MultiLineString", "coordinates": [ [ [ 416274.547805154172238, 7621979.567945413291454 ], [ 416262.257992753642611, 7621948.565472847782075 ], [ 416252.091877972823568, 7621920.888736166991293 ], [ 416242.257436851970851, 7621891.746333453804255 ], [ 416232.946437432314269, 7621861.080587415024638 ], [ 416224.385164510924369, 7621828.892025703564286 ], [ 416216.823192216455936, 7621795.271171885542572 ], [ 416210.492152660270222, 7621760.294663252308965 ], [ 416205.6506828290876, 7621724.212712362408638 ], [ 416202.553693364025094, 7621688.142653635703027 ], [ 416201.110298056504689, 7621653.176238072104752 ], [ 416201.065758223179728, 7621619.546010653488338 ], [ 416202.179758522775955, 7621587.024654760956764 ], [ 416204.37403435818851, 7621554.411394773982465 ], [ 416207.895862602046691, 7621520.598571843467653 ], [ 416212.90588945557829, 7621486.340943541377783 ], [ 416219.127363562292885, 7621453.252567453309894 ], [ 416226.186377411126159, 7621421.850274129770696 ], [ 416234.032378221221734, 7621391.404484426602721 ], [ 416242.777905978146009, 7621361.299582503736019 ], [ 416252.463154574448708, 7621331.399089930579066 ], [ 416263.269165030622389, 7621301.260565856471658 ], [ 416275.53529426921159, 7621270.420155922882259 ], [ 416289.280288423993625, 7621239.400534292683005 ], [ 416303.958600183948874, 7621209.485498981550336 ], [ 416312.737646590045188, 7621193.058444377966225 ] ] ] } },
{ "type": "Feature", "properties": { "fid": 263.0, "COMPR_M": 809.49, "CLASSE": "04 - Longa", "CD_FAZ": "403973", "TALHOES": "1", "FAZ_tAL": "403973001", "ID_LINHA": 241379 }, "geometry": { "type": "MultiLineString", "coordinates": [ [ [ 416276.828402265149634, 7621977.235981207340956 ], [ 416265.062369948718697, 7621947.49935270100832 ], [ 416254.921650438918732, 7621919.891753359697759 ], [ 416245.114662093576044, 7621890.830701470375061 ], [ 416235.832213112269528, 7621860.258986204862595 ], [ 416227.299299041216727, 7621828.177047729492188 ], [ 416219.763954069116153, 7621794.674580132588744 ], [ 416213.456390425737482, 7621759.827766697853804 ], [ 416208.633559421054088, 7621723.884725106880069 ], [ 416205.548393661796581, 7621687.952374892309308 ], [ 416204.110216086904984, 7621653.112359488382936 ], [ 416204.065826253499836, 7621619.595391186885536 ], [ 416205.176308379333932, 7621587.176742434501648 ], [ 416207.363581046287436, 7621554.667569719254971 ], [ 416210.873281435342506, 7621520.97118544112891 ], [ 416215.86549092939822, 7621486.835388921201229 ], [ 416222.065924038062803, 7621453.858917577192187 ], [ 416229.103104691253975, 7621422.553750064224005 ], [ 416236.926044125575572, 7621392.197448225691915 ], [ 416245.646029614959843, 7621362.18047093693167 ], [ 416255.302827338804491, 7621332.367812473326921 ], [ 416266.075778082536999, 7621302.321493651717901 ], [ 416278.301523630798329, 7621271.582619381137192 ], [ 416291.99935267312685, 7621240.669439693912864 ], [ 416306.628961020847782, 7621210.853664048947394 ], [ 416314.430383318918757, 7621196.255906601436436 ] ] ] } },
{ "type": "Feature", "properties": { "fid": 264.0, "COMPR_M": 803.67, "CLASSE": "04 - Longa", "CD_FAZ": "403973", "TALHOES": "1", "FAZ_tAL": "403973001", "ID_LINHA": 241380 }, "geometry": { "type": "MultiLineString", "coordinates": [ [ [ 416279.108999374322593, 7621974.904017003253102 ], [ 416267.86674714635592, 7621946.433232551440597 ], [ 416257.751422904664651, 7621918.894770552404225 ], [ 416247.971887334308121, 7621889.915069481357932 ], [ 416238.717988791060634, 7621859.437384992837906 ], [ 416230.213433572556823, 7621827.462069753557444 ], [ 416222.70471592375543, 7621794.077988378703594 ], [ 416216.42062819073908, 7621759.360870143398643 ], [ 416211.616436012671329, 7621723.55673785507679 ], [ 416208.543093959917314, 7621687.762096153572202 ], [ 416207.110134116723202, 7621653.048480902798474 ], [ 416207.065894283645321, 7621619.644771721214056 ], [ 416208.172858235659078, 7621587.328830106183887 ], [ 416210.353127732407302, 7621554.923744662664831 ], [ 416213.850700271315873, 7621521.343799037858844 ], [ 416218.825092404091265, 7621487.329834302887321 ], [ 416225.004484513192438, 7621454.465267704799771 ], [ 416232.019831971090753, 7621423.2572259940207 ], [ 416239.819710026145913, 7621392.990412024781108 ], [ 416248.514153252996039, 7621363.061359373852611 ], [ 416258.142500101588666, 7621333.336535017006099 ], [ 416268.882391135441139, 7621303.382421443238854 ], [ 416281.067752991686575, 7621272.745082838460803 ], [ 416294.718416922958568, 7621241.93834509793669 ], [ 416309.299321857979521, 7621212.221829118207097 ], [ 416316.189878803445026, 7621199.328452097252011 ] ] ] } },
{ "type": "Feature", "properties": { "fid": 265.0, "COMPR_M": 798.35, "CLASSE": "04 - Longa", "CD_FAZ": "403973", "TALHOES": "1", "FAZ_tAL": "403973001", "ID_LINHA": 241381 }, "geometry": { "type": "MultiLineString", "coordinates": [ [ [ 416281.389596483670175, 7621972.572052798233926 ], [ 416270.671124342712574, 7621945.367112404666841 ], [ 416260.581195369944908, 7621917.897787747904658 ], [ 416250.829112575389445, 7621888.999437493272126 ], [ 416241.6037644725875, 7621858.615783782675862 ], [ 416233.12756810238352, 7621826.747091779485345 ], [ 416225.64547777705593, 7621793.481396623887122 ], [ 416219.384865955915302, 7621758.893973587080836 ], [ 416214.59931260329904, 7621723.228750600479543 ], [ 416211.537794257630594, 7621687.571817411109805 ], [ 416210.110052147181705, 7621652.984602322801948 ], [ 416210.065962314954959, 7621619.694152255542576 ], [ 416211.169408092973754, 7621587.48091777972877 ], [ 416213.342674419865943, 7621555.179919608868659 ], [ 416216.828119106066879, 7621521.716412633657455 ], [ 416221.784693878318649, 7621487.824279686436057 ], [ 416227.943044990301132, 7621455.071617828682065 ], [ 416234.936559251451399, 7621423.960701927542686 ], [ 416242.713375926949084, 7621393.783375823870301 ], [ 416251.382276891090441, 7621363.942247811704874 ], [ 416260.982172864489257, 7621334.305257560685277 ], [ 416271.689004186715465, 7621304.443349238485098 ], [ 416283.833982353971805, 7621273.907546293921769 ], [ 416297.437481174827553, 7621243.207250498235226 ], [ 416311.969682695460506, 7621213.589994186535478 ], [ 416318.179615197994281, 7621201.970178594812751 ] ] ] } },
{ "type": "Feature", "properties": { "fid": 266.0, "COMPR_M": 798.87, "CLASSE": "04 - Longa", "CD_FAZ": "403973", "TALHOES": "1", "FAZ_tAL": "403973001", "ID_LINHA": 241382 }, "geometry": { "type": "MultiLineString", "coordinates": [ [ [ 416283.671968844602816, 7621970.23827335704118 ], [ 416273.475501539069228, 7621944.300992254167795 ], [ 416263.410967835574411, 7621916.900804938748479 ], [ 416253.686337816121522, 7621888.083805503323674 ], [ 416244.48954015027266, 7621857.794182571582496 ], [ 416236.041702633316163, 7621826.032113802619278 ], [ 416228.586239629774354, 7621792.884804869070649 ], [ 416222.349103721382562, 7621758.427077032625675 ], [ 416217.58218919421779, 7621722.900763347744942 ], [ 416214.532494556275196, 7621687.381538670510054 ], [ 416213.109970177058131, 7621652.920723740011454 ], [ 416213.066030344110914, 7621619.743532790802419 ], [ 416214.165957949415315, 7621587.633005447685719 ], [ 416216.332221106160432, 7621555.436094554141164 ], [ 416219.805537940876093, 7621522.08902623038739 ], [ 416224.744295352080371, 7621488.318725069984794 ], [ 416230.881605466129258, 7621455.677967952564359 ], [ 416237.853286530298647, 7621424.664177855476737 ], [ 416245.607041829964146, 7621394.576339622959495 ], [ 416254.25040052854456, 7621364.823136247694492 ], [ 416263.821845627797302, 7621335.273980101570487 ], [ 416274.495617238921113, 7621305.504277032800019 ], [ 416286.600211715500336, 7621275.070009751245379 ], [ 416300.156545424833894, 7621244.476155901327729 ], [ 416314.640043532475829, 7621214.958159253001213 ], [ 416322.924751172540709, 7621199.45609462633729 ] ] ] } },
{ "type": "Feature", "properties": { "fid": 267.0, "COMPR_M": 799.38, "CLASSE": "04 - Longa", "CD_FAZ": "403973", "TALHOES": "1", "FAZ_tAL": "403973001", "ID_LINHA": 241383 }, "geometry": { "type": "MultiLineString", "coordinates": [ [ [ 416285.971219151455443, 7621967.887235818430781 ], [ 416276.279878737404943, 7621943.234872103668749 ], [ 416266.240740300738253, 7621915.90382213331759 ], [ 416256.543563056620769, 7621887.16817351616919 ], [ 416247.375315831974149, 7621856.972581359557807 ], [ 416238.955837163957767, 7621825.317135829478502 ], [ 416231.527001483831555, 7621792.288213117979467 ], [ 416225.313341485685669, 7621757.960180477239192 ], [ 416220.565065785427578, 7621722.572776095941663 ], [ 416217.527194855210837, 7621687.191259928047657 ], [ 416216.109888207633048, 7621652.856845156289637 ], [ 416216.066098375769798, 7621619.792913326993585 ], [ 416217.162507806206122, 7621587.785093123093247 ], [ 416219.321767794375774, 7621555.692269496619701 ], [ 416222.782956775685307, 7621522.461639827117324 ], [ 416227.703896826016717, 7621488.81317044980824 ], [ 416233.820165941957384, 7621456.284318077377975 ], [ 416240.7700138122309, 7621425.367653790861368 ], [ 416248.500707731232978, 7621395.369303423911333 ], [ 416257.118524165940471, 7621365.704024683684111 ], [ 416266.661518389941193, 7621336.242702648974955 ], [ 416277.302230290195439, 7621306.56520482711494 ], [ 416289.36644107644679, 7621276.232473207637668 ], [ 416302.875609675596934, 7621245.745061302557588 ], [ 416317.310404367744923, 7621216.326324320398271 ], [ 416327.66988714429317, 7621196.942010658793151 ] ] ] } },
{ "type": "Feature", "properties": { "fid": 268.0, "COMPR_M": 799.89, "CLASSE": "04 - Longa", "CD_FAZ": "403973", "TALHOES": "1", "FAZ_tAL": "403973001", "ID_LINHA": 241384 }, "geometry": { "type": "MultiLineString", "coordinates": [ [ [ 416288.270469456969295, 7621965.536198279820383 ], [ 416279.084255934401881, 7621942.168751955032349 ], [ 416269.070512767473701, 7621914.906839327886701 ], [ 416259.400788296712562, 7621886.252541530877352 ], [ 416250.2610915111145, 7621856.150980149395764 ], [ 416241.869971694424748, 7621824.602157852612436 ], [ 416234.467763336608186, 7621791.691621361300349 ], [ 416228.277579250861891, 7621757.493283919990063 ], [ 416223.547942376928404, 7621722.244788842275739 ], [ 416220.521895153156947, 7621687.000981188379228 ], [ 416219.109806238266174, 7621652.79296656884253 ], [ 416219.06616640597349, 7621619.842293858528137 ], [ 416220.159057662705891, 7621587.937180793844163 ], [ 416222.311314481310546, 7621555.948444444686174 ], [ 416225.760375609912444, 7621522.834253422915936 ], [ 416230.663498301524669, 7621489.307615828700364 ], [ 416236.758726417843718, 7621456.890668202191591 ], [ 416243.68674109200947, 7621426.071129723452032 ], [ 416251.394373633316718, 7621396.162267221137881 ], [ 416259.986647803452797, 7621366.584913119673729 ], [ 416269.50119115319103, 7621337.211425188928843 ], [ 416280.108843341819011, 7621307.626132622361183 ], [ 416292.132670437975321, 7621277.394936664029956 ], [ 416305.594673925079405, 7621247.013966701924801 ], [ 416319.980765205284115, 7621217.694489389657974 ], [ 416332.415023116511293, 7621194.427926693111658 ] ] ] } },
{ "type": "Feature", "properties": { "fid": 269.0, "COMPR_M": 800.4, "CLASSE": "04 - Longa", "CD_FAZ": "403973", "TALHOES": "1", "FAZ_tAL": "403973001", "ID_LINHA": 241385 }, "geometry": { "type": "MultiLineString", "coordinates": [ [ [ 416290.569719763007015, 7621963.185160744935274 ], [ 416271.900285232521128, 7621913.909856523387134 ], [ 416262.258013539249077, 7621885.336909541860223 ], [ 416253.146867191069759, 7621855.329378938302398 ], [ 416244.784106225997675, 7621823.887179877609015 ], [ 416237.408525188802741, 7621791.095029609277844 ], [ 416231.241817016329151, 7621757.026387363672256 ], [ 416226.530818966741208, 7621721.916801588609815 ], [ 416223.51659545005532, 7621686.810702446848154 ], [ 416222.109724268317223, 7621652.729087987914681 ], [ 416222.066234437283128, 7621619.891674392856658 ], [ 416223.155607519671321, 7621588.08926846832037 ], [ 416225.300861169700511, 7621556.204619389027357 ], [ 416228.737794444896281, 7621523.206867018714547 ], [ 416233.623099773947615, 7621489.802061211317778 ], [ 416239.69728689501062, 7621457.497018326073885 ], [ 416246.603468370973133, 7621426.774605652317405 ], [ 416254.288039535051212, 7621396.955231021158397 ], [ 416262.854771440965123, 7621367.465801557525992 ], [ 416272.34086391661549, 7621338.180147735401988 ], [ 416282.915456393035129, 7621308.687060415744781 ], [ 416294.898899801424704, 7621278.557400124147534 ], [ 416308.313738175318576, 7621248.28287210687995 ], [ 416322.651126043114346, 7621219.06265445612371 ], [ 416337.160159089136869, 7621191.91384272556752 ] ] ] } },
{ "type": "Feature", "properties": { "fid": 270.0, "COMPR_M": 801.1, "CLASSE": "04 - Longa", "CD_FAZ": "403973", "TALHOES": "1", "FAZ_tAL": "403973001", "ID_LINHA": 241386 }, "geometry": { "type": "MultiLineString", "coordinates": [ [ [ 416292.86897007166408, 7621960.834123203530908 ], [ 416274.730057697161101, 7621912.912873717956245 ], [ 416265.115238779457286, 7621884.421277552843094 ], [ 416256.032642871083226, 7621854.507777729071677 ], [ 416247.698240755358711, 7621823.172201901674271 ], [ 416240.349287043616641, 7621790.498437853530049 ], [ 416234.206054782029241, 7621756.559490812011063 ], [ 416229.513695556903258, 7621721.588814334943891 ], [ 416226.511295748583507, 7621686.620423707179725 ], [ 416225.109642299008556, 7621652.665209404192865 ], [ 416225.066302467777859, 7621619.941054925322533 ], [ 416226.152157376985997, 7621588.241356140002608 ], [ 416228.290407856111415, 7621556.46079433336854 ], [ 416231.715213279239833, 7621523.579480616375804 ], [ 416236.582701249164529, 7621490.296506594866514 ], [ 416242.63584737025667, 7621458.103368453681469 ], [ 416249.520195652323309, 7621427.478081585839391 ], [ 416257.181705436902121, 7621397.748194819316268 ], [ 416265.72289507847745, 7621368.346689993515611 ], [ 416275.180536679690704, 7621339.148870278149843 ], [ 416285.722069445240777, 7621309.747988210991025 ], [ 416297.665129162371159, 7621279.719863576814532 ], [ 416311.032802425557747, 7621249.551777508109808 ], [ 416325.321486880478915, 7621220.43081952445209 ], [ 416342.105718477803748, 7621189.293569747358561 ] ] ] } },
{ "type": "Feature", "properties": { "fid": 271.0, "COMPR_M": 801.83, "CLASSE": "04 - Longa", "CD_FAZ": "403973", "TALHOES": "1", "FAZ_tAL": "403973001", "ID_LINHA": 241387 }, "geometry": { "type": "MultiLineString", "coordinates": [ [ [ 416295.168220378865954, 7621958.483085666783154 ], [ 416277.559830162790604, 7621911.915890909731388 ], [ 416267.972464020014741, 7621883.50564556568861 ], [ 416258.918418550514616, 7621853.686176516115665 ], [ 416250.612375286407769, 7621822.457223927602172 ], [ 416243.290048897790257, 7621789.901846100576222 ], [ 416237.170292545924895, 7621756.092594252899289 ], [ 416232.496572147996631, 7621721.260827081277966 ], [ 416229.505996046762448, 7621686.430144963786006 ], [ 416228.109560329117812, 7621652.601330818608403 ], [ 416228.066370498097967, 7621619.990435462445021 ], [ 416229.148707233311143, 7621588.393443813547492 ], [ 416231.279954543220811, 7621556.716969278641045 ], [ 416234.69263211498037, 7621523.952094212174416 ], [ 416239.542302723275498, 7621490.790951973758638 ], [ 416245.574407846783288, 7621458.709718577563763 ], [ 416252.436922931519803, 7621428.181557516567409 ], [ 416260.075371337647084, 7621398.541158618405461 ], [ 416268.591018714592792, 7621369.227578431367874 ], [ 416278.020209441776387, 7621340.117592821829021 ], [ 416288.528682497795671, 7621310.808916004374623 ], [ 416300.431358523841482, 7621280.882327035069466 ], [ 416313.751866675971542, 7621250.820682909339666 ], [ 416327.991847716853954, 7621221.798984591849148 ], [ 416347.082495493581519, 7621186.65675694309175 ] ] ] } },
{ "type": "Feature", "properties": { "fid": 272.0, "COMPR_M": 802.56, "CLASSE": "04 - Longa", "CD_FAZ": "403973", "TALHOES": "1", "FAZ_tAL": "403973001", "ID_LINHA": 241388 }, "geometry": { "type": "MultiLineString", "coordinates": [ [ [ 416297.467470684670843, 7621956.132048130966723 ], [ 416280.389602629293222, 7621910.918908107094467 ], [ 416270.829689260281157, 7621882.590013576671481 ], [ 416261.804194230062421, 7621852.864575307816267 ], [ 416253.526509816641919, 7621821.742245951667428 ], [ 416246.23081075004302, 7621789.305254347622395 ], [ 416240.134530310693663, 7621755.625697701238096 ], [ 416235.479448739439249, 7621720.932839827612042 ], [ 416232.500696345174219, 7621686.239866224117577 ], [ 416231.109478359925561, 7621652.537452237680554 ], [ 416231.06643852830166, 7621620.039815994910896 ], [ 416232.14525709010195, 7621588.545531483367085 ], [ 416234.269501231028698, 7621556.97314422391355 ], [ 416237.67005094938213, 7621524.324707807973027 ], [ 416242.501904197619297, 7621491.285397355444729 ], [ 416248.512968322087545, 7621459.316068701446056 ], [ 416255.35365021310281, 7621428.885033449158072 ], [ 416262.969037239963654, 7621399.334122417494655 ], [ 416271.459142353443895, 7621370.108466869220138 ], [ 416280.859882205433678, 7621341.086315365508199 ], [ 416291.335295549361035, 7621311.869843799620867 ], [ 416303.197587885370012, 7621282.044790493324399 ], [ 416316.470930925745051, 7621252.08958831243217 ], [ 416330.662208554102108, 7621223.167149659246206 ], [ 416352.059272507613059, 7621184.019944135099649 ] ] ] } },
{ "type": "Feature", "properties": { "fid": 273.0, "COMPR_M": 803.29, "CLASSE": "04 - Longa", "CD_FAZ": "403973", "TALHOES": "1", "FAZ_tAL": "403973001", "ID_LINHA": 241389 }, "geometry": { "type": "MultiLineString", "coordinates": [ [ [ 416299.766720990417525, 7621953.781010588631034 ], [ 416283.219375094748102, 7621909.921925299800932 ], [ 416273.686914501595311, 7621881.674381589516997 ], [ 416264.689969909726642, 7621852.042974095791578 ], [ 416256.440644345944747, 7621821.027267975732684 ], [ 416249.171572603692766, 7621788.708662594668567 ], [ 416243.098768076451961, 7621755.15880114492029 ], [ 416238.462325330532622, 7621720.604852573946118 ], [ 416235.495396642654669, 7621686.049587482586503 ], [ 416234.109396390151232, 7621652.47357365489006 ], [ 416234.066506558971014, 7621620.089196531102061 ], [ 416235.141806946601719, 7621588.697619158774614 ], [ 416237.25904791825451, 7621557.229319170117378 ], [ 416240.647469783900306, 7621524.697321403771639 ], [ 416245.461505671497434, 7621491.779842736199498 ], [ 416251.451528797973879, 7621459.92241882905364 ], [ 416258.270377493288834, 7621429.588509380817413 ], [ 416265.862703141814563, 7621400.127086217515171 ], [ 416274.32726599171292, 7621370.989355307072401 ], [ 416283.699554968683515, 7621342.055037906393409 ], [ 416294.141908601275645, 7621312.930771593004465 ], [ 416305.963817247538827, 7621283.20725395064801 ], [ 416319.189995174936485, 7621253.358493711799383 ], [ 416333.332569391583093, 7621224.535314727574587 ], [ 416347.941693860921077, 7621197.1992153134197 ], [ 416357.036049523157999, 7621181.383131329901516 ] ] ] } },
{ "type": "Feature", "properties": { "fid": 274.0, "COMPR_M": 804.02, "CLASSE": "04 - Longa", "CD_FAZ": "403973", "TALHOES": "1", "FAZ_tAL": "403973001", "ID_LINHA": 241390 }, "geometry": { "type": "MultiLineString", "coordinates": [ [ [ 416302.065971298026852, 7621951.429973054677248 ], [ 416286.049147559795529, 7621908.924942492507398 ], [ 416276.544139742560219, 7621880.758749600499868 ], [ 416267.575745590147562, 7621851.221372885629535 ], [ 416259.354778877052013, 7621820.31228999979794 ], [ 416252.112334455363452, 7621788.112070839852095 ], [ 416246.063005842384882, 7621754.691904589533806 ], [ 416241.445201921858825, 7621720.276865319348872 ], [ 416238.490096940367948, 7621685.859308740124106 ], [ 416237.109314419794828, 7621652.409695070236921 ], [ 416237.066574588883668, 7621620.138577062636614 ], [ 416238.138356804149225, 7621588.84970682952553 ], [ 416240.248594606178813, 7621557.485494113527238 ], [ 416243.624888618476689, 7621525.069935003295541 ], [ 416248.421107145491987, 7621492.274288118816912 ], [ 416254.390089273976628, 7621460.528768951073289 ], [ 416261.187104773242027, 7621430.291985312476754 ], [ 416268.756369043258019, 7621400.920050016604364 ], [ 416277.195389628584962, 7621371.870243741199374 ], [ 416286.539227731642313, 7621343.023760452866554 ], [ 416296.948521652841009, 7621313.991699388250709 ], [ 416308.73004660900915, 7621284.369717406108975 ], [ 416321.909059426165186, 7621254.627399114891887 ], [ 416336.002930228656624, 7621225.903479797765613 ], [ 416350.565609808429144, 7621198.654286485165358 ], [ 416362.012826539052185, 7621178.746318522840738 ] ] ] } },
{ "type": "Feature", "properties": { "fid": 275.0, "COMPR_M": 804.76, "CLASSE": "04 - Longa", "CD_FAZ": "403973", "TALHOES": "1", "FAZ_tAL": "403973001", "ID_LINHA": 241391 }, "geometry": { "type": "MultiLineString", "coordinates": [ [ [ 416304.365221603598911, 7621949.078935513272882 ], [ 416288.87892002647277, 7621907.927959687076509 ], [ 416279.401364983292297, 7621879.843117613345385 ], [ 416270.461521270684898, 7621850.399771675467491 ], [ 416262.26891340862494, 7621819.597312027588487 ], [ 416255.053096309769899, 7621787.515479085966945 ], [ 416249.027243607852142, 7621754.225008035078645 ], [ 416244.428078512253705, 7621719.94887806661427 ], [ 416241.484797238372266, 7621685.669030000455678 ], [ 416240.109232450777199, 7621652.345816485583782 ], [ 416240.066642620542552, 7621620.187957597896457 ], [ 416241.134906660125125, 7621589.001794502139091 ], [ 416243.238141292822547, 7621557.741669058799744 ], [ 416246.60230745235458, 7621525.442548599094152 ], [ 416251.380708619835787, 7621492.768733497709036 ], [ 416257.328649749979377, 7621461.135119076818228 ], [ 416264.103832052962389, 7621430.99546124599874 ], [ 416271.650034945516381, 7621401.713013814762235 ], [ 416280.063513266853988, 7621372.751132177188993 ], [ 416289.378900494833943, 7621343.992482996545732 ], [ 416299.755134704755619, 7621315.052627181634307 ], [ 416311.496275970479473, 7621285.532180862501264 ], [ 416324.628123676870018, 7621255.896304516121745 ], [ 416338.673291064682417, 7621227.271644864231348 ], [ 416353.189525754773058, 7621200.109357660636306 ], [ 416366.989603554480709, 7621176.109505716711283 ] ] ] } },
{ "type": "Feature", "properties": { "fid": 276.0, "COMPR_M": 805.6, "CLASSE": "04 - Longa", "CD_FAZ": "403973", "TALHOES": "1", "FAZ_tAL": "403973001", "ID_LINHA": 241392 }, "geometry": { "type": "MultiLineString", "coordinates": [ [ [ 416306.664471911033615, 7621946.72789797745645 ], [ 416291.708692492102273, 7621906.93097688164562 ], [ 416282.25859022437362, 7621878.927485626190901 ], [ 416273.347296949301381, 7621849.578170463442802 ], [ 416265.183047939208336, 7621818.882334049791098 ], [ 416257.993858163477853, 7621786.918887332081795 ], [ 416251.991481373610441, 7621753.758111476898193 ], [ 416247.410955102241132, 7621719.620890813879669 ], [ 416244.479497535387054, 7621685.478751257061958 ], [ 416243.109150480479002, 7621652.281937904655933 ], [ 416243.066710650746245, 7621620.237338134087622 ], [ 416244.131456515809987, 7621589.153882174752653 ], [ 416246.227687979466282, 7621557.997844004072249 ], [ 416249.579726288386155, 7621525.815162194892764 ], [ 416254.340310094994493, 7621493.263178881257772 ], [ 416260.267210225283634, 7621461.741469198837876 ], [ 416267.020559333264828, 7621431.698937175795436 ], [ 416274.543700847425498, 7621402.505977614782751 ], [ 416282.93163690448273, 7621373.632020613178611 ], [ 416292.218573257676326, 7621344.96120554022491 ], [ 416302.561747756961267, 7621316.11355497688055 ], [ 416314.262505331309512, 7621286.694644318893552 ], [ 416327.347187926876359, 7621257.165209919214249 ], [ 416341.343651902338024, 7621228.639809930697083 ], [ 416355.813441702688579, 7621201.564428835175931 ], [ 416372.081296420132276, 7621173.411807806231081 ] ] ] } },
{ "type": "Feature", "properties": { "fid": 277.0, "COMPR_M": 806.59, "CLASSE": "04 - Longa", "CD_FAZ": "403973", "TALHOES": "1", "FAZ_tAL": "403973001", "ID_LINHA": 241393 }, "geometry": { "type": "MultiLineString", "coordinates": [ [ [ 416308.963722218410112, 7621944.376860439777374 ], [ 416294.538464957964607, 7621905.933994074352086 ], [ 416285.115815465105698, 7621878.011853637173772 ], [ 416276.233072629373055, 7621848.756569253280759 ], [ 416268.097182470315602, 7621818.167356075718999 ], [ 416260.934620017244015, 7621786.32229558005929 ], [ 416254.955719138262793, 7621753.291214922443032 ], [ 416250.393831693916582, 7621719.292903559282422 ], [ 416247.474197834730148, 7621685.288472517393529 ], [ 416246.109068511577789, 7621652.218059320002794 ], [ 416246.066778681473807, 7621620.286718668416142 ], [ 416247.128006373881362, 7621589.305969847366214 ], [ 416249.217234667565208, 7621558.254018948413432 ], [ 416252.557145123137161, 7621526.187775789760053 ], [ 416257.299911568989046, 7621493.757624262943864 ], [ 416263.205770701984875, 7621462.347819325514138 ], [ 416269.93728661397472, 7621432.402413105592132 ], [ 416277.437366748112254, 7621403.298941414803267 ], [ 416285.799760540830903, 7621374.512909049168229 ], [ 416295.058246020809747, 7621345.929928082972765 ], [ 416305.368360806838609, 7621317.174482770264149 ], [ 416317.028734692838043, 7621287.857107774354517 ], [ 416330.066252177057322, 7621258.434115320444107 ], [ 416344.014012740226462, 7621230.007974999025464 ], [ 416358.437357650022022, 7621203.01950001064688 ], [ 416377.328423976316117, 7621170.63175696413964 ] ] ] } },
{ "type": "Feature", "properties": { "fid": 278.0, "COMPR_M": 807.58, "CLASSE": "04 - Longa", "CD_FAZ": "403973", "TALHOES": "1", "FAZ_tAL": "403973001", "ID_LINHA": 241394 }, "geometry": { "type": "MultiLineString", "coordinates": [ [ [ 416311.262972523691133, 7621942.025822900235653 ], [ 416297.368237424117979, 7621904.937011267058551 ], [ 416287.97304070496466, 7621877.096221650019288 ], [ 416279.118848308862653, 7621847.934968040324748 ], [ 416271.01131699985126, 7621817.45237809792161 ], [ 416263.8753818704281, 7621785.725703824311495 ], [ 416257.919956903089769, 7621752.824318369850516 ], [ 416253.376708285184577, 7621718.964916308410466 ], [ 416250.468898132967297, 7621685.098193776793778 ], [ 416249.10898654081393, 7621652.154180738143623 ], [ 416249.066846712026745, 7621620.33609920181334 ], [ 416250.124556230381131, 7621589.458057519048452 ], [ 416252.206781353685074, 7621558.510193892754614 ], [ 416255.534563957247883, 7621526.560389384627342 ], [ 416260.259513042576145, 7621494.252069643698633 ], [ 416266.14433117734734, 7621462.954169450327754 ], [ 416272.854013893171214, 7621433.105889039114118 ], [ 416280.331032650428824, 7621404.091905212961137 ], [ 416288.667884177761152, 7621375.393797488883138 ], [ 416297.897918784175999, 7621346.898650627583265 ], [ 416308.174973860383034, 7621318.235410563647747 ], [ 416319.794964055588935, 7621289.019571233540773 ], [ 416332.785316426656209, 7621259.703020721673965 ], [ 416346.684373577707447, 7621231.376140066422522 ], [ 416361.061273595609237, 7621204.474571181461215 ], [ 416382.575551530870143, 7621167.851706122048199 ] ] ] } },
{ "type": "Feature", "properties": { "fid": 279.0, "COMPR_M": 808.57, "CLASSE": "04 - Longa", "CD_FAZ": "403973", "TALHOES": "1", "FAZ_tAL": "403973001", "ID_LINHA": 241395 }, "geometry": { "type": "MultiLineString", "coordinates": [ [ [ 416313.562222830252722, 7621939.674785364419222 ], [ 416300.198009889223613, 7621903.940028462558985 ], [ 416290.830265947093721, 7621876.180589662864804 ], [ 416282.004623988468666, 7621847.113366831094027 ], [ 416273.925451531191356, 7621816.737400123849511 ], [ 416266.816143724310677, 7621785.129112069495022 ], [ 416260.884194666869007, 7621752.357421811670065 ], [ 416256.359584876161534, 7621718.636929053813219 ], [ 416253.4635984308552, 7621684.907915036194026 ], [ 416252.108904571970925, 7621652.090302152559161 ], [ 416252.066914742463268, 7621620.38547973614186 ], [ 416253.121106087230146, 7621589.610145192593336 ], [ 416255.196328041900415, 7621558.76636883802712 ], [ 416258.511982792755589, 7621526.933002982288599 ], [ 416263.219114516337868, 7621494.746515026316047 ], [ 416269.082891653466504, 7621463.560519572347403 ], [ 416275.770741175452713, 7621433.809364970773458 ], [ 416283.224698552279733, 7621404.884869012981653 ], [ 416291.536007816786878, 7621376.274685923010111 ], [ 416300.737591547891498, 7621347.86737317033112 ], [ 416310.981586912297644, 7621319.296338358893991 ], [ 416322.561193417699542, 7621290.182034689933062 ], [ 416335.504380677593872, 7621260.971926121972501 ], [ 416349.35473441274371, 7621232.744305135682225 ], [ 416363.685189543291926, 7621205.929642357863486 ], [ 416378.676302314270288, 7621179.858449703082442 ], [ 416387.822679085889831, 7621165.07165527716279 ] ] ] } },
{ "type": "Feature", "properties": { "fid": 280.0, "COMPR_M": 809.57, "CLASSE": "04 - Longa", "CD_FAZ": "403973", "TALHOES": "1", "FAZ_tAL": "403973001", "ID_LINHA": 241396 }, "geometry": { "type": "MultiLineString", "coordinates": [ [ [ 416315.861473138036672, 7621937.323747823946178 ], [ 416303.027782354562078, 7621902.943045658990741 ], [ 416293.687491187651176, 7621875.264957673847675 ], [ 416284.890399669471662, 7621846.291765619069338 ], [ 416276.839586060261354, 7621816.022422149777412 ], [ 416269.75690557755297, 7621784.53252031840384 ], [ 416263.848432432918344, 7621751.890525255352259 ], [ 416259.342461467371322, 7621718.308941800147295 ], [ 416256.458298729092348, 7621684.71763629373163 ], [ 416255.10882260260405, 7621652.026423573493958 ], [ 416255.066982773365453, 7621620.434860272333026 ], [ 416256.117655943206046, 7621589.762232864275575 ], [ 416258.185874728835188, 7621559.022543782368302 ], [ 416261.489401627040934, 7621527.305616579949856 ], [ 416266.178715990972705, 7621495.240960408002138 ], [ 416272.021452129585668, 7621464.166869699023664 ], [ 416278.687468453601468, 7621434.512840900570154 ], [ 416286.118364453664981, 7621405.677832810208201 ], [ 416294.404131455114111, 7621377.155574358999729 ], [ 416303.577264309278689, 7621348.836095714941621 ], [ 416313.788199964503292, 7621320.357266152277589 ], [ 416325.327422779169865, 7621291.344498147256672 ], [ 416338.223444928007666, 7621262.240831527858973 ], [ 416352.025095251388848, 7621234.112470204010606 ], [ 416366.30910549062537, 7621207.384713532403111 ], [ 416381.253003556688782, 7621181.395632436499 ], [ 416393.069806641316973, 7621162.291604436933994 ] ] ] } },
{ "type": "Feature", "properties": { "fid": 281.0, "COMPR_M": 810.56, "CLASSE": "04 - Longa", "CD_FAZ": "403973", "TALHOES": "1", "FAZ_tAL": "403973001", "ID_LINHA": 241397 }, "geometry": { "type": "MultiLineString", "coordinates": [ [ [ 416318.160723444365431, 7621934.972710287198424 ], [ 416305.857554820191581, 7621901.946062851697206 ], [ 416296.544716428557876, 7621874.349325688555837 ], [ 416287.77617534797173, 7621845.470164408907294 ], [ 416279.753720591776073, 7621815.307444173842669 ], [ 416272.697667430853471, 7621783.935928562656045 ], [ 416266.812670198502019, 7621751.423628704622388 ], [ 416262.325338057707995, 7621717.980954547412694 ], [ 416259.452999026980251, 7621684.527357554994524 ], [ 416258.108740631956607, 7621651.962544985115528 ], [ 416258.067050803510938, 7621620.484240803867579 ], [ 416259.114205800229684, 7621589.914320537820458 ], [ 416261.175421416410245, 7621559.27871872857213 ], [ 416264.466820462024771, 7621527.678230175748467 ], [ 416269.138317465200089, 7621495.73540578968823 ], [ 416274.960012605646625, 7621464.77321982383728 ], [ 416281.604195734893437, 7621435.216316835954785 ], [ 416289.012030355981551, 7621406.47079661116004 ], [ 416297.272255092160776, 7621378.036462796851993 ], [ 416306.416937072877772, 7621349.804818257689476 ], [ 416316.59481301571941, 7621321.418193947523832 ], [ 416328.093652140640188, 7621292.506961602717638 ], [ 416340.942509177722968, 7621263.509736929088831 ], [ 416354.695456088345964, 7621235.480635271407664 ], [ 416368.93302143929759, 7621208.839784706942737 ], [ 416383.829704799863975, 7621182.932815171778202 ], [ 416398.316934196453076, 7621159.511553594842553 ] ] ] } },
{ "type": "Feature", "properties": { "fid": 282.0, "COMPR_M": 811.7, "CLASSE": "04 - Longa", "CD_FAZ": "403973", "TALHOES": "1", "FAZ_tAL": "403973001", "ID_LINHA": 241398 }, "geometry": { "type": "MultiLineString", "coordinates": [ [ [ 416320.459973751276266, 7621932.621672749519348 ], [ 416308.687327286112122, 7621900.949080044403672 ], [ 416299.401941669173539, 7621873.433693699538708 ], [ 416290.661951027228497, 7621844.648563198745251 ], [ 416282.667855123057961, 7621814.59246619977057 ], [ 416275.638429284212179, 7621783.339336808770895 ], [ 416269.776907964958809, 7621750.956732146441936 ], [ 416265.308214648219291, 7621717.652967293746769 ], [ 416262.447699323820416, 7621684.337078811600804 ], [ 416261.108658662706148, 7621651.898666404187679 ], [ 416261.067118834122084, 7621620.533621340058744 ], [ 416262.110755658301059, 7621590.066408206708729 ], [ 416264.164968104159925, 7621559.534893672913313 ], [ 416267.444239296426531, 7621528.050843773409724 ], [ 416272.097918939602096, 7621496.229851167649031 ], [ 416277.898573081823997, 7621465.379569947719574 ], [ 416284.520923015312292, 7621435.919792767614126 ], [ 416291.905696257192176, 7621407.263760406523943 ], [ 416300.140378729265649, 7621378.917351232841611 ], [ 416309.256609836127609, 7621350.773540802299976 ], [ 416319.401426067284774, 7621322.479121740907431 ], [ 416330.859881501412019, 7621293.669425060041249 ], [ 416343.661573427612893, 7621264.778642330318689 ], [ 416357.36581692553591, 7621236.848800338804722 ], [ 416371.556937386281788, 7621210.294855877757072 ], [ 416386.406406041758601, 7621184.46999790892005 ], [ 416403.717431060504168, 7621156.650244107469916 ] ] ] } },
{ "type": "Feature", "properties": { "fid": 283.0, "COMPR_M": 813.02, "CLASSE": "04 - Longa", "CD_FAZ": "403973", "TALHOES": "1", "FAZ_tAL": "403973001", "ID_LINHA": 241399 }, "geometry": { "type": "MultiLineString", "coordinates": [ [ [ 416322.759224057430401, 7621930.270635211840272 ], [ 416311.51709975162521, 7621899.952097239904106 ], [ 416302.259166910138447, 7621872.518061708658934 ], [ 416293.547726707940456, 7621843.826961988583207 ], [ 416285.581989653524943, 7621813.877488222904503 ], [ 416278.579191137570888, 7621782.742745054885745 ], [ 416272.741145729029085, 7621750.489835593849421 ], [ 416268.291091239138041, 7621717.324980041012168 ], [ 416265.442399623629171, 7621684.146800069138408 ], [ 416264.108576693513896, 7621651.83478781953454 ], [ 416264.067186865257099, 7621620.583001874387264 ], [ 416265.107305514800828, 7621590.218495881184936 ], [ 416267.154514789930545, 7621559.791068619117141 ], [ 416270.421658131526783, 7621528.423457368277013 ], [ 416275.057520412898157, 7621496.724296553060412 ], [ 416280.837133557302877, 7621465.985920075327158 ], [ 416287.437650295614731, 7621436.623268697410822 ], [ 416294.799362158635631, 7621408.056724206544459 ], [ 416303.008502367010806, 7621379.79823967255652 ], [ 416312.096282598329708, 7621351.742263346910477 ], [ 416322.208039119199384, 7621323.540049538016319 ], [ 416333.626110863522626, 7621294.83188851736486 ], [ 416346.380637678259518, 7621266.04754773247987 ], [ 416360.036177762318403, 7621238.216965407133102 ], [ 416374.180853334022686, 7621211.749927052296698 ], [ 416388.983107284351718, 7621186.007180642336607 ], [ 416409.296855974185746, 7621153.694134356454015 ] ] ] } },
{ "type": "Feature", "properties": { "fid": 284.0, "COMPR_M": 814.34, "CLASSE": "04 - Longa", "CD_FAZ": "403973", "TALHOES": "1", "FAZ_tAL": "403973001", "ID_LINHA": 241400 }, "geometry": { "type": "MultiLineString", "coordinates": [ [ [ 416325.058474364865106, 7621927.919597676023841 ], [ 416314.346872216789052, 7621898.955114433541894 ], [ 416305.116392151510809, 7621871.602429722435772 ], [ 416296.433502388710622, 7621843.005360775627196 ], [ 416288.496124183060601, 7621813.162510247901082 ], [ 416281.519952990405727, 7621782.146153298206627 ], [ 416275.705383494670969, 7621750.022939037531614 ], [ 416271.273967830289621, 7621716.996992789208889 ], [ 416268.437099920469336, 7621683.956521328538656 ], [ 416267.10849472368136, 7621651.770909238606691 ], [ 416267.067254895577207, 7621620.632382408715785 ], [ 416268.103855371009558, 7621590.370583554729819 ], [ 416270.144061478378717, 7621560.047243562527001 ], [ 416273.399076965346467, 7621528.796070965006948 ], [ 416278.017121887765825, 7621497.218741932883859 ], [ 416283.775694033538457, 7621466.592270197346807 ], [ 416290.354377575684339, 7621437.326744629070163 ], [ 416297.693028060893994, 7621408.849688006564975 ], [ 416305.87662600481417, 7621380.679128106683493 ], [ 416314.935955362219829, 7621352.710985887795687 ], [ 416325.014652169425972, 7621324.600977331399918 ], [ 416336.39234022499295, 7621295.994351973757148 ], [ 416349.099701928324066, 7621267.316453132778406 ], [ 416362.706538599333726, 7621239.585130475461483 ], [ 416376.80476928059943, 7621213.204998227767646 ], [ 416391.55980852630455, 7621187.544363379478455 ], [ 416407.355514380149543, 7621162.007709785364568 ], [ 416414.876280888915062, 7621150.738024605438113 ] ] ] } },
{ "type": "Feature", "properties": { "fid": 285.0, "COMPR_M": 815.66, "CLASSE": "04 - Longa", "CD_FAZ": "403973", "TALHOES": "1", "FAZ_tAL": "403973001", "ID_LINHA": 241401 }, "geometry": { "type": "MultiLineString", "coordinates": [ [ [ 416327.357724670902826, 7621925.568560134619474 ], [ 416317.176644682826009, 7621897.958131628111005 ], [ 416307.97361739189364, 7621870.686797734349966 ], [ 416299.31927806767635, 7621842.18375956453383 ], [ 416291.41025871434249, 7621812.447532273828983 ], [ 416284.460714843182359, 7621781.54956154897809 ], [ 416278.669621258624829, 7621749.556042480282485 ], [ 416274.256844421150163, 7621716.66900553368032 ], [ 416271.431800220161676, 7621683.76624258607626 ], [ 416270.10841275396524, 7621651.707030652090907 ], [ 416270.067322926362976, 7621620.681762943044305 ], [ 416271.100405227625743, 7621590.522671226412058 ], [ 416273.13360816554632, 7621560.303418509662151 ], [ 416276.37649579992285, 7621529.168684564530849 ], [ 416280.976723361527547, 7621497.71318731456995 ], [ 416286.714254509774037, 7621467.198620324023068 ], [ 416293.271104855579324, 7621438.030220562592149 ], [ 416300.58669396280311, 7621409.642651806585491 ], [ 416308.744749641977251, 7621381.560016542673111 ], [ 416317.775628125004005, 7621353.679708432406187 ], [ 416327.82126522262115, 7621325.661905124783516 ], [ 416339.158569585764781, 7621297.156815432943404 ], [ 416351.818766179028898, 7621268.58535853587091 ], [ 416365.376899435301311, 7621240.953295543789864 ], [ 416379.428685228049289, 7621214.660069404169917 ], [ 416394.136509768373799, 7621189.08154611568898 ], [ 416409.879632740514353, 7621163.629902387037873 ], [ 416420.455705803353339, 7621147.781914850696921 ] ] ] } },
{ "type": "Feature", "properties": { "fid": 286.0, "COMPR_M": 816.98, "CLASSE": "04 - Longa", "CD_FAZ": "403973", "TALHOES": "1", "FAZ_tAL": "403973001", "ID_LINHA": 241402 }, "geometry": { "type": "MultiLineString", "coordinates": [ [ [ 416329.656974977348, 7621923.217522598803043 ], [ 416320.006417148513719, 7621896.961148820817471 ], [ 416310.830842632683925, 7621869.771165748126805 ], [ 416302.205053747340571, 7621841.362158354371786 ], [ 416294.324393245507963, 7621811.732554296031594 ], [ 416287.40147669671569, 7621780.95296979509294 ], [ 416281.633859024674166, 7621749.089145924896002 ], [ 416277.239721012359951, 7621716.341018279083073 ], [ 416274.426500517583918, 7621683.575963845476508 ], [ 416273.108330784249119, 7621651.643152071163058 ], [ 416273.067390956450254, 7621620.731143477372825 ], [ 416274.096955084009096, 7621590.674758899956942 ], [ 416276.123154853470623, 7621560.559593454003334 ], [ 416279.353914633917157, 7621529.541298158466816 ], [ 416283.936324835405685, 7621498.207632694393396 ], [ 416289.652814985369332, 7621467.804970448836684 ], [ 416296.187832135939971, 7621438.73369649425149 ], [ 416303.480359864188358, 7621410.435615603812039 ], [ 416311.612873279838823, 7621382.440904976800084 ], [ 416320.61530088877771, 7621354.64843097794801 ], [ 416330.627878274885006, 7621326.722832919098437 ], [ 416341.924798949214164, 7621298.319278886541724 ], [ 416354.537830428569578, 7621269.8542639343068 ], [ 416368.047260273597203, 7621242.321460610255599 ], [ 416382.052601175033487, 7621216.11514057777822 ], [ 416396.713211010501254, 7621190.618728848174214 ], [ 416412.403751101228409, 7621165.252094987779856 ], [ 416426.035130718257278, 7621144.825805100612342 ] ] ] } },
{ "type": "Feature", "properties": { "fid": 287.0, "COMPR_M": 818.29, "CLASSE": "04 - Longa", "CD_FAZ": "403973", "TALHOES": "1", "FAZ_tAL": "403973001", "ID_LINHA": 241403 }, "geometry": { "type": "MultiLineString", "coordinates": [ [ [ 416331.975846298388205, 7621920.846422113478184 ], [ 416322.836189613852184, 7621895.964166016317904 ], [ 416313.688067873823456, 7621868.855533760040998 ], [ 416305.090829427819699, 7621840.540557142347097 ], [ 416297.238527775683906, 7621811.017576323822141 ], [ 416290.342238550307229, 7621780.3563780374825 ], [ 416284.598096789733972, 7621748.622249368578196 ], [ 416280.222597602522001, 7621716.013031027279794 ], [ 416277.421200815355405, 7621683.385685104876757 ], [ 416276.10824881400913, 7621651.579273486509919 ], [ 416276.067458987585269, 7621620.780524011701345 ], [ 416277.093504940858111, 7621590.826846569776535 ], [ 416279.112701540172566, 7621560.815768398344517 ], [ 416282.331333470647223, 7621529.913911754265428 ], [ 416286.895926308934577, 7621498.702078077942133 ], [ 416292.591375461663119, 7621468.411320572718978 ], [ 416299.104559416125994, 7621439.437172424048185 ], [ 416306.374025765864644, 7621411.228579403832555 ], [ 416314.480996917001903, 7621383.321793416514993 ], [ 416323.45497365220217, 7621355.61715351883322 ], [ 416333.434491326799616, 7621327.78376071434468 ], [ 416344.69102831062628, 7621299.481742344796658 ], [ 416357.256894678866956, 7621271.123169338330626 ], [ 416370.71762111003045, 7621243.689625679515302 ], [ 416384.676517122774385, 7621217.570211753249168 ], [ 416399.289912251988426, 7621192.155911581590772 ], [ 416414.927869461476803, 7621166.874287590384483 ], [ 416431.614555633510463, 7621141.869695348665118 ] ] ] } },
{ "type": "Feature", "properties": { "fid": 288.0, "COMPR_M": 819.99, "CLASSE": "04 - Longa", "CD_FAZ": "403973", "TALHOES": "1", "FAZ_tAL": "403973001", "ID_LINHA": 241404 }, "geometry": { "type": "MultiLineString", "coordinates": [ [ [ 416334.299199630098883, 7621918.470738663338125 ], [ 416325.66596207942348, 7621894.967183207161725 ], [ 416316.545293114671949, 7621867.93990177102387 ], [ 416307.976605107018258, 7621839.718955934047699 ], [ 416300.152662306383718, 7621810.302598346956074 ], [ 416293.28300040459726, 7621779.759786285459995 ], [ 416287.562334555666894, 7621748.155352814123034 ], [ 416283.205474195012357, 7621715.685043772682548 ], [ 416280.415901112719439, 7621683.195406364277005 ], [ 416279.108166845806409, 7621651.51539490558207 ], [ 416279.067527018021792, 7621620.829904544167221 ], [ 416280.090054798056372, 7621590.978934242390096 ], [ 416282.102248226874508, 7621561.071943343617022 ], [ 416285.308752303419169, 7621530.286525350064039 ], [ 416289.85552778467536, 7621499.196523457765579 ], [ 416295.529935937316623, 7621469.017670697532594 ], [ 416302.021286696195602, 7621440.140648355707526 ], [ 416309.267691668414045, 7621412.021543202921748 ], [ 416317.349120554921683, 7621384.202681850641966 ], [ 416326.294646414578892, 7621356.585876062512398 ], [ 416336.24110437836498, 7621328.844688506796956 ], [ 416347.457257672038395, 7621300.644205803982913 ], [ 416359.975958929164335, 7621272.392074740491807 ], [ 416373.387981948093511, 7621245.057790748775005 ], [ 416387.300433070107829, 7621219.025282924994826 ], [ 416401.866613494814374, 7621193.693094320595264 ], [ 416417.451987822016235, 7621168.496480192989111 ], [ 416437.589978032978252, 7621138.703776872716844 ] ] ] } },
{ "type": "Feature", "properties": { "fid": 289.0, "COMPR_M": 821.71, "CLASSE": "04 - Longa", "CD_FAZ": "403973", "TALHOES": "1", "FAZ_tAL": "403973001", "ID_LINHA": 241405 }, "geometry": { "type": "MultiLineString", "coordinates": [ [ [ 416336.622552964137867, 7621916.095055213198066 ], [ 416328.495734545227606, 7621893.970200404524803 ], [ 416319.402518355229404, 7621867.024269783869386 ], [ 416310.862380787031725, 7621838.897354720160365 ], [ 416303.066796836850699, 7621809.587620370090008 ], [ 416296.223762257606722, 7621779.163194528780878 ], [ 416290.526572319795378, 7621747.688456261530519 ], [ 416286.188350784475915, 7621715.357056520879269 ], [ 416283.410601411073003, 7621683.005127624608576 ], [ 416282.108084874984343, 7621651.451516319997609 ], [ 416282.067595048225485, 7621620.879285080358386 ], [ 416283.08660465432331, 7621591.131021918728948 ], [ 416285.09179491433315, 7621561.328118288889527 ], [ 416288.286171138868667, 7621530.659138947725296 ], [ 416292.815129257272929, 7621499.690968841314316 ], [ 416298.468496413028333, 7621469.624020820483565 ], [ 416304.938013976614457, 7621440.844124287366867 ], [ 416312.1613575698575, 7621412.814507002942264 ], [ 416320.217244192841463, 7621385.083570288494229 ], [ 416329.134319177945144, 7621357.554598608054221 ], [ 416339.04771743027959, 7621329.905616303905845 ], [ 416350.223487034149002, 7621301.806669257581234 ], [ 416362.695023178937845, 7621273.660980143584311 ], [ 416376.058342783828266, 7621246.425955813378096 ], [ 416389.924349017557688, 7621220.480354098603129 ], [ 416404.443314737116452, 7621195.230277056805789 ], [ 416419.976106182090007, 7621170.118672792799771 ], [ 416436.660560511169024, 7621145.117424911819398 ], [ 416443.580777626892086, 7621135.529711198993027 ] ] ] } },
{ "type": "Feature", "properties": { "fid": 290.0, "COMPR_M": 823.43, "CLASSE": "04 - Longa", "CD_FAZ": "403973", "TALHOES": "1", "FAZ_tAL": "403973001", "ID_LINHA": 241406 }, "geometry": { "type": "MultiLineString", "coordinates": [ [ [ 416338.945906296547037, 7621913.719371762126684 ], [ 416331.325507010682486, 7621892.973217599093914 ], [ 416322.259743596136104, 7621866.108637794852257 ], [ 416313.748156466463115, 7621838.075753513723612 ], [ 416305.980931367725134, 7621808.872642396017909 ], [ 416299.164524110034108, 7621778.566602774895728 ], [ 416293.490810085553676, 7621747.22155970428139 ], [ 416289.171227375627495, 7621715.029069266282022 ], [ 416286.405301709077321, 7621682.814848880283535 ], [ 416285.108002905617468, 7621651.387637738138437 ], [ 416285.067663079011254, 7621620.928665613755584 ], [ 416286.083154511637986, 7621591.283109588548541 ], [ 416288.081341601849999, 7621561.584293235093355 ], [ 416291.263589973794296, 7621531.031752543523908 ], [ 416295.774730731383897, 7621500.185414221137762 ], [ 416301.407056889438536, 7621470.230370946228504 ], [ 416307.854741256916896, 7621441.547600220888853 ], [ 416315.055023472174071, 7621413.607470801100135 ], [ 416323.085367830120958, 7621385.964458724483848 ], [ 416331.973991941602435, 7621358.523321149870753 ], [ 416341.854330480564386, 7621330.966544099152088 ], [ 416352.989716395561118, 7621302.969132713973522 ], [ 416365.414087428769562, 7621274.929885546676815 ], [ 416378.728703621774912, 7621247.794120881706476 ], [ 416392.548264964600094, 7621221.935425272211432 ], [ 416407.020015978079755, 7621196.767459793016315 ], [ 416422.500224543153308, 7621171.740865395404398 ], [ 416439.125350393936969, 7621146.828519793227315 ], [ 416449.571577221853659, 7621132.355645524337888 ] ] ] } },
{ "type": "Feature", "properties": { "fid": 291.0, "COMPR_M": 825.15, "CLASSE": "04 - Longa", "CD_FAZ": "403973", "TALHOES": "1", "FAZ_tAL": "403973001", "ID_LINHA": 241407 }, "geometry": { "type": "MultiLineString", "coordinates": [ [ [ 416341.269259629945736, 7621911.343688312917948 ], [ 416334.155279476428404, 7621891.976234789006412 ], [ 416325.116968836751767, 7621865.193005807697773 ], [ 416316.633932146069128, 7621837.254152302630246 ], [ 416308.895065897784662, 7621808.157664420083165 ], [ 416302.105285964440554, 7621777.970011024735868 ], [ 416296.455047849623952, 7621746.754663148894906 ], [ 416292.154103965789545, 7621714.701082011684775 ], [ 416289.400002008071169, 7621682.62457013875246 ], [ 416288.107920936250594, 7621651.323759153485298 ], [ 416288.0677311096224, 7621620.978046149015427 ], [ 416289.079704368719831, 7621591.435197262093425 ], [ 416291.070888289425056, 7621561.840468177571893 ], [ 416294.241008808778133, 7621531.404366140253842 ], [ 416298.734332206484396, 7621500.679859601892531 ], [ 416304.345617364509962, 7621470.836721070110798 ], [ 416310.771468537102919, 7621442.251076150685549 ], [ 416317.948689372744411, 7621414.400434599258006 ], [ 416325.953491467516869, 7621386.845347160473466 ], [ 416334.813664702873211, 7621359.492043694481254 ], [ 416344.660943533875979, 7621332.027471892535686 ], [ 416355.755945757031441, 7621304.131596172228456 ], [ 416368.133151679299772, 7621276.19879094697535 ], [ 416381.39906445867382, 7621249.162285949103534 ], [ 416395.172180912457407, 7621223.390496447682381 ], [ 416409.596717220498249, 7621198.304642527364194 ], [ 416425.024342902353965, 7621173.363057995215058 ], [ 416441.590140275307931, 7621148.539614672772586 ], [ 416455.562376815418247, 7621129.181579851545393 ] ] ] } },
{ "type": "Feature", "properties": { "fid": 292.0, "COMPR_M": 826.87, "CLASSE": "04 - Longa", "CD_FAZ": "403973", "TALHOES": "1", "FAZ_tAL": "403973001", "ID_LINHA": 241408 }, "geometry": { "type": "MultiLineString", "coordinates": [ [ [ 416343.592612962354906, 7621908.968004863709211 ], [ 416336.985051942465361, 7621890.979251984506845 ], [ 416327.974194077774882, 7621864.277373822405934 ], [ 416319.519707826373633, 7621836.432551089674234 ], [ 416311.809200429590419, 7621807.442686445079744 ], [ 416305.04604781762464, 7621777.373419268988073 ], [ 416299.419285616488196, 7621746.2877665925771 ], [ 416295.136980557523202, 7621714.373094758950174 ], [ 416292.39470230601728, 7621682.434291398152709 ], [ 416291.107838966301642, 7621651.259880570694804 ], [ 416291.067799139418639, 7621621.027426683343947 ], [ 416292.076254225568846, 7621591.587284933775663 ], [ 416294.060434976359829, 7621562.096643123775721 ], [ 416297.218427643878385, 7621531.776979736983776 ], [ 416301.693933681002818, 7621501.17430498637259 ], [ 416307.284177840920165, 7621471.443071193993092 ], [ 416313.688195817056112, 7621442.954552083276212 ], [ 416320.842355274886359, 7621415.193398399278522 ], [ 416328.821615105494857, 7621387.726235598325729 ], [ 416337.653337467112578, 7621360.460766239091754 ], [ 416347.467556586139835, 7621333.088399685919285 ], [ 416358.52217511908384, 7621305.294059626758099 ], [ 416370.852215929306112, 7621277.467696349136531 ], [ 416384.069425295805559, 7621250.530451016500592 ], [ 416397.796096859150566, 7621224.845567620359361 ], [ 416412.173418462916743, 7621199.841825261712074 ], [ 416427.548461263242643, 7621174.985250597819686 ], [ 416444.054930156620685, 7621150.250709550455213 ], [ 416461.553176410088781, 7621126.007514176890254 ] ] ] } },
{ "type": "Feature", "properties": { "fid": 293.0, "COMPR_M": 828.86, "CLASSE": "04 - Longa", "CD_FAZ": "403973", "TALHOES": "1", "FAZ_tAL": "403973001", "ID_LINHA": 241409 }, "geometry": { "type": "MultiLineString", "coordinates": [ [ [ 416345.915966294414829, 7621906.592321414500475 ], [ 416330.83141931850696, 7621863.361741833388805 ], [ 416322.405483506212477, 7621835.610949879512191 ], [ 416314.723334959242493, 7621806.727708470076323 ], [ 416307.986809670866933, 7621776.776827515102923 ], [ 416302.383523380965926, 7621745.820870038121939 ], [ 416298.119857148325536, 7621714.04510750528425 ], [ 416295.389402602333575, 7621682.24401265848428 ], [ 416294.107756995770615, 7621651.196001986041665 ], [ 416294.067867171135731, 7621621.07680721860379 ], [ 416295.072804082825314, 7621591.739372606389225 ], [ 416297.049981662770733, 7621562.352818068116903 ], [ 416300.195846478338353, 7621532.14959333371371 ], [ 416304.653535155171994, 7621501.668750366196036 ], [ 416310.222738316748291, 7621472.049421320669353 ], [ 416316.604923097533174, 7621443.658028015866876 ], [ 416323.736021176620852, 7621415.986362198367715 ], [ 416331.689738742192276, 7621388.607124034315348 ], [ 416340.493010229663923, 7621361.429488781839609 ], [ 416350.274169637355953, 7621334.149327481165528 ], [ 416361.288404479855672, 7621306.456523085013032 ], [ 416373.571280178730376, 7621278.73660175036639 ], [ 416386.739786132529844, 7621251.898616086691618 ], [ 416400.420012806658633, 7621226.300638794898987 ], [ 416414.750119705393445, 7621201.379007996991277 ], [ 416430.072579623665661, 7621176.607443199492991 ], [ 416446.519720037817024, 7621151.961804432794452 ], [ 416467.885956895072013, 7621122.755547536537051 ] ] ] } },
{ "type": "Feature", "properties": { "fid": 294.0, "COMPR_M": 829.86, "CLASSE": "04 - Longa", "CD_FAZ": "403973", "TALHOES": "1", "FAZ_tAL": "403973001", "ID_LINHA": 241410 }, "geometry": { "type": "MultiLineString", "coordinates": [ [ [ 416348.239319628220983, 7621904.216637965291739 ], [ 416333.688644558307715, 7621862.446109844371676 ], [ 416325.291259186109528, 7621834.789348669350147 ], [ 416317.637469489942305, 7621806.012730492278934 ], [ 416310.927571523468941, 7621776.180235762149096 ], [ 416305.34776114509441, 7621745.353973483666778 ], [ 416301.102733740117401, 7621713.717120251618326 ], [ 416298.384102902258746, 7621682.053733915090561 ], [ 416297.107675026636571, 7621651.132123404182494 ], [ 416297.067935200640932, 7621621.12618775293231 ], [ 416298.069353938451968, 7621591.891460279002786 ], [ 416300.039528351218905, 7621562.608993013389409 ], [ 416303.173265314195305, 7621532.522206928580999 ], [ 416307.613136629574001, 7621502.16319574881345 ], [ 416313.161298793274909, 7621472.655771443620324 ], [ 416319.521650377777405, 7621444.361503947526217 ], [ 416326.629687079170253, 7621416.779325997456908 ], [ 416334.557862380228471, 7621389.488012472167611 ], [ 416343.332682991866022, 7621362.398211323656142 ], [ 416353.080782689678017, 7621335.210255272686481 ], [ 416364.054633842664771, 7621307.61898654140532 ], [ 416376.290344429551624, 7621280.005507153458893 ], [ 416389.410146970883943, 7621253.266781151294708 ], [ 416403.043928754981607, 7621227.75570996850729 ], [ 416417.326820947928354, 7621202.916190733201802 ], [ 416432.59669798304094, 7621178.229635797441006 ], [ 416448.984509919537231, 7621153.672899311408401 ], [ 416466.394801298563834, 7621129.551562273874879 ], [ 416473.612530687940307, 7621120.285937190055847 ] ] ] } },
{ "type": "Feature", "properties": { "fid": 295.0, "COMPR_M": 823.85, "CLASSE": "04 - Longa", "CD_FAZ": "403973", "TALHOES": "1", "FAZ_tAL": "403973001", "ID_LINHA": 241411 }, "geometry": { "type": "MultiLineString", "coordinates": [ [ [ 416350.562672960979398, 7621901.840954517945647 ], [ 416336.545869799098, 7621861.530477857217193 ], [ 416328.17703486548271, 7621833.967747457325459 ], [ 416320.551604020409286, 7621805.297752518206835 ], [ 416313.868333377526142, 7621775.583644007332623 ], [ 416308.311998911434785, 7621744.887076927348971 ], [ 416304.085610329522751, 7621713.389132998883724 ], [ 416301.378803199855611, 7621681.863455174490809 ], [ 416300.107593057618942, 7621651.068244817666709 ], [ 416300.068003232008778, 7621621.175568286329508 ], [ 416301.06590379588306, 7621592.043547952547669 ], [ 416303.02907503710594, 7621562.865167958661914 ], [ 416306.150684148131404, 7621532.894820526242256 ], [ 416310.572738104150631, 7621502.657641127705574 ], [ 416316.099859267880674, 7621473.26212156843394 ], [ 416322.438377657905221, 7621445.064979877322912 ], [ 416329.523352979973424, 7621417.572289796546102 ], [ 416337.425986017740797, 7621390.368900906294584 ], [ 416346.172355755639728, 7621363.366933869197965 ], [ 416355.88739574101055, 7621336.271183067932725 ], [ 416366.820863204076886, 7621308.781449997797608 ], [ 416379.009408679790795, 7621281.274412553757429 ], [ 416392.080507807433605, 7621254.634946221485734 ], [ 416405.667844701558352, 7621229.210781143978238 ], [ 416419.903522189182695, 7621204.453373469412327 ], [ 416435.120816344628111, 7621179.851828401908278 ], [ 416451.449299800558947, 7621155.38399419374764 ], [ 416475.035413546545897, 7621123.34110957197845 ] ] ] } },
{ "type": "Feature", "properties": { "fid": 296.0, "COMPR_M": 817.84, "CLASSE": "04 - Longa", "CD_FAZ": "403973", "TALHOES": "1", "FAZ_tAL": "403973001", "ID_LINHA": 241412 }, "geometry": { "type": "MultiLineString", "coordinates": [ [ [ 416352.88602629408706, 7621899.465271065011621 ], [ 416339.403095040936023, 7621860.614845870062709 ], [ 416331.062810545554385, 7621833.146146247163415 ], [ 416323.465738550759852, 7621804.582774544134736 ], [ 416316.809095229546074, 7621774.98705225251615 ], [ 416311.276236676669214, 7621744.42018037289381 ], [ 416307.068486921314616, 7621713.0611457452178 ], [ 416304.373503498442005, 7621681.673176433891058 ], [ 416303.107511088019237, 7621651.004366235807538 ], [ 416303.06807126197964, 7621621.224948821589351 ], [ 416304.062453652382828, 7621592.195635622367263 ], [ 416306.01862172561232, 7621563.121342904865742 ], [ 416309.128102982183918, 7621533.267434122040868 ], [ 416313.532339577621315, 7621503.152086511254311 ], [ 416319.038419743767008, 7621473.868471693247557 ], [ 416325.355104937800206, 7621445.768455808982253 ], [ 416332.417018881766126, 7621418.365253595635295 ], [ 416340.294109654496424, 7621391.249789343215525 ], [ 416349.01202851976268, 7621364.335656413808465 ], [ 416358.694008791993838, 7621337.332110861316323 ], [ 416369.587092564150225, 7621309.943913456983864 ], [ 416381.728472930786666, 7621282.543317954987288 ], [ 416394.750868643634021, 7621256.003111289814115 ], [ 416408.291760648251511, 7621230.665852317586541 ], [ 416422.480223430553451, 7621205.990556202828884 ], [ 416437.644934703828767, 7621181.474021002650261 ], [ 416453.914089682803024, 7621157.095089072361588 ], [ 416476.458296403870918, 7621126.396281961351633 ] ] ] } },
{ "type": "Feature", "properties": { "fid": 297.0, "COMPR_M": 811.83, "CLASSE": "04 - Longa", "CD_FAZ": "403973", "TALHOES": "1", "FAZ_tAL": "403973001", "ID_LINHA": 241413 }, "geometry": { "type": "MultiLineString", "coordinates": [ [ [ 416355.209379626903683, 7621897.089587616734207 ], [ 416342.260320281842723, 7621859.699213880114257 ], [ 416333.948586225160398, 7621832.324545034207404 ], [ 416326.379873081517871, 7621803.867796568199992 ], [ 416319.749857084301766, 7621774.390460499562323 ], [ 416314.240474442194682, 7621743.953283818438649 ], [ 416310.051363512058742, 7621712.733158492483199 ], [ 416307.368203795980662, 7621681.482897692359984 ], [ 416306.107429118419532, 7621650.940487653017044 ], [ 416306.068139293056447, 7621621.274329354986548 ], [ 416307.059003508649766, 7621592.347723295912147 ], [ 416309.008168412954547, 7621563.377517847344279 ], [ 416312.105521816934925, 7621533.640047719702125 ], [ 416316.491941051383037, 7621503.646531892940402 ], [ 416321.976980221050326, 7621474.474821818992496 ], [ 416328.27183221821906, 7621446.471931742504239 ], [ 416335.310684783034958, 7621419.158217394724488 ], [ 416343.162233293347526, 7621392.130677780136466 ], [ 416351.851701282139402, 7621365.304378954693675 ], [ 416361.500621845247224, 7621338.393038656562567 ], [ 416372.353321927599609, 7621311.106376910582185 ], [ 416384.447537181142252, 7621283.812223357148468 ], [ 416397.421229481464252, 7621257.371276358142495 ], [ 416410.915676595817786, 7621232.120923493057489 ], [ 416425.056924673903268, 7621207.527738938108087 ], [ 416440.169053065241314, 7621183.096213603392243 ], [ 416456.378879562951624, 7621158.806183952838182 ], [ 416477.881179260613862, 7621129.451454345136881 ] ] ] } },
{ "type": "Feature", "properties": { "fid": 298.0, "COMPR_M": 805.82, "CLASSE": "04 - Longa", "CD_FAZ": "403973", "TALHOES": "1", "FAZ_tAL": "403973001", "ID_LINHA": 241414 }, "geometry": { "type": "MultiLineString", "coordinates": [ [ [ 416357.532732960011344, 7621894.713904166594148 ], [ 416345.117545522458386, 7621858.783581892959774 ], [ 416336.834361904824618, 7621831.502943824976683 ], [ 416329.294007612101268, 7621803.152818592265248 ], [ 416322.69061893777689, 7621773.793868744745851 ], [ 416317.204712206614204, 7621743.486387262120843 ], [ 416313.034240103850607, 7621712.405171237885952 ], [ 416310.362904093926772, 7621681.292618952691555 ], [ 416309.107347148295958, 7621650.876609068363905 ], [ 416309.068207324016839, 7621621.323709889315069 ], [ 416310.055553365265951, 7621592.499810967594385 ], [ 416311.997715100354981, 7621563.633692792616785 ], [ 416315.082940652500838, 7621534.012661313638091 ], [ 416319.451542525319383, 7621504.140977272763848 ], [ 416324.915540696412791, 7621475.081171944737434 ], [ 416331.188559498405084, 7621447.175407675094903 ], [ 416338.204350684594829, 7621419.951181192882359 ], [ 416346.030356930219568, 7621393.011566217988729 ], [ 416354.69137404486537, 7621366.27310149744153 ], [ 416364.307234894949943, 7621339.453966453671455 ], [ 416375.119551287672948, 7621312.268840368837118 ], [ 416387.166601430973969, 7621285.081128759309649 ], [ 416400.091590318188537, 7621258.739441425539553 ], [ 416413.539592543558683, 7621233.575994666665792 ], [ 416427.633625915972516, 7621209.064921675249934 ], [ 416442.693171425547916, 7621184.718406205996871 ], [ 416458.843669443682302, 7621160.517278829589486 ], [ 416479.304062118753791, 7621132.506626728922129 ] ] ] } },
{ "type": "Feature", "properties": { "fid": 299.0, "COMPR_M": 799.81, "CLASSE": "04 - Longa", "CD_FAZ": "403973", "TALHOES": "1", "FAZ_tAL": "403973001", "ID_LINHA": 241415 }, "geometry": { "type": "MultiLineString", "coordinates": [ [ [ 416359.856086292827968, 7621892.338220719248056 ], [ 416347.974770763423294, 7621857.86794990580529 ], [ 416339.720137584663462, 7621830.681342614814639 ], [ 416332.208142141753342, 7621802.437840616330504 ], [ 416325.631380790029652, 7621773.197276990860701 ], [ 416320.168949971906841, 7621743.019490705803037 ], [ 416316.017116693314165, 7621712.077183986082673 ], [ 416313.357604392105713, 7621681.102340210229158 ], [ 416312.107265177532099, 7621650.812730486504734 ], [ 416312.068275354220532, 7621621.373090423643589 ], [ 416313.052103222347796, 7621592.651898641139269 ], [ 416314.987261787173338, 7621563.88986773788929 ], [ 416318.060359485389199, 7621534.385274913161993 ], [ 416322.411144000128843, 7621504.63542265444994 ], [ 416327.854101173114032, 7621475.687522068619728 ], [ 416334.105286777194124, 7621447.878883602097631 ], [ 416341.098016586969607, 7621420.744144993834198 ], [ 416348.898480568488594, 7621393.892454653047025 ], [ 416357.531046808580868, 7621367.241824043914676 ], [ 416367.113847948901821, 7621340.514894245192409 ], [ 416377.88578065042384, 7621313.431303825229406 ], [ 416389.885665680863895, 7621286.350034162402153 ], [ 416402.761951155145653, 7621260.107606491073966 ], [ 416416.163508489495143, 7621235.031065842136741 ], [ 416430.210327156761196, 7621210.602104410529137 ], [ 416445.217289785505272, 7621186.340598804876208 ], [ 416461.308459325577132, 7621162.228373711928725 ], [ 416480.726944975554943, 7621135.561799114570022 ] ] ] } },
{ "type": "Feature", "properties": { "fid": 300.0, "COMPR_M": 793.81, "CLASSE": "04 - Longa", "CD_FAZ": "403973", "TALHOES": "1", "FAZ_tAL": "403973001", "ID_LINHA": 241416 }, "geometry": { "type": "MultiLineString", "coordinates": [ [ [ 416362.179439625295345, 7621889.96253727003932 ], [ 416350.831996004795656, 7621856.952317918650806 ], [ 416342.605913263279945, 7621829.859741403721273 ], [ 416335.122276673209853, 7621801.722862642258406 ], [ 416328.572142644319683, 7621772.600685238838196 ], [ 416323.133187737490516, 7621742.552594151347876 ], [ 416318.999993285047822, 7621711.749196730554104 ], [ 416316.3523046906339, 7621680.912061469629407 ], [ 416315.107183208863717, 7621650.748851902782917 ], [ 416315.068343384249602, 7621621.422470959834754 ], [ 416316.048653078498319, 7621592.803986314684153 ], [ 416317.976808474690188, 7621564.146042684093118 ], [ 416321.037778321711812, 7621534.757888508960605 ], [ 416325.37074547453085, 7621505.129868036136031 ], [ 416330.792661649174988, 7621476.293872192502022 ], [ 416337.022014059068169, 7621448.582359537482262 ], [ 416343.991682488995139, 7621421.537108791992068 ], [ 416351.766604204720352, 7621394.773343091830611 ], [ 416360.370719571248628, 7621368.210546586662531 ], [ 416369.920460999943316, 7621341.575822040438652 ], [ 416380.652010011894163, 7621314.59376728348434 ], [ 416392.604729930870235, 7621287.618939561769366 ], [ 416405.432311992393807, 7621261.475771560333669 ], [ 416418.787424437585287, 7621236.486137015745044 ], [ 416432.787028400343843, 7621212.139287146739662 ], [ 416447.741408144996967, 7621187.962791407480836 ], [ 416463.773249208112247, 7621163.939468592405319 ], [ 416482.149827833054587, 7621138.616971499286592 ] ] ] } },
{ "type": "Feature", "properties": { "fid": 301.0, "COMPR_M": 787.8, "CLASSE": "04 - Longa", "CD_FAZ": "403973", "TALHOES": "1", "FAZ_tAL": "403973001", "ID_LINHA": 241417 }, "geometry": { "type": "MultiLineString", "coordinates": [ [ [ 416364.502792958111968, 7621887.586853817105293 ], [ 416353.689221245236695, 7621856.036685928702354 ], [ 416345.491688944632187, 7621829.038140193559229 ], [ 416338.036411203152966, 7621801.007884666323662 ], [ 416331.51290449796943, 7621772.004093484953046 ], [ 416326.097425502724946, 7621742.085697595030069 ], [ 416321.982869875850156, 7621711.421209478750825 ], [ 416319.347004988812841, 7621680.721782729029655 ], [ 416318.107101238914765, 7621650.684973319992423 ], [ 416318.068411415501032, 7621621.471851491369307 ], [ 416319.045202936395071, 7621592.956073987297714 ], [ 416320.966355161624961, 7621564.4022176284343 ], [ 416324.015197156113572, 7621535.130502103827894 ], [ 416328.330346948467195, 7621505.624313417822123 ], [ 416333.731222124653868, 7621476.900222320109606 ], [ 416339.938741339487024, 7621449.285835469141603 ], [ 416346.885348390555009, 7621422.330072591081262 ], [ 416354.63472784368787, 7621395.654231528751552 ], [ 416363.210392334207427, 7621369.179269129410386 ], [ 416372.727074052614626, 7621342.636749831959605 ], [ 416383.418239373946562, 7621315.756230739876628 ], [ 416395.323794180876575, 7621288.88784496486187 ], [ 416408.102672829234507, 7621262.843936627730727 ], [ 416421.411340385850053, 7621237.941208189353347 ], [ 416435.363729642529506, 7621213.676469882950187 ], [ 416450.265526506758761, 7621189.584984008222818 ], [ 416466.238039087911602, 7621165.650563474744558 ], [ 416483.572710689331871, 7621141.672143884934485 ] ] ] } },
{ "type": "Feature", "properties": { "fid": 302.0, "COMPR_M": 781.77, "CLASSE": "04 - Longa", "CD_FAZ": "403973", "TALHOES": "1", "FAZ_tAL": "403973001", "ID_LINHA": 241418 }, "geometry": { "type": "MultiLineString", "coordinates": [ [ [ 416366.826146291918121, 7621885.211170369759202 ], [ 416356.546446486667264, 7621855.121053943410516 ], [ 416348.377464623481501, 7621828.216538982465863 ], [ 416340.950545734842308, 7621800.292906690388918 ], [ 416334.4536663510371, 7621771.407501728273928 ], [ 416329.061663268133998, 7621741.618801042437553 ], [ 416324.965746465604752, 7621711.093222225084901 ], [ 416322.341705286700744, 7621680.531503988429904 ], [ 416321.10701926908223, 7621650.621094737201929 ], [ 416321.068479445937555, 7621621.521232027560472 ], [ 416322.041752792720217, 7621593.108161658979952 ], [ 416323.955901847977657, 7621564.658392572775483 ], [ 416326.992615990689956, 7621535.503115698695183 ], [ 416331.289948423334863, 7621506.118758801370859 ], [ 416336.669782599492464, 7621477.506572443991899 ], [ 416342.855468619032763, 7621449.989311400800943 ], [ 416349.779014292405918, 7621423.123036390170455 ], [ 416357.502851480036043, 7621396.535119963809848 ], [ 416366.050065097457264, 7621370.147991674020886 ], [ 416375.533687104238197, 7621343.697677628137171 ], [ 416386.184468735358678, 7621316.918694196268916 ], [ 416398.042858431697823, 7621290.156750366091728 ], [ 416410.773033666366246, 7621264.212101697921753 ], [ 416424.035256330971606, 7621239.39627936296165 ], [ 416437.940430884831585, 7621215.213652618229389 ], [ 416452.789644866774324, 7621191.207176609896123 ], [ 416468.702828970272094, 7621167.361658351495862 ], [ 416485.012945617374498, 7621144.764574124477804 ] ] ] } },
{ "type": "Feature", "properties": { "fid": 303.0, "COMPR_M": 775.73, "CLASSE": "04 - Longa", "CD_FAZ": "403973", "TALHOES": "1", "FAZ_tAL": "403973001", "ID_LINHA": 241419 }, "geometry": { "type": "MultiLineString", "coordinates": [ [ [ 416369.149499624734744, 7621882.83548691868782 ], [ 416359.403671727166511, 7621854.205421953462064 ], [ 416351.26324030442629, 7621827.394937771372497 ], [ 416343.864680265076458, 7621799.577928716316819 ], [ 416337.39442820486147, 7621770.810909975320101 ], [ 416332.025901033077389, 7621741.151904486119747 ], [ 416327.948623057687655, 7621710.765234972350299 ], [ 416325.336405584239401, 7621680.341225245036185 ], [ 416324.10693730058847, 7621650.557216154411435 ], [ 416324.068547476199456, 7621621.57061256095767 ], [ 416325.038302649511024, 7621593.260249332524836 ], [ 416326.945448536425829, 7621564.914567519910634 ], [ 416329.970034825848415, 7621535.875729297287762 ], [ 416334.249549897038378, 7621506.613204181194305 ], [ 416339.608343075669836, 7621478.112922568805516 ], [ 416345.772195899044164, 7621450.692787333391607 ], [ 416352.67268019443145, 7621423.916000187397003 ], [ 416360.370975118363276, 7621397.416008401662111 ], [ 416368.88973785971757, 7621371.116714215837419 ], [ 416378.340300154988654, 7621344.758605422452092 ], [ 416388.950698096188717, 7621318.081157652661204 ], [ 416400.761922681238502, 7621291.425655767321587 ], [ 416413.443394504371099, 7621265.580266764387488 ], [ 416426.659172279585619, 7621240.851350538432598 ], [ 416440.517132126551587, 7621216.750835350714624 ], [ 416455.313763227022719, 7621192.829369212500751 ], [ 416471.167618851119187, 7621169.072753233835101 ], [ 416486.463979548949283, 7621147.880191672593355 ] ] ] } },
{ "type": "Feature", "properties": { "fid": 304.0, "COMPR_M": 769.69, "CLASSE": "04 - Longa", "CD_FAZ": "403973", "TALHOES": "1", "FAZ_tAL": "403973001", "ID_LINHA": 241420 }, "geometry": { "type": "MultiLineString", "coordinates": [ [ [ 416371.472852957900614, 7621880.459803469479084 ], [ 416362.260896968713496, 7621853.28978996630758 ], [ 416354.149015984090511, 7621826.573336560279131 ], [ 416346.778814795659855, 7621798.86295074224472 ], [ 416340.335190058045555, 7621770.214318219572306 ], [ 416334.990138798370026, 7621740.685007929801941 ], [ 416330.931499648781028, 7621710.437247718684375 ], [ 416328.33110588270938, 7621680.150946505367756 ], [ 416327.106855329591781, 7621650.493337568826973 ], [ 416327.068615507741924, 7621621.619993094354868 ], [ 416328.034852506010793, 7621593.412337002344429 ], [ 416329.934995224233717, 7621565.170742464251816 ], [ 416332.947453659202438, 7621536.248342894017696 ], [ 416337.209151371091139, 7621507.107649559155107 ], [ 416342.546903553244192, 7621478.719272689893842 ], [ 416348.688923179579433, 7621451.39626326598227 ], [ 416355.566346094710752, 7621424.708963988348842 ], [ 416363.239098756108433, 7621398.296896835789084 ], [ 416371.729410623607691, 7621372.085436759516597 ], [ 416381.146913206088357, 7621345.819533217698336 ], [ 416391.71692745765904, 7621319.243621109053493 ], [ 416403.480986930895597, 7621292.69456117041409 ], [ 416416.113755340687931, 7621266.948431833647192 ], [ 416429.283088227035478, 7621242.306421713903546 ], [ 416443.093833366991021, 7621218.288018085062504 ], [ 416457.837881588144228, 7621194.451561813242733 ], [ 416473.632408732606564, 7621170.78384811244905 ], [ 416487.915013481106143, 7621150.995809221640229 ] ] ] } },
{ "type": "Feature", "properties": { "fid": 305.0, "COMPR_M": 763.65, "CLASSE": "04 - Longa", "CD_FAZ": "403973", "TALHOES": "1", "FAZ_tAL": "403973001", "ID_LINHA": 241421 }, "geometry": { "type": "MultiLineString", "coordinates": [ [ [ 416373.796206290659029, 7621878.08412002120167 ], [ 416365.118122208688874, 7621852.374157979153097 ], [ 416357.034791663347278, 7621825.751735349185765 ], [ 416349.692949326767121, 7621798.147972764447331 ], [ 416343.275951910007279, 7621769.617726467549801 ], [ 416337.954376561974641, 7621740.21811137534678 ], [ 416333.914376239525154, 7621710.109260464087129 ], [ 416331.325806180946529, 7621679.960667762905359 ], [ 416330.106773360690568, 7621650.429458986967802 ], [ 416330.068683537770994, 7621621.669373629614711 ], [ 416331.031402362976223, 7621593.564424674957991 ], [ 416332.924541910819244, 7621565.426917409524322 ], [ 416335.924872495234013, 7621536.620956487953663 ], [ 416340.168752845900599, 7621507.602094942703843 ], [ 416345.485464028897695, 7621479.325622815638781 ], [ 416351.605650459299795, 7621452.099739199504256 ], [ 416358.460011996561661, 7621425.501927783712745 ], [ 416366.107222393911798, 7621399.177785272710025 ], [ 416374.569083387148567, 7621373.054159302264452 ], [ 416383.953526258119382, 7621346.880461012013257 ], [ 416394.483156821050216, 7621320.406084568239748 ], [ 416406.200051182648167, 7621293.963466569781303 ], [ 416418.784116177936085, 7621268.31659690104425 ], [ 416431.907004173961468, 7621243.761492889374495 ], [ 416445.670534609467722, 7621219.825200824066997 ], [ 416460.361999948276207, 7621196.073754416778684 ], [ 416476.097198613977525, 7621172.494942992925644 ], [ 416489.366047413786873, 7621154.111426769755781 ] ] ] } },
{ "type": "Feature", "properties": { "fid": 306.0, "COMPR_M": 757.59, "CLASSE": "04 - Longa", "CD_FAZ": "403973", "TALHOES": "1", "FAZ_tAL": "403973001", "ID_LINHA": 241422 }, "geometry": { "type": "MultiLineString", "coordinates": [ [ [ 416376.148703882237896, 7621875.678635880351067 ], [ 416367.975347450352274, 7621851.45852599106729 ], [ 416359.920567343244329, 7621824.930134139023721 ], [ 416352.607083857001271, 7621797.432994790375233 ], [ 416346.21671376528684, 7621769.021134713664651 ], [ 416340.918614327732939, 7621739.751214820891619 ], [ 416336.897252830676734, 7621709.781273214146495 ], [ 416334.320506478718016, 7621679.770389024168253 ], [ 416333.106691389810294, 7621650.365580402314663 ], [ 416333.068751568323933, 7621621.718754163011909 ], [ 416334.027952220290899, 7621593.716512348502874 ], [ 416335.91408859816147, 7621565.683092353865504 ], [ 416338.902291328762658, 7621536.99357008561492 ], [ 416343.128354320360813, 7621508.096540325321257 ], [ 416348.424024503910914, 7621479.931972942315042 ], [ 416354.522377740126103, 7621452.803215127438307 ], [ 416361.353677899285685, 7621426.294891586527228 ], [ 416368.975346031074878, 7621400.058673709630966 ], [ 416377.408756149641704, 7621374.022881846874952 ], [ 416386.760139310499653, 7621347.941388804465532 ], [ 416397.249386182520539, 7621321.568548022769392 ], [ 416408.919115432421677, 7621295.232371974736452 ], [ 416421.454477014776785, 7621269.68476196937263 ], [ 416434.530920121818781, 7621245.216564059257507 ], [ 416448.247235851944424, 7621221.362383560277522 ], [ 416462.886118308582809, 7621197.695947016589344 ], [ 416478.561988495290279, 7621174.206037871539593 ], [ 416490.817081346991472, 7621157.227044319733977 ] ] ] } },
{ "type": "Feature", "properties": { "fid": 307.0, "COMPR_M": 751.53, "CLASSE": "04 - Longa", "CD_FAZ": "403973", "TALHOES": "1", "FAZ_tAL": "403973001", "ID_LINHA": 241423 }, "geometry": { "type": "MultiLineString", "coordinates": [ [ [ 416378.502658503362909, 7621873.271661892533302 ], [ 416370.832572690385859, 7621850.542894003912807 ], [ 416362.806343022733927, 7621824.108532927930355 ], [ 416355.521218387701083, 7621796.718016812577844 ], [ 416349.157475617947057, 7621768.424542957916856 ], [ 416343.882852093782276, 7621739.284318262711167 ], [ 416339.880129421420861, 7621709.453285957686603 ], [ 416337.315206776955165, 7621679.580110280774534 ], [ 416336.106609421083704, 7621650.301701817661524 ], [ 416336.068819598760456, 7621621.768134698271751 ], [ 416337.02450207673246, 7621593.868600022047758 ], [ 416338.903635286202189, 7621565.939267298206687 ], [ 416341.879710164328571, 7621537.366183683276176 ], [ 416346.087955792376306, 7621508.590985706076026 ], [ 416351.362584980262909, 7621480.538323068059981 ], [ 416357.439105020195711, 7621453.506691059097648 ], [ 416364.247343800961971, 7621427.087855383753777 ], [ 416371.843469668878242, 7621400.939562148414552 ], [ 416380.248428913066164, 7621374.991604392416775 ], [ 416389.566752362588886, 7621349.002316599711776 ], [ 416400.015615543350577, 7621322.731011480093002 ], [ 416411.638179682951886, 7621296.501277377828956 ], [ 416424.124837851850316, 7621271.052927036769688 ], [ 416437.154836069152225, 7621246.67163523286581 ], [ 416450.823937093897257, 7621222.899566292762756 ], [ 416465.410236668540165, 7621199.318139617331326 ], [ 416481.02677837642841, 7621175.917132753878832 ], [ 416492.268115279439371, 7621160.342661870643497 ] ] ] } },
{ "type": "Feature", "properties": { "fid": 308.0, "COMPR_M": 745.47, "CLASSE": "04 - Longa", "CD_FAZ": "403973", "TALHOES": "1", "FAZ_tAL": "403973001", "ID_LINHA": 241424 }, "geometry": { "type": "MultiLineString", "coordinates": [ [ [ 416380.856613124487922, 7621870.864687907509506 ], [ 416373.689797932107467, 7621849.627262016758323 ], [ 416365.692118702922016, 7621823.286931715905666 ], [ 416358.435352918168064, 7621796.003038839437068 ], [ 416352.098237471422181, 7621767.827951204963028 ], [ 416346.847089858085383, 7621738.817421709187329 ], [ 416342.863006012572441, 7621709.125298704020679 ], [ 416340.30990707478486, 7621679.389831537380815 ], [ 416339.106527450378053, 7621650.23782323487103 ], [ 416339.068887629080564, 7621621.817515235394239 ], [ 416340.021051933639683, 7621594.020687695592642 ], [ 416341.893181973020546, 7621566.195442243479192 ], [ 416344.8571290000109, 7621537.738797279074788 ], [ 416349.047557267942466, 7621509.085431089624763 ], [ 416354.301145456731319, 7621481.144673191010952 ], [ 416360.355832299333997, 7621454.210166992619634 ], [ 416367.141009702230804, 7621427.88081918284297 ], [ 416374.711593306157738, 7621401.820450581610203 ], [ 416383.088101675559301, 7621375.96032693516463 ], [ 416392.373365414387081, 7621350.063244393095374 ], [ 416402.781844905461185, 7621323.893474936485291 ], [ 416414.357243932958227, 7621297.770182775333524 ], [ 416426.795198689214885, 7621272.421092105098069 ], [ 416439.7787520159618, 7621248.126706410199404 ], [ 416453.400638337130658, 7621224.436749028973281 ], [ 416467.934355028672144, 7621200.940332219935954 ], [ 416483.491568258148618, 7621177.628227633424103 ], [ 416493.719149211130571, 7621163.458279418759048 ] ] ] } },
{ "type": "Feature", "properties": { "fid": 309.0, "COMPR_M": 739.41, "CLASSE": "04 - Longa", "CD_FAZ": "403973", "TALHOES": "1", "FAZ_tAL": "403973001", "ID_LINHA": 241425 }, "geometry": { "type": "MultiLineString", "coordinates": [ [ [ 416383.210567745671142, 7621868.457713919691741 ], [ 416376.547023172257468, 7621848.711630027741194 ], [ 416368.577894383226521, 7621822.465330507606268 ], [ 416361.349487449100707, 7621795.288060863502324 ], [ 416355.038999324955512, 7621767.231359452009201 ], [ 416349.81132762262132, 7621738.350525153800845 ], [ 416345.845882603374775, 7621708.797311451286077 ], [ 416343.304607372905593, 7621679.199552798643708 ], [ 416342.106445481767878, 7621650.173944652080536 ], [ 416342.068955659924541, 7621621.866895766928792 ], [ 416343.017601788917091, 7621594.17277536727488 ], [ 416344.882728660595603, 7621566.451617186889052 ], [ 416347.83454783441266, 7621538.1114108748734 ], [ 416352.00715874240268, 7621509.579876469448209 ], [ 416357.239705932501238, 7621481.751023314893246 ], [ 416363.272559580393136, 7621454.913642923347652 ], [ 416370.034675603033975, 7621428.673782982863486 ], [ 416377.579716944077518, 7621402.701339021325111 ], [ 416385.927774438983761, 7621376.929049478843808 ], [ 416395.179978467174806, 7621351.124172188341618 ], [ 416405.548074267571792, 7621325.055938391946256 ], [ 416417.076308183663059, 7621299.039088176563382 ], [ 416429.465559525531717, 7621273.789257171563804 ], [ 416442.402667963702697, 7621249.581777581945062 ], [ 416455.977339579199906, 7621225.973931765183806 ], [ 416470.458473389735445, 7621202.562524821609259 ], [ 416485.956358139868826, 7621179.339322512969375 ], [ 416495.170183144626208, 7621166.573896967805922 ] ] ] } },
{ "type": "Feature", "properties": { "fid": 310.0, "COMPR_M": 733.36, "CLASSE": "04 - Longa", "CD_FAZ": "403973", "TALHOES": "1", "FAZ_tAL": "403973001", "ID_LINHA": 241426 }, "geometry": { "type": "MultiLineString", "coordinates": [ [ [ 416385.56452236691257, 7621866.050739933736622 ], [ 416379.404248412814923, 7621847.795998039655387 ], [ 416371.463670062366873, 7621821.643729295581579 ], [ 416364.263621979218442, 7621794.573082888498902 ], [ 416357.979761176509783, 7621766.634767699986696 ], [ 416352.775565388787072, 7621737.883628599345684 ], [ 416348.828759193827864, 7621708.469324197620153 ], [ 416346.299307670036796, 7621679.009274058043957 ], [ 416345.106363512575626, 7621650.110066067427397 ], [ 416345.069023690652102, 7621621.91627630032599 ], [ 416346.014151647977997, 7621594.324863038957119 ], [ 416347.872275347588584, 7621566.707792134024203 ], [ 416350.811966668930836, 7621538.484024471603334 ], [ 416354.966760216455441, 7621510.074321848340333 ], [ 416360.178266408387572, 7621482.357373438775539 ], [ 416366.189286861917935, 7621455.61711885407567 ], [ 416372.928341504710261, 7621429.466746781952679 ], [ 416380.447840580076445, 7621403.582227455452085 ], [ 416388.767447202058975, 7621377.897772023454309 ], [ 416397.986591518274508, 7621352.185099983587861 ], [ 416408.314303629042115, 7621326.21840185020119 ], [ 416419.795372433145531, 7621300.307993581518531 ], [ 416432.135920362779871, 7621275.157422237098217 ], [ 416445.02658390958095, 7621251.036848755553365 ], [ 416458.55404082062887, 7621227.511114498600364 ], [ 416472.982591749751009, 7621204.184717421419919 ], [ 416488.421148019377142, 7621181.050417394377291 ], [ 416496.621217076783068, 7621169.689514515921474 ] ] ] } },
{ "type": "Feature", "properties": { "fid": 311.0, "COMPR_M": 727.3, "CLASSE": "04 - Longa", "CD_FAZ": "403973", "TALHOES": "1", "FAZ_tAL": "403973001", "ID_LINHA": 241427 }, "geometry": { "type": "MultiLineString", "coordinates": [ [ [ 416387.918476986931637, 7621863.643765946850181 ], [ 416382.261473653721623, 7621846.880366051569581 ], [ 416374.349445742322132, 7621820.82212808355689 ], [ 416367.177756510442123, 7621793.858104913495481 ], [ 416360.920523031498305, 7621766.038175944238901 ], [ 416355.739803154487163, 7621737.416732043027878 ], [ 416351.811635783989914, 7621708.141336943954229 ], [ 416349.294007969554514, 7621678.818995318375528 ], [ 416348.106281542801298, 7621650.046187484636903 ], [ 416348.069091721263248, 7621621.965656837448478 ], [ 416349.010701502789743, 7621594.476950712502003 ], [ 416350.861822034639772, 7621566.963967077434063 ], [ 416353.789385503507219, 7621538.856638069264591 ], [ 416357.926361690741032, 7621510.568767232820392 ], [ 416363.116826884273905, 7621482.963723564520478 ], [ 416369.106014140648767, 7621456.320594785735011 ], [ 416375.822007407317869, 7621430.25971058011055 ], [ 416383.315964219393209, 7621404.463115892373025 ], [ 416391.607119963446166, 7621378.866494566202164 ], [ 416400.793204569723457, 7621353.246027776971459 ], [ 416411.08053298923187, 7621327.380865305662155 ], [ 416422.514436683384702, 7621301.576898982748389 ], [ 416434.806281200260855, 7621276.525587309151888 ], [ 416447.650499856914394, 7621252.491919931024313 ], [ 416461.130742064036895, 7621229.048297235742211 ], [ 416475.506710109300911, 7621205.806910022161901 ], [ 416490.885937902145088, 7621182.761512273922563 ], [ 416498.072251008066814, 7621172.805132067762315 ] ] ] } },
{ "type": "Feature", "properties": { "fid": 312.0, "COMPR_M": 721.24, "CLASSE": "04 - Longa", "CD_FAZ": "403973", "TALHOES": "1", "FAZ_tAL": "403973001", "ID_LINHA": 241428 }, "geometry": { "type": "MultiLineString", "coordinates": [ [ [ 416390.272431607590988, 7621861.236791962757707 ], [ 416385.11869889497757, 7621845.96473406162113 ], [ 416377.235221422277391, 7621820.000526875257492 ], [ 416370.091891040792689, 7621793.14312693849206 ], [ 416363.861284883227199, 7621765.441584189422429 ], [ 416358.704040919838008, 7621736.949835487641394 ], [ 416354.794512375781778, 7621707.813349690288305 ], [ 416352.288708267384209, 7621678.628716574981809 ], [ 416351.106199573143385, 7621649.982308900915086 ], [ 416351.069159751117695, 7621622.01503736898303 ], [ 416352.007251361384988, 7621594.629038384184241 ], [ 416353.851368722389452, 7621567.220142023637891 ], [ 416356.766804337501526, 7621539.22925166413188 ], [ 416360.885963165259454, 7621511.063212612643838 ], [ 416366.055387360218447, 7621483.570073690265417 ], [ 416372.022741421184037, 7621457.024070718325675 ], [ 416378.715673308935948, 7621431.052674379199743 ], [ 416386.184087856730912, 7621405.344004331156611 ], [ 416394.446792727103457, 7621379.835217107087374 ], [ 416403.599817621579859, 7621354.306955572217703 ], [ 416413.846762351342477, 7621328.543328762985766 ], [ 416425.23350093368208, 7621302.845804383978248 ], [ 416437.476642037334386, 7621277.893752377480268 ], [ 416450.274415805761237, 7621253.946991106495261 ], [ 416463.707443305524066, 7621230.585479971021414 ], [ 416478.030828471120913, 7621207.429102623835206 ], [ 416499.523284941911697, 7621175.920749615877867 ] ] ] } },
{ "type": "Feature", "properties": { "fid": 313.0, "COMPR_M": 715.18, "CLASSE": "04 - Longa", "CD_FAZ": "403973", "TALHOES": "1", "FAZ_tAL": "403973001", "ID_LINHA": 241429 }, "geometry": { "type": "MultiLineString", "coordinates": [ [ [ 416392.626386229007039, 7621858.82981797400862 ], [ 416380.120997101126704, 7621819.178925665095448 ], [ 416373.006025570910424, 7621792.428148962557316 ], [ 416366.80204673827393, 7621764.844992435537279 ], [ 416361.668278684839606, 7621736.48293893225491 ], [ 416357.77738896664232, 7621707.485362438485026 ], [ 416355.28340856556315, 7621678.438437833450735 ], [ 416354.106117603485473, 7621649.918430319987237 ], [ 416354.069227782078087, 7621622.064417906105518 ], [ 416355.003801217768341, 7621594.781126054003835 ], [ 416356.840915409615263, 7621567.476316967979074 ], [ 416359.74422317231074, 7621539.601865261793137 ], [ 416363.845564639312215, 7621511.557657994329929 ], [ 416368.993947834940627, 7621484.176423813216388 ], [ 416374.939468701544683, 7621457.727546649053693 ], [ 416381.609339211310726, 7621431.845638179220259 ], [ 416389.05221149418503, 7621406.224892765283585 ], [ 416397.286465489771217, 7621380.803939653560519 ], [ 416406.4064306737273, 7621355.367883365601301 ], [ 416416.612991714151576, 7621329.705792221240699 ], [ 416427.952565184095874, 7621304.114709787070751 ], [ 416440.147002873418387, 7621279.261917443946004 ], [ 416452.89833175286185, 7621255.402062278240919 ], [ 416466.284144547826145, 7621232.122662708163261 ], [ 416480.554946829215623, 7621209.051295227371156 ], [ 416500.97431887302082, 7621179.036367164924741 ] ] ] } },
{ "type": "Feature", "properties": { "fid": 314.0, "COMPR_M": 709.12, "CLASSE": "04 - Longa", "CD_FAZ": "403973", "TALHOES": "1", "FAZ_tAL": "403973001", "ID_LINHA": 241430 }, "geometry": { "type": "MultiLineString", "coordinates": [ [ [ 416394.980340850481298, 7621856.422843989916146 ], [ 416383.006772780790925, 7621818.35732445307076 ], [ 416375.920160101552028, 7621791.713170988485217 ], [ 416369.742808590759523, 7621764.248400683514774 ], [ 416364.632516450015828, 7621736.016042377799749 ], [ 416360.7602655577939, 7621707.15737518388778 ], [ 416358.278108863392845, 7621678.248159091919661 ], [ 416357.106035632721614, 7621649.854551734402776 ], [ 416357.069295812980272, 7621622.113798437640071 ], [ 416358.000351073802449, 7621594.933213729411364 ], [ 416359.830462096317206, 7621567.732491914182901 ], [ 416362.721642007119954, 7621539.974478858523071 ], [ 416366.805166112375446, 7621512.052103376016021 ], [ 416371.932508312223945, 7621484.782773938961327 ], [ 416377.856195981730707, 7621458.431022580713034 ], [ 416384.503005112695973, 7621432.63860197737813 ], [ 416391.920335130998865, 7621407.105781203135848 ], [ 416400.126138252788223, 7621381.772662196308374 ], [ 416409.213043724943418, 7621356.4288111589849 ], [ 416419.379221074981615, 7621330.868255677632987 ], [ 416430.671629433869384, 7621305.383615186437964 ], [ 416442.817363711015787, 7621280.630082510411739 ], [ 416455.522247700078879, 7621256.857133452780545 ], [ 416468.860845789429732, 7621233.659845441579819 ], [ 416483.079065189580433, 7621210.673487827181816 ], [ 416502.425352807273157, 7621182.15198471210897 ] ] ] } },
{ "type": "Feature", "properties": { "fid": 315.0, "COMPR_M": 703.06, "CLASSE": "04 - Longa", "CD_FAZ": "403973", "TALHOES": "1", "FAZ_tAL": "403973001", "ID_LINHA": 241431 }, "geometry": { "type": "MultiLineString", "coordinates": [ [ [ 416397.334295470034704, 7621854.015870000235736 ], [ 416385.892548461153638, 7621817.535723241046071 ], [ 416378.834294631960802, 7621790.998193011619151 ], [ 416372.683570444700308, 7621763.651808928698301 ], [ 416367.596754216123372, 7621735.549145823344588 ], [ 416363.743142148654442, 7621706.829387933015823 ], [ 416361.272809161571786, 7621678.057880351319909 ], [ 416360.105953663936816, 7621649.790673151612282 ], [ 416360.069363843067549, 7621622.163178972899914 ], [ 416360.996900931058917, 7621595.085301401093602 ], [ 416362.820008783659432, 7621567.988666860386729 ], [ 416365.699060842045583, 7621540.34709245339036 ], [ 416369.764767587534152, 7621512.546548757702112 ], [ 416374.871068787004333, 7621485.389124063774943 ], [ 416380.772923261742108, 7621459.134498512372375 ], [ 416387.396671012975276, 7621433.431565777398646 ], [ 416394.788458768511191, 7621407.986669638194144 ], [ 416402.965811016678344, 7621382.741384739987552 ], [ 416412.019656777149066, 7621357.489738954231143 ], [ 416422.145450437208638, 7621332.030719134025276 ], [ 416433.390693684457801, 7621306.652520588599145 ], [ 416445.487724548205733, 7621281.998247577808797 ], [ 416458.146163647528738, 7621258.312204625457525 ], [ 416471.437547030451242, 7621235.197028176859021 ], [ 416485.603183551458642, 7621212.295680428855121 ], [ 416503.876386738731526, 7621185.267602263018489 ] ] ] } },
{ "type": "Feature", "properties": { "fid": 316.0, "COMPR_M": 697.0, "CLASSE": "04 - Longa", "CD_FAZ": "403973", "TALHOES": "1", "FAZ_tAL": "403973001", "ID_LINHA": 241432 }, "geometry": { "type": "MultiLineString", "coordinates": [ [ [ 416399.688250090344809, 7621851.608896013349295 ], [ 416388.778324141690973, 7621816.71412203181535 ], [ 416381.748429162893444, 7621790.283215036615729 ], [ 416375.62433229672024, 7621763.055217173881829 ], [ 416370.560991980542894, 7621735.082249267026782 ], [ 416366.726018738583662, 7621706.501400677487254 ], [ 416364.267509459401481, 7621677.867601608857512 ], [ 416363.105871694628149, 7621649.726794568821788 ], [ 416363.069431873038411, 7621622.212559506297112 ], [ 416363.993450788024347, 7621595.237389072775841 ], [ 416365.80955547047779, 7621568.244841804727912 ], [ 416368.676479677087627, 7621540.719706051051617 ], [ 416372.724369061703328, 7621513.040994141250849 ], [ 416377.809629264520481, 7621485.995474186725914 ], [ 416383.689650541637093, 7621459.837974447757006 ], [ 416390.290336916106753, 7621434.224529576487839 ], [ 416397.656582406722009, 7621408.867558073252439 ], [ 416405.805483780335635, 7621383.710107281804085 ], [ 416414.826269829005469, 7621358.550666749477386 ], [ 416424.911679797340184, 7621333.193182591348886 ], [ 416436.109757935162634, 7621307.921425992622972 ], [ 416448.158085385744926, 7621283.366412647068501 ], [ 416460.77007959439652, 7621259.767275802791119 ], [ 416474.014248274150304, 7621236.734210913069546 ], [ 416488.127301911590621, 7621213.917873028665781 ], [ 416505.327420671412256, 7621188.383219810202718 ] ] ] } },
{ "type": "Feature", "properties": { "fid": 317.0, "COMPR_M": 690.94, "CLASSE": "04 - Longa", "CD_FAZ": "403973", "TALHOES": "1", "FAZ_tAL": "403973001", "ID_LINHA": 241433 }, "geometry": { "type": "MultiLineString", "coordinates": [ [ [ 416402.042204713216051, 7621849.201922028325498 ], [ 416391.664099821005948, 7621815.892520820721984 ], [ 416384.662563693593256, 7621789.56823705881834 ], [ 416378.565094151417725, 7621762.458625420928001 ], [ 416373.525229746534023, 7621734.615352712571621 ], [ 416369.708895330084488, 7621706.173413425683975 ], [ 416367.262209757580422, 7621677.677322869189084 ], [ 416366.105789724737406, 7621649.662915985099971 ], [ 416366.069499904871918, 7621622.261940044350922 ], [ 416366.990000644116662, 7621595.389476745389402 ], [ 416368.799102158052847, 7621568.501016750000417 ], [ 416371.653898511605803, 7621541.092319645918906 ], [ 416375.683970536105335, 7621513.535439521074295 ], [ 416380.748189739999361, 7621486.601824313402176 ], [ 416386.606377822696231, 7621460.541450377553701 ], [ 416393.1840028182487, 7621435.01749337464571 ], [ 416400.524706043652259, 7621409.74844651017338 ], [ 416408.645156542188488, 7621384.67882982827723 ], [ 416417.63288288062904, 7621359.611594542860985 ], [ 416427.677909160847776, 7621334.355646047741175 ], [ 416438.828822183189914, 7621309.190331391990185 ], [ 416450.828446222119965, 7621284.734577715396881 ], [ 416463.393995542195626, 7621261.222346976399422 ], [ 416476.590949515928514, 7621238.271393646486104 ], [ 416490.651420271955431, 7621215.540065631270409 ], [ 416506.778454604616854, 7621191.498837360180914 ] ] ] } },
{ "type": "Feature", "properties": { "fid": 318.0, "COMPR_M": 684.88, "CLASSE": "04 - Longa", "CD_FAZ": "403973", "TALHOES": "1", "FAZ_tAL": "403973001", "ID_LINHA": 241434 }, "geometry": { "type": "MultiLineString", "coordinates": [ [ [ 416404.396159333642572, 7621846.794948043301702 ], [ 416394.549875500495546, 7621815.070919608697295 ], [ 416387.576698222721461, 7621788.853259087540209 ], [ 416381.505856003495865, 7621761.862033667974174 ], [ 416376.48946751083713, 7621734.14845615439117 ], [ 416372.691771921294276, 7621705.845426172018051 ], [ 416370.25691005482804, 7621677.48704412765801 ], [ 416369.105707754963078, 7621649.599037401378155 ], [ 416369.069567935308442, 7621622.311320576816797 ], [ 416369.986550501955207, 7621595.541564418002963 ], [ 416371.788648845744319, 7621568.7571916943416 ], [ 416374.631317346182186, 7621541.46493324264884 ], [ 416378.643572008761112, 7621514.029884902760386 ], [ 416383.686750216293149, 7621487.20817443728447 ], [ 416389.523105102940463, 7621461.244926309213042 ], [ 416396.077668719924986, 7621435.810457171872258 ], [ 416403.392829681979492, 7621410.629334948956966 ], [ 416411.484829306427855, 7621385.64755236916244 ], [ 416420.43949593254365, 7621360.672522336244583 ], [ 416430.444138522376306, 7621335.518109504133463 ], [ 416441.54788643529173, 7621310.459236795082688 ], [ 416453.498807059484534, 7621286.102742781862617 ], [ 416466.017911488190293, 7621262.67741814814508 ], [ 416479.167650758463424, 7621239.808576384559274 ], [ 416493.175538632553071, 7621217.162258233875036 ], [ 416508.229488536366262, 7621194.614454910159111 ] ] ] } },
{ "type": "Feature", "properties": { "fid": 319.0, "COMPR_M": 678.79, "CLASSE": "04 - Longa", "CD_FAZ": "403973", "TALHOES": "1", "FAZ_tAL": "403973001", "ID_LINHA": 241435 }, "geometry": { "type": "MultiLineString", "coordinates": [ [ [ 416406.750113954069093, 7621844.387974054552615 ], [ 416397.435651180741843, 7621814.249318398535252 ], [ 416390.49083275499288, 7621788.138281112536788 ], [ 416384.446617857727688, 7621761.265441913157701 ], [ 416379.453705276013352, 7621733.681559599936008 ], [ 416375.674648512213025, 7621705.517438916489482 ], [ 416373.251610353647266, 7621677.296765387058258 ], [ 416372.105625785246957, 7621649.535158818587661 ], [ 416372.069635964289773, 7621622.360701110213995 ], [ 416372.983100357581861, 7621595.693652088753879 ], [ 416374.778195532155223, 7621569.013366639614105 ], [ 416377.608736180816777, 7621541.837546838447452 ], [ 416381.603173483570572, 7621514.524330283515155 ], [ 416386.625310691946652, 7621487.814524559304118 ], [ 416392.439832383650355, 7621461.948402242735028 ], [ 416398.971334621834103, 7621436.603420972824097 ], [ 416406.260953319608234, 7621411.510223384015262 ], [ 416414.324502068920992, 7621386.616274913772941 ], [ 416423.246108984109014, 7621361.733450129628181 ], [ 416433.210367883904837, 7621336.680572961457074 ], [ 416444.266950684948824, 7621311.728142198175192 ], [ 416456.169167895801365, 7621287.470907852984965 ], [ 416468.641827436920721, 7621264.132489325478673 ], [ 416481.744351999717765, 7621241.345759117975831 ], [ 416495.699656992801465, 7621218.784450832754374 ], [ 416509.709157295990735, 7621197.791556319221854 ] ] ] } },
{ "type": "Feature", "properties": { "fid": 320.0, "COMPR_M": 672.69, "CLASSE": "04 - Longa", "CD_FAZ": "403973", "TALHOES": "1", "FAZ_tAL": "403973001", "ID_LINHA": 241436 }, "geometry": { "type": "MultiLineString", "coordinates": [ [ [ 416409.104068575776182, 7621841.981000067666173 ], [ 416400.321426859765779, 7621813.427717188373208 ], [ 416393.404967284470331, 7621787.423303134739399 ], [ 416387.387379711261019, 7621760.668850159272552 ], [ 416382.417943041480612, 7621733.214663047343493 ], [ 416378.657525102840737, 7621705.189451662823558 ], [ 416376.246310651535168, 7621677.106486646458507 ], [ 416375.105543815647252, 7621649.471280234865844 ], [ 416375.069703996414319, 7621622.41008164640516 ], [ 416375.979650215012953, 7621595.845739764161408 ], [ 416377.767742220661603, 7621569.269541583955288 ], [ 416380.586155014927499, 7621542.210160434246063 ], [ 416384.562774959369563, 7621515.018775666132569 ], [ 416389.563871168298647, 7621488.420874688774347 ], [ 416395.356559662264772, 7621462.651878172531724 ], [ 416401.86500052199699, 7621437.39638477191329 ], [ 416409.129076956713106, 7621412.391111820936203 ], [ 416417.164174833160359, 7621387.584997457452118 ], [ 416426.052722036081832, 7621362.794377927668393 ], [ 416435.976597245491575, 7621337.843036416918039 ], [ 416446.986014934605919, 7621312.997047601267695 ], [ 416458.839528733049519, 7621288.839072918519378 ], [ 416471.265743383904919, 7621265.587560497224331 ], [ 416484.321053242310882, 7621242.882941856980324 ], [ 416498.223775352584198, 7621220.406643437221646 ], [ 416511.191616629250348, 7621200.97464956715703 ] ] ] } },
{ "type": "Feature", "properties": { "fid": 321.0, "COMPR_M": 666.59, "CLASSE": "04 - Longa", "CD_FAZ": "403973", "TALHOES": "1", "FAZ_tAL": "403973001", "ID_LINHA": 241437 }, "geometry": { "type": "MultiLineString", "coordinates": [ [ [ 416411.458023196959402, 7621839.574026083573699 ], [ 416403.207202539662831, 7621812.606115977279842 ], [ 416396.319101815694012, 7621786.708325157873333 ], [ 416390.328141564328689, 7621760.072258404456079 ], [ 416385.382180806598626, 7621732.747766489163041 ], [ 416381.640401693759486, 7621704.861464410088956 ], [ 416379.241010948433541, 7621676.91620790399611 ], [ 416378.105461846804246, 7621649.40740165207535 ], [ 416378.069772027782165, 7621622.459462178871036 ], [ 416378.976200071454514, 7621595.997827435843647 ], [ 416380.757288907887414, 7621569.525716528296471 ], [ 416383.563573849736713, 7621542.582774033769965 ], [ 416387.522376432723831, 7621515.513221047818661 ], [ 416392.502431644010358, 7621489.027224812656641 ], [ 416398.27328694332391, 7621463.355354105122387 ], [ 416404.758666424429975, 7621438.189348572865129 ], [ 416411.997200594458263, 7621413.272000258788466 ], [ 416420.003847595653497, 7621388.553720001131296 ], [ 416428.859335088403895, 7621363.855305721983314 ], [ 416438.742826607078314, 7621339.005499876104295 ], [ 416449.705079186300281, 7621314.265953001566231 ], [ 416461.509889570530504, 7621290.207237987779081 ], [ 416473.889659330423456, 7621267.042631671763957 ], [ 416486.897754484321922, 7621244.420124590396881 ], [ 416500.747893712657969, 7621222.028836037963629 ], [ 416512.674075962102506, 7621204.157742814160883 ] ] ] } },
{ "type": "Feature", "properties": { "fid": 322.0, "COMPR_M": 660.5, "CLASSE": "04 - Longa", "CD_FAZ": "403973", "TALHOES": "1", "FAZ_tAL": "403973001", "ID_LINHA": 241438 }, "geometry": { "type": "MultiLineString", "coordinates": [ [ [ 416413.811977817560546, 7621837.167052095755935 ], [ 416406.092978220258374, 7621811.784514766186476 ], [ 416399.23323634674307, 7621785.993347183801234 ], [ 416393.268903418094851, 7621759.475666651502252 ], [ 416388.346418571250979, 7621732.28086993470788 ], [ 416384.623278284445405, 7621704.533477157354355 ], [ 416382.235711248300504, 7621676.725929163396358 ], [ 416381.105379876040388, 7621649.343523068353534 ], [ 416381.069840057753026, 7621622.508842713199556 ], [ 416381.972749928361736, 7621596.149915108457208 ], [ 416383.746835595928133, 7621569.781891474500299 ], [ 416386.540992685302626, 7621542.955387627705932 ], [ 416390.481977906310931, 7621516.007666427642107 ], [ 416395.440992119838484, 7621489.63357493467629 ], [ 416401.19001422286965, 7621464.058830035850406 ], [ 416407.652332326455507, 7621438.982312370091677 ], [ 416414.865324231679551, 7621414.152888694778085 ], [ 416422.843520358437672, 7621389.522442545741796 ], [ 416431.665948140434921, 7621364.916233514435589 ], [ 416441.509055969247129, 7621340.167963331565261 ], [ 416452.424143435491715, 7621315.534858403727412 ], [ 416464.180250406265259, 7621291.575403055176139 ], [ 416476.513575278338976, 7621268.497702847234905 ], [ 416489.474455725692678, 7621245.957307326607406 ], [ 416503.272012072906364, 7621223.651028638705611 ], [ 416514.15653529507108, 7621207.340836063958704 ] ] ] } },
{ "type": "Feature", "properties": { "fid": 323.0, "COMPR_M": 654.38, "CLASSE": "04 - Longa", "CD_FAZ": "403973", "TALHOES": "1", "FAZ_tAL": "403973001", "ID_LINHA": 241439 }, "geometry": { "type": "MultiLineString", "coordinates": [ [ [ 416416.195175957225729, 7621834.730175923556089 ], [ 416408.978753899689764, 7621810.962913556024432 ], [ 416402.147370876919013, 7621785.278369208797812 ], [ 416396.209665271861013, 7621758.879074899479747 ], [ 416391.310656335554086, 7621731.813973380252719 ], [ 416387.606154874665663, 7621704.205489903688431 ], [ 416385.230411545839161, 7621676.535650422796607 ], [ 416384.105297906731721, 7621649.27964448556304 ], [ 416384.069908088247757, 7621622.558223247528076 ], [ 416384.969299785094336, 7621596.302002780139446 ], [ 416386.736382281407714, 7621570.038066418841481 ], [ 416389.518411520402879, 7621543.328001224435866 ], [ 416393.441579380829353, 7621516.502111807465553 ], [ 416398.379552596365102, 7621490.239925059489906 ], [ 416404.106741503695957, 7621464.762305967509747 ], [ 416410.545998229295947, 7621439.77527616918087 ], [ 416417.733447869541124, 7621415.033777132630348 ], [ 416425.683193122269586, 7621390.491165088489652 ], [ 416434.472561190777924, 7621365.97716130875051 ], [ 416444.275285330193583, 7621341.330426788888872 ], [ 416455.143207686080132, 7621316.803763804957271 ], [ 416466.850611243688036, 7621292.943568120710552 ], [ 416479.137491225905251, 7621269.95277402177453 ], [ 416492.051156968460418, 7621247.494490063749254 ], [ 416505.796130434144288, 7621225.273221240378916 ], [ 416515.638994626933709, 7621210.523929314687848 ] ] ] } },
{ "type": "Feature", "properties": { "fid": 324.0, "COMPR_M": 648.26, "CLASSE": "04 - Longa", "CD_FAZ": "403973", "TALHOES": "1", "FAZ_tAL": "403973001", "ID_LINHA": 241440 }, "geometry": { "type": "MultiLineString", "coordinates": [ [ [ 416418.587633208953775, 7621832.283832089975476 ], [ 416411.864529579877853, 7621810.141312343068421 ], [ 416405.061505407618824, 7621784.563391232863069 ], [ 416399.150427124463022, 7621758.282483143731952 ], [ 416394.274894101428799, 7621731.347076822072268 ], [ 416390.58903146738885, 7621703.877502650953829 ], [ 416388.225111843785271, 7621676.345371678471565 ], [ 416387.105215936840978, 7621649.215765900909901 ], [ 416387.069976118626073, 7621622.607603782787919 ], [ 416387.965849642176181, 7621596.454090451821685 ], [ 416389.725928969564848, 7621570.294241365045309 ], [ 416392.495830354862846, 7621543.700614820234478 ], [ 416396.401180853601545, 7621516.99655719101429 ], [ 416401.318113071611151, 7621490.8462751833722 ], [ 416407.023468784289435, 7621465.465781899169087 ], [ 416413.439664130506571, 7621440.568239968270063 ], [ 416420.601571507402696, 7621415.914665568619967 ], [ 416428.522865884413477, 7621391.459887633100152 ], [ 416437.279174244147725, 7621367.038089103996754 ], [ 416447.041514692362398, 7621342.492890246212482 ], [ 416457.862271935446188, 7621318.072669206187129 ], [ 416469.520972081285436, 7621294.3117331918329 ], [ 416481.761407172889449, 7621271.407845195382833 ], [ 416494.627858210646082, 7621249.031672798097134 ], [ 416508.320248794916552, 7621226.895413841120899 ], [ 416517.121453960891813, 7621213.707022560760379 ] ] ] } },
{ "type": "Feature", "properties": { "fid": 325.0, "COMPR_M": 642.14, "CLASSE": "04 - Longa", "CD_FAZ": "403973", "TALHOES": "1", "FAZ_tAL": "403973001", "ID_LINHA": 241441 }, "geometry": { "type": "MultiLineString", "coordinates": [ [ [ 416420.980090462137014, 7621829.837488258257508 ], [ 416414.750305259600282, 7621809.3197111338377 ], [ 416407.975639938027598, 7621783.84841325879097 ], [ 416402.091188978403807, 7621757.685891388915479 ], [ 416397.239131866896059, 7621730.880180269479752 ], [ 416393.571908057027031, 7621703.549515396356583 ], [ 416391.21981214202242, 7621676.155092941597104 ], [ 416390.105133965727873, 7621649.151887316256762 ], [ 416390.070044148887973, 7621622.656984318047762 ], [ 416390.962399498501327, 7621596.606178125366569 ], [ 416392.715475656557828, 7621570.550416311249137 ], [ 416395.473249190079514, 7621544.073228418827057 ], [ 416399.360782329225913, 7621517.491002572700381 ], [ 416404.256673546275124, 7621491.452625310048461 ], [ 416409.940196064068004, 7621466.169257831759751 ], [ 416416.333330031950027, 7621441.361203768290579 ], [ 416423.469695144682191, 7621416.795554003678262 ], [ 416431.362538647488691, 7621392.428610175848007 ], [ 416440.08578729518922, 7621368.099016899242997 ], [ 416449.807744054007344, 7621343.655353703536093 ], [ 416460.581336186209228, 7621319.341574607416987 ], [ 416472.191332919173874, 7621295.67989825643599 ], [ 416484.385323118767701, 7621272.862916367128491 ], [ 416497.204559452831745, 7621250.568855532445014 ], [ 416510.844367154641077, 7621228.517606442794204 ], [ 416518.603913293743972, 7621216.89011580683291 ] ] ] } },
{ "type": "Feature", "properties": { "fid": 327.0, "COMPR_M": 636.01, "CLASSE": "04 - Longa", "CD_FAZ": "403973", "TALHOES": "1", "FAZ_tAL": "403973001", "ID_LINHA": 241443 }, "geometry": { "type": "MultiLineString", "coordinates": [ [ [ 416423.372547713981476, 7621827.391144423745573 ], [ 416417.636080939439125, 7621808.498109923675656 ], [ 416410.889774469018448, 7621783.133435284718871 ], [ 416405.031950831762515, 7621757.089299634099007 ], [ 416400.203369632014073, 7621730.413283713161945 ], [ 416396.554784648411442, 7621703.221528144553304 ], [ 416394.214512440608814, 7621675.964814199134707 ], [ 416393.105051997350529, 7621649.088008732534945 ], [ 416393.070112179673743, 7621622.706364852376282 ], [ 416393.958949354477227, 7621596.758265798911452 ], [ 416395.705022344249301, 7621570.80659125559032 ], [ 416398.450668023433536, 7621544.445842014625669 ], [ 416402.320383803162258, 7621517.985447952523828 ], [ 416407.195234022336081, 7621492.058975434862077 ], [ 416412.856923344370443, 7621466.872733764350414 ], [ 416419.226995933568105, 7621442.15416756644845 ], [ 416426.337818781437818, 7621417.676442438736558 ], [ 416434.202211410913151, 7621393.397332718595862 ], [ 416442.892400345939677, 7621369.159944692626595 ], [ 416452.573973415594082, 7621344.817817158997059 ], [ 416463.300400436390191, 7621320.610480008646846 ], [ 416474.861693755956367, 7621297.048063326627016 ], [ 416487.009239066101145, 7621274.317987545393407 ], [ 416499.78126069449354, 7621252.106038268655539 ], [ 416520.086372625490185, 7621220.073209054768085 ] ] ] } },
{ "type": "Feature", "properties": { "fid": 328.0, "COMPR_M": 381.14, "CLASSE": "03 - Média", "CD_FAZ": "403973", "TALHOES": "1", "FAZ_tAL": "403973001", "ID_LINHA": 241444 }, "geometry": { "type": "MultiLineString", "coordinates": [ [ [ 416524.189809059782419, 7621724.820680350996554 ], [ 416521.737118005519733, 7621711.270524945110083 ], [ 416518.852724875556305, 7621689.774050753563643 ], [ 416516.997224660473876, 7621668.163385807536542 ], [ 416516.101691241143271, 7621646.468986815772951 ], [ 416516.072901433799416, 7621624.730966758914292 ], [ 416516.817493480921257, 7621602.993860369548202 ], [ 416518.276436522777658, 7621581.309764001518488 ], [ 416520.524840248865075, 7621559.722999466583133 ], [ 416523.6640442450298, 7621538.25770859234035 ], [ 416527.676213536644354, 7621516.919330546632409 ], [ 416532.442741832637694, 7621495.71524696610868 ], [ 416537.867297903227154, 7621474.665683328174055 ], [ 416543.930887923575938, 7621453.79286833666265 ], [ 416550.628794695308898, 7621433.114957007579505 ], [ 416557.963535470946226, 7621412.657984260469675 ], [ 416565.98937724379357, 7621392.478818887844682 ], [ 416574.782034695381299, 7621372.635601482354105 ], [ 416583.475008352950681, 7621354.918944540433586 ] ] ] } },
{ "type": "Feature", "properties": { "fid": 329.0, "COMPR_M": 374.73, "CLASSE": "03 - Média", "CD_FAZ": "403973", "TALHOES": "1", "FAZ_tAL": "403973001", "ID_LINHA": 241445 }, "geometry": { "type": "MultiLineString", "coordinates": [ [ [ 416526.764008960919455, 7621722.198977690190077 ], [ 416524.701355769473594, 7621710.803628394380212 ], [ 416521.83560146659147, 7621689.446063499897718 ], [ 416519.991924957779702, 7621667.973107067868114 ], [ 416519.101609271834604, 7621646.405108231119812 ], [ 416519.072969464003108, 7621624.780347293242812 ], [ 416519.814043339632917, 7621603.14594804123044 ], [ 416521.265983209945261, 7621581.565938945859671 ], [ 416523.502259082510136, 7621560.095613062381744 ], [ 416526.623645719373599, 7621538.752153974957764 ], [ 416530.614774013753049, 7621517.525680673308671 ], [ 416535.35946911299834, 7621496.418722897768021 ], [ 416540.760963806009386, 7621475.458647129125893 ], [ 416546.799011560156941, 7621454.673756775446236 ], [ 416553.468467457860243, 7621434.083679551258683 ], [ 416560.770148520998191, 7621413.718912051990628 ], [ 416568.755606606195215, 7621393.64128234423697 ], [ 416577.501098945504054, 7621373.90450688265264 ], [ 416585.120846093574073, 7621358.375132067129016 ] ] ] } },
{ "type": "Feature", "properties": { "fid": 330.0, "COMPR_M": 368.33, "CLASSE": "03 - Média", "CD_FAZ": "403973", "TALHOES": "1", "FAZ_tAL": "403973001", "ID_LINHA": 241446 }, "geometry": { "type": "MultiLineString", "coordinates": [ [ [ 416529.338208864734042, 7621719.577275032177567 ], [ 416524.818478056695312, 7621689.118076247163117 ], [ 416522.986625256075058, 7621667.782828325405717 ], [ 416522.101527301885653, 7621646.34122964926064 ], [ 416522.073037494788878, 7621624.829727828502655 ], [ 416522.810593195492402, 7621603.298035712912679 ], [ 416524.255529896588996, 7621581.822113890200853 ], [ 416526.479677916271612, 7621560.468226659111679 ], [ 416529.583247193368152, 7621539.24659935478121 ], [ 416533.55333448969759, 7621518.132030794396996 ], [ 416538.276196393999271, 7621497.122198831290007 ], [ 416543.654629708384164, 7621476.251610927283764 ], [ 416549.667135198076721, 7621455.554645212367177 ], [ 416556.30814022209961, 7621435.052402094006538 ], [ 416563.57676157267997, 7621414.779839848168194 ], [ 416571.521835967898369, 7621394.803745801560581 ], [ 416580.220163194404449, 7621375.173412286676466 ], [ 416586.766683833673596, 7621361.831319594755769 ] ] ] } },
{ "type": "Feature", "properties": { "fid": 331.0, "COMPR_M": 361.92, "CLASSE": "03 - Média", "CD_FAZ": "403973", "TALHOES": "1", "FAZ_tAL": "403973001", "ID_LINHA": 241447 }, "geometry": { "type": "MultiLineString", "coordinates": [ [ [ 416531.912408767151646, 7621716.955572376027703 ], [ 416527.801354648428969, 7621688.790088994428515 ], [ 416525.98132555547636, 7621667.592549584805965 ], [ 416525.101445332169533, 7621646.277351064607501 ], [ 416525.073105524817947, 7621624.87910836469382 ], [ 416525.807143051817548, 7621603.450123384594917 ], [ 416527.24507658398943, 7621582.078288835473359 ], [ 416529.457096752186771, 7621560.840840256772935 ], [ 416532.542848668294027, 7621539.74104473926127 ], [ 416536.49189496570034, 7621518.73838092200458 ], [ 416541.192923673428595, 7621497.825674762949347 ], [ 416546.548295609769411, 7621477.044574726372957 ], [ 416552.535258836112916, 7621456.435533648356795 ], [ 416559.147812985291239, 7621436.021124636754394 ], [ 416566.383374625467695, 7621415.840767643414438 ], [ 416574.28806532965973, 7621395.966209258884192 ], [ 416582.93922744540032, 7621376.442317687906325 ], [ 416588.412521574704442, 7621365.287507121451199 ] ] ] } },
{ "type": "Feature", "properties": { "fid": 332.0, "COMPR_M": 355.51, "CLASSE": "03 - Média", "CD_FAZ": "403973", "TALHOES": "1", "FAZ_tAL": "403973001", "ID_LINHA": 241448 }, "geometry": { "type": "MultiLineString", "coordinates": [ [ [ 416534.486608669627458, 7621714.333869718015194 ], [ 416530.784231238649227, 7621688.462101737968624 ], [ 416528.97602585318964, 7621667.402270842343569 ], [ 416528.101363361871336, 7621646.213472483679652 ], [ 416528.073173555487301, 7621624.928488897159696 ], [ 416528.803692909888923, 7621603.602211058139801 ], [ 416530.234623271564487, 7621582.334463781677186 ], [ 416532.434515587578062, 7621561.21345385350287 ], [ 416535.502450141531881, 7621540.235490119084716 ], [ 416539.43045544117922, 7621519.344731044955552 ], [ 416544.109650953439996, 7621498.529150692746043 ], [ 416549.441961511445697, 7621477.837538523599505 ], [ 416555.403382473567035, 7621457.316422084346414 ], [ 416561.98748574819183, 7621436.989847181364894 ], [ 416569.189987678604666, 7621416.901695436798036 ], [ 416577.054294691479299, 7621397.128672716207802 ], [ 416590.058359315211419, 7621368.743694646283984 ] ] ] } },
{ "type": "Feature", "properties": { "fid": 333.0, "COMPR_M": 349.11, "CLASSE": "03 - Média", "CD_FAZ": "403973", "TALHOES": "1", "FAZ_tAL": "403973001", "ID_LINHA": 241449 }, "geometry": { "type": "MultiLineString", "coordinates": [ [ [ 416537.060808571521193, 7621711.712167056277394 ], [ 416533.767107829917222, 7621688.134114486165345 ], [ 416531.970726151368581, 7621667.21199210267514 ], [ 416531.101281393086538, 7621646.149593898095191 ], [ 416531.07324158604024, 7621624.977869431488216 ], [ 416531.800242766505107, 7621603.75429872982204 ], [ 416533.224169959197752, 7621582.590638725087047 ], [ 416535.411934421746992, 7621561.586067450232804 ], [ 416538.462051616399549, 7621540.729935498908162 ], [ 416542.369015917996876, 7621519.951081171631813 ], [ 416547.026378232694697, 7621499.232626626268029 ], [ 416552.33562741271453, 7621478.630502322688699 ], [ 416558.271506111137569, 7621458.197310522198677 ], [ 416564.82715851010289, 7621437.958569726906717 ], [ 416571.996600728831254, 7621417.962623231112957 ], [ 416579.820524052600376, 7621398.291136171668768 ], [ 416591.704197055893019, 7621372.199882172048092 ] ] ] } },
{ "type": "Feature", "properties": { "fid": 334.0, "COMPR_M": 342.7, "CLASSE": "03 - Média", "CD_FAZ": "403973", "TALHOES": "1", "FAZ_tAL": "403973001", "ID_LINHA": 241450 }, "geometry": { "type": "MultiLineString", "coordinates": [ [ [ 416539.635008473938797, 7621709.090464399196208 ], [ 416536.749984420835972, 7621687.806127233430743 ], [ 416534.965426449896768, 7621667.021713361144066 ], [ 416534.101199422380887, 7621646.085715316236019 ], [ 416534.073309615894686, 7621625.027249964885414 ], [ 416534.796792622306384, 7621603.906386401504278 ], [ 416536.213716647063848, 7621582.846813671290874 ], [ 416538.389353256730828, 7621561.958681046962738 ], [ 416541.421653090801556, 7621541.224380880594254 ], [ 416545.307576393650379, 7621520.557431297376752 ], [ 416549.943105513812043, 7621499.936102556996047 ], [ 416555.229293313634116, 7621479.423466122709215 ], [ 416561.139629748708103, 7621459.078198958188295 ], [ 416567.666831274342258, 7621438.927292266860604 ], [ 416574.803213781327941, 7621419.023551027290523 ], [ 416582.586753414478153, 7621399.453599628992379 ], [ 416593.35003479605075, 7621375.656069699674845 ] ] ] } },
{ "type": "Feature", "properties": { "fid": 335.0, "COMPR_M": 336.24, "CLASSE": "03 - Média", "CD_FAZ": "403973", "TALHOES": "1", "FAZ_tAL": "403973001", "ID_LINHA": 241451 }, "geometry": { "type": "MultiLineString", "coordinates": [ [ [ 416542.272385742864572, 7621706.404418537393212 ], [ 416539.732861011580098, 7621687.478139978833497 ], [ 416537.960126747493632, 7621666.831434620544314 ], [ 416537.101117453887127, 7621646.021836730651557 ], [ 416537.073377647611778, 7621625.076630500145257 ], [ 416537.793342479853891, 7621604.058474075049162 ], [ 416539.20326333300909, 7621583.102988617494702 ], [ 416541.366772091190796, 7621562.33129464276135 ], [ 416544.38125456427224, 7621541.718826263211668 ], [ 416548.246136870002374, 7621521.163781421259046 ], [ 416552.859832794754766, 7621500.639578489586711 ], [ 416558.122959216765594, 7621480.216429920867085 ], [ 416564.007753387093544, 7621459.959087392315269 ], [ 416570.506504037592094, 7621439.896014811471105 ], [ 416577.609826833591796, 7621420.084478819742799 ], [ 416585.35298277635593, 7621400.616063084453344 ], [ 416594.995872537023388, 7621379.112257225438952 ] ] ] } },
{ "type": "Feature", "properties": { "fid": 336.0, "COMPR_M": 329.76, "CLASSE": "03 - Média", "CD_FAZ": "403973", "TALHOES": "1", "FAZ_tAL": "403973001", "ID_LINHA": 241452 }, "geometry": { "type": "MultiLineString", "coordinates": [ [ [ 416544.935360408679117, 7621703.692302918061614 ], [ 416542.715737601974979, 7621687.150152726098895 ], [ 416540.954827046138234, 7621666.641155878081918 ], [ 416540.101035484229214, 7621645.957958148792386 ], [ 416540.073445677990094, 7621625.126011032611132 ], [ 416540.789892335305922, 7621604.210561748594046 ], [ 416542.192810021108016, 7621583.359163561835885 ], [ 416544.344190925825387, 7621562.703908239491284 ], [ 416547.340856039314531, 7621542.213271643035114 ], [ 416551.1846973458305, 7621521.770131545141339 ], [ 416555.776560074242298, 7621501.343054420314729 ], [ 416561.016625118209049, 7621481.009393721818924 ], [ 416566.875877024140209, 7621460.839975832030177 ], [ 416573.346176800492685, 7621440.864737356081605 ], [ 416580.416439885564614, 7621421.145406613126397 ], [ 416588.119212138233706, 7621401.778526542708278 ], [ 416596.641710278228857, 7621382.568444753065705 ] ] ] } },
{ "type": "Feature", "properties": { "fid": 337.0, "COMPR_M": 323.2, "CLASSE": "03 - Média", "CD_FAZ": "403973", "TALHOES": "1, 2", "FAZ_tAL": "403973001, 403987002", "ID_LINHA": 241453 }, "geometry": { "type": "MultiLineString", "coordinates": [ [ [ 416547.598335074144416, 7621700.980187298730016 ], [ 416545.698614194116089, 7621686.822165473364294 ], [ 416543.949527343153022, 7621666.450877137482166 ], [ 416543.100953513348941, 7621645.894079562276602 ], [ 416543.073513708251994, 7621625.175391570664942 ], [ 416543.786442193784751, 7621604.362649420276284 ], [ 416545.182356708042789, 7621583.615338505245745 ], [ 416547.321609759877902, 7621563.076521836221218 ], [ 416550.300457512610592, 7621542.70771702658385 ], [ 416554.12325782107655, 7621522.376481669023633 ], [ 416558.693287355010398, 7621502.046530352905393 ], [ 416563.910291019885335, 7621481.802357520908117 ], [ 416569.744000662001781, 7621461.720864268019795 ], [ 416576.185849564441014, 7621441.833459896966815 ], [ 416583.223052936606109, 7621422.206334407441318 ], [ 416590.885441498132423, 7621402.940989999100566 ], [ 416598.336053766543046, 7621386.12649223767221 ] ] ] } },
{ "type": "Feature", "properties": { "fid": 338.0, "COMPR_M": 316.64, "CLASSE": "03 - Média", "CD_FAZ": "403973", "TALHOES": "1, 2", "FAZ_tAL": "403973001, 403987002", "ID_LINHA": 241454 }, "geometry": { "type": "MultiLineString", "coordinates": [ [ [ 416550.261309741064906, 7621698.268071681261063 ], [ 416548.681490784685593, 7621686.49417821969837 ], [ 416546.94422764191404, 7621666.260598395951092 ], [ 416546.100871544564143, 7621645.83020098041743 ], [ 416546.073581739794463, 7621625.224772103130817 ], [ 416546.78299204952782, 7621604.514737093821168 ], [ 416548.171903395093977, 7621583.871513452380896 ], [ 416550.299028594803531, 7621563.449135433882475 ], [ 416553.260058985557407, 7621543.202162407338619 ], [ 416557.061818297719583, 7621522.982831796631217 ], [ 416561.610014635021798, 7621502.750006282702088 ], [ 416566.803956921270583, 7621482.595321318134665 ], [ 416572.612124299281277, 7621462.601752703078091 ], [ 416579.025522325420752, 7621442.80218244343996 ], [ 416586.029665988637134, 7621423.267262203618884 ], [ 416593.651670861407183, 7621404.103453455492854 ], [ 416600.035777797806077, 7621389.695838627405465 ] ] ] } },
{ "type": "Feature", "properties": { "fid": 339.0, "COMPR_M": 310.08, "CLASSE": "03 - Média", "CD_FAZ": "403973", "TALHOES": "1, 2", "FAZ_tAL": "403973001, 403987002", "ID_LINHA": 241455 }, "geometry": { "type": "MultiLineString", "coordinates": [ [ [ 416552.924284406122752, 7621695.555956060066819 ], [ 416551.66436737566255, 7621686.1661909641698 ], [ 416549.938927939743735, 7621666.070319656282663 ], [ 416549.100789575255476, 7621645.766322398558259 ], [ 416549.073649769299664, 7621625.27415263839066 ], [ 416549.779541907017119, 7621604.666824763640761 ], [ 416551.161450082901865, 7621584.127688398584723 ], [ 416553.276447429787368, 7621563.821749029681087 ], [ 416556.219660461414605, 7621543.696607789956033 ], [ 416560.00037877378054, 7621523.589181922376156 ], [ 416564.526741914800368, 7621503.453482216224074 ], [ 416569.697622823528945, 7621483.388285119086504 ], [ 416575.480247935280204, 7621463.482641139999032 ], [ 416581.865195090009365, 7621443.770904986187816 ], [ 416588.836279040377121, 7621424.328189998865128 ], [ 416596.417900222702883, 7621405.265916913747787 ], [ 416601.735501828952692, 7621393.265185014344752 ] ] ] } },
{ "type": "Feature", "properties": { "fid": 340.0, "COMPR_M": 303.51, "CLASSE": "03 - Média", "CD_FAZ": "403973", "TALHOES": "1, 2", "FAZ_tAL": "403973001, 403987002", "ID_LINHA": 241456 }, "geometry": { "type": "MultiLineString", "coordinates": [ [ [ 416555.587259070831351, 7621692.843840443529189 ], [ 416552.933628237340599, 7621665.880040912888944 ], [ 416552.100707605481148, 7621645.70244381390512 ], [ 416552.073717801366001, 7621625.323533172719181 ], [ 416552.776091763691511, 7621604.81891243904829 ], [ 416554.150996770244092, 7621584.383863341063261 ], [ 416556.253866265004035, 7621564.194362623617053 ], [ 416559.179261935641989, 7621544.191053170710802 ], [ 416562.938939250016119, 7621524.195532044395804 ], [ 416567.443469194520731, 7621504.156958147883415 ], [ 416572.591288725438062, 7621484.181248918175697 ], [ 416578.348371574014891, 7621464.363529577851295 ], [ 416584.704867852968164, 7621444.739627530798316 ], [ 416591.642892092524562, 7621425.389117792248726 ], [ 416603.435225859167986, 7621396.834531403146684 ] ] ] } },
{ "type": "Feature", "properties": { "fid": 341.0, "COMPR_M": 296.95, "CLASSE": "02 - Curta", "CD_FAZ": "403973", "TALHOES": "1, 2", "FAZ_tAL": "403973001, 403987002", "ID_LINHA": 241457 }, "geometry": { "type": "MultiLineString", "coordinates": [ [ [ 416558.250233737635426, 7621690.13172482419759 ], [ 416555.928328535228502, 7621665.68976217508316 ], [ 416555.100625635881443, 7621645.638565229251981 ], [ 416555.073785830754787, 7621625.372913707047701 ], [ 416555.77264162019128, 7621604.971000110730529 ], [ 416557.140543457062449, 7621584.640038285404444 ], [ 416559.231285098998342, 7621564.566976220346987 ], [ 416562.138863409403712, 7621544.685498552396894 ], [ 416565.877499725669622, 7621524.801882170140743 ], [ 416570.360196475463454, 7621504.860434079542756 ], [ 416575.484954626939725, 7621484.974212718196213 ], [ 416581.21649521146901, 7621465.244418013840914 ], [ 416587.544540615635924, 7621445.708350073546171 ], [ 416594.449505144380964, 7621426.450045586563647 ], [ 416605.13494989060564, 7621400.403877791948617 ] ] ] } },
{ "type": "Feature", "properties": { "fid": 342.0, "COMPR_M": 290.39, "CLASSE": "02 - Curta", "CD_FAZ": "403973", "TALHOES": "1, 2", "FAZ_tAL": "403973001, 403987002", "ID_LINHA": 241458 }, "geometry": { "type": "MultiLineString", "coordinates": [ [ [ 416560.913208403333556, 7621687.419609205797315 ], [ 416558.923028833582066, 7621665.499483432620764 ], [ 416558.100543666398153, 7621645.574686646461487 ], [ 416558.073853861365933, 7621625.422294240444899 ], [ 416558.769191477855202, 7621605.123087782412767 ], [ 416560.130090144695714, 7621584.896213231608272 ], [ 416562.208703933109064, 7621564.939589815214276 ], [ 416565.09846488351468, 7621545.179943934082985 ], [ 416568.816060202021617, 7621525.408232294023037 ], [ 416573.27692375559127, 7621505.563910013064742 ], [ 416578.378620528790634, 7621485.767176516354084 ], [ 416584.084618847700767, 7621466.125306451693177 ], [ 416590.384213379293215, 7621446.677072617225349 ], [ 416597.256118195946328, 7621427.510973380878568 ], [ 416606.834673921170179, 7621403.973224179819226 ] ] ] } },
{ "type": "Feature", "properties": { "fid": 343.0, "COMPR_M": 283.82, "CLASSE": "02 - Curta", "CD_FAZ": "403973", "TALHOES": "1, 2", "FAZ_tAL": "403973001, 403987002", "ID_LINHA": 241459 }, "geometry": { "type": "MultiLineString", "coordinates": [ [ [ 416563.582703673746437, 7621684.700852654874325 ], [ 416561.917729132284876, 7621665.309204690158367 ], [ 416561.100461696390994, 7621645.510808065533638 ], [ 416561.073921891918872, 7621625.471674777567387 ], [ 416561.765741333947517, 7621605.275175455957651 ], [ 416563.119636831746902, 7621585.152388177812099 ], [ 416565.186122768733185, 7621565.312203413806856 ], [ 416568.058066357974894, 7621545.674389312975109 ], [ 416571.754620675928891, 7621526.014582417905331 ], [ 416576.19365103560267, 7621506.267385944724083 ], [ 416581.272286430234089, 7621486.560140317305923 ], [ 416586.952742486028001, 7621467.00619488582015 ], [ 416593.223886141320691, 7621447.645795160904527 ], [ 416600.062731247860938, 7621428.571901174262166 ], [ 416608.534397953539155, 7621407.542570566758513 ] ] ] } },
{ "type": "Feature", "properties": { "fid": 344.0, "COMPR_M": 277.16, "CLASSE": "02 - Curta", "CD_FAZ": "403973", "TALHOES": "1, 2", "FAZ_tAL": "403973001, 403987002", "ID_LINHA": 241460 }, "geometry": { "type": "MultiLineString", "coordinates": [ [ [ 416566.351614495390095, 7621681.880845997482538 ], [ 416564.912429429416079, 7621665.118925949558616 ], [ 416564.10037972650025, 7621645.446929479949176 ], [ 416564.073989922413602, 7621625.521055309101939 ], [ 416564.762291189981624, 7621605.42726312763989 ], [ 416566.109183518972714, 7621585.408563120290637 ], [ 416568.163541603833437, 7621565.684817009605467 ], [ 416571.017667832551524, 7621546.168834697455168 ], [ 416574.693181151815224, 7621526.62093254365027 ], [ 416579.110378316196147, 7621506.970861874520779 ], [ 416584.165952331968583, 7621487.353104112669826 ], [ 416589.820866124413442, 7621467.887083325535059 ], [ 416596.063558904977981, 7621448.614517703652382 ], [ 416602.869344299542718, 7621429.63282896950841 ], [ 416610.234954821062274, 7621411.113665877841413 ] ] ] } },
{ "type": "Feature", "properties": { "fid": 345.0, "COMPR_M": 270.41, "CLASSE": "02 - Curta", "CD_FAZ": "403973", "TALHOES": "1, 2", "FAZ_tAL": "403973001, 403987002", "ID_LINHA": 241461 }, "geometry": { "type": "MultiLineString", "coordinates": [ [ [ 416569.120525318081491, 7621679.060839339159429 ], [ 416567.907129728293512, 7621664.928647208958864 ], [ 416567.100297756143846, 7621645.383050897158682 ], [ 416567.074057953548618, 7621625.570435844361782 ], [ 416567.758841047761962, 7621605.579350801184773 ], [ 416569.098730206373148, 7621585.664738066494465 ], [ 416571.14096043840982, 7621566.057430605404079 ], [ 416573.977269304916263, 7621546.663280077278614 ], [ 416577.631741629214957, 7621527.227282667532563 ], [ 416582.027105596615002, 7621507.67433780618012 ], [ 416587.059618233935907, 7621488.146067911759019 ], [ 416592.688989762216806, 7621468.767971761524677 ], [ 416598.903231667645741, 7621449.583240248262882 ], [ 416605.675957350991666, 7621430.693756762892008 ], [ 416611.99419120256789, 7621414.807985605672002 ] ] ] } },
{ "type": "Feature", "properties": { "fid": 346.0, "COMPR_M": 263.66, "CLASSE": "02 - Curta", "CD_FAZ": "403973", "TALHOES": "1, 2", "FAZ_tAL": "403973001, 403987002", "ID_LINHA": 241462 }, "geometry": { "type": "MultiLineString", "coordinates": [ [ [ 416571.889436139084864, 7621676.240832682698965 ], [ 416570.901830026181415, 7621664.738368466496468 ], [ 416570.100215785903856, 7621645.319172313436866 ], [ 416570.074125983228441, 7621625.619816379621625 ], [ 416570.755390904727392, 7621605.731438472867012 ], [ 416572.088276892551221, 7621585.920913012698293 ], [ 416574.118379273102619, 7621566.430044203996658 ], [ 416576.9368707795511, 7621547.157725458964705 ], [ 416580.570302105275914, 7621527.833632791414857 ], [ 416584.943832876335364, 7621508.37781373783946 ], [ 416589.953284135612193, 7621488.939031712710857 ], [ 416595.557113398099318, 7621469.648860197514296 ], [ 416601.742904430022463, 7621450.551962792873383 ], [ 416613.753427584422752, 7621418.502305340021849 ] ] ] } },
{ "type": "Feature", "properties": { "fid": 347.0, "COMPR_M": 256.91, "CLASSE": "02 - Curta", "CD_FAZ": "403973", "TALHOES": "1, 2", "FAZ_tAL": "403973001, 403987002", "ID_LINHA": 241463 }, "geometry": { "type": "MultiLineString", "coordinates": [ [ [ 416574.658346961135976, 7621673.420826023444533 ], [ 416573.100133817177266, 7621645.255293731577694 ], [ 416573.074194014188834, 7621625.669196913950145 ], [ 416573.751940760819707, 7621605.883526144549251 ], [ 416575.077823580882978, 7621586.177087957039475 ], [ 416577.09579810797004, 7621566.802657797932625 ], [ 416579.896472254418768, 7621547.652170839719474 ], [ 416583.508862581569701, 7621528.439982918091118 ], [ 416587.860560155240819, 7621509.081289669498801 ], [ 416592.84695003752131, 7621489.731995513662696 ], [ 416598.425237036775798, 7621470.529748633503914 ], [ 416604.582577193388715, 7621451.52068533655256 ], [ 416615.512663967441767, 7621422.196625070646405 ] ] ] } },
{ "type": "Feature", "properties": { "fid": 348.0, "COMPR_M": 250.16, "CLASSE": "02 - Curta", "CD_FAZ": "403973", "TALHOES": "1, 2", "FAZ_tAL": "403973001, 403987002", "ID_LINHA": 241464 }, "geometry": { "type": "MultiLineString", "coordinates": [ [ [ 416577.427257784176618, 7621670.600819366052747 ], [ 416576.100051847926807, 7621645.191415147855878 ], [ 416576.07426204578951, 7621625.718577447347343 ], [ 416576.748490618134383, 7621606.035613816231489 ], [ 416578.067370268690865, 7621586.433262900449336 ], [ 416580.073216942313593, 7621567.175271397456527 ], [ 416582.856073728296906, 7621548.146616221405566 ], [ 416586.44742305658292, 7621529.046333042904735 ], [ 416590.777287437347695, 7621509.784765601158142 ], [ 416595.740615939081181, 7621490.524959309026599 ], [ 416601.293360674171709, 7621471.410637065768242 ], [ 416607.422249957162421, 7621452.489407878369093 ], [ 416617.27190034952946, 7621425.890944803133607 ] ] ] } },
{ "type": "Feature", "properties": { "fid": 349.0, "COMPR_M": 243.41, "CLASSE": "02 - Curta", "CD_FAZ": "403973", "TALHOES": "1, 2", "FAZ_tAL": "403973001, 403987002", "ID_LINHA": 241465 }, "geometry": { "type": "MultiLineString", "coordinates": [ [ [ 416580.196168606285937, 7621667.78081270866096 ], [ 416579.099969878094271, 7621645.127536564134061 ], [ 416579.074330074014142, 7621625.767957977950573 ], [ 416579.745040473877452, 7621606.187701489776373 ], [ 416581.056916955974884, 7621586.689437847584486 ], [ 416583.05063577753026, 7621567.547884991392493 ], [ 416585.815675203106366, 7621548.641061602160335 ], [ 416589.385983532993123, 7621529.652683167718351 ], [ 416593.694014717359096, 7621510.488241532817483 ], [ 416598.634281840873882, 7621491.317923109047115 ], [ 416604.161484312266111, 7621472.291525507345796 ], [ 416610.261922720586881, 7621453.458130423910916 ], [ 416619.031136731966399, 7621429.585264535620809 ] ] ] } },
{ "type": "Feature", "properties": { "fid": 350.0, "COMPR_M": 236.66, "CLASSE": "02 - Curta", "CD_FAZ": "403973", "TALHOES": "1, 2", "FAZ_tAL": "403973001, 403987002", "ID_LINHA": 241466 }, "geometry": { "type": "MultiLineString", "coordinates": [ [ [ 416582.965079429326579, 7621664.960806049406528 ], [ 416582.099887907854281, 7621645.0636579785496 ], [ 416582.07439810608048, 7621625.817338515073061 ], [ 416582.741590331483167, 7621606.339789161458611 ], [ 416584.04646364209475, 7621586.945612792856991 ], [ 416586.028054611524567, 7621567.920498587191105 ], [ 416588.775276676286012, 7621549.135506985709071 ], [ 416592.324544008879457, 7621530.259033291600645 ], [ 416596.610741996555589, 7621511.191717466339469 ], [ 416601.527947742375545, 7621492.110886909067631 ], [ 416607.029607949894853, 7621473.172413941472769 ], [ 416613.101595483720303, 7621454.426852965727448 ], [ 416620.790373114228714, 7621433.279584269039333 ] ] ] } },
{ "type": "Feature", "properties": { "fid": 351.0, "COMPR_M": 229.84, "CLASSE": "02 - Curta", "CD_FAZ": "403973", "TALHOES": "1, 2", "FAZ_tAL": "403973001, 403987002", "ID_LINHA": 241467 }, "geometry": { "type": "MultiLineString", "coordinates": [ [ [ 416585.804417416104116, 7621662.069072604179382 ], [ 416585.099805939709768, 7621644.999779397621751 ], [ 416585.074466136866249, 7621625.866719048470259 ], [ 416585.738140186935198, 7621606.491876835003495 ], [ 416587.036010330368299, 7621587.201787738129497 ], [ 416589.005473446333781, 7621568.293112185783684 ], [ 416591.734878151677549, 7621549.629952365532517 ], [ 416595.263104484882206, 7621530.865383416414261 ], [ 416599.527469277672935, 7621511.895193396136165 ], [ 416604.421613644110039, 7621492.903850709088147 ], [ 416615.941268245805986, 7621455.395575510337949 ], [ 416622.549609496840276, 7621436.973904000595212 ] ] ] } },
{ "type": "Feature", "properties": { "fid": 352.0, "COMPR_M": 222.89, "CLASSE": "02 - Curta", "CD_FAZ": "403973", "TALHOES": "1, 2", "FAZ_tAL": "403973001, 403987002", "ID_LINHA": 241468 }, "geometry": { "type": "MultiLineString", "coordinates": [ [ [ 416588.685834042495117, 7621659.134484028443694 ], [ 416588.099723969819024, 7621644.935900811105967 ], [ 416588.074534166895319, 7621625.916099585592747 ], [ 416588.734690044191666, 7621606.643964506685734 ], [ 416590.025557017419487, 7621587.457962682470679 ], [ 416591.982892281317618, 7621568.665725784376264 ], [ 416594.694479624740779, 7621550.124397748149931 ], [ 416598.201664961583447, 7621531.4717335421592 ], [ 416602.444196558033582, 7621512.598669329658151 ], [ 416607.315279545495287, 7621493.696814505383372 ], [ 416612.765855225210544, 7621474.934190815314651 ], [ 416624.365802358370274, 7621440.787829857319593 ] ] ] } },
{ "type": "Feature", "properties": { "fid": 353.0, "COMPR_M": 215.94, "CLASSE": "02 - Curta", "CD_FAZ": "403973", "TALHOES": "1, 2", "FAZ_tAL": "403973001, 403987002", "ID_LINHA": 241469 }, "geometry": { "type": "MultiLineString", "coordinates": [ [ [ 416591.567250668944325, 7621656.199895450845361 ], [ 416591.074602197506465, 7621625.965480118989944 ], [ 416591.731239901972003, 7621606.796052180230618 ], [ 416593.015103704645298, 7621587.714137626811862 ], [ 416594.960311115137301, 7621569.03833937831223 ], [ 416597.654081098735332, 7621550.6188431289047 ], [ 416601.140225437120534, 7621532.078083666041493 ], [ 416605.360923837637529, 7621513.302145261317492 ], [ 416610.208945447811857, 7621494.489778305403888 ], [ 416615.633978862373624, 7621475.815079249441624 ], [ 416626.183904657955281, 7621444.605765447020531 ] ] ] } },
{ "type": "Feature", "properties": { "fid": 354.0, "COMPR_M": 208.99, "CLASSE": "02 - Curta", "CD_FAZ": "403973", "TALHOES": "1, 2", "FAZ_tAL": "403973001, 403987002", "ID_LINHA": 241470 }, "geometry": { "type": "MultiLineString", "coordinates": [ [ [ 416594.448667295626365, 7621653.265306875109673 ], [ 416594.074670228117611, 7621626.014860653318465 ], [ 416594.727789758238941, 7621606.948139853775501 ], [ 416596.004650392744225, 7621587.970312570221722 ], [ 416597.937729951052461, 7621569.410952974110842 ], [ 416600.613682575058192, 7621551.113288508728147 ], [ 416604.078785912774038, 7621532.684433788061142 ], [ 416613.102611349138897, 7621495.282742102630436 ], [ 416618.502102500293404, 7621476.695967687293887 ], [ 416628.002006957191043, 7621448.423701043240726 ] ] ] } },
{ "type": "Feature", "properties": { "fid": 355.0, "COMPR_M": 202.04, "CLASSE": "02 - Curta", "CD_FAZ": "403973", "TALHOES": "1, 2", "FAZ_tAL": "403973001, 403987002", "ID_LINHA": 241471 }, "geometry": { "type": "MultiLineString", "coordinates": [ [ [ 416597.330083921784535, 7621650.330718296580017 ], [ 416597.074738259310834, 7621626.06424118578434 ], [ 416597.724339614971541, 7621607.10022752545774 ], [ 416598.994197078922298, 7621588.226487517356873 ], [ 416600.915148785803467, 7621569.783566568046808 ], [ 416603.573284047713969, 7621551.607733890414238 ], [ 416607.017346388543956, 7621533.290783911943436 ], [ 416615.99627725139726, 7621496.075705904513597 ], [ 416621.370226138271391, 7621477.576856125146151 ], [ 416629.820109256659634, 7621452.241636635735631 ] ] ] } },
{ "type": "Feature", "properties": { "fid": 356.0, "COMPR_M": 195.08, "CLASSE": "02 - Curta", "CD_FAZ": "403973", "TALHOES": "1, 2", "FAZ_tAL": "403973001, 403987002", "ID_LINHA": 241472 }, "geometry": { "type": "MultiLineString", "coordinates": [ [ [ 416600.211500548175536, 7621647.396129717119038 ], [ 416600.074806289805565, 7621626.11362172011286 ], [ 416600.720889472228009, 7621607.252315195277333 ], [ 416601.98374376661377, 7621588.4826624635607 ], [ 416603.892567619448528, 7621570.156180166639388 ], [ 416606.532885522639845, 7621552.102179273962975 ], [ 416609.955906865070574, 7621533.89713403955102 ], [ 416618.889943152607884, 7621496.868669703602791 ], [ 416624.238349774386734, 7621478.457744563929737 ], [ 416631.638211556477472, 7621456.059572229161859 ] ] ] } },
{ "type": "Feature", "properties": { "fid": 357.0, "COMPR_M": 188.13, "CLASSE": "02 - Curta", "CD_FAZ": "403973", "TALHOES": "1, 2", "FAZ_tAL": "403973001, 403987002", "ID_LINHA": 241473 }, "geometry": { "type": "MultiLineString", "coordinates": [ [ [ 416603.09910054289503, 7621644.45524366851896 ], [ 416603.074874320183881, 7621626.163002256304026 ], [ 416603.71743932866957, 7621607.404402868822217 ], [ 416604.973290452500805, 7621588.738837407901883 ], [ 416606.869986455189064, 7621570.528793762437999 ], [ 416609.49248699657619, 7621552.596624651923776 ], [ 416612.894467340374831, 7621534.503484165295959 ], [ 416621.783609054808039, 7621497.661633498966694 ], [ 416627.106473411840852, 7621479.33863299805671 ], [ 416633.456313856528141, 7621459.877507820725441 ] ] ] } },
{ "type": "Feature", "properties": { "fid": 358.0, "COMPR_M": 181.01, "CLASSE": "02 - Curta", "CD_FAZ": "403973", "TALHOES": "1, 2", "FAZ_tAL": "403973001, 403987002", "ID_LINHA": 241474 }, "geometry": { "type": "MultiLineString", "coordinates": [ [ [ 416606.095062106032856, 7621641.403996409848332 ], [ 416606.713989184296224, 7621607.556490544229746 ], [ 416607.962837140483316, 7621588.995012352243066 ], [ 416609.847405289765447, 7621570.901407359167933 ], [ 416612.452088470745366, 7621553.091070037335157 ], [ 416615.833027817076072, 7621535.109834290109575 ], [ 416619.944560239149723, 7621516.819524918682873 ], [ 416624.677274955960456, 7621498.454597299918532 ], [ 416635.305718505289406, 7621463.761176984757185 ] ] ] } },
{ "type": "Feature", "properties": { "fid": 359.0, "COMPR_M": 173.84, "CLASSE": "02 - Curta", "CD_FAZ": "403973", "TALHOES": "1, 2", "FAZ_tAL": "403973001, 403987002", "ID_LINHA": 241475 }, "geometry": { "type": "MultiLineString", "coordinates": [ [ [ 416609.09102366771549, 7621638.352749152109027 ], [ 416609.7105390423676, 7621607.708578214980662 ], [ 416610.95238382864045, 7621589.251187296584249 ], [ 416612.824824123817962, 7621571.274020958691835 ], [ 416615.411689944565296, 7621553.585515419021249 ], [ 416618.771588291332591, 7621535.716184414923191 ], [ 416622.861287519335747, 7621517.523000851273537 ], [ 416627.57094085868448, 7621499.247561099007726 ], [ 416637.182542474824004, 7621467.7024255245924 ] ] ] } },
{ "type": "Feature", "properties": { "fid": 360.0, "COMPR_M": 166.67, "CLASSE": "02 - Curta", "CD_FAZ": "403973", "TALHOES": "1, 2", "FAZ_tAL": "403973001, 403987002", "ID_LINHA": 241476 }, "geometry": { "type": "MultiLineString", "coordinates": [ [ [ 416612.08697831875179, 7621635.296283412724733 ], [ 416612.707088899041992, 7621607.860665888525546 ], [ 416613.94193051563343, 7621589.507362241856754 ], [ 416615.802242958103307, 7621571.646634550765157 ], [ 416618.371291419374757, 7621554.079960797913373 ], [ 416621.710148767626379, 7621536.32253453694284 ], [ 416625.778014798823278, 7621518.226476784795523 ], [ 416630.464606759138405, 7621500.040524898096919 ], [ 416639.059366443543695, 7621471.643674062564969 ] ] ] } },
{ "type": "Feature", "properties": { "fid": 361.0, "COMPR_M": 159.5, "CLASSE": "02 - Curta", "CD_FAZ": "403973", "TALHOES": "1, 2", "FAZ_tAL": "403973001, 403987002", "ID_LINHA": 241477 }, "geometry": { "type": "MultiLineString", "coordinates": [ [ [ 416615.082922820700333, 7621632.232153229415417 ], [ 416615.703638756182045, 7621608.012753560207784 ], [ 416616.931477202102542, 7621589.763537188991904 ], [ 416618.779661793145351, 7621572.019248147495091 ], [ 416621.330892893834971, 7621554.574406178668141 ], [ 416624.648709244676866, 7621536.928884662687778 ], [ 416628.694742079533171, 7621518.929952714592218 ], [ 416633.358272661163937, 7621500.833488697186112 ], [ 416640.936190411506686, 7621475.584922602400184 ] ] ] } },
{ "type": "Feature", "properties": { "fid": 362.0, "COMPR_M": 152.32, "CLASSE": "02 - Curta", "CD_FAZ": "403973", "TALHOES": "1, 2", "FAZ_tAL": "403973001, 403987002", "ID_LINHA": 241478 }, "geometry": { "type": "MultiLineString", "coordinates": [ [ [ 416618.078867321310099, 7621629.168023044243455 ], [ 416618.700188612448983, 7621608.164841232821345 ], [ 416619.921023890725337, 7621590.019712131470442 ], [ 416621.757080628362019, 7621572.391861747018993 ], [ 416624.290494366607163, 7621555.068851560354233 ], [ 416627.587269720563199, 7621537.535234788432717 ], [ 416631.611469358787872, 7621519.633428647182882 ], [ 416636.251938563538715, 7621501.626452497206628 ], [ 416642.813014380692039, 7621479.526171142235398 ] ] ] } },
{ "type": "Feature", "properties": { "fid": 363.0, "COMPR_M": 145.13, "CLASSE": "02 - Curta", "CD_FAZ": "403973", "TALHOES": "1, 2", "FAZ_tAL": "403973001, 403987002", "ID_LINHA": 241479 }, "geometry": { "type": "MultiLineString", "coordinates": [ [ [ 416621.08791534032207, 7621626.090491115115583 ], [ 416622.910570577543695, 7621590.27588707767427 ], [ 416624.734499462414533, 7621572.764475341886282 ], [ 416627.25009584100917, 7621555.563296943902969 ], [ 416630.525830195168965, 7621538.141584912315011 ], [ 416634.528196639963426, 7621520.3369045779109 ], [ 416639.14560446550604, 7621502.419416297227144 ], [ 416644.689838349178899, 7621483.467419680207968 ] ] ] } },
{ "type": "Feature", "properties": { "fid": 364.0, "COMPR_M": 137.76, "CLASSE": "02 - Curta", "CD_FAZ": "403973", "TALHOES": "1, 2", "FAZ_tAL": "403973001, 403987002", "ID_LINHA": 241480 }, "geometry": { "type": "MultiLineString", "coordinates": [ [ [ 416624.198656682739966, 7621622.908951390534639 ], [ 416625.900117264478467, 7621590.532062023878098 ], [ 416627.711918297340162, 7621573.137088937684894 ], [ 416630.209697315702215, 7621556.057742325589061 ], [ 416633.464390673325397, 7621538.747935036197305 ], [ 416637.444923920324072, 7621521.040380511432886 ], [ 416646.606173460895661, 7621487.491639895364642 ] ] ] } },
{ "type": "Feature", "properties": { "fid": 365.0, "COMPR_M": 130.36, "CLASSE": "02 - Curta", "CD_FAZ": "403973", "TALHOES": "1, 2", "FAZ_tAL": "403973001, 403987002", "ID_LINHA": 241481 }, "geometry": { "type": "MultiLineString", "coordinates": [ [ [ 416627.309398024925031, 7621619.727411666885018 ], [ 416628.889663951005787, 7621590.78823696449399 ], [ 416630.689337133662775, 7621573.509702534414828 ], [ 416633.169298790046014, 7621556.55218770634383 ], [ 416636.402951148163993, 7621539.354285161942244 ], [ 416640.361651200626511, 7621521.743856441229582 ], [ 416648.546511084539816, 7621491.566264343447983 ] ] ] } },
{ "type": "Feature", "properties": { "fid": 366.0, "COMPR_M": 122.95, "CLASSE": "02 - Curta", "CD_FAZ": "403973", "TALHOES": "1, 2", "FAZ_tAL": "403973001, 403987002", "ID_LINHA": 241482 }, "geometry": { "type": "MultiLineString", "coordinates": [ [ [ 416630.420139365538489, 7621616.545871941372752 ], [ 416631.87921063893009, 7621591.044411912560463 ], [ 416633.666755968239158, 7621573.882316132076085 ], [ 416636.128900264040567, 7621557.046633086167276 ], [ 416639.341511625098065, 7621539.960635285824537 ], [ 416643.27837848017225, 7621522.447332373820245 ], [ 416650.486848708707839, 7621495.640888792462647 ] ] ] } },
{ "type": "Feature", "properties": { "fid": 367.0, "COMPR_M": 115.55, "CLASSE": "02 - Curta", "CD_FAZ": "403973", "TALHOES": "1, 2", "FAZ_tAL": "403973001, 403987002", "ID_LINHA": 241483 }, "geometry": { "type": "MultiLineString", "coordinates": [ [ [ 416633.530880707898177, 7621613.364332218654454 ], [ 416634.868757327029016, 7621591.300586857832968 ], [ 416636.644174801651388, 7621574.254929726943374 ], [ 416639.088501737744082, 7621557.541078467853367 ], [ 416642.280072099587414, 7621540.566985413432121 ], [ 416646.195105760940351, 7621523.150808306410909 ], [ 416652.427186333981808, 7621499.715513239614666 ] ] ] } },
{ "type": "Feature", "properties": { "fid": 368.0, "COMPR_M": 108.14, "CLASSE": "02 - Curta", "CD_FAZ": "403973", "TALHOES": "1, 2", "FAZ_tAL": "403973001, 403987002", "ID_LINHA": 241484 }, "geometry": { "type": "MultiLineString", "coordinates": [ [ [ 416636.641622049326543, 7621610.182792495936155 ], [ 416637.85830401268322, 7621591.556761801242828 ], [ 416639.621593637217302, 7621574.627543323673308 ], [ 416642.048103212320711, 7621558.035523848608136 ], [ 416645.21863257617224, 7621541.17333553545177 ], [ 416649.111833041592035, 7621523.854284236207604 ], [ 416654.367523958324455, 7621503.790137687698007 ] ] ] } },
{ "type": "Feature", "properties": { "fid": 369.0, "COMPR_M": 100.62, "CLASSE": "02 - Curta", "CD_FAZ": "403973", "TALHOES": "1, 2", "FAZ_tAL": "403973001, 403987002", "ID_LINHA": 241485 }, "geometry": { "type": "MultiLineString", "coordinates": [ [ [ 416639.831393130647484, 7621606.920424368232489 ], [ 416642.599012471560854, 7621575.000156920403242 ], [ 416645.007704685907811, 7621558.529969232156873 ], [ 416648.157193052174989, 7621541.779685661196709 ], [ 416656.322493719402701, 7621507.895488984882832 ] ] ] } },
{ "type": "Feature", "properties": { "fid": 370.0, "COMPR_M": 92.97, "CLASSE": "01 - Muito curta", "CD_FAZ": "403973", "TALHOES": "1, 2", "FAZ_tAL": "403973001, 403987002", "ID_LINHA": 241486 }, "geometry": { "type": "MultiLineString", "coordinates": [ [ [ 416643.060371365747415, 7621603.617956759408116 ], [ 416645.576431306137238, 7621575.372770518064499 ], [ 416647.967306161765009, 7621559.024414613842964 ], [ 416651.095753528294154, 7621542.386035783216357 ], [ 416658.332668876217213, 7621512.116769205778837 ] ] ] } },
{ "type": "Feature", "properties": { "fid": 371.0, "COMPR_M": 85.31, "CLASSE": "01 - Muito curta", "CD_FAZ": "403973", "TALHOES": "1, 2", "FAZ_tAL": "403973001, 403987002", "ID_LINHA": 241487 }, "geometry": { "type": "MultiLineString", "coordinates": [ [ [ 416646.289349604223389, 7621600.315489144995809 ], [ 416648.553850141528528, 7621575.745384113863111 ], [ 416650.926907635352109, 7621559.51885999366641 ], [ 416654.034314004529733, 7621542.992385908961296 ], [ 416660.342844032449648, 7621516.338049428537488 ] ] ] } },
{ "type": "Feature", "properties": { "fid": 372.0, "COMPR_M": 77.66, "CLASSE": "01 - Muito curta", "CD_FAZ": "403973", "TALHOES": "1, 2", "FAZ_tAL": "403973001, 403987002", "ID_LINHA": 241488 }, "geometry": { "type": "MultiLineString", "coordinates": [ [ [ 416649.518327840021811, 7621597.013021536171436 ], [ 416651.531268975115381, 7621576.117997707799077 ], [ 416653.886509109230246, 7621560.013305376283824 ], [ 416656.972874480241444, 7621543.598736034706235 ], [ 416662.353019188740291, 7621520.559329650364816 ] ] ] } },
{ "type": "Feature", "properties": { "fid": 373.0, "COMPR_M": 70.06, "CLASSE": "01 - Muito curta", "CD_FAZ": "403973", "TALHOES": "1, 2", "FAZ_tAL": "403973001, 403987002", "ID_LINHA": 241489 }, "geometry": { "type": "MultiLineString", "coordinates": [ [ [ 416652.747306076518726, 7621593.710553924553096 ], [ 416654.50868781079771, 7621576.490611307322979 ], [ 416656.846110582118854, 7621560.507750757969916 ], [ 416659.911434956709854, 7621544.205086160451174 ], [ 416664.379144371952862, 7621524.718717045150697 ] ] ] } },
{ "type": "Feature", "properties": { "fid": 374.0, "COMPR_M": 62.35, "CLASSE": "01 - Muito curta", "CD_FAZ": "403973", "TALHOES": "1, 2", "FAZ_tAL": "403973001, 403987002", "ID_LINHA": 241490 }, "geometry": { "type": "MultiLineString", "coordinates": [ [ [ 416656.087127959472127, 7621590.294719940051436 ], [ 416657.486106645374093, 7621576.863224902190268 ], [ 416659.805712057917845, 7621561.00219614058733 ], [ 416666.429033069638535, 7621528.889950348064303 ] ] ] } },
{ "type": "Feature", "properties": { "fid": 375.0, "COMPR_M": 54.48, "CLASSE": "01 - Muito curta", "CD_FAZ": "403973", "TALHOES": "1, 2", "FAZ_tAL": "403973001, 403987002", "ID_LINHA": 241491 }, "geometry": { "type": "MultiLineString", "coordinates": [ [ [ 416659.462976366223302, 7621586.842039491981268 ], [ 416662.765313532087021, 7621561.496641517616808 ], [ 416668.538829754397739, 7621533.183087922632694 ] ] ] } },
{ "type": "Feature", "properties": { "fid": 376.0, "COMPR_M": 46.62, "CLASSE": "01 - Muito curta", "CD_FAZ": "403973", "TALHOES": "1, 2", "FAZ_tAL": "403973001, 403987002", "ID_LINHA": 241492 }, "geometry": { "type": "MultiLineString", "coordinates": [ [ [ 416662.838824775186367, 7621583.389359043911099 ], [ 416665.724915005848743, 7621561.99108690302819 ], [ 416670.648626438574865, 7621537.47622549906373 ] ] ] } },
{ "type": "Feature", "properties": { "fid": 377.0, "COMPR_M": 38.75, "CLASSE": "01 - Muito curta", "CD_FAZ": "403973", "TALHOES": "1, 2", "FAZ_tAL": "403973001, 403987002", "ID_LINHA": 241493 }, "geometry": { "type": "MultiLineString", "coordinates": [ [ [ 416666.214673183509149, 7621579.936678593978286 ], [ 416668.684516480017919, 7621562.485532282851636 ], [ 416672.758423123508692, 7621541.769363075494766 ] ] ] } },
{ "type": "Feature", "properties": { "fid": 378.0, "COMPR_M": 30.78, "CLASSE": "01 - Muito curta", "CD_FAZ": "403973", "TALHOES": "1, 2", "FAZ_tAL": "403973001, 403987002", "ID_LINHA": 241494 }, "geometry": { "type": "MultiLineString", "coordinates": [ [ [ 416669.683055223722477, 7621576.389358509331942 ], [ 416671.644117955118418, 7621562.979977663606405 ], [ 416674.868219808558933, 7621546.062500650063157 ] ] ] } },
{ "type": "Feature", "properties": { "fid": 379.0, "COMPR_M": 22.58, "CLASSE": "01 - Muito curta", "CD_FAZ": "403973", "TALHOES": "1", "FAZ_tAL": "403973001", "ID_LINHA": 241495 }, "geometry": { "type": "MultiLineString", "coordinates": [ [ [ 416673.248223800852429, 7621572.743049092590809 ], [ 416677.044828873884398, 7621550.491591963917017 ] ] ] } },
{ "type": "Feature", "properties": { "fid": 380.0, "COMPR_M": 14.33, "CLASSE": "01 - Muito curta", "CD_FAZ": "403973", "TALHOES": "1", "FAZ_tAL": "403973001", "ID_LINHA": 241496 }, "geometry": { "type": "MultiLineString", "coordinates": [ [ [ 416676.813392377691343, 7621569.096739673987031 ], [ 416679.25266648363322, 7621554.984228944405913 ] ] ] } },
{ "type": "Feature", "properties": { "fid": 381.0, "COMPR_M": 387.54, "CLASSE": "03 - Média", "CD_FAZ": "403973", "TALHOES": "1", "FAZ_tAL": "403973001", "ID_LINHA": 241497 }, "geometry": { "type": "MultiLineString", "coordinates": [ [ [ 416521.6156091572484, 7621727.442383009009063 ], [ 416518.772880239936057, 7621711.737421501427889 ], [ 416515.869848284986801, 7621690.102038007229567 ], [ 416514.002524362294935, 7621668.353664549067616 ], [ 416513.101773210626561, 7621646.532865399494767 ], [ 416513.072833402897231, 7621624.681586223654449 ], [ 416513.820943626691587, 7621602.841772696003318 ], [ 416515.286889834445901, 7621581.053589057177305 ], [ 416517.54742141335737, 7621559.350385870784521 ], [ 416520.704442770918831, 7621537.763263210654259 ], [ 416524.737653060932644, 7621516.312980422750115 ], [ 416529.526014552102424, 7621495.011771035380661 ], [ 416534.973632002656814, 7621473.872719528153539 ], [ 416541.06276428635465, 7621452.911979901604354 ], [ 416547.789121932466514, 7621432.146234463900328 ], [ 416555.156922417925671, 7621411.597056465223432 ], [ 416563.223147882788908, 7621391.316355432383716 ], [ 416572.062970445374958, 7621371.366696079261601 ], [ 416581.835601902159397, 7621351.476262441836298 ] ] ] } }
]
}
