{
"type": "FeatureCollection",
"name": "403933",
"crs": { "type": "name", "properties": { "name": "urn:ogc:def:crs:EPSG::32722" } },
"xy_coordinate_resolution": 1e-15,
"features": [
{ "type": "Feature", "properties": { "fid": 1.0, "COMPR_M": 7.25, "CLASSE": "01 - Muito curta", "CD_FAZ": "403933", "TALHOES": "1", "FAZ_tAL": "403933001", "ID_LINHA": 228944 }, "geometry": { "type": "MultiLineString", "coordinates": [ [ [ 415893.68305880628759, 7631989.90474614687264 ], [ 415893.550243809586391, 7631982.6539525706321 ] ] ] } },
{ "type": "Feature", "properties": { "fid": 2.0, "COMPR_M": 18.47, "CLASSE": "01 - Muito curta", "CD_FAZ": "403933", "TALHOES": "1", "FAZ_tAL": "403933001", "ID_LINHA": 228945 }, "geometry": { "type": "MultiLineString", "coordinates": [ [ [ 415896.889648431213573, 7632001.155658069998026 ], [ 415896.551502320799045, 7631982.695185050368309 ] ] ] } },
{ "type": "Feature", "properties": { "fid": 3.0, "COMPR_M": 29.68, "CLASSE": "01 - Muito curta", "CD_FAZ": "403933", "TALHOES": "1", "FAZ_tAL": "403933001", "ID_LINHA": 228946 }, "geometry": { "type": "MultiLineString", "coordinates": [ [ [ 415900.096238058060408, 7632012.406569994054735 ], [ 415899.552760831371415, 7631982.736417530104518 ] ] ] } },
{ "type": "Feature", "properties": { "fid": 4.0, "COMPR_M": 40.9, "CLASSE": "01 - Muito curta", "CD_FAZ": "403933", "TALHOES": "1", "FAZ_tAL": "403933001", "ID_LINHA": 228947 }, "geometry": { "type": "MultiLineString", "coordinates": [ [ [ 415903.302827685431112, 7632023.657481916248798 ], [ 415902.55401934258407, 7631982.777650012634695 ] ] ] } },
{ "type": "Feature", "properties": { "fid": 5.0, "COMPR_M": 52.11, "CLASSE": "01 - Muito curta", "CD_FAZ": "403933", "TALHOES": "1", "FAZ_tAL": "403933001", "ID_LINHA": 228948 }, "geometry": { "type": "MultiLineString", "coordinates": [ [ [ 415906.509417310648132, 7632034.908393837511539 ], [ 415905.5552778551355, 7631982.818882491439581 ] ] ] } },
{ "type": "Feature", "properties": { "fid": 6.0, "COMPR_M": 62.84, "CLASSE": "01 - Muito curta", "CD_FAZ": "403933", "TALHOES": "1", "FAZ_tAL": "403933001", "ID_LINHA": 228949 }, "geometry": { "type": "MultiLineString", "coordinates": [ [ [ 415909.70702266623266, 7632045.668825780041516 ], [ 415908.556536365649663, 7631982.860114973038435 ] ] ] } },
{ "type": "Feature", "properties": { "fid": 7.0, "COMPR_M": 73.4, "CLASSE": "01 - Muito curta", "CD_FAZ": "403933", "TALHOES": "1", "FAZ_tAL": "403933001", "ID_LINHA": 228950 }, "geometry": { "type": "MultiLineString", "coordinates": [ [ [ 415912.901633262692485, 7632056.265764397569001 ], [ 415911.557794876862317, 7631982.901347452774644 ] ] ] } },
{ "type": "Feature", "properties": { "fid": 8.0, "COMPR_M": 83.96, "CLASSE": "01 - Muito curta", "CD_FAZ": "403933", "TALHOES": "1", "FAZ_tAL": "403933001", "ID_LINHA": 228951 }, "geometry": { "type": "MultiLineString", "coordinates": [ [ [ 415916.096243861422408, 7632066.862703015096486 ], [ 415914.55905338737648, 7631982.942579934373498 ] ] ] } },
{ "type": "Feature", "properties": { "fid": 9.0, "COMPR_M": 94.52, "CLASSE": "01 - Muito curta", "CD_FAZ": "403933", "TALHOES": "1", "FAZ_tAL": "403933001", "ID_LINHA": 228952 }, "geometry": { "type": "MultiLineString", "coordinates": [ [ [ 415919.29085445846431, 7632077.459641631692648 ], [ 415917.560311897890642, 7631982.983812414109707 ] ] ] } },
{ "type": "Feature", "properties": { "fid": 10.0, "COMPR_M": 105.08, "CLASSE": "02 - Curta", "CD_FAZ": "403933", "TALHOES": "1", "FAZ_tAL": "403933001", "ID_LINHA": 228953 }, "geometry": { "type": "MultiLineString", "coordinates": [ [ [ 415922.485465057077818, 7632088.056580249220133 ], [ 415920.561570410442073, 7631983.025044893845916 ] ] ] } },
{ "type": "Feature", "properties": { "fid": 11.0, "COMPR_M": 8.15, "CLASSE": "01 - Muito curta", "CD_FAZ": "403933", "TALHOES": "1", "FAZ_tAL": "403933001", "ID_LINHA": 228954 }, "geometry": { "type": "MultiLineString", "coordinates": [ [ [ 415913.422331465000752, 7632248.49936449341476 ], [ 415913.273081105202436, 7632240.351312102749944 ] ] ] } },
{ "type": "Feature", "properties": { "fid": 12.0, "COMPR_M": 18.63, "CLASSE": "01 - Muito curta", "CD_FAZ": "403933", "TALHOES": "1", "FAZ_tAL": "403933001", "ID_LINHA": 228955 }, "geometry": { "type": "MultiLineString", "coordinates": [ [ [ 415916.423467978951521, 7632248.533936748281121 ], [ 415916.082417558471207, 7632229.914908234961331 ] ] ] } },
{ "type": "Feature", "properties": { "fid": 13.0, "COMPR_M": 29.1, "CLASSE": "01 - Muito curta", "CD_FAZ": "403933", "TALHOES": "1", "FAZ_tAL": "403933001", "ID_LINHA": 228956 }, "geometry": { "type": "MultiLineString", "coordinates": [ [ [ 415919.424604492436629, 7632248.568509001284838 ], [ 415918.891754011274315, 7632219.478504369035363 ] ] ] } },
{ "type": "Feature", "properties": { "fid": 14.0, "COMPR_M": 39.58, "CLASSE": "01 - Muito curta", "CD_FAZ": "403933", "TALHOES": "1", "FAZ_tAL": "403933001", "ID_LINHA": 228957 }, "geometry": { "type": "MultiLineString", "coordinates": [ [ [ 415922.425741006038152, 7632248.603081258945167 ], [ 415921.701090463087894, 7632209.042100502178073 ] ] ] } },
{ "type": "Feature", "properties": { "fid": 15.0, "COMPR_M": 50.06, "CLASSE": "01 - Muito curta", "CD_FAZ": "403933", "TALHOES": "1", "FAZ_tAL": "403933001", "ID_LINHA": 228958 }, "geometry": { "type": "MultiLineString", "coordinates": [ [ [ 415925.426877519930713, 7632248.637653511017561 ], [ 415924.510426916414872, 7632198.60569663438946 ] ] ] } },
{ "type": "Feature", "properties": { "fid": 16.0, "COMPR_M": 265.73, "CLASSE": "02 - Curta", "CD_FAZ": "403933", "TALHOES": "1", "FAZ_tAL": "403933001", "ID_LINHA": 228959 }, "geometry": { "type": "MultiLineString", "coordinates": [ [ [ 415928.428014033939689, 7632248.672225766815245 ], [ 415923.56282892159652, 7631983.066277373582125 ] ] ] } },
{ "type": "Feature", "properties": { "fid": 17.0, "COMPR_M": 265.73, "CLASSE": "02 - Curta", "CD_FAZ": "403933", "TALHOES": "1", "FAZ_tAL": "403933001", "ID_LINHA": 228960 }, "geometry": { "type": "MultiLineString", "coordinates": [ [ [ 415931.429150547483005, 7632248.706798020750284 ], [ 415926.564087432809174, 7631983.107509854249656 ] ] ] } },
{ "type": "Feature", "properties": { "fid": 18.0, "COMPR_M": 265.72, "CLASSE": "02 - Curta", "CD_FAZ": "403933", "TALHOES": "1", "FAZ_tAL": "403933001", "ID_LINHA": 228961 }, "geometry": { "type": "MultiLineString", "coordinates": [ [ [ 415934.430287061841227, 7632248.741370275616646 ], [ 415929.565345944662113, 7631983.148742334917188 ] ] ] } },
{ "type": "Feature", "properties": { "fid": 19.0, "COMPR_M": 265.71, "CLASSE": "02 - Curta", "CD_FAZ": "403933", "TALHOES": "1", "FAZ_tAL": "403933001", "ID_LINHA": 228962 }, "geometry": { "type": "MultiLineString", "coordinates": [ [ [ 415937.431423575733788, 7632248.775942530483007 ], [ 415932.566604454535991, 7631983.189974817447364 ] ] ] } },
{ "type": "Feature", "properties": { "fid": 20.0, "COMPR_M": 265.71, "CLASSE": "02 - Curta", "CD_FAZ": "403933", "TALHOES": "1", "FAZ_tAL": "403933001", "ID_LINHA": 228963 }, "geometry": { "type": "MultiLineString", "coordinates": [ [ [ 415940.432560089160688, 7632248.810514785349369 ], [ 415935.567862965690438, 7631983.231207298114896 ] ] ] } },
{ "type": "Feature", "properties": { "fid": 21.0, "COMPR_M": 265.7, "CLASSE": "02 - Curta", "CD_FAZ": "403933", "TALHOES": "1", "FAZ_tAL": "403933001", "ID_LINHA": 228964 }, "geometry": { "type": "MultiLineString", "coordinates": [ [ [ 415943.433696601423435, 7632248.845087038353086 ], [ 415938.569121476903092, 7631983.27243977598846 ] ] ] } },
{ "type": "Feature", "properties": { "fid": 22.0, "COMPR_M": 265.69, "CLASSE": "02 - Curta", "CD_FAZ": "403933", "TALHOES": "1", "FAZ_tAL": "403933001", "ID_LINHA": 228965 }, "geometry": { "type": "MultiLineString", "coordinates": [ [ [ 415946.434833115257788, 7632248.879659295082092 ], [ 415941.570379988756031, 7631983.313672259449959 ] ] ] } },
{ "type": "Feature", "properties": { "fid": 23.0, "COMPR_M": 265.69, "CLASSE": "02 - Curta", "CD_FAZ": "403933", "TALHOES": "1", "FAZ_tAL": "403933001", "ID_LINHA": 228966 }, "geometry": { "type": "MultiLineString", "coordinates": [ [ [ 415949.435969629907049, 7632248.914231548085809 ], [ 415944.571638500667177, 7631983.354904737323523 ] ] ] } },
{ "type": "Feature", "properties": { "fid": 24.0, "COMPR_M": 265.68, "CLASSE": "02 - Curta", "CD_FAZ": "403933", "TALHOES": "1", "FAZ_tAL": "403933001", "ID_LINHA": 228967 }, "geometry": { "type": "MultiLineString", "coordinates": [ [ [ 415952.437106144730933, 7632248.948803803883493 ], [ 415947.572897011821624, 7631983.396137218922377 ] ] ] } },
{ "type": "Feature", "properties": { "fid": 25.0, "COMPR_M": 265.67, "CLASSE": "02 - Curta", "CD_FAZ": "403933", "TALHOES": "1", "FAZ_tAL": "403933001", "ID_LINHA": 228968 }, "geometry": { "type": "MultiLineString", "coordinates": [ [ [ 415955.438242658390664, 7632248.983376057818532 ], [ 415950.57415552175371, 7631983.437369699589908 ] ] ] } },
{ "type": "Feature", "properties": { "fid": 26.0, "COMPR_M": 265.67, "CLASSE": "02 - Curta", "CD_FAZ": "403933", "TALHOES": "1", "FAZ_tAL": "403933001", "ID_LINHA": 228969 }, "geometry": { "type": "MultiLineString", "coordinates": [ [ [ 415958.439379172283225, 7632249.017948313616216 ], [ 415953.575414032966364, 7631983.478602178394794 ] ] ] } },
{ "type": "Feature", "properties": { "fid": 27.0, "COMPR_M": 265.71, "CLASSE": "02 - Curta", "CD_FAZ": "403933", "TALHOES": "1", "FAZ_tAL": "403933001", "ID_LINHA": 228970 }, "geometry": { "type": "MultiLineString", "coordinates": [ [ [ 415961.441338428237941, 7632249.097436744719744 ], [ 415956.576672543538734, 7631983.519834659993649 ] ] ] } },
{ "type": "Feature", "properties": { "fid": 28.0, "COMPR_M": 265.77, "CLASSE": "02 - Curta", "CD_FAZ": "403933", "TALHOES": "1", "FAZ_tAL": "403933001", "ID_LINHA": 228971 }, "geometry": { "type": "MultiLineString", "coordinates": [ [ [ 415964.443860934174154, 7632249.207674661651254 ], [ 415959.577931055449881, 7631983.561067137867212 ] ] ] } },
{ "type": "Feature", "properties": { "fid": 29.0, "COMPR_M": 265.84, "CLASSE": "02 - Curta", "CD_FAZ": "403933", "TALHOES": "1", "FAZ_tAL": "403933001", "ID_LINHA": 228972 }, "geometry": { "type": "MultiLineString", "coordinates": [ [ [ 415967.446341949515045, 7632249.315647535026073 ], [ 415962.579189567361027, 7631983.602299620397389 ] ] ] } },
{ "type": "Feature", "properties": { "fid": 30.0, "COMPR_M": 265.82, "CLASSE": "02 - Curta", "CD_FAZ": "403933", "TALHOES": "1", "FAZ_tAL": "403933001", "ID_LINHA": 228973 }, "geometry": { "type": "MultiLineString", "coordinates": [ [ [ 415970.447295197634958, 7632249.340214746072888 ], [ 415965.580448078631889, 7631983.64353210106492 ] ] ] } },
{ "type": "Feature", "properties": { "fid": 31.0, "COMPR_M": 265.81, "CLASSE": "02 - Curta", "CD_FAZ": "403933", "TALHOES": "1", "FAZ_tAL": "403933001", "ID_LINHA": 228974 }, "geometry": { "type": "MultiLineString", "coordinates": [ [ [ 415973.448248446162324, 7632249.364781958982348 ], [ 415968.581706589902751, 7631983.684764578938484 ] ] ] } },
{ "type": "Feature", "properties": { "fid": 32.0, "COMPR_M": 265.79, "CLASSE": "02 - Curta", "CD_FAZ": "403933", "TALHOES": "1", "FAZ_tAL": "403933001", "ID_LINHA": 228975 }, "geometry": { "type": "MultiLineString", "coordinates": [ [ [ 415976.449201601441018, 7632249.389344086870551 ], [ 415971.582965101231821, 7631983.725997061468661 ] ] ] } },
{ "type": "Feature", "properties": { "fid": 33.0, "COMPR_M": 265.77, "CLASSE": "02 - Curta", "CD_FAZ": "403933", "TALHOES": "1", "FAZ_tAL": "403933001", "ID_LINHA": 228976 }, "geometry": { "type": "MultiLineString", "coordinates": [ [ [ 415979.45015387586318, 7632249.413858179934323 ], [ 415974.584223611862399, 7631983.767229540273547 ] ] ] } },
{ "type": "Feature", "properties": { "fid": 34.0, "COMPR_M": 265.76, "CLASSE": "02 - Curta", "CD_FAZ": "403933", "TALHOES": "1", "FAZ_tAL": "403933001", "ID_LINHA": 228977 }, "geometry": { "type": "MultiLineString", "coordinates": [ [ [ 415982.451106151973363, 7632249.438372273929417 ], [ 415977.585482123191468, 7631983.808462023735046 ] ] ] } },
{ "type": "Feature", "properties": { "fid": 35.0, "COMPR_M": 265.74, "CLASSE": "02 - Curta", "CD_FAZ": "403933", "TALHOES": "1", "FAZ_tAL": "403933001", "ID_LINHA": 228978 }, "geometry": { "type": "MultiLineString", "coordinates": [ [ [ 415985.452058427967131, 7632249.462886366993189 ], [ 415980.586740634520538, 7631983.849694503471255 ] ] ] } },
{ "type": "Feature", "properties": { "fid": 36.0, "COMPR_M": 265.72, "CLASSE": "02 - Curta", "CD_FAZ": "403933", "TALHOES": "1", "FAZ_tAL": "403933001", "ID_LINHA": 228979 }, "geometry": { "type": "MultiLineString", "coordinates": [ [ [ 415988.453010703669861, 7632249.487400459125638 ], [ 415983.587999143870547, 7631983.890926984138787 ] ] ] } },
{ "type": "Feature", "properties": { "fid": 37.0, "COMPR_M": 265.71, "CLASSE": "02 - Curta", "CD_FAZ": "403933", "TALHOES": "1", "FAZ_tAL": "403933001", "ID_LINHA": 228980 }, "geometry": { "type": "MultiLineString", "coordinates": [ [ [ 415991.453962978557684, 7632249.511914551258087 ], [ 415986.589257655956317, 7631983.932159462943673 ] ] ] } },
{ "type": "Feature", "properties": { "fid": 38.0, "COMPR_M": 265.69, "CLASSE": "02 - Curta", "CD_FAZ": "403933", "TALHOES": "1", "FAZ_tAL": "403933001", "ID_LINHA": 228981 }, "geometry": { "type": "MultiLineString", "coordinates": [ [ [ 415994.454915254493244, 7632249.536428644321859 ], [ 415989.590516167925671, 7631983.973391942679882 ] ] ] } },
{ "type": "Feature", "properties": { "fid": 39.0, "COMPR_M": 265.67, "CLASSE": "02 - Curta", "CD_FAZ": "403933", "TALHOES": "1", "FAZ_tAL": "403933001", "ID_LINHA": 228982 }, "geometry": { "type": "MultiLineString", "coordinates": [ [ [ 415997.455867528915405, 7632249.560942737385631 ], [ 415992.591774679371156, 7631984.014624424278736 ] ] ] } },
{ "type": "Feature", "properties": { "fid": 40.0, "COMPR_M": 265.66, "CLASSE": "02 - Curta", "CD_FAZ": "403933", "TALHOES": "1", "FAZ_tAL": "403933001", "ID_LINHA": 228983 }, "geometry": { "type": "MultiLineString", "coordinates": [ [ [ 416000.45681980450172, 7632249.58545682951808 ], [ 415995.593033190118149, 7631984.055856904946268 ] ] ] } },
{ "type": "Feature", "properties": { "fid": 41.0, "COMPR_M": 265.64, "CLASSE": "02 - Curta", "CD_FAZ": "403933", "TALHOES": "1", "FAZ_tAL": "403933001", "ID_LINHA": 228984 }, "geometry": { "type": "MultiLineString", "coordinates": [ [ [ 416003.457834079570603, 7632249.613355664536357 ], [ 415998.594291701621842, 7631984.097089384682477 ] ] ] } },
{ "type": "Feature", "properties": { "fid": 42.0, "COMPR_M": 265.64, "CLASSE": "02 - Curta", "CD_FAZ": "403933", "TALHOES": "1", "FAZ_tAL": "403933001", "ID_LINHA": 228985 }, "geometry": { "type": "MultiLineString", "coordinates": [ [ [ 416006.459091980126686, 7632249.654554901644588 ], [ 416001.595550213707611, 7631984.138321865350008 ] ] ] } },
{ "type": "Feature", "properties": { "fid": 43.0, "COMPR_M": 265.64, "CLASSE": "02 - Curta", "CD_FAZ": "403933", "TALHOES": "1", "FAZ_tAL": "403933001", "ID_LINHA": 228986 }, "geometry": { "type": "MultiLineString", "coordinates": [ [ [ 416009.460349883360323, 7632249.695754135027528 ], [ 416004.596808723290451, 7631984.179554345086217 ] ] ] } },
{ "type": "Feature", "properties": { "fid": 44.0, "COMPR_M": 265.64, "CLASSE": "02 - Curta", "CD_FAZ": "403933", "TALHOES": "1", "FAZ_tAL": "403933001", "ID_LINHA": 228987 }, "geometry": { "type": "MultiLineString", "coordinates": [ [ [ 416012.461607784614898, 7632249.736953370273113 ], [ 416007.598067235434428, 7631984.220786826685071 ] ] ] } },
{ "type": "Feature", "properties": { "fid": 45.0, "COMPR_M": 265.64, "CLASSE": "02 - Curta", "CD_FAZ": "403933", "TALHOES": "1, 4", "FAZ_tAL": "403933001, 403941004", "ID_LINHA": 228988 }, "geometry": { "type": "MultiLineString", "coordinates": [ [ [ 416015.462865688488819, 7632249.778152605518699 ], [ 416010.599325746297836, 7631984.26201930642128 ] ] ] } },
{ "type": "Feature", "properties": { "fid": 46.0, "COMPR_M": 265.64, "CLASSE": "02 - Curta", "CD_FAZ": "403933", "TALHOES": "1", "FAZ_tAL": "403933001", "ID_LINHA": 228989 }, "geometry": { "type": "MultiLineString", "coordinates": [ [ [ 416018.464123590383679, 7632249.819351838901639 ], [ 416013.600584257219452, 7631984.303251787088811 ] ] ] } },
{ "type": "Feature", "properties": { "fid": 47.0, "COMPR_M": 265.64, "CLASSE": "02 - Curta", "CD_FAZ": "403933", "TALHOES": "1", "FAZ_tAL": "403933001", "ID_LINHA": 228990 }, "geometry": { "type": "MultiLineString", "coordinates": [ [ [ 416021.465381491696462, 7632249.860551074147224 ], [ 416016.601842768781353, 7631984.344484267756343 ] ] ] } },
{ "type": "Feature", "properties": { "fid": 48.0, "COMPR_M": 265.64, "CLASSE": "02 - Curta", "CD_FAZ": "403933", "TALHOES": "1", "FAZ_tAL": "403933001", "ID_LINHA": 228991 }, "geometry": { "type": "MultiLineString", "coordinates": [ [ [ 416024.466639394988306, 7632249.90175030939281 ], [ 416019.603101279761177, 7631984.385716747492552 ] ] ] } },
{ "type": "Feature", "properties": { "fid": 49.0, "COMPR_M": 265.64, "CLASSE": "02 - Curta", "CD_FAZ": "403933", "TALHOES": "1", "FAZ_tAL": "403933001", "ID_LINHA": 228992 }, "geometry": { "type": "MultiLineString", "coordinates": [ [ [ 416027.467897296941373, 7632249.942949544638395 ], [ 416022.604359791439492, 7631984.426949228160083 ] ] ] } },
{ "type": "Feature", "properties": { "fid": 50.0, "COMPR_M": 265.64, "CLASSE": "02 - Curta", "CD_FAZ": "403933", "TALHOES": "1", "FAZ_tAL": "403933001", "ID_LINHA": 228993 }, "geometry": { "type": "MultiLineString", "coordinates": [ [ [ 416030.469155198952649, 7632249.984148778952658 ], [ 416025.605618302419316, 7631984.468181709758937 ] ] ] } },
{ "type": "Feature", "properties": { "fid": 51.0, "COMPR_M": 265.64, "CLASSE": "02 - Curta", "CD_FAZ": "403933", "TALHOES": "1, 4", "FAZ_tAL": "403933001, 403941004", "ID_LINHA": 228994 }, "geometry": { "type": "MultiLineString", "coordinates": [ [ [ 416033.470413101604208, 7632250.025348013266921 ], [ 416028.606876812176779, 7631984.509414189495146 ] ] ] } },
{ "type": "Feature", "properties": { "fid": 52.0, "COMPR_M": 265.64, "CLASSE": "02 - Curta", "CD_FAZ": "403933", "TALHOES": "1, 4", "FAZ_tAL": "403933001, 403941004", "ID_LINHA": 228995 }, "geometry": { "type": "MultiLineString", "coordinates": [ [ [ 416036.471671003673691, 7632250.066547246649861 ], [ 416031.608135324553587, 7631984.550646668300033 ] ] ] } },
{ "type": "Feature", "properties": { "fid": 53.0, "COMPR_M": 265.64, "CLASSE": "02 - Curta", "CD_FAZ": "403933", "TALHOES": "1, 4", "FAZ_tAL": "403933001, 403941004", "ID_LINHA": 228996 }, "geometry": { "type": "MultiLineString", "coordinates": [ [ [ 416039.472928905743174, 7632250.107746481895447 ], [ 416034.609393835708033, 7631984.591879148036242 ] ] ] } },
{ "type": "Feature", "properties": { "fid": 54.0, "COMPR_M": 265.64, "CLASSE": "02 - Curta", "CD_FAZ": "403933", "TALHOES": "1, 4", "FAZ_tAL": "403933001, 403941004", "ID_LINHA": 228997 }, "geometry": { "type": "MultiLineString", "coordinates": [ [ [ 416042.474186807812657, 7632250.148945717141032 ], [ 416037.61065234686248, 7631984.633111629635096 ] ] ] } },
{ "type": "Feature", "properties": { "fid": 55.0, "COMPR_M": 265.64, "CLASSE": "02 - Curta", "CD_FAZ": "403933", "TALHOES": "1, 4", "FAZ_tAL": "403933001, 403941004", "ID_LINHA": 228998 }, "geometry": { "type": "MultiLineString", "coordinates": [ [ [ 416045.475444710580632, 7632250.190144951455295 ], [ 416040.611910856678151, 7631984.674344109371305 ] ] ] } },
{ "type": "Feature", "properties": { "fid": 56.0, "COMPR_M": 265.64, "CLASSE": "02 - Curta", "CD_FAZ": "403933", "TALHOES": "1, 4", "FAZ_tAL": "403933001, 403941004", "ID_LINHA": 228999 }, "geometry": { "type": "MultiLineString", "coordinates": [ [ [ 416048.476702611311339, 7632250.231344186700881 ], [ 416043.613169369229581, 7631984.715576589107513 ] ] ] } },
{ "type": "Feature", "properties": { "fid": 57.0, "COMPR_M": 265.64, "CLASSE": "02 - Curta", "CD_FAZ": "403933", "TALHOES": "1, 4", "FAZ_tAL": "403933001, 403941004", "ID_LINHA": 229000 }, "geometry": { "type": "MultiLineString", "coordinates": [ [ [ 416051.477960514777806, 7632250.272543421015143 ], [ 416046.614427879801951, 7631984.756809070706367 ] ] ] } },
{ "type": "Feature", "properties": { "fid": 58.0, "COMPR_M": 265.64, "CLASSE": "02 - Curta", "CD_FAZ": "403933", "TALHOES": "1, 4", "FAZ_tAL": "403933001, 403941004", "ID_LINHA": 229001 }, "geometry": { "type": "MultiLineString", "coordinates": [ [ [ 416054.479218417021912, 7632250.313742655329406 ], [ 416049.615686391713098, 7631984.798041552305222 ] ] ] } },
{ "type": "Feature", "properties": { "fid": 59.0, "COMPR_M": 265.64, "CLASSE": "02 - Curta", "CD_FAZ": "403933", "TALHOES": "1", "FAZ_tAL": "403933001", "ID_LINHA": 229002 }, "geometry": { "type": "MultiLineString", "coordinates": [ [ [ 416057.480476318509318, 7632250.354941889643669 ], [ 416052.616944903042167, 7631984.839274030178785 ] ] ] } },
{ "type": "Feature", "properties": { "fid": 60.0, "COMPR_M": 265.64, "CLASSE": "02 - Curta", "CD_FAZ": "403933", "TALHOES": "1", "FAZ_tAL": "403933001", "ID_LINHA": 229003 }, "geometry": { "type": "MultiLineString", "coordinates": [ [ [ 416060.481734221451916, 7632250.396141124889255 ], [ 416055.618203414429445, 7631984.880506512708962 ] ] ] } },
{ "type": "Feature", "properties": { "fid": 61.0, "COMPR_M": 265.64, "CLASSE": "02 - Curta", "CD_FAZ": "403933", "TALHOES": "1", "FAZ_tAL": "403933001", "ID_LINHA": 229004 }, "geometry": { "type": "MultiLineString", "coordinates": [ [ [ 416063.482992123696022, 7632250.437340358272195 ], [ 416058.619461923837662, 7631984.921738994307816 ] ] ] } },
{ "type": "Feature", "properties": { "fid": 62.0, "COMPR_M": 265.64, "CLASSE": "02 - Curta", "CD_FAZ": "403933", "TALHOES": "1, 4", "FAZ_tAL": "403933001, 403941004", "ID_LINHA": 229005 }, "geometry": { "type": "MultiLineString", "coordinates": [ [ [ 416066.484250025241636, 7632250.478539592586458 ], [ 416061.620720436563715, 7631984.962971473112702 ] ] ] } },
{ "type": "Feature", "properties": { "fid": 63.0, "COMPR_M": 265.64, "CLASSE": "02 - Curta", "CD_FAZ": "403933", "TALHOES": "1, 4", "FAZ_tAL": "403933001, 403941004", "ID_LINHA": 229006 }, "geometry": { "type": "MultiLineString", "coordinates": [ [ [ 416069.485507928242441, 7632250.519738828763366 ], [ 416064.6219789480092, 7631985.004203953780234 ] ] ] } },
{ "type": "Feature", "properties": { "fid": 64.0, "COMPR_M": 265.64, "CLASSE": "02 - Curta", "CD_FAZ": "403933", "TALHOES": "1", "FAZ_tAL": "403933001", "ID_LINHA": 229007 }, "geometry": { "type": "MultiLineString", "coordinates": [ [ [ 416072.486765830544755, 7632250.560938062146306 ], [ 416067.623237458872609, 7631985.045436434447765 ] ] ] } },
{ "type": "Feature", "properties": { "fid": 65.0, "COMPR_M": 265.64, "CLASSE": "02 - Curta", "CD_FAZ": "403933", "TALHOES": "1", "FAZ_tAL": "403933001", "ID_LINHA": 229008 }, "geometry": { "type": "MultiLineString", "coordinates": [ [ [ 416075.488023732264992, 7632250.602137299254537 ], [ 416070.624495969794225, 7631985.086668914183974 ] ] ] } },
{ "type": "Feature", "properties": { "fid": 66.0, "COMPR_M": 265.64, "CLASSE": "02 - Curta", "CD_FAZ": "403933", "TALHOES": "1", "FAZ_tAL": "403933001", "ID_LINHA": 229009 }, "geometry": { "type": "MultiLineString", "coordinates": [ [ [ 416078.489281634683721, 7632250.643336532637477 ], [ 416073.625754480715841, 7631985.127901393920183 ] ] ] } },
{ "type": "Feature", "properties": { "fid": 67.0, "COMPR_M": 265.64, "CLASSE": "02 - Curta", "CD_FAZ": "403933", "TALHOES": "1", "FAZ_tAL": "403933001", "ID_LINHA": 229010 }, "geometry": { "type": "MultiLineString", "coordinates": [ [ [ 416081.49053953710245, 7632250.684535766020417 ], [ 416076.627012992394157, 7631985.169133875519037 ] ] ] } },
{ "type": "Feature", "properties": { "fid": 68.0, "COMPR_M": 265.64, "CLASSE": "02 - Curta", "CD_FAZ": "403933", "TALHOES": "1", "FAZ_tAL": "403933001", "ID_LINHA": 229011 }, "geometry": { "type": "MultiLineString", "coordinates": [ [ [ 416084.491797438939102, 7632250.725735001266003 ], [ 416079.628271503373981, 7631985.210366355255246 ] ] ] } },
{ "type": "Feature", "properties": { "fid": 69.0, "COMPR_M": 265.64, "CLASSE": "02 - Curta", "CD_FAZ": "403933", "TALHOES": "1", "FAZ_tAL": "403933001", "ID_LINHA": 229012 }, "geometry": { "type": "MultiLineString", "coordinates": [ [ [ 416087.493055340717547, 7632250.766934236511588 ], [ 416082.629530015808996, 7631985.251598834060133 ] ] ] } },
{ "type": "Feature", "properties": { "fid": 70.0, "COMPR_M": 265.64, "CLASSE": "02 - Curta", "CD_FAZ": "403933", "TALHOES": "1", "FAZ_tAL": "403933001", "ID_LINHA": 229013 }, "geometry": { "type": "MultiLineString", "coordinates": [ [ [ 416090.494313242612407, 7632250.808133469894528 ], [ 416085.630788526905235, 7631985.292831316590309 ] ] ] } },
{ "type": "Feature", "properties": { "fid": 71.0, "COMPR_M": 265.64, "CLASSE": "02 - Curta", "CD_FAZ": "403933", "TALHOES": "1", "FAZ_tAL": "403933001", "ID_LINHA": 229014 }, "geometry": { "type": "MultiLineString", "coordinates": [ [ [ 416093.495571145205759, 7632250.849332706071436 ], [ 416088.632047037419397, 7631985.334063796326518 ] ] ] } },
{ "type": "Feature", "properties": { "fid": 72.0, "COMPR_M": 265.64, "CLASSE": "02 - Curta", "CD_FAZ": "403933", "TALHOES": "1", "FAZ_tAL": "403933001", "ID_LINHA": 229015 }, "geometry": { "type": "MultiLineString", "coordinates": [ [ [ 416096.496829048439395, 7632250.890531939454377 ], [ 416091.633305549272336, 7631985.37529627699405 ] ] ] } },
{ "type": "Feature", "properties": { "fid": 73.0, "COMPR_M": 265.64, "CLASSE": "02 - Curta", "CD_FAZ": "403933", "TALHOES": "1", "FAZ_tAL": "403933001", "ID_LINHA": 229016 }, "geometry": { "type": "MultiLineString", "coordinates": [ [ [ 416099.498086949111894, 7632250.93173117376864 ], [ 416094.634564059902914, 7631985.416528755798936 ] ] ] } },
{ "type": "Feature", "properties": { "fid": 74.0, "COMPR_M": 265.64, "CLASSE": "02 - Curta", "CD_FAZ": "403933", "TALHOES": "1", "FAZ_tAL": "403933001", "ID_LINHA": 229017 }, "geometry": { "type": "MultiLineString", "coordinates": [ [ [ 416102.499344852461945, 7632250.972930409014225 ], [ 416097.635822569893207, 7631985.457761239260435 ] ] ] } },
{ "type": "Feature", "properties": { "fid": 75.0, "COMPR_M": 265.64, "CLASSE": "02 - Curta", "CD_FAZ": "403933", "TALHOES": "1", "FAZ_tAL": "403933001", "ID_LINHA": 229018 }, "geometry": { "type": "MultiLineString", "coordinates": [ [ [ 416105.500602754531428, 7632251.014129643328488 ], [ 416100.637081080581993, 7631985.498993718996644 ] ] ] } },
{ "type": "Feature", "properties": { "fid": 76.0, "COMPR_M": 265.64, "CLASSE": "02 - Curta", "CD_FAZ": "403933", "TALHOES": "1", "FAZ_tAL": "403933001", "ID_LINHA": 229019 }, "geometry": { "type": "MultiLineString", "coordinates": [ [ [ 416108.501860657299403, 7632251.055328877642751 ], [ 416103.638339592667762, 7631985.540226198732853 ] ] ] } },
{ "type": "Feature", "properties": { "fid": 77.0, "COMPR_M": 265.64, "CLASSE": "02 - Curta", "CD_FAZ": "403933", "TALHOES": "1", "FAZ_tAL": "403933001", "ID_LINHA": 229020 }, "geometry": { "type": "MultiLineString", "coordinates": [ [ [ 416111.503118559427094, 7632251.096528111957014 ], [ 416106.639598104171455, 7631985.581458679400384 ] ] ] } },
{ "type": "Feature", "properties": { "fid": 78.0, "COMPR_M": 265.64, "CLASSE": "02 - Curta", "CD_FAZ": "403933", "TALHOES": "1", "FAZ_tAL": "403933001", "ID_LINHA": 229021 }, "geometry": { "type": "MultiLineString", "coordinates": [ [ [ 416114.504376460332423, 7632251.137727348133922 ], [ 416109.640856614336371, 7631985.622691159136593 ] ] ] } },
{ "type": "Feature", "properties": { "fid": 79.0, "COMPR_M": 265.64, "CLASSE": "02 - Curta", "CD_FAZ": "403933", "TALHOES": "1", "FAZ_tAL": "403933001", "ID_LINHA": 229022 }, "geometry": { "type": "MultiLineString", "coordinates": [ [ [ 416117.505634362576529, 7632251.178926580585539 ], [ 416112.642115126596764, 7631985.663923639804125 ] ] ] } },
{ "type": "Feature", "properties": { "fid": 80.0, "COMPR_M": 265.64, "CLASSE": "02 - Curta", "CD_FAZ": "403933", "TALHOES": "1", "FAZ_tAL": "403933001", "ID_LINHA": 229023 }, "geometry": { "type": "MultiLineString", "coordinates": [ [ [ 416120.506892266101204, 7632251.220125816762447 ], [ 416115.643373636878096, 7631985.705156119540334 ] ] ] } },
{ "type": "Feature", "properties": { "fid": 81.0, "COMPR_M": 265.64, "CLASSE": "02 - Curta", "CD_FAZ": "403933", "TALHOES": "1", "FAZ_tAL": "403933001", "ID_LINHA": 229024 }, "geometry": { "type": "MultiLineString", "coordinates": [ [ [ 416123.508150167763233, 7632251.26132505107671 ], [ 416118.644632149254903, 7631985.746388600207865 ] ] ] } },
{ "type": "Feature", "properties": { "fid": 82.0, "COMPR_M": 265.64, "CLASSE": "02 - Curta", "CD_FAZ": "403933", "TALHOES": "1", "FAZ_tAL": "403933001", "ID_LINHA": 229025 }, "geometry": { "type": "MultiLineString", "coordinates": [ [ [ 416126.509408069541678, 7632251.302524285390973 ], [ 416121.645890660351142, 7631985.787621080875397 ] ] ] } },
{ "type": "Feature", "properties": { "fid": 83.0, "COMPR_M": 265.64, "CLASSE": "02 - Curta", "CD_FAZ": "403933", "TALHOES": "1", "FAZ_tAL": "403933001", "ID_LINHA": 229026 }, "geometry": { "type": "MultiLineString", "coordinates": [ [ [ 416129.510665972542483, 7632251.343723520636559 ], [ 416124.647149170807097, 7631985.828853561542928 ] ] ] } },
{ "type": "Feature", "properties": { "fid": 84.0, "COMPR_M": 265.64, "CLASSE": "02 - Curta", "CD_FAZ": "403933", "TALHOES": "1", "FAZ_tAL": "403933001", "ID_LINHA": 229027 }, "geometry": { "type": "MultiLineString", "coordinates": [ [ [ 416132.51192387501942, 7632251.384922754950821 ], [ 416127.648407682660036, 7631985.870086040347815 ] ] ] } },
{ "type": "Feature", "properties": { "fid": 85.0, "COMPR_M": 265.64, "CLASSE": "02 - Curta", "CD_FAZ": "403933", "TALHOES": "1", "FAZ_tAL": "403933001", "ID_LINHA": 229028 }, "geometry": { "type": "MultiLineString", "coordinates": [ [ [ 416135.513181776215788, 7632251.426121989265084 ], [ 416130.649666193930898, 7631985.911318522877991 ] ] ] } },
{ "type": "Feature", "properties": { "fid": 86.0, "COMPR_M": 265.64, "CLASSE": "02 - Curta", "CD_FAZ": "403933", "TALHOES": "1", "FAZ_tAL": "403933001", "ID_LINHA": 229029 }, "geometry": { "type": "MultiLineString", "coordinates": [ [ [ 416138.514439679391216, 7632251.46732122451067 ], [ 416133.650924705259968, 7631985.952551001682878 ] ] ] } },
{ "type": "Feature", "properties": { "fid": 87.0, "COMPR_M": 265.64, "CLASSE": "02 - Curta", "CD_FAZ": "403933", "TALHOES": "1", "FAZ_tAL": "403933001", "ID_LINHA": 229030 }, "geometry": { "type": "MultiLineString", "coordinates": [ [ [ 416141.515697581344284, 7632251.508520459756255 ], [ 416136.652183216589037, 7631985.993783484213054 ] ] ] } },
{ "type": "Feature", "properties": { "fid": 88.0, "COMPR_M": 265.64, "CLASSE": "02 - Curta", "CD_FAZ": "403933", "TALHOES": "1", "FAZ_tAL": "403933001", "ID_LINHA": 229031 }, "geometry": { "type": "MultiLineString", "coordinates": [ [ [ 416144.516955483355559, 7632251.549719693139195 ], [ 416139.653441726055462, 7631986.035015963017941 ] ] ] } },
{ "type": "Feature", "properties": { "fid": 89.0, "COMPR_M": 265.64, "CLASSE": "02 - Curta", "CD_FAZ": "403933", "TALHOES": "1", "FAZ_tAL": "403933001", "ID_LINHA": 229032 }, "geometry": { "type": "MultiLineString", "coordinates": [ [ [ 416147.518213386065327, 7632251.590918928384781 ], [ 416142.654700238257647, 7631986.076248443685472 ] ] ] } },
{ "type": "Feature", "properties": { "fid": 90.0, "COMPR_M": 265.64, "CLASSE": "02 - Curta", "CD_FAZ": "403933", "TALHOES": "1", "FAZ_tAL": "403933001", "ID_LINHA": 229033 }, "geometry": { "type": "MultiLineString", "coordinates": [ [ [ 416150.519471288775094, 7632251.632118163630366 ], [ 416145.655958749819547, 7631986.117480924353004 ] ] ] } },
{ "type": "Feature", "properties": { "fid": 91.0, "COMPR_M": 265.64, "CLASSE": "02 - Curta", "CD_FAZ": "403933", "TALHOES": "1", "FAZ_tAL": "403933001", "ID_LINHA": 229034 }, "geometry": { "type": "MultiLineString", "coordinates": [ [ [ 416153.520729190960992, 7632251.673317397013307 ], [ 416148.657217260799371, 7631986.15871340315789 ] ] ] } },
{ "type": "Feature", "properties": { "fid": 92.0, "COMPR_M": 265.64, "CLASSE": "02 - Curta", "CD_FAZ": "403933", "TALHOES": "1", "FAZ_tAL": "403933001", "ID_LINHA": 229035 }, "geometry": { "type": "MultiLineString", "coordinates": [ [ [ 416156.521987092506606, 7632251.714516632258892 ], [ 416151.658475772477686, 7631986.199945886619389 ] ] ] } },
{ "type": "Feature", "properties": { "fid": 93.0, "COMPR_M": 265.64, "CLASSE": "02 - Curta", "CD_FAZ": "403933", "TALHOES": "1", "FAZ_tAL": "403933001", "ID_LINHA": 229036 }, "geometry": { "type": "MultiLineString", "coordinates": [ [ [ 416159.523244994110428, 7632251.7557158684358 ], [ 416154.659734283573925, 7631986.241178365424275 ] ] ] } },
{ "type": "Feature", "properties": { "fid": 94.0, "COMPR_M": 265.64, "CLASSE": "02 - Curta", "CD_FAZ": "403933", "TALHOES": "1", "FAZ_tAL": "403933001", "ID_LINHA": 229037 }, "geometry": { "type": "MultiLineString", "coordinates": [ [ [ 416162.524502897053026, 7632251.79691510181874 ], [ 416157.660992794728372, 7631986.282410847023129 ] ] ] } },
{ "type": "Feature", "properties": { "fid": 95.0, "COMPR_M": 265.64, "CLASSE": "02 - Curta", "CD_FAZ": "403933", "TALHOES": "1", "FAZ_tAL": "403933001", "ID_LINHA": 229038 }, "geometry": { "type": "MultiLineString", "coordinates": [ [ [ 416165.525760797492694, 7632251.838114336133003 ], [ 416160.662251305999234, 7631986.323643324896693 ] ] ] } },
{ "type": "Feature", "properties": { "fid": 96.0, "COMPR_M": 265.64, "CLASSE": "02 - Curta", "CD_FAZ": "403933", "TALHOES": "1", "FAZ_tAL": "403933001", "ID_LINHA": 229039 }, "geometry": { "type": "MultiLineString", "coordinates": [ [ [ 416168.527018700609915, 7632251.879313570447266 ], [ 416163.663509817328304, 7631986.364875805564225 ] ] ] } },
{ "type": "Feature", "properties": { "fid": 97.0, "COMPR_M": 265.64, "CLASSE": "02 - Curta", "CD_FAZ": "403933", "TALHOES": "1", "FAZ_tAL": "403933001", "ID_LINHA": 229040 }, "geometry": { "type": "MultiLineString", "coordinates": [ [ [ 416171.528276603727136, 7632251.920512806624174 ], [ 416166.66476832801709, 7631986.406108288094401 ] ] ] } },
{ "type": "Feature", "properties": { "fid": 98.0, "COMPR_M": 265.64, "CLASSE": "02 - Curta", "CD_FAZ": "403933", "TALHOES": "1", "FAZ_tAL": "403933001", "ID_LINHA": 229041 }, "geometry": { "type": "MultiLineString", "coordinates": [ [ [ 416174.529534505621996, 7632251.961712040007114 ], [ 416169.666026840161067, 7631986.447340766899288 ] ] ] } },
{ "type": "Feature", "properties": { "fid": 99.0, "COMPR_M": 265.64, "CLASSE": "02 - Curta", "CD_FAZ": "403933", "TALHOES": "1", "FAZ_tAL": "403933001", "ID_LINHA": 229042 }, "geometry": { "type": "MultiLineString", "coordinates": [ [ [ 416177.530792407575063, 7632252.002911273390055 ], [ 416172.667285351024475, 7631986.488573248498142 ] ] ] } },
{ "type": "Feature", "properties": { "fid": 100.0, "COMPR_M": 265.64, "CLASSE": "02 - Curta", "CD_FAZ": "403933", "TALHOES": "1", "FAZ_tAL": "403933001", "ID_LINHA": 229043 }, "geometry": { "type": "MultiLineString", "coordinates": [ [ [ 416180.532050310284831, 7632252.044110509566963 ], [ 416175.668543861247599, 7631986.529805729165673 ] ] ] } },
{ "type": "Feature", "properties": { "fid": 101.0, "COMPR_M": 265.64, "CLASSE": "02 - Curta", "CD_FAZ": "403933", "TALHOES": "1", "FAZ_tAL": "403933001", "ID_LINHA": 229044 }, "geometry": { "type": "MultiLineString", "coordinates": [ [ [ 416183.533308211714029, 7632252.085309743881226 ], [ 416178.669802372925915, 7631986.571038208901882 ] ] ] } },
{ "type": "Feature", "properties": { "fid": 102.0, "COMPR_M": 265.64, "CLASSE": "02 - Curta", "CD_FAZ": "403933", "TALHOES": "1", "FAZ_tAL": "403933001", "ID_LINHA": 229045 }, "geometry": { "type": "MultiLineString", "coordinates": [ [ [ 416186.534566114482004, 7632252.126508978195488 ], [ 416181.671060883323662, 7631986.612270688638091 ] ] ] } },
{ "type": "Feature", "properties": { "fid": 103.0, "COMPR_M": 265.64, "CLASSE": "02 - Curta", "CD_FAZ": "403933", "TALHOES": "1", "FAZ_tAL": "403933001", "ID_LINHA": 229046 }, "geometry": { "type": "MultiLineString", "coordinates": [ [ [ 416189.535824015387334, 7632252.167708212509751 ], [ 416184.672319395176601, 7631986.6535031683743 ] ] ] } },
{ "type": "Feature", "properties": { "fid": 104.0, "COMPR_M": 265.64, "CLASSE": "02 - Curta", "CD_FAZ": "403933", "TALHOES": "1", "FAZ_tAL": "403933001", "ID_LINHA": 229047 }, "geometry": { "type": "MultiLineString", "coordinates": [ [ [ 416192.537081918912008, 7632252.208907447755337 ], [ 416187.673577906447463, 7631986.694735651835799 ] ] ] } },
{ "type": "Feature", "properties": { "fid": 105.0, "COMPR_M": 265.64, "CLASSE": "02 - Curta", "CD_FAZ": "403933", "TALHOES": "1", "FAZ_tAL": "403933001", "ID_LINHA": 229048 }, "geometry": { "type": "MultiLineString", "coordinates": [ [ [ 416195.53833982127253, 7632252.250106680206954 ], [ 416190.674836417078041, 7631986.735968130640686 ] ] ] } },
{ "type": "Feature", "properties": { "fid": 106.0, "COMPR_M": 265.64, "CLASSE": "02 - Curta", "CD_FAZ": "403933", "TALHOES": "1", "FAZ_tAL": "403933001", "ID_LINHA": 229049 }, "geometry": { "type": "MultiLineString", "coordinates": [ [ [ 416198.539597723050974, 7632252.291305916383862 ], [ 416193.676094929105602, 7631986.777200611308217 ] ] ] } },
{ "type": "Feature", "properties": { "fid": 107.0, "COMPR_M": 265.64, "CLASSE": "02 - Curta", "CD_FAZ": "403933", "TALHOES": "1", "FAZ_tAL": "403933001", "ID_LINHA": 229050 }, "geometry": { "type": "MultiLineString", "coordinates": [ [ [ 416201.540855624829419, 7632252.332505151629448 ], [ 416196.677353439969011, 7631986.818433089181781 ] ] ] } },
{ "type": "Feature", "properties": { "fid": 108.0, "COMPR_M": 265.64, "CLASSE": "02 - Curta", "CD_FAZ": "403933", "TALHOES": "1", "FAZ_tAL": "403933001", "ID_LINHA": 229051 }, "geometry": { "type": "MultiLineString", "coordinates": [ [ [ 416204.542113528004847, 7632252.373704385012388 ], [ 416199.678611950774211, 7631986.859665574505925 ] ] ] } },
{ "type": "Feature", "properties": { "fid": 109.0, "COMPR_M": 265.64, "CLASSE": "02 - Curta", "CD_FAZ": "403933", "TALHOES": "1", "FAZ_tAL": "403933001", "ID_LINHA": 229052 }, "geometry": { "type": "MultiLineString", "coordinates": [ [ [ 416207.543371430598199, 7632252.414903620257974 ], [ 416202.679870462394319, 7631986.900898052379489 ] ] ] } },
{ "type": "Feature", "properties": { "fid": 110.0, "COMPR_M": 265.64, "CLASSE": "02 - Curta", "CD_FAZ": "403933", "TALHOES": "1", "FAZ_tAL": "403933001", "ID_LINHA": 229053 }, "geometry": { "type": "MultiLineString", "coordinates": [ [ [ 416210.544629333307967, 7632252.456102855503559 ], [ 416205.681128974130843, 7631986.942130532115698 ] ] ] } },
{ "type": "Feature", "properties": { "fid": 111.0, "COMPR_M": 265.64, "CLASSE": "02 - Curta", "CD_FAZ": "403933", "TALHOES": "1", "FAZ_tAL": "403933001", "ID_LINHA": 229054 }, "geometry": { "type": "MultiLineString", "coordinates": [ [ [ 416213.545887234737165, 7632252.497302090749145 ], [ 416208.68238748528529, 7631986.983363011851907 ] ] ] } },
{ "type": "Feature", "properties": { "fid": 112.0, "COMPR_M": 265.64, "CLASSE": "02 - Curta", "CD_FAZ": "403933", "TALHOES": "1", "FAZ_tAL": "403933001", "ID_LINHA": 229055 }, "geometry": { "type": "MultiLineString", "coordinates": [ [ [ 416216.547145136864856, 7632252.538501324132085 ], [ 416211.683645997196436, 7631987.024595492519438 ] ] ] } },
{ "type": "Feature", "properties": { "fid": 113.0, "COMPR_M": 265.64, "CLASSE": "02 - Curta", "CD_FAZ": "403933", "TALHOES": "1", "FAZ_tAL": "403933001", "ID_LINHA": 229056 }, "geometry": { "type": "MultiLineString", "coordinates": [ [ [ 416219.548403038468678, 7632252.57970055937767 ], [ 416214.684904505847953, 7631987.06582797318697 ] ] ] } },
{ "type": "Feature", "properties": { "fid": 114.0, "COMPR_M": 265.64, "CLASSE": "02 - Curta", "CD_FAZ": "403933", "TALHOES": "1", "FAZ_tAL": "403933001", "ID_LINHA": 229057 }, "geometry": { "type": "MultiLineString", "coordinates": [ [ [ 416222.549660941411275, 7632252.620899794623256 ], [ 416217.686163018515799, 7631987.107060452923179 ] ] ] } },
{ "type": "Feature", "properties": { "fid": 115.0, "COMPR_M": 265.64, "CLASSE": "02 - Curta", "CD_FAZ": "403933", "TALHOES": "1", "FAZ_tAL": "403933001", "ID_LINHA": 229058 }, "geometry": { "type": "MultiLineString", "coordinates": [ [ [ 416225.550918843830004, 7632252.662099028006196 ], [ 416220.687421529321, 7631987.148292934522033 ] ] ] } },
{ "type": "Feature", "properties": { "fid": 116.0, "COMPR_M": 265.64, "CLASSE": "02 - Curta", "CD_FAZ": "403933", "TALHOES": "1", "FAZ_tAL": "403933001", "ID_LINHA": 229059 }, "geometry": { "type": "MultiLineString", "coordinates": [ [ [ 416228.552176745608449, 7632252.703298263251781 ], [ 416223.688680040242616, 7631987.189525413326919 ] ] ] } },
{ "type": "Feature", "properties": { "fid": 117.0, "COMPR_M": 265.64, "CLASSE": "02 - Curta", "CD_FAZ": "403933", "TALHOES": "1", "FAZ_tAL": "403933001", "ID_LINHA": 229060 }, "geometry": { "type": "MultiLineString", "coordinates": [ [ [ 416231.553434648143593, 7632252.744497498497367 ], [ 416226.6899385532015, 7631987.230757894925773 ] ] ] } },
{ "type": "Feature", "properties": { "fid": 118.0, "COMPR_M": 265.64, "CLASSE": "02 - Curta", "CD_FAZ": "403933", "TALHOES": "1", "FAZ_tAL": "403933001", "ID_LINHA": 229061 }, "geometry": { "type": "MultiLineString", "coordinates": [ [ [ 416234.554692550096661, 7632252.785696731880307 ], [ 416229.69119706354104, 7631987.271990375593305 ] ] ] } },
{ "type": "Feature", "properties": { "fid": 119.0, "COMPR_M": 265.64, "CLASSE": "02 - Curta", "CD_FAZ": "403933", "TALHOES": "1", "FAZ_tAL": "403933001", "ID_LINHA": 229062 }, "geometry": { "type": "MultiLineString", "coordinates": [ [ [ 416237.555950452107936, 7632252.826895967125893 ], [ 416232.692455573414918, 7631987.313222856260836 ] ] ] } },
{ "type": "Feature", "properties": { "fid": 120.0, "COMPR_M": 265.64, "CLASSE": "02 - Curta", "CD_FAZ": "403933", "TALHOES": "1", "FAZ_tAL": "403933001", "ID_LINHA": 229063 }, "geometry": { "type": "MultiLineString", "coordinates": [ [ [ 416240.557208354875911, 7632252.868095202371478 ], [ 416235.69371408468578, 7631987.354455335065722 ] ] ] } },
{ "type": "Feature", "properties": { "fid": 121.0, "COMPR_M": 265.64, "CLASSE": "02 - Curta", "CD_FAZ": "403933", "TALHOES": "1", "FAZ_tAL": "403933001", "ID_LINHA": 229064 }, "geometry": { "type": "MultiLineString", "coordinates": [ [ [ 416243.558466256363317, 7632252.909294436685741 ], [ 416238.694972596655134, 7631987.395687816664577 ] ] ] } },
{ "type": "Feature", "properties": { "fid": 122.0, "COMPR_M": 265.64, "CLASSE": "02 - Curta", "CD_FAZ": "403933", "TALHOES": "1", "FAZ_tAL": "403933001", "ID_LINHA": 229065 }, "geometry": { "type": "MultiLineString", "coordinates": [ [ [ 416246.5597241599462, 7632252.950493671931326 ], [ 416241.696231106761843, 7631987.436920298263431 ] ] ] } },
{ "type": "Feature", "properties": { "fid": 123.0, "COMPR_M": 265.64, "CLASSE": "02 - Curta", "CD_FAZ": "403933", "TALHOES": "1", "FAZ_tAL": "403933001", "ID_LINHA": 229066 }, "geometry": { "type": "MultiLineString", "coordinates": [ [ [ 416249.560982061666436, 7632252.991692906245589 ], [ 416244.697489618964028, 7631987.47815277799964 ] ] ] } },
{ "type": "Feature", "properties": { "fid": 124.0, "COMPR_M": 265.64, "CLASSE": "02 - Curta", "CD_FAZ": "403933", "TALHOES": "1", "FAZ_tAL": "403933001", "ID_LINHA": 229067 }, "geometry": { "type": "MultiLineString", "coordinates": [ [ [ 416252.562239963386673, 7632253.03289213962853 ], [ 416247.698748129303567, 7631987.519385257735848 ] ] ] } },
{ "type": "Feature", "properties": { "fid": 125.0, "COMPR_M": 265.64, "CLASSE": "02 - Curta", "CD_FAZ": "403933", "TALHOES": "1", "FAZ_tAL": "403933001", "ID_LINHA": 229068 }, "geometry": { "type": "MultiLineString", "coordinates": [ [ [ 416255.563497865921818, 7632253.074091374874115 ], [ 416250.700006641622167, 7631987.560617739334702 ] ] ] } },
{ "type": "Feature", "properties": { "fid": 126.0, "COMPR_M": 265.64, "CLASSE": "02 - Curta", "CD_FAZ": "403933", "TALHOES": "1", "FAZ_tAL": "403933001", "ID_LINHA": 229069 }, "geometry": { "type": "MultiLineString", "coordinates": [ [ [ 416258.564755766536109, 7632253.115290608257055 ], [ 416253.701265152776614, 7631987.601850220002234 ] ] ] } },
{ "type": "Feature", "properties": { "fid": 127.0, "COMPR_M": 265.64, "CLASSE": "02 - Curta", "CD_FAZ": "403933", "TALHOES": "1", "FAZ_tAL": "403933001", "ID_LINHA": 229070 }, "geometry": { "type": "MultiLineString", "coordinates": [ [ [ 416261.566013669245876, 7632253.156489844433963 ], [ 416256.702523663407192, 7631987.64308269880712 ] ] ] } },
{ "type": "Feature", "properties": { "fid": 128.0, "COMPR_M": 265.64, "CLASSE": "02 - Curta", "CD_FAZ": "403933", "TALHOES": "1", "FAZ_tAL": "403933001", "ID_LINHA": 229071 }, "geometry": { "type": "MultiLineString", "coordinates": [ [ [ 416264.567271572654136, 7632253.197689077816904 ], [ 416259.703782175376546, 7631987.684315179474652 ] ] ] } },
{ "type": "Feature", "properties": { "fid": 129.0, "COMPR_M": 265.64, "CLASSE": "02 - Curta", "CD_FAZ": "403933", "TALHOES": "1", "FAZ_tAL": "403933001", "ID_LINHA": 229072 }, "geometry": { "type": "MultiLineString", "coordinates": [ [ [ 416267.568529474840034, 7632253.238888312131166 ], [ 416262.705040686822031, 7631987.725547660142183 ] ] ] } },
{ "type": "Feature", "properties": { "fid": 130.0, "COMPR_M": 265.64, "CLASSE": "02 - Curta", "CD_FAZ": "403933", "TALHOES": "1", "FAZ_tAL": "403933001", "ID_LINHA": 229073 }, "geometry": { "type": "MultiLineString", "coordinates": [ [ [ 416270.569787377782632, 7632253.280087547376752 ], [ 416265.706299197627231, 7631987.766780141741037 ] ] ] } },
{ "type": "Feature", "properties": { "fid": 131.0, "COMPR_M": 265.64, "CLASSE": "02 - Curta", "CD_FAZ": "403933", "TALHOES": "1", "FAZ_tAL": "403933001", "ID_LINHA": 229074 }, "geometry": { "type": "MultiLineString", "coordinates": [ [ [ 416273.571045279502869, 7632253.321286784484982 ], [ 416268.707557708607055, 7631987.808012620545924 ] ] ] } },
{ "type": "Feature", "properties": { "fid": 132.0, "COMPR_M": 265.64, "CLASSE": "02 - Curta", "CD_FAZ": "403933", "TALHOES": "1", "FAZ_tAL": "403933001", "ID_LINHA": 229075 }, "geometry": { "type": "MultiLineString", "coordinates": [ [ [ 416276.572303181281313, 7632253.362486018799245 ], [ 416271.708816219761502, 7631987.849245100282133 ] ] ] } },
{ "type": "Feature", "properties": { "fid": 133.0, "COMPR_M": 265.64, "CLASSE": "02 - Curta", "CD_FAZ": "403933", "TALHOES": "1", "FAZ_tAL": "403933001", "ID_LINHA": 229076 }, "geometry": { "type": "MultiLineString", "coordinates": [ [ [ 416279.573561083874665, 7632253.403685251250863 ], [ 416274.710074730915949, 7631987.890477580949664 ] ] ] } },
{ "type": "Feature", "properties": { "fid": 134.0, "COMPR_M": 265.64, "CLASSE": "02 - Curta", "CD_FAZ": "403933", "TALHOES": "1", "FAZ_tAL": "403933001", "ID_LINHA": 229077 }, "geometry": { "type": "MultiLineString", "coordinates": [ [ [ 416282.574818985769525, 7632253.444884487427771 ], [ 416277.711333242186811, 7631987.931710060685873 ] ] ] } },
{ "type": "Feature", "properties": { "fid": 135.0, "COMPR_M": 265.64, "CLASSE": "02 - Curta", "CD_FAZ": "403933", "TALHOES": "1", "FAZ_tAL": "403933001", "ID_LINHA": 229078 }, "geometry": { "type": "MultiLineString", "coordinates": [ [ [ 416285.5760768885375, 7632253.486083721742034 ], [ 416280.71259175427258, 7631987.972942542284727 ] ] ] } },
{ "type": "Feature", "properties": { "fid": 136.0, "COMPR_M": 265.64, "CLASSE": "02 - Curta", "CD_FAZ": "403933", "TALHOES": "1", "FAZ_tAL": "403933001", "ID_LINHA": 229079 }, "geometry": { "type": "MultiLineString", "coordinates": [ [ [ 416288.577334790723398, 7632253.527282955124974 ], [ 416283.713850264437497, 7631988.014175022020936 ] ] ] } },
{ "type": "Feature", "properties": { "fid": 137.0, "COMPR_M": 265.64, "CLASSE": "02 - Curta", "CD_FAZ": "403933", "TALHOES": "1", "FAZ_tAL": "403933001", "ID_LINHA": 229080 }, "geometry": { "type": "MultiLineString", "coordinates": [ [ [ 416291.57859269232722, 7632253.568482191301882 ], [ 416286.715108775999397, 7631988.055407501757145 ] ] ] } },
{ "type": "Feature", "properties": { "fid": 138.0, "COMPR_M": 265.64, "CLASSE": "02 - Curta", "CD_FAZ": "403933", "TALHOES": "1", "FAZ_tAL": "403933001", "ID_LINHA": 229081 }, "geometry": { "type": "MultiLineString", "coordinates": [ [ [ 416294.579850595328026, 7632253.609681425616145 ], [ 416289.716367286397144, 7631988.096639983355999 ] ] ] } },
{ "type": "Feature", "properties": { "fid": 139.0, "COMPR_M": 265.64, "CLASSE": "02 - Curta", "CD_FAZ": "403933", "TALHOES": "1", "FAZ_tAL": "403933001", "ID_LINHA": 229082 }, "geometry": { "type": "MultiLineString", "coordinates": [ [ [ 416297.58110849710647, 7632253.650880658999085 ], [ 416292.717625798191875, 7631988.137872463092208 ] ] ] } },
{ "type": "Feature", "properties": { "fid": 140.0, "COMPR_M": 265.64, "CLASSE": "02 - Curta", "CD_FAZ": "403933", "TALHOES": "1", "FAZ_tAL": "403933001", "ID_LINHA": 229083 }, "geometry": { "type": "MultiLineString", "coordinates": [ [ [ 416300.58236639900133, 7632253.692079894244671 ], [ 416295.718884310103022, 7631988.179104944691062 ] ] ] } },
{ "type": "Feature", "properties": { "fid": 141.0, "COMPR_M": 265.64, "CLASSE": "02 - Curta", "CD_FAZ": "403933", "TALHOES": "1", "FAZ_tAL": "403933001", "ID_LINHA": 229084 }, "geometry": { "type": "MultiLineString", "coordinates": [ [ [ 416303.58362430165289, 7632253.733279128558934 ], [ 416298.720142819453031, 7631988.220337422564626 ] ] ] } },
{ "type": "Feature", "properties": { "fid": 142.0, "COMPR_M": 265.64, "CLASSE": "02 - Curta", "CD_FAZ": "403933", "TALHOES": "1", "FAZ_tAL": "403933001", "ID_LINHA": 229085 }, "geometry": { "type": "MultiLineString", "coordinates": [ [ [ 416306.584882203722373, 7632253.774478361010551 ], [ 416301.721401331597008, 7631988.26156990416348 ] ] ] } },
{ "type": "Feature", "properties": { "fid": 143.0, "COMPR_M": 265.64, "CLASSE": "02 - Curta", "CD_FAZ": "403933", "TALHOES": "1", "FAZ_tAL": "403933001", "ID_LINHA": 229086 }, "geometry": { "type": "MultiLineString", "coordinates": [ [ [ 416309.586140105908271, 7632253.815677598118782 ], [ 416304.722659843158908, 7631988.302802386693656 ] ] ] } },
{ "type": "Feature", "properties": { "fid": 144.0, "COMPR_M": 265.64, "CLASSE": "02 - Curta", "CD_FAZ": "403933", "TALHOES": "1", "FAZ_tAL": "403933001", "ID_LINHA": 229087 }, "geometry": { "type": "MultiLineString", "coordinates": [ [ [ 416312.587398008152377, 7632253.856876831501722 ], [ 416307.723918353556655, 7631988.344034866429865 ] ] ] } },
{ "type": "Feature", "properties": { "fid": 145.0, "COMPR_M": 265.64, "CLASSE": "02 - Curta", "CD_FAZ": "403933", "TALHOES": "1", "FAZ_tAL": "403933001", "ID_LINHA": 229088 }, "geometry": { "type": "MultiLineString", "coordinates": [ [ [ 416315.588655909872614, 7632253.898076066747308 ], [ 416310.725176864652894, 7631988.385267347097397 ] ] ] } },
{ "type": "Feature", "properties": { "fid": 146.0, "COMPR_M": 265.64, "CLASSE": "02 - Curta", "CD_FAZ": "403933", "TALHOES": "1", "FAZ_tAL": "403933001", "ID_LINHA": 229089 }, "geometry": { "type": "MultiLineString", "coordinates": [ [ [ 416336.59746122546494, 7632254.186470709741116 ], [ 416331.733986443898175, 7631988.67389470897615 ] ] ] } },
{ "type": "Feature", "properties": { "fid": 147.0, "COMPR_M": 265.64, "CLASSE": "02 - Curta", "CD_FAZ": "403933", "TALHOES": "1", "FAZ_tAL": "403933001", "ID_LINHA": 229090 }, "geometry": { "type": "MultiLineString", "coordinates": [ [ [ 416333.596203323628288, 7632254.14527147449553 ], [ 416328.732727932627313, 7631988.632662227377295 ] ] ] } },
{ "type": "Feature", "properties": { "fid": 148.0, "COMPR_M": 265.64, "CLASSE": "02 - Curta", "CD_FAZ": "403933", "TALHOES": "1", "FAZ_tAL": "403933001", "ID_LINHA": 229091 }, "geometry": { "type": "MultiLineString", "coordinates": [ [ [ 416318.589913813048042, 7632253.939275302924216 ], [ 416313.726435376622248, 7631988.426499826833606 ] ] ] } },
{ "type": "Feature", "properties": { "fid": 149.0, "COMPR_M": 265.64, "CLASSE": "02 - Curta", "CD_FAZ": "403933", "TALHOES": "1", "FAZ_tAL": "403933001", "ID_LINHA": 229092 }, "geometry": { "type": "MultiLineString", "coordinates": [ [ [ 416321.591171714302618, 7632253.980474535375834 ], [ 416316.727693887951318, 7631988.46773230843246 ] ] ] } },
{ "type": "Feature", "properties": { "fid": 150.0, "COMPR_M": 265.64, "CLASSE": "02 - Curta", "CD_FAZ": "403933", "TALHOES": "1", "FAZ_tAL": "403933001", "ID_LINHA": 229093 }, "geometry": { "type": "MultiLineString", "coordinates": [ [ [ 416324.592429616313893, 7632254.021673770621419 ], [ 416319.728952398756519, 7631988.508964788168669 ] ] ] } },
{ "type": "Feature", "properties": { "fid": 151.0, "COMPR_M": 265.64, "CLASSE": "02 - Curta", "CD_FAZ": "403933", "TALHOES": "1", "FAZ_tAL": "403933001", "ID_LINHA": 229094 }, "geometry": { "type": "MultiLineString", "coordinates": [ [ [ 416327.593687519081868, 7632254.062873006798327 ], [ 416322.730210910376627, 7631988.5501972688362 ] ] ] } },
{ "type": "Feature", "properties": { "fid": 152.0, "COMPR_M": 265.64, "CLASSE": "02 - Curta", "CD_FAZ": "403933", "TALHOES": "1", "FAZ_tAL": "403933001", "ID_LINHA": 229095 }, "geometry": { "type": "MultiLineString", "coordinates": [ [ [ 416330.594945420045406, 7632254.10407224111259 ], [ 416325.731469421414658, 7631988.591429747641087 ] ] ] } },
{ "type": "Feature", "properties": { "fid": 153.0, "COMPR_M": 265.64, "CLASSE": "02 - Curta", "CD_FAZ": "403933", "TALHOES": "1", "FAZ_tAL": "403933001", "ID_LINHA": 229096 }, "geometry": { "type": "MultiLineString", "coordinates": [ [ [ 416339.598719128058292, 7632254.227669944986701 ], [ 416334.73524495534366, 7631988.715127190575004 ] ] ] } },
{ "type": "Feature", "properties": { "fid": 154.0, "COMPR_M": 265.64, "CLASSE": "02 - Curta", "CD_FAZ": "403933", "TALHOES": "1", "FAZ_tAL": "403933001", "ID_LINHA": 229097 }, "geometry": { "type": "MultiLineString", "coordinates": [ [ [ 416342.59997703001136, 7632254.268869178369641 ], [ 416337.736503466207068, 7631988.756359670311213 ] ] ] } },
{ "type": "Feature", "properties": { "fid": 155.0, "COMPR_M": 265.64, "CLASSE": "02 - Curta", "CD_FAZ": "403933", "TALHOES": "1", "FAZ_tAL": "403933001", "ID_LINHA": 229098 }, "geometry": { "type": "MultiLineString", "coordinates": [ [ [ 416345.601234930800274, 7632254.310068413615227 ], [ 416340.737761977186892, 7631988.797592150047421 ] ] ] } },
{ "type": "Feature", "properties": { "fid": 156.0, "COMPR_M": 265.64, "CLASSE": "02 - Curta", "CD_FAZ": "403933", "TALHOES": "1", "FAZ_tAL": "403933001", "ID_LINHA": 229099 }, "geometry": { "type": "MultiLineString", "coordinates": [ [ [ 416348.60249283304438, 7632254.351267648860812 ], [ 416343.739020488283131, 7631988.838824627920985 ] ] ] } },
{ "type": "Feature", "properties": { "fid": 157.0, "COMPR_M": 265.64, "CLASSE": "02 - Curta", "CD_FAZ": "403933", "TALHOES": "1", "FAZ_tAL": "403933001", "ID_LINHA": 229100 }, "geometry": { "type": "MultiLineString", "coordinates": [ [ [ 416351.60375073668547, 7632254.392466882243752 ], [ 416346.740278999553993, 7631988.880057111382484 ] ] ] } },
{ "type": "Feature", "properties": { "fid": 158.0, "COMPR_M": 265.64, "CLASSE": "02 - Curta", "CD_FAZ": "403933", "TALHOES": "1", "FAZ_tAL": "403933001", "ID_LINHA": 229101 }, "geometry": { "type": "MultiLineString", "coordinates": [ [ [ 416354.605008639162406, 7632254.433666117489338 ], [ 416349.741537510883063, 7631988.921289590187371 ] ] ] } },
{ "type": "Feature", "properties": { "fid": 159.0, "COMPR_M": 265.64, "CLASSE": "02 - Curta", "CD_FAZ": "403933", "TALHOES": "1", "FAZ_tAL": "403933001", "ID_LINHA": 229102 }, "geometry": { "type": "MultiLineString", "coordinates": [ [ [ 416357.606266541057266, 7632254.474865352734923 ], [ 416352.742796022328548, 7631988.962522071786225 ] ] ] } },
{ "type": "Feature", "properties": { "fid": 160.0, "COMPR_M": 265.64, "CLASSE": "02 - Curta", "CD_FAZ": "403933", "TALHOES": "1", "FAZ_tAL": "403933001", "ID_LINHA": 229103 }, "geometry": { "type": "MultiLineString", "coordinates": [ [ [ 416360.60752444434911, 7632254.516064586117864 ], [ 416355.744054533948656, 7631989.003754551522434 ] ] ] } },
{ "type": "Feature", "properties": { "fid": 161.0, "COMPR_M": 265.64, "CLASSE": "02 - Curta", "CD_FAZ": "403933", "TALHOES": "1", "FAZ_tAL": "403933001", "ID_LINHA": 229104 }, "geometry": { "type": "MultiLineString", "coordinates": [ [ [ 416363.608782345836516, 7632254.557263819500804 ], [ 416358.745313044404611, 7631989.044987032189965 ] ] ] } },
{ "type": "Feature", "properties": { "fid": 162.0, "COMPR_M": 265.64, "CLASSE": "02 - Curta", "CD_FAZ": "403933", "TALHOES": "1", "FAZ_tAL": "403933001", "ID_LINHA": 229105 }, "geometry": { "type": "MultiLineString", "coordinates": [ [ [ 416366.610040248720907, 7632254.598463054746389 ], [ 416361.746571555617265, 7631989.086219512857497 ] ] ] } },
{ "type": "Feature", "properties": { "fid": 163.0, "COMPR_M": 265.64, "CLASSE": "02 - Curta", "CD_FAZ": "403933", "TALHOES": "1", "FAZ_tAL": "403933001", "ID_LINHA": 229106 }, "geometry": { "type": "MultiLineString", "coordinates": [ [ [ 416369.611298150441144, 7632254.639662289991975 ], [ 416364.747830066888127, 7631989.127451993525028 ] ] ] } },
{ "type": "Feature", "properties": { "fid": 164.0, "COMPR_M": 265.64, "CLASSE": "02 - Curta", "CD_FAZ": "403933", "TALHOES": "1", "FAZ_tAL": "403933001", "ID_LINHA": 229107 }, "geometry": { "type": "MultiLineString", "coordinates": [ [ [ 416372.612556052219588, 7632254.680861527100205 ], [ 416367.749088577053044, 7631989.168684473261237 ] ] ] } },
{ "type": "Feature", "properties": { "fid": 165.0, "COMPR_M": 265.64, "CLASSE": "02 - Curta", "CD_FAZ": "403933", "TALHOES": "1", "FAZ_tAL": "403933001", "ID_LINHA": 229108 }, "geometry": { "type": "MultiLineString", "coordinates": [ [ [ 416375.613813954172656, 7632254.722060760483146 ], [ 416370.750347088614944, 7631989.209916952997446 ] ] ] } },
{ "type": "Feature", "properties": { "fid": 166.0, "COMPR_M": 265.64, "CLASSE": "02 - Curta", "CD_FAZ": "403933", "TALHOES": "1", "FAZ_tAL": "403933001", "ID_LINHA": 229109 }, "geometry": { "type": "MultiLineString", "coordinates": [ [ [ 416378.615071856882423, 7632254.763259993866086 ], [ 416373.751605600351468, 7631989.251149432733655 ] ] ] } },
{ "type": "Feature", "properties": { "fid": 167.0, "COMPR_M": 265.64, "CLASSE": "02 - Curta", "CD_FAZ": "403933", "TALHOES": "1", "FAZ_tAL": "403933001", "ID_LINHA": 229110 }, "geometry": { "type": "MultiLineString", "coordinates": [ [ [ 416381.616329759068321, 7632254.804459229111671 ], [ 416376.752864111505914, 7631989.292381914332509 ] ] ] } },
{ "type": "Feature", "properties": { "fid": 168.0, "COMPR_M": 265.64, "CLASSE": "02 - Curta", "CD_FAZ": "403933", "TALHOES": "1", "FAZ_tAL": "403933001", "ID_LINHA": 229111 }, "geometry": { "type": "MultiLineString", "coordinates": [ [ [ 416384.617587662010919, 7632254.845658466219902 ], [ 416379.754122622834984, 7631989.333614394068718 ] ] ] } },
{ "type": "Feature", "properties": { "fid": 169.0, "COMPR_M": 265.64, "CLASSE": "02 - Curta", "CD_FAZ": "403933", "TALHOES": "1", "FAZ_tAL": "403933001", "ID_LINHA": 229112 }, "geometry": { "type": "MultiLineString", "coordinates": [ [ [ 416387.618845563090872, 7632254.886857697740197 ], [ 416382.755381134280469, 7631989.374846873804927 ] ] ] } },
{ "type": "Feature", "properties": { "fid": 170.0, "COMPR_M": 265.64, "CLASSE": "02 - Curta", "CD_FAZ": "403933", "TALHOES": "1", "FAZ_tAL": "403933001", "ID_LINHA": 229113 }, "geometry": { "type": "MultiLineString", "coordinates": [ [ [ 416390.620103465684224, 7632254.928056932985783 ], [ 416385.756639645202085, 7631989.416079355403781 ] ] ] } },
{ "type": "Feature", "properties": { "fid": 171.0, "COMPR_M": 265.64, "CLASSE": "02 - Curta", "CD_FAZ": "403933", "TALHOES": "1", "FAZ_tAL": "403933001", "ID_LINHA": 229114 }, "geometry": { "type": "MultiLineString", "coordinates": [ [ [ 416393.621361367695499, 7632254.969256168231368 ], [ 416388.757898156298324, 7631989.45731183513999 ] ] ] } },
{ "type": "Feature", "properties": { "fid": 172.0, "COMPR_M": 265.64, "CLASSE": "02 - Curta", "CD_FAZ": "403933", "TALHOES": "1", "FAZ_tAL": "403933001", "ID_LINHA": 229115 }, "geometry": { "type": "MultiLineString", "coordinates": [ [ [ 416396.622619269764982, 7632255.010455401614308 ], [ 416391.759156667452771, 7631989.498544317670166 ] ] ] } },
{ "type": "Feature", "properties": { "fid": 173.0, "COMPR_M": 265.64, "CLASSE": "02 - Curta", "CD_FAZ": "403933", "TALHOES": "1", "FAZ_tAL": "403933001", "ID_LINHA": 229116 }, "geometry": { "type": "MultiLineString", "coordinates": [ [ [ 416399.623877171368804, 7632255.051654636859894 ], [ 416394.760415178781841, 7631989.539776796475053 ] ] ] } },
{ "type": "Feature", "properties": { "fid": 174.0, "COMPR_M": 265.64, "CLASSE": "02 - Curta", "CD_FAZ": "403933", "TALHOES": "1", "FAZ_tAL": "403933001", "ID_LINHA": 229117 }, "geometry": { "type": "MultiLineString", "coordinates": [ [ [ 416402.625135073787533, 7632255.092853872105479 ], [ 416397.761673690227326, 7631989.581009278073907 ] ] ] } },
{ "type": "Feature", "properties": { "fid": 175.0, "COMPR_M": 265.64, "CLASSE": "02 - Curta", "CD_FAZ": "403933", "TALHOES": "1", "FAZ_tAL": "403933001", "ID_LINHA": 229118 }, "geometry": { "type": "MultiLineString", "coordinates": [ [ [ 416405.626392976962961, 7632255.13405310548842 ], [ 416400.76293220120715, 7631989.622241755947471 ] ] ] } },
{ "type": "Feature", "properties": { "fid": 176.0, "COMPR_M": 265.64, "CLASSE": "02 - Curta", "CD_FAZ": "403933", "TALHOES": "1", "FAZ_tAL": "403933001", "ID_LINHA": 229119 }, "geometry": { "type": "MultiLineString", "coordinates": [ [ [ 416408.627650878857821, 7632255.175252340734005 ], [ 416403.764190712303389, 7631989.663474237546325 ] ] ] } },
{ "type": "Feature", "properties": { "fid": 177.0, "COMPR_M": 265.64, "CLASSE": "02 - Curta", "CD_FAZ": "403933", "TALHOES": "1", "FAZ_tAL": "403933001", "ID_LINHA": 229120 }, "geometry": { "type": "MultiLineString", "coordinates": [ [ [ 416411.628908780985512, 7632255.216451574116945 ], [ 416406.765449223516043, 7631989.704706717282534 ] ] ] } },
{ "type": "Feature", "properties": { "fid": 178.0, "COMPR_M": 265.64, "CLASSE": "02 - Curta", "CD_FAZ": "403933", "TALHOES": "1", "FAZ_tAL": "403933001", "ID_LINHA": 229121 }, "geometry": { "type": "MultiLineString", "coordinates": [ [ [ 416414.630166683229618, 7632255.257650809362531 ], [ 416409.766707734845113, 7631989.745939198881388 ] ] ] } },
{ "type": "Feature", "properties": { "fid": 179.0, "COMPR_M": 265.64, "CLASSE": "02 - Curta", "CD_FAZ": "403933", "TALHOES": "1", "FAZ_tAL": "403933001", "ID_LINHA": 229122 }, "geometry": { "type": "MultiLineString", "coordinates": [ [ [ 416417.631424585590139, 7632255.298850044608116 ], [ 416412.767966245708521, 7631989.787171679548919 ] ] ] } },
{ "type": "Feature", "properties": { "fid": 180.0, "COMPR_M": 265.64, "CLASSE": "02 - Curta", "CD_FAZ": "403933", "TALHOES": "1", "FAZ_tAL": "403933001", "ID_LINHA": 229123 }, "geometry": { "type": "MultiLineString", "coordinates": [ [ [ 416420.63268248870736, 7632255.340049279853702 ], [ 416415.769224756688345, 7631989.828404160216451 ] ] ] } },
{ "type": "Feature", "properties": { "fid": 181.0, "COMPR_M": 265.64, "CLASSE": "02 - Curta", "CD_FAZ": "403933", "TALHOES": "1", "FAZ_tAL": "403933001", "ID_LINHA": 229124 }, "geometry": { "type": "MultiLineString", "coordinates": [ [ [ 416423.633940390078351, 7632255.381248513236642 ], [ 416418.770483268483076, 7631989.86963663995266 ] ] ] } },
{ "type": "Feature", "properties": { "fid": 182.0, "COMPR_M": 265.64, "CLASSE": "02 - Curta", "CD_FAZ": "403933", "TALHOES": "1", "FAZ_tAL": "403933001", "ID_LINHA": 229125 }, "geometry": { "type": "MultiLineString", "coordinates": [ [ [ 416426.635198292147834, 7632255.422447748482227 ], [ 416421.771741780394223, 7631989.910869119688869 ] ] ] } },
{ "type": "Feature", "properties": { "fid": 183.0, "COMPR_M": 265.64, "CLASSE": "02 - Curta", "CD_FAZ": "403933", "TALHOES": "1", "FAZ_tAL": "403933001", "ID_LINHA": 229126 }, "geometry": { "type": "MultiLineString", "coordinates": [ [ [ 416429.63645619439194, 7632255.463646981865168 ], [ 416424.773000291141216, 7631989.952101601287723 ] ] ] } },
{ "type": "Feature", "properties": { "fid": 184.0, "COMPR_M": 265.64, "CLASSE": "02 - Curta", "CD_FAZ": "403933", "TALHOES": "1", "FAZ_tAL": "403933001", "ID_LINHA": 229127 }, "geometry": { "type": "MultiLineString", "coordinates": [ [ [ 416432.637714096694253, 7632255.504846217110753 ], [ 416427.774258802062832, 7631989.993334081023932 ] ] ] } },
{ "type": "Feature", "properties": { "fid": 185.0, "COMPR_M": 265.64, "CLASSE": "02 - Curta", "CD_FAZ": "403933", "TALHOES": "1", "FAZ_tAL": "403933001", "ID_LINHA": 229128 }, "geometry": { "type": "MultiLineString", "coordinates": [ [ [ 416435.638971998589113, 7632255.546045452356339 ], [ 416430.775517313159071, 7631990.034566563554108 ] ] ] } },
{ "type": "Feature", "properties": { "fid": 186.0, "COMPR_M": 265.64, "CLASSE": "02 - Curta", "CD_FAZ": "403933", "TALHOES": "1", "FAZ_tAL": "403933001", "ID_LINHA": 229129 }, "geometry": { "type": "MultiLineString", "coordinates": [ [ [ 416438.640229899901897, 7632255.587244687601924 ], [ 416433.776775824313518, 7631990.075799042358994 ] ] ] } },
{ "type": "Feature", "properties": { "fid": 187.0, "COMPR_M": 265.64, "CLASSE": "02 - Curta", "CD_FAZ": "403933", "TALHOES": "1", "FAZ_tAL": "403933001", "ID_LINHA": 229130 }, "geometry": { "type": "MultiLineString", "coordinates": [ [ [ 416441.641487803310156, 7632255.628443920984864 ], [ 416436.778034335700795, 7631990.117031523957849 ] ] ] } },
{ "type": "Feature", "properties": { "fid": 188.0, "COMPR_M": 265.64, "CLASSE": "02 - Curta", "CD_FAZ": "403933", "TALHOES": "1", "FAZ_tAL": "403933001", "ID_LINHA": 229131 }, "geometry": { "type": "MultiLineString", "coordinates": [ [ [ 416444.642745704215486, 7632255.66964315623045 ], [ 416439.77929284714628, 7631990.158264003694057 ] ] ] } },
{ "type": "Feature", "properties": { "fid": 189.0, "COMPR_M": 265.64, "CLASSE": "02 - Curta", "CD_FAZ": "403933", "TALHOES": "1", "FAZ_tAL": "403933001", "ID_LINHA": 229132 }, "geometry": { "type": "MultiLineString", "coordinates": [ [ [ 416447.644003607972991, 7632255.710842391476035 ], [ 416442.780551358184312, 7631990.199496481567621 ] ] ] } },
{ "type": "Feature", "properties": { "fid": 190.0, "COMPR_M": 265.64, "CLASSE": "02 - Curta", "CD_FAZ": "403933", "TALHOES": "1", "FAZ_tAL": "403933001", "ID_LINHA": 229133 }, "geometry": { "type": "MultiLineString", "coordinates": [ [ [ 416450.645261509169359, 7632255.752041624858975 ], [ 416445.781809869280551, 7631990.240728964097798 ] ] ] } },
{ "type": "Feature", "properties": { "fid": 191.0, "COMPR_M": 265.64, "CLASSE": "02 - Curta", "CD_FAZ": "403933", "TALHOES": "1", "FAZ_tAL": "403933001", "ID_LINHA": 229134 }, "geometry": { "type": "MultiLineString", "coordinates": [ [ [ 416453.646519411122426, 7632255.793240860104561 ], [ 416448.78306838060962, 7631990.281961442902684 ] ] ] } },
{ "type": "Feature", "properties": { "fid": 192.0, "COMPR_M": 265.64, "CLASSE": "02 - Curta", "CD_FAZ": "403933", "TALHOES": "1", "FAZ_tAL": "403933001", "ID_LINHA": 229135 }, "geometry": { "type": "MultiLineString", "coordinates": [ [ [ 416456.647777314006817, 7632255.834440094418824 ], [ 416451.784326891414821, 7631990.323193922638893 ] ] ] } },
{ "type": "Feature", "properties": { "fid": 193.0, "COMPR_M": 265.64, "CLASSE": "02 - Curta", "CD_FAZ": "403933", "TALHOES": "1", "FAZ_tAL": "403933001", "ID_LINHA": 229136 }, "geometry": { "type": "MultiLineString", "coordinates": [ [ [ 416459.649035215610638, 7632255.875639328733087 ], [ 416454.785585402976722, 7631990.364426404237747 ] ] ] } },
{ "type": "Feature", "properties": { "fid": 194.0, "COMPR_M": 265.64, "CLASSE": "02 - Curta", "CD_FAZ": "403933", "TALHOES": "1", "FAZ_tAL": "403933001", "ID_LINHA": 229137 }, "geometry": { "type": "MultiLineString", "coordinates": [ [ [ 416462.650293118087575, 7632255.916838563978672 ], [ 416457.786843914072961, 7631990.405658883973956 ] ] ] } },
{ "type": "Feature", "properties": { "fid": 195.0, "COMPR_M": 265.64, "CLASSE": "02 - Curta", "CD_FAZ": "403933", "TALHOES": "1", "FAZ_tAL": "403933001", "ID_LINHA": 229138 }, "geometry": { "type": "MultiLineString", "coordinates": [ [ [ 416465.651551020680927, 7632255.958037799224257 ], [ 416460.788102425285615, 7631990.44689136557281 ] ] ] } },
{ "type": "Feature", "properties": { "fid": 196.0, "COMPR_M": 265.64, "CLASSE": "02 - Curta", "CD_FAZ": "403933", "TALHOES": "1", "FAZ_tAL": "403933001", "ID_LINHA": 229139 }, "geometry": { "type": "MultiLineString", "coordinates": [ [ [ 416468.652808923390694, 7632255.999237032607198 ], [ 416463.78936093475204, 7631990.488123845309019 ] ] ] } },
{ "type": "Feature", "properties": { "fid": 197.0, "COMPR_M": 265.64, "CLASSE": "02 - Curta", "CD_FAZ": "403933", "TALHOES": "1", "FAZ_tAL": "403933001", "ID_LINHA": 229140 }, "geometry": { "type": "MultiLineString", "coordinates": [ [ [ 416471.654066824936308, 7632256.040436268784106 ], [ 416466.790619447594509, 7631990.529356327839196 ] ] ] } },
{ "type": "Feature", "properties": { "fid": 198.0, "COMPR_M": 265.64, "CLASSE": "02 - Curta", "CD_FAZ": "403933", "TALHOES": "1", "FAZ_tAL": "403933001", "ID_LINHA": 229141 }, "geometry": { "type": "MultiLineString", "coordinates": [ [ [ 416474.655324726016261, 7632256.081635503098369 ], [ 416469.791877958690748, 7631990.570588806644082 ] ] ] } },
{ "type": "Feature", "properties": { "fid": 199.0, "COMPR_M": 265.64, "CLASSE": "02 - Curta", "CD_FAZ": "403933", "TALHOES": "1", "FAZ_tAL": "403933001", "ID_LINHA": 229142 }, "geometry": { "type": "MultiLineString", "coordinates": [ [ [ 416477.656582630472258, 7632256.122834738343954 ], [ 416472.793136470601894, 7631990.611821286380291 ] ] ] } },
{ "type": "Feature", "properties": { "fid": 200.0, "COMPR_M": 265.64, "CLASSE": "02 - Curta", "CD_FAZ": "403933", "TALHOES": "1", "FAZ_tAL": "403933001", "ID_LINHA": 229143 }, "geometry": { "type": "MultiLineString", "coordinates": [ [ [ 416480.657840531843249, 7632256.164033971726894 ], [ 416475.794394980592187, 7631990.653053767047822 ] ] ] } },
{ "type": "Feature", "properties": { "fid": 201.0, "COMPR_M": 265.64, "CLASSE": "02 - Curta", "CD_FAZ": "403933", "TALHOES": "1", "FAZ_tAL": "403933001", "ID_LINHA": 229144 }, "geometry": { "type": "MultiLineString", "coordinates": [ [ [ 416483.659098433970939, 7632256.205233205109835 ], [ 416478.795653490815312, 7631990.694286247715354 ] ] ] } },
{ "type": "Feature", "properties": { "fid": 202.0, "COMPR_M": 265.64, "CLASSE": "02 - Curta", "CD_FAZ": "403933", "TALHOES": "1", "FAZ_tAL": "403933001", "ID_LINHA": 229145 }, "geometry": { "type": "MultiLineString", "coordinates": [ [ [ 416486.660356336273253, 7632256.24643244035542 ], [ 416481.796912003890611, 7631990.735518729314208 ] ] ] } },
{ "type": "Feature", "properties": { "fid": 203.0, "COMPR_M": 265.64, "CLASSE": "02 - Curta", "CD_FAZ": "403933", "TALHOES": "1", "FAZ_tAL": "403933001", "ID_LINHA": 229146 }, "geometry": { "type": "MultiLineString", "coordinates": [ [ [ 416489.661614239390474, 7632256.287631675601006 ], [ 416484.798170514404774, 7631990.776751207187772 ] ] ] } },
{ "type": "Feature", "properties": { "fid": 204.0, "COMPR_M": 265.64, "CLASSE": "02 - Curta", "CD_FAZ": "403933", "TALHOES": "1", "FAZ_tAL": "403933001", "ID_LINHA": 229147 }, "geometry": { "type": "MultiLineString", "coordinates": [ [ [ 416492.66287214064505, 7632256.328830908983946 ], [ 416487.799429025792051, 7631990.817983689717948 ] ] ] } },
{ "type": "Feature", "properties": { "fid": 205.0, "COMPR_M": 265.64, "CLASSE": "02 - Curta", "CD_FAZ": "403933", "TALHOES": "1", "FAZ_tAL": "403933001", "ID_LINHA": 229148 }, "geometry": { "type": "MultiLineString", "coordinates": [ [ [ 416495.664130042714532, 7632256.370030146092176 ], [ 416490.800687537295744, 7631990.85921617038548 ] ] ] } },
{ "type": "Feature", "properties": { "fid": 206.0, "COMPR_M": 265.64, "CLASSE": "02 - Curta", "CD_FAZ": "403933", "TALHOES": "1", "FAZ_tAL": "403933001", "ID_LINHA": 229149 }, "geometry": { "type": "MultiLineString", "coordinates": [ [ [ 416498.665387945016846, 7632256.411229379475117 ], [ 416493.801946046994999, 7631990.900448651984334 ] ] ] } },
{ "type": "Feature", "properties": { "fid": 207.0, "COMPR_M": 265.64, "CLASSE": "02 - Curta", "CD_FAZ": "403933", "TALHOES": "1", "FAZ_tAL": "403933001", "ID_LINHA": 229150 }, "geometry": { "type": "MultiLineString", "coordinates": [ [ [ 416501.666645847435575, 7632256.45242861378938 ], [ 416496.80320455954643, 7631990.941681129857898 ] ] ] } },
{ "type": "Feature", "properties": { "fid": 208.0, "COMPR_M": 265.64, "CLASSE": "02 - Curta", "CD_FAZ": "403933", "TALHOES": "1", "FAZ_tAL": "403933001", "ID_LINHA": 229151 }, "geometry": { "type": "MultiLineString", "coordinates": [ [ [ 416504.667903749970719, 7632256.493627848103642 ], [ 416499.804463070293423, 7631990.982913612388074 ] ] ] } },
{ "type": "Feature", "properties": { "fid": 209.0, "COMPR_M": 265.64, "CLASSE": "02 - Curta", "CD_FAZ": "403933", "TALHOES": "1", "FAZ_tAL": "403933001", "ID_LINHA": 229152 }, "geometry": { "type": "MultiLineString", "coordinates": [ [ [ 416507.66916165134171, 7632256.534827083349228 ], [ 416502.805721581098624, 7631991.024146092124283 ] ] ] } },
{ "type": "Feature", "properties": { "fid": 210.0, "COMPR_M": 265.64, "CLASSE": "02 - Curta", "CD_FAZ": "403933", "TALHOES": "1", "FAZ_tAL": "403933001", "ID_LINHA": 229153 }, "geometry": { "type": "MultiLineString", "coordinates": [ [ [ 416510.670419553585816, 7632256.576026316732168 ], [ 416505.806980093475431, 7631991.065378572791815 ] ] ] } },
{ "type": "Feature", "properties": { "fid": 211.0, "COMPR_M": 265.64, "CLASSE": "02 - Curta", "CD_FAZ": "403933", "TALHOES": "1", "FAZ_tAL": "403933001", "ID_LINHA": 229154 }, "geometry": { "type": "MultiLineString", "coordinates": [ [ [ 416513.671677456586622, 7632256.617225551977754 ], [ 416508.808238603407517, 7631991.106611052528024 ] ] ] } },
{ "type": "Feature", "properties": { "fid": 212.0, "COMPR_M": 265.64, "CLASSE": "02 - Curta", "CD_FAZ": "403933", "TALHOES": "1", "FAZ_tAL": "403933001", "ID_LINHA": 229155 }, "geometry": { "type": "MultiLineString", "coordinates": [ [ [ 416516.672935358481482, 7632256.658424787223339 ], [ 416511.809497114794794, 7631991.147843532264233 ] ] ] } },
{ "type": "Feature", "properties": { "fid": 213.0, "COMPR_M": 265.64, "CLASSE": "02 - Curta", "CD_FAZ": "403933", "TALHOES": "1", "FAZ_tAL": "403933001", "ID_LINHA": 229156 }, "geometry": { "type": "MultiLineString", "coordinates": [ [ [ 416519.674193261133041, 7632256.699624021537602 ], [ 416514.810755626298487, 7631991.189076012000442 ] ] ] } },
{ "type": "Feature", "properties": { "fid": 214.0, "COMPR_M": 265.64, "CLASSE": "02 - Curta", "CD_FAZ": "403933", "TALHOES": "1", "FAZ_tAL": "403933001", "ID_LINHA": 229157 }, "geometry": { "type": "MultiLineString", "coordinates": [ [ [ 416522.67545116331894, 7632256.74082325771451 ], [ 416517.812014138093218, 7631991.230308492667973 ] ] ] } },
{ "type": "Feature", "properties": { "fid": 215.0, "COMPR_M": 265.64, "CLASSE": "02 - Curta", "CD_FAZ": "403933", "TALHOES": "1", "FAZ_tAL": "403933001", "ID_LINHA": 229158 }, "geometry": { "type": "MultiLineString", "coordinates": [ [ [ 416525.676709065039176, 7632256.78202249109745 ], [ 416520.813272649305873, 7631991.271540974266827 ] ] ] } },
{ "type": "Feature", "properties": { "fid": 216.0, "COMPR_M": 265.64, "CLASSE": "02 - Curta", "CD_FAZ": "403933", "TALHOES": "1", "FAZ_tAL": "403933001", "ID_LINHA": 229159 }, "geometry": { "type": "MultiLineString", "coordinates": [ [ [ 416528.677966967574321, 7632256.823221724480391 ], [ 416523.814531159412581, 7631991.312773454003036 ] ] ] } },
{ "type": "Feature", "properties": { "fid": 217.0, "COMPR_M": 265.64, "CLASSE": "02 - Curta", "CD_FAZ": "403933", "TALHOES": "1", "FAZ_tAL": "403933001", "ID_LINHA": 229160 }, "geometry": { "type": "MultiLineString", "coordinates": [ [ [ 416531.67922487022588, 7632256.864420961588621 ], [ 416526.815789669635706, 7631991.354005934670568 ] ] ] } },
{ "type": "Feature", "properties": { "fid": 218.0, "COMPR_M": 265.64, "CLASSE": "02 - Curta", "CD_FAZ": "403933", "TALHOES": "1", "FAZ_tAL": "403933001", "ID_LINHA": 229161 }, "geometry": { "type": "MultiLineString", "coordinates": [ [ [ 416534.680482771771494, 7632256.905620194971561 ], [ 416529.817048182769213, 7631991.395238414406776 ] ] ] } },
{ "type": "Feature", "properties": { "fid": 219.0, "COMPR_M": 265.64, "CLASSE": "02 - Curta", "CD_FAZ": "403933", "TALHOES": "1", "FAZ_tAL": "403933001", "ID_LINHA": 229162 }, "geometry": { "type": "MultiLineString", "coordinates": [ [ [ 416537.681740674132016, 7632256.946819429285824 ], [ 416532.818306694040075, 7631991.43647089600563 ] ] ] } },
{ "type": "Feature", "properties": { "fid": 220.0, "COMPR_M": 265.64, "CLASSE": "02 - Curta", "CD_FAZ": "403933", "TALHOES": "1", "FAZ_tAL": "403933001", "ID_LINHA": 229163 }, "geometry": { "type": "MultiLineString", "coordinates": [ [ [ 416540.682998577307444, 7632256.988018663600087 ], [ 416535.8195652035065, 7631991.477703375741839 ] ] ] } },
{ "type": "Feature", "properties": { "fid": 221.0, "COMPR_M": 265.64, "CLASSE": "02 - Curta", "CD_FAZ": "403933", "TALHOES": "1", "FAZ_tAL": "403933001", "ID_LINHA": 229164 }, "geometry": { "type": "MultiLineString", "coordinates": [ [ [ 416543.684256478620227, 7632257.029217898845673 ], [ 416538.820823715825099, 7631991.518935855478048 ] ] ] } },
{ "type": "Feature", "properties": { "fid": 222.0, "COMPR_M": 265.64, "CLASSE": "02 - Curta", "CD_FAZ": "403933", "TALHOES": "1", "FAZ_tAL": "403933001", "ID_LINHA": 229165 }, "geometry": { "type": "MultiLineString", "coordinates": [ [ [ 416546.685514380864333, 7632257.070417132228613 ], [ 416541.822082226979546, 7631991.560168337076902 ] ] ] } },
{ "type": "Feature", "properties": { "fid": 223.0, "COMPR_M": 265.64, "CLASSE": "02 - Curta", "CD_FAZ": "403933", "TALHOES": "1", "FAZ_tAL": "403933001", "ID_LINHA": 229166 }, "geometry": { "type": "MultiLineString", "coordinates": [ [ [ 416549.686772283224855, 7632257.111616368405521 ], [ 416544.823340737610124, 7631991.601400816813111 ] ] ] } },
{ "type": "Feature", "properties": { "fid": 224.0, "COMPR_M": 265.64, "CLASSE": "02 - Curta", "CD_FAZ": "403933", "TALHOES": "1", "FAZ_tAL": "403933001", "ID_LINHA": 229167 }, "geometry": { "type": "MultiLineString", "coordinates": [ [ [ 416552.688030185759999, 7632257.152815602719784 ], [ 416547.824599249812309, 7631991.642633294686675 ] ] ] } },
{ "type": "Feature", "properties": { "fid": 225.0, "COMPR_M": 265.64, "CLASSE": "02 - Curta", "CD_FAZ": "403933", "TALHOES": "1", "FAZ_tAL": "403933001", "ID_LINHA": 229168 }, "geometry": { "type": "MultiLineString", "coordinates": [ [ [ 416555.689288087072782, 7632257.194014836102724 ], [ 416550.82585776085034, 7631991.683865778148174 ] ] ] } },
{ "type": "Feature", "properties": { "fid": 226.0, "COMPR_M": 265.64, "CLASSE": "02 - Curta", "CD_FAZ": "403933", "TALHOES": "1", "FAZ_tAL": "403933001", "ID_LINHA": 229169 }, "geometry": { "type": "MultiLineString", "coordinates": [ [ [ 416558.690545989316888, 7632257.23521407134831 ], [ 416553.827116272121202, 7631991.725098257884383 ] ] ] } },
{ "type": "Feature", "properties": { "fid": 227.0, "COMPR_M": 265.64, "CLASSE": "02 - Curta", "CD_FAZ": "403933", "TALHOES": "1", "FAZ_tAL": "403933001", "ID_LINHA": 229170 }, "geometry": { "type": "MultiLineString", "coordinates": [ [ [ 416561.691803891095333, 7632257.276413306593895 ], [ 416556.828374782809988, 7631991.766330737620592 ] ] ] } },
{ "type": "Feature", "properties": { "fid": 228.0, "COMPR_M": 265.64, "CLASSE": "02 - Curta", "CD_FAZ": "403933", "TALHOES": "1", "FAZ_tAL": "403933001", "ID_LINHA": 229171 }, "geometry": { "type": "MultiLineString", "coordinates": [ [ [ 416564.693061794270761, 7632257.317612539976835 ], [ 416559.829633294430096, 7631991.807563219219446 ] ] ] } },
{ "type": "Feature", "properties": { "fid": 229.0, "COMPR_M": 265.64, "CLASSE": "02 - Curta", "CD_FAZ": "403933", "TALHOES": "1", "FAZ_tAL": "403933001", "ID_LINHA": 229172 }, "geometry": { "type": "MultiLineString", "coordinates": [ [ [ 416567.69431969569996, 7632257.358811775222421 ], [ 416562.830891805526335, 7631991.848795698955655 ] ] ] } },
{ "type": "Feature", "properties": { "fid": 230.0, "COMPR_M": 265.64, "CLASSE": "02 - Curta", "CD_FAZ": "403933", "TALHOES": "1", "FAZ_tAL": "403933001", "ID_LINHA": 229173 }, "geometry": { "type": "MultiLineString", "coordinates": [ [ [ 416570.695577597944066, 7632257.400011008605361 ], [ 416565.832150316797197, 7631991.890028179623187 ] ] ] } },
{ "type": "Feature", "properties": { "fid": 231.0, "COMPR_M": 265.64, "CLASSE": "02 - Curta", "CD_FAZ": "403933", "TALHOES": "1", "FAZ_tAL": "403933001", "ID_LINHA": 229174 }, "geometry": { "type": "MultiLineString", "coordinates": [ [ [ 416573.696835501003079, 7632257.441210245713592 ], [ 416568.83340882830089, 7631991.931260661222041 ] ] ] } },
{ "type": "Feature", "properties": { "fid": 232.0, "COMPR_M": 265.64, "CLASSE": "02 - Curta", "CD_FAZ": "403933", "TALHOES": "1", "FAZ_tAL": "403933001", "ID_LINHA": 229175 }, "geometry": { "type": "MultiLineString", "coordinates": [ [ [ 416576.698093402956147, 7632257.482409479096532 ], [ 416571.834667338698637, 7631991.97249314095825 ] ] ] } },
{ "type": "Feature", "properties": { "fid": 233.0, "COMPR_M": 265.64, "CLASSE": "02 - Curta", "CD_FAZ": "403933", "TALHOES": "1", "FAZ_tAL": "403933001", "ID_LINHA": 229176 }, "geometry": { "type": "MultiLineString", "coordinates": [ [ [ 416579.699351304385345, 7632257.523608714342117 ], [ 416574.835925850551575, 7631992.013725621625781 ] ] ] } },
{ "type": "Feature", "properties": { "fid": 234.0, "COMPR_M": 265.64, "CLASSE": "02 - Curta", "CD_FAZ": "403933", "TALHOES": "1", "FAZ_tAL": "403933001", "ID_LINHA": 229177 }, "geometry": { "type": "MultiLineString", "coordinates": [ [ [ 416582.700609207386151, 7632257.564807947725058 ], [ 416577.837184360600077, 7631992.054958100430667 ] ] ] } },
{ "type": "Feature", "properties": { "fid": 235.0, "COMPR_M": 265.64, "CLASSE": "02 - Curta", "CD_FAZ": "403933", "TALHOES": "1", "FAZ_tAL": "403933001", "ID_LINHA": 229178 }, "geometry": { "type": "MultiLineString", "coordinates": [ [ [ 416585.701867110503372, 7632257.606007184833288 ], [ 416580.838442872220185, 7631992.096190582960844 ] ] ] } },
{ "type": "Feature", "properties": { "fid": 236.0, "COMPR_M": 265.64, "CLASSE": "02 - Curta", "CD_FAZ": "403933", "TALHOES": "1", "FAZ_tAL": "403933001", "ID_LINHA": 229179 }, "geometry": { "type": "MultiLineString", "coordinates": [ [ [ 416588.703125011816155, 7632257.647206419147551 ], [ 416583.839701384014916, 7631992.137423060834408 ] ] ] } },
{ "type": "Feature", "properties": { "fid": 237.0, "COMPR_M": 265.64, "CLASSE": "02 - Curta", "CD_FAZ": "403933", "TALHOES": "1", "FAZ_tAL": "403933001", "ID_LINHA": 229180 }, "geometry": { "type": "MultiLineString", "coordinates": [ [ [ 416591.704382913303562, 7632257.688405653461814 ], [ 416586.840959895285778, 7631992.178655542433262 ] ] ] } },
{ "type": "Feature", "properties": { "fid": 238.0, "COMPR_M": 265.64, "CLASSE": "02 - Curta", "CD_FAZ": "403933", "TALHOES": "1", "FAZ_tAL": "403933001", "ID_LINHA": 229181 }, "geometry": { "type": "MultiLineString", "coordinates": [ [ [ 416594.705640816362575, 7632257.729604888707399 ], [ 416589.842218406149186, 7631992.219888024032116 ] ] ] } },
{ "type": "Feature", "properties": { "fid": 239.0, "COMPR_M": 265.64, "CLASSE": "02 - Curta", "CD_FAZ": "403933", "TALHOES": "1", "FAZ_tAL": "403933001", "ID_LINHA": 229182 }, "geometry": { "type": "MultiLineString", "coordinates": [ [ [ 416597.706898718257435, 7632257.77080412209034 ], [ 416592.843476917827502, 7631992.261120503768325 ] ] ] } },
{ "type": "Feature", "properties": { "fid": 240.0, "COMPR_M": 265.64, "CLASSE": "02 - Curta", "CD_FAZ": "403933", "TALHOES": "1", "FAZ_tAL": "403933001", "ID_LINHA": 229183 }, "geometry": { "type": "MultiLineString", "coordinates": [ [ [ 416600.708156620967202, 7632257.812003357335925 ], [ 416595.844735429040156, 7631992.302352983504534 ] ] ] } },
{ "type": "Feature", "properties": { "fid": 241.0, "COMPR_M": 265.64, "CLASSE": "02 - Curta", "CD_FAZ": "403933", "TALHOES": "1", "FAZ_tAL": "403933001", "ID_LINHA": 229184 }, "geometry": { "type": "MultiLineString", "coordinates": [ [ [ 416603.709414523211308, 7632257.853202592581511 ], [ 416598.845993939205073, 7631992.343585463240743 ] ] ] } },
{ "type": "Feature", "properties": { "fid": 242.0, "COMPR_M": 265.64, "CLASSE": "02 - Curta", "CD_FAZ": "403933", "TALHOES": "1", "FAZ_tAL": "403933001", "ID_LINHA": 229185 }, "geometry": { "type": "MultiLineString", "coordinates": [ [ [ 416606.710672424989752, 7632257.894401825964451 ], [ 416601.847252451465465, 7631992.384817944839597 ] ] ] } },
{ "type": "Feature", "properties": { "fid": 243.0, "COMPR_M": 265.64, "CLASSE": "02 - Curta", "CD_FAZ": "403933", "TALHOES": "1", "FAZ_tAL": "403933001", "ID_LINHA": 229186 }, "geometry": { "type": "MultiLineString", "coordinates": [ [ [ 416609.711930326884612, 7632257.935601061210036 ], [ 416604.848510962619912, 7631992.426050424575806 ] ] ] } },
{ "type": "Feature", "properties": { "fid": 244.0, "COMPR_M": 265.64, "CLASSE": "02 - Curta", "CD_FAZ": "403933", "TALHOES": "1", "FAZ_tAL": "403933001", "ID_LINHA": 229187 }, "geometry": { "type": "MultiLineString", "coordinates": [ [ [ 416612.713188229710795, 7632257.976800295524299 ], [ 416607.849769474007189, 7631992.467282903380692 ] ] ] } },
{ "type": "Feature", "properties": { "fid": 245.0, "COMPR_M": 265.64, "CLASSE": "02 - Curta", "CD_FAZ": "403933", "TALHOES": "1", "FAZ_tAL": "403933001", "ID_LINHA": 229188 }, "geometry": { "type": "MultiLineString", "coordinates": [ [ [ 416615.714446132711601, 7632258.017999529838562 ], [ 416610.851027984870598, 7631992.508515384048223 ] ] ] } },
{ "type": "Feature", "properties": { "fid": 246.0, "COMPR_M": 265.64, "CLASSE": "02 - Curta", "CD_FAZ": "403933", "TALHOES": "1", "FAZ_tAL": "403933001", "ID_LINHA": 229189 }, "geometry": { "type": "MultiLineString", "coordinates": [ [ [ 416618.715704033267684, 7632258.05919876601547 ], [ 416613.852286495966837, 7631992.549747865647078 ] ] ] } },
{ "type": "Feature", "properties": { "fid": 247.0, "COMPR_M": 265.64, "CLASSE": "02 - Curta", "CD_FAZ": "403933", "TALHOES": "1", "FAZ_tAL": "403933001", "ID_LINHA": 229190 }, "geometry": { "type": "MultiLineString", "coordinates": [ [ [ 416621.716961936675943, 7632258.100397998467088 ], [ 416616.853545007237699, 7631992.590980347245932 ] ] ] } },
{ "type": "Feature", "properties": { "fid": 248.0, "COMPR_M": 265.64, "CLASSE": "02 - Curta", "CD_FAZ": "403933", "TALHOES": "1", "FAZ_tAL": "403933001", "ID_LINHA": 229191 }, "geometry": { "type": "MultiLineString", "coordinates": [ [ [ 416624.718219838221557, 7632258.141597233712673 ], [ 416619.854803518101107, 7631992.632212827913463 ] ] ] } },
{ "type": "Feature", "properties": { "fid": 249.0, "COMPR_M": 265.64, "CLASSE": "02 - Curta", "CD_FAZ": "403933", "TALHOES": "1", "FAZ_tAL": "403933001", "ID_LINHA": 229192 }, "geometry": { "type": "MultiLineString", "coordinates": [ [ [ 416627.719477739359718, 7632258.182796468958259 ], [ 416622.856062029837631, 7631992.673445306718349 ] ] ] } },
{ "type": "Feature", "properties": { "fid": 250.0, "COMPR_M": 265.64, "CLASSE": "02 - Curta", "CD_FAZ": "403933", "TALHOES": "1", "FAZ_tAL": "403933001", "ID_LINHA": 229193 }, "geometry": { "type": "MultiLineString", "coordinates": [ [ [ 416630.720735642651562, 7632258.223995704203844 ], [ 416625.857320539769717, 7631992.714677788317204 ] ] ] } },
{ "type": "Feature", "properties": { "fid": 251.0, "COMPR_M": 265.64, "CLASSE": "02 - Curta", "CD_FAZ": "403933", "TALHOES": "1", "FAZ_tAL": "403933001", "ID_LINHA": 229194 }, "geometry": { "type": "MultiLineString", "coordinates": [ [ [ 416633.721993545419537, 7632258.265194938518107 ], [ 416628.858579051215202, 7631992.755910268984735 ] ] ] } },
{ "type": "Feature", "properties": { "fid": 252.0, "COMPR_M": 265.64, "CLASSE": "02 - Curta", "CD_FAZ": "403933", "TALHOES": "1", "FAZ_tAL": "403933001", "ID_LINHA": 229195 }, "geometry": { "type": "MultiLineString", "coordinates": [ [ [ 416636.723251446499489, 7632258.30639417283237 ], [ 416631.859837562195025, 7631992.797142747789621 ] ] ] } },
{ "type": "Feature", "properties": { "fid": 253.0, "COMPR_M": 265.64, "CLASSE": "02 - Curta", "CD_FAZ": "403933", "TALHOES": "1", "FAZ_tAL": "403933001", "ID_LINHA": 229196 }, "geometry": { "type": "MultiLineString", "coordinates": [ [ [ 416639.724509349674918, 7632258.34759340621531 ], [ 416634.861096074047964, 7631992.838375231251121 ] ] ] } },
{ "type": "Feature", "properties": { "fid": 254.0, "COMPR_M": 265.64, "CLASSE": "02 - Curta", "CD_FAZ": "403933", "TALHOES": "1", "FAZ_tAL": "403933001", "ID_LINHA": 229197 }, "geometry": { "type": "MultiLineString", "coordinates": [ [ [ 416642.725767252442893, 7632258.388792641460896 ], [ 416637.862354585435241, 7631992.879607708193362 ] ] ] } },
{ "type": "Feature", "properties": { "fid": 255.0, "COMPR_M": 265.64, "CLASSE": "02 - Curta", "CD_FAZ": "403933", "TALHOES": "1", "FAZ_tAL": "403933001", "ID_LINHA": 229198 }, "geometry": { "type": "MultiLineString", "coordinates": [ [ [ 416645.72702515340643, 7632258.429991874843836 ], [ 416640.863613095076289, 7631992.920840188860893 ] ] ] } },
{ "type": "Feature", "properties": { "fid": 256.0, "COMPR_M": 265.64, "CLASSE": "02 - Curta", "CD_FAZ": "403933", "TALHOES": "1", "FAZ_tAL": "403933001", "ID_LINHA": 229199 }, "geometry": { "type": "MultiLineString", "coordinates": [ [ [ 416648.728283056523651, 7632258.471191110089421 ], [ 416643.864871607569512, 7631992.962072670459747 ] ] ] } },
{ "type": "Feature", "properties": { "fid": 257.0, "COMPR_M": 265.64, "CLASSE": "02 - Curta", "CD_FAZ": "403933", "TALHOES": "1", "FAZ_tAL": "403933001", "ID_LINHA": 229200 }, "geometry": { "type": "MultiLineString", "coordinates": [ [ [ 416651.729540958534926, 7632258.512390345335007 ], [ 416646.866130119597074, 7631993.003305150195956 ] ] ] } },
{ "type": "Feature", "properties": { "fid": 258.0, "COMPR_M": 265.64, "CLASSE": "02 - Curta", "CD_FAZ": "403933", "TALHOES": "1", "FAZ_tAL": "403933001", "ID_LINHA": 229201 }, "geometry": { "type": "MultiLineString", "coordinates": [ [ [ 416654.730798860779032, 7632258.553589578717947 ], [ 416649.86738863051869, 7631993.04453763179481 ] ] ] } },
{ "type": "Feature", "properties": { "fid": 259.0, "COMPR_M": 265.64, "CLASSE": "02 - Curta", "CD_FAZ": "403933", "TALHOES": "1", "FAZ_tAL": "403933001", "ID_LINHA": 229202 }, "geometry": { "type": "MultiLineString", "coordinates": [ [ [ 416657.732056763197761, 7632258.594788813963532 ], [ 416652.868647141673137, 7631993.085770109668374 ] ] ] } },
{ "type": "Feature", "properties": { "fid": 260.0, "COMPR_M": 265.64, "CLASSE": "02 - Curta", "CD_FAZ": "403933", "TALHOES": "1", "FAZ_tAL": "403933001", "ID_LINHA": 229203 }, "geometry": { "type": "MultiLineString", "coordinates": [ [ [ 416660.733314665150829, 7632258.63598805014044 ], [ 416655.869905651721638, 7631993.127002592198551 ] ] ] } },
{ "type": "Feature", "properties": { "fid": 261.0, "COMPR_M": 265.64, "CLASSE": "02 - Curta", "CD_FAZ": "403933", "TALHOES": "1", "FAZ_tAL": "403933001", "ID_LINHA": 229204 }, "geometry": { "type": "MultiLineString", "coordinates": [ [ [ 416663.734572567336727, 7632258.677187284454703 ], [ 416658.871164163923822, 7631993.168235072866082 ] ] ] } },
{ "type": "Feature", "properties": { "fid": 262.0, "COMPR_M": 265.64, "CLASSE": "02 - Curta", "CD_FAZ": "403933", "TALHOES": "1", "FAZ_tAL": "403933001", "ID_LINHA": 229205 }, "geometry": { "type": "MultiLineString", "coordinates": [ [ [ 416666.735830469697248, 7632258.718386518768966 ], [ 416661.872422674379777, 7631993.209467550739646 ] ] ] } },
{ "type": "Feature", "properties": { "fid": 263.0, "COMPR_M": 265.64, "CLASSE": "02 - Curta", "CD_FAZ": "403933", "TALHOES": "1", "FAZ_tAL": "403933001", "ID_LINHA": 229206 }, "geometry": { "type": "MultiLineString", "coordinates": [ [ [ 416669.737088371592108, 7632258.759585753083229 ], [ 416664.873681186349131, 7631993.250700033269823 ] ] ] } },
{ "type": "Feature", "properties": { "fid": 264.0, "COMPR_M": 265.64, "CLASSE": "02 - Curta", "CD_FAZ": "403933", "TALHOES": "1", "FAZ_tAL": "403933001", "ID_LINHA": 229207 }, "geometry": { "type": "MultiLineString", "coordinates": [ [ [ 416672.738346274360083, 7632258.800784989260137 ], [ 416667.874939697270747, 7631993.291932512074709 ] ] ] } },
{ "type": "Feature", "properties": { "fid": 265.0, "COMPR_M": 265.64, "CLASSE": "02 - Curta", "CD_FAZ": "403933", "TALHOES": "1", "FAZ_tAL": "403933001", "ID_LINHA": 229208 }, "geometry": { "type": "MultiLineString", "coordinates": [ [ [ 416675.739604175963905, 7632258.8419842235744 ], [ 416670.876198208425194, 7631993.333164991810918 ] ] ] } },
{ "type": "Feature", "properties": { "fid": 266.0, "COMPR_M": 265.64, "CLASSE": "02 - Curta", "CD_FAZ": "403933", "TALHOES": "1", "FAZ_tAL": "403933001", "ID_LINHA": 229209 }, "geometry": { "type": "MultiLineString", "coordinates": [ [ [ 416678.740862077858765, 7632258.88318345695734 ], [ 416673.877456719696056, 7631993.374397473409772 ] ] ] } },
{ "type": "Feature", "properties": { "fid": 267.0, "COMPR_M": 265.64, "CLASSE": "02 - Curta", "CD_FAZ": "403933", "TALHOES": "1", "FAZ_tAL": "403933001", "ID_LINHA": 229210 }, "geometry": { "type": "MultiLineString", "coordinates": [ [ [ 416681.74211998062674, 7632258.924382692202926 ], [ 416676.87871522991918, 7631993.415629956871271 ] ] ] } },
{ "type": "Feature", "properties": { "fid": 268.0, "COMPR_M": 265.64, "CLASSE": "02 - Curta", "CD_FAZ": "403933", "TALHOES": "1", "FAZ_tAL": "403933001", "ID_LINHA": 229211 }, "geometry": { "type": "MultiLineString", "coordinates": [ [ [ 416684.743377881590277, 7632258.965581926517189 ], [ 416679.879973742354196, 7631993.45686243288219 ] ] ] } },
{ "type": "Feature", "properties": { "fid": 269.0, "COMPR_M": 265.64, "CLASSE": "02 - Curta", "CD_FAZ": "403933", "TALHOES": "1", "FAZ_tAL": "403933001", "ID_LINHA": 229212 }, "geometry": { "type": "MultiLineString", "coordinates": [ [ [ 416687.744635785347782, 7632259.006781161762774 ], [ 416682.881232251704205, 7631993.498094914481044 ] ] ] } },
{ "type": "Feature", "properties": { "fid": 270.0, "COMPR_M": 265.64, "CLASSE": "02 - Curta", "CD_FAZ": "403933", "TALHOES": "1", "FAZ_tAL": "403933001", "ID_LINHA": 229213 }, "geometry": { "type": "MultiLineString", "coordinates": [ [ [ 416690.745893686078489, 7632259.047980396077037 ], [ 416685.882490764546674, 7631993.539327394217253 ] ] ] } },
{ "type": "Feature", "properties": { "fid": 271.0, "COMPR_M": 265.64, "CLASSE": "02 - Curta", "CD_FAZ": "403933", "TALHOES": "1", "FAZ_tAL": "403933001", "ID_LINHA": 229214 }, "geometry": { "type": "MultiLineString", "coordinates": [ [ [ 416693.747151590301655, 7632259.089179631322622 ], [ 416688.883749275642913, 7631993.580559875816107 ] ] ] } },
{ "type": "Feature", "properties": { "fid": 272.0, "COMPR_M": 265.64, "CLASSE": "02 - Curta", "CD_FAZ": "403933", "TALHOES": "1", "FAZ_tAL": "403933001", "ID_LINHA": 229215 }, "geometry": { "type": "MultiLineString", "coordinates": [ [ [ 416696.748409492138308, 7632259.130378864705563 ], [ 416691.885007786971983, 7631993.621792355552316 ] ] ] } },
{ "type": "Feature", "properties": { "fid": 273.0, "COMPR_M": 265.64, "CLASSE": "02 - Curta", "CD_FAZ": "403933", "TALHOES": "1", "FAZ_tAL": "403933001", "ID_LINHA": 229216 }, "geometry": { "type": "MultiLineString", "coordinates": [ [ [ 416699.749667394091375, 7632259.171578099951148 ], [ 416694.886266298475675, 7631993.663024838082492 ] ] ] } },
{ "type": "Feature", "properties": { "fid": 274.0, "COMPR_M": 265.64, "CLASSE": "02 - Curta", "CD_FAZ": "403933", "TALHOES": "1", "FAZ_tAL": "403933001", "ID_LINHA": 229217 }, "geometry": { "type": "MultiLineString", "coordinates": [ [ [ 416702.750925296335481, 7632259.212777335196733 ], [ 416697.887524810270406, 7631993.704257315956056 ] ] ] } },
{ "type": "Feature", "properties": { "fid": 275.0, "COMPR_M": 265.64, "CLASSE": "02 - Curta", "CD_FAZ": "403933", "TALHOES": "1", "FAZ_tAL": "403933001", "ID_LINHA": 229218 }, "geometry": { "type": "MultiLineString", "coordinates": [ [ [ 416705.752183198812418, 7632259.253976568579674 ], [ 416700.888783320318907, 7631993.745489796623588 ] ] ] } },
{ "type": "Feature", "properties": { "fid": 276.0, "COMPR_M": 265.64, "CLASSE": "02 - Curta", "CD_FAZ": "403933", "TALHOES": "1", "FAZ_tAL": "403933001", "ID_LINHA": 229219 }, "geometry": { "type": "MultiLineString", "coordinates": [ [ [ 416708.753441100823693, 7632259.295175804756582 ], [ 416703.890041831880808, 7631993.786722278222442 ] ] ] } },
{ "type": "Feature", "properties": { "fid": 277.0, "COMPR_M": 265.64, "CLASSE": "02 - Curta", "CD_FAZ": "403933", "TALHOES": "1", "FAZ_tAL": "403933001", "ID_LINHA": 229220 }, "geometry": { "type": "MultiLineString", "coordinates": [ [ [ 416711.754699003009591, 7632259.336375039070845 ], [ 416706.891300342977047, 7631993.827954757958651 ] ] ] } },
{ "type": "Feature", "properties": { "fid": 278.0, "COMPR_M": 265.64, "CLASSE": "02 - Curta", "CD_FAZ": "403933", "TALHOES": "1", "FAZ_tAL": "403933001", "ID_LINHA": 229221 }, "geometry": { "type": "MultiLineString", "coordinates": [ [ [ 416714.75595690542832, 7632259.377574272453785 ], [ 416709.892558855004609, 7631993.869187239557505 ] ] ] } },
{ "type": "Feature", "properties": { "fid": 279.0, "COMPR_M": 265.64, "CLASSE": "02 - Curta", "CD_FAZ": "403933", "TALHOES": "1", "FAZ_tAL": "403933001", "ID_LINHA": 229222 }, "geometry": { "type": "MultiLineString", "coordinates": [ [ [ 416717.757214807381388, 7632259.418773505836725 ], [ 416712.89381736528594, 7631993.910419719293714 ] ] ] } },
{ "type": "Feature", "properties": { "fid": 280.0, "COMPR_M": 265.64, "CLASSE": "02 - Curta", "CD_FAZ": "403933", "TALHOES": "1", "FAZ_tAL": "403933001", "ID_LINHA": 229223 }, "geometry": { "type": "MultiLineString", "coordinates": [ [ [ 416720.758472709567286, 7632259.459972741082311 ], [ 416715.895075877080671, 7631993.951652199961245 ] ] ] } },
{ "type": "Feature", "properties": { "fid": 281.0, "COMPR_M": 265.64, "CLASSE": "02 - Curta", "CD_FAZ": "403933", "TALHOES": "1", "FAZ_tAL": "403933001", "ID_LINHA": 229224 }, "geometry": { "type": "MultiLineString", "coordinates": [ [ [ 416723.759730611345731, 7632259.501171976327896 ], [ 416718.896334387827665, 7631993.992884678766131 ] ] ] } },
{ "type": "Feature", "properties": { "fid": 282.0, "COMPR_M": 265.64, "CLASSE": "02 - Curta", "CD_FAZ": "403933", "TALHOES": "1", "FAZ_tAL": "403933001", "ID_LINHA": 229225 }, "geometry": { "type": "MultiLineString", "coordinates": [ [ [ 416726.76098851399729, 7632259.542371211573482 ], [ 416721.897592898807488, 7631994.034117160364985 ] ] ] } },
{ "type": "Feature", "properties": { "fid": 283.0, "COMPR_M": 265.64, "CLASSE": "02 - Curta", "CD_FAZ": "403933", "TALHOES": "1", "FAZ_tAL": "403933001", "ID_LINHA": 229226 }, "geometry": { "type": "MultiLineString", "coordinates": [ [ [ 416729.76224641688168, 7632259.583570445887744 ], [ 416724.898851410660427, 7631994.075349640101194 ] ] ] } },
{ "type": "Feature", "properties": { "fid": 284.0, "COMPR_M": 265.64, "CLASSE": "02 - Curta", "CD_FAZ": "403933", "TALHOES": "1", "FAZ_tAL": "403933001", "ID_LINHA": 229227 }, "geometry": { "type": "MultiLineString", "coordinates": [ [ [ 416732.763504318019841, 7632259.624769680202007 ], [ 416727.90010992140742, 7631994.116582120768726 ] ] ] } },
{ "type": "Feature", "properties": { "fid": 285.0, "COMPR_M": 265.64, "CLASSE": "02 - Curta", "CD_FAZ": "403933", "TALHOES": "1", "FAZ_tAL": "403933001", "ID_LINHA": 229228 }, "geometry": { "type": "MultiLineString", "coordinates": [ [ [ 416735.764762220613193, 7632259.665968915447593 ], [ 416730.901368433027528, 7631994.157814601436257 ] ] ] } },
{ "type": "Feature", "properties": { "fid": 286.0, "COMPR_M": 265.64, "CLASSE": "02 - Curta", "CD_FAZ": "403933", "TALHOES": "1", "FAZ_tAL": "403933001", "ID_LINHA": 229229 }, "geometry": { "type": "MultiLineString", "coordinates": [ [ [ 416738.766020122217014, 7632259.707168148830533 ], [ 416733.902626943658106, 7631994.199047083035111 ] ] ] } },
{ "type": "Feature", "properties": { "fid": 287.0, "COMPR_M": 265.64, "CLASSE": "02 - Curta", "CD_FAZ": "403933", "TALHOES": "1", "FAZ_tAL": "403933001", "ID_LINHA": 229230 }, "geometry": { "type": "MultiLineString", "coordinates": [ [ [ 416741.767278025276028, 7632259.748367384076118 ], [ 416736.903885453823023, 7631994.240279560908675 ] ] ] } },
{ "type": "Feature", "properties": { "fid": 288.0, "COMPR_M": 265.64, "CLASSE": "02 - Curta", "CD_FAZ": "403933", "TALHOES": "1", "FAZ_tAL": "403933001", "ID_LINHA": 229231 }, "geometry": { "type": "MultiLineString", "coordinates": [ [ [ 416744.768535927287303, 7632259.789566617459059 ], [ 416739.905143965501338, 7631994.281512042507529 ] ] ] } },
{ "type": "Feature", "properties": { "fid": 289.0, "COMPR_M": 265.64, "CLASSE": "02 - Curta", "CD_FAZ": "403933", "TALHOES": "1", "FAZ_tAL": "403933001", "ID_LINHA": 229232 }, "geometry": { "type": "MultiLineString", "coordinates": [ [ [ 416747.769793829531409, 7632259.830765852704644 ], [ 416742.906402476830408, 7631994.322744520381093 ] ] ] } },
{ "type": "Feature", "properties": { "fid": 290.0, "COMPR_M": 265.64, "CLASSE": "02 - Curta", "CD_FAZ": "403933", "TALHOES": "1", "FAZ_tAL": "403933001", "ID_LINHA": 229233 }, "geometry": { "type": "MultiLineString", "coordinates": [ [ [ 416750.771051731950138, 7632259.871965088881552 ], [ 416745.907660986995324, 7631994.363977003842592 ] ] ] } },
{ "type": "Feature", "properties": { "fid": 291.0, "COMPR_M": 265.64, "CLASSE": "02 - Curta", "CD_FAZ": "403933", "TALHOES": "1", "FAZ_tAL": "403933001", "ID_LINHA": 229234 }, "geometry": { "type": "MultiLineString", "coordinates": [ [ [ 416753.772309632680845, 7632259.91316432133317 ], [ 416748.90891949943034, 7631994.405209486372769 ] ] ] } },
{ "type": "Feature", "properties": { "fid": 292.0, "COMPR_M": 265.64, "CLASSE": "02 - Curta", "CD_FAZ": "403933", "TALHOES": "1", "FAZ_tAL": "403933001", "ID_LINHA": 229235 }, "geometry": { "type": "MultiLineString", "coordinates": [ [ [ 416756.773567536263727, 7632259.954363556578755 ], [ 416751.910178010817617, 7631994.446441965177655 ] ] ] } },
{ "type": "Feature", "properties": { "fid": 293.0, "COMPR_M": 265.64, "CLASSE": "02 - Curta", "CD_FAZ": "403933", "TALHOES": "1", "FAZ_tAL": "403933001", "ID_LINHA": 229236 }, "geometry": { "type": "MultiLineString", "coordinates": [ [ [ 416759.774825438100379, 7632259.995562792755663 ], [ 416754.911436521681026, 7631994.487674443982542 ] ] ] } },
{ "type": "Feature", "properties": { "fid": 294.0, "COMPR_M": 265.64, "CLASSE": "02 - Curta", "CD_FAZ": "403933", "TALHOES": "1", "FAZ_tAL": "403933001", "ID_LINHA": 229237 }, "geometry": { "type": "MultiLineString", "coordinates": [ [ [ 416762.776083340751939, 7632260.036762025207281 ], [ 416757.912695033533964, 7631994.528906924650073 ] ] ] } },
{ "type": "Feature", "properties": { "fid": 295.0, "COMPR_M": 265.64, "CLASSE": "02 - Curta", "CD_FAZ": "403933", "TALHOES": "1", "FAZ_tAL": "403933001", "ID_LINHA": 229238 }, "geometry": { "type": "MultiLineString", "coordinates": [ [ [ 416765.777341243752744, 7632260.077961260452867 ], [ 416760.913953544280957, 7631994.570139404386282 ] ] ] } },
{ "type": "Feature", "properties": { "fid": 296.0, "COMPR_M": 265.64, "CLASSE": "02 - Curta", "CD_FAZ": "403933", "TALHOES": "1", "FAZ_tAL": "403933001", "ID_LINHA": 229239 }, "geometry": { "type": "MultiLineString", "coordinates": [ [ [ 416768.77859914425062, 7632260.119160497561097 ], [ 416763.915212054620497, 7631994.611371885985136 ] ] ] } },
{ "type": "Feature", "properties": { "fid": 297.0, "COMPR_M": 265.64, "CLASSE": "02 - Curta", "CD_FAZ": "403933", "TALHOES": "1", "FAZ_tAL": "403933001", "ID_LINHA": 229240 }, "geometry": { "type": "MultiLineString", "coordinates": [ [ [ 416771.779857047018595, 7632260.160359729081392 ], [ 416766.916470565833151, 7631994.652604365721345 ] ] ] } },
{ "type": "Feature", "properties": { "fid": 298.0, "COMPR_M": 265.64, "CLASSE": "02 - Curta", "CD_FAZ": "403933", "TALHOES": "1", "FAZ_tAL": "403933001", "ID_LINHA": 229241 }, "geometry": { "type": "MultiLineString", "coordinates": [ [ [ 416774.781114949379116, 7632260.201558966189623 ], [ 416769.917729077977128, 7631994.693836846388876 ] ] ] } },
{ "type": "Feature", "properties": { "fid": 299.0, "COMPR_M": 265.64, "CLASSE": "02 - Curta", "CD_FAZ": "403933", "TALHOES": "1", "FAZ_tAL": "403933001", "ID_LINHA": 229242 }, "geometry": { "type": "MultiLineString", "coordinates": [ [ [ 416777.782372851273976, 7632260.242758199572563 ], [ 416772.918987589073367, 7631994.735069325193763 ] ] ] } },
{ "type": "Feature", "properties": { "fid": 300.0, "COMPR_M": 265.64, "CLASSE": "02 - Curta", "CD_FAZ": "403933", "TALHOES": "1", "FAZ_tAL": "403933001", "ID_LINHA": 229243 }, "geometry": { "type": "MultiLineString", "coordinates": [ [ [ 416780.783630754041951, 7632260.283957432955503 ], [ 416775.920246099703945, 7631994.776301807723939 ] ] ] } },
{ "type": "Feature", "properties": { "fid": 301.0, "COMPR_M": 265.64, "CLASSE": "02 - Curta", "CD_FAZ": "403933", "TALHOES": "1", "FAZ_tAL": "403933001", "ID_LINHA": 229244 }, "geometry": { "type": "MultiLineString", "coordinates": [ [ [ 416783.78488865646068, 7632260.325156670063734 ], [ 416778.921504611324053, 7631994.817534288391471 ] ] ] } },
{ "type": "Feature", "properties": { "fid": 302.0, "COMPR_M": 265.64, "CLASSE": "02 - Curta", "CD_FAZ": "403933", "TALHOES": "1", "FAZ_tAL": "403933001", "ID_LINHA": 229245 }, "geometry": { "type": "MultiLineString", "coordinates": [ [ [ 416786.78614655835554, 7632260.366355903446674 ], [ 416781.922763123118784, 7631994.858766766265035 ] ] ] } },
{ "type": "Feature", "properties": { "fid": 303.0, "COMPR_M": 265.64, "CLASSE": "02 - Curta", "CD_FAZ": "403933", "TALHOES": "1", "FAZ_tAL": "403933001", "ID_LINHA": 229246 }, "geometry": { "type": "MultiLineString", "coordinates": [ [ [ 416789.787404459901154, 7632260.40755513869226 ], [ 416784.924021633167285, 7631994.899999247863889 ] ] ] } },
{ "type": "Feature", "properties": { "fid": 304.0, "COMPR_M": 265.64, "CLASSE": "02 - Curta", "CD_FAZ": "403933", "TALHOES": "1", "FAZ_tAL": "403933001", "ID_LINHA": 229247 }, "geometry": { "type": "MultiLineString", "coordinates": [ [ [ 416792.788662361679599, 7632260.4487543720752 ], [ 416787.925280144205317, 7631994.941231727600098 ] ] ] } },
{ "type": "Feature", "properties": { "fid": 305.0, "COMPR_M": 265.64, "CLASSE": "02 - Curta", "CD_FAZ": "403933", "TALHOES": "1", "FAZ_tAL": "403933001", "ID_LINHA": 229248 }, "geometry": { "type": "MultiLineString", "coordinates": [ [ [ 416795.78992026502965, 7632260.489953606389463 ], [ 416790.926538655476179, 7631994.982464209198952 ] ] ] } },
{ "type": "Feature", "properties": { "fid": 306.0, "COMPR_M": 265.64, "CLASSE": "02 - Curta", "CD_FAZ": "403933", "TALHOES": "1", "FAZ_tAL": "403933001", "ID_LINHA": 229249 }, "geometry": { "type": "MultiLineString", "coordinates": [ [ [ 416798.791178167273756, 7632260.531152841635048 ], [ 416793.927797167561948, 7631995.023696688935161 ] ] ] } },
{ "type": "Feature", "properties": { "fid": 307.0, "COMPR_M": 265.64, "CLASSE": "02 - Curta", "CD_FAZ": "403933", "TALHOES": "1", "FAZ_tAL": "403933001", "ID_LINHA": 229250 }, "geometry": { "type": "MultiLineString", "coordinates": [ [ [ 416801.7924360698089, 7632260.572352077811956 ], [ 416796.929055678716395, 7631995.064929170534015 ] ] ] } },
{ "type": "Feature", "properties": { "fid": 308.0, "COMPR_M": 265.64, "CLASSE": "02 - Curta", "CD_FAZ": "403933", "TALHOES": "1", "FAZ_tAL": "403933001", "ID_LINHA": 229251 }, "geometry": { "type": "MultiLineString", "coordinates": [ [ [ 416804.793693970539607, 7632260.613551311194897 ], [ 416799.930314188706689, 7631995.106161650270224 ] ] ] } },
{ "type": "Feature", "properties": { "fid": 309.0, "COMPR_M": 265.64, "CLASSE": "02 - Curta", "CD_FAZ": "403933", "TALHOES": "1", "FAZ_tAL": "403933001", "ID_LINHA": 229252 }, "geometry": { "type": "MultiLineString", "coordinates": [ [ [ 416807.794951872841921, 7632260.654750546440482 ], [ 416802.931572700326797, 7631995.14739412907511 ] ] ] } },
{ "type": "Feature", "properties": { "fid": 310.0, "COMPR_M": 265.64, "CLASSE": "02 - Curta", "CD_FAZ": "403933", "TALHOES": "1", "FAZ_tAL": "403933001", "ID_LINHA": 229253 }, "geometry": { "type": "MultiLineString", "coordinates": [ [ [ 416810.796209776075557, 7632260.695949779823422 ], [ 416805.932831212179735, 7631995.188626610673964 ] ] ] } },
{ "type": "Feature", "properties": { "fid": 311.0, "COMPR_M": 265.64, "CLASSE": "02 - Curta", "CD_FAZ": "403933", "TALHOES": "1", "FAZ_tAL": "403933001", "ID_LINHA": 229254 }, "geometry": { "type": "MultiLineString", "coordinates": [ [ [ 416813.797467678203247, 7632260.737149015069008 ], [ 416808.934089722344652, 7631995.229859091341496 ] ] ] } },
{ "type": "Feature", "properties": { "fid": 312.0, "COMPR_M": 265.64, "CLASSE": "02 - Curta", "CD_FAZ": "403933", "TALHOES": "1", "FAZ_tAL": "403933001", "ID_LINHA": 229255 }, "geometry": { "type": "MultiLineString", "coordinates": [ [ [ 416816.798725580621976, 7632260.778348248451948 ], [ 416811.935348234663252, 7631995.271091571077704 ] ] ] } },
{ "type": "Feature", "properties": { "fid": 313.0, "COMPR_M": 265.64, "CLASSE": "02 - Curta", "CD_FAZ": "403933", "TALHOES": "1", "FAZ_tAL": "403933001", "ID_LINHA": 229256 }, "geometry": { "type": "MultiLineString", "coordinates": [ [ [ 416819.799983482633252, 7632260.819547485560179 ], [ 416814.936606746632606, 7631995.312324053607881 ] ] ] } },
{ "type": "Feature", "properties": { "fid": 314.0, "COMPR_M": 265.64, "CLASSE": "02 - Curta", "CD_FAZ": "403933", "TALHOES": "1", "FAZ_tAL": "403933001", "ID_LINHA": 229257 }, "geometry": { "type": "MultiLineString", "coordinates": [ [ [ 416822.801241385517642, 7632260.860746718943119 ], [ 416817.937865256913938, 7631995.353556531481445 ] ] ] } },
{ "type": "Feature", "properties": { "fid": 315.0, "COMPR_M": 265.64, "CLASSE": "02 - Curta", "CD_FAZ": "403933", "TALHOES": "1", "FAZ_tAL": "403933001", "ID_LINHA": 229258 }, "geometry": { "type": "MultiLineString", "coordinates": [ [ [ 416825.802499287354294, 7632260.901945952326059 ], [ 416820.939123768068384, 7631995.394789014011621 ] ] ] } },
{ "type": "Feature", "properties": { "fid": 316.0, "COMPR_M": 265.64, "CLASSE": "02 - Curta", "CD_FAZ": "403933", "TALHOES": "1", "FAZ_tAL": "403933001", "ID_LINHA": 229259 }, "geometry": { "type": "MultiLineString", "coordinates": [ [ [ 416828.803757190064061, 7632260.94314518943429 ], [ 416823.940382278175093, 7631995.436021491885185 ] ] ] } },
{ "type": "Feature", "properties": { "fid": 318.0, "COMPR_M": 9.69, "CLASSE": "01 - Muito curta", "CD_FAZ": "403933", "TALHOES": "1", "FAZ_tAL": "403933001", "ID_LINHA": 229260 }, "geometry": { "type": "MultiLineString", "coordinates": [ [ [ 415719.227638758369721, 7632245.936078252270818 ], [ 415723.068721196555998, 7632237.042180525138974 ] ] ] } },
{ "type": "Feature", "properties": { "fid": 319.0, "COMPR_M": 18.62, "CLASSE": "01 - Muito curta", "CD_FAZ": "403933", "TALHOES": "1", "FAZ_tAL": "403933001", "ID_LINHA": 229261 }, "geometry": { "type": "MultiLineString", "coordinates": [ [ [ 415715.950887180573773, 7632245.891382159665227 ], [ 415723.051057714503258, 7632228.688018949702382 ] ] ] } },
{ "type": "Feature", "properties": { "fid": 320.0, "COMPR_M": 26.83, "CLASSE": "01 - Muito curta", "CD_FAZ": "403933", "TALHOES": "1", "FAZ_tAL": "403933001", "ID_LINHA": 229262 }, "geometry": { "type": "MultiLineString", "coordinates": [ [ [ 415712.641035162785556, 7632245.846234563738108 ], [ 415718.732958460459486, 7632231.707121448591352 ], [ 415722.502222013252322, 7632220.922313107177615 ] ] ] } },
{ "type": "Feature", "properties": { "fid": 321.0, "COMPR_M": 34.88, "CLASSE": "01 - Muito curta", "CD_FAZ": "403933", "TALHOES": "1", "FAZ_tAL": "403933001", "ID_LINHA": 229263 }, "geometry": { "type": "MultiLineString", "coordinates": [ [ [ 415709.331183142843656, 7632245.801086967810988 ], [ 415715.932149761298206, 7632230.631613790988922 ], [ 415721.674948478932492, 7632213.239057755097747 ] ] ] } },
{ "type": "Feature", "properties": { "fid": 322.0, "COMPR_M": 43.71, "CLASSE": "01 - Muito curta", "CD_FAZ": "403933", "TALHOES": "1", "FAZ_tAL": "403933001", "ID_LINHA": 229264 }, "geometry": { "type": "MultiLineString", "coordinates": [ [ [ 415706.021331122610718, 7632245.755939372815192 ], [ 415711.480205146188382, 7632233.709259875118732 ], [ 415714.666476889746264, 7632225.413338145241141 ], [ 415717.466144116420764, 7632216.963025017641485 ], [ 415720.75728877884103, 7632204.71634609811008 ] ] ] } },
{ "type": "Feature", "properties": { "fid": 323.0, "COMPR_M": 53.67, "CLASSE": "01 - Muito curta", "CD_FAZ": "403933", "TALHOES": "1", "FAZ_tAL": "403933001", "ID_LINHA": 229265 }, "geometry": { "type": "MultiLineString", "coordinates": [ [ [ 415702.682319295592606, 7632245.710394026711583 ], [ 415708.705538874492049, 7632232.567995356395841 ], [ 415713.261951357824728, 7632220.278469332493842 ], [ 415716.940219608251937, 7632207.72061131708324 ], [ 415719.713733691780362, 7632195.024388268589973 ] ] ] } },
{ "type": "Feature", "properties": { "fid": 324.0, "COMPR_M": 65.62, "CLASSE": "01 - Muito curta", "CD_FAZ": "403933", "TALHOES": "1", "FAZ_tAL": "403933001", "ID_LINHA": 229266 }, "geometry": { "type": "MultiLineString", "coordinates": [ [ [ 415699.334296667424496, 7632245.664725770242512 ], [ 415705.930872602737509, 7632231.426730833947659 ], [ 415711.727549378527328, 7632215.209875379689038 ], [ 415715.965658599685412, 7632198.595241967588663 ], [ 415718.448055967106484, 7632183.269479228183627 ] ] ] } },
{ "type": "Feature", "properties": { "fid": 325.0, "COMPR_M": 84.86, "CLASSE": "01 - Muito curta", "CD_FAZ": "403933", "TALHOES": "1", "FAZ_tAL": "403933001", "ID_LINHA": 229267 }, "geometry": { "type": "MultiLineString", "coordinates": [ [ [ 415695.986274036811665, 7632245.619057515636086 ], [ 415701.480234038026538, 7632234.22703517973423 ], [ 415704.728914968844038, 7632226.329583161510527 ], [ 415711.12613689515274, 7632206.236954694613814 ], [ 415715.083413431770168, 7632185.9682811293751 ], [ 415716.270848370739259, 7632174.78616482578218 ], [ 415716.77843234926695, 7632164.148310432210565 ] ] ] } },
{ "type": "Feature", "properties": { "fid": 326.0, "COMPR_M": 85.0, "CLASSE": "01 - Muito curta", "CD_FAZ": "403933", "TALHOES": "1", "FAZ_tAL": "403933001", "ID_LINHA": 229268 }, "geometry": { "type": "MultiLineString", "coordinates": [ [ [ 415692.604441974894144, 7632245.572928084991872 ], [ 415696.973632486187853, 7632236.897602319717407 ], [ 415701.928106270090211, 7632225.25407550483942 ], [ 415708.219095540349372, 7632205.495126380585134 ], [ 415712.111044369754381, 7632185.560804415494204 ], [ 415713.279368371120654, 7632174.558425487950444 ], [ 415713.778960622323211, 7632164.092013401910663 ] ] ] } },
{ "type": "Feature", "properties": { "fid": 327.0, "COMPR_M": 85.14, "CLASSE": "01 - Muito curta", "CD_FAZ": "403933", "TALHOES": "1", "FAZ_tAL": "403933001", "ID_LINHA": 229269 }, "geometry": { "type": "MultiLineString", "coordinates": [ [ [ 415689.214162120071705, 7632245.526683425530791 ], [ 415694.256665070599411, 7632235.625055148266256 ], [ 415699.127297571976669, 7632224.178567847236991 ], [ 415705.312054182519205, 7632204.753298071213067 ], [ 415709.138675307738595, 7632185.153327703475952 ], [ 415710.287888373772148, 7632174.330686150118709 ], [ 415710.77948889369145, 7632164.035716369748116 ] ] ] } },
{ "type": "Feature", "properties": { "fid": 328.0, "COMPR_M": 85.28, "CLASSE": "01 - Muito curta", "CD_FAZ": "403933", "TALHOES": "1", "FAZ_tAL": "403933001", "ID_LINHA": 229270 }, "geometry": { "type": "MultiLineString", "coordinates": [ [ [ 415685.820146323065273, 7632245.480387805961072 ], [ 415689.759210822696332, 7632238.038501460105181 ], [ 415694.832207516359631, 7632226.861672753468156 ], [ 415701.378357948851772, 7632207.849262788891792 ], [ 415704.211521884659305, 7632196.174553987570107 ], [ 415706.166306245024316, 7632184.745850989595056 ], [ 415707.296408375201281, 7632174.102946812286973 ], [ 415707.780017167911865, 7632163.979419339448214 ] ] ] } },
{ "type": "Feature", "properties": { "fid": 329.0, "COMPR_M": 85.45, "CLASSE": "01 - Muito curta", "CD_FAZ": "403933", "TALHOES": "1", "FAZ_tAL": "403933001", "ID_LINHA": 229271 }, "geometry": { "type": "MultiLineString", "coordinates": [ [ [ 415682.384506963659078, 7632245.433524424210191 ], [ 415687.073410379583947, 7632236.701431902125478 ], [ 415692.057541245594621, 7632225.720408234745264 ], [ 415698.48930267652031, 7632207.040199743583798 ], [ 415701.272987706586719, 7632195.56938198953867 ], [ 415703.193937183707021, 7632184.338374272920191 ], [ 415704.780545438406989, 7632163.923122309148312 ] ] ] } },
{ "type": "Feature", "properties": { "fid": 330.0, "COMPR_M": 85.61, "CLASSE": "01 - Muito curta", "CD_FAZ": "403933", "TALHOES": "1", "FAZ_tAL": "403933001", "ID_LINHA": 229272 }, "geometry": { "type": "MultiLineString", "coordinates": [ [ [ 415678.94886760506779, 7632245.386661043390632 ], [ 415687.746776517829858, 7632228.191755849868059 ], [ 415692.065132828312926, 7632217.335171547718346 ], [ 415695.600247404770926, 7632206.231136696413159 ], [ 415698.334453528048471, 7632194.964209995232522 ], [ 415700.221568122389726, 7632183.930897561833262 ], [ 415701.781073711754289, 7632163.86682527884841 ] ] ] } },
{ "type": "Feature", "properties": { "fid": 331.0, "COMPR_M": 85.79, "CLASSE": "01 - Muito curta", "CD_FAZ": "403933", "TALHOES": "1", "FAZ_tAL": "403933001", "ID_LINHA": 229273 }, "geometry": { "type": "MultiLineString", "coordinates": [ [ [ 415675.481926539505366, 7632245.339370695874095 ], [ 415679.931161174492445, 7632237.480238934978843 ], [ 415685.000085013569333, 7632226.984699985012412 ], [ 415689.239964819629677, 7632216.325400723144412 ], [ 415692.711192132323049, 7632205.422073650173843 ], [ 415695.395919349160977, 7632194.359037998132408 ], [ 415697.249199059675448, 7632183.523420846089721 ], [ 415698.781601983413566, 7632163.81052824575454 ] ] ] } },
{ "type": "Feature", "properties": { "fid": 332.0, "COMPR_M": 85.97, "CLASSE": "01 - Muito curta", "CD_FAZ": "403933", "TALHOES": "1", "FAZ_tAL": "403933001", "ID_LINHA": 229274 }, "geometry": { "type": "MultiLineString", "coordinates": [ [ [ 415671.99710858851904, 7632245.291836502030492 ], [ 415677.278476956067607, 7632236.078589335083961 ], [ 415682.253393509308808, 7632225.77764411829412 ], [ 415686.414796812285203, 7632215.315629898570478 ], [ 415689.822136861272156, 7632204.613010604865849 ], [ 415692.457385169749614, 7632193.753866001963615 ], [ 415694.276829998358153, 7632183.115944134071469 ], [ 415695.782130257226527, 7632163.754231215454638 ] ] ] } },
{ "type": "Feature", "properties": { "fid": 333.0, "COMPR_M": 86.17, "CLASSE": "01 - Muito curta", "CD_FAZ": "403933", "TALHOES": "1", "FAZ_tAL": "403933001", "ID_LINHA": 229275 }, "geometry": { "type": "MultiLineString", "coordinates": [ [ [ 415668.490542788407765, 7632245.244005657732487 ], [ 415672.799932442838326, 7632238.03213862888515 ], [ 415677.954860573925544, 7632227.989772117696702 ], [ 415682.322445381549187, 7632217.725521901622415 ], [ 415685.903873053961433, 7632207.320702014490962 ], [ 415688.739384000597056, 7632196.722744929604232 ], [ 415690.798964100249577, 7632186.125745121389627 ], [ 415692.066805025504436, 7632176.139601407572627 ], [ 415692.782658528711181, 7632163.697934184223413 ] ] ] } },
{ "type": "Feature", "properties": { "fid": 334.0, "COMPR_M": 86.39, "CLASSE": "01 - Muito curta", "CD_FAZ": "403933", "TALHOES": "1", "FAZ_tAL": "403933001", "ID_LINHA": 229276 }, "geometry": { "type": "MultiLineString", "coordinates": [ [ [ 415664.952373549691401, 7632245.195743732154369 ], [ 415670.182413112896029, 7632236.56587006431073 ], [ 415675.237893158337101, 7632226.717224944382906 ], [ 415679.521636683086399, 7632216.650014243088663 ], [ 415683.034575684752781, 7632206.444127196446061 ], [ 415685.815818921488244, 7632196.048935873433948 ], [ 415687.836127979913726, 7632185.653823469765484 ], [ 415689.080277345841751, 7632175.854091474786401 ], [ 415689.783186801709235, 7632163.641637152992189 ] ] ] } },
{ "type": "Feature", "properties": { "fid": 335.0, "COMPR_M": 86.61, "CLASSE": "01 - Muito curta", "CD_FAZ": "403933", "TALHOES": "1", "FAZ_tAL": "403933001", "ID_LINHA": 229277 }, "geometry": { "type": "MultiLineString", "coordinates": [ [ [ 415661.392855755751953, 7632245.147190604358912 ], [ 415667.564893785631284, 7632235.099601503461599 ], [ 415672.520925742632244, 7632225.4446777747944 ], [ 415676.720827985845972, 7632215.574506585486233 ], [ 415680.165278315544128, 7632205.567552381195128 ], [ 415682.892253842263017, 7632195.37512681260705 ], [ 415684.87329186045099, 7632185.181901814416051 ], [ 415686.093749665131327, 7632175.568581540137529 ], [ 415686.783715074299835, 7632163.58534012362361 ] ] ] } },
{ "type": "Feature", "properties": { "fid": 336.0, "COMPR_M": 86.86, "CLASSE": "01 - Muito curta", "CD_FAZ": "403933", "TALHOES": "1", "FAZ_tAL": "403933001", "ID_LINHA": 229278 }, "geometry": { "type": "MultiLineString", "coordinates": [ [ [ 415657.797415420936886, 7632245.098147479817271 ], [ 415663.154226872487925, 7632236.744371512904763 ], [ 415668.272807273606304, 7632227.341945003718138 ], [ 415672.63487734424416, 7632217.731556594371796 ], [ 415676.238952018611599, 7632208.010402829386294 ], [ 415679.148681979510002, 7632198.07684326171875 ], [ 415681.910455741221085, 7632184.70998015999794 ], [ 415683.107221985410433, 7632175.283071605488658 ], [ 415683.784243346482981, 7632163.529043089598417 ] ] ] } },
{ "type": "Feature", "properties": { "fid": 337.0, "COMPR_M": 87.13, "CLASSE": "01 - Muito curta", "CD_FAZ": "403933", "TALHOES": "1", "FAZ_tAL": "403933001", "ID_LINHA": 229279 }, "geometry": { "type": "MultiLineString", "coordinates": [ [ [ 415654.169288531236816, 7632245.048658499494195 ], [ 415660.573586818762124, 7632235.214118898846209 ], [ 415665.587006829970051, 7632226.004875449463725 ], [ 415669.860211072256789, 7632216.590292073786259 ], [ 415673.39102899399586, 7632207.06670540664345 ], [ 415676.241640623658895, 7632197.33501495141536 ], [ 415678.947619624203071, 7632184.238058507442474 ], [ 415680.120694304641802, 7632174.997561672702432 ], [ 415680.78477161884075, 7632163.47274606116116 ] ] ] } },
{ "type": "Feature", "properties": { "fid": 338.0, "COMPR_M": 87.41, "CLASSE": "01 - Muito curta", "CD_FAZ": "403933", "TALHOES": "1", "FAZ_tAL": "403933001", "ID_LINHA": 229280 }, "geometry": { "type": "MultiLineString", "coordinates": [ [ [ 415650.510969159193337, 7632244.998757680878043 ], [ 415656.187599782191683, 7632236.644369111396372 ], [ 415661.362371647264808, 7632227.668691738508642 ], [ 415665.773244484851602, 7632218.535308924503624 ], [ 415670.543105968215968, 7632206.123007982037961 ], [ 415673.334599266003352, 7632196.593186639249325 ], [ 415675.984783504740335, 7632183.766136853024364 ], [ 415677.134166624280624, 7632174.712051735259593 ], [ 415677.785299890208989, 7632163.416449028998613 ] ] ] } },
{ "type": "Feature", "properties": { "fid": 339.0, "COMPR_M": 87.72, "CLASSE": "01 - Muito curta", "CD_FAZ": "403933", "TALHOES": "1", "FAZ_tAL": "403933001", "ID_LINHA": 229281 }, "geometry": { "type": "MultiLineString", "coordinates": [ [ [ 415646.797489650838543, 7632244.948104458861053 ], [ 415653.645781676517799, 7632235.05045422911644 ], [ 415658.709687428898178, 7632226.267042139545083 ], [ 415663.026552980707493, 7632217.3282530605793 ], [ 415667.695182941912208, 7632205.179310557432473 ], [ 415670.427557911956683, 7632195.851358328945935 ], [ 415673.021947384811938, 7632183.294215198606253 ], [ 415674.147638945432846, 7632174.426541804336011 ], [ 415674.785828164312989, 7632163.360151998698711 ] ] ] } },
{ "type": "Feature", "properties": { "fid": 340.0, "COMPR_M": 88.05, "CLASSE": "01 - Muito curta", "CD_FAZ": "403933", "TALHOES": "1", "FAZ_tAL": "403933001", "ID_LINHA": 229282 }, "geometry": { "type": "MultiLineString", "coordinates": [ [ [ 415643.054655802319758, 7632244.897050834260881 ], [ 415649.294628898962401, 7632236.263384636491537 ], [ 415654.477297143486794, 7632227.768258692696691 ], [ 415658.936088661197573, 7632219.081941917538643 ], [ 415663.813452749163844, 7632207.237463302910328 ], [ 415666.70969468250405, 7632198.14050624333322 ], [ 415669.539126771152951, 7632185.8688909932971 ], [ 415671.161111264314968, 7632174.141031867824495 ], [ 415671.786356436088681, 7632163.303854968398809 ] ] ] } },
{ "type": "Feature", "properties": { "fid": 341.0, "COMPR_M": 88.42, "CLASSE": "01 - Muito curta", "CD_FAZ": "403933", "TALHOES": "1", "FAZ_tAL": "403933001", "ID_LINHA": 229283 }, "geometry": { "type": "MultiLineString", "coordinates": [ [ [ 415639.255076072586235, 7632244.845223172567785 ], [ 415646.793406682671048, 7632234.606492802500725 ], [ 415651.859777813660912, 7632226.30199012812227 ], [ 415656.219121246307623, 7632217.809394745156169 ], [ 415660.988284742226824, 7632206.227692477405071 ], [ 415663.82063941063825, 7632197.331443196162581 ], [ 415666.587551839067601, 7632185.330989869311452 ], [ 415668.174583583488129, 7632173.855521934106946 ], [ 415668.786884708795696, 7632163.24755793530494 ] ] ] } },
{ "type": "Feature", "properties": { "fid": 342.0, "COMPR_M": 88.82, "CLASSE": "01 - Muito curta", "CD_FAZ": "403933", "TALHOES": "1", "FAZ_tAL": "403933001", "ID_LINHA": 229284 }, "geometry": { "type": "MultiLineString", "coordinates": [ [ [ 415635.393859285628423, 7632244.792554759420455 ], [ 415642.499899113550782, 7632235.583192609250546 ], [ 415647.670386555138975, 7632227.562855828553438 ], [ 415652.158004610566422, 7632219.319527665153146 ], [ 415657.115167095907964, 7632208.045952985063195 ], [ 415660.931584138015751, 7632196.522380149923265 ], [ 415663.635976907098666, 7632184.793088743463159 ], [ 415665.188055904349312, 7632173.570011997595429 ], [ 415665.787412981619127, 7632163.191260907799006 ] ] ] } },
{ "type": "Feature", "properties": { "fid": 343.0, "COMPR_M": 89.26, "CLASSE": "01 - Muito curta", "CD_FAZ": "403933", "TALHOES": "1", "FAZ_tAL": "403933001", "ID_LINHA": 229285 }, "geometry": { "type": "MultiLineString", "coordinates": [ [ [ 415631.476081248431001, 7632244.73911483027041 ], [ 415638.193464098963886, 7632236.435258255340159 ], [ 415645.089746502693743, 7632226.032603212632239 ], [ 415649.472204166988377, 7632217.982458107173443 ], [ 415654.314358398260083, 7632206.970445327460766 ], [ 415658.042528866033535, 7632195.713317105546594 ], [ 415660.684401974605862, 7632184.25518761947751 ], [ 415662.201528224803042, 7632173.284502063877881 ], [ 415662.787941254093312, 7632163.134963874705136 ] ] ] } },
{ "type": "Feature", "properties": { "fid": 344.0, "COMPR_M": 89.75, "CLASSE": "01 - Muito curta", "CD_FAZ": "403933", "TALHOES": "1", "FAZ_tAL": "403933001", "ID_LINHA": 229286 }, "geometry": { "type": "MultiLineString", "coordinates": [ [ [ 415627.491213091474492, 7632244.684759767726064 ], [ 415633.894268943113275, 7632237.138010869733989 ], [ 415640.936691145878285, 7632227.080879813991487 ], [ 415646.786403724050615, 7632216.645388550125062 ], [ 415651.513549699855503, 7632205.894937671720982 ], [ 415655.153473593411036, 7632194.9042540602386 ], [ 415657.732827041589189, 7632183.717286493629217 ], [ 415659.21500054228818, 7632172.998992130160332 ], [ 415659.788469526800327, 7632163.078666845336556 ] ] ] } },
{ "type": "Feature", "properties": { "fid": 345.0, "COMPR_M": 90.28, "CLASSE": "01 - Muito curta", "CD_FAZ": "403933", "TALHOES": "1", "FAZ_tAL": "403933001", "ID_LINHA": 229287 }, "geometry": { "type": "MultiLineString", "coordinates": [ [ [ 415623.426109581370838, 7632244.629310265183449 ], [ 415629.679927515506279, 7632237.604931688867509 ], [ 415636.788517820998095, 7632227.97892546094954 ], [ 415642.793582119746134, 7632217.857144545763731 ], [ 415647.662880900199525, 7632207.460175912827253 ], [ 415651.472304620314389, 7632196.801804196089506 ], [ 415654.256440843397286, 7632185.886630054563284 ], [ 415655.963238701748196, 7632175.22771112062037 ], [ 415656.788997798343189, 7632163.022369812242687 ] ] ] } },
{ "type": "Feature", "properties": { "fid": 346.0, "COMPR_M": 90.88, "CLASSE": "01 - Muito curta", "CD_FAZ": "403933", "TALHOES": "1", "FAZ_tAL": "403933001", "ID_LINHA": 229288 }, "geometry": { "type": "MultiLineString", "coordinates": [ [ [ 415619.269067200890277, 7632244.572606683708727 ], [ 415627.360386802116409, 7632235.701997732743621 ], [ 415634.287295604706742, 7632226.322033628821373 ], [ 415640.140897902194411, 7632216.45549494959414 ], [ 415644.888214628852438, 7632206.318911395035684 ], [ 415648.603007251396775, 7632195.925229378975928 ], [ 415651.31790666480083, 7632185.281458059325814 ], [ 415652.983022313506808, 7632174.882374688982964 ], [ 415653.789526071515866, 7632162.96607278008014 ] ] ] } },
{ "type": "Feature", "properties": { "fid": 347.0, "COMPR_M": 91.56, "CLASSE": "01 - Muito curta", "CD_FAZ": "403933", "TALHOES": "1", "FAZ_tAL": "403933001", "ID_LINHA": 229289 }, "geometry": { "type": "MultiLineString", "coordinates": [ [ [ 415615.007280592632014, 7632244.514474350959063 ], [ 415623.235090928268619, 7632235.944488133303821 ], [ 415630.206860763137229, 7632226.985643474385142 ], [ 415636.154661844368093, 7632217.504378756508231 ], [ 415641.053020948136691, 7632207.671806136146188 ], [ 415644.911798733228352, 7632197.629731172695756 ], [ 415648.379372485796921, 7632184.676286064088345 ], [ 415650.002805925672874, 7632174.537038255482912 ], [ 415650.79005434224382, 7632162.909775748848915 ] ] ] } },
{ "type": "Feature", "properties": { "fid": 348.0, "COMPR_M": 92.31, "CLASSE": "01 - Muito curta", "CD_FAZ": "403933", "TALHOES": "1", "FAZ_tAL": "403933001", "ID_LINHA": 229290 }, "geometry": { "type": "MultiLineString", "coordinates": [ [ [ 415610.626885508827399, 7632244.454724158160388 ], [ 415619.158220968442038, 7632236.023708770051599 ], [ 415626.126134564052336, 7632227.523595757782459 ], [ 415632.18654623668408, 7632218.381340138614178 ], [ 415637.200349332531914, 7632208.901564540341496 ], [ 415641.212108687497675, 7632199.159296706318855 ], [ 415644.885907810006756, 7632186.615609059110284 ], [ 415647.02258953632554, 7632174.191701823845506 ], [ 415647.790582615823951, 7632162.853478716686368 ] ] ] } },
{ "type": "Feature", "properties": { "fid": 349.0, "COMPR_M": 96.64, "CLASSE": "01 - Muito curta", "CD_FAZ": "403933", "TALHOES": "1", "FAZ_tAL": "403933001", "ID_LINHA": 229291 }, "geometry": { "type": "MultiLineString", "coordinates": [ [ [ 415591.389625276438892, 7632244.192320872098207 ], [ 415600.256792092870455, 7632237.5591174736619 ], [ 415608.669060816057026, 7632229.683194902725518 ], [ 415616.453753935929853, 7632220.418733652681112 ], [ 415623.079685135162435, 7632210.15118476934731 ], [ 415628.229649191373028, 7632199.49617775157094 ], [ 415632.635542969510425, 7632186.209410794079304 ], [ 415634.825851887930185, 7632174.990779761224985 ], [ 415635.792199567425996, 7632162.647877519950271 ] ] ] } },
{ "type": "Feature", "properties": { "fid": 350.0, "COMPR_M": 105.93, "CLASSE": "02 - Curta", "CD_FAZ": "403933", "TALHOES": "1", "FAZ_tAL": "403933001", "ID_LINHA": 229292 }, "geometry": { "type": "MultiLineString", "coordinates": [ [ [ 415566.329523427237291, 7632243.85049189440906 ], [ 415578.485316123289522, 7632238.053041625767946 ], [ 415589.518707627430558, 7632230.782558181323111 ], [ 415599.956555552082136, 7632221.42962874379009 ], [ 415608.062327249674127, 7632211.533803245052695 ], [ 415614.555370445013978, 7632200.603338524699211 ], [ 415619.287318432994653, 7632189.11682996712625 ], [ 415622.653311570291407, 7632175.274398500099778 ], [ 415623.794655090896413, 7632162.373634351417422 ] ] ] } },
{ "type": "Feature", "properties": { "fid": 351.0, "COMPR_M": 119.67, "CLASSE": "02 - Curta", "CD_FAZ": "403933", "TALHOES": "1", "FAZ_tAL": "403933001", "ID_LINHA": 229293 }, "geometry": { "type": "MultiLineString", "coordinates": [ [ [ 415539.539760053390637, 7632241.54605168569833 ], [ 415554.805180617258884, 7632238.311209643259645 ], [ 415562.231241715431679, 7632235.793926060199738 ], [ 415569.672948447056115, 7632232.53106099460274 ], [ 415576.939351748791523, 7632228.518682545050979 ], [ 415582.650578697095625, 7632224.681466205045581 ], [ 415588.172445710282773, 7632220.263928427360952 ], [ 415593.455575253698044, 7632215.205188313499093 ], [ 415601.784795925603248, 7632204.762792035005987 ], [ 415605.654254538123496, 7632198.237459964118898 ], [ 415608.806941341841593, 7632191.507429471239448 ], [ 415611.301132389868144, 7632184.533204646781087 ], [ 415613.11686464084778, 7632177.41472608409822 ], [ 415614.240209257346578, 7632170.3930010702461 ], [ 415614.796427009685431, 7632162.178950702771544 ] ] ] } },
{ "type": "Feature", "properties": { "fid": 352.0, "COMPR_M": 100.8, "CLASSE": "02 - Curta", "CD_FAZ": "403933", "TALHOES": "1", "FAZ_tAL": "403933001", "ID_LINHA": 229294 }, "geometry": { "type": "MultiLineString", "coordinates": [ [ [ 415539.700320793315768, 7632229.392118250951171 ], [ 415552.699520350433886, 7632226.411573924124241 ], [ 415564.366874361992814, 7632221.767352186143398 ], [ 415575.559592257952318, 7632214.999861373566091 ], [ 415584.74292825977318, 7632206.951768892817199 ], [ 415591.779316742438823, 7632198.136065818369389 ], [ 415595.042519189300947, 7632192.632808701135218 ], [ 415597.718657326884568, 7632186.917994808405638 ], [ 415601.35712279722793, 7632175.019683009013534 ], [ 415602.795994165760931, 7632162.021161552518606 ] ] ] } },
{ "type": "Feature", "properties": { "fid": 353.0, "COMPR_M": 86.75, "CLASSE": "01 - Muito curta", "CD_FAZ": "403933", "TALHOES": "1", "FAZ_tAL": "403933001", "ID_LINHA": 229295 }, "geometry": { "type": "MultiLineString", "coordinates": [ [ [ 415539.77634051971836, 7632220.262669835239649 ], [ 415551.200509347720072, 7632217.442028870806098 ], [ 415561.495009038189892, 7632213.135977904312313 ], [ 415571.269011465425137, 7632206.969441925175488 ], [ 415579.151558216486592, 7632199.748408603481948 ], [ 415585.009024779777974, 7632192.026967812329531 ], [ 415589.895508455170784, 7632182.234443542547524 ], [ 415592.801903909654357, 7632171.864244312047958 ], [ 415593.797057301737368, 7632161.850363235920668 ] ] ] } },
{ "type": "Feature", "properties": { "fid": 354.0, "COMPR_M": 57.68, "CLASSE": "01 - Muito curta", "CD_FAZ": "403933", "TALHOES": "1", "FAZ_tAL": "403933001", "ID_LINHA": 229296 }, "geometry": { "type": "MultiLineString", "coordinates": [ [ [ 415540.808584204874933, 7632201.683340362273157 ], [ 415548.17744771076832, 7632199.412718416191638 ], [ 415554.901584701729007, 7632196.243788105435669 ], [ 415561.082974721794017, 7632192.085439413785934 ], [ 415566.452710388752166, 7632186.938123124651611 ], [ 415570.256400582089555, 7632181.647149322554469 ], [ 415573.404374711099081, 7632174.934786692261696 ], [ 415575.086408548871987, 7632168.668291795998812 ], [ 415575.798094948986545, 7632161.54295963421464 ] ] ] } },
{ "type": "Feature", "properties": { "fid": 355.0, "COMPR_M": 53.78, "CLASSE": "01 - Muito curta", "CD_FAZ": "403933", "TALHOES": "1", "FAZ_tAL": "403933001", "ID_LINHA": 229297 }, "geometry": { "type": "MultiLineString", "coordinates": [ [ [ 415540.094404451258015, 7632198.769588952884078 ], [ 415547.095571097685024, 7632196.61445899028331 ], [ 415553.42758381360909, 7632193.630719954147935 ], [ 415559.210406221100129, 7632189.741387138143182 ], [ 415564.181395785300992, 7632184.97789154946804 ], [ 415567.675357854168396, 7632180.11757612042129 ], [ 415570.579475007427391, 7632173.924291813746095 ], [ 415572.135165077808779, 7632168.12854727357626 ], [ 415572.799477147636935, 7632161.451903149485588 ] ] ] } },
{ "type": "Feature", "properties": { "fid": 356.0, "COMPR_M": 22.58, "CLASSE": "01 - Muito curta", "CD_FAZ": "403933", "TALHOES": "1", "FAZ_tAL": "403933001", "ID_LINHA": 229298 }, "geometry": { "type": "MultiLineString", "coordinates": [ [ [ 415541.320199967944063, 7632179.531865529716015 ], [ 415546.787314395536669, 7632176.566700764000416 ], [ 415550.809372528048698, 7632172.913595072925091 ], [ 415553.32074502663454, 7632168.667040821164846 ], [ 415554.692560029856395, 7632162.896238073706627 ] ] ] } },
{ "type": "Feature", "properties": { "fid": 357.0, "COMPR_M": 95.31, "CLASSE": "01 - Muito curta", "CD_FAZ": "403933", "TALHOES": "1", "FAZ_tAL": "403933001", "ID_LINHA": 229299 }, "geometry": { "type": "MultiLineString", "coordinates": [ [ [ 415596.528550099697895, 7632244.262417690828443 ], [ 415605.691606670210604, 7632236.795380676165223 ], [ 415614.131868534837849, 7632228.123835225589573 ], [ 415620.372430082119536, 7632220.10760416649282 ], [ 415626.877127103623934, 7632209.447928914800286 ], [ 415631.898107987828553, 7632198.390986078418791 ], [ 415635.549656414077617, 7632186.924766303040087 ], [ 415637.798321136448067, 7632175.397524979896843 ], [ 415638.792100788850803, 7632162.683341607451439 ] ] ] } },
{ "type": "Feature", "properties": { "fid": 358.0, "COMPR_M": 94.17, "CLASSE": "01 - Muito curta", "CD_FAZ": "403933", "TALHOES": "1", "FAZ_tAL": "403933001", "ID_LINHA": 229300 }, "geometry": { "type": "MultiLineString", "coordinates": [ [ [ 415601.415741952019744, 7632244.32908078096807 ], [ 415609.496096030459739, 7632237.346323776990175 ], [ 415618.063981461629737, 7632228.111935885623097 ], [ 415624.298156090255361, 7632219.671324130147696 ], [ 415630.671428380999714, 7632208.623307956382632 ], [ 415635.570811274286825, 7632197.115363189950585 ], [ 415639.038701376877725, 7632185.268340678885579 ], [ 415641.062156758271158, 7632173.501028958708048 ], [ 415641.791605837992392, 7632162.740261647850275 ] ] ] } },
{ "type": "Feature", "properties": { "fid": 359.0, "COMPR_M": 93.17, "CLASSE": "01 - Muito curta", "CD_FAZ": "403933", "TALHOES": "1", "FAZ_tAL": "403933001", "ID_LINHA": 229301 }, "geometry": { "type": "MultiLineString", "coordinates": [ [ [ 415606.113907947088592, 7632244.393165485933423 ], [ 415615.189367807237431, 7632235.887794687412679 ], [ 415622.059932729694992, 7632227.919300990179181 ], [ 415628.227600615937263, 7632219.111305403523147 ], [ 415634.483381918165833, 7632207.629017367959023 ], [ 415638.386940680094995, 7632198.149525881744921 ], [ 415641.962342730956152, 7632185.941800000146031 ], [ 415644.042373147385661, 7632173.846365392208099 ], [ 415644.791110886959359, 7632162.797181688249111 ] ] ] } },
{ "type": "Feature", "properties": { "fid": 360.0, "COMPR_M": 102.71, "CLASSE": "02 - Curta", "CD_FAZ": "403933", "TALHOES": "1", "FAZ_tAL": "403933001", "ID_LINHA": 229302 }, "geometry": { "type": "MultiLineString", "coordinates": [ [ [ 415573.618168798391707, 7632243.949911689385772 ], [ 415584.885951462259982, 7632237.696853461675346 ], [ 415594.486749003757723, 7632230.65142266266048 ], [ 415603.619243713910691, 7632221.896006772294641 ], [ 415611.790910186944529, 7632211.388532473705709 ], [ 415618.191371672961395, 7632199.97356869187206 ], [ 415622.770764881570358, 7632188.06314445938915 ], [ 415625.612113181210589, 7632175.769888013601303 ], [ 415626.794810534862336, 7632162.425278512760997 ] ] ] } },
{ "type": "Feature", "properties": { "fid": 361.0, "COMPR_M": 100.25, "CLASSE": "02 - Curta", "CD_FAZ": "403933", "TALHOES": "1", "FAZ_tAL": "403933001", "ID_LINHA": 229303 }, "geometry": { "type": "MultiLineString", "coordinates": [ [ [ 415580.057681443577167, 7632244.037749003618956 ], [ 415589.836303076939657, 7632237.985455239191651 ], [ 415599.638796596264001, 7632230.134350784122944 ], [ 415608.785818608826958, 7632220.500200066715479 ], [ 415615.531600188231096, 7632211.121504161506891 ], [ 415620.90865671710344, 7632201.245437275618315 ], [ 415625.640163157135248, 7632188.939374489709735 ], [ 415628.5750002770219, 7632176.241465052589774 ], [ 415629.79419614886865, 7632162.491049773991108 ] ] ] } },
{ "type": "Feature", "properties": { "fid": 362.0, "COMPR_M": 98.28, "CLASSE": "01 - Muito curta", "CD_FAZ": "403933", "TALHOES": "1", "FAZ_tAL": "403933001", "ID_LINHA": 229304 }, "geometry": { "type": "MultiLineString", "coordinates": [ [ [ 415585.927465254091658, 7632244.117815006524324 ], [ 415596.657494676299393, 7632236.625262947753072 ], [ 415606.495990506431554, 7632227.614601766690612 ], [ 415614.040334741817787, 7632218.636356829665601 ], [ 415620.461787061300129, 7632208.685592758469284 ], [ 415625.455143230268732, 7632198.354536212980747 ], [ 415629.728608908073511, 7632185.467145148664713 ], [ 415631.853583012823947, 7632174.582571551203728 ], [ 415632.793581766658463, 7632162.556821029633284 ] ] ] } },
{ "type": "Feature", "properties": { "fid": 363.0, "COMPR_M": 118.06, "CLASSE": "02 - Curta", "CD_FAZ": "403933", "TALHOES": "1", "FAZ_tAL": "403933001", "ID_LINHA": 229305 }, "geometry": { "type": "MultiLineString", "coordinates": [ [ [ 415545.741282126284204, 7632243.569660734385252 ], [ 415560.224491980625317, 7632239.725318299606442 ], [ 415574.030734061612748, 7632233.65807371865958 ], [ 415585.872660940978676, 7632226.017021308653057 ], [ 415591.543077477777842, 7632221.275583678856492 ], [ 415596.951593401434366, 7632215.849982588551939 ], [ 415601.971823914907873, 7632209.726338306441903 ], [ 415605.362626279063988, 7632204.748559339903295 ], [ 415609.196011972730048, 7632197.905325442552567 ], [ 415612.292447099462152, 7632190.862432477995753 ], [ 415614.699331640498713, 7632183.602547999471426 ], [ 415616.415033755707555, 7632176.164717305451632 ], [ 415617.79633380821906, 7632162.227957729250193 ] ] ] } },
{ "type": "Feature", "properties": { "fid": 364.0, "COMPR_M": 110.49, "CLASSE": "02 - Curta", "CD_FAZ": "403933", "TALHOES": "1", "FAZ_tAL": "403933001", "ID_LINHA": 229306 }, "geometry": { "type": "MultiLineString", "coordinates": [ [ [ 415557.609848645166494, 7632243.731552333571017 ], [ 415570.753083285409957, 7632238.670512491837144 ], [ 415583.168034596717916, 7632231.646173030138016 ], [ 415593.56700725783594, 7632223.490275455638766 ], [ 415603.122972113022115, 7632213.171894966624677 ], [ 415609.976438591256738, 7632202.847105545923114 ], [ 415615.784583759203088, 7632190.074092620052397 ], [ 415619.361822530801874, 7632176.727307874709368 ], [ 415620.795719424379058, 7632162.293728984892368 ] ] ] } },
{ "type": "Feature", "properties": { "fid": 365.0, "COMPR_M": 106.09, "CLASSE": "02 - Curta", "CD_FAZ": "403933", "TALHOES": "1", "FAZ_tAL": "403933001", "ID_LINHA": 229307 }, "geometry": { "type": "MultiLineString", "coordinates": [ [ [ 415539.162353467661887, 7632232.509584694169462 ], [ 415553.608722730423324, 7632229.270802581682801 ], [ 415565.675202155485749, 7632224.467035018838942 ], [ 415577.31347344542155, 7632217.433780262246728 ], [ 415586.935891580360476, 7632208.999917689710855 ], [ 415594.280765923904255, 7632199.792624147608876 ], [ 415597.682623694709036, 7632194.057536046952009 ], [ 415600.493554283340927, 7632188.058679075911641 ], [ 415602.684976954071317, 7632181.929534269496799 ], [ 415604.295786374714226, 7632175.624261677265167 ], [ 415605.299560089828447, 7632169.356991775333881 ], [ 415605.79830464895349, 7632162.000941663980484 ] ] ] } },
{ "type": "Feature", "properties": { "fid": 366.0, "COMPR_M": 110.78, "CLASSE": "02 - Curta", "CD_FAZ": "403933", "TALHOES": "1", "FAZ_tAL": "403933001", "ID_LINHA": 229308 }, "geometry": { "type": "MultiLineString", "coordinates": [ [ [ 415539.153796875732951, 7632235.540871877223253 ], [ 415553.098158175125718, 7632232.558787161484361 ], [ 415560.085305530345067, 7632230.190708499401808 ], [ 415567.00163248332683, 7632227.158006694167852 ], [ 415573.812275016098283, 7632223.397872826084495 ], [ 415579.086302812560461, 7632219.85411952342838 ], [ 415589.109235906042159, 7632211.068215921521187 ], [ 415596.76623879239196, 7632201.472658139653504 ], [ 415600.348536396049894, 7632195.434842728078365 ], [ 415603.25781305716373, 7632189.224420057609677 ], [ 415605.562335840542801, 7632182.780744588933885 ], [ 415607.234320554067381, 7632176.229433672502637 ], [ 415608.276884843362495, 7632169.725226083770394 ], [ 415608.798496836796403, 7632162.030650971457362 ] ] ] } },
{ "type": "Feature", "properties": { "fid": 367.0, "COMPR_M": 115.46, "CLASSE": "02 - Curta", "CD_FAZ": "403933", "TALHOES": "1", "FAZ_tAL": "403933001", "ID_LINHA": 229309 }, "geometry": { "type": "MultiLineString", "coordinates": [ [ [ 415539.120395416743122, 7632238.575507409870625 ], [ 415553.960372060420923, 7632235.432516092434525 ], [ 415561.149418840999715, 7632232.995651535689831 ], [ 415568.346518124861177, 7632229.840089315548539 ], [ 415575.366611051838845, 7632225.963821509853005 ], [ 415580.878080360766035, 7632222.260879160836339 ], [ 415586.199019473046064, 7632218.004120800644159 ], [ 415591.282580231083557, 7632213.13651415053755 ], [ 415599.283664284041151, 7632203.105740813538432 ], [ 415603.001395467086695, 7632196.836151342839003 ], [ 415606.032479329325724, 7632190.365684574469924 ], [ 415608.431734115933068, 7632183.65697461925447 ], [ 415610.178428157465532, 7632176.809050116688013 ], [ 415611.259992868639529, 7632170.047664638608694 ], [ 415611.797562575957272, 7632162.096415212377906 ] ] ] } },
{ "type": "Feature", "properties": { "fid": 368.0, "COMPR_M": 91.99, "CLASSE": "01 - Muito curta", "CD_FAZ": "403933", "TALHOES": "1", "FAZ_tAL": "403933001", "ID_LINHA": 229310 }, "geometry": { "type": "MultiLineString", "coordinates": [ [ [ 415539.241281369584613, 7632223.392706458456814 ], [ 415550.917941659397911, 7632220.681971661746502 ], [ 415561.695911191985942, 7632216.39411997795105 ], [ 415572.013933520414867, 7632210.159182845614851 ], [ 415580.415858605119865, 7632202.795023001730442 ], [ 415586.776418380788527, 7632194.822949154302478 ], [ 415592.169555468310136, 7632184.634885519742966 ], [ 415595.480183837877121, 7632173.808745691552758 ], [ 415596.797748116077855, 7632161.873152491636574 ] ] ] } },
{ "type": "Feature", "properties": { "fid": 369.0, "COMPR_M": 96.65, "CLASSE": "01 - Muito curta", "CD_FAZ": "403933", "TALHOES": "1", "FAZ_tAL": "403933001", "ID_LINHA": 229311 }, "geometry": { "type": "MultiLineString", "coordinates": [ [ [ 415539.233115855487995, 7632226.428721629083157 ], [ 415551.809047958406154, 7632223.546674291603267 ], [ 415563.040796833229251, 7632219.076202595606446 ], [ 415573.786762888543308, 7632212.579522110521793 ], [ 415582.570451218402013, 7632204.882560031488538 ], [ 415589.277867561671883, 7632196.479507485404611 ], [ 415594.944221739831846, 7632185.776150038465858 ], [ 415598.418718015251216, 7632174.413917689584196 ], [ 415599.797374570101965, 7632161.930164145305753 ] ] ] } },
{ "type": "Feature", "properties": { "fid": 370.0, "COMPR_M": 63.89, "CLASSE": "01 - Muito curta", "CD_FAZ": "403933", "TALHOES": "1", "FAZ_tAL": "403933001", "ID_LINHA": 229312 }, "geometry": { "type": "MultiLineString", "coordinates": [ [ [ 415539.367342803976499, 7632205.074753193184733 ], [ 415547.412335183820687, 7632202.888413298875093 ], [ 415555.49135858961381, 7632199.344234408810735 ], [ 415562.173357479332481, 7632195.041031644679606 ], [ 415568.039824713603593, 7632189.670581033453345 ], [ 415572.313461077807005, 7632184.036488669924438 ], [ 415575.891714842582587, 7632176.856230923905969 ], [ 415578.043697754153982, 7632169.176448689773679 ], [ 415578.799822270812001, 7632161.5316152703017 ] ] ] } },
{ "type": "Feature", "properties": { "fid": 371.0, "COMPR_M": 68.59, "CLASSE": "01 - Muito curta", "CD_FAZ": "403933", "TALHOES": "1", "FAZ_tAL": "403933001", "ID_LINHA": 229313 }, "geometry": { "type": "MultiLineString", "coordinates": [ [ [ 415539.331630220694933, 7632208.14047334715724 ], [ 415548.41592247976223, 7632205.715918651781976 ], [ 415556.934596649138257, 7632201.974721328355372 ], [ 415563.996380823256914, 7632197.423800081945956 ], [ 415570.262374818674289, 7632191.685922429896891 ], [ 415574.855704554705881, 7632185.629724875092506 ], [ 415578.682742718490772, 7632177.956340588629246 ], [ 415580.990486530179624, 7632169.739039258100092 ], [ 415581.79947657790035, 7632161.588538143783808 ] ] ] } },
{ "type": "Feature", "properties": { "fid": 372.0, "COMPR_M": 73.25, "CLASSE": "01 - Muito curta", "CD_FAZ": "403933", "TALHOES": "1", "FAZ_tAL": "403933001", "ID_LINHA": 229314 }, "geometry": { "type": "MultiLineString", "coordinates": [ [ [ 415539.334400622465182, 7632211.197311704978347 ], [ 415549.38343622663524, 7632208.555629452690482 ], [ 415558.359274767164607, 7632204.615000694990158 ], [ 415565.819404164911248, 7632199.806568515487015 ], [ 415572.484924921998754, 7632193.701263822615147 ], [ 415577.397948031546548, 7632187.222961079329252 ], [ 415581.483551414916292, 7632179.031848249956965 ], [ 415583.942127761838492, 7632170.276598379015923 ], [ 415584.799130885512568, 7632161.645461012609303 ] ] ] } },
{ "type": "Feature", "properties": { "fid": 373.0, "COMPR_M": 77.92, "CLASSE": "01 - Muito curta", "CD_FAZ": "403933", "TALHOES": "1", "FAZ_tAL": "403933001", "ID_LINHA": 229315 }, "geometry": { "type": "MultiLineString", "coordinates": [ [ [ 415539.319438811973669, 7632214.24701056163758 ], [ 415549.306847629137337, 7632211.74828495644033 ], [ 415558.744449276884552, 7632207.803302843123674 ], [ 415567.642427507496905, 7632202.189336951822042 ], [ 415574.707475028233603, 7632195.716605212539434 ], [ 415579.924974551075138, 7632188.839817503467202 ], [ 415584.284360115299933, 7632180.107355903834105 ], [ 415586.893768992740661, 7632170.814157504588366 ], [ 415587.79878519277554, 7632161.702383881434798 ] ] ] } },
{ "type": "Feature", "properties": { "fid": 374.0, "COMPR_M": 82.66, "CLASSE": "01 - Muito curta", "CD_FAZ": "403933", "TALHOES": "1", "FAZ_tAL": "403933001", "ID_LINHA": 229316 }, "geometry": { "type": "MultiLineString", "coordinates": [ [ [ 415539.247045099968091, 7632217.30973123665899 ], [ 415550.262558163085487, 7632214.592315605841577 ], [ 415560.119940509728622, 7632210.469533792696893 ], [ 415569.446468120790087, 7632204.586314204148948 ], [ 415576.930025130743161, 7632197.731946609914303 ], [ 415582.467218026751652, 7632190.433053707703948 ], [ 415587.094949636491947, 7632181.158261553384364 ], [ 415589.850262678577565, 7632171.326685188338161 ], [ 415590.798439500562381, 7632161.759306753054261 ] ] ] } },
{ "type": "Feature", "properties": { "fid": 375.0, "COMPR_M": 31.24, "CLASSE": "01 - Muito curta", "CD_FAZ": "403933", "TALHOES": "1", "FAZ_tAL": "403933001", "ID_LINHA": 229317 }, "geometry": { "type": "MultiLineString", "coordinates": [ [ [ 415539.295771234086715, 7632183.445524891838431 ], [ 415547.051271617412567, 7632179.979941682890058 ], [ 415550.245502572564874, 7632177.695977849885821 ], [ 415553.135083985165693, 7632174.808111194521189 ], [ 415555.014335194893647, 7632172.04579250421375 ], [ 415556.628147730254568, 7632168.370158575475216 ], [ 415557.800666375260334, 7632161.136328633874655 ] ] ] } },
{ "type": "Feature", "properties": { "fid": 376.0, "COMPR_M": 35.83, "CLASSE": "01 - Muito curta", "CD_FAZ": "403933", "TALHOES": "1", "FAZ_tAL": "403933001", "ID_LINHA": 229318 }, "geometry": { "type": "MultiLineString", "coordinates": [ [ [ 415539.386692565924022, 7632186.550118268467486 ], [ 415543.977726198849268, 7632184.929181968793273 ], [ 415548.092170420859475, 7632182.855204069986939 ], [ 415552.169035032740794, 7632179.998388487845659 ], [ 415555.096137367188931, 7632177.13696526363492 ], [ 415557.632233271724544, 7632173.511384515091777 ], [ 415559.278691458515823, 7632169.885509459301829 ], [ 415560.333850370836444, 7632165.951093940064311 ], [ 415560.801896425196901, 7632161.190078053623438 ] ] ] } },
{ "type": "Feature", "properties": { "fid": 377.0, "COMPR_M": 40.52, "CLASSE": "01 - Muito curta", "CD_FAZ": "403933", "TALHOES": "1", "FAZ_tAL": "403933001", "ID_LINHA": 229319 }, "geometry": { "type": "MultiLineString", "coordinates": [ [ [ 415539.385193577385508, 7632189.665327250026166 ], [ 415544.514832372660749, 7632187.955792089924216 ], [ 415549.596958063833881, 7632185.450520198792219 ], [ 415554.111581966048107, 7632182.28526278026402 ], [ 415557.367451971222181, 7632179.097196836024523 ], [ 415559.932229676225688, 7632175.528856502845883 ], [ 415562.103986072703265, 7632170.894938617944717 ], [ 415563.280639145988971, 7632166.513684507459402 ], [ 415563.801550732401665, 7632161.247000925242901 ] ] ] } },
{ "type": "Feature", "properties": { "fid": 378.0, "COMPR_M": 45.2, "CLASSE": "01 - Muito curta", "CD_FAZ": "403933", "TALHOES": "1", "FAZ_tAL": "403933001", "ID_LINHA": 229320 }, "geometry": { "type": "MultiLineString", "coordinates": [ [ [ 415539.383081738371402, 7632192.76646725460887 ], [ 415545.627633571042679, 7632190.74177785590291 ], [ 415551.139101726992521, 7632188.024296379648149 ], [ 415556.016099940752611, 7632184.603209773078561 ], [ 415559.638766576186754, 7632181.057428410276771 ], [ 415562.513272401294671, 7632177.058429708704352 ], [ 415564.929280689393636, 7632171.904367772862315 ], [ 415566.232280377065763, 7632167.0512436311692 ], [ 415566.801205039373599, 7632161.303923791274428 ] ] ] } },
{ "type": "Feature", "properties": { "fid": 379.0, "COMPR_M": 49.88, "CLASSE": "01 - Muito curta", "CD_FAZ": "403933", "TALHOES": "1", "FAZ_tAL": "403933001", "ID_LINHA": 229321 }, "geometry": { "type": "MultiLineString", "coordinates": [ [ [ 415539.380224698863458, 7632195.855837542563677 ], [ 415546.013694483845029, 7632193.816199565306306 ], [ 415551.953582924965303, 7632191.017651798203588 ], [ 415557.337837720115203, 7632187.397334864363074 ], [ 415561.910081180918496, 7632183.017659978941083 ], [ 415565.09431512770243, 7632178.588002916425467 ], [ 415567.754575304687023, 7632172.913796931505203 ], [ 415569.183921606861986, 7632167.588802754878998 ], [ 415569.800859346752986, 7632161.360846661031246 ] ] ] } },
{ "type": "Feature", "properties": { "fid": 380.0, "COMPR_M": 19.35, "CLASSE": "01 - Muito curta", "CD_FAZ": "403933", "TALHOES": "1", "FAZ_tAL": "403933001", "ID_LINHA": 229322 }, "geometry": { "type": "MultiLineString", "coordinates": [ [ [ 415540.15069986769231, 7632176.769209288991988 ], [ 415545.06456337578129, 7632174.109895311295986 ], [ 415548.489921725529712, 7632171.009467946365476 ], [ 415550.811972821480595, 7632166.832488453015685 ], [ 415551.705954105011187, 7632162.613068424165249 ] ] ] } },
{ "type": "Feature", "properties": { "fid": 381.0, "COMPR_M": 11.82, "CLASSE": "01 - Muito curta", "CD_FAZ": "403933", "TALHOES": "1", "FAZ_tAL": "403933001", "ID_LINHA": 229323 }, "geometry": { "type": "MultiLineString", "coordinates": [ [ [ 415541.152955601923168, 7632172.960305150598288 ], [ 415546.004729411972221, 7632169.302988706156611 ], [ 415547.545666169375181, 7632166.896815528161824 ], [ 415548.420583855127916, 7632164.174411102198064 ] ] ] } }
]
}
